event,charge_mode,duration_minutes,km_driven,charge,id,delta_soc,min_per_perc_of_battery,charge_per_min,soc,end_soc,charge_mode_label
1,120,343.97445489718604,10.386721324360908,6.919550298393105,2,6.919550298393105,49.71052164720381,0.020116465626673814,0,6.919550298393105,120
1,120,572.6853016308982,7.041224745683493,11.667473914386363,3,11.667473914386363,49.083915321615514,0.020373272862354998,0,11.667473914386363,120
1,240,67.93831902341493,1.080015217938121,9.237722754886477,7,9.237722754886477,7.354444469279792,0.13597220077969102,0,9.237722754886477,240
1,120,279.34846599325067,3.5302401577376745,7.046600137980661,8,7.046600137980661,39.64301372623413,0.025225125589738925,0,7.046600137980661,120
1,360,25.854868463619013,3.4357892456818204,27.472713770022267,13,27.472713770022267,0.9411108301878565,1.062574107026681,0,27.472713770022267,DC_Charging
1,360,31.53180477555389,1.5335437630109028,11.401075597573891,14,11.401075597573891,2.7656868429382,0.3615738356471421,0,11.401075597573891,DC_Charging
1,120,192.47936212501463,3.730620654238565,4.792776951400285,18,4.792776951400285,40.160300401373526,0.02490021214995192,0,4.792776951400285,120
1,360,61.54982360019158,4.6167650051049725,27.68618714382657,20,27.68618714382657,2.223123873303583,0.4498174897082953,0,27.68618714382657,DC_Charging
1,360,37.469197088888016,2.769127923883456,7.3042636742368785,21,7.3042636742368785,5.129770605221567,0.19494049090267412,0,7.3042636742368785,DC_Charging
1,360,38.70839869799606,1.9007686470364336,36.54180577008442,26,36.54180577008442,1.059290800830794,0.9440278337314997,0,36.54180577008442,DC_Charging
1,360,48.766872561213226,2.4885985395990384,35.7169060841111,27,35.7169060841111,1.3653722538668456,0.7324009969939834,0,35.7169060841111,DC_Charging
1,360,82.26438633769259,5.6758512818943485,17.410046726762687,29,17.410046726762687,4.725110025766671,0.21163528352712704,0,17.410046726762687,DC_Charging
1,240,77.96387762226237,2.1059836405368304,3.238360716986435,34,3.238360716986435,24.075106029205504,0.04153668103421436,0,3.238360716986435,240
1,120,210.9406485217381,5.491875882781336,5.711061350374948,35,5.711061350374948,36.93545482712933,0.027074257097424278,0,5.711061350374948,120
1,360,80.95273217223898,3.471169197860199,20.88709724228073,39,20.88709724228073,3.8757291754437913,0.25801596415350536,0,20.88709724228073,DC_Charging
1,120,361.32482906026206,5.020974883041852,8.381722587142306,40,8.381722587142306,43.108659980531925,0.02319719519121227,0,8.381722587142306,120
1,120,610.4029589604609,7.464251334075103,10.13285873637173,41,10.13285873637173,60.23995545989696,0.016600277878122297,0,10.13285873637173,120
1,360,46.597152898586,1.5703100316828016,18.882660783688777,43,18.882660783688777,2.46772175978703,0.4052320712551898,0,18.882660783688777,DC_Charging
1,240,65.36205981257868,1.1741941323028875,5.674040535929649,44,5.674040535929649,11.519491163076367,0.0868093899151829,0,5.674040535929649,240
1,360,16.801740462811587,1.8399607410746608,8.096330910512094,46,8.096330910512094,2.07522897081647,0.4818745372500095,0,8.096330910512094,DC_Charging
1,240,62.45058113652929,4.249023070110822,4.122746839846215,50,4.122746839846215,15.147808866881283,0.06601614852603337,0,4.122746839846215,240
1,360,57.190099029904985,3.326828502765434,31.125042770487084,57,31.125042770487084,1.8374303756502115,0.5442383087011555,0,31.125042770487084,DC_Charging
1,240,70.10609362629556,5.378005621164955,10.664239819286893,59,10.664239819286893,6.573941960636017,0.15211573299367123,0,10.664239819286893,240
1,120,443.79809790117673,5.714313815869295,9.981536365495812,63,9.981536365495812,44.46190262205512,0.02249116526794683,0,9.981536365495812,120
1,360,41.21260613039297,1.918150963710712,33.10747157892634,64,33.10747157892634,1.2448128523540207,0.8033336080270508,0,33.10747157892634,DC_Charging
1,240,64.9936382877969,2.2721567071172,6.543996368318517,68,6.543996368318517,9.931796203685401,0.10068672166560658,0,6.543996368318517,240
1,360,80.29519167204164,3.329066826270597,19.045499075927225,70,19.045499075927225,4.215966793620633,0.2371935190554974,0,19.045499075927225,DC_Charging
1,120,318.7996017498345,3.9868113082548855,8.326566070074023,74,8.326566070074023,38.28704403074536,0.026118495833655306,0,8.326566070074023,120
1,360,35.241544796076546,2.0545349558718216,34.02599745419856,76,34.02599745419856,1.0357240766714981,0.9655081141047678,0,34.02599745419856,DC_Charging
1,120,136.91898416676335,10.129813913722556,2.266035587973548,79,2.266035587973548,60.422256778944124,0.016550192814851608,0,2.266035587973548,120
1,120,136.66092731750902,1.5310595937454563,3.77475451476802,87,3.77475451476802,36.203924462597165,0.02762131494979544,0,3.77475451476802,120
1,240,69.17706102483238,2.0256848854596057,4.644285681943941,88,4.644285681943941,14.895091680897028,0.06713620979470043,0,4.644285681943941,240
1,240,43.78896829335193,1.4516718416180514,4.786889925801361,103,4.786889925801361,9.14768648790714,0.10931725757348136,0,4.786889925801361,240
1,120,742.7849166173518,9.985791268372113,12.500583794476428,108,12.500583794476428,59.42001820311484,0.016829345231462404,0,12.500583794476428,120
1,360,31.56483034576936,2.251467271866725,16.56333923308982,112,16.56333923308982,1.9057045141422895,0.5247403217964645,0,16.56333923308982,DC_Charging
1,120,288.0920132842572,8.236602206098398,4.461529758541943,119,4.461529758541943,64.572473764785,0.015486474989988012,0,4.461529758541943,120
1,360,41.1229752770037,2.0286577524218914,8.668654716015538,121,8.668654716015538,4.743870487888744,0.21079833493621558,0,8.668654716015538,DC_Charging
1,240,116.85802033390516,1.5407349276064823,5.284630862436956,127,5.284630862436956,22.11280662279167,0.045222662914679496,0,5.284630862436956,240
1,120,460.94392090390687,12.682564284280694,7.624627780167643,130,7.624627780167643,60.45461289308631,0.016541334931190362,0,7.624627780167643,120
1,120,321.58045624335494,3.4328486063514343,9.267249477338794,135,9.267249477338794,34.70074449055414,0.0288178255158822,0,9.267249477338794,120
1,240,82.89803459170197,1.963054269169081,3.482418312890971,144,3.482418312890971,23.804731983184176,0.042008454483184555,0,3.482418312890971,240
1,360,36.70518570951796,1.81064997402283,36.05613864832641,147,36.05613864832641,1.018001014127498,0.9823172925393142,0,36.05613864832641,DC_Charging
1,360,49.49508601677813,1.667317669202696,11.979527904973809,148,11.979527904973809,4.131639110438413,0.24203469210888773,0,11.979527904973809,DC_Charging
1,240,126.89025611328157,2.5746170829629804,5.107104149892265,151,5.107104149892265,24.845832861262153,0.04024819798088268,0,5.107104149892265,240
1,120,85.19220498635804,1.4943091747285902,3.407052727748294,154,3.407052727748294,25.00466291364419,0.03999254072944668,0,3.407052727748294,120
1,360,40.36601244117662,1.8594945603659785,31.99710527540286,157,31.99710527540286,1.2615520089627357,0.7926744144478142,0,31.99710527540286,DC_Charging
1,360,66.6623304147516,2.5314033507310887,32.99479374242753,158,32.99479374242753,2.0203893661269188,0.49495409982136135,0,32.99479374242753,DC_Charging
1,120,358.2984190466715,12.421562027211026,5.240107629229797,159,5.240107629229797,68.37615644534671,0.014624981162831275,0,5.240107629229797,120
1,120,383.7083265975784,5.36180762593617,7.925690435832067,160,7.925690435832067,48.4132366390229,0.020655508068096448,0,7.925690435832067,120
1,240,77.56682069992571,1.6423444244114598,5.5413618005784855,161,5.5413618005784855,13.997790343129768,0.07143984696776147,0,5.5413618005784855,240
1,120,134.4696796306543,1.7417913238408749,4.690457615389548,162,4.690457615389548,28.668776195622108,0.034881154088213434,0,4.690457615389548,120
1,120,90.4631918863586,4.603755608254195,2.272638715696246,163,2.272638715696246,39.805355449400714,0.025122247715415276,0,2.272638715696246,120
1,240,90.86001348955767,2.6868546540037226,12.55553214232269,169,12.55553214232269,7.236651737227696,0.13818545320561357,0,12.55553214232269,240
1,360,39.659069629532496,1.876526599664036,35.511126644752906,175,35.511126644752906,1.1168068539833975,0.895409977502579,0,35.511126644752906,DC_Charging
1,240,94.89152301583584,1.9462406028959176,4.877510151534182,176,4.877510151534182,19.45491040874379,0.051400904912446234,0,4.877510151534182,240
1,120,182.6025766971824,3.674876713059716,5.143134078840717,179,5.143134078840717,35.50414472926627,0.02816572565331208,0,5.143134078840717,120
1,360,44.491190014798256,1.7333443382448772,27.932576235017805,187,27.932576235017805,1.5928065367283117,0.6278226369249086,0,27.932576235017805,DC_Charging
1,120,77.80858905262532,5.213032901792389,1.6095364758512432,188,1.6095364758512432,48.3422340655401,0.020685845810192546,0,1.6095364758512432,120
1,360,34.041119368608705,2.500429954866336,33.64804541468622,193,33.64804541468622,1.0116819253266616,0.9884529662592424,0,33.64804541468622,DC_Charging
1,240,50.59765545162579,1.0869907391716178,6.763381748028394,195,6.763381748028394,7.481117780520907,0.13366986449588691,0,6.763381748028394,240
1,240,155.54424388004534,2.7216182307086103,6.682578782806374,201,6.682578782806374,23.27608082679782,0.042962559180010115,0,6.682578782806374,240
1,360,40.10169757360714,2.1807749927047744,33.92044733186195,202,33.92044733186195,1.182227851574913,0.8458606339445,0,33.92044733186195,DC_Charging
1,360,43.8779152504976,2.5855605653338944,35.8034461930922,206,35.8034461930922,1.22552211912392,0.8159787444023145,0,35.8034461930922,DC_Charging
1,360,52.68034380196176,1.2144999811581274,9.800612331247663,214,9.800612331247663,5.37520942788432,0.18603926291921236,0,9.800612331247663,DC_Charging
1,120,677.4129072174871,16.12629702485031,6.928626476473482,218,6.928626476473482,97.77015827273681,0.010228069767570886,0,6.928626476473482,120
1,360,34.0297468359126,2.349034930531106,18.932479841904296,223,18.932479841904296,1.7974268093814467,0.5563508871574763,0,18.932479841904296,DC_Charging
1,120,96.82383876039336,3.095468622752334,3.3371661565293635,238,3.3371661565293635,29.01379020968188,0.03446636901876752,0,3.3371661565293635,120
1,120,165.58186993841707,2.8251872731974546,5.9811234454951006,240,5.9811234454951006,27.6840749814537,0.036121849860250944,0,5.9811234454951006,120
1,360,59.94992187550378,1.4722820285933624,11.150215031493516,241,11.150215031493516,5.376570918693196,0.18599215282796924,0,11.150215031493516,DC_Charging
1,360,42.40774055412667,1.8587792126021727,28.924877282576418,246,28.924877282576418,1.466133810692845,0.6820659838186488,0,28.924877282576418,DC_Charging
1,360,39.99673420765958,2.1675752238863275,36.48921389783151,247,36.48921389783151,1.0961248526660234,0.9123048323991323,0,36.48921389783151,DC_Charging
1,120,882.3738758414947,16.560274668225794,11.088422079626994,249,11.088422079626994,79.57614433371002,0.01256658020281061,0,11.088422079626994,120
1,120,56.27313756482763,4.377000229135351,0.5902900041934487,253,0.5902900041934487,95.3313408071635,0.010489729731409136,0,0.5902900041934487,120
1,360,37.36454625617007,1.0992296666805317,16.12624215421515,254,16.12624215421515,2.317002677924166,0.4315920777855611,0,16.12624215421515,DC_Charging
1,360,37.16647740269233,1.6130681743861446,30.09759443148144,256,30.09759443148144,1.2348653805972276,0.8098048708081541,0,30.09759443148144,DC_Charging
1,360,51.01007430141294,1.916526374069868,23.547333364408985,257,23.547333364408985,2.166278173073856,0.4616212324112757,0,23.547333364408985,DC_Charging
1,120,284.0634084785836,2.694221045341052,7.672914712909048,264,7.672914712909048,37.021577732471115,0.027011274539034943,0,7.672914712909048,120
1,360,42.23288005059327,1.803330251114208,29.07906406194742,266,29.07906406194742,1.4523466078765173,0.688540872114615,0,29.07906406194742,DC_Charging
1,360,48.14573666697261,1.2196478610590844,11.590001656716764,267,11.590001656716764,4.154075046147269,0.240727475765624,0,11.590001656716764,DC_Charging
1,240,102.94898265376672,2.286033080098262,9.325511879199723,270,9.325511879199723,11.039499384842495,0.09058381772030576,0,9.325511879199723,240
1,240,78.02603864320011,1.4479757020644437,8.189199363842803,271,8.189199363842803,9.527920273586572,0.10495469853712078,0,8.189199363842803,240
1,120,205.98957798928456,2.044770511728057,6.158916614643971,274,6.158916614643971,33.44574880255823,0.02989916613628071,0,6.158916614643971,120
1,120,586.3971712886324,7.004765608104671,11.913546588360106,275,11.913546588360106,49.22104152104967,0.020316514423457374,0,11.913546588360106,120
1,240,66.7317789752314,2.0396410350376653,5.385809431110985,281,5.385809431110985,12.390297099959954,0.08070831489611593,0,5.385809431110985,240
1,240,77.87565500683709,1.2631932913493535,4.628090116470233,285,4.628090116470233,16.82673695779968,0.059429228763005715,0,4.628090116470233,240
1,120,116.56724677080344,6.081979672519288,2.23449378745201,289,2.23449378745201,52.16718320068587,0.019169139268130016,0,2.23449378745201,120
1,120,299.51349236098287,3.2805027788215257,5.015776148804562,294,5.015776148804562,59.71428617929203,0.01674641135284615,0,5.015776148804562,120
1,360,58.25324515548408,1.0817574472407627,11.931382527303384,295,11.931382527303384,4.882355001373837,0.2048191906812618,0,11.931382527303384,DC_Charging
1,240,91.17037001714031,1.1994413119652707,6.448521636328024,296,6.448521636328024,14.138181611042151,0.07073045371117483,0,6.448521636328024,240
1,120,304.66712854855894,3.3660275173775625,7.105237244441241,297,7.105237244441241,42.879233735216125,0.023321312273794522,0,7.105237244441241,120
1,360,94.7596339929424,5.035138134779005,15.923535292574073,299,15.923535292574073,5.950916819152181,0.16804133386332035,0,15.923535292574073,DC_Charging
1,240,104.9683738329538,1.6897354212808386,5.41511965757239,301,5.41511965757239,19.384312899931626,0.0515881065871325,0,5.41511965757239,240
1,240,87.4330241202897,1.5691471953252414,4.359343650833296,302,4.359343650833296,20.05646517534279,0.049859234479133915,0,4.359343650833296,240
1,360,37.78877518517477,1.3193784693135835,23.46033528313943,307,23.46033528313943,1.6107517104554325,0.6208281471992071,0,23.46033528313943,DC_Charging
1,240,70.19708124158747,1.5716797940921765,8.785512590492644,311,8.785512590492644,7.990095116083738,0.12515495566342388,0,8.785512590492644,240
1,120,324.93010650731094,6.808807517572439,7.837351744772661,317,7.837351744772661,41.45917104256959,0.024120115642766147,0,7.837351744772661,120
1,120,280.1343142532163,3.389249023073137,8.72787469629779,323,8.72787469629779,32.09650963161104,0.031156035702247363,0,8.72787469629779,120
1,120,589.6119248569678,11.096294178301877,9.054342323818403,330,9.054342323818403,65.11924375842642,0.015356443691356598,0,9.054342323818403,120
1,120,300.29957594008613,2.896637165869965,8.856256818906317,333,8.856256818906317,33.9081828904292,0.029491406343754748,0,8.856256818906317,120
1,120,826.0901268543066,18.977058244764734,6.319131974684879,337,6.319131974684879,130.7284181061121,0.007649446191479968,0,6.319131974684879,120
1,360,45.353336828264375,3.710398607704275,31.016228554749105,338,31.016228554749105,1.4622453773903474,0.6838797478605736,0,31.016228554749105,DC_Charging
1,120,96.64509181422828,7.789291128480359,1.7145120511350456,340,1.7145120511350456,56.36886118720895,0.017740290985813225,0,1.7145120511350456,120
1,240,129.2308285003802,2.2423408643916627,7.326737623446917,341,7.326737623446917,17.63824981077767,0.05669496751253406,0,7.326737623446917,240
1,360,39.57118160850596,2.0937818716636043,31.547709558890844,342,31.547709558890844,1.254328195669404,0.7972395131134916,0,31.547709558890844,DC_Charging
1,360,56.39101406845017,2.6548940007377158,29.2420189289502,348,29.2420189289502,1.928424101135572,0.5185581322133134,0,29.2420189289502,DC_Charging
1,240,47.93983609844712,1.3759330322937129,5.304057214236522,357,5.304057214236522,9.038333140482099,0.11063986959288609,0,5.304057214236522,240
1,240,102.45706270409104,2.940392956303973,14.377312598739223,360,14.377312598739223,7.126301386329717,0.14032524668663127,0,14.377312598739223,240
1,240,62.28953460174444,2.442614463774722,7.749421065388432,361,7.749421065388432,8.037959749012844,0.12440967997168832,0,7.749421065388432,240
1,120,301.0772762749129,8.58332573744651,5.41483654743044,363,5.41483654743044,55.60228340000148,0.01798487290181995,0,5.41483654743044,120
1,240,57.18850694886476,2.2050829041991964,2.6581098275081985,365,2.6581098275081985,21.514726877359763,0.046479790596473405,0,2.6581098275081985,240
1,120,298.531358525379,14.555529994780734,2.989615150201857,367,2.989615150201857,99.85611643198368,0.010014409089113167,0,2.989615150201857,120
1,360,87.46717481013174,4.840617431850953,27.642496587507537,370,27.642496587507537,3.1642284745604616,0.3160328048495008,0,27.642496587507537,DC_Charging
1,120,401.77657120475016,5.140464023474576,8.526533424753211,372,8.526533424753211,47.1207407735435,0.02122207723358759,0,8.526533424753211,120
1,240,68.27290606844579,1.1120251812420077,6.917585180937167,373,6.917585180937167,9.869470961714482,0.10132255354711377,0,6.917585180937167,240
1,240,43.34345768984187,2.432421022301408,3.782132031996653,374,3.782132031996653,11.46005938533037,0.08725958272782301,0,3.782132031996653,240
1,120,433.54744919350605,9.96886383679727,8.190681528703635,375,8.190681528703635,52.93179177754271,0.01889223784833727,0,8.190681528703635,120
1,240,128.42040409798298,1.5142519151197498,5.592263338748538,378,5.592263338748538,22.963940772989687,0.043546532796156896,0,5.592263338748538,240
1,120,237.10147414812536,3.783167543890056,4.542707428363613,379,4.542707428363613,52.19386849959094,0.019159338610968017,0,4.542707428363613,120
1,360,56.81027555753492,1.1521512245662664,12.877020362052406,385,12.877020362052406,4.411756288353046,0.22666709914144198,0,12.877020362052406,DC_Charging
1,120,143.18818014095407,1.7576548913484715,4.784799906812211,386,4.784799906812211,29.925635957544294,0.033416165371346056,0,4.784799906812211,120
1,360,65.4275153014426,1.7407235854135106,10.936158783867526,387,10.936158783867526,5.982677884849111,0.1671492297007097,0,10.936158783867526,DC_Charging
1,120,204.7866118505031,4.0631076732218165,5.850776205430634,390,5.850776205430634,35.001614257681254,0.028570110870830643,0,5.850776205430634,120
1,240,108.51631723894054,2.1817449915927707,7.423045032325518,391,7.423045032325518,14.618841293078368,0.06840487422717102,0,7.423045032325518,240
1,120,802.210058431733,14.436380036965708,9.41557421141752,393,9.41557421141752,85.20033302471947,0.011737043324817363,0,9.41557421141752,120
1,240,64.00586414661403,1.2155555681833,4.953899929249232,395,4.953899929249232,12.92029816119321,0.07739759466260246,0,4.953899929249232,240
1,360,44.969568083478215,0.9738992239391732,9.098074513981842,396,9.098074513981842,4.942756625522177,0.2023162530067632,0,9.098074513981842,DC_Charging
1,120,144.6518063469494,3.5466991439526634,4.437581971239951,398,4.437581971239951,32.59698801834881,0.030677681000376506,0,4.437581971239951,120
1,240,131.64892383586704,2.688783733128471,5.712718377382288,399,5.712718377382288,23.0448825128663,0.04339358204328814,0,5.712718377382288,240
1,240,121.74962866178014,2.462834925343509,4.989705035437893,401,4.989705035437893,24.400165500182812,0.040983328575886414,0,4.989705035437893,240
1,360,46.68066545439806,1.6827758377560136,9.469556654073571,403,9.469556654073571,4.929551314772184,0.20285821896271594,0,9.469556654073571,DC_Charging
1,360,40.08687982166232,1.7617441023468885,35.78619312797059,404,35.78619312797059,1.1201772616135104,0.8927158533459193,0,35.78619312797059,DC_Charging
1,360,57.84552533472559,1.21907348717143,14.042310033115498,405,14.042310033115498,4.119373892066937,0.24275533763171955,0,14.042310033115498,DC_Charging
1,120,81.50293773080529,5.109515987057876,1.8310118745502704,406,1.8310118745502704,44.51251183219327,0.02246559357894423,0,1.8310118745502704,120
1,120,179.6920319439603,2.103936569535728,5.213195512206141,407,5.213195512206141,34.46869228733712,0.029011834613968612,0,5.213195512206141,120
1,120,100.46655694904253,1.6708914141979962,3.466555818172509,408,3.466555818172509,28.9816642854481,0.034504574690767745,0,3.466555818172509,120
1,240,122.9294526341247,3.5825542335674645,17.985984349960532,410,17.985984349960532,6.834735883354333,0.14631143281417083,0,17.985984349960532,240
1,120,471.2991983831264,5.912923729795763,11.36320545270273,411,11.36320545270273,41.47590223065343,0.024110385699118893,0,11.36320545270273,120
1,360,74.43989999969406,3.242825683307085,14.824501721497754,419,14.824501721497754,5.021409919750964,0.1991472546518558,0,14.824501721497754,DC_Charging
1,240,78.13449135073466,1.2331023690553613,5.303082982277431,422,5.303082982277431,14.733786292210628,0.06787121654728182,0,5.303082982277431,240
1,120,151.68261270993452,1.6245225439709434,4.67484492373751,424,4.67484492373751,32.446554951958746,0.03081991297629678,0,4.67484492373751,120
1,120,255.89258973106655,3.182963297321648,7.787940698232319,426,7.787940698232319,32.8575421470721,0.030434412760514677,0,7.787940698232319,120
1,120,833.7206440394275,13.403949005581088,11.130347360943247,429,11.130347360943247,74.90517743992254,0.013350212017080487,0,11.130347360943247,120
1,120,103.57936585474212,1.4472983054190771,3.922229918420868,434,3.922229918420868,26.408285085042717,0.037866904146925694,0,3.922229918420868,120
1,360,39.32840947261009,1.5159189466146257,14.410486445961451,436,14.410486445961451,2.7291521087847737,0.3664141682616863,0,14.410486445961451,DC_Charging
1,120,176.1125042974758,4.276527857025324,5.427901247804854,442,5.427901247804854,32.44578268049718,0.030820646548960873,0,5.427901247804854,120
1,120,122.69685437406788,1.4424041080522811,4.695878341931135,443,4.695878341931135,26.128627157663963,0.038272198304405876,0,4.695878341931135,120
1,120,583.0723471936917,26.4141531321215,0.6794530453720853,444,0.6794530453720853,858.1495824695096,0.0011652980091446125,0,0.6794530453720853,120
1,120,185.2656686697876,3.2476172101307257,4.363357153433981,445,4.363357153433981,42.45943253212328,0.023551892721209496,0,4.363357153433981,120
1,360,28.10863382697939,4.731794052611516,22.17536496294853,452,22.17536496294853,1.2675612723373164,0.7889164980214743,0,22.17536496294853,DC_Charging
1,120,613.4481062603817,7.611491811611726,12.112947722755392,453,12.112947722755392,50.64399849658045,0.019745676283193184,0,12.112947722755392,120
1,240,57.11832301607999,1.8555266872822005,7.406724565318598,455,7.406724565318598,7.7116844986422235,0.12967335478727993,0,7.406724565318598,240
1,360,40.03082974457875,1.801505779712675,34.643235851046555,456,34.643235851046555,1.1555164741739747,0.8654138840511588,0,34.643235851046555,DC_Charging
1,240,56.36651881697217,1.9045563623746744,5.986510864961161,457,5.986510864961161,9.415587825436587,0.10620685808892992,0,5.986510864961161,240
1,360,77.9500599766523,4.368231143327634,22.33418142581742,460,22.33418142581742,3.4901686563065684,0.28651910508480666,0,22.33418142581742,DC_Charging
1,120,240.6754570874305,3.9664240730937,4.952784142219173,464,4.952784142219173,48.5939726376995,0.020578683851507004,0,4.952784142219173,120
1,360,41.97172360707356,1.1903294333406549,7.42631745249578,466,7.42631745249578,5.651754570896781,0.1769362040505816,0,7.42631745249578,DC_Charging
1,240,73.34059929474192,1.0504571082141425,7.017997686874139,467,7.017997686874139,10.450359570780693,0.09569048732026501,0,7.017997686874139,240
1,120,142.76017875202496,2.038923397879244,4.499599745866249,468,4.499599745866249,31.727306163882186,0.031518591425148554,0,4.499599745866249,120
1,360,30.094674033706056,2.1141703395757365,19.040286518607672,471,19.040286518607672,1.580578842881128,0.6326796062746032,0,19.040286518607672,DC_Charging
1,360,39.79232276805162,1.5694751070771389,25.65516331219733,475,25.65516331219733,1.551045389336228,0.6447264579587523,0,25.65516331219733,DC_Charging
1,360,22.49420048410404,3.436487334932369,12.626667728873784,476,12.626667728873784,1.7814835209978537,0.5613299186960061,0,12.626667728873784,DC_Charging
1,120,451.3291633357757,5.126264493638127,10.678919912824242,477,10.678919912824242,42.263559144570195,0.02366104559673543,0,10.678919912824242,120
1,360,45.22184122955409,11.255285942294242,22.1811021067076,480,22.1811021067076,2.0387553788807877,0.4904953337506182,0,22.1811021067076,DC_Charging
1,240,31.348719132789583,1.705454052498526,4.8638875576447305,485,4.8638875576447305,6.445198159138728,0.1551542676127168,0,4.8638875576447305,240
1,120,405.80735271244646,4.672285290040584,9.745955420312228,488,9.745955420312228,41.63853980561772,0.024016212015798972,0,9.745955420312228,120
1,240,112.007063387048,3.028779262022511,13.014262166750411,489,13.014262166750411,8.6064858654231,0.11619144162166582,0,13.014262166750411,240
1,240,76.71494336069827,1.0383363486888606,8.39450417737477,492,8.39450417737477,9.13871048720944,0.10942462849650421,0,8.39450417737477,240
1,240,124.71645145750033,1.4102216476694562,5.660609457724476,493,5.660609457724476,22.03233633921027,0.045387832892707376,0,5.660609457724476,240
1,120,387.1066879230145,5.493543618705324,9.68392099214816,494,9.68392099214816,39.974168339135076,0.025016155220945295,0,9.68392099214816,120
1,360,30.98457379796112,3.243613939484041,21.78443981751947,503,21.78443981751947,1.4223259380322795,0.7030737282225568,0,21.78443981751947,DC_Charging
1,120,152.14792688961697,2.1116944473523627,3.867456432721113,507,3.867456432721113,39.3405664773234,0.02541905441489811,0,3.867456432721113,120
1,120,138.17041134044126,2.4878226109315524,3.771298905682372,508,3.771298905682372,36.63735354740888,0.027294547863725916,0,3.771298905682372,120
1,120,134.95203974036556,2.832796164256783,5.033337304374754,509,5.033337304374754,26.811642371567512,0.03729723029054173,0,5.033337304374754,120
1,120,291.2745575456356,4.06876529563935,7.423411410156291,511,7.423411410156291,39.23729151628728,0.025485958927233883,0,7.423411410156291,120
1,120,83.31772627358512,3.824667223983809,2.560603363910729,516,2.560603363910729,32.53831790111241,0.03073299618742161,0,2.560603363910729,120
1,360,72.44832795480339,2.978132217687597,15.64726975463752,519,15.64726975463752,4.630093881607124,0.21597834203156502,0,15.64726975463752,DC_Charging
1,120,307.35353182323115,6.260651072629272,7.21326041713553,520,7.21326041713553,42.60951553795209,0.023468936160733974,0,7.21326041713553,120
1,360,65.91967057025586,2.499884022304101,29.58011905259768,521,29.58011905259768,2.228512686275578,0.4487297766616079,0,29.58011905259768,DC_Charging
1,360,49.92178211986596,2.3673872460933807,34.89574511736538,522,34.89574511736538,1.430597969808734,0.6990084014544606,0,34.89574511736538,DC_Charging
1,360,49.164168479549,3.02458720437366,36.74333855731327,523,36.74333855731327,1.3380430415396622,0.7473601139536721,0,36.74333855731327,DC_Charging
1,360,28.75459221337371,2.188984937904395,14.642919872507989,525,14.642919872507989,1.9637198361892505,0.5092376119908107,0,14.642919872507989,DC_Charging
1,240,96.7914529640832,2.652022043245804,12.895480808661771,530,12.895480808661771,7.505842891803562,0.13322954056126163,0,12.895480808661771,240
1,120,194.407052377774,2.66640842290436,6.714628516229652,531,6.714628516229652,28.95276364252776,0.03453901715037431,0,6.714628516229652,120
1,120,146.57606976476768,1.922353587796251,3.1257328411009127,536,3.1257328411009127,46.89334540604635,0.021324987401539958,0,3.1257328411009127,120
1,360,44.33693832011118,3.4406660084280807,31.827605568059557,538,31.827605568059557,1.393034051063059,0.7178575421303414,0,31.827605568059557,DC_Charging
1,360,115.90494841179304,4.590905412382856,24.33676101494889,540,24.33676101494889,4.76254618848409,0.20997171689757368,0,24.33676101494889,DC_Charging
1,120,436.35883634512817,7.385861053571085,9.51347203315241,541,9.51347203315241,45.86746403673771,0.021801946564977876,0,9.51347203315241,120
1,120,174.4152356027506,1.9396975130838947,5.131126878114188,542,5.131126878114188,33.99160452388821,0.029419029022217297,0,5.131126878114188,120
1,120,119.29071280964531,3.428112024998574,3.459453084316948,543,3.459453084316948,34.48253521645855,0.029000187884175608,0,3.459453084316948,120
1,240,71.25717924896253,1.1665365475811535,7.093205063408078,545,7.093205063408078,10.045836629841565,0.09954372511189954,0,7.093205063408078,240
1,360,49.68940447150061,1.636405910885292,27.122131819822044,546,27.122131819822044,1.8320611669317752,0.5458333040674287,0,27.122131819822044,DC_Charging
1,120,436.044538221991,4.736774014222767,10.844506038793456,547,10.844506038793456,40.20879666276664,0.02487017973671419,0,10.844506038793456,120
1,120,145.32551033040963,3.297571448433436,5.129086819738333,550,5.129086819738333,28.33360312232414,0.035293781580927726,0,5.129086819738333,120
1,360,43.88671030326484,2.707257738819941,35.691342903646174,556,35.691342903646174,1.229617793360794,0.8132608404004937,0,35.691342903646174,DC_Charging
1,360,80.41428521682887,5.962445800837917,32.635726814737495,559,32.635726814737495,2.463995536956013,0.4058448909511364,0,32.635726814737495,DC_Charging
1,240,81.70896698948415,0.9909215773369328,6.328857640737979,564,6.328857640737979,12.910539567762571,0.07745609660629409,0,6.328857640737979,240
1,120,159.44384967598396,2.023080082708633,3.945852961736506,565,3.945852961736506,40.40795519299211,0.024747602179420066,0,3.945852961736506,120
1,240,75.65395555283422,2.856935893300581,8.204720461037141,569,8.204720461037141,9.220784048902376,0.10845064743914462,0,8.204720461037141,240
1,120,475.308359945057,5.842217009837004,10.618251074756673,571,10.618251074756673,44.76333782265072,0.022339710321914143,0,10.618251074756673,120
1,360,39.15551976685397,1.182170207037138,22.73811298423874,586,22.73811298423874,1.7220215148897888,0.58071283741423,0,22.73811298423874,DC_Charging
1,240,143.74607769383022,1.832642074809708,6.120671765173157,587,6.120671765173157,23.48534331014948,0.04257974800682763,0,6.120671765173157,240
1,120,224.92710619814204,4.889126533829244,5.537381605053326,588,5.537381605053326,40.619758983718434,0.024618560646822864,0,5.537381605053326,120
1,120,318.30187235894965,3.793086962438585,8.424413931195616,593,8.424413931195616,37.78326598842412,0.02646674324835698,0,8.424413931195616,120
1,240,65.64128803049262,1.1537747575634414,6.460911868423068,594,6.460911868423068,10.159755986040691,0.09842756079712747,0,6.460911868423068,240
1,120,533.2721699150344,4.808471513728343,13.366534451033488,596,13.366534451033488,39.89606818944774,0.025065126599730793,0,13.366534451033488,120
1,120,832.9053808872637,15.318285837861836,10.144882590636016,599,10.144882590636016,82.10103699534744,0.012180114120320657,0,10.144882590636016,120
1,240,102.87358493133982,1.5070264096049328,6.321979729642209,605,6.321979729642209,16.272368677329172,0.06145386820009862,0,6.321979729642209,240
1,360,38.89443686056475,1.8737398780947443,35.99479534197947,606,35.99479534197947,1.080557244208124,0.9254484252084585,0,35.99479534197947,DC_Charging
1,120,251.7002028056337,6.416763834838601,5.884616194163357,608,5.884616194163357,42.77257759907638,0.023379465445673625,0,5.884616194163357,120
1,240,110.7891397755838,3.202428786989047,10.750421877206094,609,10.750421877206094,10.305562055242484,0.09703497923155929,0,10.750421877206094,240
1,360,107.04920536821976,7.7024920776596995,30.618675301290693,610,30.618675301290693,3.496206296152441,0.2860243118664066,0,30.618675301290693,DC_Charging
1,120,256.29554433928894,2.9088403436014167,7.304921488978479,615,7.304921488978479,35.08532497248363,0.028501944923818436,0,7.304921488978479,120
1,360,50.12329986945392,1.516593789704459,17.225750351117696,622,17.225750351117696,2.9097890569511047,0.3436675238059374,0,17.225750351117696,DC_Charging
1,120,87.37228236790052,1.749764228644119,3.146616377454677,628,3.146616377454677,27.767058925237226,0.03601389699544697,0,3.146616377454677,120
1,240,25.834873690647324,2.1473545862102625,2.7118174867911904,634,2.7118174867911904,9.52677450325646,0.104967321275231,0,2.7118174867911904,240
1,240,46.85331616415508,1.3164807121054245,6.072160009671976,636,6.072160009671976,7.716087206121919,0.1295993647151374,0,6.072160009671976,240
1,120,115.86859160503612,7.452750119954319,1.8631365488934928,644,1.8631365488934928,62.19006957587187,0.016079737598299358,0,1.8631365488934928,120
1,360,20.40126655912931,2.876515676591493,10.10782846911519,646,10.10782846911519,2.018362957134271,0.4954510270144019,0,10.10782846911519,DC_Charging
1,240,87.20015377248004,1.8529056826616388,6.939692752316432,651,6.939692752316432,12.565419952255537,0.07958349213951234,0,6.939692752316432,240
1,360,35.528843725037355,1.9283644814137344,34.867692233005016,654,34.867692233005016,1.0189617221470857,0.9813911339994884,0,34.867692233005016,DC_Charging
1,360,62.75179698636135,1.804495200759106,14.835867761020438,658,14.835867761020438,4.229735529945514,0.23642140103565332,0,14.835867761020438,DC_Charging
1,360,31.744643581776625,1.3776638146232751,21.162463489178137,665,21.162463489178137,1.500044812741669,0.6666467504875906,0,21.162463489178137,DC_Charging
1,360,38.36013372809307,1.5792117262709573,19.84954853262232,666,19.84954853262232,1.9325443933925743,0.5174525374004495,0,19.84954853262232,DC_Charging
1,120,188.9184393978455,3.189673689047904,5.0469016108820455,668,5.0469016108820455,37.43255842168643,0.026714711528257534,0,5.0469016108820455,120
1,360,56.651843271294176,2.4177465311358137,29.678508153696555,673,29.678508153696555,1.908850774368792,0.5238754194028993,0,29.678508153696555,DC_Charging
1,240,93.31696589763828,1.5293481832164892,6.893529145639718,681,6.893529145639718,13.536892921771855,0.07387219547195097,0,6.893529145639718,240
1,120,133.5004148103871,1.7230563271632011,3.961773743837128,682,3.961773743837128,33.69713250739223,0.029676115609558983,0,3.961773743837128,120
1,360,58.09768449809419,1.2419980759960605,10.428125960894915,685,10.428125960894915,5.57124882418551,0.1794929703478457,0,10.428125960894915,DC_Charging
1,120,298.7555000039289,14.707561294711883,2.6993856208517286,686,2.6993856208517286,110.67536912701769,0.009035434061686661,0,2.6993856208517286,120
1,240,103.12217018530636,1.2957992897361057,5.004401782513,687,5.004401782513,20.606293152889645,0.04852886409896429,0,5.004401782513,240
1,120,269.0483414369027,3.268246768906632,6.297832099887074,688,6.297832099887074,42.72078664048967,0.023407808672048787,0,6.297832099887074,120
1,120,328.9370619523267,3.626120708677471,9.112887835821285,694,9.112887835821285,36.095809350283936,0.027704047034815518,0,9.112887835821285,120
1,120,666.5330445508059,7.27376102231457,13.60686998124818,697,13.60686998124818,48.98503810717414,0.020414396694192715,0,13.60686998124818,120
1,360,78.90074193877331,5.251921967594991,33.509487980505,699,33.509487980505,2.3545791563474747,0.4247043457019484,0,33.509487980505,DC_Charging
1,360,31.31789967948898,1.3975951080413556,15.868478696732351,704,15.868478696732351,1.9735918154484453,0.5066903866201822,0,15.868478696732351,DC_Charging
1,120,138.89642970967589,9.655155489096671,1.7816008280099285,709,1.7816008280099285,77.96158798647676,0.012826829542946974,0,1.7816008280099285,120
1,360,39.03519079659441,2.044563057354408,28.712061723513717,711,28.712061723513717,1.359539804995145,0.7355430097198008,0,28.712061723513717,DC_Charging
1,240,72.00114070243802,1.4733028344311023,7.721384834565825,712,7.721384834565825,9.324899903980327,0.10723975702657683,0,7.721384834565825,240
1,360,51.124785027262654,1.3713020272540974,11.432334287953466,728,11.432334287953466,4.471946300689799,0.22361628086762797,0,11.432334287953466,DC_Charging
1,240,111.75333788066985,2.664688207011486,8.381672626529024,730,8.381672626529024,13.333059266351777,0.07500154165846008,0,8.381672626529024,240
1,240,88.47074474842502,1.2551792654966636,5.822515151848236,732,5.822515151848236,15.194592446932804,0.06581288728161057,0,5.822515151848236,240
1,240,93.12240109319364,1.3598139331255346,3.9443125094935,733,3.9443125094935,23.60928574220701,0.04235621572457276,0,3.9443125094935,240
1,120,164.97762922288277,2.112659867451128,4.366196581622432,735,4.366196581622432,37.78520415624045,0.02646538565373463,0,4.366196581622432,120
1,360,20.307640795693377,1.882839869478086,9.595898718306245,737,9.595898718306245,2.1162833614481755,0.47252651427344716,0,9.595898718306245,DC_Charging
1,360,115.34318280059286,5.558160548985993,20.11544724330193,740,20.11544724330193,5.734060068637052,0.17439649882106892,0,20.11544724330193,DC_Charging
1,240,37.52358890142391,3.088773728466554,2.6399741248852138,742,2.6399741248852138,14.213619954724155,0.07035505403868857,0,2.6399741248852138,240
1,360,26.434634150413697,2.5041412396458638,23.781756888718093,744,23.781756888718093,1.111550936884487,0.8996438820904171,0,23.781756888718093,DC_Charging
1,120,128.95616694448,5.027622228362534,4.771360501838146,750,4.771360501838146,27.027127146397806,0.036999862937089144,0,4.771360501838146,120
1,240,89.92172255077513,1.508776739842369,5.382786814007147,761,5.382786814007147,16.705421495939582,0.05986080628034797,0,5.382786814007147,240
1,120,222.9912386053516,13.592834627823205,2.381802655727242,767,2.381802655727242,93.62288603934113,0.010681149047037404,0,2.381802655727242,120
1,120,770.0889961513583,10.326527856692566,12.93377561874587,771,12.93377561874587,59.5409274794602,0.0167951700172116,0,12.93377561874587,120
1,240,46.68596748871678,1.87930645304948,3.627653815714808,775,3.627653815714808,12.869466013122748,0.07770330167392486,0,3.627653815714808,240
1,120,81.0173566903983,5.113360761154233,2.275761254026662,776,2.275761254026662,35.60011251050552,0.028089798865239598,0,2.275761254026662,120
1,360,41.7978632098749,2.7143560948799403,32.978464948651734,777,32.978464948651734,1.267429010869826,0.7889988247260556,0,32.978464948651734,DC_Charging
1,240,152.3632586079535,3.246654607748411,8.6031730055347,780,8.6031730055347,17.71012375433265,0.05646487929003644,0,8.6031730055347,240
1,120,166.59890454361403,2.9920563157410345,5.196949986119151,781,5.196949986119151,32.05705365427667,0.031194382702310255,0,5.196949986119151,120
1,120,803.2159889151252,12.10204566147736,11.747469183026922,788,11.747469183026922,68.37353445247888,0.014625542002586134,0,11.747469183026922,120
1,360,82.8366677728536,2.818451169808589,18.458345295046584,799,18.458345295046584,4.48776238870574,0.2228281966346257,0,18.458345295046584,DC_Charging
1,240,52.23509793248147,3.845258743587637,7.796350734802203,800,7.796350734802203,6.699942025351518,0.14925502283693778,0,7.796350734802203,240
1,240,93.50880247083153,5.024529432343835,3.744919701867104,808,3.744919701867104,24.969508004193216,0.04004884677071196,0,3.744919701867104,240
1,360,81.9390135076428,5.688592643467796,28.1355412264942,809,28.1355412264942,2.912295620973655,0.3433717349290504,0,28.1355412264942,DC_Charging
1,240,84.96957102103332,3.556918297088586,6.30872351358353,810,6.30872351358353,13.468583753604419,0.07424685611301807,0,6.30872351358353,240
1,360,45.16690524151253,2.0463420930781804,29.7077184589314,816,29.7077184589314,1.520376103737224,0.6577319898292983,0,29.7077184589314,DC_Charging
1,120,99.07073206956396,2.054369238923092,3.6563228809723824,823,3.6563228809723824,27.095728494092008,0.036906186162075014,0,3.6563228809723824,120
1,360,27.28913309190829,1.9188737079801996,15.617276733127866,826,15.617276733127866,1.747368222913135,0.5722892215201466,0,15.617276733127866,DC_Charging
1,120,272.05001352615466,11.234261551000744,4.461354896395434,830,4.461354896395434,60.9792360939405,0.016399024718175666,0,4.461354896395434,120
1,360,48.88216790804538,2.653874867919118,30.724899891906677,831,30.724899891906677,1.5909626420270797,0.6285502711275976,0,30.724899891906677,DC_Charging
1,360,44.7317008808564,1.9207335769446388,35.173434532780604,832,35.173434532780604,1.2717467450944484,0.786320078158119,0,35.173434532780604,DC_Charging
1,360,53.67494587499612,1.3553348206133151,13.983897749414709,833,13.983897749414709,3.8383394127179358,0.2605293311702985,0,13.983897749414709,DC_Charging
1,360,44.02195997759191,1.4095304266027555,24.416764610358328,837,24.416764610358328,1.8029399341023449,0.5546496481026053,0,24.416764610358328,DC_Charging
1,360,29.729482631773795,1.6381657509157477,7.916630911289445,842,7.916630911289445,3.7553200300620704,0.2662888893609079,0,7.916630911289445,DC_Charging
1,360,51.87534277031359,1.1991397282514555,11.270761664584938,843,11.270761664584938,4.602647479745458,0.21726625912599837,0,11.270761664584938,DC_Charging
1,360,49.054627421003104,1.8370711728549352,19.995117106201405,845,19.995117106201405,2.453330338624974,0.40760919320814876,0,19.995117106201405,DC_Charging
1,360,91.14964722558672,5.523418457369038,32.92711376496209,850,32.92711376496209,2.7682246271636335,0.3612423609657052,0,32.92711376496209,DC_Charging
1,360,67.6771147806954,3.763967271783536,28.93663468023651,851,28.93663468023651,2.3388039254930475,0.4275689762189826,0,28.93663468023651,DC_Charging
1,360,35.92283046800084,2.6213642316234784,35.4967379881264,854,35.4967379881264,1.0120037080595115,0.9881386718606711,0,35.4967379881264,DC_Charging
1,360,33.38703511824465,2.070188427396597,34.13244686757432,857,34.13244686757432,0.9781611979878942,1.0223263834805847,0,34.13244686757432,DC_Charging
1,360,42.24924208437849,2.350877012660453,35.68383215811544,862,35.68383215811544,1.1839883647353693,0.8446028945761709,0,35.68383215811544,DC_Charging
1,360,39.70555251292861,3.0083078475823744,31.347775511287168,866,31.347775511287168,1.2666146756930845,0.7895060898870492,0,31.347775511287168,DC_Charging
1,240,80.79270780495801,2.715648017872377,10.649476458060732,869,10.649476458060732,7.586542692791712,0.1318123472698758,0,10.649476458060732,240
1,120,142.0287480426259,4.321439439525767,5.482016918763009,870,5.482016918763009,25.908119246496966,0.03859793875756574,0,5.482016918763009,120
1,120,537.3834305677848,5.80891794125713,11.62368343684075,871,11.62368343684075,46.23176753631915,0.021630148559957423,0,11.62368343684075,120
1,120,126.90775797413949,1.5934917371335169,4.125786110487809,875,4.125786110487809,30.75965514827298,0.03251011739824871,0,4.125786110487809,120
1,360,101.6660080082063,7.434388470706303,29.19613010564656,880,29.19613010564656,3.482174097742632,0.2871769107260501,0,29.19613010564656,DC_Charging
1,120,456.9449957244612,5.716061152283002,7.916073017774408,882,7.916073017774408,57.72369642099772,0.017323907892292177,0,7.916073017774408,120
1,360,56.73550290156722,1.834715561902531,10.49760452043867,883,10.49760452043867,5.404614242335391,0.18502708151986244,0,10.49760452043867,DC_Charging
1,360,47.19253605470713,1.3724609011978994,19.233509190493194,887,19.233509190493194,2.453662282181643,0.4075540498225626,0,19.233509190493194,DC_Charging
1,360,46.47408834335201,1.5641955869857718,8.550323003446465,888,8.550323003446465,5.435360550077375,0.18398043529711466,0,8.550323003446465,DC_Charging
1,240,121.52545041461502,2.606195583435423,6.903288118768344,889,6.903288118768344,17.60399512867168,0.05680528724819384,0,6.903288118768344,240
1,120,704.3982469796345,9.951648998144504,12.846044781814784,893,12.846044781814784,54.83386201306102,0.01823690623435948,0,12.846044781814784,120
1,240,106.13563764632974,2.6708322377312435,9.945048464258916,899,9.945048464258916,10.672209193124203,0.09370131168758115,0,9.945048464258916,240
1,240,71.87893653280084,1.3974682227474555,4.404233261871212,905,4.404233261871212,16.320419982083752,0.06127293299423551,0,4.404233261871212,240
1,120,103.95181721975504,1.6069357667467443,4.034591337702196,907,4.034591337702196,25.765141626204525,0.03881212898061257,0,4.034591337702196,120
1,120,131.5334997988815,10.466279548333551,0.4633067787569445,908,0.4633067787569445,283.90152233858277,0.003522348142985276,0,0.4633067787569445,120
1,360,95.2423985574214,4.084267667119481,21.46808921418939,909,21.46808921418939,4.436463702343415,0.2254047518684269,0,21.46808921418939,DC_Charging
1,240,123.78845573098714,2.7545339137439724,11.231717445301555,910,11.231717445301555,11.021329225368845,0.09073315745783227,0,11.231717445301555,240
1,360,77.05300871673155,1.4177165973198276,15.522060130972676,911,15.522060130972676,4.9640967801033185,0.20144651571019268,0,15.522060130972676,DC_Charging
1,240,136.42606411075295,1.5376130738868898,6.059111962835317,912,6.059111962835317,22.51585132401372,0.04441315523048755,0,6.059111962835317,240
1,120,111.1979479473536,1.548791307259565,4.357511761679461,913,4.357511761679461,25.518679932259314,0.03918697999483331,0,4.357511761679461,120
1,360,47.09434179082668,1.444322532686702,19.600694717842288,914,19.600694717842288,2.4026873776038786,0.4162006298952081,0,19.600694717842288,DC_Charging
1,240,66.5725488100398,1.2490291590758102,5.2958220398131175,917,5.2958220398131175,12.570767731535984,0.07954963621603826,0,5.2958220398131175,240
1,360,44.69963129463736,2.479752847125331,32.95450883458085,927,32.95450883458085,1.3564041120749994,0.7372434152165908,0,32.95450883458085,DC_Charging
1,360,53.20229635657174,1.6198243540047177,21.22519736592821,928,21.22519736592821,2.506563092881993,0.3989526546687565,0,21.22519736592821,DC_Charging
1,240,124.58340790008812,3.089097765858332,9.062177813335497,929,9.062177813335497,13.74762341528509,0.07273984526577626,0,9.062177813335497,240
1,360,74.40891141076332,4.564382247436708,30.08254796011332,930,30.08254796011332,2.473490992499128,0.404286897762112,0,30.08254796011332,DC_Charging
1,360,24.632457242663826,2.851062187252769,20.143291958440276,934,20.143291958440276,1.2228615508073661,0.8177540616431787,0,20.143291958440276,DC_Charging
1,360,34.51026116113845,1.63557468453247,31.431817589603934,935,31.431817589603934,1.097940361315685,0.9107962829617438,0,31.431817589603934,DC_Charging
1,240,33.69584736398688,2.522806673948672,2.4226454570889477,937,2.4226454570889477,13.90869937876747,0.07189744869506381,0,2.4226454570889477,240
1,240,70.2671254536343,2.9739785514253803,9.37699629119146,939,9.37699629119146,7.493564385819547,0.13344784251034805,0,9.37699629119146,240
1,240,59.583169645854255,1.842193605254201,8.671602392199432,941,8.671602392199432,6.8710679930911605,0.14553778262789674,0,8.671602392199432,240
1,240,67.12225431543874,1.1670212828642346,10.30347423074511,944,10.30347423074511,6.514526344439132,0.15350310170341247,0,10.30347423074511,240
1,360,49.913340045805086,1.9865748050229384,35.84888537087626,945,35.84888537087626,1.3923261359293149,0.7182225300486407,0,35.84888537087626,DC_Charging
1,120,225.02986712403623,3.4999056790780143,7.414551728066812,946,7.414551728066812,30.349760225181953,0.032949189469057984,0,7.414551728066812,120
1,120,159.4560127339079,5.642558553176488,2.88130054059674,950,2.88130054059674,55.34168008064973,0.018069563456380337,0,2.88130054059674,120
1,360,43.44253440048827,1.368883722110675,15.87943672457986,953,15.87943672457986,2.7357730097090505,0.36552740174388587,0,15.87943672457986,DC_Charging
1,240,73.31255219503099,1.65179680645836,4.176654341582349,954,4.176654341582349,17.552937398993883,0.05697052164370614,0,4.176654341582349,240
1,240,58.77184073552196,1.401011941451833,6.8130925582484565,955,6.8130925582484565,8.626308865328452,0.1159244371621424,0,6.8130925582484565,240
1,360,35.10397869898887,1.7479330651660163,30.96218782471088,956,30.96218782471088,1.133769322042948,0.8820136341298177,0,30.96218782471088,DC_Charging
1,360,49.312790899241655,1.200849817975837,19.44256937679053,963,19.44256937679053,2.5363309727009926,0.3942703104457534,0,19.44256937679053,DC_Charging
1,120,152.50189099488335,3.3258849199691585,5.404086688804966,964,5.404086688804966,28.21973439301117,0.03543619461732629,0,5.404086688804966,120
1,360,40.54449833017345,2.6300449115775684,37.02824728134839,968,37.02824728134839,1.094961314860729,0.9132742741027272,0,37.02824728134839,DC_Charging
1,360,73.73585455493145,5.711110776694479,33.47803777444115,969,33.47803777444115,2.202514228932055,0.45402657874536206,0,33.47803777444115,DC_Charging
1,120,597.9636951987871,10.855001143372553,8.92850819248747,971,8.92850819248747,66.97240819042081,0.014931522204737322,0,8.92850819248747,120
1,120,189.2087643838412,7.124775673866133,3.877681704907076,972,3.877681704907076,48.79429999228763,0.020494197071339457,0,3.877681704907076,120
1,360,58.69882929622464,2.95336924498646,31.207211325805616,973,31.207211325805616,1.8809379884477493,0.5316496376498056,0,31.207211325805616,DC_Charging
1,120,314.34303967757006,8.826992698485164,5.780831346829544,976,5.780831346829544,54.37678783865045,0.018390199931765928,0,5.780831346829544,120
1,360,38.57408294649628,2.3356928670319217,32.0953778017374,982,32.0953778017374,1.201857886976117,0.8320451284935252,0,32.0953778017374,DC_Charging
1,360,47.11604630440738,1.156149916423719,11.657831516022071,996,11.657831516022071,4.041578936841977,0.24742805117184807,0,11.657831516022071,DC_Charging
1,360,88.30766123235546,2.9683702390457256,16.133619671443782,1001,16.133619671443782,5.473518220381656,0.18269784802694458,0,16.133619671443782,DC_Charging
1,360,24.762750507655507,2.765819924770869,6.364954183837483,1004,6.364954183837483,3.890483700658131,0.2570374475109189,0,6.364954183837483,DC_Charging
1,360,28.883517685878186,1.4050726230711912,21.937419215402716,1005,21.937419215402716,1.3166324353048087,0.7595134170976835,0,21.937419215402716,DC_Charging
1,360,83.03356370750494,6.176299912974762,32.15271593225253,1019,32.15271593225253,2.5824743353706427,0.3872255326233388,0,32.15271593225253,DC_Charging
1,360,76.43634756296659,4.946260665861733,34.16757750548359,1020,34.16757750548359,2.237101753868832,0.4470069357688381,0,34.16757750548359,DC_Charging
1,360,48.49617466203674,2.898748339920311,36.24645527787243,1021,36.24645527787243,1.3379563405650448,0.7474085436731671,0,36.24645527787243,DC_Charging
1,240,100.98594305430824,1.4820450638789024,4.783667466244381,1023,4.783667466244381,21.110569195477854,0.0473696370164293,0,4.783667466244381,240
1,240,126.3791723613388,1.5154901253923538,5.629309133500485,1027,5.629309133500485,22.450210028304518,0.04454301312723718,0,5.629309133500485,240
1,120,217.43144158630355,2.7481586541680167,4.873579916622305,1028,4.873579916622305,44.61431746398797,0.022414329229785604,0,4.873579916622305,120
1,240,49.15463437761528,2.335158205335488,4.306377073980727,1031,4.306377073980727,11.41438232954778,0.0876087703327893,0,4.306377073980727,240
1,120,409.600814869888,11.8999843971139,6.558351717869499,1033,6.558351717869499,62.4548411689863,0.016011569019834096,0,6.558351717869499,120
1,360,39.2950823997496,2.233353933880887,36.82057766545418,1035,36.82057766545418,1.0672043974100127,0.9370276232246508,0,36.82057766545418,DC_Charging
1,360,39.41827196827543,2.284011368545212,36.35576077297439,1036,36.35576077297439,1.0842373018797504,0.9223073198701911,0,36.35576077297439,DC_Charging
1,360,88.91401246640497,4.694238471118992,22.710809509077663,1039,22.710809509077663,3.9150525405475065,0.25542441375771513,0,22.710809509077663,DC_Charging
1,360,39.76186364718044,1.4121140964803514,26.837522859466645,1046,26.837522859466645,1.4815772623796712,0.6749563626495089,0,26.837522859466645,DC_Charging
1,360,37.508811594955866,1.6263931554793494,27.043701983731125,1047,27.043701983731125,1.386970305231152,0.7209959695808631,0,27.043701983731125,DC_Charging
1,240,119.69425571571168,1.502002949495982,4.953275421583157,1052,4.953275421583157,24.16466792744087,0.041382732963792225,0,4.953275421583157,240
1,120,328.7023311125855,6.328078322854503,7.772644423797772,1053,7.772644423797772,42.28963956027454,0.023646453608920478,0,7.772644423797772,120
1,360,29.98518445122151,1.4528921770019243,7.203351562167029,1057,7.203351562167029,4.162671249964771,0.2402303568912542,0,7.203351562167029,DC_Charging
1,240,71.6289834863471,1.3430786345911436,5.999209187504803,1058,5.999209187504803,11.93973759667132,0.0837539344481733,0,5.999209187504803,240
1,240,83.1143443552041,1.1295348234783813,9.157053017966549,1062,9.157053017966549,9.076538509947472,0.1101741593344253,0,9.157053017966549,240
1,120,350.24971033916955,3.4878990370689675,8.722886961738027,1063,8.722886961738027,40.15295760170927,0.024904765669302307,0,8.722886961738027,120
1,240,70.9897537565431,1.1230150678807116,6.456598602142677,1064,6.456598602142677,10.994915145102027,0.0909511339380801,0,6.456598602142677,240
1,240,52.55871689958395,1.1141568717902564,6.154270277608333,1065,6.154270277608333,8.54020290444723,0.11709323668167877,0,6.154270277608333,240
1,120,66.61520040372712,3.0403452836216505,2.1286605549734503,1068,2.1286605549734503,31.294421390054826,0.03195457706458167,0,2.1286605549734503,120
1,240,126.69529420779226,2.9409508641611213,10.70806360390803,1070,10.70806360390803,11.83176519063198,0.08451824253508416,0,10.70806360390803,240
1,240,158.85290449172322,2.040863219547959,8.31604103420834,1071,8.31604103420834,19.10198661096981,0.052350575904273965,0,8.31604103420834,240
1,120,781.2392405071248,10.271539415736935,12.43616791041238,1072,12.43616791041238,62.819933450160306,0.015918514157506614,0,12.43616791041238,120
1,120,108.63368265881114,2.2980997746891543,4.189777329338938,1073,4.189777329338938,25.928271151333796,0.038567939765955364,0,4.189777329338938,120
1,360,47.08320457726816,1.969576754429562,36.91243857975029,1076,36.91243857975029,1.2755376341647997,0.7839831402973718,0,36.91243857975029,DC_Charging
1,120,268.5738792257466,3.404361493039466,8.313642924770576,1077,8.313642924770576,32.305197812324636,0.030954770987921133,0,8.313642924770576,120
1,240,72.84541429203225,1.6845335644991315,7.15190878401971,1081,7.15190878401971,10.185450694617177,0.09817925882538331,0,7.15190878401971,240
1,360,43.926442468901485,1.2081696289380974,14.062560735034296,1082,14.062560735034296,3.1236446403013067,0.3201388490540781,0,14.062560735034296,DC_Charging
1,360,26.252789448414,1.864892424548256,8.867206519984947,1084,8.867206519984947,2.960660653301054,0.3377624513924039,0,8.867206519984947,DC_Charging
1,360,80.68318880758127,4.636075872582165,30.911153058238725,1089,30.911153058238725,2.610164320158767,0.38311764216406635,0,30.911153058238725,DC_Charging
1,240,89.25378388618574,3.354628093263543,6.347384701498399,1090,6.347384701498399,14.061505341737991,0.07111614124497433,0,6.347384701498399,240
1,120,157.92789437676814,1.787104783150033,5.153001299964799,1095,5.153001299964799,30.647749764364885,0.03262882292137258,0,5.153001299964799,120
1,120,364.4245998149949,4.480258618385555,8.476747673613232,1103,8.476747673613232,42.991087365899865,0.023260635198382788,0,8.476747673613232,120
1,240,58.69404937624244,1.249232298821145,7.374824713735165,1117,7.374824713735165,7.958704329192845,0.12564859286604732,0,7.374824713735165,240
1,240,126.51274538681056,2.682524352141532,5.957458768335059,1119,5.957458768335059,21.23602534343134,0.04708979123107502,0,5.957458768335059,240
1,360,47.66991769391389,1.2775880361036211,19.151265694254747,1122,19.151265694254747,2.4891262256475586,0.40174740424818955,0,19.151265694254747,DC_Charging
1,240,55.92174358576706,1.5073356539853473,8.062599169774828,1123,8.062599169774828,6.935944899184272,0.14417646254911984,0,8.062599169774828,240
1,120,776.7079351937849,10.104079709382477,13.696865699314912,1132,13.696865699314912,56.706983352595344,0.017634512380638432,0,13.696865699314912,120
1,360,24.66485039269703,2.2192812012846987,12.50362306511802,1136,12.50362306511802,1.9726162780375067,0.506940965221512,0,12.50362306511802,DC_Charging
1,240,108.18387748104016,1.657769132581931,4.928803047841655,1137,4.928803047841655,21.949320439658134,0.04555949705819572,0,4.928803047841655,240
1,360,38.10703328817413,1.089802203813488,20.45155726918682,1144,20.45155726918682,1.8632827215357235,0.5366872071758368,0,20.45155726918682,DC_Charging
1,360,35.15500250636808,1.1837841421876545,11.543588246973613,1145,11.543588246973613,3.04541376166849,0.3283626062857647,0,11.543588246973613,DC_Charging
1,240,44.89312980923981,1.5680306751818325,6.225047813097532,1151,6.225047813097532,7.211692368817543,0.1386637073322588,0,6.225047813097532,240
1,240,66.48837074229176,1.104744642202772,5.89992912213566,1154,5.89992912213566,11.269350760984102,0.08873625652527604,0,5.89992912213566,240
1,360,80.11834198642333,3.571806406382564,24.96717236016677,1169,24.96717236016677,3.208947366192179,0.3116286700540764,0,24.96717236016677,DC_Charging
1,120,1063.5183710398612,15.10860687707514,12.781870374048282,1174,12.781870374048282,83.20522270349258,0.012018476334875846,0,12.781870374048282,120
1,120,273.25070001079075,8.678837871960436,4.947471663673042,1175,4.947471663673042,55.2303719124138,0.018105979832723815,0,4.947471663673042,120
1,240,70.44209258615193,2.018358822688971,10.306280351858035,1177,10.306280351858035,6.834870601346731,0.14630854895818535,0,10.306280351858035,240
1,360,98.85611366236324,6.2618077452320975,22.17960328830901,1179,22.17960328830901,4.45707312152291,0.22436248469226733,0,22.17960328830901,DC_Charging
1,360,49.47441102442436,1.6041212202275068,11.50812453830909,1182,11.50812453830909,4.299085473026496,0.23260761068237473,0,11.50812453830909,DC_Charging
1,120,304.1014801715886,13.383040140662049,3.736168267773081,1183,3.736168267773081,81.39394651859358,0.012285925953615735,0,3.736168267773081,120
1,360,47.641403632789306,1.5347999362258773,17.29881774804919,1186,17.29881774804919,2.7540265656687373,0.3631047036603942,0,17.29881774804919,DC_Charging
1,240,70.88484554351841,1.4885111948103784,5.888046822942357,1187,5.888046822942357,12.038770695117545,0.0830649594817485,0,5.888046822942357,240
1,360,24.16419605846926,3.0671530379292737,15.552327935855416,1188,15.552327935855416,1.5537349879794808,0.6436104018616632,0,15.552327935855416,DC_Charging
1,360,39.31932762464392,1.950161983658267,33.55516863458662,1192,33.55516863458662,1.1717815533227853,0.8534013845535717,0,33.55516863458662,DC_Charging
1,360,45.03934388463375,2.210432162772707,33.83307454599276,1193,33.83307454599276,1.3312223168901534,0.7511893297703149,0,33.83307454599276,DC_Charging
1,360,34.49951001804003,1.9236752729186937,35.96570161150896,1197,35.96570161150896,0.9592336162573357,1.0424989106425644,0,35.96570161150896,DC_Charging
1,360,48.31243453792103,2.365083234573472,30.664355955372315,1208,30.664355955372315,1.575524188677989,0.6347093920780059,0,30.664355955372315,DC_Charging
1,120,148.05591828381029,6.005926687810748,3.904144176411151,1209,3.904144176411151,37.922758892554356,0.026369389495982505,0,3.904144176411151,120
1,120,253.67082409355623,4.226149904611408,5.736524609613298,1210,5.736524609613298,44.22029736758269,0.02261404964528996,0,5.736524609613298,120
1,120,129.4812080627708,1.8636815109037632,2.9242833215608925,1215,2.9242833215608925,44.277928581030146,0.022584615677537067,0,2.9242833215608925,120
1,360,38.25592044189656,1.7372056664253808,14.379202775275218,1217,14.379202775275218,2.6605035786599336,0.3758686919352648,0,14.379202775275218,DC_Charging
1,360,39.353890122976736,1.954310014487583,29.909542683071063,1226,29.909542683071063,1.3157636858570632,0.7600148953408904,0,29.909542683071063,DC_Charging
1,360,40.8727758808278,3.022131916701829,31.639678721182392,1231,31.639678721182392,1.291820193277246,0.77410153921118,0,31.639678721182392,DC_Charging
1,120,357.071847456901,4.202273279841152,9.76310023743838,1234,9.76310023743838,36.57361276366335,0.02734211701922761,0,9.76310023743838,120
1,360,41.697429737325855,1.6002021288597734,7.009754185681871,1238,7.009754185681871,5.948486727608374,0.16810998255384124,0,7.009754185681871,DC_Charging
1,240,69.09696427337684,1.121221503306492,6.197169790883663,1244,6.197169790883663,11.14976135961642,0.08968801822269697,0,6.197169790883663,240
1,360,33.72253034807212,1.6696607765383522,32.38833851128052,1246,32.38833851128052,1.0411935868932243,0.9604361884170454,0,32.38833851128052,DC_Charging
1,360,26.396422367017543,2.072753253795432,8.21782679525596,1248,8.21782679525596,3.2120928105050646,0.3113235074433486,0,8.21782679525596,DC_Charging
1,240,58.81604396477272,1.5258093074622607,5.208166143801975,1254,5.208166143801975,11.293042952319652,0.08855009267405597,0,5.208166143801975,240
1,120,960.2693932542886,14.949983529508645,11.038328238038403,1257,11.038328238038403,86.99409661919384,0.011495032868464388,0,11.038328238038403,120
1,120,158.87602459699096,2.3248682570737524,4.404366490173317,1258,4.404366490173317,36.07238974128582,0.027722033587796187,0,4.404366490173317,120
1,120,118.4513515070482,4.693151184783755,3.5512640379997578,1259,3.5512640379997578,33.3547013794462,0.029980781078622367,0,3.5512640379997578,120
1,120,357.20645000359974,5.863814454213569,7.466319250200499,1260,7.466319250200499,47.842375611518,0.02090197209519945,0,7.466319250200499,120
1,120,305.91982056260133,7.606446690307564,4.678808465724913,1261,4.678808465724913,65.38412991334184,0.015294231204504363,0,4.678808465724913,120
1,360,47.11648385092883,2.580110045075453,22.80959829508284,1263,22.80959829508284,2.065642859702879,0.48411079161275705,0,22.80959829508284,DC_Charging
1,120,958.4190788754564,35.84869058074251,0.8220073286162233,1265,0.8220073286162233,1165.9495548401865,0.000857670038852639,0,0.8220073286162233,120
1,120,485.9253711350556,8.47174980144974,8.838046175363402,1266,8.838046175363402,54.981085354543914,0.018188073108261312,0,8.838046175363402,120
1,360,51.11366987487328,4.529293576696373,12.323756530517755,1269,12.323756530517755,4.147572191019734,0.2411049052178492,0,12.323756530517755,DC_Charging
1,240,56.85135713135114,1.3838556584690478,8.58931726211658,1272,8.58931726211658,6.6188447109871715,0.15108376818994057,0,8.58931726211658,240
1,120,85.07680301054165,2.47906074552224,2.8814504224366004,1275,2.8814504224366004,29.52568690687357,0.03386881406532832,0,2.8814504224366004,120
1,240,136.53366378641374,2.028428636853031,6.296241687030786,1278,6.296241687030786,21.68494644474186,0.046114939806202696,0,6.296241687030786,240
1,360,95.18432620649922,5.328158456087354,30.8832583824871,1279,30.8832583824871,3.082068770971239,0.3244573934944594,0,30.8832583824871,DC_Charging
1,240,128.50636912043208,3.4982361820812446,5.952895698988229,1280,5.952895698988229,21.58720320637793,0.0463237405253382,0,5.952895698988229,240
1,360,57.15764337322586,0.9341784034619154,10.359196968097322,1283,10.359196968097322,5.517574726038251,0.1812390497007412,0,10.359196968097322,DC_Charging
1,240,104.91530936742834,1.4216511861280372,4.988314465034748,1284,4.988314465034748,21.03221641354511,0.047546106427279945,0,4.988314465034748,240
1,120,184.31497935394356,2.076870994172907,4.563324508113169,1285,4.563324508113169,40.39050456005234,0.02475829432913388,0,4.563324508113169,120
1,360,49.07402654240778,2.4145882232096465,31.78275759086604,1288,31.78275759086604,1.5440455851606478,0.6476492725413651,0,31.78275759086604,DC_Charging
1,360,93.9151250842106,4.0049116143021415,21.702554372342902,1289,21.702554372342902,4.327376560055681,0.2310868920515512,0,21.702554372342902,DC_Charging
1,360,74.09458387273393,3.866409227692283,27.466826744423344,1290,27.466826744423344,2.6976026230542827,0.37069952092046043,0,27.466826744423344,DC_Charging
1,360,69.18164239429224,1.425589737350005,12.703199061659816,1291,12.703199061659816,5.446001598376345,0.183620952351196,0,12.703199061659816,DC_Charging
1,240,65.64661947970353,1.2513368688485604,7.991122185699609,1292,7.991122185699609,8.214943778131742,0.12172937843616283,0,7.991122185699609,240
1,120,485.4847654648196,6.522298586766047,11.563397630141708,1294,11.563397630141708,41.984612221526625,0.023818250237101712,0,11.563397630141708,120
1,360,50.00112511470893,1.16577268226222,11.413191046295864,1296,11.413191046295864,4.380994317179745,0.22825868458184803,0,11.413191046295864,DC_Charging
1,120,158.75599712937642,2.737090840058736,5.351195052872328,1305,5.351195052872328,29.667391220240034,0.03370704193625789,0,5.351195052872328,120
1,120,420.301746747328,4.590466200831174,8.982690477596677,1307,8.982690477596677,46.79018472200324,0.021372003678578055,0,8.982690477596677,120
1,240,68.57735020269659,1.5638433724294911,4.868983540199949,1308,4.868983540199949,14.084531121639488,0.07099987861602286,0,4.868983540199949,240
1,360,40.74475123939689,2.763329767857966,35.577216209362064,1312,35.577216209362064,1.1452484365169358,0.8731729885974064,0,35.577216209362064,DC_Charging
1,360,78.70239732068121,4.55236715227831,30.45949246059105,1319,30.45949246059105,2.5838381063803855,0.38702115180152186,0,30.45949246059105,DC_Charging
1,240,136.1028091529414,2.834889903686592,13.3423202071273,1320,13.3423202071273,10.200835165103967,0.0980311889972401,0,13.3423202071273,240
1,120,436.3005654436837,4.5908902671569365,10.343700851209618,1321,10.343700851209618,42.180315509865274,0.02370774110890936,0,10.343700851209618,120
1,120,333.3277052511751,3.91369050972738,8.063331925436358,1323,8.063331925436358,41.33870567819104,0.024190404213056134,0,8.063331925436358,120
1,240,85.39677820787308,1.37366441833671,4.647091803056867,1326,4.647091803056867,18.376391478149603,0.05441764783848054,0,4.647091803056867,240
1,240,66.3346852842795,2.2247171046390544,2.726339371719789,1327,2.726339371719789,24.331044760005515,0.04109975588240105,0,2.726339371719789,240
1,360,28.847945889056813,1.6058130828486,20.030355992106152,1333,20.030355992106152,1.44021134224602,0.6943425389502159,0,20.030355992106152,DC_Charging
1,240,53.38125656070526,1.229300036813035,6.814333246811742,1334,6.814333246811742,7.83367273469947,0.12765404349488232,0,6.814333246811742,240
1,120,271.9144402880134,2.7420084596935244,7.035841952586296,1337,7.035841952586296,38.64703643436174,0.025875205248878617,0,7.035841952586296,120
1,120,107.99733558844255,1.8092284360736817,3.676748445037674,1338,3.676748445037674,29.37305535117618,0.03404480698532293,0,3.676748445037674,120
1,120,105.27436960276803,1.261861920326613,3.6899213934075448,1356,3.6899213934075448,28.530247227177362,0.03505051996350804,0,3.6899213934075448,120
1,120,131.21527478763588,8.838386839380838,2.426217640938944,1363,2.426217640938944,54.08223589407902,0.01849035979130961,0,2.426217640938944,120
1,120,662.3448933698495,8.136032974985396,12.03157021048058,1364,12.03157021048058,55.05057791982026,0.018165113569860683,0,12.03157021048058,120
1,360,47.256498737792,1.5203647748512763,11.7414905629703,1366,11.7414905629703,4.024744429538365,0.24846298131648054,0,11.7414905629703,DC_Charging
1,360,60.64988968083542,2.106245335952147,28.13921333157076,1367,28.13921333157076,2.155351287407503,0.46396149242234136,0,28.13921333157076,DC_Charging
1,120,249.38725100230917,4.898086519926465,4.180992588169389,1369,4.180992588169389,59.64785771397438,0.01676506145107905,0,4.180992588169389,120
1,360,70.99679862322455,2.479643308398328,11.398102941083335,1370,11.398102941083335,6.228825883588365,0.16054390003656835,0,11.398102941083335,DC_Charging
1,240,111.24087898251682,1.1508046202639668,6.483510719166333,1373,6.483510719166333,17.157506758440352,0.05828352650993808,0,6.483510719166333,240
1,120,560.0556646869181,5.948132505699789,12.49780265367015,1374,12.49780265367015,44.812330631773115,0.022315286571838643,0,12.49780265367015,120
1,240,75.53142046565979,1.2672322237198612,5.187099418532824,1376,5.187099418532824,14.561398263506566,0.06867472353298491,0,5.187099418532824,240
1,360,47.40531970800699,1.2113073323127226,12.794327220294376,1382,12.794327220294376,3.7051826869655655,0.2698922251574511,0,12.794327220294376,DC_Charging
1,120,108.27124706459168,3.772149920355045,3.111710562305177,1383,3.111710562305177,34.7947679890843,0.028739953096215982,0,3.111710562305177,120
1,360,54.80495940426464,1.114346979597009,9.799812961435066,1384,9.799812961435066,5.592449531428517,0.17881252112874468,0,9.799812961435066,DC_Charging
1,360,42.55079988233235,1.2733142646777134,20.020605345746404,1385,20.020605345746404,2.125350315212758,0.47051066962572474,0,20.020605345746404,DC_Charging
1,120,372.4283919821102,4.441280090085658,9.79815593442774,1387,9.79815593442774,38.010049490385235,0.02630883183282761,0,9.79815593442774,120
1,240,106.80956224148146,1.9720589865149487,5.013877645499676,1391,5.013877645499676,21.302785945993495,0.046942216972708874,0,5.013877645499676,240
1,360,37.953583149299455,1.0429325725410434,14.747279266894594,1404,14.747279266894594,2.573598998325033,0.3885609221369867,0,14.747279266894594,DC_Charging
1,120,138.28583537742676,3.1114383829486494,5.388107619322156,1409,5.388107619322156,25.66500989726401,0.038963554037304456,0,5.388107619322156,120
1,360,27.59499649470766,2.9235079665831627,29.59474918552173,1415,29.59474918552173,0.9324288008565931,1.072467945092785,0,29.59474918552173,DC_Charging
1,360,53.10724213243344,8.78769471158272,14.50442072570894,1420,14.50442072570894,3.661452128060612,0.2731156833476551,0,14.50442072570894,DC_Charging
1,360,28.935585721930423,5.397634538386469,28.93759225865783,1421,28.93759225865783,0.9999306598590003,1.0000693449493883,0,28.93759225865783,DC_Charging
1,120,697.7211252804399,8.004122283796328,12.883573529161822,1428,12.883573529161822,54.15586938679366,0.018465219214888237,0,12.883573529161822,120
1,120,434.8741196614268,5.877114428073278,9.68836748673067,1431,9.68836748673067,44.886212280555704,0.022278556135448095,0,9.68836748673067,120
1,360,41.475685572490136,1.7117070936234522,14.222443024319958,1432,14.222443024319958,2.916213867165292,0.34291037816511405,0,14.222443024319958,DC_Charging
1,120,230.59100252067933,7.311020391365261,5.800440887544482,1435,5.800440887544482,39.75404749246503,0.025154671362445293,0,5.800440887544482,120
1,240,59.16161379517806,2.936015281583962,3.2618088981555644,1437,3.2618088981555644,18.13767012182468,0.05513387294417274,0,3.2618088981555644,240
1,360,40.232079083275416,2.1710709533574115,34.32248871374726,1438,34.32248871374726,1.1721783760733286,0.8531124787934515,0,34.32248871374726,DC_Charging
1,360,27.195678302533263,4.702768403242994,17.77327703889327,1441,17.77327703889327,1.5301442858861058,0.6535331401253448,0,17.77327703889327,DC_Charging
1,360,74.70592093101104,5.0647195787173365,33.98163242960014,1450,33.98163242960014,2.1984206051836837,0.45487201022501667,0,33.98163242960014,DC_Charging
1,360,43.587866029116256,2.531285711069291,36.10524993118703,1451,36.10524993118703,1.2072445451060534,0.828332589328165,0,36.10524993118703,DC_Charging
1,240,64.86922800124485,1.1046096559740777,6.494060735338664,1453,6.494060735338664,9.989008517928795,0.10011003576632732,0,6.494060735338664,240
1,360,92.05829530675658,4.650905866474356,23.024853597427693,1460,23.024853597427693,3.9982141435653347,0.25011166588197503,0,23.024853597427693,DC_Charging
1,240,57.19512897647087,1.279720959402817,9.046615082296752,1463,9.046615082296752,6.322268434786792,0.15817107582742543,0,9.046615082296752,240
1,240,51.234065028640295,2.24182222845754,3.1223022123219124,1466,3.1223022123219124,16.409066626045746,0.0609419184399387,0,3.1223022123219124,240
1,120,111.92745933503676,1.583364688104061,2.9806971807302176,1474,2.9806971807302176,37.55076498834965,0.026630615922478704,0,2.9806971807302176,120
1,120,138.73052971767834,2.126868026544206,4.230711725158329,1477,4.230711725158329,32.79129818576484,0.030495895415147488,0,4.230711725158329,120
1,240,99.46281787511911,2.4987275258085537,9.731425208614738,1479,9.731425208614738,10.220786343512122,0.09783983016480653,0,9.731425208614738,240
1,120,252.1776065060096,7.291122382222749,5.093539843384988,1480,5.093539843384988,49.509302814920396,0.02019822423551952,0,5.093539843384988,120
1,120,163.7286140703651,3.3060929274080872,5.014002547032888,1481,5.014002547032888,32.654274211977416,0.030623862392666665,0,5.014002547032888,120
1,240,63.4900666581965,1.3591963249010968,6.240135918310045,1484,6.240135918310045,10.174468551542526,0.098285231797035,0,6.240135918310045,240
1,240,52.99541038915761,1.7911207335207435,3.92071444648451,1486,3.92071444648451,13.516773820821278,0.07398215086351427,0,3.92071444648451,240
1,360,22.679019767077275,1.934182361454376,12.91513198322113,1505,12.91513198322113,1.7560037169222145,0.5694748765980527,0,12.91513198322113,DC_Charging
1,240,69.9697776621263,1.2833835505199391,6.666924457309932,1506,6.666924457309932,10.495060820046959,0.09528291613993006,0,6.666924457309932,240
1,240,60.7910627790789,1.3874032515335444,8.259127568906138,1515,8.259127568906138,7.360470252081388,0.1358608846652455,0,8.259127568906138,240
1,240,61.54535621343899,1.564596583258097,6.288247988904942,1517,6.288247988904942,9.787361491154664,0.10217258256004448,0,6.288247988904942,240
1,360,62.18370717333857,4.371100283103095,30.598840937815964,1520,30.598840937815964,2.0322242695306816,0.49207167486044157,0,30.598840937815964,DC_Charging
1,360,66.65010117332021,1.7338002799879824,12.24202929394994,1524,12.24202929394994,5.444367071255004,0.18367607968238733,0,12.24202929394994,DC_Charging
1,120,793.8378741547281,16.425576551038322,8.896708262130616,1527,8.896708262130616,89.22826856464965,0.011207210630512882,0,8.896708262130616,120
1,120,155.27655365359612,1.842454244025849,3.911796477012871,1537,3.911796477012871,39.69443568090959,0.02519244782917859,0,3.911796477012871,120
1,360,93.2435169118195,5.638978644426453,26.367826480422536,1539,26.367826480422536,3.536261017989121,0.2827845554705816,0,26.367826480422536,DC_Charging
1,240,147.49204950781794,3.212581371573833,8.02661087467078,1540,8.02661087467078,18.37538306151754,0.05442063420676328,0,8.02661087467078,240
1,360,33.21116715465346,1.733206974567928,6.460162459223781,1544,6.460162459223781,5.140918260845709,0.1945177785875737,0,6.460162459223781,DC_Charging
1,240,97.49783689277557,1.6292226711172288,4.929927161640592,1546,4.929927161640592,19.776729695196963,0.05056447731309505,0,4.929927161640592,240
1,120,426.57788463607744,15.426200151331512,5.71141107466795,1550,5.71141107466795,74.68870285455294,0.013388905708369,0,5.71141107466795,120
1,240,129.42634928882126,1.7724093352183408,5.57660901325211,1554,5.57660901325211,23.2087903206511,0.0430871228609534,0,5.57660901325211,240
1,360,65.13281485023242,1.281239180247664,13.373395708591502,1555,13.373395708591502,4.870327347630115,0.20532500766844689,0,13.373395708591502,DC_Charging
1,120,232.6848427920199,5.871303944538318,6.188126919878812,1556,6.188126919878812,37.601821327313175,0.026594456457182857,0,6.188126919878812,120
1,120,207.88173505226857,3.563616713519929,5.677562759166349,1559,5.677562759166349,36.61460804050933,0.02731150361881873,0,5.677562759166349,120
1,360,38.94570701766612,9.819772119552836,18.95122339865561,1560,18.95122339865561,2.055049755807792,0.48660622312131,0,18.95122339865561,DC_Charging
1,120,319.6577518148232,4.96576525134488,9.037588864829658,1564,9.037588864829658,35.36980455692019,0.028272703582252267,0,9.037588864829658,120
1,120,369.55170376980817,4.8786650570786,9.097766423533244,1568,9.097766423533244,40.62004744525939,0.024618385819160492,0,9.097766423533244,120
1,120,134.07341691040696,3.820159934307087,4.414341959292841,1569,4.414341959292841,30.372231727123594,0.03292481135348907,0,4.414341959292841,120
1,120,129.27396543978878,4.968490687581379,3.6367383205640778,1570,3.6367383205640778,35.54667783183743,0.028132024172012743,0,3.6367383205640778,120
1,120,595.8014653030859,5.494622451891211,13.04872666314921,1575,13.04872666314921,45.65973988754653,0.021901132211065117,0,13.04872666314921,120
1,120,192.4217971809829,2.341434492621129,4.801611653183116,1576,4.801611653183116,40.07441898251421,0.024953574509372998,0,4.801611653183116,120
1,360,94.66108675035557,4.837410518316019,22.673264108192868,1580,22.673264108192868,4.175009222256193,0.23952042900149467,0,22.673264108192868,DC_Charging
1,120,183.1162930819769,16.354830735263814,0.3412613272669205,1590,0.3412613272669205,536.5867106844805,0.001863631692861682,0,0.3412613272669205,120
1,360,49.43279262882551,2.9709625381799505,16.068454378180434,1591,16.068454378180434,3.0763875271009855,0.3250565772974459,0,16.068454378180434,DC_Charging
1,360,79.29803418024756,1.695306575024806,17.80466895757496,1593,17.80466895757496,4.453777510224944,0.22452850365879495,0,17.80466895757496,DC_Charging
1,120,923.0546129217454,19.87191708818264,8.469628286219901,1594,8.469628286219901,108.98407600998934,0.009175652412819845,0,8.469628286219901,120
1,120,463.09644388518274,5.38722272388826,9.752758390488069,1598,9.752758390488069,47.48363748422639,0.021059886162516306,0,9.752758390488069,120
1,240,97.52237626659186,2.697859069492873,8.005793952468082,1600,8.005793952468082,12.18147467266841,0.0820918671073299,0,8.005793952468082,240
1,120,171.7777934161422,3.2268400734557376,4.818623242007163,1609,4.818623242007163,35.648728856541474,0.028051491093110937,0,4.818623242007163,120
1,360,34.288395659872414,1.504368422455962,21.18684426846194,1613,21.18684426846194,1.6183814458349055,0.6179013004465772,0,21.18684426846194,DC_Charging
1,360,37.7640188765285,1.8876592212516723,37.62528493689088,1614,37.62528493689088,1.003687252863874,0.9963262930226991,0,37.62528493689088,DC_Charging
1,360,42.847849848056846,1.367478474084755,18.74252959018904,1615,18.74252959018904,2.28612950252382,0.43742053934216296,0,18.74252959018904,DC_Charging
1,360,32.427293369326605,2.6783817806378383,16.830070620657537,1617,16.830070620657537,1.9267473143888505,0.519009416819762,0,16.830070620657537,DC_Charging
1,120,811.2153688484109,11.29621890916694,12.84703566731163,1618,12.84703566731163,63.14416725038686,0.015836775486082182,0,12.84703566731163,120
1,240,115.52001777876508,4.066668210171256,8.153860556711493,1620,8.153860556711493,14.167524324864722,0.07058396210020614,0,8.153860556711493,240
1,360,39.01505262602325,2.2770942268744183,26.10042895134434,1622,26.10042895134434,1.4948050355323268,0.6689835638959312,0,26.10042895134434,DC_Charging
1,360,39.87065462597528,2.032190816635941,35.981955464364844,1626,35.981955464364844,1.1080735916496158,0.9024671353382547,0,35.981955464364844,DC_Charging
1,120,129.36438681840588,10.324704794149255,1.0288359408534262,1627,1.0288359408534262,125.73859609832182,0.007953007517421666,0,1.0288359408534262,120
1,120,317.4638420802245,3.3791031305649204,7.6505739920010996,1628,7.6505739920010996,41.495427978625166,0.024099040513935965,0,7.6505739920010996,120
1,120,1004.5931647332797,37.743872576594505,1.469938195559891,1629,1.469938195559891,683.4254445307722,0.0014632173970148012,0,1.469938195559891,120
1,120,116.76914323712846,2.2670772448938004,4.385156634364648,1637,4.385156634364648,26.628271912126756,0.03755407047441899,0,4.385156634364648,120
1,360,80.26977720518244,4.611442338730461,30.08719429714897,1639,30.08719429714897,2.6679050366882735,0.3748259350495177,0,30.08719429714897,DC_Charging
1,120,642.4506016699091,7.195374968385227,13.709913746151573,1644,13.709913746151573,46.8602949344045,0.021340027872206308,0,13.709913746151573,120
1,360,39.03856615547414,2.2149214895070584,35.407733155556514,1653,35.407733155556514,1.1025435032501607,0.9069936896386627,0,35.407733155556514,DC_Charging
1,360,29.111472069829237,1.5405644557612426,23.47215096818168,1656,23.47215096818168,1.2402558295271744,0.8062852648563905,0,23.47215096818168,DC_Charging
1,360,31.06474776350869,1.960340632120218,31.675658689517547,1657,31.675658689517547,0.9807135525736983,1.0196657294840965,0,31.675658689517547,DC_Charging
1,120,555.5750118179434,7.76774898178913,11.432201059651376,1664,11.432201059651376,48.59737936019869,0.02057724126620295,0,11.432201059651376,120
1,120,162.98049040964358,2.673868679420938,3.446813049155466,1666,3.446813049155466,47.28440100619233,0.021148623620484072,0,3.446813049155466,120
1,360,60.386802885015214,1.785359207809107,13.59106577391188,1668,13.59106577391188,4.443124909374509,0.22506682130185202,0,13.59106577391188,DC_Charging
1,240,67.31638525022345,4.317518234870695,6.998254917857096,1669,6.998254917857096,9.619024462577892,0.10396064630986505,0,6.998254917857096,240
1,360,67.2973464612482,5.800817710891791,31.80687191354565,1670,31.80687191354565,2.1158115341920234,0.47263188797289335,0,31.80687191354565,DC_Charging
1,120,679.3636440382837,27.337369473894658,1.1114957755359285,1673,1.1114957755359285,611.2156779999599,0.0016360836869764746,0,1.1114957755359285,120
1,240,97.40141487615004,1.766886258761306,4.259122660580587,1674,4.259122660580587,22.868891703361427,0.043727523527211994,0,4.259122660580587,240
1,360,40.22206698934348,2.2234139107808164,32.759629135688,1677,32.759629135688,1.2277937220457107,0.8144690610844889,0,32.759629135688,DC_Charging
1,120,325.9582452343128,4.722482908601684,6.886284856713175,1680,6.886284856713175,47.33441209835353,0.02112627907836176,0,6.886284856713175,120
1,360,48.13760712614135,1.0652893915009496,9.702839411045986,1683,9.702839411045986,4.961187657227444,0.20156463917328402,0,9.702839411045986,DC_Charging
1,120,98.69749385618472,1.799032529098473,3.5073403321520544,1688,3.5073403321520544,28.140267128176106,0.03553626536113179,0,3.5073403321520544,120
1,360,79.83637082981191,5.57455719322452,29.73728681522812,1690,29.73728681522812,2.684722763239067,0.3724779383900031,0,29.73728681522812,DC_Charging
1,360,44.97684459243573,2.814899614330335,34.22837124508439,1692,34.22837124508439,1.3140223433475513,0.7610220671380972,0,34.22837124508439,DC_Charging
1,120,431.7115775267432,8.50067225195327,6.9454632031510215,1703,6.9454632031510215,62.157348602881385,0.01608820232003338,0,6.9454632031510215,120
1,120,188.00584236739803,2.323184495387453,5.223495725312048,1704,5.223495725312048,35.99234157622799,0.027783688312751346,0,5.223495725312048,120
1,240,71.06236441793422,1.33257735759564,9.61638256975371,1716,9.61638256975371,7.389718940825607,0.13532314395278966,0,9.61638256975371,240
1,120,103.7514944501626,1.6866549527716093,4.072927781630696,1718,4.072927781630696,25.473443187009604,0.03925656977969741,0,4.072927781630696,120
1,240,80.82485828213059,4.375305020475972,4.359901544348332,1719,4.359901544348332,18.53823015496818,0.0539425819854763,0,4.359901544348332,240
1,120,92.31752875169884,4.620926772301983,3.3347014329405624,1720,3.3347014329405624,27.68389632720211,0.036122082967685556,0,3.3347014329405624,120
1,240,69.89599040504726,1.7823275210159222,4.410145267776784,1722,4.410145267776784,15.848908859250074,0.06309582627300926,0,4.410145267776784,240
1,120,118.90998850620169,1.9036022131417103,3.9750965740468582,1723,3.9750965740468582,29.91373575237319,0.03342945890403092,0,3.9750965740468582,120
1,360,37.76536460784657,1.3896262537055089,24.47572646080528,1726,24.47572646080528,1.5429721633931044,0.648099832080528,0,24.47572646080528,DC_Charging
1,360,30.65855567871374,2.091298054612714,14.887360499781051,1732,14.887360499781051,2.0593681250054123,0.4855858395872627,0,14.887360499781051,DC_Charging
1,360,33.44605609944023,1.4735448938849065,10.79644392881184,1733,10.79644392881184,3.0978770713739077,0.3228017048321741,0,10.79644392881184,DC_Charging
1,120,242.14824603234555,3.9917070905871848,7.126895170300941,1736,7.126895170300941,33.97668132420707,0.02943195041499061,0,7.126895170300941,120
1,120,191.75663822370623,2.6417838705238417,2.574900426079552,1738,2.574900426079552,74.47147714199876,0.01342795978241772,0,2.574900426079552,120
1,120,181.01558443330808,2.059504174939105,5.731428627058079,1742,5.731428627058079,31.582978034260663,0.03166262532036141,0,5.731428627058079,120
1,360,37.7212496232724,2.4037488202401134,35.68804550316926,1747,35.68804550316926,1.0569715738544039,0.9460992374216379,0,35.68804550316926,DC_Charging
1,120,541.7519538677001,5.589689034991444,11.22783717100296,1758,11.22783717100296,48.250784689577614,0.020725051549596963,0,11.22783717100296,120
1,120,128.78551644739247,9.636124632191722,0.7597897115367687,1759,0.7597897115367687,169.50152718823716,0.0058996518591214004,0,0.7597897115367687,120
1,240,70.28203145025572,3.229840941475248,7.852639692438331,1760,7.852639692438331,8.950115401058516,0.1117304029266183,0,7.852639692438331,240
1,360,47.69831409546967,1.0442911521382563,9.81013815484762,1767,9.81013815484762,4.862144991495338,0.20567054288779096,0,9.81013815484762,DC_Charging
1,240,60.92942307825592,3.1083804561710218,2.664138408178104,1768,2.664138408178104,22.870216836790803,0.0437249898912774,0,2.664138408178104,240
1,240,82.87231862219775,1.3789271201830144,5.801381812428048,1773,5.801381812428048,14.284927505489122,0.07000385543543992,0,5.801381812428048,240
1,240,60.31267367981436,1.5714827300479377,4.449031278451443,1784,4.449031278451443,13.55636090308791,0.07376610929355067,0,4.449031278451443,240
1,120,191.30006026700664,4.518577096606982,5.900120637819924,1786,5.900120637819924,32.42307607081258,0.030842230941197007,0,5.900120637819924,120
1,360,62.00081272737355,6.103784571269503,31.19600349489167,1789,31.19600349489167,1.9874601160859002,0.5031547510847151,0,31.19600349489167,DC_Charging
1,240,85.78659171300596,1.5079678791138709,6.070128278064985,1791,6.070128278064985,14.13258300042923,0.07075847351964099,0,6.070128278064985,240
1,240,53.30215991558445,1.9233603931053789,3.607011755658604,1792,3.607011755658604,14.77737349537748,0.06767102423937588,0,3.607011755658604,240
1,120,251.1241415568252,4.790878044427574,7.281823032102352,1797,7.281823032102352,34.48643841655166,0.028996905621893772,0,7.281823032102352,120
1,360,47.88435593489989,2.8753232542112057,32.57544933480733,1804,32.57544933480733,1.4699522773346605,0.6802941941851439,0,32.57544933480733,DC_Charging
1,360,86.09553632576308,2.928268674633129,16.335160785441516,1809,16.335160785441516,5.270565588953034,0.18973295809010962,0,16.335160785441516,DC_Charging
1,120,141.8220348877034,3.3676487609801216,4.143855198959756,1811,4.143855198959756,34.22465990686774,0.029218697942396017,0,4.143855198959756,120
1,120,201.17336003011343,9.2270894148338,3.0659716208413954,1812,3.0659716208413954,65.6148800147424,0.015240445456508026,0,3.0659716208413954,120
1,360,36.41516590302882,1.911437754268005,32.86753573361794,1814,32.86753573361794,1.107937211909144,0.9025782230717283,0,32.86753573361794,DC_Charging
1,120,277.33295757983376,17.57698988610918,2.294629712311192,1817,2.294629712311192,120.86174779829686,0.008273916422827798,0,2.294629712311192,120
1,120,749.1240612051897,9.465824667655411,12.424593701667677,1818,12.424593701667677,60.29364655237293,0.016585495440740495,0,12.424593701667677,120
1,120,710.9675925138151,12.239516411651874,8.830468815681613,1819,8.830468815681613,80.51300642738711,0.012420353485394657,0,8.830468815681613,120
1,360,27.383665201710084,1.7297462904451937,25.639867037762784,1832,25.639867037762784,1.0680112015159442,0.9363197676022419,0,25.639867037762784,DC_Charging
1,240,58.02765867035498,1.4620929017483624,4.478949359041167,1834,4.478949359041167,12.955640713646577,0.07718645662554297,0,4.478949359041167,240
1,240,69.24109724514774,1.203435336979853,5.33550742030036,1835,5.33550742030036,12.977415602816246,0.07705694497315696,0,5.33550742030036,240
1,360,35.35126969769868,1.3599643287410663,16.832876741770463,1843,16.832876741770463,2.1001323921047423,0.4761604571975602,0,16.832876741770463,DC_Charging
1,360,30.82143696739945,1.5913920100562504,5.660701052182162,1845,5.660701052182162,5.444809164673693,0.18366116603095492,0,5.660701052182162,DC_Charging
1,360,41.97454375986305,2.320432466951956,32.37711402682882,1851,32.37711402682882,1.2964263499545223,0.7713511839952029,0,32.37711402682882,DC_Charging
1,120,205.4763322427652,3.3532283926168844,6.917518566786114,1857,6.917518566786114,29.703763027011245,0.033665768175252596,0,6.917518566786114,120
1,360,87.40911716665565,4.895641094262209,31.72277154784672,1860,31.72277154784672,2.755406066421987,0.362922914406784,0,31.72277154784672,DC_Charging
1,360,51.484565927461226,2.148091947383836,25.233862113890083,1861,25.233862113890083,2.04029671300777,0.49012479097994405,0,25.233862113890083,DC_Charging
1,120,420.9676410769096,4.047751822997098,11.349116559755927,1863,11.349116559755927,37.0925471476489,0.026959593689250987,0,11.349116559755927,120
1,120,226.15307478262244,3.11557267741027,7.115329288325114,1865,7.115329288325114,31.783922516937636,0.03146244770346078,0,7.115329288325114,120
1,360,63.03069428673806,5.202142779926752,28.428252132970897,1870,28.428252132970897,2.217185002859725,0.4510223543412932,0,28.428252132970897,DC_Charging
1,360,58.6285313807326,1.8090345419604488,15.60659348865343,1871,15.60659348865343,3.7566514065582415,0.26619451521486187,0,15.60659348865343,DC_Charging
1,120,205.0580524757076,2.927651946945081,4.187887152802929,1878,4.187887152802929,48.964560169311966,0.02042293439463467,0,4.187887152802929,120
1,360,55.21041060146236,4.265610262424297,23.923003869247893,1880,23.923003869247893,2.307837715665516,0.43330603066759743,0,23.923003869247893,DC_Charging
1,360,48.3295613589034,1.1593574463341267,13.562521610187533,1883,13.562521610187533,3.563464284001619,0.2806257956588925,0,13.562521610187533,DC_Charging
1,120,105.73424202739386,1.4647120572425034,3.579874815875158,1885,3.579874815875158,29.535737271736256,0.0338572892492829,0,3.579874815875158,120
1,240,111.19638895806712,2.463770759419546,4.816616490706821,1891,4.816616490706821,23.085995983406487,0.04331630312674271,0,4.816616490706821,240
1,240,128.7215390568615,1.5227515567919112,5.416052255687077,1892,5.416052255687077,23.7666722882333,0.04207572637314869,0,5.416052255687077,240
1,120,185.46729304835975,3.871689980534597,5.742320040754535,1893,5.742320040754535,32.29832049277238,0.03096136222388953,0,5.742320040754535,120
1,120,105.74210315733382,1.5869722456967643,2.4645124510230403,1896,2.4645124510230403,42.90589122949627,0.023306822707659682,0,2.4645124510230403,120
1,120,258.36096982476613,3.8957980102683294,5.234228930399752,1898,5.234228930399752,49.359891067094466,0.020259363997394336,0,5.234228930399752,120
1,120,139.3495367090961,1.7389646259194456,4.77641485054896,1902,4.77641485054896,29.174504533055888,0.034276503269043,0,4.77641485054896,120
1,360,90.60278025728488,5.293178619644911,31.675558768290983,1910,31.675558768290983,2.8603372373018203,0.34960912544120437,0,31.675558768290983,DC_Charging
1,360,53.75350569833432,2.0216863697094314,22.895472262553422,1911,22.895472262553422,2.347778856968616,0.4259344942270973,0,22.895472262553422,DC_Charging
1,240,81.76470821019963,1.211528875268623,5.25343878620842,1913,5.25343878620842,15.564035584625497,0.0642506883618168,0,5.25343878620842,240
1,360,46.31224392961629,1.1185385969776642,12.215150484001796,1917,12.215150484001796,3.791377272860577,0.2637563945846794,0,12.215150484001796,DC_Charging
1,360,46.34900886800244,2.317946184399171,34.11368665728523,1928,34.11368665728523,1.3586631469543697,0.7360176083686656,0,34.11368665728523,DC_Charging
1,360,75.37718347841881,6.36836744151832,33.70570828918771,1929,33.70570828918771,2.236332873698984,0.447160622535571,0,33.70570828918771,DC_Charging
1,360,64.492482061971,2.7587226253545385,29.645842239376066,1931,29.645842239376066,2.175430926914638,0.4596790399676244,0,29.645842239376066,DC_Charging
1,120,188.24488248884623,2.551976379070712,7.23557615773683,1932,7.23557615773683,26.01657122875563,0.038437040423478966,0,7.23557615773683,120
1,120,125.53659748176902,4.688675946631654,4.37205030014583,1939,4.37205030014583,28.713438515925066,0.0348268981942159,0,4.37205030014583,120
1,240,62.62065804321897,1.520698322036074,6.467997948740873,1941,6.467997948740873,9.681613775930364,0.10328856564038097,0,6.467997948740873,240
1,360,36.48490861243063,1.102801386442133,17.435609907227615,1943,17.435609907227615,2.0925513249356693,0.4778855304926596,0,17.435609907227615,DC_Charging
1,360,21.59904280786856,2.1798395108432933,5.244412568741325,1944,5.244412568741325,4.118486584485552,0.24280763806953418,0,5.244412568741325,DC_Charging
1,360,36.0202672984072,2.276377998574222,35.01729928949143,1946,35.01729928949143,1.0286420720405687,0.9721554534671619,0,35.01729928949143,DC_Charging
1,360,46.26325342666028,3.0145702223930417,33.95108984134434,1948,33.95108984134434,1.362644134337115,0.7338673207487659,0,33.95108984134434,DC_Charging
1,360,39.653087375831696,1.6357006012363404,25.829117840892025,1953,25.829117840892025,1.535208736902888,0.6513772205448676,0,25.829117840892025,DC_Charging
1,360,45.38836261114931,1.2692247895183792,8.777094227153867,1956,8.777094227153867,5.171228818614075,0.19337763519580764,0,8.777094227153867,DC_Charging
1,120,209.37911484706123,7.090679191530842,2.0288975370092004,1959,2.0288975370092004,103.19846666860623,0.009690066454293626,0,2.0288975370092004,120
1,360,80.32424623181035,4.188752819669212,30.16499129880492,1960,30.16499129880492,2.662830081273474,0.3755402971569854,0,30.16499129880492,DC_Charging
1,240,76.65895946712214,2.055935360947593,11.7495925090916,1961,11.7495925090916,6.524393029614003,0.15327096259545267,0,11.7495925090916,240
1,360,23.78296618656596,2.8630549167868424,9.225598979395627,1963,9.225598979395627,2.577931930455966,0.3879078373582685,0,9.225598979395627,DC_Charging
1,360,36.88394000940609,1.2680538522260247,7.480657946213725,1967,7.480657946213725,4.930574325761627,0.2028161293046789,0,7.480657946213725,DC_Charging
1,120,130.05406308832968,3.5687016350689515,4.491730949273631,1969,4.491730949273631,28.954108016946353,0.03453741346183819,0,4.491730949273631,120
1,240,134.8916215517906,3.967215499201663,6.9342387186993335,1970,6.9342387186993335,19.452982082666523,0.051406000157222416,0,6.9342387186993335,240
1,240,136.27070935760844,2.1441908189584726,5.998076746936988,1972,5.998076746936988,22.719067312234245,0.04401589142092549,0,5.998076746936988,240
1,240,95.37951607740308,3.527006475896463,8.807545220951994,1979,8.807545220951994,10.829296209630321,0.09234210429212526,0,8.807545220951994,240
1,120,163.25215164653957,9.715514497606463,2.310408939340846,1980,2.310408939340846,70.6594182816463,0.014152395028416883,0,2.310408939340846,120
1,120,232.2289855001792,2.392345521765975,6.575912873439705,1981,6.575912873439705,35.31509464460189,0.028316503468662102,0,6.575912873439705,120
1,120,219.64352972428068,2.480512750030506,5.003718987464751,1982,5.003718987464751,43.89605616832773,0.022781089858398912,0,5.003718987464751,120
1,240,85.01231821312027,2.802362889414086,4.374773153569947,1988,4.374773153569947,19.432394601705838,0.05146046179569742,0,4.374773153569947,240
1,360,87.05813867294738,4.721815814232088,30.852724121000165,1989,30.852724121000165,2.821732639604764,0.3543921865467979,0,30.852724121000165,DC_Charging
1,360,40.985037816902015,1.4569870234332418,13.764920381380009,1992,13.764920381380009,2.97749908327425,0.33585232842467766,0,13.764920381380009,DC_Charging
1,120,217.6417874804125,5.995186961560641,5.020031127702794,1999,5.020031127702794,43.35466891417606,0.023065566524786012,0,5.020031127702794,120
1,120,182.53693736524224,1.998752094984503,4.533448061367849,2007,4.533448061367849,40.26448188978843,0.024835784618741422,0,4.533448061367849,120
1,360,40.20748823339777,2.564154725675946,31.05152572803601,2018,31.05152572803601,1.2948635305573717,0.7722821566914869,0,31.05152572803601,DC_Charging
1,120,431.6448057214534,5.565992391859447,9.226523250741424,2020,9.226523250741424,46.783039937255595,0.02137526764701863,0,9.226523250741424,120
1,120,522.4519018199466,6.754574929054589,10.629400618288445,2021,10.629400618288445,49.15158630121067,0.020345223323450876,0,10.629400618288445,120
1,360,38.15878511413524,1.651033205300344,27.654520441771822,2025,27.654520441771822,1.3798389740469645,0.7247222457176106,0,27.654520441771822,DC_Charging
1,360,37.769887147522034,1.2770017749746922,18.103824783165607,2026,18.103824783165607,2.08629323360683,0.479319006499953,0,18.103824783165607,DC_Charging
1,360,46.17345711450239,1.6691005792865878,11.434757377697863,2042,11.434757377697863,4.0379918514544295,0.2476478499182245,0,11.434757377697863,DC_Charging
1,360,37.48112115081284,2.1153102819871386,8.938891673282185,2043,8.938891673282185,4.193038971804713,0.23849050932374075,0,8.938891673282185,DC_Charging
1,360,37.03322058731168,2.196347454881605,36.292094298109646,2044,36.292094298109646,1.020421149661805,0.9799875280235292,0,36.292094298109646,DC_Charging
1,360,23.508552818818696,2.005018168048012,5.599948946425784,2047,5.599948946425784,4.1979941323970875,0.23820900374365034,0,5.599948946425784,DC_Charging
1,120,100.32947619767612,1.712397258046484,3.328106631986742,2052,3.328106631986742,30.14611227699263,0.033171773222751354,0,3.328106631986742,120
1,240,49.69411820797536,0.9519781824390252,7.670907961608705,2056,7.670907961608705,6.478257653029349,0.15436249275025085,0,7.670907961608705,240
1,240,149.37991199654098,4.182159010961084,13.932979557706886,2060,13.932979557706886,10.721318536200176,0.09327210982711998,0,13.932979557706886,240
1,120,246.67360953746143,7.980085049188406,5.525624207393236,2061,5.525624207393236,44.6417635870739,0.022400548715990953,0,5.525624207393236,120
1,360,30.36499321614549,2.3095555531321783,32.008146570939175,2065,32.008146570939175,0.948664526665048,1.0541134108971246,0,32.008146570939175,DC_Charging
1,240,72.25044662126341,1.157183137824568,9.14571195875051,2067,9.14571195875051,7.899925882985525,0.1265834660745047,0,9.14571195875051,240
1,240,109.8191175218425,2.039259058351379,7.799598174665832,2068,7.799598174665832,14.080099392626419,0.07102222591721818,0,7.799598174665832,240
1,360,94.7160190615356,5.126671653665187,31.63662279700304,2069,31.63662279700304,2.9938726288606294,0.3340155457383528,0,31.63662279700304,DC_Charging
1,240,83.69885503179648,1.3321638577065664,8.853225875033615,2072,8.853225875033615,9.454051688416758,0.10577475488368808,0,8.853225875033615,240
1,120,595.179163843742,7.1431866331520295,11.303702362278514,2073,11.303702362278514,52.65347093974353,0.01899210027662558,0,11.303702362278514,120
1,360,56.865682183851646,1.6635581310289576,14.595956896018675,2074,14.595956896018675,3.8959886350008914,0.2566742600366367,0,14.595956896018675,DC_Charging
1,120,188.99681537810744,2.2958801185554747,3.848513033516639,2076,3.848513033516639,49.109049061842114,0.02036284593376505,0,3.848513033516639,120
1,240,36.56899843550208,2.168466326713717,3.728532620709132,2082,3.728532620709132,9.807879440933254,0.10195883891338356,0,3.728532620709132,240
1,360,38.475145956587816,1.1470605795307047,9.504795539978318,2083,9.504795539978318,4.047971973174668,0.24703728351551274,0,9.504795539978318,DC_Charging
1,240,44.74237848672432,1.3072473194588916,6.395138721031401,2084,6.395138721031401,6.996310860244845,0.14293247112307467,0,6.395138721031401,240
1,120,941.351440656189,19.926865376678847,9.297792065594606,2089,9.297792065594606,101.24462173547094,0.009877067866506247,0,9.297792065594606,120
1,360,44.89306730259389,1.1804479659105651,18.374677921329464,2095,18.374677921329464,2.4432029499946597,0.40929878543335324,0,18.374677921329464,DC_Charging
1,360,38.298068305554985,1.6423326252238244,30.285471317745305,2096,30.285471317745305,1.264569004185014,0.7907832602970348,0,30.285471317745305,DC_Charging
1,360,43.67341556621304,4.149337545319527,17.904931581672074,2099,17.904931581672074,2.43918360519837,0.4099732377131461,0,17.904931581672074,DC_Charging
1,240,51.90680935124255,2.067276493552548,5.360013101117389,2101,5.360013101117389,9.684082552041088,0.10326223414826556,0,5.360013101117389,240
1,240,100.36331803115009,1.5598998021500965,5.367099181435194,2105,5.367099181435194,18.699732320637374,0.05347670131600661,0,5.367099181435194,240
1,120,126.91964159058752,1.4406128328726775,4.179602017766243,2106,4.179602017766243,30.366441840895362,0.032931089037019516,0,4.179602017766243,120
1,120,97.18714209393264,1.6237769057552975,3.7760368371757096,2107,3.7760368371757096,25.737869169365375,0.038853255233353,0,3.7760368371757096,120
1,360,61.373543828109625,1.99064464422076,10.308978224975505,2118,10.308978224975505,5.953407067969188,0.16797104390530407,0,10.308978224975505,DC_Charging
1,360,57.05966972103689,1.5238330315869706,13.914144406497885,2121,13.914144406497885,4.100839264999299,0.24385252271041424,0,13.914144406497885,DC_Charging
1,360,42.84593052634092,1.6244230433587945,9.918902409972318,2122,9.918902409972318,4.319624163583287,0.23150162193056706,0,9.918902409972318,DC_Charging
1,360,59.19637116717169,1.761719623435227,15.449650548782785,2123,15.449650548782785,3.8315669976001843,0.260989824953166,0,15.449650548782785,DC_Charging
1,240,80.42435981740674,1.3052424261509037,7.469874780512725,2132,7.469874780512725,10.766493707125635,0.09288074903514462,0,7.469874780512725,240
1,120,694.8270528668487,7.625260583045844,13.320187655441387,2134,13.320187655441387,52.163458266521275,0.01917050811490779,0,13.320187655441387,120
1,360,57.21242493308338,2.60850452595912,31.959151862842887,2138,31.959151862842887,1.790173443232111,0.558605091467856,0,31.959151862842887,DC_Charging
1,240,168.1028732742591,4.033362449514813,7.050422124897068,2139,7.050422124897068,23.842951570323645,0.04194111610093859,0,7.050422124897068,240
1,240,72.88687458258553,2.57953082823765,3.418385460195452,2141,3.418385460195452,21.322017493725852,0.04689987710094773,0,3.418385460195452,240
1,240,29.67132938989806,2.229774377345408,4.274485549166187,2143,4.274485549166187,6.941497181031755,0.14406114040247497,0,4.274485549166187,240
1,360,29.50883233324169,2.135582871310255,11.855334147112458,2144,11.855334147112458,2.4890763910209146,0.4017554477666481,0,11.855334147112458,DC_Charging
1,120,72.86947567385033,2.630118524419831,2.2944132163202795,2147,2.2944132163202795,31.759525771350162,0.03148661624230191,0,2.2944132163202795,120
1,240,62.65791200418792,0.9535158631381068,7.965334182474905,2153,7.965334182474905,7.866325576401556,0.12712415603543442,0,7.965334182474905,240
1,240,84.45796515475402,1.2785295056125592,4.182574674256799,2154,4.182574674256799,20.192817040322502,0.049522560324452326,0,4.182574674256799,240
1,360,50.88598390181354,2.409172924406833,34.97129389142344,2158,34.97129389142344,1.4550786728052147,0.687248063413727,0,34.97129389142344,DC_Charging
1,240,104.7266643100386,3.3400862108783893,14.052202234546227,2159,14.052202234546227,7.452686956965107,0.13417979391518967,0,14.052202234546227,240
1,240,58.93640602678601,3.494886269436461,6.97566439388271,2160,6.97566439388271,8.448859162214015,0.11835917498451363,0,6.97566439388271,240
1,360,37.58238559406648,1.6145446578060725,28.25400616736536,2167,28.25400616736536,1.330161300717624,0.7517885232869866,0,28.25400616736536,DC_Charging
1,360,62.98110813221504,1.3242467789104928,10.863915737055253,2168,10.863915737055253,5.7972750945955465,0.172494833121209,0,10.863915737055253,DC_Charging
1,240,52.22828470807608,5.02822768518478,6.068446270751011,2169,6.068446270751011,8.606533266976175,0.11619080168284072,0,6.068446270751011,240
1,360,68.37078412223512,4.701636737873665,34.4304869061349,2179,34.4304869061349,1.9857629172840032,0.5035847891488147,0,34.4304869061349,DC_Charging
1,240,159.10807868154214,2.698374711603268,6.852628056895838,2180,6.852628056895838,23.21854876122027,0.04306901392864849,0,6.852628056895838,240
1,120,129.35579766988403,3.3032780286742933,3.533886071344938,2181,3.533886071344938,36.604405195398215,0.027319116228276173,0,3.533886071344938,120
1,240,64.00401100840554,1.557237764533728,4.872347554827911,2182,4.872347554827911,13.13617517801768,0.07612565959636551,0,4.872347554827911,240
1,120,400.7576099241142,25.048186186805022,0.7809896651080095,2184,0.7809896651080095,513.140733902913,0.0019487831191924076,0,0.7809896651080095,120
1,120,601.1286199397389,7.380036129239317,12.102089616134464,2196,12.102089616134464,49.6714731923912,0.020132279872729496,0,12.102089616134464,120
1,360,66.5130057145077,1.8923498386049384,13.068386164477444,2198,13.068386164477444,5.0896112861512846,0.19647865893432312,0,13.068386164477444,DC_Charging
1,360,39.67333952911012,1.785174647381616,28.33551690794228,2202,28.33551690794228,1.4001276086828653,0.7142206137487174,0,28.33551690794228,DC_Charging
1,360,20.05998762612338,2.6252086535052803,17.21823127881808,2204,17.21823127881808,1.165043453144995,0.85833708373755,0,17.21823127881808,DC_Charging
1,240,62.421783957067305,1.1531681560438871,6.833018516180886,2205,6.833018516180886,9.135316084575184,0.10946528732470263,0,6.833018516180886,240
1,120,216.58742537701605,9.62267426271648,3.397260447544141,2210,3.397260447544141,63.75355340612339,0.01568540021024071,0,3.397260447544141,120
1,120,165.81546830480863,3.447298912951956,4.786265418135272,2211,4.786265418135272,34.64401862807899,0.028865011612408606,0,4.786265418135272,120
1,360,27.839664052719545,1.479798463331667,10.337064416411394,2214,10.337064416411394,2.693188600868208,0.3713070817534383,0,10.337064416411394,DC_Charging
1,240,45.395319233154176,2.2928376892183238,3.3760188601284966,2218,3.3760188601284966,13.446405696746124,0.07436931642200774,0,3.3760188601284966,240
1,240,130.27818985943347,2.8873122854924387,6.717226468120558,2219,6.717226468120558,19.394640105960963,0.05156063709027779,0,6.717226468120558,240
1,120,159.08038456053757,2.043027401889024,5.370021877312453,2221,5.370021877312453,29.623787052456642,0.03375665637311121,0,5.370021877312453,120
1,120,240.5853151502893,5.574342694559745,5.228075448196634,2222,5.228075448196634,46.017950110738454,0.021730650704639847,0,5.228075448196634,120
1,120,106.54404871705488,1.907249218764717,3.506441041112893,2233,3.506441041112893,30.385238898310227,0.03291071705398412,0,3.506441041112893,120
1,120,300.8216314468188,3.788149618788644,7.25025625127418,2234,7.25025625127418,41.49117231462703,0.024101512302834274,0,7.25025625127418,120
1,360,47.3044928112748,2.777746261861084,34.69646888450332,2236,34.69646888450332,1.3633806070796637,0.7334708993272111,0,34.69646888450332,DC_Charging
1,120,275.990844293509,4.512415807373967,4.3433312742749735,2238,4.3433312742749735,63.5435859862151,0.01573722956423857,0,4.3433312742749735,120
1,240,93.7659180435355,2.810227312133996,11.153545739045953,2240,11.153545739045953,8.406825976001782,0.11895095757359686,0,11.153545739045953,240
1,360,40.72563523632962,1.43987397478724,10.306954820137406,2244,10.306954820137406,3.951277166439223,0.25308272689490197,0,10.306954820137406,DC_Charging
1,360,43.689814368613504,2.6071240210057787,34.36164950779499,2245,34.36164950779499,1.2714702290034825,0.7864910850360626,0,34.36164950779499,DC_Charging
1,360,38.10837166576914,6.758299245772699,16.737260454708988,2249,16.737260454708988,2.276858376488217,0.43920166942591354,0,16.737260454708988,DC_Charging
1,120,816.8302011307617,14.770397780410557,10.524116952556042,2250,10.524116952556042,77.61508208366824,0.012884093827563186,0,10.524116952556042,120
1,240,94.70940806451408,2.2972516420376308,13.747076115667838,2251,13.747076115667838,6.889421959086393,0.1451500584430178,0,13.747076115667838,240
1,360,34.49991447280775,1.7640306792462617,20.16083646047271,2258,20.16083646047271,1.7112342804053893,0.5843735200086695,0,20.16083646047271,DC_Charging
1,240,54.33298642836083,5.507915029245239,4.656917390336545,2259,4.656917390336545,11.667157021317552,0.08571068326009997,0,4.656917390336545,240
1,360,67.85747954593138,1.7836916479923968,11.506434204226224,2261,11.506434204226224,5.897350850970656,0.1695676627134043,0,11.506434204226224,DC_Charging
1,240,37.94623677997296,2.0151880111460554,3.466664066167965,2275,3.466664066167965,10.946038051480011,0.09135725595845068,0,3.466664066167965,240
1,120,244.12292657539143,2.789302069238092,7.090607111517173,2282,7.090607111517173,34.42905843406075,0.02904523229745655,0,7.090607111517173,120
1,360,31.745551766573243,1.2516122125779323,16.95400624868357,2285,16.95400624868357,1.8724513428227736,0.5340592714641501,0,16.95400624868357,DC_Charging
1,360,34.55975171726183,1.2570603553881188,23.95726019642467,2286,23.95726019642467,1.4425585995187986,0.6932127404277197,0,23.95726019642467,DC_Charging
1,120,120.9080685959912,9.317443014956442,1.4306441732100694,2291,1.4306441732100694,84.51302627172382,0.011832495463892503,0,1.4306441732100694,120
1,360,39.77931403197699,2.024275851127205,32.44092205676456,2293,32.44092205676456,1.2262078729566266,0.8155224102327812,0,32.44092205676456,DC_Charging
1,120,330.4071594346056,3.533974336463361,8.549840050851373,2296,8.549840050851373,38.644835162934356,0.025876679141825808,0,8.549840050851373,120
1,360,25.31426135206311,3.593324954698523,12.989123651498415,2297,12.989123651498415,1.9488813896342325,0.513114859282268,0,12.989123651498415,DC_Charging
1,360,69.36073496544066,2.715987200490076,35.67000972177284,2298,35.67000972177284,1.9445112436597716,0.5142680471818185,0,35.67000972177284,DC_Charging
1,120,687.8833145847701,12.998242920209126,10.062197775646863,2299,10.062197775646863,68.3631280086371,0.014627768347195265,0,10.062197775646863,120
1,360,35.4602665807389,2.1791979520290283,16.284850447862013,2302,16.284850447862013,2.177500290485896,0.4592421890225586,0,16.284850447862013,DC_Charging
1,240,77.16631488147881,1.2213306541553537,6.725703118841494,2307,6.725703118841494,11.473345391250447,0.08715853710484461,0,6.725703118841494,240
1,360,45.48450150943743,2.2936800103296684,31.152396206261443,2308,31.152396206261443,1.460064298369938,0.6849013438082362,0,31.152396206261443,DC_Charging
1,120,215.67054847975376,4.885333183058103,4.904022583651553,2310,4.904022583651553,43.97829430858059,0.022738489878287308,0,4.904022583651553,120
1,360,33.91974616967611,1.7554755637814858,7.0887169349811785,2314,7.0887169349811785,4.785033240964949,0.2089849640832046,0,7.0887169349811785,DC_Charging
1,120,215.91058870753676,2.303145952636985,6.544421033531449,2315,6.544421033531449,32.991549229684686,0.030310792410446537,0,6.544421033531449,120
1,240,58.23761481714229,1.5815694505106992,7.808124786000064,2318,7.808124786000064,7.458591712258761,0.13407356758199063,0,7.808124786000064,240
1,120,118.94160216159165,7.113276573032687,2.241896284987291,2319,2.241896284987291,53.0540163512809,0.018848714362713025,0,2.241896284987291,120
1,240,80.73320147804117,1.364584503183076,5.290492907729231,2323,5.290492907729231,15.26005286957151,0.06553057243949635,0,5.290492907729231,240
1,120,120.32878641648702,1.697564446437842,2.548937560708339,2325,2.548937560708339,47.2074280168119,0.0211831070238326,0,2.548937560708339,120
1,120,820.5037681876037,24.124042816319733,5.545042232423924,2331,5.545042232423924,147.9706977504721,0.006758094779591653,0,5.545042232423924,120
1,240,90.01675471374429,1.3302493074322643,4.657775047531288,2334,4.657775047531288,19.326127559864645,0.05174342334761055,0,4.657775047531288,240
1,360,47.561567938502016,1.4204510150275114,14.914713935555396,2341,14.914713935555396,3.1889024586062846,0.31358751576147353,0,14.914713935555396,DC_Charging
1,120,327.24432315100006,12.458044410950562,5.612355832058597,2343,5.612355832058597,58.3078359504101,0.017150353527962937,0,5.612355832058597,120
1,360,43.01235998639802,2.86973396141759,35.670525981443475,2347,35.670525981443475,1.2058235420687071,0.829308738063285,0,35.670525981443475,DC_Charging
1,360,95.26194475328708,6.577496947597218,29.404757299962085,2349,29.404757299962085,3.2396779807262654,0.30867265387154985,0,29.404757299962085,DC_Charging
1,360,73.46717892959359,5.275391784552744,29.47948172390092,2350,29.47948172390092,2.492146219450968,0.401260564968096,0,29.47948172390092,DC_Charging
1,360,43.593988003555,1.202147288347535,21.38382231311283,2354,21.38382231311283,2.038643389625559,0.49052227824095895,0,21.38382231311283,DC_Charging
1,240,119.87887093287029,2.6275767680744324,4.814334956033406,2355,4.814334956033406,24.900400995704725,0.040159995823862364,0,4.814334956033406,240
1,360,42.87902595692536,2.327978487712988,32.22899746197213,2358,32.22899746197213,1.3304486435707314,0.7516261562085891,0,32.22899746197213,DC_Charging
1,360,76.76418389023797,4.843856396910509,29.675335654752857,2359,29.675335654752857,2.586800863293463,0.386577882429968,0,29.675335654752857,DC_Charging
1,360,43.191687876684014,2.726357453670643,30.892559383327267,2361,30.892559383327267,1.3981259157178991,0.7152431614047634,0,30.892559383327267,DC_Charging
1,120,62.74499479254053,4.338901532797042,1.2472221082975778,2367,1.2472221082975778,50.307795520226655,0.019877635059519592,0,1.2472221082975778,120
1,120,829.5277864757195,13.024791444603329,11.141330369097403,2373,11.141330369097403,74.45500303774965,0.013430930887115633,0,11.141330369097403,120
1,120,515.8327862881667,30.34736407698706,0.7412626507763633,2379,0.7412626507763633,695.8839565812576,0.0014370212023751853,0,0.7412626507763633,120
1,120,495.0782854807837,4.670456944278931,12.1419498587682,2381,12.1419498587682,40.7741994687342,0.024525312894660346,0,12.1419498587682,120
1,120,203.3751676632673,2.0689400029018605,6.01856059838444,2382,6.01856059838444,33.79133005952606,0.02959338973157973,0,6.01856059838444,120
1,120,213.05622639841312,7.814949254476283,4.164014306420867,2383,4.164014306420867,51.16606493639626,0.019544203785127594,0,4.164014306420867,120
1,120,286.13056944270045,18.914923370462176,0.8293931726137345,2385,0.8293931726137345,344.9878524331154,0.0028986527871843696,0,0.8293931726137345,120
1,360,61.079052958006365,6.209782133123901,21.594173148586734,2389,21.594173148586734,2.8284969532164643,0.3535446622499756,0,21.594173148586734,DC_Charging
1,240,71.57943410043931,1.2124080028010993,8.875325119644003,2391,8.875325119644003,8.064992902852715,0.12399266955911198,0,8.875325119644003,240
1,240,61.69058856680581,1.1795825747457842,6.425797884051548,2392,6.425797884051548,9.600455800192256,0.10416172115286175,0,6.425797884051548,240
1,120,56.14948103488815,2.705969866294901,1.554071868334347,2397,1.554071868334347,36.13055623680333,0.02767740395265156,0,1.554071868334347,120
1,120,308.0075719512569,3.717762005217876,9.295060885401613,2402,9.295060885401613,33.13669224426482,0.03017802720406037,0,9.295060885401613,120
1,240,58.74322004541317,1.0320559228821835,6.850105045924877,2404,6.850105045924877,8.575521054287988,0.11661099001091876,0,6.850105045924877,240
1,360,56.59011244315485,4.599818906158648,25.798167240961035,2410,25.798167240961035,2.193571036058093,0.4558776458851441,0,25.798167240961035,DC_Charging
1,120,295.22841911023363,9.560812706909594,5.354642335189098,2416,5.354642335189098,55.13503995777296,0.018137286211561358,0,5.354642335189098,120
1,360,35.71737479971984,1.6772474780806346,27.915473051736072,2424,27.915473051736072,1.2794830570674698,0.7815656444032677,0,27.915473051736072,DC_Charging
1,120,187.54082233663755,2.113824464881469,6.374305145290933,2425,6.374305145290933,29.421375045903595,0.03398889407581351,0,6.374305145290933,120
1,120,52.81583614914946,3.181548803663625,1.609394920780261,2426,1.609394920780261,32.81720071761099,0.03047182508358676,0,1.609394920780261,120
1,240,64.3108818712627,1.5624642763343748,6.240518949678588,2443,6.240518949678588,10.305374022552238,0.0970367497396605,0,6.240518949678588,240
1,360,40.74201197756094,8.674302757333768,21.465274766307573,2449,21.465274766307573,1.8980428818694002,0.5268584864716495,0,21.465274766307573,DC_Charging
1,360,36.957661082977694,1.8971251635589896,31.560516129429946,2452,31.560516129429946,1.1710094008416723,0.8539641093241798,0,31.560516129429946,DC_Charging
1,120,742.962347247091,9.688398907776651,12.93203532404972,2457,12.93203532404972,57.45130821483322,0.017406044023586087,0,12.93203532404972,120
1,120,312.06723888309176,3.1321595175091885,8.929016125389225,2463,8.929016125389225,34.94979004413977,0.02861247517473072,0,8.929016125389225,120
1,120,168.35082610804338,1.7403905665505472,4.585673555789995,2467,4.585673555789995,36.71234423032121,0.027238794497194945,0,4.585673555789995,120
1,120,504.54329183273416,6.414301150661087,9.86629388418163,2468,9.86629388418163,51.13807654175548,0.019554900528639865,0,9.86629388418163,120
1,120,262.61912844915406,5.392912750044972,5.935284582804741,2480,5.935284582804741,44.24709966056125,0.02260035138283492,0,5.935284582804741,120
1,120,98.44087098292503,4.668484190549204,1.8576575349697464,2481,1.8576575349697464,52.99193695813703,0.01887079539647678,0,1.8576575349697464,120
1,240,90.84158505959552,1.936724822228887,3.802432694528733,2485,3.802432694528733,23.890386065296095,0.041857841780657976,0,3.802432694528733,240
1,360,79.46092649951784,3.9929895037866014,28.35230367400653,2489,28.35230367400653,2.8026268134383674,0.3568081184426986,0,28.35230367400653,DC_Charging
1,120,141.42678698123694,2.7907068769958165,4.323746713866669,2498,4.323746713866669,32.709313551524126,0.030572332202104677,0,4.323746713866669,120
1,360,56.59175600025642,11.94004387188702,18.74462793594708,2499,18.74462793594708,3.019091986975579,0.33122541622249974,0,18.74462793594708,DC_Charging
1,120,226.615285691178,2.60008624584946,6.165886120197442,2501,6.165886120197442,36.75307673115465,0.02720860643354861,0,6.165886120197442,120
1,120,256.55748395431345,2.613020797107027,6.845300500280487,2502,6.845300500280487,37.479360320821705,0.026681351854461847,0,6.845300500280487,120
1,120,255.58705724580443,2.498248161797456,7.94729840107847,2506,7.94729840107847,32.160244192054066,0.031094291263095358,0,7.94729840107847,120
1,120,157.65368875169705,8.744211006893439,2.830382348888918,2507,2.830382348888918,55.700491777580815,0.017953162855242424,0,2.830382348888918,120
1,120,832.7356569592804,19.60417767108044,7.604002373649209,2508,7.604002373649209,109.51280865521946,0.009131351960374904,0,7.604002373649209,120
1,120,164.5122856283081,7.146729911588211,2.9700056094869183,2510,2.9700056094869183,55.39123734406964,0.018053397034414925,0,2.9700056094869183,120
1,120,77.48112041150641,5.57775600582466,0.104064988920399,2512,0.104064988920399,744.5455115627118,0.001343101240246711,0,0.104064988920399,120
1,360,37.23031139562383,1.8876322768381169,28.387734075595542,2522,28.387734075595542,1.3114928897276836,0.7624898372172177,0,28.387734075595542,DC_Charging
1,120,135.650864041763,5.595430132258817,3.873168596173528,2525,3.873168596173528,35.023227281089284,0.028552480100540244,0,3.873168596173528,120
1,360,19.39268689700854,2.514605886327514,14.432777206256103,2532,14.432777206256103,1.3436559450666563,0.7442381389905522,0,14.432777206256103,DC_Charging
1,240,68.64259978731513,1.2126320993125326,6.544754104286696,2533,6.544754104286696,10.488186216554029,0.09534537043417955,0,6.544754104286696,240
1,120,63.133742007831216,2.7755447447770525,2.129243428795135,2536,2.129243428795135,29.65078635633334,0.03372591836123099,0,2.129243428795135,120
1,360,68.18370540785492,4.207900611806846,22.813811640136663,2539,22.813811640136663,2.9887029174861053,0.33459330940832765,0,22.813811640136663,DC_Charging
1,360,59.911358951832014,3.071558889813787,13.872685424238966,2540,13.872685424238966,4.318656202435921,0.2315535095004677,0,13.872685424238966,DC_Charging
1,360,27.11415309037534,1.4908093947901089,7.588006650628642,2543,7.588006650628642,3.573290633335043,0.27985409042048015,0,7.588006650628642,DC_Charging
1,360,61.22349478614536,6.344099154161479,33.01339574410787,2549,33.01339574410787,1.8545046156626388,0.5392275605864086,0,33.01339574410787,DC_Charging
1,360,44.51298644991708,0.9865506827471306,10.350487167847705,2553,10.350487167847705,4.3005692126444295,0.2325273587179632,0,10.350487167847705,DC_Charging
1,360,21.752121583729227,2.399563454667832,10.81860978757328,2554,10.81860978757328,2.010620773910771,0.49735883214562815,0,10.81860978757328,DC_Charging
1,360,41.2763261406172,1.7782795191205902,10.642357070667416,2558,10.642357070667416,3.8784947607502738,0.25783198423260356,0,10.642357070667416,DC_Charging
1,120,833.8344796722344,22.80496830816822,8.244422495062139,2560,8.244422495062139,101.13922232535339,0.009887360976368926,0,8.244422495062139,120
1,120,204.07499207099943,9.7006439990403,4.449813994726256,2564,4.449813994726256,45.86146574055928,0.021804798077258422,0,4.449813994726256,120
1,120,157.64690861904535,1.930839669207996,5.779882095177101,2567,5.779882095177101,27.27510804253091,0.03666346613332088,0,5.779882095177101,120
1,120,818.438136797881,18.22431938366425,6.869306574964654,2573,6.869306574964654,119.14421461122404,0.00839318974289327,0,6.869306574964654,120
1,360,66.00156898385855,1.4641819743353013,11.557802041453629,2574,11.557802041453629,5.71056406288453,0.17511404985357581,0,11.557802041453629,DC_Charging
1,240,50.80397518236511,1.937499518145426,4.341815802338616,2578,4.341815802338616,11.701089473901853,0.08546212745662729,0,4.341815802338616,240
1,360,52.4793481667103,1.2753860787513944,10.129494721743768,2582,10.129494721743768,5.1808456007247035,0.1930186840272018,0,10.129494721743768,DC_Charging
1,120,397.5035874746944,6.034982275416553,10.080475033340846,2584,10.080475033340846,39.43302137646928,0.02535945674699749,0,10.080475033340846,120
1,120,125.34575366118744,1.521125206078286,4.811895212751253,2587,4.811895212751253,26.04914448864726,0.038388976668152,0,4.811895212751253,120
1,240,79.63070925728553,1.834755538254669,7.609797804790432,2591,7.609797804790432,10.4642345696961,0.09556360700246055,0,7.609797804790432,240
1,360,48.74752859273142,0.9709424707928374,8.583230394064515,2594,8.583230394064515,5.679391832059101,0.17607519071939848,0,8.583230394064515,DC_Charging
1,360,90.692017686491,3.9108234832392568,16.88300389043458,2600,16.88300389043458,5.371793922163014,0.1861575508088997,0,16.88300389043458,DC_Charging
1,360,41.294772954886966,1.43384855231931,11.66982206321083,2602,11.66982206321083,3.5385949101202607,0.2825980439693829,0,11.66982206321083,DC_Charging
1,360,63.86462854172464,5.143207070438889,22.65627749967545,2609,22.65627749967545,2.818849148658225,0.35475470564858036,0,22.65627749967545,DC_Charging
1,360,57.85415492872422,2.420812734955514,31.030583904300087,2612,31.030583904300087,1.8644236636716023,0.5363587791149914,0,31.030583904300087,DC_Charging
1,120,813.8002319152151,15.134100166658724,10.80039914403035,2613,10.80039914403035,75.34908859039925,0.01327156066128472,0,10.80039914403035,120
1,120,143.508670098899,1.8072916082286952,4.917262146172476,2616,4.917262146172476,29.184669401976873,0.03426456494080633,0,4.917262146172476,120
1,360,75.25016997390722,3.110108420784134,18.9757457330104,2620,18.9757457330104,3.965597507085124,0.2521688089155172,0,18.9757457330104,DC_Charging
1,360,24.242476440331576,3.930243537228896,17.721201426310984,2621,17.721201426310984,1.3679928271871193,0.7309979848770187,0,17.721201426310984,DC_Charging
1,360,53.89336248015192,1.3534853419782862,11.92417987222126,2622,11.92417987222126,4.519670372106905,0.2212550734167449,0,11.92417987222126,DC_Charging
1,360,68.0150624771599,2.0723600062433447,14.74388194519112,2628,14.74388194519112,4.613104115320441,0.2167737763990477,0,14.74388194519112,DC_Charging
1,120,774.9032727276443,11.421633355079967,13.036294797209765,2631,13.036294797209765,59.441987526509564,0.016823125228678237,0,13.036294797209765,120
1,360,89.47242477989457,6.35276644996243,30.713433931157425,2639,30.713433931157425,2.9131364789896947,0.34327262289709476,0,30.713433931157425,DC_Charging
1,240,98.27001458159212,1.5580904759744831,4.642911765078566,2642,4.642911765078566,21.16560028573561,0.04724647477510676,0,4.642911765078566,240
1,240,75.12219313167614,1.2306363388395634,4.300115343782153,2643,4.300115343782153,17.469808859964825,0.05724161082790539,0,4.300115343782153,240
1,120,155.61014794601527,1.7690872475235029,4.911824766093119,2645,4.911824766093119,31.68072057867571,0.03156493860411432,0,4.911824766093119,120
1,240,86.19837814261084,1.3367190485629423,4.278890409904278,2646,4.278890409904278,20.14503057687312,0.049640033862644976,0,4.278890409904278,240
1,120,107.30201901293977,1.720899365220539,4.207463386442356,2647,4.207463386442356,25.502781404752657,0.0392114093019533,0,4.207463386442356,120
1,360,49.39525554951916,1.888032744788608,22.362275944022187,2651,22.362275944022187,2.208865308395559,0.4527211307086733,0,22.362275944022187,DC_Charging
1,240,52.772419768265,1.234635294857933,6.093684707229571,2653,6.093684707229571,8.660182189218881,0.11547101182754638,0,6.093684707229571,240
1,120,172.4507473198514,3.506177915896258,5.040248522546065,2655,5.040248522546065,34.21473098964145,0.02922717703970115,0,5.040248522546065,120
1,360,46.607003210610856,1.8150426178614825,25.25462074871062,2656,25.25462074871062,1.8454841858193567,0.5418632181646253,0,25.25462074871062,DC_Charging
1,120,500.190829063959,15.205017863136694,4.147302481276526,2669,4.147302481276526,120.6063052603778,0.00829144046690671,0,4.147302481276526,120
1,240,72.37375384935804,2.0813640191601,3.412090422921352,2673,3.412090422921352,21.21097183215717,0.047145411719605276,0,3.412090422921352,240
1,360,38.25851262927153,1.7392756313726414,19.83847393001048,2676,19.83847393001048,1.9285007891356147,0.5185375114356143,0,19.83847393001048,DC_Charging
1,360,55.46444128734706,2.1962736659320643,24.364664017469394,2677,24.364664017469394,2.2764295558345977,0.4392844037000628,0,24.364664017469394,DC_Charging
1,360,41.18467301338931,2.714868919273885,20.08547087533003,2682,20.08547087533003,2.05047087364899,0.48769285769976034,0,20.08547087533003,DC_Charging
1,120,335.06356628446423,3.5646670173267583,8.530771750113686,2687,8.530771750113686,39.27705207679469,0.025460159231013444,0,8.530771750113686,120
1,360,62.9174910741135,1.9288191904058924,17.895105994392395,2688,17.895105994392395,3.515904912428532,0.28442179891300656,0,17.895105994392395,DC_Charging
1,240,59.00616344363391,1.364104698903783,8.057852911512612,2694,8.057852911512612,7.322814661872171,0.13655951245177866,0,8.057852911512612,240
1,360,30.585759335815617,1.4456451863991744,19.851280500549592,2695,19.851280500549592,1.5407449073609552,0.6490367063505905,0,19.851280500549592,DC_Charging
1,360,26.452823584376723,1.39674812008714,14.430445710969408,2696,14.430445710969408,1.8331258863521047,0.5455162722021161,0,14.430445710969408,DC_Charging
1,360,29.61182490141197,1.833310930252084,15.459351234529253,2698,15.459351234529253,1.9154636214793053,0.5220668191169843,0,15.459351234529253,DC_Charging
1,240,105.60313249914368,3.3857395572343583,13.309121379598423,2700,13.309121379598423,7.934643428906052,0.12602960787840592,0,13.309121379598423,240
1,360,72.28842860081427,2.805193285588356,25.14773834335304,2701,25.14773834335304,2.8745498944608388,0.3478805505957529,0,25.14773834335304,DC_Charging
1,120,144.19163977340162,2.1252894009029566,1.4860255130381432,2703,1.4860255130381432,97.03173903024404,0.010305906191048557,0,1.4860255130381432,120
1,120,90.48147324185976,1.8183307168516392,2.560894800821572,2705,2.560894800821572,35.33197584408075,0.028302974178771617,0,2.560894800821572,120
1,240,73.147328745554,1.0920959130576258,10.052322227753905,2714,10.052322227753905,7.2766597695802355,0.13742569141138866,0,10.052322227753905,240
1,120,552.770419506419,10.719471095403144,8.848113238940627,2715,8.848113238940627,62.47325328903696,0.016006850089484354,0,8.848113238940627,120
1,120,148.4903174117925,1.9661127242685432,3.879247137456716,2716,3.879247137456716,38.27812772690338,0.026124579737403418,0,3.879247137456716,120
1,120,520.6611231829235,7.629470955851621,9.744714731748942,2718,9.744714731748942,53.43010416575604,0.01871604062192548,0,9.744714731748942,120
1,120,372.4273036310989,5.395808305912154,8.604372060253581,2722,8.604372060253581,43.283495997513036,0.023103494229242887,0,8.604372060253581,120
1,360,54.51969377972704,1.9714304596392664,15.761321508001714,2723,15.761321508001714,3.4590813817260475,0.28909409454281465,0,15.761321508001714,DC_Charging
1,240,45.30165853953376,1.2332648280194458,6.328466282600573,2726,6.328466282600573,7.158394548784392,0.13969612783774482,0,6.328466282600573,240
1,120,146.41025801744672,2.0390947502608743,2.8212062495819623,2735,2.8212062495819623,51.896332655275145,0.019269184330279496,0,2.8212062495819623,120
1,240,59.21397965701381,1.1421410227158566,5.705082730318324,2737,5.705082730318324,10.379162311237838,0.09634688908538112,0,5.705082730318324,240
1,120,527.1043964891429,9.069779827562227,9.57780464952765,2740,9.57780464952765,55.033947316427906,0.018170602850824315,0,9.57780464952765,120
1,360,48.67627837010446,1.1470578498678936,10.443422235329464,2742,10.443422235329464,4.660950909888098,0.21454849435949291,0,10.443422235329464,DC_Charging
1,240,93.04784169519438,1.7444679783613288,4.979912755233741,2743,4.979912755233741,18.684632897916504,0.053519916899812815,0,4.979912755233741,240
1,240,95.60249566771112,3.046928878107646,5.182669577488099,2748,5.182669577488099,18.44657357339132,0.05421060968430867,0,5.182669577488099,240
1,360,64.33355339942442,6.432779735141789,27.881566448852297,2749,27.881566448852297,2.3073866211011476,0.43339074208672185,0,27.881566448852297,DC_Charging
1,120,571.0883671334609,10.024294659235586,9.12566109928487,2750,9.12566109928487,62.580492626250845,0.01597942039178718,0,9.12566109928487,120
1,240,56.48617124471117,1.9305705772869972,8.698456221840928,2751,8.698456221840928,6.493815661551554,0.15399266811972795,0,8.698456221840928,240
1,120,265.1870485380522,4.911186435918206,6.475067375520908,2759,6.475067375520908,40.95510257400501,0.024416981942433694,0,6.475067375520908,120
1,360,56.11000992641976,9.72042859509569,21.054598525092587,2760,21.054598525092587,2.6649764829069813,0.37523783283415346,0,21.054598525092587,DC_Charging
1,360,48.82605164745436,1.5184719738258248,10.140927375417505,2765,10.140927375417505,4.814752126695334,0.20769501184817227,0,10.140927375417505,DC_Charging
1,360,61.8968310834531,2.9074217994759968,12.739495447212448,2769,12.739495447212448,4.858656399692569,0.20581821757621613,0,12.739495447212448,DC_Charging
1,360,50.57359039294619,1.182337156736815,8.31121983502618,2775,8.31121983502618,6.084978065411367,0.16433912977998485,0,8.31121983502618,DC_Charging
1,240,61.63452378227614,4.650227149024404,3.26761265606568,2780,3.26761265606568,18.86224906977997,0.053015947159882615,0,3.26761265606568,240
1,360,55.38342532051033,2.1577850680799537,10.336972821953708,2781,10.336972821953708,5.357799258491497,0.18664379752845628,0,10.336972821953708,DC_Charging
1,120,628.6920799931486,6.967380146242831,12.1939338768928,2785,12.1939338768928,51.55777342572805,0.01939571733912361,0,12.1939338768928,120
1,360,40.22536881099271,2.134005830634509,34.66591796947863,2792,34.66591796947863,1.1603722378391614,0.8617924209064105,0,34.66591796947863,DC_Charging
1,360,36.53572651556445,1.693528948159258,9.452478451098472,2793,9.452478451098472,3.8652007200628566,0.258718776183954,0,9.452478451098472,DC_Charging
1,120,152.27371967610233,1.7240886680276597,5.235078260825631,2794,5.235078260825631,29.08719069504169,0.034379394369304414,0,5.235078260825631,120
1,240,95.68698994555028,1.2030069560257766,4.704521528029687,2796,4.704521528029687,20.33936700585685,0.04916573852627978,0,4.704521528029687,240
1,120,101.53751640536176,1.6129026335446928,3.727366873065776,2797,3.727366873065776,27.241084621714926,0.036709257868640856,0,3.727366873065776,120
1,120,235.07924443184115,3.9962633380872297,5.919430414855157,2799,5.919430414855157,39.713152779344455,0.025180574444850386,0,5.919430414855157,120
1,240,78.70221347760497,1.3460179531169436,6.589477179946982,2802,6.589477179946982,11.943620309834383,0.08372670715064506,0,6.589477179946982,240
1,240,105.51519667891732,1.609298245882996,4.68487035347033,2808,4.68487035347033,22.522543574926605,0.04439995849817148,0,4.68487035347033,240
1,360,95.2372141826715,3.3699575273965405,16.103709917622936,2810,16.103709917622936,5.913992158940319,0.16909051840528344,0,16.103709917622936,DC_Charging
1,360,33.971395043514526,1.4691951321684809,23.735759817418995,2817,23.735759817418995,1.4312326761321494,0.6986984133861875,0,23.735759817418995,DC_Charging
1,120,645.1113551585845,24.61909305489604,4.277757969336449,2819,4.277757969336449,150.80595016895077,0.0066310380915320715,0,4.277757969336449,120
1,240,90.4814217657984,1.3983874146857087,4.752175626336125,2822,4.752175626336125,19.039999545546802,0.052521009656950675,0,4.752175626336125,240
1,240,37.1887260917787,1.4110969008418133,5.362119773644309,2825,5.362119773644309,6.935452332595652,0.14418670218525478,0,5.362119773644309,240
1,240,52.19701300080793,1.1745569132958564,5.907464847973046,2826,5.907464847973046,8.835772085671849,0.1131763008715002,0,5.907464847973046,240
1,240,53.28295199097906,1.2115837326857637,6.035672108435065,2827,6.035672108435065,8.828006398245897,0.11327585809166354,0,6.035672108435065,240
1,360,70.62156019717585,5.619010544587241,33.34524246432565,2829,33.34524246432565,2.117890138982501,0.4721680230686708,0,33.34524246432565,DC_Charging
1,120,149.01322595039892,7.83576443032335,2.396940721553051,2830,2.396940721553051,62.168089769799856,0.016085422661414668,0,2.396940721553051,120
1,360,27.1447353861076,2.2146643728809736,5.295847020119766,2832,5.295847020119766,5.125664559980761,0.19509665298966686,0,5.295847020119766,DC_Charging
1,360,39.49507057494326,1.759423360635556,28.981274488207987,2836,28.981274488207987,1.36277894165811,0.7337947259320632,0,28.981274488207987,DC_Charging
1,240,76.94969626160862,2.8182563951589663,7.855987053528523,2839,7.855987053528523,9.795038578512754,0.102092502442378,0,7.855987053528523,240
1,360,59.38199384438809,1.5361897748649602,12.75784764582636,2844,12.75784764582636,4.6545464010000535,0.21484370631371183,0,12.75784764582636,DC_Charging
1,360,36.647260433056765,2.3917471092348546,35.01136230327921,2845,35.01136230327921,1.0467247779622768,0.9553609707670828,0,35.01136230327921,DC_Charging
1,360,52.45876509589465,2.6706334126142237,36.223789812978126,2847,36.223789812978126,1.4481854429571561,0.6905193011455955,0,36.223789812978126,DC_Charging
1,240,87.84966400710728,1.7451171097885538,7.320692389239255,2851,7.320692389239255,12.000185137711592,0.08333204767461594,0,7.320692389239255,240
1,120,140.3600853305634,5.43782186704352,4.35676235248016,2860,4.35676235248016,32.21660351766973,0.03103989529658312,0,4.35676235248016,120
1,360,46.707815399896944,1.180687207647919,15.21721712223625,2862,15.21721712223625,3.069405859475112,0.3257959506765933,0,15.21721712223625,DC_Charging
1,360,44.46919135229557,1.0130934836547918,11.287889828173334,2865,11.287889828173334,3.939548669345208,0.25383618376929706,0,11.287889828173334,DC_Charging
1,120,349.46906851512296,7.990545821509937,7.073645483306407,2868,7.073645483306407,49.40437986888932,0.020241120375436895,0,7.073645483306407,120
1,240,118.7019810960225,2.9269277938173683,8.48474969850794,2869,8.48474969850794,13.990039224951618,0.07147942789298779,0,8.48474969850794,240
1,360,53.575317635121,1.5951853608273916,19.40168494158442,2876,19.40168494158442,2.7613744783727956,0.36213849582229546,0,19.40168494158442,DC_Charging
1,360,41.46917752759129,2.452696957662808,18.228235037017868,2878,18.228235037017868,2.2749968630191435,0.4395610456679497,0,18.228235037017868,DC_Charging
1,240,89.82191782154683,3.4087543129853963,11.502379067781137,2879,11.502379067781137,7.808986062122008,0.12805759826497382,0,11.502379067781137,240
1,360,84.52603856902358,4.153856458076606,22.32144146942936,2880,22.32144146942936,3.7867643397845696,0.264077695433482,0,22.32144146942936,DC_Charging
1,120,159.5813054672259,1.8274099275761604,4.2332597164359385,2886,4.2332597164359385,37.697026914658665,0.026527290925724048,0,4.2332597164359385,120
1,120,223.17089005945175,16.675723555483422,0.655372029768003,2889,0.655372029768003,340.52550295509656,0.002936637612519333,0,0.655372029768003,120
1,120,751.251405038744,16.12335673773448,9.779762101969425,2890,9.779762101969425,76.81694065824554,0.013017961811951695,0,9.779762101969425,120
1,360,25.06993758060379,2.2964906824887867,9.70167366340263,2894,9.70167366340263,2.5840837829017542,0.3869843565509577,0,9.70167366340263,DC_Charging
1,240,40.16521167958598,1.9318677834977789,4.248397782261748,2896,4.248397782261748,9.454202204719861,0.10577307088912968,0,4.248397782261748,240
1,120,111.92897420198496,3.3293591643523097,3.286297925434837,2898,3.286297925434837,34.059290040532375,0.02936056502675031,0,3.286297925434837,120
1,360,25.654540178734305,1.8349707413485563,27.74041938954906,2906,27.74041938954906,0.9248072214942579,1.0813064352852364,0,27.74041938954906,DC_Charging
1,360,51.41976491994871,1.3909710969350269,15.494956498264756,2908,15.494956498264756,3.318483980623443,0.30134242197309935,0,15.494956498264756,DC_Charging
1,120,184.9312948827252,3.760126019832741,5.608675400213159,2909,5.608675400213159,32.97236543154144,0.030328427666987998,0,5.608675400213159,120
1,360,75.23585227512977,2.219540959519956,23.208642040170943,2911,23.208642040170943,3.2417171217905354,0.30847848915566645,0,23.208642040170943,DC_Charging
1,120,469.5971644758651,14.499625091549664,5.943769560294555,2912,5.943769560294555,79.00662361018473,0.012657166631166988,0,5.943769560294555,120
1,120,47.31917819620472,4.027504417014756,1.3183327145420236,2917,1.3183327145420236,35.89319879135591,0.027860431326082537,0,1.3183327145420236,120
1,360,50.58393340441536,1.6594210188508869,24.812044655912203,2918,24.812044655912203,2.0386846028169727,0.4905123620486661,0,24.812044655912203,DC_Charging
1,240,119.54358528414971,3.28723042906104,10.36855625631965,2919,10.36855625631965,11.529434024268106,0.08673452642125513,0,10.36855625631965,240
1,240,113.72112063149528,2.875081106703763,11.187677164689504,2920,11.187677164689504,10.164855399154828,0.09837818254484432,0,11.187677164689504,240
1,360,53.01291960373856,2.0207008733809584,23.76082339175106,2921,23.76082339175106,2.2311061670591275,0.4482081645259056,0,23.76082339175106,DC_Charging
1,120,246.7014801478192,2.4898223090748357,6.708017061738076,2927,6.708017061738076,36.777109819082334,0.027190826166582988,0,6.708017061738076,120
1,120,179.57048960939758,13.223691231109614,1.4994482644744522,2929,1.4994482644744522,119.7577094614438,0.008350193106540267,0,1.4994482644744522,120
1,120,205.1492239340757,2.905217112460959,4.407514008810352,2931,4.407514008810352,46.545336787131,0.02148442935483245,0,4.407514008810352,120
1,360,36.57101703247917,2.1253721713236824,33.1522945758132,2933,33.1522945758132,1.1031217446758619,0.9065182558737768,0,33.1522945758132,DC_Charging
1,120,367.1155329830656,4.408117328539065,7.844421171552696,2937,7.844421171552696,46.799569395175666,0.02136771797099238,0,7.844421171552696,120
1,360,59.42380711364776,2.6224703614374776,33.64006004332926,2938,33.64006004332926,1.7664596031371045,0.5661040865152378,0,33.64006004332926,DC_Charging
1,360,90.47953185897468,5.214585463556475,30.260266188342257,2939,30.260266188342257,2.9900441488459824,0.3344432223136081,0,30.260266188342257,DC_Charging
1,120,234.9544958740288,2.5946595000735675,6.240585563829626,2946,6.240585563829626,37.64943104631443,0.02656082634475539,0,6.240585563829626,120
1,120,107.4616977552374,2.7295420015812533,2.829766167991721,2948,2.829766167991721,37.97546912913399,0.02633278858516644,0,2.829766167991721,120
1,120,222.3299771212912,3.061827906052869,6.722563926973336,2951,6.722563926973336,33.0721997643226,0.03023687589958177,0,6.722563926973336,120
1,120,302.7245690677934,14.62416393207578,3.0177263219443944,2952,3.0177263219443944,100.31544837794986,0.009968554356975868,0,3.0177263219443944,120
1,360,37.77044970733533,1.214383926461833,20.93512604518682,2963,20.93512604518682,1.8041663387080065,0.5542726180758458,0,20.93512604518682,DC_Charging
1,120,251.3256923981669,9.562174368384175,5.535075090073264,2973,5.535075090073264,45.4060131630193,0.022023514736027185,0,5.535075090073264,120
1,120,164.4156724148833,2.264398829300565,5.934643421600896,2975,5.934643421600896,27.70438941899081,0.03609536326090333,0,5.934643421600896,120
1,360,54.2688509327843,2.9294769466684487,32.77359312710158,2976,32.77359312710158,1.6558712595936749,0.6039116834755526,0,32.77359312710158,DC_Charging
1,240,90.5637981713993,3.4029156522859343,8.976245558482717,2979,8.976245558482717,10.089273692586858,0.09911516234659734,0,8.976245558482717,240
1,360,38.88309741962237,5.235667618037201,16.127507823085068,2980,16.127507823085068,2.4109799137077297,0.414769112888273,0,16.127507823085068,DC_Charging
1,360,36.10770306546618,2.159298886242848,37.25305338759985,2982,37.25305338759985,0.9692548605286967,1.0317203871998464,0,37.25305338759985,DC_Charging
1,360,43.31573047708359,2.062551711387323,25.567665624794916,2991,25.567665624794916,1.6941605507808668,0.5902628293045091,0,25.567665624794916,DC_Charging
1,120,533.8171102078973,8.925471183992085,10.53550797238536,2993,10.53550797238536,50.66837893408522,0.01973617512612562,0,10.53550797238536,120
1,120,362.7763069157796,3.690969748350729,8.832458913444185,2994,8.832458913444185,41.073081739852256,0.024346846100659725,0,8.832458913444185,120
1,360,39.03022703353597,1.769416392026347,14.168618790272646,3001,14.168618790272646,2.7546952607922424,0.36301656093618245,0,14.168618790272646,DC_Charging
1,360,47.48761154579283,1.267087639644508,10.897980548547764,3002,10.897980548547764,4.357468921351755,0.22949102289633413,0,10.897980548547764,DC_Charging
1,360,56.199655487255136,1.020924534045494,12.4828144696842,3005,12.4828144696842,4.502162202581941,0.22211549806590952,0,12.4828144696842,DC_Charging
1,120,189.7173037476088,4.09546632893642,5.51968722118103,3006,5.51968722118103,34.37102432536306,0.02909427401795763,0,5.51968722118103,120
1,360,65.32379839155193,5.100690546921154,33.388708197884895,3010,33.388708197884895,1.9564637842349966,0.5111262513816546,0,33.388708197884895,DC_Charging
1,360,26.95158433491924,2.143704938978084,27.69895208052128,3017,27.69895208052128,0.9730181942107617,1.0277300115761183,0,27.69895208052128,DC_Charging
1,240,91.70072787719592,1.8035595427903464,9.228821438952592,3018,9.228821438952592,9.936342195347896,0.10064065632403349,0,9.228821438952592,240
1,360,84.79836164099402,4.459607222307159,29.97960411643649,3019,29.97960411643649,2.828535070431528,0.35353989789754936,0,29.97960411643649,DC_Charging
1,120,113.6701299158698,6.231420786603551,2.5478134469093874,3020,2.5478134469093874,44.614777449171875,0.02241409813462068,0,2.5478134469093874,120
1,360,67.59495163306293,3.1306390072697257,30.005175623670297,3028,30.005175623670297,2.2527764036728066,0.4438966949270479,0,30.005175623670297,DC_Charging
1,240,97.8920994003534,5.625390911274263,3.9788852538877535,3030,3.9788852538877535,24.602895824830185,0.04064562184548868,0,3.9788852538877535,240
1,360,32.73909858035,2.584686368805206,19.00490607763196,3031,19.00490607763196,1.7226656341586795,0.580495703966593,0,19.00490607763196,DC_Charging
1,120,616.3658282473001,6.451718311832993,11.29576695153483,3035,11.29576695153483,54.56608930512243,0.018326400384095772,0,11.29576695153483,120
1,120,103.43482107448044,1.7643580626763244,2.7208603577960417,3036,2.7208603577960417,38.01548314602407,0.026305071440466152,0,2.7208603577960417,120
1,360,61.62176874964672,2.6640496420209496,21.864551660924363,3038,21.864551660924363,2.8183412907466656,0.3548186315416289,0,21.864551660924363,DC_Charging
1,120,121.10829576718398,4.926441552779829,3.3967358611046308,3040,3.3967358611046308,35.654316590810545,0.028047094871473083,0,3.3967358611046308,120
1,240,83.64012819952289,1.3004548617410217,5.300784794066246,3042,5.300784794066246,15.778819825538008,0.06337609599809871,0,5.300784794066246,240
1,240,79.45638189867323,1.3504739955757268,4.929344287818921,3046,4.929344287818921,16.11905707114448,0.062038368347870014,0,4.929344287818921,240
1,360,21.746871025471854,2.8676624115048264,8.754128998579844,3047,8.754128998579844,2.4841844378806597,0.40254660030522255,0,8.754128998579844,DC_Charging
1,360,72.96828765046695,3.192555508547392,17.55062756578201,3050,17.55062756578201,4.157588517958827,0.2405240431275174,0,17.55062756578201,DC_Charging
1,120,599.8297171300532,9.49643704359998,11.67993076063246,3052,11.67993076063246,51.35558843822913,0.019472077536465328,0,11.67993076063246,120
1,120,452.795907520344,17.96219708430561,4.030044921893122,3055,4.030044921893122,112.35505218826249,0.008900356330433604,0,4.030044921893122,120
1,360,35.67591083230504,2.190346775486254,35.69817085412866,3057,35.69817085412866,0.9993764380277471,1.0006239510443966,0,35.69817085412866,DC_Charging
1,360,48.90114786723623,1.886350215853256,13.552679369370082,3068,13.552679369370082,3.608227313172917,0.27714440172580035,0,13.552679369370082,DC_Charging
1,120,120.6061467887464,9.647146130086853,2.213202239423083,3070,2.213202239423083,54.493956602983054,0.01835065872139772,0,2.213202239423083,120
1,360,44.20620383173653,2.617274844517784,35.749180640294185,3072,35.749180640294185,1.236565511152167,0.808691485393485,0,35.749180640294185,DC_Charging
1,240,88.49101896287259,1.6929583605780836,4.986266079890001,3078,4.986266079890001,17.746950833563364,0.05634770780503777,0,4.986266079890001,240
1,360,96.9826424096481,4.9551952925109015,16.506009429343564,3080,16.506009429343564,5.875595965505579,0.1701955011663149,0,16.506009429343564,DC_Charging
1,120,255.59382267101,5.350520206051049,6.542547510533211,3081,6.542547510533211,39.066406817759486,0.025597439883961955,0,6.542547510533211,120
1,360,63.34305102699017,1.5318871218454373,14.153455744140189,3082,14.153455744140189,4.475447704933507,0.22344133278501963,0,14.153455744140189,DC_Charging
1,360,49.97603421166391,2.2998714139072454,29.86962415305516,3083,29.86962415305516,1.6731390376919826,0.5976789600100739,0,29.86962415305516,DC_Charging
1,360,56.45193598705406,8.6834568136515,22.77375155504977,3090,22.77375155504977,2.4788158354408942,0.4034184329882398,0,22.77375155504977,DC_Charging
1,360,25.38543619902881,3.3325143023474704,19.668358041769963,3092,19.668358041769963,1.2906738907801765,0.7747890517840473,0,19.668358041769963,DC_Charging
1,360,44.372250898195055,1.8870393236326184,36.59229929657931,3093,36.59229929657931,1.2126117175244853,0.8246662848034105,0,36.59229929657931,DC_Charging
1,240,133.79171048782533,1.8612300975920508,5.612813804347056,3094,5.612813804347056,23.836833921731962,0.041951880156714236,0,5.612813804347056,240
1,360,24.000040737265223,2.0364649402764057,13.585495165530432,3096,13.585495165530432,1.7665930056166756,0.5660613377391494,0,13.585495165530432,DC_Charging
1,360,43.63366501626877,2.3327561020616545,13.169531426075965,3097,13.169531426075965,3.3132283605681785,0.3018204274421073,0,13.169531426075965,DC_Charging
1,120,509.57253244120426,8.438170370083068,9.598804760645734,3100,9.598804760645734,53.087081688587666,0.018836974423760307,0,9.598804760645734,120
1,120,116.9580824434402,2.119611350041158,4.432028016396259,3105,4.432028016396259,26.389292218089444,0.037894157665756406,0,4.432028016396259,120
1,120,152.8275285589629,7.885735927139318,2.5280373708168185,3109,2.5280373708168185,60.453033773620106,0.01654176701445164,0,2.5280373708168185,120
1,120,242.54864154494672,4.514520993776856,4.019436618338631,3110,4.019436618338631,60.343939854237654,0.01657167235708384,0,4.019436618338631,120
1,360,29.6698659990112,1.4529647332005182,19.55290739123376,3114,19.55290739123376,1.51741454124174,0.6590156959888324,0,19.55290739123376,DC_Charging
1,360,34.977196836753336,2.4641909513851887,6.78752105101465,3118,6.78752105101465,5.153162188944472,0.1940556037893368,0,6.78752105101465,DC_Charging
1,360,88.25847953260015,7.4553910246973105,28.934020074807847,3120,28.934020074807847,3.050335878125856,0.32783275021320135,0,28.934020074807847,DC_Charging
1,240,46.46168996629049,1.3839621153186836,7.025683294551371,3124,7.025683294551371,6.613120463645569,0.1512145447065903,0,7.025683294551371,240
1,240,51.4297696601576,2.35669154666281,2.6169173018534906,3126,2.6169173018534906,19.65280661476437,0.05088331756385065,0,2.6169173018534906,240
1,360,47.92295562718691,3.2742499138038776,33.52553366413885,3128,33.52553366413885,1.4294464663048303,0.6995714939818874,0,33.52553366413885,DC_Charging
1,360,50.66554502281911,7.049875135185743,30.164933011422747,3130,30.164933011422747,1.6796173558095842,0.5953737001711291,0,30.164933011422747,DC_Charging
1,240,46.85739748044757,1.4419123284780744,6.270053998899783,3133,6.270053998899783,7.473204774419759,0.133811400889606,0,6.270053998899783,240
1,360,84.62478436213276,3.456949591794042,22.33523892546532,3140,22.33523892546532,3.7888461656726933,0.2639325948517243,0,22.33523892546532,DC_Charging
1,360,51.72883454599767,2.0429016612924324,25.02911519387314,3141,25.02911519387314,2.066746432916667,0.48385229270180174,0,25.02911519387314,DC_Charging
1,360,105.06537679370022,4.912131779787263,23.641092782009963,3150,23.641092782009963,4.4441844445385055,0.2250131632652889,0,23.641092782009963,DC_Charging
1,360,64.85077015639051,3.727428885929551,33.00103049231946,3151,33.00103049231946,1.9651134885464758,0.5088764622646117,0,33.00103049231946,DC_Charging
1,360,44.12174999937413,1.115026401476074,14.63573387096362,3154,14.63573387096362,3.0146592161605863,0.3317124518218617,0,14.63573387096362,DC_Charging
1,360,43.9520518094215,1.2914740949849808,7.201161621951314,3155,7.201161621951314,6.103466928924686,0.16384130718574744,0,7.201161621951314,DC_Charging
1,360,34.756357179852714,2.2452762205037047,33.96022430680688,3158,33.96022430680688,1.023443098191971,0.9770938919482813,0,33.96022430680688,DC_Charging
1,240,108.29944859248668,3.4485971758064053,6.374022035148983,3160,6.374022035148983,16.99075528689404,0.05885553544352195,0,6.374022035148983,240
1,360,51.27867638952031,3.528269517295285,18.54262052289201,3171,18.54262052289201,2.7654492700324433,0.361604897560919,0,18.54262052289201,DC_Charging
1,360,28.54352565440592,2.0256501923258123,27.551160259650946,3174,27.551160259650946,1.0360190055664664,0.9652332579103874,0,27.551160259650946,DC_Charging
1,240,42.8020618914889,3.1355756464905533,2.482872976405829,3177,2.482872976405829,17.238925349072243,0.05800825630083824,0,2.482872976405829,240
1,360,65.09807586254641,3.7269555095659097,15.712493335283042,3179,15.712493335283042,4.143077389020496,0.24136647861082303,0,15.712493335283042,DC_Charging
1,240,81.3900874968871,1.283867933588464,5.645921037418233,3182,5.645921037418233,14.415732518658313,0.06936865668849626,0,5.645921037418233,240
1,240,56.182528666272766,1.480520503172042,3.788776793563756,3184,3.788776793563756,14.828672082692682,0.06743692182438589,0,3.788776793563756,240
1,120,47.65035679060212,2.522523317338144,1.862203950778806,3185,1.862203950778806,25.588151486132286,0.039080587768989816,0,1.862203950778806,120
1,240,45.96389806875976,2.631127266909018,2.490350414861041,3196,2.490350414861041,18.45679941042534,0.054180574744457,0,2.490350414861041,240
1,360,67.9469228793829,1.5484692070478463,17.528345132256234,3202,17.528345132256234,3.8764026134072833,0.25797113966988566,0,17.528345132256234,DC_Charging
1,120,590.8329370321128,6.100389222946959,13.231157842564857,3203,13.231157842564857,44.654666210041974,0.022394076249418235,0,13.231157842564857,120
1,120,514.9651057981058,5.284504983981946,11.228103627607156,3205,11.228103627607156,45.86394309114967,0.021803620286476616,0,11.228103627607156,120
1,360,29.417283996567253,3.1904640585121977,26.9568288039948,3208,26.9568288039948,1.091273910980502,0.9163602189495275,0,26.9568288039948,DC_Charging
1,120,95.3164284873611,3.880014923786843,3.181405617839843,3211,3.181405617839843,29.96047657452759,0.03337730618244572,0,3.181405617839843,120
1,360,42.85364458181988,1.5023526985503686,22.64568584965872,3212,22.64568584965872,1.8923535752601506,0.5284424713613709,0,22.64568584965872,DC_Charging
1,120,381.4517337277055,7.379211947177621,8.258636289542153,3214,8.258636289542153,46.1882228922873,0.021650540708873737,0,8.258636289542153,120
1,120,195.74107656874432,3.975518252936863,5.0763200853389066,3215,5.0763200853389066,38.55964030599071,0.025933851873733316,0,5.0763200853389066,120
1,360,37.54016419317757,1.6398373611998551,27.041170645991286,3216,27.041170645991286,1.3882595796104227,0.7203263818144319,0,27.041170645991286,DC_Charging
1,360,39.41776088452348,1.965417100519889,15.920329486554865,3221,15.920329486554865,2.475938762310969,0.4038872104682545,0,15.920329486554865,DC_Charging
1,120,120.61720678821288,1.679464140390586,4.629680529326521,3227,4.629680529326521,26.053030230524147,0.0383832510518636,0,4.629680529326521,120
1,360,54.73218696096644,3.834674343956851,18.165201396588078,3230,18.165201396588078,3.013023955310875,0.3318924823804871,0,18.165201396588078,DC_Charging
1,360,32.939513271480536,1.2247708217801847,22.287351677630213,3235,22.287351677630213,1.4779464939543214,0.6766144810320223,0,22.287351677630213,DC_Charging
1,120,234.2236093401354,4.635783534500452,5.175308713797222,3239,5.175308713797222,45.25790098582952,0.022095589459906792,0,5.175308713797222,120
1,120,297.02819870426936,4.960883557594832,7.086085676014747,3240,7.086085676014747,41.91710519527893,0.023856609261095365,0,7.086085676014747,120
1,360,18.741492659802947,2.810227312133996,16.811243796217397,3248,16.811243796217397,1.1148189204191938,0.8970066633099305,0,16.811243796217397,DC_Charging
1,360,39.53857887736584,2.167198002096551,31.732838611423944,3257,31.732838611423944,1.2459830449309948,0.8025791394740707,0,31.732838611423944,DC_Charging
1,120,423.2223219787896,10.277468595577364,6.85405193437451,3258,6.85405193437451,61.74775534691249,0.0161949206798171,0,6.85405193437451,120
1,360,50.45820680143744,0.98263229580851,11.251710017385022,3264,11.251710017385022,4.484492288147708,0.22299068339195294,0,11.251710017385022,DC_Charging
1,360,37.7728212830188,1.2328140814410458,22.916572294898103,3265,22.916572294898103,1.6482753527423528,0.6066947481415826,0,22.916572294898103,DC_Charging
1,120,493.6248956572733,11.773337904682998,5.658011505833571,3269,5.658011505833571,87.24352984230096,0.011462168046244494,0,5.658011505833571,120
1,360,23.187590384167876,1.9810792013012928,7.619182073319422,3283,7.619182073319422,3.0433175321226864,0.32858878163216476,0,7.619182073319422,DC_Charging
1,360,44.20517431050959,1.1764864326888005,14.03400824454107,3284,14.03400824454107,3.1498609335436623,0.317474333343021,0,14.03400824454107,DC_Charging
1,120,243.1847680036238,4.6361917511711805,6.650104384170149,3285,6.650104384170149,36.568564033746405,0.0273458919272076,0,6.650104384170149,120
1,360,33.33909987454624,1.6796538079291432,6.881496964606555,3286,6.881496964606555,4.844745270690152,0.20640920092328122,0,6.881496964606555,DC_Charging
1,240,64.14655557599775,1.0534853609154031,9.870257426169031,3287,9.870257426169031,6.498974931081927,0.15387041965916978,0,9.870257426169031,240
1,120,138.97470273781514,2.136253311718135,4.020136066924636,3288,4.020136066924636,34.56965148051056,0.028927106787980588,0,4.020136066924636,120
1,360,45.04897726182864,2.316030137213005,26.403265208780425,3291,26.403265208780425,1.7061896286542457,0.586101323795262,0,26.403265208780425,DC_Charging
1,120,270.0453297930666,2.9360918882499534,7.265519218633202,3293,7.265519218633202,37.16807039757138,0.02690481344076828,0,7.265519218633202,120
1,360,48.23026771342703,1.244725801627175,12.618907180276608,3294,12.618907180276608,3.822063751194802,0.26163875463547503,0,12.618907180276608,DC_Charging
1,120,137.78650287491715,6.474841197452809,3.559357657352166,3297,3.559357657352166,38.711058606405295,0.025832411615696188,0,3.559357657352166,120
1,360,64.92219686837065,5.058269121333615,31.0380613427553,3300,31.0380613427553,2.0916962612912795,0.47808088511984237,0,31.0380613427553,DC_Charging
1,240,62.99922035208605,1.0886609405975,7.1158455479957325,3304,7.1158455479957325,8.853370963037635,0.11295132714702097,0,7.1158455479957325,240
1,120,624.0880022365104,13.253175816044967,9.1145531895975,3327,9.1145531895975,68.47159583738961,0.014604596077691236,0,9.1145531895975,120
1,360,75.03386756412816,3.4015413110873274,13.77778523930128,3329,13.77778523930128,5.44600356740162,0.1836208859622758,0,13.77778523930128,DC_Charging
1,120,161.21540568095557,1.799913769918287,6.11038820560502,3331,6.11038820560502,26.383823786036004,0.037902011782282426,0,6.11038820560502,120
1,120,144.54585390525168,2.9220765666264388,4.415307864483054,3332,4.415307864483054,32.73743492905339,0.030546070642588224,0,4.415307864483054,120
1,120,99.82618739216586,3.348377341533233,2.831531442994517,3333,2.831531442994517,35.2551929589712,0.02836461570820974,0,2.831531442994517,120
1,360,24.8542473682686,2.7718487813307227,5.56364423410426,3336,5.56364423410426,4.467260364333865,0.2238508433454863,0,5.56364423410426,DC_Charging
1,360,70.35863518326273,1.3134053507072612,16.94762794372066,3337,16.94762794372066,4.1515329116799276,0.240874881947003,0,16.94762794372066,DC_Charging
1,120,436.6280708534178,4.374321637434837,10.762154294559537,3338,10.762154294559537,40.57069420331032,0.024648333474126413,0,10.762154294559537,120
1,120,517.3723029160333,12.484535172157532,6.528308735746549,3339,6.528308735746549,79.25058753473135,0.012618202982555211,0,6.528308735746549,120
1,120,893.0361271356941,10.648096928860234,14.678125451337207,3345,14.678125451337207,60.84129271795648,0.016436205664395156,0,14.678125451337207,120
1,360,76.75989666970008,5.313402075037425,30.38185366754384,3350,30.38185366754384,2.5265047192199708,0.3958037332733495,0,30.38185366754384,DC_Charging
1,360,42.99119964832298,2.215781597453496,11.705310752182,3351,11.705310752182,3.6727943886760075,0.27227225218030415,0,11.705310752182,DC_Charging
1,240,56.29744529636787,1.418863407915077,5.433113805124407,3353,5.433113805124407,10.361911661645891,0.09650728867931302,0,5.433113805124407,240
1,240,66.56393024662574,1.0912240059235534,8.430059480496993,3354,8.430059480496993,7.896021421986631,0.12664605964916456,0,8.430059480496993,240
1,120,265.53429134045126,4.104659833284455,7.326937465900059,3355,7.326937465900059,36.24082948384115,0.027593187414374002,0,7.326937465900059,120
1,240,87.55336044427231,1.288429200145936,4.786107209526534,3356,4.786107209526534,18.29323009522253,0.05466503153323155,0,4.786107209526534,240
1,120,138.10512498720746,1.8480542793634307,3.552155002270041,3357,3.552155002270041,38.879250736229125,0.025720660276720892,0,3.552155002270041,120
1,360,48.89783133814089,2.0557287871103345,21.857865265512856,3361,21.857865265512856,2.237081743535653,0.4470109341733416,0,21.857865265512856,DC_Charging
1,360,49.30494815360933,1.5456384586590195,15.939639263590095,3367,15.939639263590095,3.093228606887829,0.32328680711579344,0,15.939639263590095,DC_Charging
1,360,91.67362940775838,5.035081428235444,24.944889926641,3369,24.944889926641,3.6750464595095877,0.2721054035690868,0,24.944889926641,DC_Charging
1,120,83.56030353582017,3.49113835434308,3.056787194765562,3374,3.056787194765562,27.335989786566994,0.03658181056576937,0,3.056787194765562,120
1,120,421.8762670969103,6.33606232241627,9.954149622645945,3375,9.954149622645945,42.38194954766713,0.023594950460579835,0,9.954149622645945,120
1,120,743.4275731820969,18.84814630830784,5.8401345948006025,3378,5.8401345948006025,127.29630817823292,0.007855687366831236,0,5.8401345948006025,120
1,120,207.5162256018144,3.6407312729011,3.864458795923923,3379,3.864458795923923,53.698651366316604,0.01862244161735628,0,3.864458795923923,120
1,360,21.8170567966874,2.618506891035653,16.283551471916567,3381,16.283551471916567,1.339821772560746,0.7463679277944121,0,16.283551471916567,DC_Charging
1,360,82.28089544593878,5.697335313183792,33.758483350356016,3389,33.758483350356016,2.437339811507588,0.4102833734051477,0,33.758483350356016,DC_Charging
1,240,67.20699126613854,3.752115956393809,10.369896866109514,3390,10.369896866109514,6.480970074618753,0.15429788881702647,0,10.369896866109514,240
1,120,496.5676203025602,8.683790713050854,10.041855479270382,3393,10.041855479270382,49.44978757438159,0.020222533787345714,0,10.041855479270382,120
1,360,41.20207927584756,1.0008476879620307,12.124180533975974,3395,12.124180533975974,3.3983393071709607,0.29426137581078593,0,12.124180533975974,DC_Charging
1,240,98.62160343431351,1.4569751361919672,5.846812663443231,3405,5.846812663443231,16.867583948933046,0.05928531335771148,0,5.846812663443231,240
1,360,34.77317882132853,1.869472974852684,34.84287846173939,3406,34.84287846173939,0.9979996015401713,1.002004408074654,0,34.84287846173939,DC_Charging
1,120,194.71804132553893,2.5136031314857834,5.880128065736443,3414,5.880128065736443,33.11459191852685,0.030198167697803428,0,5.880128065736443,120
1,360,51.90073885286516,1.7694685197806763,23.533560888679677,3415,23.533560888679677,2.205392507252522,0.45343402442488573,0,23.533560888679677,DC_Charging
1,240,107.06523648446772,2.4893459388874657,4.347461351639993,3421,4.347461351639993,24.627070334755132,0.04060572314964897,0,4.347461351639993,240
1,360,25.04325643494931,2.192374826901317,4.112071922140672,3425,4.112071922140672,6.090179575923428,0.1641987707478025,0,4.112071922140672,DC_Charging
1,120,76.27827193229375,2.045012835342778,3.028268011347848,3435,3.028268011347848,25.188745397189315,0.03970027026878381,0,3.028268011347848,120
1,360,49.01473347345937,1.597960635423604,12.405625322156569,3438,12.405625322156569,3.9510086916713965,0.25309992410494286,0,12.405625322156569,DC_Charging
1,360,65.83449974989614,4.795662174745532,28.047718795105425,3439,28.047718795105425,2.347231881167635,0.4260337498068355,0,28.047718795105425,DC_Charging
1,120,744.8443708797128,21.20530700475961,6.111953638154674,3442,6.111953638154674,121.86682278313171,0.008205678766070331,0,6.111953638154674,120
1,360,37.82997809542132,2.130182541626084,34.907619089789804,3445,34.907619089789804,1.0837169386463907,0.9227501798108306,0,34.907619089789804,DC_Charging
1,360,38.056689700177,1.8844977433944985,21.35720995976889,3448,21.35720995976889,1.781912982635154,0.5611946316936115,0,21.35720995976889,DC_Charging
1,120,203.19884009198552,12.58506425081112,1.717193270714759,3450,1.717193270714759,118.33195689580515,0.008450802523958344,0,1.717193270714759,120
1,120,137.50135490994833,2.377397888211986,4.353506585847654,3451,4.353506585847654,31.584046606690954,0.031661554089403916,0,4.353506585847654,120
1,120,118.7463093385651,2.552528827602238,2.625618775334217,3453,2.625618775334217,45.22602841436864,0.022111161095947407,0,2.625618775334217,120
1,360,35.51179779500853,2.7736942094983545,35.71173516063595,3455,35.71173516063595,0.9944013539323117,1.0056301673821628,0,35.71173516063595,DC_Charging
1,120,174.86294496945249,2.905709332303361,6.502803842663795,3460,6.502803842663795,26.89039208321283,0.03718800368940255,0,6.502803842663795,120
1,240,100.53569665315428,1.9988820621557704,4.246499278956861,3461,4.246499278956861,23.674959077786667,0.042238721372839155,0,4.246499278956861,240
1,120,376.8632458639324,5.883103836602828,9.45423539933239,3464,9.45423539933239,39.86184286151205,0.025086647485772252,0,9.45423539933239,120
1,120,194.76901733371832,2.3403241362324545,7.492340402953886,3466,7.492340402953886,25.995751241752156,0.038467824634122724,0,7.492340402953886,120
1,120,489.995509768513,5.174105444603153,11.423341377561895,3467,11.423341377561895,42.894236771298665,0.023313155222501096,0,11.423341377561895,120
1,120,307.6237664378555,4.573628583968184,6.495176522368723,3469,6.495176522368723,47.361879292799934,0.021114027038872638,0,6.495176522368723,120
1,120,259.25971244098827,4.245566436455485,5.895799044770641,3479,5.895799044770641,43.97363452727281,0.022740899421897727,0,5.895799044770641,120
1,240,71.85863290346106,1.3005617588588527,6.921140711249393,3482,6.921140711249393,10.382484029932293,0.09631606435579763,0,6.921140711249393,240
1,360,27.37544006247918,1.8646464026806937,17.45738440785165,3483,17.45738440785165,1.5681295332058323,0.6377024211486108,0,17.45738440785165,DC_Charging
1,360,25.51420908178,1.78615908706642,20.69714699056547,3484,20.69714699056547,1.2327403913887418,0.8112008067436255,0,20.69714699056547,DC_Charging
1,240,130.38365695540992,2.283658097345262,7.528337024826811,3488,7.528337024826811,17.319051541586553,0.057739882440952225,0,7.528337024826811,240
1,360,93.05227599019324,5.898910169245029,30.856529454378816,3489,30.856529454378816,3.0156429655438224,0.3316042420889391,0,30.856529454378816,DC_Charging
1,120,674.1837403519747,10.590554932371573,10.334083433151974,3494,10.334083433151974,65.23885206782616,0.015328289329192075,0,10.334083433151974,120
1,120,157.79480669701763,2.8460795840323465,5.765851489612473,3500,5.765851489612473,27.36712989942499,0.03654018538571745,0,5.765851489612473,120
1,240,48.75838636481406,1.9011402333933092,7.160302167051839,3501,7.160302167051839,6.809543120844254,0.14685273038935084,0,7.160302167051839,240
1,240,58.41501970885084,1.17011539968752,8.927875358052518,3504,8.927875358052518,6.542992298404265,0.15283527083531562,0,8.927875358052518,240
1,360,51.49924763552962,1.9301199187622364,27.705038948573343,3505,27.705038948573343,1.858840470541246,0.5379697805421818,0,27.705038948573343,DC_Charging
1,360,57.690571359487286,3.1465252926162024,30.90084451836394,3507,30.90084451836394,1.8669577566141464,0.535630758894924,0,30.90084451836394,DC_Charging
1,120,664.8615727165385,11.874523511269492,8.121128028239951,3509,8.121128028239951,81.86813093015975,0.012214765240617037,0,8.121128028239951,120
1,360,36.16687479798428,1.4857720222061848,27.447583581539163,3513,27.447583581539163,1.3176706317531566,0.7589149943104546,0,27.447583581539163,DC_Charging
1,240,88.43424822093017,1.73028165657074,5.34711493612059,3514,5.34711493612059,16.538684744467172,0.06046430024216638,0,5.34711493612059,240
1,240,94.47956009687776,1.4213338408128284,4.633119484874413,3515,4.633119484874413,20.392213152568576,0.049038326174716415,0,4.633119484874413,240
1,240,91.83219773787552,1.42600024341535,4.112654795962342,3516,4.112654795962342,22.329177208851345,0.04478445357151795,0,4.112654795962342,240
1,120,917.4405454265916,17.00307458180699,11.431085272621305,3519,11.431085272621305,80.25839397978788,0.012459755925988728,0,11.431085272621305,120
1,240,73.69433543459377,1.7914983075250763,9.412743109997947,3521,9.412743109997947,7.829209251054323,0.12772681990398133,0,9.412743109997947,240
1,120,120.87316047267504,1.4021679096255455,4.135336914394415,3526,4.135336914394415,29.229338014016662,0.034212201436805006,0,4.135336914394415,120
1,120,120.2204293073521,1.6806532167325892,3.5226116262799536,3527,3.5226116262799536,34.12820999353557,0.029301273057960438,0,3.5226116262799536,120
1,240,88.59115460963812,1.8434851760320816,4.4495475381220615,3533,4.4495475381220615,19.910149032148144,0.0502256411232954,0,4.4495475381220615,240
1,120,421.3369744633495,9.382403354429483,8.248361056742894,3536,8.248361056742894,51.08129621931544,0.019576637125779683,0,8.248361056742894,120
1,360,31.74191902738677,3.115547670176774,23.856423025274765,3538,23.856423025274765,1.3305397457849273,0.7515746922765306,0,23.856423025274765,DC_Charging
1,360,41.80931295666302,2.462865215795349,34.21443223397745,3544,34.21443223397745,1.2219788617489697,0.8183447613559696,0,34.21443223397745,DC_Charging
1,360,66.83693721483978,8.261890506810229,27.624011160591536,3549,27.624011160591536,2.4195232483177342,0.4133045634900545,0,27.624011160591536,DC_Charging
1,240,112.22991061034116,1.8598916822781848,5.457128206577451,3552,5.457128206577451,20.565745637984275,0.04862454382169504,0,5.457128206577451,240
1,120,176.73710011841123,1.9014161934981555,5.435686776708664,3554,5.435686776708664,32.5142171318095,0.030755776648291926,0,5.435686776708664,120
1,120,325.11253766872386,4.100549841627218,7.427499853676892,3566,7.427499853676892,43.771463355570575,0.02284593484747489,0,7.427499853676892,120
1,360,47.84359792489784,2.4116954850589143,31.087305853918025,3567,31.087305853918025,1.539007534127245,0.649769398671001,0,31.087305853918025,DC_Charging
1,360,39.62689709119078,1.5465459394632766,11.481886889564793,3575,11.481886889564793,3.4512530451075354,0.2897498348947756,0,11.481886889564793,DC_Charging
1,240,110.28734377585258,1.5819188473505297,4.94627260895416,3577,4.94627260895416,22.297061341948908,0.04484895945093155,0,4.94627260895416,240
1,360,71.11442142340188,5.085423806979175,30.164283523450024,3580,30.164283523450024,2.357570381809891,0.42416549160763833,0,30.164283523450024,DC_Charging
1,240,63.986259120963965,1.2204602439331451,6.566836695359328,3585,6.566836695359328,9.7438480792711,0.10262885790752252,0,6.566836695359328,240
1,120,93.36212511088549,1.3451286113623353,3.730847462458073,3586,3.730847462458073,25.024374770169175,0.03996103835497504,0,3.730847462458073,120
1,120,140.4313576143595,3.1421197929462457,4.999697158095188,3589,4.999697158095188,28.08797276590685,0.035602427000847814,0,4.999697158095188,120
1,360,38.02602099819891,2.332345948210866,9.273794317679332,3592,9.273794317679332,4.100373557531575,0.2438802187091461,0,9.273794317679332,DC_Charging
1,240,40.24108371714957,2.1084505512890197,3.20597791280791,3596,3.20597791280791,12.551890503170995,0.07966927370401847,0,3.20597791280791,240
1,120,60.272408369256624,4.241121136540668,1.1381081288798782,3597,1.1381081288798782,52.95842006556662,0.018882738547749776,0,1.1381081288798782,120
1,360,85.51337884054654,4.90387375730071,26.04967729501413,3599,26.04967729501413,3.2827039610549673,0.3046269209358216,0,26.04967729501413,DC_Charging
1,120,352.92105318903634,16.695701165115654,4.203291675232933,3601,4.203291675232933,83.96301766745192,0.011910005473608027,0,4.203291675232933,120
1,120,134.96533527163913,1.937130045075888,2.1350055528608323,3607,2.1350055528608323,63.215449295103866,0.01581891786186279,0,2.1350055528608323,120
1,360,51.83248894924241,7.092149335088756,21.035213807137424,3619,21.035213807137424,2.464081868835353,0.4058306717189755,0,21.035213807137424,DC_Charging
1,240,109.2608081604756,5.483580525551817,4.941734519913965,3620,4.941734519913965,22.109809363530484,0.04522879340829922,0,4.941734519913965,240
1,120,216.6198847105567,2.8966727395401497,5.891510758796883,3627,5.891510758796883,36.768138696362676,0.027197460504002235,0,5.891510758796883,120
1,240,98.01310491313352,1.3603597776341303,4.271029940080538,3628,4.271029940080538,22.94835350915037,0.04357611100950064,0,4.271029940080538,240
1,240,98.58979858212426,2.5576222023006108,10.58387817281556,3629,10.58387817281556,9.315091970290231,0.10735267061124282,0,10.58387817281556,240
1,360,44.59619382622258,2.2432913153717857,30.64868497633812,3641,30.64868497633812,1.455076909846293,0.687248896077689,0,30.64868497633812,DC_Charging
1,120,201.07467306678865,3.29148412425724,5.366499654075753,3649,5.366499654075753,37.46849641815896,0.026689088049857104,0,5.366499654075753,120
1,360,47.27724359051474,0.9235473354024224,12.97684166739883,3655,12.97684166739883,3.6432010809908673,0.274483888692749,0,12.97684166739883,DC_Charging
1,240,62.73331708033786,1.0751130957438089,5.993238894217072,3656,5.993238894217072,10.467347987891786,0.09553518246997811,0,5.993238894217072,240
1,240,89.3663767397972,1.7065124572401489,5.301950541709601,3658,5.301950541709601,16.85537728742774,0.05932824777205612,0,5.301950541709601,240
1,240,50.429166949114816,1.7315344837474298,6.0064867835068725,3663,6.0064867835068725,8.395784219085865,0.1191073965105883,0,6.0064867835068725,240
1,120,133.08288512308053,2.77813017572743,4.755689522803948,3665,4.755689522803948,27.983930507855156,0.03573479428557391,0,4.755689522803948,120
1,240,66.71772601048374,1.145354452220082,6.413149522121188,3672,6.413149522121188,10.403269997113128,0.09612362269531567,0,6.413149522121188,240
1,240,66.85560096393951,1.3386202146841055,5.202112582825421,3687,5.202112582825421,12.851625161796912,0.07781117075937034,0,5.202112582825421,240
1,120,138.8172006975402,1.3217597919285962,5.245403454238172,3695,5.245403454238172,26.464542128857392,0.037786408513358814,0,5.245403454238172,120
1,120,223.15402061877612,2.516008052476067,5.82819400822514,3696,5.82819400822514,38.28870835525484,0.026117360521062276,0,5.82819400822514,120
1,360,82.57342654884934,5.053670960301373,29.353664246107755,3699,29.353664246107755,2.8130534524253963,0.35548560200226786,0,29.353664246107755,DC_Charging
1,240,57.65164810338609,1.1953150303848057,8.044113742858826,3702,8.044113742858826,7.166935966633543,0.139529640651962,0,8.044113742858826,240
1,360,54.36386103458431,1.929750093478142,22.733874658878264,3707,22.733874658878264,2.391315244335333,0.41817991265219,0,22.733874658878264,DC_Charging
1,240,98.8190435444705,1.2644902333992174,4.858600059405248,3717,4.858600059405248,20.338995253000338,0.04916663716967452,0,4.858600059405248,240
1,120,89.70164032734861,2.871694035423291,3.185419120440514,3718,3.185419120440514,28.16007468271356,0.03551126945745863,0,3.185419120440514,120
1,120,134.26546674156867,1.7354421281420842,5.346507081992272,3722,5.346507081992272,25.112744579314622,0.03982041854651365,0,5.346507081992272,120
1,120,121.61293030401232,2.8169401693621463,3.964454963416841,3725,3.964454963416841,30.67582591459127,0.03259895928423364,0,3.964454963416841,120
1,120,177.97408458001982,5.518665674146589,3.9300071205558,3730,3.9300071205558,45.28594455952281,0.022081906642923674,0,3.9300071205558,120
1,360,40.198509337554285,2.3240310430734734,33.45692108855873,3732,33.45692108855873,1.2015005574228101,0.8322925809913697,0,33.45692108855873,DC_Charging
1,120,217.42599983124688,2.339372804715941,6.0396689574979945,3735,6.0396689574979945,35.99965517337199,0.02777804385025538,0,6.0396689574979945,120
1,360,34.27050037483137,1.5514700750673565,24.452886133764466,3744,24.452886133764466,1.4014910218516405,0.7135257981737241,0,24.452886133764466,DC_Charging
1,120,127.81663402072384,1.848822811525235,2.9513786274999347,3748,2.9513786274999347,43.30743362771968,0.02309072406821014,0,2.9513786274999347,120
1,360,34.74242187467384,1.7296806024304472,27.99202103805986,3752,27.99202103805986,1.2411544642466392,0.8057014890624302,0,27.99202103805986,DC_Charging
1,120,111.022833740375,1.5981078611081294,3.605796047401967,3756,3.605796047401967,30.790103566830606,0.03247796805325704,0,3.605796047401967,120
1,240,69.31090613805699,1.20803966176683,4.25634151977431,3757,4.25634151977431,16.2841505588894,0.061409405199469067,0,4.25634151977431,240
1,120,299.23305077876574,4.147913189653928,5.754310587943294,3761,5.754310587943294,52.00154670235094,0.019230197242475305,0,5.754310587943294,120
1,120,174.445871212975,2.0007650011736464,5.7476574996073,3763,5.7476574996073,30.350777029580094,0.03294808561327417,0,5.7476574996073,120
1,240,66.10974224991723,1.5715036868140362,8.54376150956817,3766,8.54376150956817,7.737779451811809,0.1292360432637879,0,8.54376150956817,240
1,120,165.39849750045383,2.137491345883461,3.928541609232724,3768,3.928541609232724,42.10175529558856,0.023751978818440867,0,3.928541609232724,120
1,360,49.1436221773486,2.5745087769869244,27.843912799972045,3778,27.843912799972045,1.7649682546555718,0.5665824285293715,0,27.843912799972045,DC_Charging
1,360,48.65294133000676,1.763700830314305,22.24644226211745,3783,22.24644226211745,2.186998745990762,0.45724763300994775,0,22.24644226211745,DC_Charging
1,360,78.38667992899546,4.853890285189828,33.31647347784151,3789,33.31647347784151,2.352790429068963,0.4250272304940122,0,33.31647347784151,DC_Charging
1,360,60.245350345295854,10.09505667687968,17.471423340185154,3790,17.471423340185154,3.4482222296524925,0.2900045105563799,0,17.471423340185154,DC_Charging
1,360,31.43973248611217,2.672258882791458,32.85251424255647,3793,32.85251424255647,0.956996236391119,1.0449361888517457,0,32.85251424255647,DC_Charging
1,360,37.58349232938544,1.5428055969828556,29.0256811466508,3797,29.0256811466508,1.2948358434552054,0.7722986701785683,0,29.0256811466508,DC_Charging
1,360,52.480443871444685,1.250210398643936,9.62385168144003,3804,9.62385168144003,5.453164243236962,0.18337976913866189,0,9.62385168144003,DC_Charging
1,240,109.270515074901,1.693172154813746,5.250915775237445,3811,5.250915775237445,20.80980151885217,0.04805427860972497,0,5.250915775237445,240
1,120,81.15442273431862,3.8540091620238703,2.371619017385683,3812,2.371619017385683,34.21899644900719,0.02922353381959024,0,2.371619017385683,120
1,240,94.89225103441774,1.0960691574133874,5.242397490672104,3816,5.242397490672104,18.100926380203198,0.055245791237165075,0,5.242397490672104,240
1,240,98.75671338790264,1.4521214434991434,4.610936972575203,3817,4.610936972575203,21.417927413730645,0.04668985848550958,0,4.610936972575203,240
1,360,35.77243580105325,2.1620074161806446,29.57077641791311,3822,29.57077641791311,1.209722575271421,0.8266358092686117,0,29.57077641791311,DC_Charging
1,360,46.86361137642442,1.2192182473540611,16.84485896219033,3823,16.84485896219033,2.7820720542459663,0.3594443208161383,0,16.84485896219033,DC_Charging
1,240,46.76904985173044,2.949794443347491,2.2260088099621957,3824,2.2260088099621957,21.010271676563903,0.047595767222537104,0,2.2260088099621957,240
1,240,43.90752869321808,1.978419629186819,3.559432598272096,3825,3.559432598272096,12.335541545170068,0.08106656658227915,0,3.559432598272096,240
1,240,199.02913204843745,3.042900600227466,8.190215229646299,3830,8.190215229646299,24.30084270899346,0.041150836288895924,0,8.190215229646299,240
1,120,735.1421628370765,16.39661042592981,7.233427851365505,3831,7.233427851365505,101.63122905805973,0.009839495293604306,0,7.233427851365505,120
1,240,38.60320368977244,1.555536216012337,5.324232975235375,3834,5.324232975235375,7.25047229701023,0.13792204963149163,0,5.324232975235375,240
1,360,36.18165578131384,1.3390592501285097,14.06665750532379,3835,14.06665750532379,2.572157299459393,0.3887787112437394,0,14.06665750532379,DC_Charging
1,360,60.73119611973262,1.5751450570041423,23.30455809091214,3836,23.30455809091214,2.6059793059717102,0.3837329013735674,0,23.30455809091214,DC_Charging
1,120,526.9481445817863,7.446248239245381,11.0781218665211,3837,11.0781218665211,47.566559650716826,0.02102317273612051,0,11.0781218665211,120
1,360,84.13762227127012,3.450994700291007,20.90404221695374,3840,20.90404221695374,4.024945099040808,0.248450593832525,0,20.90404221695374,DC_Charging
1,360,37.42292010973728,2.466649408988027,11.225530656022912,3841,11.225530656022912,3.3337328324571005,0.2999640493875324,0,11.225530656022912,DC_Charging
1,240,74.03292290496357,1.1668737049651532,4.998323241229812,3846,4.998323241229812,14.81155166082219,0.06751487102091301,0,4.998323241229812,240
1,360,34.07558994540341,5.9080050535173045,18.951248378962266,3849,18.951248378962266,1.7980657138782814,0.5561531996753786,0,18.951248378962266,DC_Charging
1,360,20.825633370441192,3.852046974730832,22.80775807916011,3851,22.80775807916011,0.9130942768754627,1.0951771633285468,0,22.80775807916011,DC_Charging
1,360,29.02677372617544,2.888543451473917,5.013477960593377,3852,5.013477960593377,5.789747946301919,0.17271909058471693,0,5.013477960593377,DC_Charging
1,120,178.36239057192756,4.934486837674388,5.0365680907006265,3864,5.0365680907006265,35.413477463205695,0.028237836881141978,0,5.0365680907006265,120
1,120,346.6875963088663,7.309286791319248,7.269874118758011,3868,7.269874118758011,47.688253007618044,0.020969524713774966,0,7.269874118758011,120
1,240,89.27305799429858,1.461631764840552,6.620860771859782,3871,6.620860771859782,13.48360297406194,0.07416415344798229,0,6.620860771859782,240
1,240,49.62532780570847,3.563483576417656,2.601596047112295,3872,2.601596047112295,19.074955107189417,0.05242476296172758,0,2.601596047112295,240
1,120,616.233696551546,6.717270476540693,12.720277264634916,3873,12.720277264634916,48.44498934506775,0.02064196965504775,0,12.720277264634916,120
1,120,94.39033002139467,3.0551055390316986,3.011064906839536,3874,3.011064906839536,31.347823093082486,0.03190014174287814,0,3.011064906839536,120
1,360,39.201020928222974,1.219133803914193,18.63660476325279,3875,18.63660476325279,2.103442200240175,0.47541120924825897,0,18.63660476325279,DC_Charging
1,240,110.76830667818446,5.513824837285069,4.975532874802283,3880,4.975532874802283,22.262601708281576,0.04491837985081523,0,4.975532874802283,240
1,360,45.39825704551247,2.094047793653596,28.61722815272705,3881,28.61722815272705,1.5863960270095652,0.6303596220453536,0,28.61722815272705,DC_Charging
1,240,56.98668401977024,2.19836212214353,2.961853702752336,3883,2.961853702752336,19.240208916063178,0.051974487614067665,0,2.961853702752336,240
1,360,41.05693884401886,1.242727776503035,11.005096103434012,3885,11.005096103434012,3.7307206096280723,0.26804473039853105,0,11.005096103434012,DC_Charging
1,120,114.29307850284212,8.79309909173429,1.6334343025399534,3889,1.6334343025399534,69.97102872464413,0.014291629238942364,0,1.6334343025399534,120
1,240,93.15798575903034,2.831666436067513,6.401117341088025,3890,6.401117341088025,14.553394477095445,0.06871249189141605,0,6.401117341088025,240
1,360,35.959224043373,1.9903956285294693,9.036006778742248,3891,9.036006778742248,3.979548148189668,0.2512848099236867,0,9.036006778742248,DC_Charging
1,240,82.10192788808222,1.4821986294254408,6.078246877724041,3892,6.078246877724041,13.507501346971404,0.07403293727779016,0,6.078246877724041,240
1,360,55.70402190743943,1.0576514427407284,10.594969428965172,3897,10.594969428965172,5.257591565592666,0.1902011572264979,0,10.594969428965172,DC_Charging
1,240,73.84999904410635,1.2651140934320293,7.963710462543091,3898,7.963710462543091,9.27331542143026,0.10783629743565501,0,7.963710462543091,240
1,240,92.4693022417182,3.3008090046347665,13.063923016357194,3899,13.063923016357194,7.0782185508853965,0.14127848593696116,0,13.063923016357194,240
1,240,50.283015380366805,1.6604093328958098,6.893154441040068,3903,6.893154441040068,7.294630609317945,0.13708713347631746,0,6.893154441040068,240
1,360,37.45723258148642,1.2375080448325964,18.574861771999565,3904,18.574861771999565,2.016555118485503,0.49589519811937094,0,18.574861771999565,DC_Charging
1,240,74.36931896586461,1.4734329777096482,4.327160689107913,3907,4.327160689107913,17.1866321380352,0.058184756150504384,0,4.327160689107913,240
1,120,71.45082483802598,4.343685663115001,2.036025251171409,3908,2.036025251171409,35.0932901234488,0.028495475815526774,0,2.036025251171409,120
1,240,101.07565847551258,1.2117357132667987,6.791143195477929,3915,6.791143195477929,14.883452692150065,0.06718871089148735,0,6.791143195477929,240
1,120,462.4292553003445,6.092534838341903,9.621037233558226,3916,9.621037233558226,48.06438683007991,0.02080542509644947,0,9.621037233558226,120
1,360,53.27330758319959,1.8791343962387368,28.40253907066611,3917,28.40253907066611,1.8756529988623374,0.5331476560997915,0,28.40253907066611,DC_Charging
1,120,117.3418879568416,3.00400061577362,4.644069185953029,3918,4.644069185953029,25.26704130760304,0.039577249580824196,0,4.644069185953029,120
1,240,57.080414573759626,1.161671760129807,8.064222889706642,3922,8.064222889706642,7.078228783410534,0.1412782817000393,0,8.064222889706642,240
1,120,273.7106900949853,2.6505432704312604,7.281173544129629,3926,7.281173544129629,37.59156246394672,0.026601714173468554,0,7.281173544129629,120
1,240,44.52888152228866,1.804239316883968,6.559192721526486,3932,6.559192721526486,6.788774688103033,0.14730198687436877,0,6.559192721526486,240
1,240,56.34755724208894,1.0839694427078437,7.920727681578938,3935,7.920727681578938,7.113936939548523,0.1405691403364427,0,7.920727681578938,240
1,120,844.9763113688323,13.641792451146198,11.884136440672124,3937,11.884136440672124,71.10119574839243,0.014064461075151606,0,11.884136440672124,120
1,120,702.587525045701,17.365296258060557,7.141683511833733,3939,7.141683511833733,98.37841790125775,0.0101648310811798,0,7.141683511833733,120
1,240,91.77572114485508,1.2418044460437452,4.202450671575946,3953,4.202450671575946,21.838619490669384,0.045790440207415725,0,4.202450671575946,240
1,120,74.80668899795884,3.4976860229443347,1.969702537033584,3954,1.969702537033584,37.97867322170351,0.026330567004340066,0,1.969702537033584,120
1,360,80.60658507457426,3.413146780716771,16.283185094085795,3960,16.283185094085795,4.950295940801614,0.20200812475830837,0,16.283185094085795,DC_Charging
1,360,37.91998398868612,1.25616634679064,20.805561521397166,3964,20.805561521397166,1.8225888279769755,0.5486701030149368,0,20.805561521397166,DC_Charging
1,360,49.45423976209948,1.2622769171275503,8.762539035149743,3965,8.762539035149743,5.643825330046517,0.1771847889544374,0,8.762539035149743,DC_Charging
1,360,33.997195580833825,2.525806485324513,17.343474209558437,3966,17.343474209558437,1.9602298345793423,0.5101442608206176,0,17.343474209558437,DC_Charging
1,120,223.3945020699421,4.004363920667125,5.741354135564322,3969,5.741354135564322,38.9097235243066,0.025700516719819603,0,5.741354135564322,120
1,240,82.32828283727,6.965420424451686,11.666316493511886,3970,11.666316493511886,7.056921769871074,0.1417048442097537,0,11.666316493511886,240
1,120,960.53089164593,14.70105518742827,12.855021038668596,3971,12.855021038668596,74.72028935282185,0.013383245817987915,0,12.855021038668596,120
1,120,128.67478408571256,7.272735373526681,1.5250447520148924,3972,1.5250447520148924,84.37443158025832,0.011851931696260186,0,1.5250447520148924,120
1,240,73.54867288842856,1.6959704994633946,6.217387185726935,3974,6.217387185726935,11.82951466449958,0.0845343218518511,0,6.217387185726935,240
1,360,42.48579297057445,1.787305545447113,27.12231500873743,3981,27.12231500873743,1.566451571589213,0.6383855193081197,0,27.12231500873743,DC_Charging
1,240,59.57680132169336,1.086743660660387,7.54129347720577,3983,7.54129347720577,7.900077288036799,0.126581040101255,0,7.54129347720577,240
1,360,45.022893606171934,2.1368795491992016,31.21488027994509,3986,31.21488027994509,1.4423535570981576,0.6933112863200338,0,31.21488027994509,DC_Charging
1,120,763.1019003181797,11.828420034710598,11.67183714128005,3999,11.67183714128005,65.3797590800252,0.015295253669809251,0,11.67183714128005,120
1,360,36.14429519136068,2.033547370999456,33.55920711749394,4002,33.55920711749394,1.077030665975394,0.9284786697269826,0,33.55920711749394,DC_Charging
1,240,52.62345172358901,3.196618303454087,4.329084172719448,4003,4.329084172719448,12.155793147937793,0.08226530246359516,0,4.329084172719448,240
1,360,23.07023415645108,2.578399691190155,23.871377902185188,4004,23.871377902185188,0.966439149469425,1.0347262945101094,0,23.871377902185188,DC_Charging
1,240,86.87804599546423,1.3503707086570975,6.532230643889548,4005,6.532230643889548,13.29990484593998,0.07518850785652552,0,6.532230643889548,240
1,360,42.800944125585374,1.3653718788236413,26.1263751631778,4006,26.1263751631778,1.638227418011991,0.6104158610734963,0,26.1263751631778,DC_Charging
1,240,65.85975243484825,1.1810155596680114,7.047857480081703,4007,7.047857480081703,9.344648727783973,0.10701311832372579,0,7.047857480081703,240
1,240,85.11038746370889,2.558356393543177,10.241872794562866,4009,10.241872794562866,8.310041451490365,0.12033634318642958,0,10.241872794562866,240
1,360,111.04117392566056,7.1936871562315305,21.72265519242184,4010,21.72265519242184,5.1117680109565224,0.19562703116741764,0,21.72265519242184,DC_Charging
1,120,417.15023519721865,7.848026427885699,7.0912482727210175,4012,7.0912482727210175,58.82606547593797,0.01699926710905112,0,7.0912482727210175,120
1,240,32.75321405174358,3.016811363614655,1.763157034938331,4013,1.763157034938331,18.576458819443257,0.05383157305273591,0,1.763157034938331,240
1,240,64.2610309827099,1.3451235042512693,6.670946286679495,4014,6.670946286679495,9.632970829194942,0.10381013476852531,0,6.670946286679495,240
1,360,37.355122460082086,2.390319759745528,30.511792895933127,4016,30.511792895933127,1.2242847409029542,0.8168034498759364,0,30.511792895933127,DC_Charging
1,360,44.75209643173428,2.679190993580893,35.528512938176604,4017,35.528512938176604,1.2596107388341216,0.7938960578611661,0,35.528512938176604,DC_Charging
1,120,175.62476126249226,3.6877501550917686,3.9604747678916814,4019,3.9604747678916814,44.3443707017945,0.022550776663959573,0,3.9604747678916814,120
1,360,56.53404030490213,5.969285807520884,14.06552506475596,4020,14.06552506475596,4.019333799813822,0.24879744997698888,0,14.06552506475596,DC_Charging
1,360,49.97011446460903,1.093948121355466,8.700363051914692,4024,8.700363051914692,5.7434516429302445,0.17411132924413572,0,8.700363051914692,DC_Charging
1,360,57.41201600723237,1.3291228372276405,12.558371570511142,4026,12.558371570511142,4.571613101657545,0.21874117029663487,0,12.558371570511142,DC_Charging
1,120,170.78689394266328,3.673755966341631,4.4874759703754,4029,4.4874759703754,38.05856456282619,0.02627529470664148,0,4.4874759703754,120
1,360,69.57861107195232,4.459607222307159,28.20188059416978,4030,28.20188059416978,2.4671621043008183,0.4053239948265966,0,28.20188059416978,DC_Charging
1,240,82.85541241290686,1.3624116035317426,5.6896365740439165,4032,5.6896365740439165,14.56251402609662,0.06866946175694383,0,5.6896365740439165,240
1,240,77.87002205498115,1.4678852462336738,6.035747049354995,4033,6.035747049354995,12.901472082615301,0.07751053473560567,0,6.035747049354995,240
1,240,67.7755370099904,1.2227026179057054,6.135651622390228,4036,6.135651622390228,11.04618403735046,0.09052900047823756,0,6.135651622390228,240
1,240,89.29980348502974,1.2031327846760078,3.9282834793974217,4044,3.9282834793974217,22.732525275576055,0.043989833416105566,0,3.9282834793974217,240
1,120,508.2951613326076,5.166197171170987,11.268005504085307,4058,11.268005504085307,45.10959469697819,0.022168232871908028,0,11.268005504085307,120
1,240,107.3774240890897,3.5885235658673067,5.004468396664052,4060,5.004468396664052,21.456309757229526,0.04660633684518179,0,5.004468396664052,240
1,240,128.9310613339889,1.5592260157039315,6.031009117861657,4061,6.031009117861657,21.37802460821058,0.04677700668451535,0,6.031009117861657,240
1,120,162.2329109244277,1.91401297099625,4.785849079691218,4062,4.785849079691218,33.89845944220517,0.029499865671032622,0,4.785849079691218,120
1,240,109.8924341406464,1.58162052162136,5.269842520904149,4066,5.269842520904149,20.853077431579894,0.04795455266883536,0,5.269842520904149,240
1,360,33.01851431820171,1.8480526943979276,24.029419975548137,4067,24.029419975548137,1.374087029641194,0.7277559415294993,0,24.029419975548137,DC_Charging
1,360,79.57763008431398,4.072238835593389,27.516395999572424,4069,27.516395999572424,2.8920077355170544,0.34578054122016816,0,27.516395999572424,DC_Charging
1,360,49.15370045478798,1.731358728683846,10.058242560428354,4073,10.058242560428354,4.886907445259965,0.20462838946744238,0,10.058242560428354,DC_Charging
1,120,809.6329653077195,19.04599086000351,7.630156754704686,4074,7.630156754704686,106.10961102581635,0.009424216999124622,0,7.630156754704686,120
1,120,407.7873867658724,4.981145756588537,9.425874424523414,4075,9.425874424523414,43.26255245931634,0.02311467870372165,0,9.425874424523414,120
1,360,48.85757705816773,1.6398776897665492,30.64651168966016,4077,30.64651168966016,1.594229632165667,0.6272622085449252,0,30.64651168966016,DC_Charging
1,240,164.0474862092391,2.067746347770626,6.875859742074056,4078,6.875859742074056,23.85846895704061,0.041913837882916666,0,6.875859742074056,240
1,120,283.6521588707613,5.8946857078570005,5.380621854098067,4079,5.380621854098067,52.71735620200146,0.018969084795683176,0,5.380621854098067,120
1,360,84.61767331194386,4.379544979304477,21.66044590211128,4080,21.66044590211128,3.90655269491456,0.2559801641231595,0,21.66044590211128,DC_Charging
1,360,58.15541122403305,1.6643964016729054,10.640025575380704,4082,10.640025575380704,5.465720999636998,0.1829584788660845,0,10.640025575380704,DC_Charging
1,120,48.42711217201702,3.105368669500267,0.7372658017134484,4084,0.7372658017134484,65.6847395599655,0.015224236355342037,0,0.7372658017134484,120
1,360,77.59463983422211,5.465132231522956,27.20440862313602,4090,27.20440862313602,2.8522818087738786,0.35059649327913844,0,27.20440862313602,DC_Charging
1,360,69.77296997215156,3.802643952208701,32.44148827704848,4091,32.44148827704848,2.150732709186901,0.4649578237818575,0,32.44148827704848,DC_Charging
1,360,29.651001860958377,2.7424265383718294,23.12316775760664,4095,23.12316775760664,1.2823070857670151,0.7798444000657203,0,23.12316775760664,DC_Charging
1,240,91.77197074609984,1.721842948016815,6.189392588748731,4101,6.189392588748731,14.827298386747312,0.06744316961300267,0,6.189392588748731,240
1,360,39.16886309732735,1.3025063354240776,24.205814247524984,4103,24.205814247524984,1.6181592858968719,0.6179861332042758,0,24.205814247524984,DC_Charging
1,360,35.75227556931294,1.3722483397131842,25.70294231203698,4104,25.70294231203698,1.3909798783063736,0.7189176605614007,0,25.70294231203698,DC_Charging
1,240,127.59456629207396,3.3423981472258144,8.466239291285305,4109,8.466239291285305,15.070985109458576,0.06635266326236354,0,8.466239291285305,240
1,240,109.86299718727908,3.1634879456466725,8.80090878615377,4110,8.80090878615377,12.483142350040435,0.08010803465657514,0,8.80090878615377,240
1,360,17.928948546736716,3.00674295830882,18.17726688469675,4113,18.17726688469675,0.9863390717903202,1.0138501338945072,0,18.17726688469675,DC_Charging
1,360,77.33142802511006,2.19879675490598,22.73547339850343,4123,22.73547339850343,3.401355523575789,0.29400043396484365,0,22.73547339850343,DC_Charging
1,120,644.6045953957948,7.006862693572765,12.882990655340151,4124,12.882990655340151,50.03532274771919,0.019985880875437824,0,12.882990655340151,120
1,240,88.58783808054278,1.4952272219695353,5.188381740940514,4128,5.188381740940514,17.07427142099305,0.058567652776708605,0,5.188381740940514,240
1,240,42.85874438875473,2.9950469695384125,2.7872247057782715,4134,2.7872247057782715,15.37685293184403,0.0650328129190267,0,2.7872247057782715,240
1,360,40.91803436933617,1.4233027201824366,28.80657887708287,4135,28.80657887708287,1.4204406064299635,0.7040069084714006,0,28.80657887708287,DC_Charging
1,240,68.39980191338859,1.2353491457098749,6.950251095257656,4136,6.950251095257656,9.841342560998928,0.10161215238690936,0,6.950251095257656,240
1,240,43.97414974718536,2.1585770225097507,3.2442144355098463,4142,3.2442144355098463,13.554637223070792,0.07377548978573481,0,3.2442144355098463,240
1,360,36.689864227544255,1.1153185634505087,18.131477982619685,4144,18.131477982619685,2.0235451441252668,0.4941822043867855,0,18.131477982619685,DC_Charging
1,360,50.57166739436873,5.590763289388099,21.48343544923722,4150,21.48343544923722,2.3539841899990117,0.4248116891560006,0,21.48343544923722,DC_Charging
1,240,75.5631150120033,1.4720969398440371,8.881212145242927,4152,8.881212145242927,8.508198405380668,0.11753369542576607,0,8.881212145242927,240
1,360,36.10122443545954,2.022145657490821,29.8186809810407,4153,29.8186809810407,1.2106915278517318,0.8259742279475716,0,29.8186809810407,DC_Charging
1,120,63.82438896919757,3.9554888677648585,1.729017282525902,4155,1.729017282525902,36.91367900959164,0.027090228523148838,0,1.729017282525902,120
1,360,34.4877624454684,2.2580795718390583,33.01861662819631,4158,33.01861662819631,1.0444944690995173,0.957400952885967,0,33.01861662819631,DC_Charging
1,360,96.57634185743817,3.188256025458875,17.01047006846619,4159,17.01047006846619,5.677464612601756,0.17613495956987388,0,17.01047006846619,DC_Charging
1,360,55.34031779599394,3.7664701084204655,12.393809637114302,4160,12.393809637114302,4.465157963236156,0.22395624258615088,0,12.393809637114302,DC_Charging
1,120,110.02453642150826,2.8407747044929272,3.228035523573894,4163,3.228035523573894,34.08405378999531,0.029339233125301838,0,3.228035523573894,120
1,240,61.118571865674575,1.0316649647247125,4.817049482688645,4164,4.817049482688645,12.68796845150138,0.07881482396669019,0,4.817049482688645,240
1,120,529.110727456194,9.10843326182668,7.717437946116192,4169,7.717437946116192,68.56041229621671,0.014585676580815747,0,7.717437946116192,120
1,360,18.067623217574116,1.842291520900847,8.094249218291822,4175,8.094249218291822,2.23215553787792,0.4479974549402083,0,8.094249218291822,DC_Charging
1,240,83.60766886598223,1.2589184632797767,4.5827175528372095,4176,4.5827175528372095,18.24412434369206,0.05481216753194033,0,4.5827175528372095,240
1,240,87.78116407690085,1.6286256674443331,6.430485854931604,4178,6.430485854931604,13.650782546948705,0.07325587354136891,0,6.430485854931604,240
1,360,90.42137861709894,3.574932310569554,22.350943211575043,4179,22.350943211575043,4.045528538154567,0.24718649011339466,0,22.350943211575043,DC_Charging
1,360,85.48472138182248,5.679707679071064,33.97408837699389,4180,33.97408837699389,2.5161741040183396,0.39742877824034367,0,33.97408837699389,DC_Charging
1,360,57.59085487493557,3.8512347679640486,34.87387902228366,4181,34.87387902228366,1.6514037580429826,0.6055454307461811,0,34.87387902228366,DC_Charging
1,360,47.16673184052631,1.2050809714404345,9.98622433637587,4184,9.98622433637587,4.723179677499988,0.21172177818340102,0,9.98622433637587,DC_Charging
1,360,20.03021240149581,2.62912615990751,14.502755371932722,4186,14.502755371932722,1.3811315083105113,0.7240440131753016,0,14.502755371932722,DC_Charging
1,360,35.124539708635375,1.6318905202737757,32.40261891991159,4194,32.40261891991159,1.084003110842721,0.9225065777003022,0,32.40261891991159,DC_Charging
1,360,44.5312494211106,1.859178800016273,31.91314646477491,4196,31.91314646477491,1.3953888711745581,0.716646105367214,0,31.91314646477491,DC_Charging
1,120,828.5680962028628,29.845244187837093,5.311251542549769,4200,5.311251542549769,156.00242043988987,0.006410156952566741,0,5.311251542549769,120
1,120,752.8928148531849,8.84740353202162,12.748996290505772,4201,12.748996290505772,59.05506580262064,0.01693334833191607,0,12.748996290505772,120
1,120,248.377908391422,4.570625954875893,4.458323952522719,4211,4.458323952522719,55.71104994532276,0.017949760433189525,0,4.458323952522719,120
1,360,51.527118245887365,1.2072596826319468,13.685466352716716,4212,13.685466352716716,3.7650977261479044,0.2655973556954938,0,13.685466352716716,DC_Charging
1,240,26.55113183096445,2.3260365527569347,3.989784994353087,4213,3.989784994353087,6.654777605445757,0.1502679817852481,0,3.989784994353087,240
1,360,30.63231575644223,1.850983823935294,7.927097659772968,4215,7.927097659772968,3.864253610989264,0.25878218685134285,0,7.927097659772968,DC_Charging
1,120,530.8433234364492,5.747832666332286,12.770887365894126,4216,12.770887365894126,41.56667490891173,0.024057733802171508,0,12.770887365894126,120
1,120,218.15669516834103,5.030722068672359,5.544159594922533,4222,5.544159594922533,39.348920505126486,0.025413657786869076,0,5.544159594922533,120
1,360,46.47911093619484,1.8750561038915643,24.61510824510572,4224,24.61510824510572,1.8882350820227003,0.5295950750627871,0,24.61510824510572,DC_Charging
1,240,39.70412589065701,1.7681723702135643,5.970914826846894,4228,5.970914826846894,6.649588386713576,0.15038524820545013,0,5.970914826846894,240
1,240,57.732910419944986,1.0691973881101602,8.215528607044789,4235,8.215528607044789,7.0272910218387175,0.14230234622307505,0,8.215528607044789,240
1,120,76.08413364378599,6.204530614089759,0.5710135342337423,4236,0.5710135342337423,133.24401101260275,0.007505027748717471,0,0.5710135342337423,120
1,240,82.24680358588114,1.215254072523124,8.290044861761587,4237,8.290044861761587,9.921153016342565,0.10079473609093173,0,8.290044861761587,240
1,120,377.88270719773567,5.769353680150139,8.55861646525203,4238,8.55861646525203,44.152312319630035,0.022648870409339848,0,8.55861646525203,120
1,120,227.13857662338305,10.222936624686676,3.96956759950983,4241,3.96956759950983,57.21997948880643,0.01747641311538085,0,3.96956759950983,120
1,360,32.90155702996036,1.92299003949945,19.92476423592514,4246,19.92476423592514,1.6512896534372812,0.6055872741153717,0,19.92476423592514,DC_Charging
1,120,191.253643567118,11.98842265447949,0.827403074851162,4248,0.827403074851162,231.14930241408854,0.00432620816743183,0,0.827403074851162,120
1,360,22.25392309875273,1.7052451892666516,11.615706392252676,4254,11.615706392252676,1.9158475900867658,0.5219621880019755,0,11.615706392252676,DC_Charging
1,120,280.49461726775144,3.57860872610801,8.994989115234034,4256,8.994989115234034,31.183430427136592,0.03206831276426134,0,8.994989115234034,120
1,120,808.6459780149029,12.338473204526224,11.885493703999742,4257,11.885493703999742,68.03638099970344,0.014698018696855128,0,11.885493703999742,120
1,120,762.763629057901,16.1336822596664,8.83848749411409,4258,8.83848749411409,86.30024419515854,0.01158745272769576,0,8.83848749411409,120
1,360,56.01096998438861,3.606876409751416,34.15085735357039,4261,34.15085735357039,1.640104358274121,0.6097172993627663,0,34.15085735357039,DC_Charging
1,240,35.087248979051175,3.0128936811051465,5.53420077934075,4263,5.53420077934075,6.340075175810818,0.1577268363970325,0,5.53420077934075,240
1,120,200.23211289466497,3.4141935623780366,5.577308461838115,4266,5.577308461838115,35.901208309478086,0.027854215696021443,0,5.577308461838115,120
1,240,77.3283468151523,1.133529552922076,5.367973492167707,4272,5.367973492167707,14.405500870669426,0.06941792645586295,0,5.367973492167707,240
1,360,46.49339186635704,0.9909035263409236,7.898078870222392,4276,7.898078870222392,5.886671003204086,0.16987529954633188,0,7.898078870222392,DC_Charging
1,360,67.09386894446753,5.342110731305295,28.60445488926348,4279,28.60445488926348,2.3455741143891133,0.4263348550213866,0,28.60445488926348,DC_Charging
1,240,77.8056622708516,1.727262121179747,3.9560199465403088,4283,3.9560199465403088,19.667661771750073,0.0508448849489757,0,3.9560199465403088,240
1,240,44.64277598487988,1.4067755804508075,6.9572539078866384,4292,6.9572539078866384,6.416723692414546,0.15584277084926348,0,6.9572539078866384,240
1,120,96.51329838973447,1.8566768439157344,3.44527259691246,4295,3.44527259691246,28.01325459013795,0.03569738734863208,0,3.44527259691246,120
1,360,38.77366666692222,1.7659967408994195,23.461850755075787,4306,23.461850755075787,1.6526260895481077,0.605097551299967,0,23.461850755075787,DC_Charging
1,120,315.96950672677434,19.99018087417406,0.7034424665184815,4316,0.7034424665184815,449.17604746069577,0.002226298587498709,0,0.7034424665184815,120
1,360,44.19037861973392,2.093004358030615,14.362424335979838,4318,14.362424335979838,3.0768049728924227,0.3250124752170842,0,14.362424335979838,DC_Charging
1,120,427.0407573797075,9.352225611247368,7.198272233149581,4320,7.198272233149581,59.32545249026476,0.016856171474867364,0,7.198272233149581,120
1,360,34.26343712384229,1.66187613041544,33.226252937014976,4326,33.226252937014976,1.0312158036235215,0.9697291260337223,0,33.226252937014976,DC_Charging
1,360,36.27624672090003,1.735430505061727,32.457317464691414,4327,32.457317464691414,1.117660039538481,0.894726450462462,0,32.457317464691414,DC_Charging
1,120,199.61053210017985,7.411909433295367,4.318550810084872,4329,4.318550810084872,46.221647232687516,0.021634884515600073,0,4.318550810084872,120
1,240,75.3496732004905,1.8617281289746317,5.58804999369471,4331,5.58804999369471,13.484072849296531,0.07416156907311357,0,5.58804999369471,240
1,240,73.19423079116395,1.5042763183494945,6.053657929218204,4337,6.053657929218204,12.090909603248193,0.08270676341268424,0,6.053657929218204,240
1,360,87.4836765646549,1.767881969311911,17.385499412101254,4338,17.385499412101254,5.031990999566081,0.1987284953582453,0,17.385499412101254,DC_Charging
1,120,592.2034356894088,10.816835174053994,8.817262560236216,4339,8.817262560236216,67.1640922161156,0.01488890815024008,0,8.817262560236216,120
1,360,55.0420728502739,2.337344753300877,27.08260464794354,4343,27.08260464794354,2.03237737159278,0.49203460635674034,0,27.08260464794354,DC_Charging
1,240,86.24811137159486,1.5732402806837773,3.6879396224138494,4346,3.6879396224138494,23.386530204402668,0.042759656574096805,0,3.6879396224138494,240
1,120,246.92663644014988,5.217798716953421,4.771868434739886,4349,4.771868434739886,51.74632113544635,0.019325045299017355,0,4.771868434739886,120
1,120,235.24139402508345,2.2737996119149706,6.212049726874156,4356,6.212049726874156,37.868562611048944,0.026407128526928274,0,6.212049726874156,120
1,120,105.15644529994567,1.345513493818711,3.781815614779177,4357,3.781815614779177,27.80580969865339,0.035963707255337686,0,3.781815614779177,120
1,240,84.90829980058459,1.5501929450862832,4.196447071212674,4358,4.196447071212674,20.23337798850114,0.0494232846620229,0,4.196447071212674,240
1,360,49.711928925201335,4.743695382468235,8.19543611373473,4360,8.19543611373473,6.0658064116794375,0.16485854182133886,0,8.19543611373473,DC_Charging
1,360,29.110299151002835,2.4828005596808267,5.608375636533438,4371,5.608375636533438,5.190504530648029,0.19265949853147532,0,5.608375636533438,DC_Charging
1,360,35.57883801118963,1.1964655392328958,21.45199356994225,4377,21.45199356994225,1.6585329421803203,0.6029425009101069,0,21.45199356994225,DC_Charging
1,240,59.74644435872311,1.6645464450738807,8.188791352167627,4378,8.188791352167627,7.29612488452375,0.1370590574897039,0,8.188791352167627,240
1,120,210.3110962914673,3.639119186877004,5.461841157764155,4379,5.461841157764155,38.50553141636211,0.0259702947399155,0,5.461841157764155,120
1,120,171.84399163103413,3.9739149722766745,6.175453577641804,4380,6.175453577641804,27.82694250236037,0.03593639509317909,0,6.175453577641804,120
1,360,32.56498815656765,2.5755513320735144,23.97794389032528,4381,23.97794389032528,1.3581226274245768,0.736310536182076,0,23.97794389032528,DC_Charging
1,360,28.0418326067974,2.756733317540666,24.909001552763527,4386,24.909001552763527,1.1257710409386643,0.8882800886103832,0,24.909001552763527,DC_Charging
1,360,50.8791044939007,2.8913636334260557,35.56638308304777,4391,35.56638308304777,1.4305391800762426,0.6990371280475545,0,35.56638308304777,DC_Charging
1,360,45.52295412726345,2.2936146745294783,17.727987742949068,4392,17.727987742949068,2.567857942330158,0.38942964231602606,0,17.727987742949068,DC_Charging
1,240,68.1768590916958,1.0720940886746502,5.152343485223184,4395,5.152343485223184,13.232203809242462,0.07557320113989761,0,5.152343485223184,240
1,360,49.97933235645163,1.370923484659735,13.934503356412122,4398,13.934503356412122,3.5867322342315893,0.27880531210444176,0,13.934503356412122,DC_Charging
1,240,88.90672492686288,2.4908923368968154,7.104362933708728,4400,7.104362933708728,12.514383873185718,0.07990804902050967,0,7.104362933708728,240
1,240,32.04712794883473,1.9999527944068636,4.961452308624374,4402,4.961452308624374,6.459223218396753,0.15481737759919226,0,4.961452308624374,240
1,120,184.2618413511876,3.087612477074497,5.103198895287036,4404,5.103198895287036,36.107125184040775,0.0276953646933375,0,5.103198895287036,120
1,360,56.57685368049653,2.824021619123444,30.36336824062782,4405,30.36336824062782,1.8633260062628247,0.5366747400287981,0,30.36336824062782,DC_Charging
1,360,63.07793460360829,3.2204378694662266,13.005102720981228,4407,13.005102720981228,4.850245012047786,0.20617515146472928,0,13.005102720981228,DC_Charging
1,120,444.8364141808791,5.800942747059271,9.718052417791723,4411,9.718052417791723,45.7742349039481,0.02184635094608099,0,9.718052417791723,120
1,360,45.57224245600297,1.4904411544715177,12.05771626476718,4412,12.05771626476718,3.7795086113583314,0.2645846597609964,0,12.05771626476718,DC_Charging
1,240,72.61844163010831,1.1366052665347957,4.53525497021505,4416,4.53525497021505,16.0119865601878,0.06245321255055258,0,4.53525497021505,240
1,360,24.55113793475129,1.82734652895603,17.39505021600786,4424,17.39505021600786,1.4113864363644097,0.708523175676748,0,17.39505021600786,DC_Charging
1,360,37.08142056503986,1.741721057036897,37.21723995464231,4425,37.21723995464231,0.9963506324013287,1.0036627342624111,0,37.21723995464231,DC_Charging
1,360,47.73644314948152,1.194361409473676,20.29848627684589,4426,20.29848627684589,2.351724286156924,0.425219914547956,0,20.29848627684589,DC_Charging
1,240,66.01742361075335,1.2556846053312871,8.031573628923908,4427,8.031573628923908,8.219737085271364,0.12165839243105017,0,8.031573628923908,240
1,360,50.08573705211689,1.8998236553819328,11.661628522631844,4428,11.661628522631844,4.294917897180054,0.2328333216000654,0,11.661628522631844,DC_Charging
1,360,37.0792879853555,2.4551441443998456,36.25442399569162,4434,36.25442399569162,1.0227520919863988,0.9777540499162318,0,36.25442399569162,DC_Charging
1,120,282.48927052259984,10.53485008700847,5.130252567381675,4440,5.130252567381675,55.06342364480776,0.018160875837481556,0,5.130252567381675,120
1,120,100.08931095660132,3.0001350610184407,3.675865807536283,4444,3.675865807536283,27.22877172267758,0.03672585786038768,0,3.675865807536283,120
1,360,48.43282969168804,3.038892046362437,33.30787192558735,4447,33.30787192558735,1.4540955903724846,0.6877126968962457,0,33.30787192558735,DC_Charging
1,120,259.15855462671885,7.0796393784787846,3.232848395987162,4449,3.232848395987162,80.16415336654964,0.012474403558252675,0,3.232848395987162,120
1,240,74.37798900534001,5.834101282031187,4.193516048566536,4450,4.193516048566536,17.73642646026466,0.056381143193659895,0,4.193516048566536,240
1,120,809.4680654220566,12.605350400394652,11.580300970970312,4453,11.580300970970312,69.90043414685374,0.014306062790670244,0,11.580300970970312,120
1,360,40.0098900181952,1.211885492506857,11.32160491537283,4457,11.32160491537283,3.533941549564984,0.28297015838394285,0,11.32160491537283,DC_Charging
1,360,120.01048786801088,4.92229563523785,29.611835715265727,4460,29.611835715265727,4.052787845440536,0.24674373249638992,0,29.611835715265727,DC_Charging
1,120,371.6189235637094,5.854289515968075,9.052993387259662,4461,9.052993387259662,41.04928697801671,0.0243609590718478,0,9.052993387259662,120
1,240,65.31750360462154,1.193202711637152,9.68572790099536,4463,9.68572790099536,6.743685582774749,0.14828686594675744,0,9.68572790099536,240
1,240,100.59668107840407,1.2815636579076377,5.368448117993921,4464,5.368448117993921,18.738502983986177,0.053366056021369186,0,5.368448117993921,240
1,120,337.27797819892504,8.708623248126855,6.603874163342383,4465,6.603874163342383,51.07274455214942,0.01957991505584586,0,6.603874163342383,120
1,360,33.80023713953657,2.1951412961336225,35.82418817437497,4474,35.82418817437497,0.9435032267866957,1.059879788016959,0,35.82418817437497,DC_Charging
1,360,44.24517121017602,1.8194664326883656,24.001483665952108,4475,24.001483665952108,1.843434840361185,0.5424656071944857,0,24.001483665952108,DC_Charging
1,240,84.7081608740684,2.461174057603368,10.369355626132233,4480,10.369355626132233,8.169086289276446,0.12241271111466889,0,10.369355626132233,240
1,120,91.13277043118802,5.671025238044193,1.1735302036999968,4493,1.1735302036999968,77.6569449545121,0.012877148342440647,0,1.1735302036999968,120
1,360,41.775585105896326,2.4817632878125804,31.242808262772243,4494,31.242808262772243,1.3371264437734474,0.7478724279642116,0,31.242808262772243,DC_Charging
1,360,49.60173338530404,1.8005611402727306,19.76584785182968,4496,19.76584785182968,2.509466518063505,0.39849107083192964,0,19.76584785182968,DC_Charging
1,240,82.47169514418206,1.5072195992890527,5.858228663579197,4502,5.858228663579197,14.077923529498147,0.07103320300786208,0,5.858228663579197,240
1,360,45.8147719190382,2.107724813195803,17.745423996986048,4503,17.745423996986048,2.581779501398195,0.38732974657922475,0,17.745423996986048,DC_Charging
1,240,46.94223738327007,1.8333160373631503,4.24576652329533,4505,4.24576652329533,11.05624558621186,0.09044661609607249,0,4.24576652329533,240
1,120,243.30110390226747,7.735429069675717,5.107470527723038,4510,5.107470527723038,47.63632067608495,0.020992385343942693,0,5.107470527723038,120
1,240,72.96735372763966,1.147528056300528,10.885148997702018,4512,10.885148997702018,6.703385846444906,0.14917834403495409,0,10.885148997702018,240
1,120,195.92940541604293,2.357869880460847,6.455366240348269,4513,6.455366240348269,30.35140038862806,0.03294740892333508,0,6.455366240348269,120
1,240,108.50952239884278,3.3840295555636164,11.531947424077856,4520,11.531947424077856,9.409470786545809,0.10627590251195172,0,11.531947424077856,240
1,120,200.15644308448523,2.4889074317648965,6.104934171987921,4523,6.104934171987921,32.78601168263035,0.030500812653885205,0,6.104934171987921,120
1,120,573.5178019098901,10.586546026291987,9.207771367221229,4529,9.207771367221229,62.286277432078485,0.01605490071373222,0,9.207771367221229,120
1,240,89.32306331103543,3.685292754132599,11.714403583800149,4530,11.714403583800149,7.625062827318013,0.13114646038290192,0,11.714403583800149,240
1,360,38.07992378815201,1.0683390412365046,15.185542093412607,4534,15.185542093412607,2.5076433593154928,0.39878079005340233,0,15.185542093412607,DC_Charging
1,360,15.800398702602322,2.658058824633174,14.287808160036462,4535,14.287808160036462,1.1058658210989025,0.9042688370694888,0,14.287808160036462,DC_Charging
1,240,32.870700808044504,2.5773243801498307,3.5875854038590376,4538,3.5875854038590376,9.162346566770694,0.10914234609141772,0,3.5875854038590376,240
1,360,36.41017272507819,1.970476662620859,20.089367803166382,4542,20.089367803166382,1.8124100808856418,0.5517515106246517,0,20.089367803166382,DC_Charging
1,120,225.9380077983157,4.403904138016838,4.801769861791854,4544,4.801769861791854,47.053068827001944,0.02125259892562286,0,4.801769861791854,120
1,240,77.45124223475615,1.1074687576346849,4.842246285322801,4546,4.842246285322801,15.9948994064008,0.06251993054734827,0,4.842246285322801,240
1,240,78.62521999727633,1.6157578608451808,3.403913535880122,4547,3.403913535880122,23.09847743442956,0.04329289680840368,0,3.403913535880122,240
1,120,503.76609155107474,6.803214350418704,10.412038643416665,4551,10.412038643416665,48.383040901370116,0.02066839912023144,0,10.412038643416665,120
1,120,373.5305679927747,3.840936014338406,8.833516413092084,4552,8.833516413092084,42.28560298356021,0.023648710895497457,0,8.833516413092084,120
1,360,28.06426146209849,2.165642094294182,5.147597226960968,4553,5.147597226960968,5.451914791450579,0.1834217955071767,0,5.147597226960968,DC_Charging
1,240,82.83527791919724,1.1409618083814297,5.187182686221647,4554,5.187182686221647,15.96922316602167,0.0626204537067112,0,5.187182686221647,240
1,240,63.53863064521564,1.8865874323569107,3.0400170822390606,4555,3.0400170822390606,20.90074789922483,0.04784517782911913,0,3.0400170822390606,240
1,360,89.25492371325842,3.495603026058492,19.7711686571447,4559,19.7711686571447,4.514397973182248,0.22151347886041362,0,19.7711686571447,DC_Charging
1,240,63.712340291091785,1.0503141971579315,7.847227292665622,4563,7.847227292665622,8.119089445853092,0.12316652090965202,0,7.847227292665622,240
1,240,72.6177724413108,1.3268479714622636,5.578182772570628,4564,5.578182772570628,13.018177317242317,0.07681566901654657,0,5.578182772570628,240
1,360,89.23172271703714,2.842594420997951,15.139678250415614,4570,15.139678250415614,5.893898221686948,0.16966699498142684,0,15.139678250415614,DC_Charging
1,120,78.42768428871969,4.483798726890731,2.432845748968276,4571,2.432845748968276,32.237014747843915,0.031020242036117265,0,2.432845748968276,120
1,120,436.2810045403719,6.245455127813105,9.339325988773451,4574,9.339325988773451,46.71439941863186,0.02140667572408421,0,9.339325988773451,120
1,240,69.45001651698507,1.4347744363341324,4.228738280933513,4575,4.228738280933513,16.42334235488645,0.06088894564768476,0,4.228738280933513,240
1,360,29.21153969465656,1.7941078651725588,4.893297705332714,4577,4.893297705332714,5.969704165520492,0.16751248843715713,0,4.893297705332714,DC_Charging
1,360,20.61461277224246,2.358858018398492,10.8381027535239,4585,10.8381027535239,1.902049947398757,0.5257485490155501,0,10.8381027535239,DC_Charging
1,360,33.68049646712097,1.647924207412056,33.74057247049281,4586,33.74057247049281,0.9982194729083397,1.0017837030232166,0,33.74057247049281,DC_Charging
1,120,820.154966395918,9.867028042139882,13.841584942468131,4591,13.841584942468131,59.252966318875465,0.016876792203421597,0,13.841584942468131,120
1,120,256.9449369143474,2.615094284199851,7.0293470728590535,4592,7.0293470728590535,36.55317261348996,0.027357406443864998,0,7.0293470728590535,120
1,120,834.8768846219522,9.07596048859584,14.796340589141934,4594,14.796340589141934,56.42455170534623,0.017722781480340056,0,14.796340589141934,120
1,240,83.32967607354061,1.2474025442012675,3.727974727194095,4596,3.727974727194095,22.352532452992165,0.04473766013327665,0,3.727974727194095,240
1,240,76.29393536238926,1.4096362670769178,4.660006621591421,4598,4.660006621591421,16.37206586979793,0.06107964675641403,0,4.660006621591421,240
1,120,156.25501062767523,4.089488191272672,5.458002517309964,4600,5.458002517309964,28.62860728482903,0.03493009597186809,0,5.458002517309964,120
1,360,28.58245258736864,1.1812839471598973,13.883968196072844,4606,13.883968196072844,2.0586659508088863,0.4857514642465828,0,13.883968196072844,DC_Charging
1,120,169.99929549661184,1.9803652623957129,5.618326125346329,4613,5.618326125346329,30.25799708024828,0.033049114167995504,0,5.618326125346329,120
1,360,29.826606928950543,1.5474488414783016,7.846169793017722,4615,7.846169793017722,3.8014225686899015,0.2630594157661966,0,7.846169793017722,DC_Charging
1,240,100.96236701821142,3.945601852955508,4.9415430042297,4620,4.9415430042297,20.431344406351005,0.04894440522911228,0,4.9415430042297,240
1,360,56.174196898057644,1.4952740665055206,18.59766046519597,4621,18.59766046519597,3.02049803539446,0.3310712300693172,0,18.59766046519597,DC_Charging
1,240,72.68707392732964,1.2165331396842567,10.664381374357871,4622,10.664381374357871,6.815873455360771,0.14671633893283145,0,10.664381374357871,240
1,120,157.18072670004307,3.333103205085572,4.837325164914077,4623,4.837325164914077,32.49331424732433,0.03077556177829245,0,4.837325164914077,120
1,240,52.66188228024589,1.8556288295035213,6.512696044094525,4624,6.512696044094525,8.086034097660333,0.12367002017581731,0,6.512696044094525,240
1,360,33.35091363062532,1.88496442768157,35.54224378006151,4625,35.54224378006151,0.9383457565876726,1.0657052509477265,0,35.54224378006151,DC_Charging
1,360,31.4591095463477,1.4436249717579883,18.49450845229713,4627,18.49450845229713,1.7009973326671621,0.5878903986474812,0,18.49450845229713,DC_Charging
1,120,461.0147813792122,8.0335237460964,7.472139661648384,4630,7.472139661648384,61.697827162602906,0.016208026214027404,0,7.472139661648384,120
1,240,84.80215616208757,2.2399475664817365,4.55448147956146,4632,4.55448147956146,18.619497420868417,0.05370714243227731,0,4.55448147956146,240
1,240,83.0491168317547,1.3142944283009523,4.71476345375342,4636,4.71476345375342,17.614694278169853,0.05677078376769301,0,4.71476345375342,240
1,360,55.82952422186435,1.1064092962493928,10.244978679355512,4637,10.244978679355512,5.449452455607887,0.18350467467074172,0,10.244978679355512,DC_Charging
1,360,79.17041031672285,1.4005820635858923,13.04930953697088,4638,13.04930953697088,6.067019108744399,0.16482558931761057,0,13.04930953697088,DC_Charging
1,120,286.1285986449232,4.652568671394556,6.170074484944621,4639,6.170074484944621,46.37360526896319,0.021563990856438273,0,6.170074484944621,120
1,240,65.01012533487396,1.9071505986889583,5.650184343085357,4641,5.650184343085357,11.50584147124912,0.08691237424909837,0,5.650184343085357,240
1,360,49.46689184260621,1.0027223499378335,9.184031749141257,4647,9.184031749141257,5.386184760002769,0.18566017404859425,0,9.184031749141257,DC_Charging
1,120,94.55624472083832,8.083860137192675,0.9363005582779635,4650,0.9363005582779635,100.98920040669996,0.009902048892087838,0,0.9363005582779635,120
1,360,46.37562566858024,2.21246690626434,10.935084630681873,4651,10.935084630681873,4.240993758608745,0.23579379195503677,0,10.935084630681873,DC_Charging
1,360,51.87172841543474,2.4160002513657752,28.55947368376788,4652,28.55947368376788,1.8162704603662447,0.5505787941947552,0,28.55947368376788,DC_Charging
1,120,161.03773973207876,11.538844723977228,0.9956954007067224,4664,0.9956954007067224,161.73393953389538,0.00618299413766784,0,0.9956954007067224,120
1,360,43.80724597199156,1.3758421609381923,18.633732027988813,4665,18.633732027988813,2.3509646863114084,0.4253573036730592,0,18.633732027988813,DC_Charging
1,360,28.006288386437465,1.9126750840042184,5.641924188355318,4667,5.641924188355318,4.963960424041359,0.20145204928645663,0,5.641924188355318,DC_Charging
1,360,107.31203478373322,5.217276382766458,31.21767807428914,4670,31.21767807428914,3.437540566866033,0.2909056578528435,0,31.21767807428914,DC_Charging
1,120,349.94820769413855,5.885735935981913,9.632411599849789,4671,9.632411599849789,36.330279708935585,0.02752524913134775,0,9.632411599849789,120
1,360,51.66292312630468,3.380823346457795,35.125272501572425,4678,35.125272501572425,1.47081914094736,0.679893245988012,0,35.125272501572425,DC_Charging
1,120,571.6941374233895,5.7898166414409244,12.369761928585746,4684,12.369761928585746,46.217068745861646,0.02163702777211594,0,12.369761928585746,120
1,120,342.2597137564951,17.241002558865613,2.492065729250541,4685,2.492065729250541,137.33976184465473,0.007281212567785737,0,2.492065729250541,120
1,120,136.88776025869504,3.043317974476658,4.886003455792888,4690,4.886003455792888,28.016304429011345,0.035693501351466025,0,4.886003455792888,120
1,360,42.60040074430147,1.9918330161336504,16.78989396080631,4692,16.78989396080631,2.53726443083835,0.39412525862335335,0,16.78989396080631,DC_Charging
1,240,28.850275180832757,1.7646511051871498,4.530916723627996,4697,4.530916723627996,6.36742560956445,0.15704934165197146,0,4.530916723627996,240
1,360,48.667020032785096,1.2160428570219142,12.531401166105312,4702,12.531401166105312,3.8836056230023743,0.2574926748681836,0,12.531401166105312,DC_Charging
1,120,64.48970970838133,4.670076200343592,1.6754928121582964,4704,1.6754928121582964,38.48999484832675,0.02598077770445512,0,1.6754928121582964,120
1,120,154.0791910517784,4.426421919028964,4.699425545474469,4709,4.699425545474469,32.78681395434728,0.030500066319112645,0,4.699425545474469,120
1,120,102.6233965657485,5.369406654987922,2.354016227971073,4710,2.354016227971073,43.59502510915127,0.02293839715647014,0,2.354016227971073,120
1,120,325.6685379610532,8.04856682979514,6.592666332428436,4713,6.592666332428436,49.39860771644601,0.020243485519675395,0,6.592666332428436,120
1,360,75.47331869984541,4.791090077590455,27.31665346765301,4719,27.31665346765301,2.7629050091811966,0.36193788663634,0,27.31665346765301,DC_Charging
1,360,41.20517887011294,2.184314748995394,33.81604630363094,4726,33.81604630363094,1.2185096536755275,0.8206746634986335,0,33.81604630363094,DC_Charging
1,120,238.79799276309947,7.222263027611682,4.412218633228164,4728,4.412218633228164,54.121976405413264,0.018476782749197243,0,4.412218633228164,120
1,240,47.07937328755934,1.437252617952122,6.880655960949568,4735,6.880655960949568,6.84227979930305,0.14615011799164648,0,6.880655960949568,240
1,120,803.7254548479971,11.042430710639008,11.745828809557352,4737,11.745828809557352,68.42645741559092,0.014614230193541349,0,11.745828809557352,120
1,120,307.2231944359012,4.14934952061444,7.0222443390034925,4738,7.0222443390034925,43.75000065570182,0.022857142514572118,0,7.0222443390034925,120
1,240,99.78601400314624,2.909665053984948,10.537922735360866,4740,10.537922735360866,9.469229990490067,0.1056052077100565,0,10.537922735360866,240
1,240,28.45360432895619,2.335660639400022,3.993615308038386,4742,3.993615308038386,7.124773453187769,0.14035533993752175,0,3.993615308038386,240
1,360,38.925829904263225,1.9007848489060224,29.331506714115196,4748,29.331506714115196,1.3270995685172542,0.7535229637044363,0,29.331506714115196,DC_Charging
1,360,62.94828111252191,2.0574745385585387,22.628574339608093,4752,22.628574339608093,2.7818049943314334,0.3594788283282723,0,22.628574339608093,DC_Charging
1,120,297.618526175794,3.730302252279688,7.393859707397326,4753,7.393859707397326,40.25211972551169,0.02484341214373867,0,7.393859707397326,120
1,120,165.15282432081491,2.2806283477321374,3.462633910029524,4755,3.462633910029524,47.695721988527154,0.020966240960573833,0,3.462633910029524,120
1,240,57.34096433512775,0.9734949696822024,7.951570033514471,4765,7.951570033514471,7.2112757723878005,0.13867171795440567,0,7.951570033514471,240
1,360,41.2883494778032,1.1474276751519883,18.03272250369004,4766,18.03272250369004,2.289634827428546,0.43675086875014246,0,18.03272250369004,DC_Charging
1,360,25.901840369597927,2.531952277117052,11.092052550859153,4767,11.092052550859153,2.3351710831546373,0.42823414833018425,0,11.092052550859153,DC_Charging
1,360,82.13224728821547,4.987699060622693,30.57998913306919,4769,30.57998913306919,2.6858167584957604,0.3723262195147177,0,30.57998913306919,DC_Charging
1,360,36.03586822185679,2.0178153556286302,11.193938894888078,4774,11.193938894888078,3.219230385321582,0.31063325090357147,0,11.193938894888078,DC_Charging
1,360,43.70637862978258,1.614753873252503,23.409966658177765,4777,23.409966658177765,1.8669987560411454,0.535618996404924,0,23.409966658177765,DC_Charging
1,360,44.11159450784271,2.065425429952016,11.134569032765953,4778,11.134569032765953,3.961679556526571,0.2524181942864548,0,11.134569032765953,DC_Charging
1,360,41.12418496444535,2.190473396619237,36.5655453881644,4782,36.5655453881644,1.1246703564212799,0.8891494243540097,0,36.5655453881644,DC_Charging
1,120,92.55078149310708,5.188135559238032,2.6087820486566784,4783,2.6087820486566784,35.476624634382006,0.028187574503095614,0,2.6087820486566784,120
1,120,154.03903972392794,2.836755408083932,4.790303901042606,4788,4.790303901042606,32.1564232470515,0.031097986001651857,0,4.790303901042606,120
1,120,386.6206068294402,6.498845323892439,8.428577315636161,4792,8.428577315636161,45.870209449488726,0.02180064168011219,0,8.428577315636161,120
1,360,44.73708012926713,1.4106780296807566,7.662064933056996,4793,7.662064933056996,5.8387759070345036,0.1712687754971396,0,7.662064933056996,DC_Charging
1,120,163.91672230597226,1.9239802907244328,3.234405501767924,4796,3.234405501767924,50.679088387765695,0.019732004497567235,0,3.234405501767924,120
1,120,900.5451019862522,19.16613828944192,9.690748942630648,4809,9.690748942630648,92.92832858610724,0.010760981233762335,0,9.690748942630648,120
1,120,683.568855856715,11.775468098319385,10.619142039026954,4811,10.619142039026954,64.37138267333613,0.015534853508968036,0,10.619142039026954,120
1,240,56.917511223904775,2.4735005104295174,4.870757141971623,4812,4.870757141971623,11.685557206998265,0.08557572243120067,0,4.870757141971623,240
1,360,29.33735638074184,1.989119555192065,29.241752472346008,4817,29.241752472346008,1.003269431559762,0.996741222789297,0,29.241752472346008,DC_Charging
1,240,84.38595014492992,2.2734104148302805,6.022948805584775,4818,6.022948805584775,14.01073674521077,0.07137383409490053,0,6.022948805584775,240
1,120,334.2811007371014,5.358372829583323,6.615198569020649,4819,6.615198569020649,50.53228519889921,0.01978932866510822,0,6.615198569020649,120
1,240,78.9128388131898,4.907792496453888,7.279433249433481,4820,7.279433249433481,10.840519599425017,0.0922465008091531,0,7.279433249433481,240
1,360,32.504216989286284,1.846921909564989,15.479718511212385,4827,15.479718511212385,2.099793802176867,0.47623723765795234,0,15.479718511212385,DC_Charging
1,240,63.95175545241554,1.7530810331206128,3.454665192210328,4835,3.454665192210328,18.511708630004343,0.05401986493992075,0,3.454665192210328,240
1,360,84.29124154577494,3.7860278783016095,25.78945744071143,4840,25.78945744071143,3.2684379552984373,0.30595654978822784,0,25.78945744071143,DC_Charging
1,240,97.93278754998649,2.28255989235878,6.663635383601914,4841,6.663635383601914,14.696600565958727,0.06804294608892539,0,6.663635383601914,240
1,360,35.07602352081606,1.3870269983337975,14.2907391826826,4846,14.2907391826826,2.4544583084492153,0.4074218724993636,0,14.2907391826826,DC_Charging
1,360,48.14047507813067,6.275441266276604,27.85054923477027,4850,27.85054923477027,1.728528750809311,0.5785266802948993,0,27.85054923477027,DC_Charging
1,360,36.31974399273804,1.9780078903705272,34.39777935797001,4852,34.39777935797001,1.0558746718724652,0.9470820985094961,0,34.39777935797001,DC_Charging
1,240,82.08458780913142,1.302118899412169,4.7871397288678,4854,4.7871397288678,17.146896154741057,0.05831959271086525,0,4.7871397288678,240
1,120,366.2965341395926,25.061457631285677,0.7265159430879606,4860,0.7265159430879606,504.18237565812706,0.0019834092746591247,0,0.7265159430879606,120
1,120,119.17472253598498,4.578122489491768,2.711659278182452,4861,2.711659278182452,43.9490032891833,0.02275364456891152,0,2.711659278182452,120
1,120,131.16009244987217,1.7323590180236823,4.253293922363824,4862,4.253293922363824,30.837298066854085,0.03242826261341179,0,4.253293922363824,120
1,120,149.7304492668663,1.773339886076034,4.178711053495974,4866,4.178711053495974,35.831730729886075,0.027908224906533267,0,4.178711053495974,120
1,360,43.00214934194374,1.2598258560303943,13.199183050061492,4867,13.199183050061492,3.257940220909612,0.30694240292745506,0,13.199183050061492,DC_Charging
1,360,60.436734664521566,4.111197287663578,9.98882228826676,4870,9.98882228826676,6.050436469924266,0.16527733246532497,0,9.98882228826676,DC_Charging
1,120,714.4604344729917,6.516885049036016,15.291225444051308,4873,15.291225444051308,46.7235564008335,0.021402480398135124,0,15.291225444051308,120
1,120,545.1531978525717,6.243918063489497,10.763161833594154,4874,10.763161833594154,50.64991182712043,0.019743370993679624,0,10.763161833594154,120
1,360,39.26648009394842,1.7461362426071514,25.21161298743982,4875,25.21161298743982,1.5574759184789404,0.6420645020159402,0,25.21161298743982,DC_Charging
1,240,73.23608082903887,1.145579341214267,7.192693297999256,4876,7.192693297999256,10.182010798293105,0.09821242776207213,0,7.192693297999256,240
1,240,77.23349114153633,2.3217435856377096,3.094116099659445,4877,3.094116099659445,24.961406958852344,0.04006184433627684,0,3.094116099659445,240
1,360,73.3822949044328,4.6931402661325095,28.65886199713248,4880,28.65886199713248,2.5605446200820956,0.3905419152461159,0,28.65886199713248,DC_Charging
1,360,25.79406971987621,1.9926626575209687,9.710316849501195,4882,9.710316849501195,2.656357163175495,0.37645540060003363,0,9.710316849501195,DC_Charging
1,360,32.44414810255615,1.3436722922257545,16.459254622076287,4883,16.459254622076287,1.9711796704961244,0.5073104268310107,0,16.459254622076287,DC_Charging
1,240,56.425503029552495,1.8558965125662947,3.0003899891339785,4886,3.0003899891339785,18.80605629064872,0.05317435960761473,0,3.0003899891339785,240
1,360,24.217484812547724,1.9252921138392995,6.611992763001439,4887,6.611992763001439,3.6626605140980937,0.2730255769408221,0,6.611992763001439,DC_Charging
1,240,65.16120757492669,1.7573246902019586,8.01202237559113,4891,8.01202237559113,8.132928806270224,0.12295693517309932,0,8.01202237559113,240
1,240,69.41612320744976,1.689396943092253,7.394251065534732,4898,7.394251065534732,9.387850451955106,0.10652065721730163,0,7.394251065534732,240
1,240,122.88993372645648,2.784417381664315,6.21966872040035,4900,6.21966872040035,19.75827640520157,0.05061170212887292,0,6.21966872040035,240
1,120,589.8816005886404,11.169787972044482,10.24103179090588,4904,10.24103179090588,57.599821251649665,0.01736116498749308,0,10.24103179090588,120
1,240,62.64191765655518,1.1343570810220571,9.573624611549349,4907,9.573624611549349,6.543176717101039,0.15283096319046857,0,9.573624611549349,240
1,360,75.3228615262519,2.1415795002382088,16.320305829757658,4908,16.320305829757658,4.615284928601756,0.2166713465083854,0,16.320305829757658,DC_Charging
1,360,37.90258875681244,2.4323069047851726,33.85229272857029,4915,33.85229272857029,1.1196461362519126,0.8931393300275784,0,33.85229272857029,DC_Charging
1,360,29.51968642846281,1.8639308788096096,29.76601416786785,4916,29.76601416786785,0.9917245306000374,1.0083445242550928,0,29.76601416786785,DC_Charging
1,360,34.6585269252632,2.164482075653072,10.897955568241116,4922,10.897955568241116,3.180277870306728,0.3144379330299063,0,10.897955568241116,DC_Charging
1,120,447.5051979351246,4.350410495638065,11.63804711316061,4923,11.63804711316061,38.45191496338539,0.02600650711290239,0,11.63804711316061,120
1,360,40.67072498631874,2.305432881750915,27.39591598063204,4928,27.39591598063204,1.4845543041916003,0.6736028430731879,0,27.39591598063204,DC_Charging
1,120,671.7888974887705,12.311964128162328,9.586597717466075,4933,9.586597717466075,70.07584101133405,0.014270253279418513,0,9.586597717466075,120
1,120,182.07725613741573,3.4500673193643205,5.580863992150341,4937,5.580863992150341,32.625281030591864,0.030651076968879636,0,5.580863992150341,120
1,240,98.37461393824871,2.722096185861483,11.475433643681953,4940,11.475433643681953,8.57262714358607,0.11665035504876554,0,11.475433643681953,240
1,240,75.86627959844348,1.4118224628277511,12.02901389243408,4941,12.02901389243408,6.306940891153289,0.1585554736057055,0,12.02901389243408,240
1,240,104.00743342717868,1.954558677964317,7.333140908716473,4942,7.333140908716473,14.183203994287245,0.07050593084628713,0,7.333140908716473,240
1,360,37.38848262469631,2.147379241229202,34.73114155012415,4943,34.73114155012415,1.076511768861299,0.92892621235137,0,34.73114155012415,DC_Charging
1,360,40.96780069007391,1.6965125576655105,30.55168644564239,4945,30.55168644564239,1.340934182568412,0.7457487570975407,0,30.55168644564239,DC_Charging
1,120,235.04707924722248,3.004297532644564,7.635252737259904,4946,7.635252737259904,30.784453028017882,0.03248392943963854,0,7.635252737259904,120
1,120,188.7180504447456,5.847274106436079,3.7189984703402814,4951,3.7189984703402814,50.74432053409214,0.019706638880466604,0,3.7189984703402814,120
1,360,43.7621529422518,1.2964362697611391,18.03188150003305,4953,18.03188150003305,2.4269321502679344,0.41204283353764115,0,18.03188150003305,DC_Charging
1,120,106.39909212830244,2.235795485185024,4.223750546373751,4954,4.223750546373751,25.190666674112673,0.039697242353163104,0,4.223750546373751,120
1,240,60.33320159770714,1.1338399419997982,8.850486368071728,4955,8.850486368071728,6.816936277689793,0.14669346452199672,0,8.850486368071728,240
1,120,239.0291349859925,6.480700638811092,4.753108224450813,4970,4.753108224450813,50.28901588152047,0.019885058048381227,0,4.753108224450813,120
1,120,319.07942561931543,4.499694522030227,7.420788477958737,4972,7.420788477958737,42.998048868667624,0.02325686923735493,0,7.420788477958737,120
1,120,190.25759648750437,4.152644135573889,5.318320969329804,4973,5.318320969329804,35.773996640048594,0.027953264771107825,0,5.318320969329804,120
1,240,64.95022926063548,1.139887730092052,4.987356886613426,4975,4.987356886613426,13.0229760446798,0.07678736385363498,0,4.987356886613426,240
1,120,135.83447179886383,6.402033517665837,3.50383476245311,4980,3.50383476245311,38.76737375131332,0.02579488634992003,0,3.50383476245311,120
1,120,383.07914205346,4.32506302288078,9.34981771756361,4983,9.34981771756361,40.97182999983483,0.024407013306557975,0,9.34981771756361,120
1,360,43.130611529896086,1.9260368715185543,34.562283003984675,4984,34.562283003984675,1.2479097959160734,0.8013399712644405,0,34.562283003984675,DC_Charging
1,240,74.15254591781039,1.520154678868455,5.785835734927076,4987,5.785835734927076,12.816220389766215,0.0780261238951932,0,5.785835734927076,240
1,360,36.23977960829738,2.1205482407608645,7.40893948584096,4991,7.40893948584096,4.891358564549532,0.20444217834439105,0,7.40893948584096,DC_Charging
1,240,83.21995117191848,1.4723596919030224,3.9257438148886905,4993,3.9257438148886905,21.198518063328613,0.04717310884716528,0,3.9257438148886905,240
1,360,45.19223146369513,0.9847201356445016,8.667180877923585,4995,8.667180877923585,5.214178877794683,0.19178475143203108,0,8.667180877923585,DC_Charging
1,360,80.57561854681266,5.639484776743828,33.421823757724965,4999,33.421823757724965,2.410868393385887,0.4147882989977622,0,33.421823757724965,DC_Charging
1,240,91.31120852098503,2.4771616046347757,6.968361817574007,5001,6.968361817574007,13.10368360763082,0.07631441890260983,0,6.968361817574007,240
1,360,44.779507434401424,1.8617158014651616,23.46144274340061,5003,23.46144274340061,1.9086425299653536,0.5239325773685618,0,23.46144274340061,DC_Charging
1,120,432.4201822797965,5.115258493183473,11.133761336184492,5014,11.133761336184492,38.83864304459625,0.025747552478899833,0,11.133761336184492,120
1,120,491.93106850493535,7.586001339744592,10.534433819199691,5015,10.534433819199691,46.69743784505618,0.021414451116526713,0,10.534433819199691,120
1,120,148.6124921665375,2.8399577428296348,4.889525679029589,5019,4.889525679029589,30.39405085935293,0.032901175451322824,0,4.889525679029589,120
1,240,58.80205350667098,1.1429710163177316,8.805763292411442,5022,8.805763292411442,6.677678192570192,0.14975264922359294,0,8.805763292411442,240
1,120,263.3755618169216,4.166876421364072,5.968042091582916,5029,5.968042091582916,44.13098261963933,0.022659817222265437,0,5.968042091582916,120
1,360,34.66562326800601,1.751823451047413,13.70318571689566,5031,13.70318571689566,2.5297492119123968,0.39529610100917356,0,13.70318571689566,DC_Charging
1,120,285.6768741454363,2.581097478583986,8.622482782569932,5033,8.622482782569932,33.13162593063366,0.030182641868939944,0,8.622482782569932,120
1,120,144.42103181020886,1.7971473006859815,3.2863478860481194,5034,3.2863478860481194,43.94575279851983,0.022755327564525914,0,3.2863478860481194,120
1,120,93.07489604229364,6.937899787882151,1.900140709801022,5038,1.900140709801022,48.98315980611784,0.020415179501651975,0,1.900140709801022,120
1,240,74.77748001000607,1.2808841479749336,8.747076225337565,5042,8.747076225337565,8.548854278118547,0.11697473924190957,0,8.747076225337565,240
1,120,208.2890283570902,5.8318802170392825,5.173593399407707,5043,5.173593399407707,40.26003055843854,0.024838530575590913,0,5.173593399407707,120
1,120,309.39783741611006,5.943413535074742,7.836177670360428,5050,7.836177670360428,39.48325962367814,0.025327189536304126,0,7.836177670360428,120
1,360,67.55960228636381,2.512034543959388,32.33000116849966,5051,32.33000116849966,2.089687591851672,0.47854043058843065,0,32.33000116849966,DC_Charging
1,240,99.87636184453284,2.172566984685213,5.907539788892976,5052,5.907539788892976,16.906591476931695,0.059148528037981894,0,5.907539788892976,240
1,120,177.4257468671081,3.256110511940874,2.797066946595706,5054,2.797066946595706,63.43278521919254,0.015764718458199357,0,2.797066946595706,120
1,120,437.09182604381374,6.173467403513154,9.146944320544918,5058,9.146944320544918,47.7855566543751,0.020926825384348497,0,9.146944320544918,120
1,360,40.390584906746646,2.4005847007737677,32.85293058100052,5064,32.85293058100052,1.2294362844484046,0.8133809068833991,0,32.85293058100052,DC_Charging
1,360,54.79464213082615,1.6050302859972667,15.876638930235814,5066,15.876638930235814,3.451274691803569,0.2897480175585269,0,15.876638930235814,DC_Charging
1,360,47.90915636588445,1.8664858432008689,23.385485957667385,5072,23.385485957667385,2.048670549442934,0.48812143088204984,0,23.385485957667385,DC_Charging
1,360,56.08716190890485,1.6370983647029396,15.844714098345747,5076,15.844714098345747,3.5398027102780336,0.2825016199621631,0,15.844714098345747,DC_Charging
1,120,174.79692324391374,3.8217973797792353,5.100409427711881,5080,5.100409427711881,34.271155232008546,0.029179057234289575,0,5.100409427711881,120
1,360,45.46348456896185,2.5561980227422905,9.481613815413382,5086,9.481613815413382,4.794909965121768,0.2085544895053321,0,9.481613815413382,DC_Charging
1,120,792.1363991304186,10.373761941977122,13.12360929569678,5087,13.12360929569678,60.35964507036638,0.01656736050774014,0,13.12360929569678,120
1,360,33.96466271006268,3.397262960872188,29.06795615226005,5101,29.06795615226005,1.1684572018807697,0.855829377738767,0,29.06795615226005,DC_Charging
1,240,102.54015242082774,1.569900053939291,5.161752734058808,5105,5.161752734058808,19.865374748433172,0.05033884397669731,0,5.161752734058808,240
1,360,58.256399902672335,1.6863985405746371,25.665538466223158,5106,25.665538466223158,2.269829638654962,0.44056169809844065,0,25.665538466223158,DC_Charging
1,120,447.4419853317908,12.176086796640426,6.7401417360812985,5107,6.7401417360812985,66.38465522713658,0.015063722129436052,0,6.7401417360812985,120
1,120,159.38509342881818,4.834357522542179,4.636833223795378,5110,4.636833223795378,34.373695523678336,0.029092013086319146,0,4.636833223795378,120
1,240,112.32108942243237,2.467461791862088,4.494012483947046,5111,4.494012483947046,24.993497419878526,0.04001040683504551,0,4.494012483947046,240
1,120,243.6351688329618,3.729094156351645,6.74760252099874,5120,6.74760252099874,36.10692361839067,0.02769551930175134,0,6.74760252099874,120
1,120,147.42065956445302,2.038440159508027,4.60797264285354,5121,4.60797264285354,31.992520570426187,0.031257305838052585,0,4.60797264285354,120
1,120,636.9339562977157,10.885249329465925,9.676052195555542,5129,9.676052195555542,65.82580823512669,0.015191609899084673,0,9.676052195555542,120
1,360,51.23758746198102,3.122282364707414,33.704642462770934,5131,33.704642462770934,1.5201937691098908,0.6578108793233138,0,33.704642462770934,DC_Charging
1,120,157.267412387351,2.4867930877835445,4.661130735390373,5135,4.661130735390373,33.74018479963956,0.02963824904748841,0,4.661130735390373,120
1,360,48.33459865919233,1.3486868589171594,11.356277580993662,5137,11.356277580993662,4.25620088224042,0.23495131636587846,0,11.356277580993662,DC_Charging
1,120,325.798404710108,9.9312635240561,6.268746696185445,5142,6.268746696185445,51.97185665650799,0.01924118290807259,0,6.268746696185445,120
1,120,198.0808694611997,2.063676860787361,7.246334343131181,5145,7.246334343131181,27.335320188332336,0.03658270666340447,0,7.246334343131181,120
1,120,721.1955035098166,7.61410313033199,13.916600803317806,5146,13.916600803317806,51.82267665088727,0.019296571783365784,0,13.916600803317806,120
1,360,57.646040889560815,3.357181648796577,34.83883165206319,5152,34.83883165206319,1.6546490842538617,0.6043577514509274,0,34.83883165206319,DC_Charging
1,360,49.42132817459129,2.116875347367971,27.527162511735668,5156,27.527162511735668,1.7953658737445777,0.5569895332333067,0,27.527162511735668,DC_Charging
1,120,725.1400405535879,8.425751989257728,11.059270061774328,5158,11.059270061774328,65.56852635871412,0.015251219686243551,0,11.059270061774328,120
1,120,211.942078526624,4.6116684604755935,4.356154498351842,5159,4.356154498351842,48.65348063453962,0.020553514095147583,0,4.356154498351842,120
1,360,57.11795165306599,1.9294808254498652,20.068367692048295,5165,20.068367692048295,2.846168284812615,0.3513495689401366,0,20.068367692048295,DC_Charging
1,240,101.600493689558,1.7176348646056534,4.739477303792469,5168,4.739477303792469,21.43706724964345,0.04664817198894743,0,4.739477303792469,240
1,360,76.98919310810768,1.7734224803894818,12.567347827364957,5171,12.567347827364957,6.126128930757087,0.1632352193861543,0,12.567347827364957,DC_Charging
1,240,93.38680420543972,1.5577243489432295,5.742311713985657,5177,5.742311713985657,16.262928391364053,0.06148954087082007,0,5.742311713985657,240
1,120,498.7950335993726,5.002202551621212,11.387036665240387,5178,11.387036665240387,43.803761089307315,0.022829089903060956,0,11.387036665240387,120
1,120,654.2902134392314,13.986523152534872,7.834012710451347,5179,7.834012710451347,83.51916669299548,0.011973299538246798,0,7.834012710451347,120
1,120,537.3875486526925,8.548340265571165,9.304095429637584,5180,9.304095429637584,57.75817248615914,0.017313567188082944,0,9.304095429637584,120
1,120,125.42452674249408,1.9991532673641064,4.6179397852042,5181,4.6179397852042,27.16027765116213,0.03681847486405251,0,4.6179397852042,120
1,240,31.48516011025069,2.498083853706951,4.226165309349256,5185,4.226165309349256,7.450054081083441,0.13422721353649192,0,4.226165309349256,240
1,360,79.19759703083699,4.967366066503175,32.65436212349336,5189,32.65436212349336,2.4253297838532224,0.4123150619175832,0,32.65436212349336,DC_Charging
1,120,123.46448010831676,3.1870746978371103,4.143622049431087,5195,4.143622049431087,29.79626969724911,0.03356124810792417,0,4.143622049431087,120
1,360,46.576246263956165,1.53907705369007,26.8801975499822,5196,26.8801975499822,1.7327345224063284,0.5771224541721798,0,26.8801975499822,DC_Charging
1,240,81.8064332347827,1.6522877935498153,7.459291457264868,5197,7.459291457264868,10.967051455685985,0.09118221101092211,0,7.459291457264868,240
1,120,226.0052061195424,4.972218526445052,5.701127515099813,5200,5.701127515099813,39.642194552034255,0.025225646846755725,0,5.701127515099813,120
1,360,32.34672230273436,1.4727731917920956,22.927505342438963,5202,22.927505342438963,1.4108260719870107,0.7088045931782347,0,22.927505342438963,DC_Charging
1,360,32.886548081216255,1.9531154788199572,32.747538667272664,5204,32.747538667272664,1.0042448812827118,0.9957730615691165,0,32.747538667272664,DC_Charging
1,240,84.64900017213488,1.3487086962196488,3.69693253280542,5206,3.69693253280542,22.89709087763604,0.04367367039525166,0,3.69693253280542,240
1,360,46.628880536683226,1.6919323595756384,19.580643858376646,5208,19.580643858376646,2.381376264945204,0.41992524017325344,0,19.580643858376646,DC_Charging
1,360,41.04024589269641,1.8614755911377785,10.878387661370567,5211,10.878387661370567,3.772640502455283,0.26506633731710905,0,10.878387661370567,DC_Charging
1,360,44.92711871717477,1.7271569851346973,21.95136655327853,5213,21.95136655327853,2.046666142999863,0.4885994735488556,0,21.95136655327853,DC_Charging
1,360,41.26852016360012,2.6528368916217597,35.2888935100857,5215,35.2888935100857,1.1694478363796084,0.8551044081588222,0,35.2888935100857,DC_Charging
1,360,52.06850301365576,1.4350695040786563,10.758965142078084,5225,10.758965142078084,4.839545655744988,0.20663096727125768,0,10.758965142078084,DC_Charging
1,360,33.56502830779715,1.635981668452252,30.90046148699541,5226,30.90046148699541,1.0862306481061175,0.9206147900020463,0,30.90046148699541,DC_Charging
1,240,123.4003115209865,2.6484518203960667,6.665275757071484,5229,6.665275757071484,18.51390940428319,0.05401344352309784,0,6.665275757071484,240
1,240,54.38045103378406,3.045428796312448,2.935749282310141,5231,2.935749282310141,18.52353379134341,0.053985379424056186,0,2.935749282310141,240
1,120,391.57389818625467,4.342744193606063,8.794647055955195,5235,8.794647055955195,44.52411741993726,0.022459737731987346,0,8.794647055955195,120
1,360,29.535653199634115,2.391207868749189,6.7313653216806415,5242,6.7313653216806415,4.38776560001944,0.2279064314637886,0,6.7313653216806415,DC_Charging
1,360,19.35295105451037,2.784675554934069,16.96216648218703,5243,16.96216648218703,1.1409480666773342,0.8764640821139188,0,16.96216648218703,DC_Charging
1,120,150.43956878053308,1.6232441812389231,4.359660068050772,5247,4.359660068050772,34.50717864060338,0.028979477297032197,0,4.359660068050772,120
1,120,158.17067018952554,2.2363285619159545,4.499108466502264,5248,4.499108466502264,35.156002876385855,0.02844464439021013,0,4.499108466502264,120
1,120,205.42319424000925,3.9202100011641328,4.338734897852618,5249,4.338734897852618,47.34633460589628,0.021120959168726545,0,4.338734897852618,120
1,360,83.0364831355556,4.587137421059767,28.226194759302544,5250,28.226194759302544,2.941823502730178,0.33992521953541527,0,28.226194759302544,DC_Charging
1,240,107.3892856443686,1.9460553380393144,7.3114080419368435,5251,7.3114080419368435,14.687907586118039,0.0680832170366546,0,7.3114080419368435,240
1,240,93.54577699032458,2.649171746949104,8.257703691427466,5259,8.257703691427466,11.328303906985287,0.08827446793543185,0,8.257703691427466,240
1,360,26.84490755150114,3.7061283584239297,17.0359916150867,5261,17.0359916150867,1.5757760486174388,0.634607945004231,0,17.0359916150867,DC_Charging
1,360,62.320346701322,1.8711296160181488,26.30127894352493,5272,26.30127894352493,2.369479706106252,0.42203357868942987,0,26.30127894352493,DC_Charging
1,120,587.9621612131426,6.254268240440356,12.6851133196501,5273,12.6851133196501,46.350564350288415,0.02157471034101395,0,12.6851133196501,120
1,240,44.02553388699399,1.877582715011043,3.948725697000469,5278,3.948725697000469,11.149301639371068,0.08969171633752748,0,3.948725697000469,240
1,360,74.00662599133844,5.06301380362127,19.904571821388515,5280,19.904571821388515,3.718071740272976,0.26895661779957514,0,19.904571821388515,DC_Charging
1,360,53.47842498022031,1.5401123883782564,11.352980180516752,5282,11.352980180516752,4.710518659408612,0.21229084784594535,0,11.352980180516752,DC_Charging
1,360,38.06560608937456,1.698039936088821,30.26875116583209,5283,30.26875116583209,1.2575875985377192,0.795173235775199,0,30.26875116583209,DC_Charging
1,240,42.4162524885565,2.6222405414395045,2.5003092304428094,5287,2.5003092304428094,16.964402631527502,0.05894696216072763,0,2.5003092304428094,240
1,360,43.77486385254292,5.12760502223933,21.03534703543953,5289,21.03534703543953,2.0810145788796706,0.48053483630006916,0,21.03534703543953,DC_Charging
1,360,41.29972568736083,1.8693673104858,34.50098965825103,5304,34.50098965825103,1.1970591596488844,0.8353806008161829,0,34.50098965825103,DC_Charging
1,120,210.43980115228027,2.0995514983100354,7.874031161693821,5305,7.874031161693821,26.725802429642854,0.03741702433940215,0,7.874031161693821,120
1,120,354.3166427493773,3.763905282021631,9.306110507706803,5306,9.306110507706803,38.07354774649968,0.026264954520607706,0,9.306110507706803,120
1,120,187.2533653026312,6.354804363385069,4.287450328314023,5309,4.287450328314023,43.67476028025865,0.022896519490503264,0,4.287450328314023,120
1,360,101.9364852956913,3.6008887622946477,22.74718083555024,5310,22.74718083555024,4.48127994552981,0.22315053113285757,0,22.74718083555024,DC_Charging
1,240,168.48934083540445,2.330596850724377,6.9540564286363065,5311,6.9540564286363065,24.228929196141895,0.04127297545445118,0,6.9540564286363065,240
1,240,63.56505992585567,2.495186184552431,8.798519003484898,5321,8.798519003484898,7.224518115000826,0.13841753651688166,0,8.798519003484898,240
1,240,60.59972993591454,1.0660286898545823,7.150851284371811,5326,7.150851284371811,8.474477726638684,0.11800137215023868,0,7.150851284371811,240
1,360,44.6300871357579,1.0622732021482413,16.450186770764788,5337,16.450186770764788,2.713044402333129,0.36858961804680856,0,16.450186770764788,DC_Charging
1,240,55.325088235558354,1.4037327988991,6.846499554999369,5338,6.846499554999369,8.080784609875499,0.12375035943637248,0,6.846499554999369,240
1,360,116.35649642192678,5.643722622284995,32.51510524072613,5340,32.51510524072613,3.57853666966413,0.2794438320213879,0,32.51510524072613,DC_Charging
1,120,395.3642129502311,6.240363514187514,9.255542040292,5341,9.255542040292,42.716483943252435,0.023410166467082587,0,9.255542040292,120
1,360,43.18568356181407,1.5805087563744604,11.89833358161438,5342,11.89833358161438,3.6295573044401555,0.2755156940976431,0,11.89833358161438,DC_Charging
1,240,114.1715067533872,4.0788830109830645,12.19095289363338,5350,12.19095289363338,9.365265188828044,0.10677754231593078,0,12.19095289363338,240
1,120,587.6864848434616,16.903662727725926,5.2846391892058335,5357,5.2846391892058335,111.20654860294788,0.008992276197424329,0,5.2846391892058335,120
1,120,212.55927650217157,2.60836258349294,4.759703025404619,5358,4.759703025404619,44.65809639123484,0.02239235616402746,0,4.759703025404619,120
1,120,290.4373214689997,4.323393173669454,6.660362963431638,5360,6.660362963431638,43.60683089850059,0.02293218698528227,0,6.660362963431638,120
1,240,67.98384592281462,2.377077901287605,3.5163165890058536,5361,3.5163165890058536,19.33382396095207,0.051722825345863775,0,3.5163165890058536,240
1,240,92.83562060170782,1.3308163728678764,5.197616127629644,5362,5.197616127629644,17.86119219313051,0.055987304161286854,0,5.197616127629644,240
1,240,63.3219752567302,1.1551055122107083,7.568979983735375,5363,7.568979983735375,8.365985296935627,0.11953164684215853,0,7.568979983735375,240
1,360,31.92954191727264,1.6965326338952185,9.59808033175308,5364,9.59808033175308,3.3266591665878193,0.30060188012158395,0,9.59808033175308,DC_Charging
1,360,36.63821903056736,1.896297283244452,33.40611947161524,5366,33.40611947161524,1.09675172124372,0.9117833878263686,0,33.40611947161524,DC_Charging
1,120,378.1055544210288,3.5273963774102657,9.875461656719708,5368,9.875461656719708,38.28738013111,0.026118266556124606,0,9.875461656719708,120
1,120,391.8175711532241,5.950416969311824,6.958552883832084,5369,6.958552883832084,56.307335403542936,0.0177596754105519,0,6.958552883832084,120
1,360,62.05500966624863,1.0654449822811864,10.29221643921788,5376,10.29221643921788,6.029314485633211,0.16585633447762974,0,10.29221643921788,DC_Charging
1,120,434.9083291810532,7.087032362015113,8.951181984150665,5377,8.951181984150665,48.58669279108837,0.020581767199092365,0,8.951181984150665,120
1,360,65.985604051118,2.079894756138576,26.54613590924204,5378,26.54613590924204,2.485695254356967,0.40230193071623876,0,26.54613590924204,DC_Charging
1,120,194.8843090036889,4.113187299906563,6.5072836443218165,5379,6.5072836443218165,29.948642114861983,0.033390495507766314,0,6.5072836443218165,120
1,240,110.739884538598,2.309679532655989,4.631487438173721,5381,4.631487438173721,23.910220208276055,0.041823119623710936,0,4.631487438173721,240
1,360,39.89300994404587,1.6457288540827597,32.76809745964006,5385,32.76809745964006,1.2174344266761734,0.8213994758881507,0,32.76809745964006,DC_Charging
1,120,129.6606389051795,4.754795776423972,3.8047225559710256,5386,3.8047225559710256,34.07886830057916,0.02934369742504053,0,3.8047225559710256,120
1,240,39.86983468585526,1.985062747932826,4.35303196002144,5388,4.35303196002144,9.159095327583787,0.10918108876849138,0,4.35303196002144,240
1,240,121.13276160376978,2.193057594818667,5.025276992097872,5392,5.025276992097872,24.10469349137334,0.041485696566018686,0,5.025276992097872,240
1,120,171.87039149678196,1.7834081152745909,4.764457610435727,5394,4.764457610435727,36.073443306606265,0.02772122393475164,0,4.764457610435727,120
1,240,58.12928712289957,1.133025181677482,6.41806231576102,5395,6.41806231576102,9.057139719592596,0.11041013288519541,0,6.41806231576102,240
1,240,93.70869872448706,1.514143256929137,5.199980929991867,5397,5.199980929991867,18.02096968933185,0.05549090960360393,0,5.199980929991867,240
1,360,41.57817441063152,2.171658799451844,31.371148751536367,5405,31.371148751536367,1.3253634650084427,0.7545100090665544,0,31.371148751536367,DC_Charging
1,360,99.56707896051545,3.202906037712807,17.473713201627447,5410,17.473713201627447,5.69810651071245,0.17549689499836452,0,17.473713201627447,DC_Charging
1,240,70.92970325412058,4.018152063901839,2.840890731216845,5411,2.840890731216845,24.967416900170285,0.04005220099453619,0,2.840890731216845,240
1,120,124.6597395453423,1.4341195814203678,4.232610228463216,5414,4.232610228463216,29.452213366361402,0.03395330556521574,0,4.232610228463216,120
1,240,62.90546773692751,1.0788974650437648,6.114310113748019,5415,6.114310113748019,10.288236377720628,0.09719838884782227,0,6.114310113748019,240
1,240,58.25594029498173,1.1696726659902754,9.081229460535411,5416,9.081229460535411,6.414983846421504,0.15588503789574373,0,9.081229460535411,240
1,120,120.84476039425772,2.1165594109109875,3.5708902322524665,5418,3.5708902322524665,33.84163402805876,0.02954940057477368,0,3.5708902322524665,120
1,120,186.3379444425327,5.164576984212097,4.7617347570116095,5420,4.7617347570116095,39.132365398587524,0.025554294758683174,0,4.7617347570116095,120
1,240,40.50821138378551,1.6810105383999356,4.505378523469716,5423,4.505378523469716,8.99107836839179,0.11122136400406743,0,4.505378523469716,240
1,240,94.18381541699456,1.4571537089720017,7.2829055120568995,5427,7.2829055120568995,12.932175937347068,0.0773265075301119,0,7.2829055120568995,240
1,360,57.62040581101013,3.2154871416631474,33.160646325000926,5428,33.160646325000926,1.737614075620962,0.5755017837563472,0,33.160646325000926,DC_Charging
1,120,295.2330960780931,3.840173117609503,8.628169965715713,5435,8.628169965715713,34.217348203757055,0.02922494151344552,0,8.628169965715713,120
1,360,61.804041806014055,1.5985185432807525,15.711860500848076,5438,15.711860500848076,3.9335915566891693,0.25422059855184387,0,15.711860500848076,DC_Charging
1,240,111.34138231543484,3.881102562336637,5.122641900624373,5440,5.122641900624373,21.73514847912051,0.04600842736182053,0,5.122641900624373,240
1,360,34.21528862217545,2.2430361359257605,36.54069830982324,5445,36.54069830982324,0.9363611043245265,1.067964052950898,0,36.54069830982324,DC_Charging
1,360,35.71463186102237,2.0904534441067533,37.63547690200133,5446,37.63547690200133,0.9489618519786363,1.053783139875377,0,37.63547690200133,DC_Charging
1,360,37.14339038917831,2.224685405328989,26.51257903065128,5451,26.51257903065128,1.4009723590540442,0.7137899570518392,0,26.51257903065128,DC_Charging
1,240,52.1332047459071,1.134415812799317,7.991755020134576,5455,7.991755020134576,6.523373728869533,0.1532949117378401,0,7.991755020134576,240
1,120,105.4481527858747,7.468065817719621,0.5744941236260388,5459,0.5744941236260388,183.54957596487986,0.0054481193690762795,0,0.5744941236260388,120
1,120,303.7329998170224,5.145321766634797,6.837814735056398,5470,6.837814735056398,44.41960064519315,0.022512584207760422,0,6.837814735056398,120
1,240,69.82429895903732,1.048893803906091,4.959470537630679,5474,4.959470537630679,14.078982510176369,0.07102786009409376,0,4.959470537630679,240
1,240,45.963978959713295,1.770983218479961,4.886328199779243,5478,4.886328199779243,9.406649958918003,0.1063077720939267,0,4.886328199779243,240
1,360,106.58428828958196,3.250045377281724,17.91446573204091,5480,17.91446573204091,5.94962137770878,0.16807792236101982,0,17.91446573204091,DC_Charging
1,120,140.74409674821018,9.58289515073016,1.7088665018336826,5481,1.7088665018336826,82.36108355871339,0.012141656675596335,0,1.7088665018336826,120
1,240,54.0535228913093,1.5123358679335837,4.442627993181887,5486,4.442627993181887,12.167015328374418,0.0821894255091405,0,4.442627993181887,240
1,120,634.2729674899027,31.37869901667253,0.7714222076636474,5488,0.7714222076636474,822.2124812959183,0.001216230624988646,0,0.7714222076636474,120
1,360,56.64379094455494,2.90386760238857,31.06658885294189,5493,31.06658885294189,1.823302558664756,0.5484553264337663,0,31.06658885294189,DC_Charging
1,360,42.0146619959598,3.1310313742854223,32.50377250827897,5495,32.50377250827897,1.292608788264757,0.7736292752136049,0,32.50377250827897,DC_Charging
1,240,81.08150321655941,2.2538301032175334,3.905951085258352,5498,3.905951085258352,20.75845330541215,0.048173145912527096,0,3.905951085258352,240
1,240,143.53290797007026,3.2515711707395307,6.037562284971074,5499,6.037562284971074,23.773321283551432,0.042063958505111854,0,6.037562284971074,240
1,360,55.47910093424632,2.9945623223089703,15.593736957501036,5500,15.593736957501036,3.5577809915255285,0.28107407464988826,0,15.593736957501036,DC_Charging
1,360,42.35992296999706,1.2840960805672943,25.707913393058988,5506,25.707913393058988,1.6477386679478248,0.6068923546265074,0,25.707913393058988,DC_Charging
1,240,114.72777177974632,1.7139991298484476,5.094197658126589,5507,5.094197658126589,22.521264285205984,0.04440248057729561,0,5.094197658126589,240
1,120,458.0166684919162,7.381269584615412,7.90618914311257,5510,7.90618914311257,57.931407938920195,0.017261793482636345,0,7.90618914311257,120
1,120,117.69929360449515,1.7342752413171267,4.646725425226094,5516,4.646725425226094,25.329513331157994,0.03947963732765026,0,4.646725425226094,120
1,360,44.88796381879752,1.5040903490637785,21.682178768890893,5517,21.682178768890893,2.0702699805797087,0.48302878821630013,0,21.682178768890893,DC_Charging
1,240,92.43576926461232,4.416747289597051,6.162788562173674,5520,6.162788562173674,14.999016813909538,0.06667103666905931,0,6.162788562173674,240
1,120,128.7772067403465,1.527590104258815,4.076275142720903,5523,4.076275142720903,31.591882841938883,0.0316537005724926,0,4.076275142720903,120
1,120,293.49617610868484,2.51673977821674,8.959392178267407,5526,8.959392178267407,32.75849190089165,0.030526435802521824,0,8.959392178267407,120
1,120,330.45422326212264,3.480455334636535,8.16584277713136,5527,8.16584277713136,40.467865017872704,0.024710965096832963,0,8.16584277713136,120
1,360,83.82192694075353,3.5950648946065487,22.991738037587623,5529,22.991738037587623,3.6457412138098815,0.2742926448569775,0,22.991738037587623,DC_Charging
1,360,69.41079175823884,1.5191348416207449,11.345061423310838,5531,11.345061423310838,6.118150371193199,0.1634480912251547,0,11.345061423310838,DC_Charging
1,360,43.51006731611369,1.7185328356168903,22.06536834602943,5532,22.06536834602943,1.9718713340193637,0.5071324800699091,0,22.06536834602943,DC_Charging
1,120,118.81006611740456,3.266969638925559,4.164322396869466,5533,4.164322396869466,28.53046781553709,0.03505024896421156,0,4.164322396869466,120
1,360,39.50824844664803,1.5204514196321213,18.89262792603944,5536,18.89262792603944,2.091199202213387,0.47819452060883083,0,18.89262792603944,DC_Charging
1,360,58.52860163821244,2.235616207975877,25.22982363098275,5538,25.22982363098275,2.3198181047265862,0.43106827986320073,0,25.22982363098275,DC_Charging
1,120,224.3600753212384,10.468601346688551,3.238352390217557,5539,3.238352390217557,69.28216830230932,0.014433728396555798,0,3.238352390217557,120
1,120,102.29447924118884,3.4117904024605346,4.00805392527819,5541,4.00805392527819,25.522231274393047,0.03918152724379234,0,4.00805392527819,120
1,120,57.73852131063179,3.699832523230416,1.8994828950594207,5542,1.8994828950594207,30.396968280583323,0.032898017682861165,0,1.8994828950594207,120
1,120,233.5356538414052,2.5098636695417533,6.983133505569043,5543,6.983133505569043,33.44281670329813,0.02990178754594496,0,6.983133505569043,120
1,360,35.692081669290964,2.0254897585954263,36.42126746376188,5546,36.42126746376188,0.9799791208475533,1.0204299037872677,0,36.42126746376188,DC_Charging
1,360,47.40390779318148,2.9363763015041497,36.424148525794735,5547,36.424148525794735,1.3014417553127189,0.7683786046650344,0,36.424148525794735,DC_Charging
1,240,119.06701255447842,4.174612109663661,10.428009386130585,5549,10.428009386130585,11.418000132684902,0.08758101141875302,0,10.428009386130585,240
1,240,73.8128627427062,1.2288420698362312,8.023821407095625,5552,8.023821407095625,9.199215560484935,0.10870492091689665,0,8.023821407095625,240
1,120,90.02339512565803,4.587366712735906,1.781192816334766,5553,1.781192816334766,50.54107242072921,0.01978588803331079,0,1.781192816334766,120
1,360,45.24372223248798,1.517078613041179,16.337991886861076,5556,16.337991886861076,2.769233975986531,0.3611106929466851,0,16.337991886861076,DC_Charging
1,360,50.61860620859392,1.6631310708794675,13.090793499536446,5558,13.090793499536446,3.8667332282329836,0.2586162377840012,0,13.090793499536446,DC_Charging
1,360,53.71432506192639,2.985792532072142,33.84457381381753,5563,33.84457381381753,1.5870882392378285,0.6300846892295242,0,33.84457381381753,DC_Charging
1,120,261.0370190573846,14.919674762511592,1.152213675364422,5565,1.152213675364422,226.5526131468834,0.004413985723270642,0,1.152213675364422,120
1,120,167.35785288466448,2.4646637994269955,6.156310335984188,5567,6.156310335984188,27.184765509048944,0.03678530902417134,0,6.156310335984188,120
1,360,64.47275937675214,3.1458589026757195,27.372517760076192,5568,27.372517760076192,2.3553828676581587,0.4245594267204002,0,27.372517760076192,DC_Charging
1,120,557.3276687546777,9.645295594808154,10.191629071134416,5571,10.191629071134416,54.684846246336384,0.018286601657346618,0,10.191629071134416,120
1,240,81.97785587279044,1.1530223392175871,7.59717442316672,5574,7.59717442316672,10.790571771369141,0.09267349508330243,0,7.59717442316672,240
1,120,301.92998458484493,8.243936722018384,6.291995034901433,5575,6.291995034901433,47.9863672666701,0.020839251999277098,0,6.291995034901433,120
1,240,112.51617634121352,2.867947353080857,8.45952791556715,5580,8.45952791556715,13.300526632716965,0.07518499286638584,0,8.45952791556715,240
1,360,54.93638881946749,1.2607026941682549,9.232410276340346,5585,9.232410276340346,5.9503842631703145,0.1680563734664101,0,9.232410276340346,DC_Charging
1,360,19.03967326044631,3.676280992495606,20.88942041079855,5586,20.88942041079855,0.9114505278760135,1.0971522528275193,0,20.88942041079855,DC_Charging
1,360,47.62849784883737,1.457686697649293,16.57995113700757,5587,16.57995113700757,2.8726561046689305,0.3481098897896964,0,16.57995113700757,DC_Charging
1,120,407.92469548265336,9.087918172781563,7.09303020126157,5589,7.09303020126157,57.510638458877516,0.017388087261716652,0,7.09303020126157,120
1,360,53.42000332745327,1.8309209783804428,17.60198707624052,5591,17.60198707624052,3.0348848170420806,0.3295017967023341,0,17.60198707624052,DC_Charging
1,360,37.69355917912937,1.917175681604371,21.736194518622483,5592,21.736194518622483,1.7341379212831123,0.5766554019302492,0,21.736194518622483,DC_Charging
1,240,73.32790676875842,4.97303777750296,3.86356783165364,5601,3.86356783165364,18.979324283630724,0.052688914792529226,0,3.86356783165364,240
1,360,45.98468336695927,3.2806144308358665,31.033240143573156,5602,31.033240143573156,1.4817880167914883,0.6748603637417027,0,31.033240143573156,DC_Charging
1,360,27.717090358499117,1.8134782569097625,6.995124052757802,5607,6.995124052757802,3.962344362938318,0.25237584328951146,0,6.995124052757802,DC_Charging
1,120,130.0570634073339,1.8129525766845136,4.198179039139944,5613,4.198179039139944,30.979398971506924,0.03227951584598987,0,4.198179039139944,120
1,120,482.83183633746887,8.241519825733187,6.8185882257099735,5616,6.8185882257099735,70.81111519785239,0.014122076699483031,0,6.8185882257099735,120
1,360,51.1601821731616,2.06181523075014,32.6782432966443,5617,32.6782432966443,1.5655732074929254,0.6387436851971796,0,32.6782432966443,DC_Charging
1,240,115.22107422935532,1.9693171723015837,5.329628721470314,5618,5.329628721470314,21.61896827169016,0.0462556763779283,0,5.329628721470314,240
1,360,48.182501605358766,2.810836467209083,32.99902374101912,5627,32.99902374101912,1.4601190018074979,0.68487568394226,0,32.99902374101912,DC_Charging
1,240,71.19945987674673,1.7991262181704435,4.403833576964914,5637,4.403833576964914,16.167609114288286,0.06185206439189824,0,4.403833576964914,240
1,120,202.6777846915876,2.710076511913854,4.978946850043528,5638,4.978946850043528,40.70695888023302,0.024565824308865093,0,4.978946850043528,120
1,240,94.71838696035756,3.6530175732678334,12.198305430555363,5640,12.198305430555363,7.76488074508274,0.128784978524399,0,12.198305430555363,240
1,120,293.7239944487595,3.251643726938125,8.661177277560327,5641,8.661177277560327,33.91271013580909,0.029487469329208236,0,8.661177277560327,120
1,120,182.04222300080767,3.181887634066767,5.684915296088349,5642,5.684915296088349,32.0219763214531,0.031228553477195928,0,5.684915296088349,120
1,360,44.99430600781686,1.5129254751007972,26.298714298709555,5652,26.298714298709555,1.7108937530845252,0.5844898306496977,0,26.298714298709555,DC_Charging
1,240,53.03796638444528,3.5766430166694083,2.167546565648109,5653,2.167546565648109,24.469124320098114,0.04086782947024523,0,2.167546565648109,240
1,360,31.57060669522477,1.185226108581067,22.00808850289647,5656,22.00808850289647,1.4345001698384567,0.6971069233910324,0,22.00808850289647,DC_Charging
1,240,85.35431781098507,1.735257391607315,7.084678452073845,5658,7.084678452073845,12.047733484079286,0.08300316414879776,0,7.084678452073845,240
1,360,81.03821920268985,4.159284436603445,24.377453934470736,5660,24.377453934470736,3.3243102179796726,0.3008142845969842,0,24.377453934470736,DC_Charging
1,360,29.984408633439784,3.658531492146405,30.163825551161565,5671,30.163825551161565,0.9940519176714682,1.0059836737124002,0,30.163825551161565,DC_Charging
1,360,47.344140409096376,2.228258974217012,38.0301824005024,5673,38.0301824005024,1.2449096328412808,0.8032711560900057,0,38.0301824005024,DC_Charging
1,120,259.3526929152266,4.249293218675489,7.592961078112893,5674,7.592961078112893,34.15698964437264,0.02927658468768924,0,7.592961078112893,120
1,120,137.99687818391828,1.834170509876687,4.17710398710193,5675,4.17710398710193,33.03649576597215,0.03026955422523983,0,4.17710398710193,120
1,360,71.66806852435538,3.882421958064464,30.35419214132088,5680,30.35419214132088,2.3610599877172915,0.42353858233259684,0,30.35419214132088,DC_Charging
1,360,69.84296270813705,1.564822528895951,14.4096704226111,5681,14.4096704226111,4.846950739313383,0.2063152802212427,0,14.4096704226111,DC_Charging
1,360,44.47047825382924,1.8895256061854029,34.876835025236446,5682,34.876835025236446,1.275072070663836,0.7842693938699273,0,34.876835025236446,DC_Charging
1,360,44.69869369494855,1.4919363052629284,28.76998272785052,5683,28.76998272785052,1.553657300311077,0.6436425843715841,0,28.76998272785052,DC_Charging
1,360,49.34216902282455,1.7375760200313095,9.41782243901541,5684,9.41782243901541,5.2392333092216425,0.190867621459019,0,9.41782243901541,DC_Charging
1,120,386.9471121328396,4.888726065878753,10.028899026891407,5685,10.028899026891407,38.583209492416145,0.02591800975490539,0,10.028899026891407,120
1,120,130.96463049121547,3.3648775368513064,4.85250486458429,5689,4.85250486458429,26.98907763020555,0.03705202577507959,0,4.85250486458429,120
1,360,40.08566278049762,7.222923077690152,17.08155569440399,5690,17.08155569440399,2.346722013945715,0.4261263132392179,0,17.08155569440399,DC_Charging
1,240,113.1007899699286,1.894736972760129,8.343919056422195,5691,8.343919056422195,13.554876216455689,0.07377418901000327,0,8.343919056422195,240
1,360,51.23232587313908,2.679447405777865,32.08467790372521,5692,32.08467790372521,1.5967847963713149,0.6262584678113762,0,32.08467790372521,DC_Charging
1,120,240.40522247280612,6.026119852751422,5.229865703506064,5698,5.229865703506064,45.96776209982604,0.02175437642207482,0,5.229865703506064,120
1,360,49.421603939205646,1.4457008362990669,18.000339699511514,5702,18.000339699511514,2.745592847925355,0.3642200629840755,0,18.000339699511514,DC_Charging
1,360,37.97689812822801,2.226088628121211,35.314473344088384,5703,35.314473344088384,1.0753918870089936,0.9298935691074607,0,35.314473344088384,DC_Charging
1,360,39.32052260463946,6.756637497496167,20.67485623027082,5710,20.67485623027082,1.9018522869856203,0.5258031903124141,0,20.67485623027082,DC_Charging
1,360,44.67796722653343,1.807056681119656,15.629800193525014,5711,15.629800193525014,2.8585117322895948,0.34983239309604847,0,15.629800193525014,DC_Charging
1,120,218.50804134820177,3.177072508867856,5.907947800568138,5714,5.907947800568138,36.98543872157925,0.027037667648823843,0,5.907947800568138,120
1,240,96.0539039571069,2.9266719099422307,10.915575011193482,5720,10.915575011193482,8.799710858897264,0.1136400975026258,0,10.915575011193482,240
1,120,159.3054820230839,3.152631636378438,3.446138580876095,5728,3.446138580876095,46.22724196500085,0.021632266116094725,0,3.446138580876095,120
1,360,73.1056257821401,4.407569634904049,16.600126898006437,5729,16.600126898006437,4.403919694789778,0.2270704439009384,0,16.600126898006437,DC_Charging
1,240,62.589853297364456,1.7726171418065464,6.393639902632813,5734,6.393639902632813,9.789392935875355,0.10215138022862305,0,6.393639902632813,240
1,360,33.133408887127665,1.8737442807766975,33.903710526410975,5735,33.903710526410975,0.977279724628275,1.0232484874076018,0,33.903710526410975,DC_Charging
1,120,147.79408162090849,2.6715252198707256,5.701210782788621,5739,5.701210782788621,25.92327967720188,0.03857536594335499,0,5.701210782788621,120
1,360,41.18158077284698,2.234220029474781,33.742537587948746,5741,33.742537587948746,1.2204648410188068,0.819359940893693,0,33.742537587948746,DC_Charging
1,120,424.37185596589313,20.190037275415207,1.9005737017828463,5743,1.9005737017828463,223.28618751685775,0.004478557366762785,0,1.9005737017828463,120
1,240,59.26371288599782,1.1374555124736567,8.213305359753534,5744,8.213305359753534,7.2155740338596415,0.13858911228786822,0,8.213305359753534,240
1,240,57.60877589800729,1.0410313183662412,8.944928580720969,5745,8.944928580720969,6.440384110184138,0.1552702420991795,0,8.944928580720969,240
1,360,46.22647378082802,1.0948061160145657,15.35967148425381,5746,15.35967148425381,3.0096004220023693,0.332270022521685,0,15.35967148425381,DC_Charging
1,120,128.6282203113629,1.8169799740283037,4.24088703673101,5747,4.24088703673101,30.330499067127473,0.032970113606993395,0,4.24088703673101,120
1,120,129.1673805779088,1.7175297285606037,3.823158022273745,5757,3.823158022273745,33.78551967388707,0.029598479160671397,0,3.823158022273745,120
1,360,53.968322656057374,1.7267094965409429,11.376270153077144,5761,11.376270153077144,4.743938209085128,0.21079532572428908,0,11.376270153077144,DC_Charging
1,360,38.57619346501149,1.2999106021979292,10.829151476976731,5763,10.829151476976731,3.562254489377698,0.2807211003542572,0,10.829151476976731,DC_Charging
1,120,126.56373610243604,1.5667914082655592,4.645817807418055,5764,4.645817807418055,27.242509575031033,0.03670733774529144,0,4.645817807418055,120
1,360,62.55852643717344,5.2587221740331,31.642068503851263,5770,31.642068503851263,1.9770681689017655,0.5057994538223163,0,31.642068503851263,DC_Charging
1,240,40.92321506722457,2.510263256955853,4.795216694682438,5774,4.795216694682438,8.534174297609026,0.11717595225119373,0,4.795216694682438,240
1,360,37.89909941522544,2.119371315821053,36.3165416915445,5775,36.3165416915445,1.043576773832774,0.9582428672950162,0,36.3165416915445,DC_Charging
1,240,64.79444799155411,1.2518555928363224,4.936630210589868,5777,4.936630210589868,13.12523831591833,0.07618909279439116,0,4.936630210589868,240
1,120,172.60766106228238,3.353515447480253,4.710758277921627,5780,4.710758277921627,36.64116281900085,0.027291710280587342,0,4.710758277921627,120
1,360,32.97313449326302,1.0531038244973123,12.129634567593088,5784,12.129634567593088,2.7183947141621063,0.3678641643872645,0,12.129634567593088,DC_Charging
1,240,59.19911410586917,2.344231076197996,4.19318297781129,5788,4.19318297781129,14.117942007092964,0.07083185350227336,0,4.19318297781129,240
1,120,137.07660386660712,2.90171521923514,5.4232549107692165,5790,5.4232549107692165,25.27570732373423,0.039563680145203554,0,5.4232549107692165,120
1,360,56.38032910885919,1.25357263879819,10.531261320256007,5793,10.531261320256007,5.35361600043257,0.18678963898777956,0,10.531261320256007,DC_Charging
1,120,117.06206408736064,3.531936423040721,2.6357774333691424,5796,2.6357774333691424,44.412727192116456,0.022516068325961897,0,2.6357774333691424,120
1,360,39.82931934871384,1.3151195789526784,7.897229539796527,5797,7.897229539796527,5.043454688508401,0.19827678878101498,0,7.897229539796527,DC_Charging
1,360,63.71089896137408,1.762613720086345,12.32560507320936,5798,12.32560507320936,5.168987533103309,0.19346148420668163,0,12.32560507320936,DC_Charging
1,120,222.92967323598089,4.160904975776892,6.1030439954519125,5800,6.1030439954519125,36.5276202174049,0.027376543942589336,0,6.1030439954519125,120
1,240,59.93558946928024,1.2841504096626009,7.753817599357646,5806,7.753817599357646,7.729816790408575,0.12936917227337583,0,7.753817599357646,240
1,360,54.44367466770245,2.392415964677231,23.27377402635878,5811,23.27377402635878,2.3392714308406584,0.4274835262022725,0,23.27377402635878,DC_Charging
1,360,39.4913054687419,2.351804041372584,36.72235509973294,5814,36.72235509973294,1.0754023090700167,0.929884557217268,0,36.72235509973294,DC_Charging
1,360,51.88317080849981,2.464307710510596,29.901315835416558,5815,29.901315835416558,1.7351467438448607,0.57632013173948,0,29.901315835416558,DC_Charging
1,120,91.66559178846524,6.762319422718085,1.2891307360760749,5817,1.2891307360760749,71.10651326760068,0.014063409300307304,0,1.2891307360760749,120
1,360,64.05745051380653,3.476981090253384,31.57860187143966,5818,31.57860187143966,2.028508126312629,0.4929731298724324,0,31.57860187143966,DC_Charging
1,360,48.85802931213527,1.375403565761984,12.99465262603546,5821,12.99465262603546,3.759856513151085,0.2659675965032808,0,12.99465262603546,DC_Charging
1,120,161.94983670935886,8.76398996751593,2.182318253643146,5825,2.182318253643146,74.20999959057346,0.013475272948620595,0,2.182318253643146,120
1,360,32.65836940871219,1.2901626240846704,11.619661607471189,5826,11.619661607471189,2.8106127796108598,0.3557942976899343,0,11.619661607471189,DC_Charging
1,360,82.92856724980365,2.3189394294478824,14.268448422387948,5829,14.268448422387948,5.812024180546804,0.17205709558935775,0,14.268448422387948,DC_Charging
1,120,221.6508166753282,8.843336158325693,4.117675837597645,5830,4.117675837597645,53.82910783104404,0.018577309568992804,0,4.117675837597645,120
1,360,60.852657563341815,2.7899055888802784,15.329678462744155,5831,15.329678462744155,3.969597778011622,0.2519146915939936,0,15.329678462744155,DC_Charging
1,360,36.86070224456956,1.5991097354134691,30.999966375124345,5837,30.999966375124345,1.189056200852789,0.8410031412163712,0,30.999966375124345,DC_Charging
1,360,41.874790506696094,1.0346136169362536,14.445617083870744,5845,14.445617083870744,2.898788626582896,0.34497168604487183,0,14.445617083870744,DC_Charging
1,360,83.034166712795,5.44598267831254,29.580768540570404,5849,29.580768540570404,2.8070320958332293,0.3562481531594898,0,29.580768540570404,DC_Charging
1,360,36.3485522027846,2.3855019929374444,25.403270226775703,5851,25.403270226775703,1.4308611402508442,0.6988798366728235,0,25.403270226775703,DC_Charging
1,120,417.858839950272,5.18996813157436,8.135408436871003,5855,8.135408436871003,51.36298234965897,0.019469274451245716,0,8.135408436871003,120
1,360,45.39112761101594,1.6629628884288434,27.90438179558646,5856,27.90438179558646,1.6266666627316322,0.6147540998477942,0,27.90438179558646,DC_Charging
1,360,32.76828550713361,1.6105961565228897,11.839405038242958,5857,11.839405038242958,2.7677307602271735,0.3613068201467402,0,11.839405038242958,DC_Charging
1,360,43.8767276242251,2.5145058573935306,30.23745084160809,5864,30.23745084160809,1.4510723094371683,0.6891455329251462,0,30.23745084160809,DC_Charging
1,360,39.18085334275962,1.696504456730716,22.313780842058776,5866,22.313780842058776,1.7559038344998197,0.5695072704735316,0,22.313780842058776,DC_Charging
1,240,90.14367261985625,1.6361169188418638,5.1276879225663095,5867,5.1276879225663095,17.57978917225935,0.056883503562032776,0,5.1276879225663095,240
1,120,101.52103671200774,2.2124251688394203,3.722295870817192,5868,3.722295870817192,27.273768726428465,0.03666526654348995,0,3.722295870817192,120
1,120,96.50253253918996,1.3151446742398134,3.285889913759661,5875,3.285889913759661,29.368766170493323,0.034049779081447955,0,3.285889913759661,120
1,240,60.316611598507386,1.2611431384708836,4.978139153462067,5877,4.978139153462067,12.116296820782914,0.08253346833536745,0,4.978139153462067,240
1,360,34.484192212927844,2.0343005818280617,36.352604927568464,5884,36.352604927568464,0.9486030583402928,1.0541817161644333,0,36.352604927568464,DC_Charging
1,360,49.34460310515395,1.4045907055045603,18.60472156520713,5885,18.60472156520713,2.652262380396693,0.37703660369017944,0,18.60472156520713,DC_Charging
1,120,161.94671873078585,12.53455809229872,1.7058688650364928,5886,1.7058688650364928,94.93503401700306,0.010533519162387385,0,1.7058688650364928,120
1,360,30.678809670422925,2.810237878570684,28.228334738904977,5888,28.228334738904977,1.0868090503454546,0.9201248367246653,0,28.228334738904977,DC_Charging
1,120,801.9029081274,7.904871039552925,15.671475671774829,5896,15.671475671774829,51.16958510624946,0.019542859257576192,0,15.671475671774829,120
1,360,38.13623124554231,1.1430839891366589,19.346162046685365,5903,19.346162046685365,1.9712556502686953,0.5072908731364667,0,19.346162046685365,DC_Charging
1,120,76.45922499537369,4.585460879771872,2.961404057232756,5909,2.961404057232756,25.81857237908291,0.03873180845623195,0,2.961404057232756,120
1,120,457.3761297994095,8.053139279164775,8.487938850989394,5910,8.487938850989394,53.8854176295221,0.018557896440096103,0,8.487938850989394,120
1,240,88.15573331415203,1.5007203601892865,4.345579501872862,5913,4.345579501872862,20.286300889480582,0.04929434919889943,0,4.345579501872862,240
1,240,51.58773866184622,1.2943235987989294,8.155559217563223,5918,8.155559217563223,6.325469202743399,0.15809103924911896,0,8.155559217563223,240
1,120,331.91028984082305,9.911294367573218,5.231239620371454,5920,5.231239620371454,63.44773207258572,0.015761004646406843,0,5.231239620371454,120
1,360,35.66488392459225,1.674081597541507,27.668817503940645,5922,27.668817503940645,1.2889919823827958,0.7758000155683101,0,27.668817503940645,DC_Charging
1,240,65.89026303178076,1.1596287395961018,6.455166397895127,5927,6.455166397895127,10.207368636270319,0.09796844178299326,0,6.455166397895127,240
1,240,89.12911621932696,3.2686299783438653,10.542569072396518,5930,10.542569072396518,8.45421221405062,0.11828423212963984,0,10.542569072396518,240
1,360,39.25115861197472,1.7678576665075276,35.55458405154327,5936,35.55458405154327,1.1039690003143487,0.9058225364256204,0,35.55458405154327,DC_Charging
1,240,100.99133333330354,2.956516458154105,4.055708023584629,5937,4.055708023584629,24.901036451840678,0.04015897097030595,0,4.055708023584629,240
1,120,335.1767842045349,5.4118837304753535,7.468825607633704,5940,7.468825607633704,44.87677204056805,0.0222832426337619,0,7.468825607633704,120
1,240,92.06692122389369,1.5102164168411656,4.926305017177327,5943,4.926305017177327,18.688838978274667,0.05350787179248943,0,4.926305017177327,240
1,240,46.12577189738767,1.243563229430532,7.006723241809155,5946,7.006723241809155,6.583073186358345,0.15190473684421918,0,7.006723241809155,240
1,360,64.63253371744942,4.86342966423213,26.73122332793075,5949,26.73122332793075,2.417866661938984,0.41358773655370223,0,26.73122332793075,DC_Charging
1,360,50.90506313626556,1.568737393689009,15.151360707155774,5951,15.151360707155774,3.3597684142140327,0.2976395622297482,0,15.151360707155774,DC_Charging
1,240,74.29789225388447,1.20214491089928,5.186125186573747,5957,5.186125186573747,14.326282066278067,0.06980178076724114,0,5.186125186573747,240
1,360,88.06268665640624,4.488543409178385,18.471851314171687,5960,18.471851314171687,4.767399063506112,0.20975798054223826,0,18.471851314171687,DC_Charging
1,360,39.04333136801024,1.6746983252295542,9.55737075869348,5965,9.55737075869348,4.085153998289335,0.24478881344956682,0,9.55737075869348,DC_Charging
1,360,36.927650539212536,1.425947411231908,23.78574541101213,5972,23.78574541101213,1.5525118049113598,0.6441174855073613,0,23.78574541101213,DC_Charging
1,360,40.813004819881165,1.708082277517491,26.67787371970965,5974,26.67787371970965,1.5298447413269096,0.6536611023237893,0,26.67787371970965,DC_Charging
1,360,87.0118837549658,3.796208992265455,22.033593395979224,5979,22.033593395979224,3.949055525860982,0.25322510495265266,0,22.033593395979224,DC_Charging
1,360,43.8088417298933,1.9791575186822268,21.436780563196507,5981,21.436780563196507,2.043629713927567,0.4893254356133537,0,21.436780563196507,DC_Charging
1,120,184.7279791478516,2.990897177636316,6.056064365424845,5990,6.056064365424845,30.502974869701962,0.03278368763281779,0,6.056064365424845,120
1,240,79.87558088111204,1.2739950954150037,8.755078250232287,5991,8.755078250232287,9.123342887197245,0.10960894623431247,0,8.755078250232287,240
1,240,71.87917185193842,1.3399330063890025,5.786610124433011,5992,5.786610124433011,12.421637246380298,0.08050468550684838,0,5.786610124433011,240
1,240,84.75754112434603,1.359545721740927,5.123016605224024,5993,5.123016605224024,16.54445957444631,0.060443195227999263,0,5.123016605224024,240
1,360,34.822632608836656,1.5026288347624923,18.83622239363899,5994,18.83622239363899,1.8487057479527471,0.5409189651232479,0,18.83622239363899,DC_Charging
1,360,21.55397367772871,2.360740957416368,9.783950466716604,6001,9.783950466716604,2.2029929271465343,0.45392792127356846,0,9.783950466716604,DC_Charging
1,240,70.33233091591454,1.3085163485051703,4.831046781177747,6006,4.831046781177747,14.558404027453532,0.06868884790628481,0,4.831046781177747,240
1,120,128.8566563641737,1.7153738232616105,4.167061903831339,6007,4.167061903831339,30.922664298722914,0.03233873997206959,0,4.167061903831339,120
1,240,95.2775934759365,5.081036270251588,3.8570729519263978,6009,3.8570729519263978,24.702045997950474,0.04048247663707572,0,3.8570729519263978,240
1,240,117.23319993016943,2.7211223126133675,6.973207997062801,6019,6.973207997062801,16.811946521536353,0.05948151207351184,0,6.973207997062801,240
1,360,54.30946554518689,1.632936773613207,23.42486324770601,6021,23.42486324770601,2.3184538996403914,0.4313219254241402,0,23.42486324770601,DC_Charging
1,240,91.63641221540468,1.4325862153496003,6.07900461369222,6022,6.07900461369222,15.074246202907098,0.0663383088308023,0,6.07900461369222,240
1,120,129.49500364721175,6.236610315875788,2.453454501948954,6026,2.453454501948954,52.78068272484556,0.01894632559440668,0,2.453454501948954,120
1,240,74.65990133216704,1.093295555836317,6.157850788227194,6034,6.157850788227194,12.124344012184347,0.08247868907340893,0,6.157850788227194,240
1,240,83.57904082215039,1.4123389854745363,4.599421051212673,6035,4.599421051212673,18.171643755057854,0.055030794873560204,0,4.599421051212673,240
1,120,147.9603198841663,3.910456123457056,3.965104451389564,6039,3.965104451389564,37.31561720456415,0.026798431190833635,0,3.965104451389564,120
1,360,69.09149310342798,2.193211512579761,18.21794315068084,6041,18.21794315068084,3.7924969098855654,0.26367852730305164,0,18.21794315068084,DC_Charging
1,120,128.1682155197222,1.7092470510551108,3.115149517853069,6046,3.115149517853069,41.14351968827952,0.024305164156504293,0,3.115149517853069,120
1,240,41.359926941105854,2.6977298067507185,4.659074023476748,6048,4.659074023476748,8.87728478506589,0.11264705641552511,0,4.659074023476748,240
1,360,44.08531965538672,1.5602414502696884,22.987616286991496,6052,22.987616286991496,1.9177856070415722,0.5214347194640943,0,22.987616286991496,DC_Charging
1,120,499.45622154620247,18.284029612961376,3.70837351324802,6056,3.70837351324802,134.68336448901778,0.0074248219428876905,0,3.70837351324802,120
1,360,42.72480000026895,3.007633708921653,30.149720004677008,6058,30.149720004677008,1.4170877870056908,0.7056725837098645,0,30.149720004677008,DC_Charging
1,360,49.16402875881106,1.2138051498922249,11.23577258174663,6065,11.23577258174663,4.375669621391392,0.22853644962391295,0,11.23577258174663,DC_Charging
1,120,124.33398432169396,1.761727196048187,4.317501637205851,6066,4.317501637205851,28.797669293336725,0.03472503242584921,0,4.317501637205851,120
1,360,48.93939090395535,1.2293548942301755,10.864498610876922,6067,10.864498610876922,4.504523646858401,0.22199905659223965,0,10.864498610876922,DC_Charging
1,360,22.940521835580316,1.6512228728389011,20.018690188903747,6075,20.018690188903747,1.1459551858340924,0.8726344732862674,0,20.018690188903747,DC_Charging
1,120,282.9347296500485,4.641614446479676,6.217020807896162,6079,6.217020807896162,45.509696427378294,0.02197333927717451,0,6.217020807896162,120
1,360,42.35449224552497,2.434490635034112,32.87269833032421,6086,32.87269833032421,1.28843978124102,0.7761325089146223,0,32.87269833032421,DC_Charging
1,120,574.5878568582742,17.211685628059048,5.896773276729732,6088,5.896773276729732,97.4410630854257,0.010262613813267913,0,5.896773276729732,120
1,360,65.99184000826402,3.459935314587632,11.54774330464528,6090,11.54774330464528,5.714695786640638,0.17498744243529474,0,11.54774330464528,DC_Charging
1,240,96.79719622178489,1.734257982803869,6.202199159287844,6091,6.202199159287844,15.606915182146368,0.06407416125026145,0,6.202199159287844,240
1,360,38.05558664171957,1.4928642145114497,25.919679779242685,6094,25.919679779242685,1.4682120676581705,0.6811005181254377,0,25.919679779242685,DC_Charging
1,240,50.63655296969632,1.236972942867967,8.044280278236442,6096,8.044280278236442,6.294727585100682,0.15886310987737612,0,8.044280278236442,240
1,360,57.01299564084148,6.255362923281276,29.77902058086009,6100,29.77902058086009,1.9145356203382162,0.5223198719193028,0,29.77902058086009,DC_Charging
1,360,39.68949198178843,1.1179320835117492,20.00377694583773,6106,20.00377694583773,1.9840999071951155,0.504006878067789,0,20.00377694583773,DC_Charging
1,360,34.99599295286795,1.5803863618161529,22.28347140333163,6107,22.28347140333163,1.5704910747270577,0.6367435104168256,0,22.28347140333163,DC_Charging
1,240,45.44440901137136,1.670950057921617,5.829418043250655,6113,5.829418043250655,7.7957025339754535,0.1282758026799729,0,5.829418043250655,240
1,120,165.84813354259467,2.120679969004913,5.717697785173172,6114,5.717697785173172,29.006103465745106,0.034475502756892346,0,5.717697785173172,120
1,240,106.3902088308586,1.4458236711255696,4.296060207337064,6116,4.296060207337064,24.76459912017973,0.04038022158756198,0,4.296060207337064,240
1,360,30.21613363888449,3.038542649522607,30.97431160020173,6118,30.97431160020173,0.9755223628178292,1.025091825790099,0,30.97431160020173,DC_Charging
1,120,277.77879910088103,4.12942579980932,7.5807873420087475,6121,7.5807873420087475,36.642473475225536,0.02729073408966546,0,7.5807873420087475,120
1,240,70.98358398290453,1.2263489190995995,8.6925275623976,6122,8.6925275623976,8.16604646615876,0.12245827943107356,0,8.6925275623976,240
1,240,61.02897778090055,1.2498379317506696,8.776736176091987,6123,8.776736176091987,6.953493480542888,0.14381260337673113,0,8.776736176091987,240
1,120,157.97660543824827,1.7977966082204848,4.86000728334615,6125,4.86000728334615,32.50542565637479,0.030764094910533356,0,4.86000728334615,120
1,120,182.06251927642447,2.991790041536486,5.383960888419381,6126,5.383960888419381,33.81572099976273,0.02957204431651824,0,5.383960888419381,120
1,240,101.70578429618124,3.21178431003297,15.263089292002135,6130,15.263089292002135,6.6635123696403395,0.15007100527885336,0,15.263089292002135,240
1,360,44.81146671477471,2.498162925874836,30.26767701264643,6131,30.26767701264643,1.4805056462064003,0.6754449080031323,0,30.26767701264643,DC_Charging
1,360,38.71534428941635,2.4829322879248754,32.538811551730575,6134,32.538811551730575,1.189820477243499,0.8404629262363487,0,32.538811551730575,DC_Charging
1,240,66.31503613629114,1.214605117203177,5.426344142024092,6136,5.426344142024092,12.220941834985576,0.08182675390347116,0,5.426344142024092,240
1,120,124.1774676803076,3.885776097283924,4.03779714372142,6140,4.03779714372142,30.75376579365746,0.03251634309468001,0,4.03779714372142,120
1,120,643.7922737328508,6.902875572405616,11.244832106289252,6146,11.244832106289252,57.252279771502934,0.017466553366801398,0,11.244832106289252,120
1,120,260.1966355872836,9.264697476295208,1.861795939103644,6148,1.861795939103644,139.75572194692532,0.007155342093111346,0,1.861795939103644,120
1,120,152.1779594945513,3.5897510335959444,5.098460963793713,6149,5.098460963793713,29.8478228185388,0.033503281163237454,0,5.098460963793713,120
1,360,34.68001450401395,2.1325594615591426,37.341408732197024,6157,37.341408732197024,0.9287280711001047,1.076741439305772,0,37.341408732197024,DC_Charging
1,360,88.00221699176991,3.190430598129351,17.102247715073474,6159,17.102247715073474,5.1456521071325065,0.194338828039672,0,17.102247715073474,DC_Charging
1,240,117.69999220818488,3.9112535372124753,9.934631676388676,6160,9.934631676388676,11.847443975997491,0.08440639196319182,0,9.934631676388676,240
1,120,367.9913613982653,13.920136344108894,3.732287993474501,6162,3.732287993474501,98.59672191472313,0.010142325024405027,0,3.732287993474501,120
1,240,69.35466814392478,1.3879720780419371,5.721411524094137,6163,5.721411524094137,12.121950650089904,0.08249497369407155,0,5.721411524094137,240
1,360,40.11400402913053,2.6053381170981584,32.37579007057674,6165,32.37579007057674,1.2390123589782696,0.8070944512810453,0,32.37579007057674,DC_Charging
1,360,36.39396879633853,2.5255828290812747,33.19854145017874,6168,33.19854145017874,1.0962520401974643,0.9121989864847807,0,33.19854145017874,DC_Charging
1,360,88.9936900556467,3.6009141217426994,19.724130739735457,6169,19.724130739735457,4.511919497489616,0.22163516005912545,0,19.724130739735457,DC_Charging
1,120,377.1191554260562,3.686129968132878,10.81800193344496,6173,10.81800193344496,34.86033352056943,0.028685898814190848,0,10.81800193344496,120
1,120,741.4921321052433,8.264580721591098,13.778834412180288,6174,13.778834412180288,53.813850281107605,0.018582576693105892,0,13.778834412180288,120
1,120,602.8933958120588,13.19855297379876,8.595878755994875,6179,8.595878755994875,70.1374941324752,0.014257709266190877,0,8.595878755994875,120
1,240,104.18013561299703,1.99888681705228,4.806624368049526,6182,4.806624368049526,21.674282747264513,0.04613762825098371,0,4.806624368049526,240
1,360,50.99232609083288,3.60211482116506,10.657886494630633,6189,10.657886494630633,4.78446886411508,0.2090096159889958,0,10.657886494630633,DC_Charging
1,360,43.270766137497205,1.303473428541985,12.961636987421969,6193,12.961636987421969,3.338372011150085,0.2995472034452791,0,12.961636987421969,DC_Charging
1,360,60.84837769652698,4.57431364128015,19.43097018773919,6199,19.43097018773919,3.1315151589765646,0.31933423573999814,0,19.43097018773919,DC_Charging
1,360,40.76724995506695,1.7242179307698144,16.06892067723777,6201,16.06892067723777,2.537024780563843,0.3941624881479298,0,16.06892067723777,DC_Charging
1,120,131.5798723764319,4.715376627714168,4.32507899688764,6203,4.32507899688764,30.422536205955492,0.03287036929564869,0,4.32507899688764,120
1,240,72.10090866305109,1.1304071708806491,7.581744920430069,6207,7.581744920430069,9.50980406486179,0.1051546375907939,0,7.581744920430069,240
1,120,111.7234302890274,6.102335560584964,2.2904746546395245,6208,2.2904746546395245,48.77741391406511,0.020501291884021902,0,2.2904746546395245,120
1,120,110.746120495744,5.65680140540336,3.215387161643534,6210,3.215387161643534,34.44254608491268,0.029033858226817998,0,3.215387161643534,120
1,120,726.6293753753644,11.53209840636623,11.540940334469424,6213,11.540940334469424,62.961020013692846,0.015882843063573602,0,11.540940334469424,120
1,120,386.4091137545355,9.220305058050725,7.547205483111341,6227,7.547205483111341,51.19896557993781,0.01953164460791074,0,7.547205483111341,120
1,120,870.390660568461,11.47585819487758,12.543383386525193,6228,12.543383386525193,69.39042152721598,0.014411210913422463,0,12.543383386525193,120
1,240,130.8404996461393,3.674356139945533,9.001267498970378,6229,9.001267498970378,14.535786172459119,0.0687957285650428,0,9.001267498970378,240
1,120,752.6246686959066,15.428695239248205,10.047834099326993,6230,10.047834099326993,74.90416952110283,0.01335039165901531,0,10.047834099326993,120
1,240,65.44337728206044,1.7524720541528036,9.62507571646556,6232,9.62507571646556,6.799258438051229,0.14707486251789176,0,9.62507571646556,240
1,360,52.162494624813405,1.312602917894415,16.303860461217525,6235,16.303860461217525,3.1993953057249156,0.3125590633363204,0,16.303860461217525,DC_Charging
1,120,283.18858016971853,3.782156688113531,7.986425888050675,6236,7.986425888050675,35.458737630487065,0.028201793600802362,0,7.986425888050675,120
1,360,38.5528270100216,3.1202514955759004,16.30426014612381,6242,16.30426014612381,2.364586105993113,0.4229069930951005,0,16.30426014612381,DC_Charging
1,360,39.33213781019621,1.9370087071612487,36.07131002122773,6245,36.07131002122773,1.090399483330367,0.9170950787189818,0,36.07131002122773,DC_Charging
1,240,113.50075896659288,2.725993439926727,4.616665789565388,6246,4.616665789565388,24.58500661302533,0.040675197519377204,0,4.616665789565388,240
1,240,86.70874122969477,3.6157779282322937,6.110979406195582,6250,6.110979406195582,14.18900890776781,0.07047708592617398,0,6.110979406195582,240
1,360,54.11281596025771,1.389452083607428,21.156001916526407,6252,21.156001916526407,2.557799728595528,0.3909610235782978,0,21.156001916526407,DC_Charging
1,120,194.6817580560125,2.7212614373630983,6.623392109599635,6253,6.623392109599635,29.39305945270096,0.03402163703336806,0,6.623392109599635,120
1,360,45.86577734210979,2.283983015273431,32.59405966325656,6254,32.59405966325656,1.407182100541299,0.7106400796423799,0,32.59405966325656,DC_Charging
1,360,39.97706299850207,1.2859084886202752,19.524113424442973,6257,19.524113424442973,2.0475737939758782,0.488382886586104,0,19.524113424442973,DC_Charging
1,360,57.61109599762942,1.6172598798204392,20.111300512399158,6261,20.111300512399158,2.8646131542865976,0.3490872750142906,0,20.111300512399158,DC_Charging
1,240,79.15095971925683,1.66775476746704,8.786261999691945,6262,8.786261999691945,9.008490723590072,0.1110063861620406,0,8.786261999691945,240
1,240,69.25244403981318,1.02946256710429,7.087567840875579,6273,7.087567840875579,9.770974415287984,0.10234393802478568,0,7.087567840875579,240
1,240,75.9539580383631,2.284714917121382,4.526353654281166,6274,4.526353654281166,16.78038523713751,0.05959338750977242,0,4.526353654281166,240
1,120,752.538188912844,9.197902803413058,12.953726556984948,6275,12.953726556984948,58.09433954023509,0.017213380992263765,0,12.953726556984948,120
1,360,34.49183273117632,1.9632414712057444,11.91554501289157,6276,11.91554501289157,2.8946919921715035,0.3454598978766762,0,11.91554501289157,DC_Charging
1,240,77.5155284816552,2.0493820569134376,4.144754489998917,6277,4.144754489998917,18.702079621047822,0.053469989448369865,0,4.144754489998917,240
1,360,33.63202072477843,2.0965567940452603,27.98140440773648,6283,27.98140440773648,1.2019418408991518,0.8319870113281997,0,27.98140440773648,DC_Charging
1,120,135.54277902038092,1.6664600267581529,3.2365121742948446,6285,3.2365121742948446,41.879273650472925,0.02387816007378885,0,3.2365121742948446,120
1,120,303.7157626901943,7.610190731040825,5.899088118478673,6297,5.899088118478673,51.485205270763124,0.019423055511597027,0,5.899088118478673,120
1,240,99.58675016967295,2.7589145822877112,6.535186646842334,6300,6.535186646842334,15.238547198616155,0.06562305362618899,0,6.535186646842334,240
1,120,192.86371181392173,1.951581760534634,5.69838800813794,6303,5.69838800813794,33.84531055773854,0.02954619069882801,0,5.69838800813794,120
1,360,48.40159475303513,3.012306539439827,34.14115666782392,6315,34.14115666782392,1.4176905376685978,0.7053725572892002,0,34.14115666782392,DC_Charging
1,120,243.956144136628,5.93808805098378,6.684777049790981,6318,6.684777049790981,36.49428280398013,0.02740155233002519,0,6.684777049790981,120
1,120,515.9058528803869,8.847784628171516,8.665598791836175,6330,8.665598791836175,59.534934085157474,0.016796860790500277,0,8.665598791836175,120
1,240,96.17244597266544,1.8493104525784048,6.874902163652735,6331,6.874902163652735,13.98891848688762,0.0714851545483906,0,6.874902163652735,240
1,360,65.95574793553689,1.3181608635925215,12.9634272427314,6343,12.9634272427314,5.087832615600809,0.19654734649361347,0,12.9634272427314,DC_Charging
1,120,750.1854093454832,9.085249795303184,13.190015277523417,6344,13.190015277523417,56.875249464179504,0.017582340463048133,0,13.190015277523417,120
1,120,137.80097500187864,1.609817057924397,4.221085980331807,6345,4.221085980331807,32.6458583511361,0.030631756997904123,0,4.221085980331807,120
1,120,123.55657813578917,2.314319607220429,3.175685127618536,6346,3.175685127618536,38.90706199466474,0.025702274824481182,0,3.175685127618536,120
1,360,34.36487070272607,2.044063617113601,13.501694563511222,6348,13.501694563511222,2.545226492946913,0.3928923428901529,0,13.501694563511222,DC_Charging
1,240,72.12482297040818,3.0959691196368087,9.855993671075735,6349,9.855993671075735,7.317864172546297,0.1366518941075185,0,9.855993671075735,240
1,120,183.78630549646627,7.545841131608374,3.805471965170327,6351,3.805471965170327,48.295272486192204,0.020705960408151827,0,3.805471965170327,120
1,120,372.8090206871542,3.3984837365242564,9.3367946510336,6352,9.3367946510336,39.9290157512336,0.025044444026124168,0,9.3367946510336,120
1,120,155.82973011627445,1.8921559444917055,4.363981661100056,6353,4.363981661100056,35.70815420819011,0.02800480792621416,0,4.363981661100056,120
1,120,252.13907299723,4.888441124302722,5.941171608403664,6357,5.941171608403664,42.439284642204996,0.023563073893227704,0,5.941171608403664,120
1,120,165.87675423270346,3.1025382733259965,4.533164951225899,6358,4.533164951225899,36.59181962656037,0.02732851249830015,0,4.533164951225899,120
1,120,147.7032484338006,1.475676320272238,5.689678207888335,6364,5.689678207888335,25.95985977361963,0.03852100930900245,0,5.689678207888335,120
1,120,292.0131360738388,3.149158800853512,8.031382113239644,6365,8.031382113239644,36.35901417172747,0.027503495977005705,0,8.031382113239644,120
1,120,218.5185130498243,2.231475573652243,5.207932994273293,6376,5.207932994273293,41.958779671341766,0.023832914299054535,0,5.207932994273293,120
1,120,124.63719303047242,7.2931764975149775,2.327287299862789,6381,2.327287299862789,53.55470853891598,0.018672494488012042,0,2.327287299862789,120
1,360,40.20414596627175,1.1683478989904652,13.16279507005116,6383,13.16279507005116,3.054377565882403,0.32739894738949943,0,13.16279507005116,DC_Charging
1,360,32.31416737079407,1.4654287258108951,28.863434055002912,6384,28.863434055002912,1.11955380323822,0.8932129899497281,0,28.863434055002912,DC_Charging
1,360,90.44792555730776,4.564962697025458,24.326235979083208,6389,24.326235979083208,3.7181225091740027,0.2689529453461055,0,24.326235979083208,DC_Charging
1,360,60.68280494520515,1.462413857262773,14.382017223157035,6392,14.382017223157035,4.219352821209076,0.2370031714279455,0,14.382017223157035,DC_Charging
1,120,572.5548759988916,6.659718618044456,12.175939729340785,6393,12.175939729340785,47.02346502415631,0.02126597858082752,0,12.175939729340785,120
1,240,67.69541084364265,1.1480480130392372,6.601201270531547,6402,6.601201270531547,10.255013908732346,0.09751327583753741,0,6.601201270531547,240
1,360,34.30951187560916,1.6659181446633151,7.06950707917251,6403,7.06950707917251,4.853168897261378,0.20605093726787369,0,7.06950707917251,DC_Charging
1,120,170.53680852919464,2.7141185261617293,4.970145455336223,6404,4.970145455336223,34.31223694793417,0.029144121425758774,0,4.970145455336223,120
1,360,28.25306646296457,2.299328651276017,28.894184812480745,6406,28.894184812480745,0.9778115093512088,1.0226919916943027,0,28.894184812480745,DC_Charging
1,240,98.37074587992468,2.476437451507062,4.257815357866264,6408,4.257815357866264,23.103572515934935,0.043283349330943625,0,4.257815357866264,240
1,240,83.60007247007206,3.4855712510665096,8.334193390369094,6409,8.334193390369094,10.030973431295633,0.09969122207821826,0,8.334193390369094,240
1,240,71.55157084380463,1.7333494453559433,4.286567690812632,6413,4.286567690812632,16.692042679545356,0.05990878523366184,0,4.286567690812632,240
1,360,43.66388881800237,1.583878216927118,25.530228471905573,6425,25.530228471905573,1.7102819454221398,0.5846989162673849,0,25.530228471905573,DC_Charging
1,360,61.186707786590055,1.1391163802137976,10.1621439825265,6426,10.1621439825265,6.0210431865361045,0.16608417661513208,0,10.1621439825265,DC_Charging
1,360,50.19110487283218,1.3947323961815463,23.48414151537044,6427,23.48414151537044,2.137233964459887,0.46789449195971206,0,23.48414151537044,DC_Charging
1,240,89.17620210801314,1.6769928269564438,10.079875505981406,6428,10.079875505981406,8.846954712396588,0.1130332450553605,0,10.079875505981406,240
1,360,84.69958643299265,5.179761305947906,32.78650794563613,6429,32.78650794563613,2.5833671147117734,0.38709171232582257,0,32.78650794563613,DC_Charging
1,240,74.60173338284521,1.6534365413251242,7.259798728411894,6431,7.259798728411894,10.276005737030205,0.09731407568180309,0,7.259798728411894,240
1,360,36.8060493748654,1.6468159643107192,24.917752986857536,6433,24.917752986857536,1.4771014623300165,0.6770015638753585,0,24.917752986857536,DC_Charging
1,120,335.5683846643688,4.54426128648007,8.046503525527697,6444,8.046503525527697,41.703627370543146,0.02397872950270839,0,8.046503525527697,120
1,360,56.66929365609072,1.5828377751278653,12.622029718607024,6452,12.622029718607024,4.489713217245125,0.22273137539363752,0,12.622029718607024,DC_Charging
1,360,35.54640073881812,2.3367900153747354,33.286796873549335,6454,33.286796873549335,1.0678828868350603,0.9364322739207402,0,33.286796873549335,DC_Charging
1,360,47.18366378784787,1.2386190175967442,8.113042735656421,6456,8.113042735656421,5.815779027081665,0.17194601021521205,0,8.113042735656421,DC_Charging
1,240,57.56073402532467,1.2806018480080743,8.488363516202341,6461,8.488363516202341,6.781134421900572,0.14746795119860293,0,8.488363516202341,240
1,360,14.787109900083705,2.184845184117152,13.407077488715489,6463,13.407077488715489,1.1029331271136282,0.9066732836441281,0,13.407077488715489,DC_Charging
1,360,41.034635002009615,0.9760127754377736,13.077079311189294,6465,13.077079311189294,3.1379051870472843,0.3186839437111811,0,13.077079311189294,DC_Charging
1,360,57.396341546552286,1.267298440056442,10.691601581830128,6467,10.691601581830128,5.368357687785024,0.18627670847554842,0,10.691601581830128,DC_Charging
1,120,870.1587535583709,32.03808693177643,4.628414860456601,6470,4.628414860456601,188.0036210653183,0.005319046486091717,0,4.628414860456601,120
1,360,51.91955703014892,5.642656821037691,26.974373306027232,6479,26.974373306027232,1.9247734299928245,0.5195416688621517,0,26.974373306027232,DC_Charging
1,360,94.73231491181338,3.811778988940392,16.040393167051192,6480,16.040393167051192,5.9058599078733565,0.1693233526699231,0,16.040393167051192,DC_Charging
1,120,365.13976408900834,4.989412232224441,9.987131954183909,6483,9.987131954183909,36.56102330119313,0.027351532033496617,0,9.987131954183909,120
1,120,133.4781036146548,3.340596217555884,4.757996037783997,6485,4.757996037783997,28.053428913072675,0.03564626638328721,0,4.757996037783997,120
1,120,336.94479571499664,3.594163577557026,8.603214639379104,6486,8.603214639379104,39.164987721300655,0.02553300940922114,0,8.603214639379104,120
1,240,54.72944402226896,2.3736922388653587,2.820681663142466,6487,2.820681663142466,19.402914103144827,0.05153865005452556,0,2.820681663142466,240
1,240,107.61918508806626,2.6487154529914427,11.240027560644876,6490,11.240027560644876,9.574637117873028,0.10444260055906394,0,11.240027560644876,240
1,120,195.33603350317583,5.191745758439907,5.06656111221028,6491,5.06656111221028,38.55396770650236,0.02593766762509748,0,5.06656111221028,120
1,120,118.1808153897788,1.389319386773349,4.530183967966465,6492,4.530183967966465,26.08742078146298,0.03833265114160205,0,4.530183967966465,120
1,120,132.77570540385528,1.9101738323327924,4.330008444065243,6493,4.330008444065243,30.66407539824527,0.032611451250776156,0,4.330008444065243,120
1,360,48.81896633529614,1.090319518943025,8.271409553005725,6497,8.271409553005725,5.902133853057239,0.1694302475844412,0,8.271409553005725,DC_Charging
1,240,119.46655503520584,3.4581978401815,6.836557392955356,6499,6.836557392955356,17.474665707964164,0.057225701293057936,0,6.836557392955356,240
1,240,79.62961355255115,1.6449391890475784,3.4212082348461337,6503,3.4212082348461337,23.275289922869145,0.042964019065448875,0,3.4212082348461337,240
1,360,36.07546434361701,1.4882667579083195,27.49357232606937,6507,27.49357232606937,1.3121417586542692,0.7621127773767361,0,27.49357232606937,DC_Charging
1,240,75.80856022622767,1.1833002874409642,4.908510712078453,6515,4.908510712078453,15.44430982694696,0.06474876580468604,0,4.908510712078453,240
1,240,90.09376290151904,1.3007391869415792,4.371825477386039,6517,4.371825477386039,20.607813227573544,0.04852528451014812,0,4.371825477386039,240
1,120,267.8314179317732,3.9873945755600864,5.773312274529928,6522,5.773312274529928,46.39129241516395,0.02155576936832933,0,5.773312274529928,120
1,120,138.11669974728744,3.11108229403225,4.713905796558677,6528,4.713905796558677,29.29984299816039,0.034129875715128766,0,4.713905796558677,120
1,360,94.4440121996563,3.775336757660271,16.503686260825745,6529,16.503686260825745,5.722601042400747,0.1747457131102887,0,16.503686260825745,DC_Charging
1,120,202.0907075656509,7.591924884152117,5.047967437298823,6531,5.047967437298823,40.03407511554592,0.024978721179740277,0,5.047967437298823,120
1,240,95.09386805926688,1.581046940216457,5.612638942200547,6538,5.612638942200547,16.942808728398877,0.059022091084805724,0,5.612638942200547,240
1,360,49.72831669701723,1.355799215505771,10.428242535659251,6542,10.428242535659251,4.768619115538581,0.20970431392632985,0,10.428242535659251,DC_Charging
1,240,36.555070484046254,1.9057484325404055,4.943541428761165,6544,4.943541428761165,7.394510799762193,0.13523545060373163,0,4.943541428761165,240
1,240,80.15247061509623,1.295402960306651,4.3244461624526735,6545,4.3244461624526735,18.534736612291777,0.053952749419531806,0,4.3244461624526735,240
1,120,111.59382827400236,1.9064856176067009,4.276783737377357,6547,4.276783737377357,26.092932242216857,0.03832455435507006,0,4.276783737377357,120
1,240,84.41529885362061,1.2877223055314808,4.969112935994971,6552,4.969112935994971,16.988001669702047,0.0588650754481318,0,4.969112935994971,240
1,240,65.8697682056417,1.552248293129458,4.298549911232513,6554,4.298549911232513,15.323718362212764,0.06525831239928889,0,4.298549911232513,240
1,120,113.33438098259712,1.6227796102391894,2.665362443203634,6557,2.665362443203634,42.52118929325604,0.02351768651397063,0,2.665362443203634,120
1,360,45.808182983185816,1.1163917612034957,11.418969823899332,6565,11.418969823899332,4.011586306788515,0.24927794730672329,0,11.418969823899332,DC_Charging
1,120,421.2023425017586,7.747234597173127,7.498485558388126,6569,7.498485558388126,56.17165482576461,0.017802573256953853,0,7.498485558388126,120
1,360,86.29792549153241,3.0374574764747067,15.360787271283868,6570,15.360787271283868,5.618066572203728,0.17799717877101318,0,15.360787271283868,DC_Charging
1,120,239.87054797732048,2.645431404468683,6.401183955239063,6572,6.401183955239063,37.47284090796952,0.02668599379630503,0,6.401183955239063,120
1,360,35.14206363066242,1.909634944061683,33.3316615042806,6574,33.3316615042806,1.0543147879426689,0.9484833291121187,0,33.3316615042806,DC_Charging
1,360,46.07001596922608,2.3683623520924435,26.60871990415225,6577,26.60871990415225,1.7313879109996917,0.5775713193137676,0,26.60871990415225,DC_Charging
1,240,105.53280884562096,3.043184132945272,15.170587216502184,6580,15.170587216502184,6.956408960282369,0.1437523305069472,0,15.170587216502184,240
1,360,63.81327749366972,2.1596694159560546,20.931628802256768,6581,20.931628802256768,3.048653217411806,0.32801369282957116,0,20.931628802256768,DC_Charging
1,120,220.30176147444467,10.287957545063398,2.395808280985221,6584,2.395808280985221,91.95300109065933,0.010875120856730591,0,2.395808280985221,120
1,240,70.68194897085866,1.4144493670421303,4.657400342931652,6586,4.657400342931652,15.176266536358591,0.06589235880934528,0,4.657400342931652,240
1,120,176.44045093059293,3.7904125973127463,5.206575730945687,6590,5.206575730945687,33.88800241239274,0.0295089686264394,0,5.206575730945687,120
1,120,158.3158179750773,2.052784801741664,3.767660107681337,6597,3.767660107681337,42.01966564136454,0.02379838070428602,0,3.767660107681337,120
1,360,28.305022354740306,2.97530146929877,9.8062245734735,6598,9.8062245734735,2.8864342380356356,0.3464482186438277,0,9.8062245734735,DC_Charging
1,360,75.37161671007031,3.36482329580964,15.730295967150797,6599,15.730295967150797,4.791493870647257,0.20870317838159216,0,15.730295967150797,DC_Charging
1,360,42.05230570425038,1.992387577952514,16.912189215362773,6608,16.912189215362773,2.486508704978934,0.4021703193709399,0,16.912189215362773,DC_Charging
1,360,69.35888918095522,4.666071168624127,29.62081197211953,6609,29.62081197211953,2.3415593484148576,0.4270658357119841,0,29.62081197211953,DC_Charging
1,360,52.06405768807231,9.51324894880036,23.139646433222296,6610,23.139646433222296,2.2499936564857084,0.4444456974878373,0,23.139646433222296,DC_Charging
1,240,77.22255615536167,1.4577434922464931,4.692555961147576,6617,4.692555961147576,16.456395362086784,0.06076664895301792,0,4.692555961147576,240
1,360,40.80008432848313,2.4220678515268195,35.58055524368338,6624,35.58055524368338,1.1466961110936114,0.8720706299825973,0,35.58055524368338,DC_Charging
1,360,43.466911992397485,2.6622251706194167,37.116194614270384,6625,37.116194614270384,1.1711036770910073,0.8538953634608811,0,37.116194614270384,DC_Charging
1,120,138.55276081667884,2.841222545301238,3.790950080241728,6627,3.790950080241728,36.54829472400863,0.027361057678652746,0,3.790950080241728,120
1,120,387.1626350479754,8.787620042096789,6.420701901496329,6630,6.420701901496329,60.2991138644434,0.01658399163622984,0,6.420701901496329,120
1,120,402.53153382790777,4.292948451853679,7.57640746157729,6633,7.57640746157729,53.12960474595528,0.018821897975368044,0,7.57640746157729,120
1,120,794.1686740323885,10.097957515965208,13.50471718061506,6638,13.50471718061506,58.80676088295681,0.017004847486674222,0,13.50471718061506,120
1,240,71.25825289252776,2.1756539691637338,11.06361663513026,6641,11.06361663513026,6.440773866500554,0.15526084609198165,0,11.06361663513026,240
1,120,87.42222150112993,1.5871018606534757,2.5171209768137146,6643,2.5171209768137146,34.7310368895312,0.028792690617924655,0,2.5171209768137146,120
1,120,156.28736700909317,2.0551673571076234,3.5945715629502644,6645,3.5945715629502644,43.478719027315584,0.022999757637103987,0,3.5945715629502644,120
1,120,337.1736729911904,3.3845173727240647,8.586619388999111,6647,8.586619388999111,39.267336505349945,0.025466458614114455,0,8.586619388999111,120
1,240,150.6262945162069,4.578778665210118,6.133461682174499,6650,6.133461682174499,24.558121061384917,0.040719727600512394,0,6.133461682174499,240
1,360,33.45654618537039,2.4301207090343397,25.68673009302552,6651,25.68673009302552,1.3024836584573503,0.7677639512071812,0,25.68673009302552,DC_Charging
1,240,85.48147838995764,1.8967067326661284,3.622666081155046,6657,3.622666081155046,23.59628971453611,0.042379544076540404,0,3.622666081155046,240
1,120,152.5678833055299,5.102502690813218,5.118561783872636,6661,5.118561783872636,29.806787482029584,0.03354940550379328,0,5.118561783872636,120
1,240,64.81901678026261,1.2064456267387431,6.851045970808428,6664,6.851045970808428,9.461185497287493,0.10569499987995146,0,6.851045970808428,240
1,360,40.40143532510624,1.2512630798990196,14.047097925222133,6666,14.047097925222133,2.8761410748453478,0.34768809108356086,0,14.047097925222133,DC_Charging
1,360,19.89289449256105,2.391967067225252,9.530558562896388,6671,9.530558562896388,2.0872747763186186,0.4790936063356864,0,9.530558562896388,DC_Charging
1,120,238.2473901034885,2.7928173466170496,6.929892145343402,6673,6.929892145343402,34.37966783705008,0.02908695932548615,0,6.929892145343402,120
1,120,653.6187302801321,8.53842331252453,11.733663400222085,6677,11.733663400222085,55.70457477651532,0.017951846935587656,0,11.733663400222085,120
1,360,64.51759502618516,3.478576622193335,31.02127457669104,6678,31.02127457669104,2.0797854345631173,0.48081883033768885,0,31.02127457669104,DC_Charging
1,120,210.06904114356877,2.29187403019234,5.6783704557478245,6685,5.6783704557478245,36.99459955645027,0.02703097241190824,0,5.6783704557478245,120
1,360,56.21834497438553,7.062340008332511,22.281797722786536,6689,22.281797722786536,2.523061454637195,0.3963438933134491,0,22.281797722786536,DC_Charging
1,360,49.98867526158606,4.690943503944989,11.893254252596918,6690,11.893254252596918,4.203111629491223,0.23791897245447358,0,11.893254252596918,DC_Charging
1,360,46.53280414504104,2.1111157588363936,26.67111238337821,6691,26.67111238337821,1.7446892906514426,0.5731679591078443,0,26.67111238337821,DC_Charging
1,240,66.70921039919239,1.2233151190190772,6.513595335133687,6693,6.513595335133687,10.241534354977432,0.09764161944289096,0,6.513595335133687,240
1,240,125.00121702887056,2.280290221758108,5.12512327775093,6695,5.12512327775093,24.38989469219658,0.04100058703082243,0,5.12512327775093,240
1,360,45.12203650032578,2.379219894111625,34.64042972993363,6696,34.64042972993363,1.3025830468071458,0.7677053700730802,0,34.64042972993363,DC_Charging
1,120,742.7810338515817,9.41376383409159,13.208683893354802,6703,13.208683893354802,56.234295547436766,0.01778274254643137,0,13.208683893354802,120
1,360,34.02665091850874,2.088836250971591,35.25414590354494,6705,35.25414590354494,0.9651815423810121,1.0360745166480225,0,35.25414590354494,DC_Charging
1,360,18.452324046756797,2.1410730157062776,10.84558019197911,6712,10.84558019197911,1.7013680891321317,0.5877622875306778,0,10.84558019197911,DC_Charging
1,360,23.199644974676826,1.3017638671394385,13.792273817154353,6715,13.792273817154353,1.68207543456844,0.5945036586641336,0,13.792273817154353,DC_Charging
1,120,226.35889078333287,2.513242463780152,7.543183653741778,6717,7.543183653741778,30.00840244305176,0.03332399989961955,0,7.543183653741778,120
1,120,461.7986294265084,7.601746739268556,8.598268538663746,6719,8.598268538663746,53.70832829306776,0.018619086308986312,0,8.598268538663746,120
1,120,204.0822869642646,2.307902434112276,6.5421977862401945,6728,6.5421977862401945,31.19475956436206,0.03205666637490079,0,6.5421977862401945,120
1,120,607.3148659179308,12.453492390025191,7.576598977261554,6729,7.576598977261554,80.1566597018753,0.0124755697620045,0,7.576598977261554,120
1,360,53.97483070095621,3.256527886190067,32.40609118253499,6732,32.40609118253499,1.6655767089258058,0.6003926415643374,0,32.40609118253499,DC_Charging
1,360,42.31464242031954,2.937467462199507,33.3033171830094,6733,33.3033171830094,1.2705834132915599,0.7870400239283863,0,33.3033171830094,DC_Charging
1,240,67.99367785053185,1.2959822651980937,5.12849561914777,6743,5.12849561914777,13.258016170798783,0.07542606579425759,0,5.12849561914777,240
1,360,55.63839728294538,1.7986200858530683,17.216391062895354,6745,17.216391062895354,3.2317108202111453,0.30943362684123593,0,17.216391062895354,DC_Charging
1,360,27.83732189192827,2.2325017507619664,10.14744723545138,6747,10.14744723545138,2.743283236268043,0.36452670536506393,0,10.14744723545138,DC_Charging
1,360,45.66948441274852,1.9579577245397024,32.323997568136406,6752,32.323997568136406,1.412866224744662,0.7077810924248851,0,32.323997568136406,DC_Charging
1,240,116.93264591541184,1.5419632758715107,6.222308306135659,6753,6.222308306135659,18.79248667252755,0.05321275557757265,0,6.222308306135659,240
1,120,115.84789087465168,5.228468352506828,3.337399306058032,6754,3.337399306058032,34.71202581733781,0.028808459790339417,0,3.337399306058032,120
1,120,235.1514432847415,3.695608414056944,5.226734838406784,6759,5.226734838406784,44.99012300314444,0.022227100822331786,0,5.226734838406784,120
1,240,64.44543294190007,1.4027149868850883,6.244873849803383,6765,6.244873849803383,10.319733351207583,0.09690172855900227,0,6.244873849803383,240
1,360,45.441846238888594,3.1549819641124976,31.756053643064405,6768,31.756053643064405,1.4309664150858115,0.6988284207495062,0,31.756053643064405,DC_Charging
1,360,61.1541455009267,2.184585073667339,13.152744660011692,6771,13.152744660011692,4.649534913184603,0.21507527498380924,0,13.152744660011692,DC_Charging
1,120,831.9411018912241,11.800935324025804,12.9149654478435,6772,12.9149654478435,64.41682753631672,0.015523893961344544,0,12.9149654478435,120
1,120,517.2772928142333,6.528319342391106,10.127462990136792,6773,10.127462990136792,51.07669051153417,0.01957840239813853,0,10.127462990136792,120
1,360,47.51997528093384,2.2479639697826816,29.12420347605176,6774,29.12420347605176,1.6316317567279925,0.6128833885933668,0,29.12420347605176,DC_Charging
1,240,111.04812319394236,2.1241994729585465,4.950977233371972,6781,4.950977233371972,22.429536222753054,0.04458406941939246,0,4.950977233371972,240
1,240,145.68062161647174,4.030578193447416,6.952124618255894,6790,6.952124618255894,20.95483461759625,0.04772168419598393,0,6.952124618255894,240
1,360,43.50179070082144,1.492468501457468,15.676946358929698,6792,15.676946358929698,2.774889299537758,0.36037473645041634,0,15.676946358929698,DC_Charging
1,120,200.9028459740132,2.6439225173095773,5.691776553646363,6794,5.691776553646363,35.29703671260731,0.028330990166175126,0,5.691776553646363,120
1,120,188.44209463358877,2.377428178663826,5.885965130722084,6798,5.885965130722084,32.01549626075866,0.03123487425761687,0,5.885965130722084,120
1,120,814.261457424882,17.490230987747935,7.845861702569124,6799,7.845861702569124,103.7822852725345,0.009635555792339498,0,7.845861702569124,120
1,360,82.77727910550554,6.151637145314887,27.270673049891684,6800,27.270673049891684,3.0353955310917535,0.3294463570750286,0,27.270673049891684,DC_Charging
1,120,347.4079670187989,3.0596258606470026,9.007371020560214,6804,9.007371020560214,38.56929688205425,0.025927358827878604,0,9.007371020560214,120
1,120,102.27809514623446,2.474834346954152,3.430942227668112,6805,3.430942227668112,29.81049762990303,0.033545230019806714,0,3.430942227668112,120
1,120,97.5974210103124,2.334065283567349,2.8569447416195715,6807,2.8569447416195715,34.16146612446745,0.029272748316963203,0,2.8569447416195715,120
1,240,27.31229364265281,2.885734892602136,4.129050203889193,6808,4.129050203889193,6.614667367552735,0.15117918172353625,0,4.129050203889193,240
1,240,86.2433976351201,2.764859083461336,13.441450390656584,6809,13.441450390656584,6.416227053523151,0.15585483363636576,0,13.441450390656584,240
1,360,83.10208569888051,3.1692508802165342,15.93359402938242,6810,15.93359402938242,5.215526738389074,0.1917351880567429,0,15.93359402938242,DC_Charging
1,360,23.07420149003631,3.5256338957706377,21.04252471021502,6817,21.04252471021502,1.096550998884417,0.9119502886936915,0,21.04252471021502,DC_Charging
1,240,122.04902814201895,3.2476506705135724,8.224538170974114,6819,8.224538170974114,14.8396208522385,0.06738716642138157,0,8.224538170974114,240
1,120,277.0707238158873,3.870955613184752,7.20417591228626,6820,7.20417591228626,38.45973879446238,0.02600121663187127,0,7.20417591228626,120
1,120,271.49033637230053,3.9881169676150177,6.929958759494454,6821,6.929958759494454,39.17632785337181,0.02552561852511484,0,6.929958759494454,120
1,240,110.45970769041068,1.5854455717025664,4.561442658346053,6823,4.561442658346053,24.21595884545496,0.041295081742661936,0,4.561442658346053,240
1,120,282.2324490988178,3.5319712922817934,7.499351542351761,6824,7.499351542351761,37.63424710855881,0.026571542592985185,0,7.499351542351761,120
1,240,64.22816719440151,1.4617719462339518,4.76216774899342,6826,4.76216774899342,13.487170250980222,0.07414453746717714,0,4.76216774899342,240
1,120,198.2693306755132,2.467976025114257,4.768804183791644,6834,4.768804183791644,41.576320401117954,0.024052152531831815,0,4.768804183791644,120
1,360,29.54793024026532,1.9812165649782427,18.660419322252693,6837,18.660419322252693,1.583454783624781,0.6315305055385543,0,18.660419322252693,DC_Charging
1,240,95.53384866304368,2.7434069275892363,9.491714186066131,6839,9.491714186066131,10.064973174528127,0.09935446251667558,0,9.491714186066131,240
1,120,164.781858407858,4.085757182477992,4.135178705785677,6841,4.135178705785677,39.84878771437515,0.025094866302275427,0,4.135178705785677,120
1,120,132.6534571118798,6.204955384844633,2.8338712650500923,6842,2.8338712650500923,46.80997995494159,0.021362965781283848,0,2.8338712650500923,120
1,360,47.44882433356805,1.557824201769935,15.911827855527278,6847,15.911827855527278,2.981984518961836,0.3353471467209848,0,15.911827855527278,DC_Charging
1,360,42.98779119768952,2.644400648569728,36.5977200231209,6848,36.5977200231209,1.1746029853917577,0.8513514884916425,0,36.5977200231209,DC_Charging
1,360,81.61004470702179,3.821440586433723,31.280212108586056,6850,31.280212108586056,2.6089990829896186,0.3832887510462874,0,31.280212108586056,DC_Charging
1,240,83.30234963868854,1.431671338039662,11.06531529598199,6851,11.06531529598199,7.528240037492387,0.13283317150087767,0,11.06531529598199,240
1,240,69.86690643038634,2.104661955414388,5.32308388112979,6852,5.32308388112979,13.125268733424043,0.07618891622793661,0,5.32308388112979,240
1,120,464.1809709605284,5.155374674500155,11.533554490471914,6853,11.533554490471914,40.24613325787787,0.02484710751198086,0,11.533554490471914,120
1,240,56.40046727943035,0.9922155255630684,8.555610501685962,6855,8.555610501685962,6.592220072234018,0.1516939648619942,0,8.555610501685962,240
1,360,47.19291109458266,1.0661320648268509,10.481475569116014,6856,10.481475569116014,4.502506425110411,0.22209851704442105,0,10.481475569116014,DC_Charging
1,120,61.95289586798277,4.660815070800752,1.7947154889976389,6857,1.7947154889976389,34.519619542919244,0.028969033067026445,0,1.7947154889976389,120
1,120,169.16948668025606,3.156939924830861,4.840847388150777,6860,4.840847388150777,34.94625488387467,0.02861536961036223,0,4.840847388150777,120
1,120,118.6988484100034,2.65371372975962,3.289845128978172,6865,3.289845128978172,36.08037574913787,0.027715897610182026,0,3.289845128978172,120
1,120,349.1210020957423,9.687011182424907,6.377610872536721,6871,6.377610872536721,54.74165938833424,0.018267623071234588,0,6.377610872536721,120
1,120,107.379696389512,1.4495674476979143,4.024341085209585,6872,4.024341085209585,26.682553520167076,0.037477672414080794,0,4.024341085209585,120
1,360,43.37718921747009,1.2559019217125122,7.503739749552082,6873,7.503739749552082,5.780742758310533,0.17298815079816107,0,7.503739749552082,DC_Charging
1,360,43.84740097670355,1.1725898830526689,16.1415800624941,6874,16.1415800624941,2.7164255795865695,0.3681308288048873,0,16.1415800624941,DC_Charging
1,240,59.36730478259664,1.1654013600662614,5.9391232232589175,6887,5.9391232232589175,9.995971215094707,0.10004030408670253,0,5.9391232232589175,240
1,120,105.99344605744392,5.201614105877775,3.2934756002103285,6889,3.2934756002103285,32.1828545050326,0.03107244572862935,0,3.2934756002103285,120
1,240,63.94043071891925,1.3212881766377365,7.383018254314152,6898,7.383018254314152,8.660473063513917,0.11546713356952099,0,7.383018254314152,240
1,360,69.44560428315535,3.195856815583409,20.63109905980073,6900,20.63109905980073,3.3660642160585947,0.29708286467895256,0,20.63109905980073,DC_Charging
1,120,359.12730129392304,3.998926432347267,9.857126111643566,6902,9.857126111643566,36.433266372610355,0.0274474429432925,0,9.857126111643566,120
1,240,85.63696551011704,1.3176262018960878,4.3886122434502965,6905,4.3886122434502965,19.51344998363078,0.05124670423932562,0,4.3886122434502965,240
1,120,72.32383677729779,2.5958321984387034,2.685263420829415,6907,2.685263420829415,26.933609647488012,0.037128331964715544,0,2.685263420829415,120
1,120,494.19266190648193,7.458828638766608,9.864120597503671,6908,9.864120597503671,50.100022300168156,0.019960070955829568,0,9.864120597503671,120
1,240,63.46332116746534,4.609907035479634,8.994048190350483,6910,8.994048190350483,7.056146445329673,0.14172041464103693,0,8.994048190350483,240
1,360,36.89065763541184,1.9501445490377312,26.476382566325213,6912,26.476382566325213,1.3933420678976114,0.7176988501530581,0,26.476382566325213,DC_Charging
1,360,54.56288219519696,1.2249355701388849,9.434176213097857,6914,9.434176213097857,5.783534350296008,0.17290465300838387,0,9.434176213097857,DC_Charging
1,360,40.13870886171546,2.4453134839195,36.2750327486723,6916,36.2750327486723,1.106510616814938,0.9037418934835656,0,36.2750327486723,DC_Charging
1,120,158.07524827923476,2.232526229673628,5.3654837882722575,6922,5.3654837882722575,29.461508881035435,0.033942592826388014,0,5.3654837882722575,120
1,360,51.94902707526994,1.4826056133452228,10.37411021116334,6928,10.37411021116334,5.007564602443571,0.1996978729963911,0,10.37411021116334,DC_Charging
1,120,303.1832943116235,4.683322285376191,6.631918720933868,6929,6.631918720933868,45.71577352940342,0.02187428808038917,0,6.631918720933868,120
1,120,451.895694159512,5.204633289054212,11.1820899027703,6932,11.1820899027703,40.412454030400646,0.02474484720100741,0,11.1820899027703,120
1,120,53.16554980249321,2.999136180536829,1.0451064472470648,6935,1.0451064472470648,50.87094232605455,0.019657587500356375,0,1.0451064472470648,120
1,360,46.829309935259865,1.5540539210522304,25.847994625945447,6938,25.847994625945447,1.8117192692486093,0.5519618944135528,0,25.847994625945447,DC_Charging
1,360,76.984192576434,3.329230253824711,17.65630258965183,6939,17.65630258965183,4.360153672352308,0.229349714516025,0,17.65630258965183,DC_Charging
1,360,91.03765002354228,7.167242887345989,24.987972628831717,6940,24.987972628831717,3.643258753953527,0.27447954359948706,0,24.987972628831717,DC_Charging
1,360,82.1688908901713,5.644756019793123,33.169131302490754,6949,33.169131302490754,2.477269909206245,0.40367018397297494,0,33.169131302490754,DC_Charging
1,120,135.75174241455656,3.6232293793849646,4.709883967189114,6956,4.709883967189114,28.82273605045391,0.034694832518658535,0,4.709883967189114,120
1,120,90.54847301256407,7.706029720662981,0.1932530104056837,6959,0.1932530104056837,468.54883565581434,0.0021342492476805084,0,0.1932530104056837,120
1,360,32.881830667879974,1.3043942054457411,16.728209256935244,6962,16.728209256935244,1.9656515627485769,0.5087371632649363,0,16.728209256935244,DC_Charging
1,240,47.93229853232134,2.017832614141888,6.7259695754456885,6965,6.7259695754456885,7.126451880975861,0.1403222833328196,0,6.7259695754456885,240
1,360,40.8485637476872,1.7422245477451,29.47947339713204,6966,29.47947339713204,1.3856612429060968,0.7216771091199292,0,29.47947339713204,DC_Charging
1,240,92.0126507477881,2.752010824770057,14.109182313999485,6969,14.109182313999485,6.521472945777363,0.15333959188583268,0,14.109182313999485,240
1,120,251.71046860301084,12.833537531684778,2.8118969219729166,6974,2.8118969219729166,89.51625027079682,0.011171156041220298,0,2.8118969219729166,120
1,360,61.06974314462565,4.462718333482785,33.497006153952256,6989,33.497006153952256,1.8231403386902423,0.5485041270703316,0,33.497006153952256,DC_Charging
1,120,260.212284309933,2.8193540718236147,6.412483380610695,6997,6.412483380610695,40.579018901901875,0.02464327692144207,0,6.412483380610695,120
1,360,61.030069808773405,1.569102640183872,17.651706213229474,6998,17.651706213229474,3.4574600931797193,0.289229657913515,0,17.651706213229474,DC_Charging
1,360,70.97033257396927,3.950523699164972,15.747074406446174,6999,15.747074406446174,4.506890025547671,0.22188249421029113,0,15.747074406446174,DC_Charging
1,120,314.0523322979758,5.109455406154194,6.878166257054119,7000,6.878166257054119,45.65931100835046,0.02190133792901767,0,6.878166257054119,120
1,120,67.85254519776515,4.335548450221252,1.5536638566591847,7011,1.5536638566591847,43.67260325130254,0.02289765037009043,0,1.5536638566591847,120
1,120,591.2738074363785,6.665723876229039,11.805515088896954,7013,11.805515088896954,50.084541249070064,0.019966240581639896,0,11.805515088896954,120
1,120,141.43674392224602,2.016777203223993,3.72899059299759,7014,3.72899059299759,37.92896238135869,0.026365076638412855,0,3.72899059299759,120
1,360,65.56193400506507,1.528907210592026,13.659636715647594,7018,13.659636715647594,4.799683576501092,0.20834706789754404,0,13.659636715647594,DC_Charging
1,360,80.49885303189855,4.688755194906817,32.67073255111356,7019,32.67073255111356,2.46394392614116,0.40585339195040987,0,32.67073255111356,DC_Charging
1,120,179.83741504864966,2.5771595437374915,5.121651015127526,7022,5.121651015127526,35.11317239645463,0.02847934070750525,0,5.121651015127526,120
1,120,161.18674086850848,2.15987722254426,2.5456651405380626,7026,2.5456651405380626,63.318123936143216,0.01579326641150182,0,2.5456651405380626,120
1,360,65.13801393242845,3.57575649263125,29.849032053612238,7028,29.849032053612238,2.1822487850002377,0.45824289461107026,0,29.849032053612238,DC_Charging
1,240,106.96340212767775,3.526696527086936,11.707917030841784,7030,11.707917030841784,9.135989078664254,0.10945722366671296,0,11.707917030841784,240
1,360,37.30149543474334,1.862719612950561,16.754580133981634,7032,16.754580133981634,2.226346177370835,0.4491664459751416,0,16.754580133981634,DC_Charging
1,360,41.42717306153234,1.613460365294563,29.43575786050636,7033,29.43575786050636,1.4073757930015702,0.710542276606348,0,29.43575786050636,DC_Charging
1,120,44.52002028601396,3.740434056205653,1.6073382088666364,7034,1.6073382088666364,27.697979205885886,0.03610371690175497,0,1.6073382088666364,120
1,360,35.20845304235363,1.6498656140462742,7.154248606075285,7035,7.154248606075285,4.92133485722807,0.2031969026718998,0,7.154248606075285,DC_Charging
1,120,194.42134801538236,3.442850090891576,6.608861897902145,7036,6.608861897902145,29.418279730901574,0.03399247029898826,0,6.608861897902145,120
1,120,431.9073042194297,7.373738532973022,8.393887996477574,7039,8.393887996477574,51.454975858705296,0.01943446641090625,0,8.393887996477574,120
1,360,45.67863244422214,2.2040921246523792,32.72570587926647,7046,32.72570587926647,1.395802816683079,0.7164335736020031,0,32.72570587926647,DC_Charging
1,240,116.41661310785672,2.588707954608817,5.94735007091343,7049,5.94735007091343,19.5745351660419,0.051086781449339855,0,5.94735007091343,240
1,360,50.62055862206358,5.164674547644187,23.71705789451208,7050,23.71705789451208,2.1343523655932355,0.4685261984480495,0,23.71705789451208,DC_Charging
1,360,44.93448347080888,2.13388642989993,37.57209353727853,7057,37.57209353727853,1.1959536783923281,0.836152785904099,0,37.57209353727853,DC_Charging
1,120,296.770288929476,4.188735208941397,8.565577644036608,7058,8.565577644036608,34.6468505992808,0.028862652238317958,0,8.565577644036608,120
1,120,551.9808649700364,6.524851437869968,10.604736728862676,7062,10.604736728862676,52.0504071984854,0.019212145568557604,0,10.604736728862676,120
1,360,46.27930292721589,1.2245933056438192,14.397521666813605,7065,14.397521666813605,3.2143936990134927,0.3111006596070989,0,14.397521666813605,DC_Charging
1,240,88.12008246480788,1.4608806672992838,5.175550190094768,7066,5.175550190094768,17.026225082978925,0.05873292495115065,0,5.175550190094768,240
1,360,57.766513257419845,3.1415925277554937,28.0996695061545,7071,28.0996695061545,2.0557719814024007,0.48643527056819935,0,28.0996695061545,DC_Charging
1,360,49.42180984345103,1.6616537069231487,19.755397756883923,7073,19.755397756883923,2.5016863973912957,0.39973035830661197,0,19.755397756883923,DC_Charging
1,360,45.48721503324271,1.5522711870756165,24.634900974736052,7077,24.634900974736052,1.846454145681017,0.5415785722808598,0,24.634900974736052,DC_Charging
1,120,158.76413034706923,1.9376779148181824,6.267481027315526,7078,6.267481027315526,25.331409804852772,0.03947668162584574,0,6.267481027315526,120
1,120,142.9976157618484,3.072363700074888,5.338430116177619,7079,5.338430116177619,26.786454566204274,0.0373323015753519,0,5.338430116177619,120
1,120,85.58937221454043,1.3118135170201513,3.1620042463469105,7083,3.1620042463469105,27.068076304268896,0.03694388876250842,0,3.1620042463469105,120
1,240,85.10965209140393,1.3875634211030128,4.160983362548151,7087,4.160983362548151,20.45421590902096,0.048889676556067255,0,4.160983362548151,240
1,240,107.92594564507766,2.761096375356591,10.30377399442483,7089,10.30377399442483,10.474409250772995,0.09547077797501577,0,10.30377399442483,240
1,120,177.9793351382772,4.691014651285357,6.073109261324419,7092,6.073109261324419,29.306130925670786,0.03412255280426824,0,6.073109261324419,120
1,120,88.06128944902683,3.694333397363208,3.3061739227539846,7098,3.3061739227539846,26.635407424565653,0.03754400989855732,0,3.3061739227539846,120
1,120,152.4601806777464,2.3686147138220184,3.6105589592019527,7104,3.6105589592019527,42.226198879589795,0.02368198006293562,0,3.6105589592019527,120
1,360,50.84957194213376,2.246462126914701,25.07832639796034,7105,25.07832639796034,2.0276301988903627,0.49318657837472446,0,25.07832639796034,DC_Charging
1,120,396.1942423782784,7.576948016789957,8.027410244483363,7110,8.027410244483363,49.35517561850697,0.020261299599651807,0,8.027410244483363,120
1,120,232.61173207746145,2.893838116791204,5.800157777402532,7114,5.800157777402532,40.104380088369126,0.02493493223923476,0,5.800157777402532,120
1,360,22.53438306527747,3.369780363474731,19.947512968508263,7115,19.947512968508263,1.129683840830342,0.8852034205118651,0,19.947512968508263,DC_Charging
1,360,58.72071397602006,1.4655867820930262,12.936498472169989,7118,12.936498472169989,4.539150536162832,0.2203055377946001,0,12.936498472169989,DC_Charging
1,360,50.32597950728372,7.642157724168846,24.824534809233825,7119,24.824534809233825,2.027267777383054,0.49327474700499274,0,24.824534809233825,DC_Charging
1,240,86.56890283218478,1.6114920142467892,5.159621081225254,7121,5.159621081225254,16.778151238119076,0.059601322327340375,0,5.159621081225254,240
1,120,101.82341445008164,1.492246077965177,3.1729372938877702,7124,3.1729372938877702,32.09121549493919,0.031161175560885213,0,3.1729372938877702,120
1,120,104.24484837583296,5.490353259254535,0.5163899303738475,7126,0.5163899303738475,201.8723492542999,0.004953625415733848,0,0.5163899303738475,120
1,120,97.93346409250704,1.8963728332667744,2.912076278381221,7128,2.912076278381221,33.630116360463866,0.02973525245293581,0,2.912076278381221,120
1,240,129.71842446090275,2.750124891928453,6.551690302764641,7130,6.551690302764641,19.79923019349144,0.05050701417314335,0,6.551690302764641,240
1,360,45.21868280550432,1.552855687131764,12.257916768975036,7131,12.257916768975036,3.688937007628691,0.2710808013072623,0,12.257916768975036,DC_Charging
1,360,37.55383108746513,1.5452788475970574,28.722411897232888,7133,28.722411897232888,1.3074748465355397,0.7648330693701174,0,28.722411897232888,DC_Charging
1,120,82.57520614982734,6.243830009850427,1.2406439608815276,7134,1.2406439608815276,66.5583428876358,0.015024412517123602,0,1.2406439608815276,120
1,120,894.4359818554038,10.691044562994856,14.22655644814722,7136,14.22655644814722,62.87087006018872,0.015905617323931753,0,14.22655644814722,120
1,360,41.06230706184502,1.704040439376894,24.27926467582502,7138,24.27926467582502,1.6912500279603178,0.5912786302839093,0,24.27926467582502,DC_Charging
1,360,40.64338384402056,2.2631401905836968,33.78660284886743,7144,33.78660284886743,1.202943782949252,0.83129404231036,0,33.78660284886743,DC_Charging
1,240,81.4259221893075,1.66270471515909,8.290985786645152,7147,8.290985786645152,9.821018185855017,0.10182243643945967,0,8.290985786645152,240
1,240,144.38254242376755,2.255722904242985,6.772374658419963,7157,6.772374658419963,21.31933770738149,0.04690577229581412,0,6.772374658419963,240
1,360,58.14228482838963,2.656249498457561,35.69310817864897,7158,35.69310817864897,1.628949895239703,0.6138924241453406,0,35.69310817864897,DC_Charging
1,360,95.76542475559664,5.63426319594697,33.40088193398904,7159,33.40088193398904,2.8671525783319174,0.34877808999679766,0,33.40088193398904,DC_Charging
1,240,37.144522862527936,2.6668944789920275,2.209921492483943,7163,2.209921492483943,16.80807349440167,0.059495218195772054,0,2.209921492483943,240
1,360,43.86120391486752,1.3946025170639182,18.521170766254343,7168,18.521170766254343,2.368165839428619,0.4222677243926784,0,18.521170766254343,DC_Charging
1,240,149.90533550843037,1.4187097543148997,6.189825580730556,7174,6.189825580730556,24.218022552218304,0.04129156283688417,0,6.189825580730556,240
1,120,827.735772413224,11.791821420167487,11.776979251941484,7175,11.776979251941484,70.28421759992219,0.01422794525070031,0,11.776979251941484,120
1,240,122.50940797353518,1.5574152806700934,5.062164578241067,7177,5.062164578241067,24.20099269394025,0.04132061906082029,0,5.062164578241067,240
1,120,754.1296522403325,9.85060427738052,11.310338797076724,7178,11.310338797076724,66.67613285246992,0.014997870410580606,0,11.310338797076724,120
1,240,127.7129906480637,3.643431701904103,13.151162573924296,7179,13.151162573924296,9.71115594763378,0.10297435293927702,0,13.151162573924296,240
1,120,636.5479152525072,12.101684993771729,9.132580644225044,7183,9.132580644225044,69.70077134276674,0.014347043522406813,0,9.132580644225044,120
1,360,36.91046488844577,1.999786725243577,32.493863653310484,7184,32.493863653310484,1.1359210859704991,0.8803428445433145,0,32.493863653310484,DC_Charging
1,120,309.99075339814806,2.892241880422141,8.97279827616596,7187,8.97279827616596,34.54783489578302,0.028945373943594428,0,8.97279827616596,120
1,240,86.3877659260286,1.791810369621941,8.059917950195114,7201,8.059917950195114,10.718194212378718,0.09329929838788276,0,8.059917950195114,240
1,120,146.79899052529132,4.382022456493354,3.487289472686399,7202,3.487289472686399,42.095441653200695,0.023755541235044052,0,3.487289472686399,120
1,120,163.78860574300322,2.442545077507135,3.3585909328603947,7204,3.3585909328603947,48.76706006096139,0.02050564456315282,0,3.3585909328603947,120
1,120,122.99735691276412,2.7213155022974878,3.9528391208277327,7205,3.9528391208277327,31.11620613768066,0.03213759401050613,0,3.9528391208277327,120
1,120,270.80982284129647,4.118778001558403,6.396038012070562,7208,6.396038012070562,42.340245997635705,0.023618190599455666,0,6.396038012070562,120
1,360,45.77262405537979,2.0184010884357244,33.84457381381753,7217,33.84457381381753,1.3524361189235143,0.7394064577304845,0,33.84457381381753,DC_Charging
1,240,83.31635848109791,1.945534764925132,9.70990883782602,7218,9.70990883782602,8.580550020874536,0.11654264558416724,0,9.70990883782602,240
1,240,80.10723786461854,1.5791493842944957,5.337913856507001,7223,5.337913856507001,15.007218178870863,0.06663460130192093,0,5.337913856507001,240
1,120,694.7669876569802,13.419609873611543,8.235662734199238,7225,8.235662734199238,84.36078674906217,0.011853848672305286,0,8.235662734199238,120
1,360,70.96097863825025,2.1829534397353694,30.363268319401257,7226,30.363268319401257,2.3370665467165215,0.42788683163727503,0,30.363268319401257,DC_Charging
1,120,686.8321439971772,7.934078783847045,13.565269443918282,7227,13.565269443918282,50.63166248460363,0.019750487164115652,0,13.565269443918282,120
1,120,222.42217810088627,4.593682624159128,5.718322292839247,7229,5.718322292839247,38.89640469887712,0.02570931703692574,0,5.718322292839247,120
1,120,349.7900144038969,6.608816570370795,6.287598500932219,7230,6.287598500932219,55.63173512940369,0.017975351616733203,0,6.287598500932219,120
1,120,493.4684084307792,10.008258330488134,8.094091009683083,7232,8.094091009683083,60.96650109820059,0.016402450230648298,0,8.094091009683083,120
1,120,272.60810227583005,3.131459314971303,7.008255367283269,7233,7.008255367283269,38.8981405484238,0.02570816974541785,0,7.008255367283269,120
1,120,119.0704393894195,1.645268685764979,3.55768397680707,7234,3.55768397680707,33.46852620009329,0.029878817908546348,0,3.55768397680707,120
1,120,116.83647392537002,1.480570517639034,4.25835659784353,7237,4.25835659784353,27.43698683772445,0.03644715091764564,0,4.25835659784353,120
1,240,32.760909722914924,2.876333053344062,4.177487018470458,7238,4.177487018470458,7.842252909001253,0.12751437776920083,0,4.177487018470458,240
1,240,99.26838543768936,1.2077228447734556,5.646428970319988,7243,5.646428970319988,17.580737481952905,0.05688043525059894,0,5.646428970319988,240
1,120,189.88204185136453,3.257414762442781,5.608234081462456,7244,5.608234081462456,33.85772403455904,0.029535357987420723,0,5.608234081462456,120
1,120,115.12960126834211,1.5344487783132656,3.1681410750122723,7245,3.1681410750122723,36.33979628508056,0.02751804088705235,0,3.1681410750122723,120
1,120,110.19462803564404,1.8157093600165213,3.1557008823039325,7248,3.1557008823039325,34.91922464945173,0.028637520163715926,0,3.1557008823039325,120
1,360,21.911188128582985,2.0912624809425293,10.186075116290723,7264,10.186075116290723,2.151092337179031,0.46488009032258104,0,10.186075116290723,DC_Charging
1,360,67.76402843341788,1.7312000560262415,23.475265179743204,7268,23.475265179743204,2.886613970686535,0.34642664732969686,0,23.475265179743204,DC_Charging
1,120,504.6131816165969,8.973037055388657,8.681094908723878,7269,8.681094908723878,58.12782683777559,0.01720346440596897,0,8.681094908723878,120
1,240,64.84132062227185,4.378075540175675,4.980970254881626,7270,4.980970254881626,13.017809242832513,0.07681784095512006,0,4.980970254881626,240
1,120,298.58301107607895,2.71414406171706,8.512178075202229,7273,8.512178075202229,35.07715750753785,0.028508581397597755,0,8.512178075202229,120
1,120,230.6771440324816,8.966977556162407,3.7753124082830425,7274,3.7753124082830425,61.101471636195065,0.01636621791949809,0,3.7753124082830425,120
1,360,44.26004043818218,2.1623097923772114,24.868650030765792,7277,24.868650030765792,1.7797524346286062,0.5618758994470359,0,24.868650030765792,DC_Charging
1,120,638.9088133301148,11.699437655342445,8.701736968780082,7279,8.701736968780082,73.42313559032857,0.013619685293469293,0,8.701736968780082,120
1,120,531.8755508334665,7.893548750426732,11.14882446109037,7287,11.14882446109037,47.70687283576159,0.0209613403805078,0,11.14882446109037,120
1,240,89.63800856180097,3.304722812784156,12.913966235577774,7289,12.913966235577774,6.941167951550753,0.1440679734275247,0,12.913966235577774,240
1,360,41.562047695983885,2.59918757040911,36.19250614229189,7291,36.19250614229189,1.1483605896917304,0.8708066168209789,0,36.19250614229189,DC_Charging
1,120,209.8773884134517,2.322406101218073,6.480613003595721,7293,6.480613003595721,32.38542222734219,0.03087809054889287,0,6.480613003595721,120
1,120,82.28988904922838,2.326418001121387,1.2320007747829609,7296,1.2320007747829609,66.79369910601332,0.014971472060752684,0,1.2320007747829609,120
1,240,51.0492291997902,1.0111706563384173,7.6815578990076,7297,7.6815578990076,6.645686964930041,0.1504735334777429,0,7.6815578990076,240
1,240,31.133696270821144,2.5587998316695346,3.03476289107509,7298,3.03476289107509,10.259021013596147,0.09747518780541661,0,3.03476289107509,240
1,240,162.00135689304392,5.899585364549419,6.724628965655839,7300,6.724628965655839,24.090750243681924,0.041509707663100345,0,6.724628965655839,240
1,360,41.471677793428135,3.479739986872729,31.318498591901275,7301,31.318498591901275,1.3241911221169587,0.7551779975698066,0,31.318498591901275,DC_Charging
1,360,42.73414658226491,2.588095101280889,37.41738217146802,7302,37.41738217146802,1.1420934363187787,0.8755851038100898,0,37.41738217146802,DC_Charging
1,240,61.073129534089965,1.1854881562109396,6.176694266205089,7305,6.176694266205089,9.887672418601479,0.10113603663878672,0,6.176694266205089,240
1,360,44.72140199172552,1.1114824186107797,12.02354320527921,7307,12.02354320527921,3.7194861138844306,0.26885434422435683,0,12.02354320527921,DC_Charging
1,240,93.94737851350588,1.556646220186455,4.301747390482845,7311,4.301747390482845,21.839352706147828,0.045788902878907106,0,4.301747390482845,240
1,360,35.89223162639172,1.868907846597132,9.283869708025437,7315,9.283869708025437,3.8660852376423054,0.25865958418698504,0,9.283869708025437,DC_Charging
1,360,34.503598688055575,2.325692791350005,30.590231058792924,7317,30.590231058792924,1.127928671795298,0.8865808849493321,0,30.590231058792924,DC_Charging
1,360,46.56709823248254,2.546428647594737,37.81634264886732,7318,37.81634264886732,1.2314014251686851,0.8120828671795745,0,37.81634264886732,DC_Charging
1,360,66.17219741977694,4.598766489064482,20.278385456766955,7319,20.278385456766955,3.263188657738779,0.30644872389724115,0,20.278385456766955,DC_Charging
1,120,101.59439009942687,2.271764868423338,3.5346105002375907,7324,3.5346105002375907,28.74273985566383,0.034791394453752726,0,3.5346105002375907,120
1,120,105.80458774208572,1.4220064825616852,3.4758318387060285,7325,3.4758318387060285,30.44007669297209,0.03285142840099601,0,3.4758318387060285,120
1,240,71.3695661983286,1.520064335834769,9.524871379750609,7331,9.524871379750609,7.4929690231887704,0.13345844576499152,0,9.524871379750609,240
1,360,45.7296636053244,1.3331364982037353,15.392079268738982,7332,15.392079268738982,2.970986752790474,0.3365885085353405,0,15.392079268738982,DC_Charging
1,120,608.2247273634039,8.999655318265,12.017439683689377,7335,12.017439683689377,50.61183940776624,0.019758222813110262,0,12.017439683689377,120
1,360,24.31375791628149,3.491763535180477,16.492603331445025,7341,16.492603331445025,1.4742219543911872,0.6783239097893996,0,16.492603331445025,DC_Charging
1,360,36.92169034668089,1.8216091299414985,34.85597646918933,7342,34.85597646918933,1.0592642664685505,0.9440514814436912,0,34.85597646918933,DC_Charging
1,360,20.215202658529943,2.64603774182732,14.324096218820216,7343,14.324096218820216,1.4112724705080864,0.7085803917368133,0,14.324096218820216,DC_Charging
1,360,43.91082316114427,1.2606894861223945,18.355134994765564,7344,18.355134994765564,2.39229094058238,0.41800935790717814,0,18.355134994765564,DC_Charging
1,240,108.14172594052022,1.8746371446768688,4.396014740985578,7347,4.396014740985578,24.59994615856885,0.04065049547483143,0,4.396014740985578,240
1,360,35.37745262861655,4.213128180251161,5.801698229645538,7348,5.801698229645538,6.097775380292053,0.1639942335744261,0,5.801698229645538,DC_Charging
1,120,296.24499778460154,15.797139842282132,2.83024079381795,7350,2.83024079381795,104.6713051524396,0.009553716737778661,0,2.83024079381795,120
1,120,203.87222051163155,2.4489027263552763,4.113229343015135,7354,4.113229343015135,49.56500197535457,0.020175526281573326,0,4.113229343015135,120
1,120,182.7391794565506,10.907889681143637,1.0353558008873165,7355,1.0353558008873165,176.49891882572174,0.0056657570859537,0,1.0353558008873165,120
1,360,43.26867032642809,1.0781338638857487,10.02914050318897,7356,10.02914050318897,4.314294960038692,0.23178758273658498,0,10.02914050318897,DC_Charging
1,240,60.08952495387618,1.256795666149074,9.048222148690796,7358,9.048222148690796,6.641031129255667,0.1505790261386835,0,9.048222148690796,240
1,240,60.69283910030624,1.1408836167499352,7.575158446245126,7363,7.575158446245126,8.012088398017683,0.1248114037592765,0,7.575158446245126,240
1,360,43.4722434416084,1.1244826578830935,11.609644504507244,7364,11.609644504507244,3.7444939356007887,0.2670587847646104,0,11.609644504507244,DC_Charging
1,360,34.64305469196698,2.313152015966359,32.49906788386116,7366,32.49906788386116,1.065970716937716,0.9381120739158442,0,32.49906788386116,DC_Charging
1,120,130.66386321848944,1.9741234921365876,4.598988059230848,7375,4.598988059230848,28.411437806677444,0.035197092340218464,0,4.598988059230848,120
1,120,638.4169963325618,14.342799447078423,7.946474050959253,7378,7.946474050959253,80.33965658712441,0.01244715303102583,0,7.946474050959253,120
1,360,95.33905589318452,4.863209882349011,30.975727150911524,7379,30.975727150911524,3.077863367942889,0.32490071210287574,0,30.975727150911524,DC_Charging
1,240,66.94991246204981,3.3086535272322464,9.019836193575188,7380,9.019836193575188,7.422519769232406,0.13472513797068864,0,9.019836193575188,240
1,360,47.18153488502503,1.1393476090699957,8.401531970310401,7383,8.401531970310401,5.6158251913766,0.178068220772889,0,8.401531970310401,DC_Charging
1,360,27.507672871925177,2.015162123376169,4.485410931692883,7386,4.485410931692883,6.132698495373586,0.1630603560169124,0,4.485410931692883,DC_Charging
1,120,853.3094914987824,10.877884523094098,14.300947801330809,7392,14.300947801330809,59.66803762610585,0.016759391456213767,0,14.300947801330809,120
1,360,51.499512369559405,1.1779973450816046,15.425511245796528,7395,15.425511245796528,3.338593551224637,0.2995273262997791,0,15.425511245796528,DC_Charging
1,360,52.612902807874455,2.0010543454316307,36.05353236966663,7396,36.05353236966663,1.4592995290564077,0.6852602773377213,0,36.05353236966663,DC_Charging
1,120,316.529566274227,3.765012292372021,9.395265222116564,7397,9.395265222116564,33.6903279248693,0.029682109424106456,0,9.395265222116564,120
1,120,325.151306496641,11.58413881148579,4.910226026467953,7398,4.910226026467953,66.21921368669263,0.015101357209274134,0,4.910226026467953,120
1,120,363.1409045045756,6.255538326130304,6.451211182676616,7399,6.451211182676616,56.29034521141005,0.01776503583774967,0,6.451211182676616,120
1,360,33.04493256825717,1.6287873339256662,32.270523058382096,7406,32.270523058382096,1.0239974266445588,0.9765649541491586,0,32.270523058382096,DC_Charging
1,360,57.84571285466336,1.7397439006252162,19.81307728492318,7407,19.81307728492318,2.9195723623750878,0.34251591530565617,0,19.81307728492318,DC_Charging
1,360,47.96522482727564,2.28206555922904,33.28293325278851,7412,33.28293325278851,1.4411357455478182,0.6938971592990849,0,33.28293325278851,DC_Charging
1,360,52.7917490293007,2.344268939262796,28.430483707031016,7413,28.430483707031016,1.8568712925642208,0.5385402876356948,0,28.430483707031016,DC_Charging
1,240,78.2147204692051,1.38555236404029,4.194790044205348,7415,4.194790044205348,18.645681820774403,0.05363172071754615,0,4.194790044205348,240
1,360,51.94444202894855,1.5129687974912198,11.553397180715535,7418,11.553397180715535,4.4960318784549465,0.2224183517897227,0,11.553397180715535,DC_Charging
1,240,96.63040642929836,3.078293584344427,5.113007829028959,7420,5.113007829028959,18.898935745938413,0.052913032429083254,0,5.113007829028959,240
1,240,101.5897940225209,1.4461940247314986,4.479815343004802,7423,4.479815343004802,22.67722802038093,0.04409710036435053,0,4.479815343004802,240
1,240,40.52349977400549,2.4539814841495637,3.074365003873524,7424,3.074365003873524,13.181095843515067,0.07586622628891569,0,3.074365003873524,240
1,120,308.3337536908422,11.130107480133915,4.964091894359683,7425,4.964091894359683,62.11282148929962,0.01609973554610256,0,4.964091894359683,120
1,120,579.6275691683669,9.812846172518135,9.544247770936892,7427,9.544247770936892,60.73056599948986,0.0164661728989715,0,9.544247770936892,120
1,120,642.7004517642401,10.796645531258882,9.756030810658345,7428,9.756030810658345,65.87724703186646,0.01517974786524208,0,9.756030810658345,120
1,240,72.35939202824228,1.6368224045980937,7.965134340021748,7431,7.965134340021748,9.084516210186697,0.1100774082915582,0,7.965134340021748,240
1,360,46.62899084252896,1.5443889775206143,25.83701994456017,7432,25.83701994456017,1.8047356445357552,0.5540977721738505,0,25.83701994456017,DC_Charging
1,360,62.299256223615934,1.4182064397139746,10.863216288469246,7433,10.863216288469246,5.734881325132359,0.17437152458894525,0,10.863216288469246,DC_Charging
1,360,47.9790387960242,0.940410223659826,9.27169597192129,7436,9.27169597192129,5.174785599239396,0.19324472112370855,0,9.27169597192129,DC_Charging
1,240,93.06085778499208,1.3807664726495503,4.096276041573262,7438,4.096276041573262,22.718404922059424,0.04401717477220447,0,4.096276041573262,240
1,120,220.85832064972575,4.949671511624754,5.458668658820457,7441,5.458668658820457,40.46010748295724,0.024715703002549456,0,5.458668658820457,120
1,360,65.44100202951545,1.7716136825357032,16.013114672196764,7442,16.013114672196764,4.086712883105702,0.24469543826627943,0,16.013114672196764,DC_Charging
1,120,695.921169197051,8.951211728194178,12.158794912214631,7448,12.158794912214631,57.23603154930543,0.017471511789536973,0,12.158794912214631,120
1,240,122.67311655606396,3.2934484248376164,11.444732846817402,7449,11.444732846817402,10.718740070038193,0.09329454707044098,0,11.444732846817402,240
1,360,96.35488448780136,2.7013363076997527,16.808812379704122,7450,16.808812379704122,5.732402879583897,0.1744469153697355,0,16.808812379704122,DC_Charging
1,240,88.82719441208215,1.8272026493097893,6.66199501013233,7451,6.66199501013233,13.333422537390604,0.07499949823053484,0,6.66199501013233,240
1,240,91.59508429186629,1.403216892627788,4.29961573764929,7457,4.29961573764929,21.30308610832829,0.046941555552791815,0,4.29961573764929,240
1,120,318.2177163523708,3.8761916347784178,8.604646843626654,7468,8.604646843626654,36.98207749084675,0.02704012505104682,0,8.604646843626654,120
1,120,632.9244123421865,9.91155359748664,9.4236844843077,7488,9.4236844843077,67.16315825260608,0.014889115193763208,0,9.4236844843077,120
1,360,111.29148730454372,5.986974726966404,31.60682129117764,7489,31.60682129117764,3.521122427316294,0.2840003495028071,0,31.60682129117764,DC_Charging
1,120,209.9203194486149,8.552256891437004,3.358149614109692,7497,3.358149614109692,62.51071082914472,0.015997258497559178,0,3.358149614109692,120
1,360,49.63753130910918,1.940350871085795,27.72496490650577,7498,27.72496490650577,1.790355063622156,0.5585484244543373,0,27.72496490650577,DC_Charging
1,360,56.60592294771135,4.600989315129167,15.524449913641549,7499,15.524449913641549,3.6462433942970787,0.2742548677809205,0,15.524449913641549,DC_Charging
1,240,72.67045451323767,1.1330854984202452,6.4430176420976295,7513,6.4430176420976295,11.278947001234444,0.08866075883595811,0,6.4430176420976295,240
1,360,45.87943320581277,1.0790703143372595,18.3719300875987,7514,18.3719300875987,2.49725711926054,0.40043934294443373,0,18.3719300875987,DC_Charging
1,240,64.53500128864341,1.1076793819393405,8.763854664632944,7515,8.763854664632944,7.363768998712204,0.135800023082593,0,8.763854664632944,240
1,120,240.9422354522216,2.632724031599916,7.430106132336675,7516,7.430106132336675,32.427832275990426,0.03083770729690126,0,7.430106132336675,120
1,360,44.37926634998431,1.153662841388183,15.868561964421176,7523,15.868561964421176,2.796678517529619,0.357567018780309,0,15.868561964421176,DC_Charging
1,360,33.60887488148001,1.5130728768926007,14.386613599579391,7524,14.386613599579391,2.3361213289597633,0.4280599588743465,0,14.386613599579391,DC_Charging
1,360,79.89479615944049,3.095774344987185,12.827784177658572,7540,12.827784177658572,6.228261643081644,0.1605584442828924,0,12.827784177658572,DC_Charging
1,120,170.61669937640482,1.944606327354776,2.977649583319746,7544,2.977649583319746,57.299119524395586,0.017452275153621542,0,2.977649583319746,120
1,360,57.95113950516303,0.9333762348099864,9.954274524179157,7546,9.954274524179157,5.821734106729567,0.17177012581939485,0,9.954274524179157,DC_Charging
1,120,135.64562819095175,1.732618071829827,4.420628669798063,7547,4.420628669798063,30.68469177646358,0.03258954032469836,0,4.420628669798063,120
1,360,53.82146880675813,1.4324064978722584,12.772594353514748,7548,12.772594353514748,4.213824327079456,0.23731411714856335,0,12.772594353514748,DC_Charging
1,360,40.440156353823575,1.3411451527844418,20.614978435246957,7553,20.614978435246957,1.9616880260558527,0.5097650527085025,0,20.614978435246957,DC_Charging
1,120,319.00362344212084,4.907271923339705,7.281848012409,7560,7.281848012409,43.808058462426935,0.02282685047221791,0,7.281848012409,120
1,120,132.33773236647102,1.72410187607352,4.741467401555056,7566,4.741467401555056,27.910712266643085,0.035828537460691375,0,4.741467401555056,120
1,120,131.02604878612522,6.389546102787468,1.6751264343275238,7569,1.6751264343275238,78.21860254908184,0.012784682510436112,0,1.6751264343275238,120
1,240,113.07583143389849,3.0562805267914506,7.951869797194192,7570,7.951869797194192,14.2200305485129,0.07032333697093061,0,7.951869797194192,240
1,240,56.62985931623759,2.4707859928442635,5.476987550358842,7571,5.476987550358842,10.33959978830467,0.09671554223318395,0,5.476987550358842,240
1,240,54.09357126703708,3.8657449510391375,5.504132816911167,7579,5.504132816911167,9.827809950522512,0.10175206938620474,0,5.504132816911167,240
1,120,154.69110905417642,3.220355451260057,5.704366628194563,7580,5.704366628194563,27.118016624246376,0.03687585319591161,0,5.704366628194563,120
1,120,712.3966268065853,12.26295558594323,10.595327480027052,7583,10.595327480027052,67.23686720863549,0.01487279288157504,0,10.595327480027052,120
1,120,197.60671610641168,2.231057671081216,5.0714905593878825,7584,5.0714905593878825,38.964228325461455,0.025664565756241164,0,5.0714905593878825,120
1,240,65.86448823249215,1.0398127440551497,6.472885762074071,7585,6.472885762074071,10.175444253690575,0.09827580743094393,0,6.472885762074071,240
1,120,109.29669432895734,1.3219042879503102,4.359060540691345,7586,4.359060540691345,25.073451792808303,0.03988282141060551,0,4.359060540691345,120
1,120,112.54223793570108,1.7861337276183678,3.6292608821088654,7587,3.6292608821088654,31.00968533028296,0.03224798927654501,0,3.6292608821088654,120
1,120,147.42470411213026,6.900282568842279,1.9431901049162263,7589,1.9431901049162263,75.86736044978262,0.013180898795891419,0,1.9431901049162263,120
1,360,67.20354972375137,4.459153217744113,27.6782100992385,7590,27.6782100992385,2.4280309125047186,0.4118563708764382,0,27.6782100992385,DC_Charging
1,120,99.65869899598962,2.1979609497639263,3.5089890323905024,7605,3.5089890323905024,28.40097192555117,0.03521006262114367,0,3.5089890323905024,120
1,120,153.7714377421553,2.5415004615232606,3.3457760355524044,7607,3.3457760355524044,45.95987182291085,0.021758111159515967,0,3.3457760355524044,120
1,240,39.15372545842988,2.5154980457985725,3.5603069090046238,7608,3.5603069090046238,10.997289407664105,0.0909314980201477,0,3.5603069090046238,240
1,240,99.21777711566249,3.049753638849016,9.707210964708551,7609,9.707210964708551,10.221038512130594,0.09783741630688252,0,9.707210964708551,240
1,360,27.71309177159093,3.298885560942918,29.280088916274508,7611,29.280088916274508,0.9464825004744911,1.0565435700065025,0,29.280088916274508,DC_Charging
1,240,56.46372400510246,1.2258343336328736,8.722387355605164,7613,8.722387355605164,6.473425417046842,0.15447772015209177,0,8.722387355605164,240
1,240,110.2973227780308,1.599854140878168,6.218303130303852,7615,6.218303130303852,17.737527500149582,0.056377643388660956,0,6.218303130303852,240
1,120,523.1143251922489,8.551087539110153,10.150053514111164,7616,10.150053514111164,51.538085436198585,0.019403126669071687,0,10.150053514111164,120
1,360,56.45114546182623,2.170701480287873,30.604303298201955,7618,30.604303298201955,1.8445492750407688,0.5421378618242105,0,30.604303298201955,DC_Charging
1,120,286.23172725696986,4.973777075856593,7.121815841283478,7619,7.121815841283478,40.19083526391575,0.024881294290935593,0,7.121815841283478,120
1,120,227.99605014585117,3.268077001490505,6.589460526409226,7620,6.589460526409226,34.600108648058374,0.02890164334949613,0,6.589460526409226,120
1,120,273.03855980825773,7.432010318022296,5.588507965983169,7621,5.588507965983169,48.857147823752435,0.020467834176636876,0,5.588507965983169,120
1,360,39.41936031928676,1.6570687539367672,17.247932863416892,7627,17.247932863416892,2.285454183492085,0.43754979085690476,0,17.247932863416892,DC_Charging
1,360,63.05741036257703,2.174186995536825,31.276490042896214,7628,31.276490042896214,2.0161280973693905,0.4960002299976787,0,31.276490042896214,DC_Charging
1,120,381.411141176472,6.719113967528266,8.014953398237267,7629,8.014953398237267,47.58744339803098,0.021013946717746493,0,8.014953398237267,120
1,120,294.27534718812154,4.187735624030673,6.981426517948421,7630,6.981426517948421,42.15117733196424,0.0237241297467076,0,6.981426517948421,120
1,240,115.40851327616494,1.8336362003948092,5.9208709458715845,7631,5.9208709458715845,19.49181367593145,0.05130358911827702,0,5.9208709458715845,240
1,360,53.32847889037874,1.9255270409483385,10.04223851063891,7632,10.04223851063891,5.310417476529928,0.18830911212152876,0,10.04223851063891,DC_Charging
1,120,353.01397483349024,10.901772418730156,6.33051466774532,7633,6.33051466774532,55.76386650395676,0.017932759377957488,0,6.33051466774532,120
1,360,50.52670673164386,2.7015846189619306,25.751320839236072,7638,25.751320839236072,1.962101557705681,0.5096576148531868,0,25.751320839236072,DC_Charging
1,240,107.6637854183617,1.7235348106379085,6.734204749869079,7641,6.734204749869079,15.987602013504981,0.06254846719071966,0,6.734204749869079,240
1,360,47.61072757708817,1.5522534002405242,25.97039812849735,7642,25.97039812849735,1.8332690681720762,0.5454736663380703,0,25.97039812849735,DC_Charging
1,360,43.678368298686905,1.652600031753958,24.36482222607813,7643,24.36482222607813,1.7926815920674817,0.557823544585355,0,24.36482222607813,DC_Charging
1,360,79.32394870027413,4.443626895674155,33.707998150630004,7650,33.707998150630004,2.3532678608145576,0.424941000831865,0,33.707998150630004,DC_Charging
1,360,62.99488165548682,1.8084533879425864,17.20300994530345,7651,17.20300994530345,3.661852306996131,0.2730858363919964,0,17.20300994530345,DC_Charging
1,120,203.0024074418863,2.7375624553495954,4.319175317750961,7654,4.319175317750961,47.00027030798827,0.02127647337870816,0,4.319175317750961,120
1,120,814.9310580308805,26.137766143233492,4.879192158848156,7659,4.879192158848156,167.02171824756817,0.005987245314515018,0,4.879192158848156,120
1,120,327.7409641908735,3.3481656605849084,8.311436331017092,7666,8.311436331017092,39.43253020753959,0.025359772622675823,0,8.311436331017092,120
1,360,87.52100406285435,5.240749017440661,27.47785138642189,7669,27.47785138642189,3.185147296709765,0.3139572229620254,0,27.47785138642189,DC_Charging
1,360,52.38059134301656,4.651276043973007,17.6530551497882,7670,17.6530551497882,2.9672252705586213,0.3370151939329285,0,17.6530551497882,DC_Charging
1,240,41.255114326480815,2.6661902259867443,1.7745314012298934,7674,1.7745314012298934,23.248455506556656,0.043013610074784304,0,1.7745314012298934,240
1,120,151.10452183356435,1.857908890433604,4.223459109462908,7676,4.223459109462908,35.77743217520582,0.027950580553207278,0,4.223459109462908,120
1,240,119.87317915122996,1.879754998286903,5.383702758584064,7681,5.383702758584064,22.265935644403424,0.04491165410564507,0,5.383702758584064,240
1,360,33.80956901408643,1.4086440786718757,11.383772571839003,7697,11.383772571839003,2.96997931052523,0.3367026822227774,0,11.383772571839003,DC_Charging
1,240,124.2600058678156,4.055668197364059,13.933662352755135,7700,13.933662352755135,8.917971651813808,0.11213312163832814,0,13.933662352755135,240
1,240,56.17279233695518,1.250376115592666,4.113179382401853,7705,4.113179382401853,13.656781558637883,0.07322369444852857,0,4.113179382401853,240
1,240,65.67461510335312,1.501951702278043,9.197646016261828,7712,9.197646016261828,7.140372111216024,0.14004872357131223,0,9.197646016261828,240
1,360,61.17415130448297,1.3919633733937082,12.988973769658555,7714,12.988973769658555,4.709698578911755,0.21232781318057609,0,12.988973769658555,DC_Charging
1,120,179.22537938668285,3.820055326583872,5.178556153660836,7715,5.178556153660836,34.6091408625519,0.028894100664660798,0,5.178556153660836,120
1,120,196.3288302372016,13.996387977827178,0.9932140235801512,7716,0.9932140235801512,197.6702156595739,0.005058931092189388,0,0.9932140235801512,120
1,240,61.81372665927029,2.507633270864107,3.517457356342561,7717,3.517457356342561,17.573411813453788,0.05690414648078888,0,3.517457356342561,240
1,360,39.37629691710868,2.508313925494119,19.524013503216395,7718,19.524013503216395,2.0168136490287623,0.49583163049375956,0,19.524013503216395,DC_Charging
1,120,214.32077261401136,16.065531560742567,1.0843838160591304,7719,1.0843838160591304,197.64290967832432,0.00505963002481374,0,1.0843838160591304,120
1,240,82.65276586683079,1.6968249719769313,9.267624181938444,7721,9.267624181938444,8.918441689501364,0.11212721177256592,0,9.267624181938444,240
1,360,37.11759720558206,1.8758970161446844,27.90041825359907,7722,27.90041825359907,1.3303598845079678,0.7516763032657504,0,27.90041825359907,DC_Charging
1,360,44.539445145449314,1.3996456131343815,9.712406868490348,7727,9.712406868490348,4.585829830703162,0.21806304135072244,0,9.712406868490348,DC_Charging
1,360,36.769519755616834,2.538239306946659,6.475142316440838,7731,6.475142316440838,5.678565498437997,0.1761008128329364,0,6.475142316440838,DC_Charging
1,240,72.49013387034,1.5321010921883778,8.384395479953142,7738,8.384395479953142,8.645839052280145,0.11566257409525482,0,8.384395479953142,240
1,240,105.68514857231516,3.1208256053026378,12.590554532236524,7739,12.590554532236524,8.394002686833346,0.11913267571007317,0,12.590554532236524,240
1,360,67.43165485902493,1.1380565666139495,13.09997792561228,7743,13.09997792561228,5.147463243215599,0.19427044987994985,0,13.09997792561228,DC_Charging
1,120,638.47759101049,7.97250539193725,12.796741983269897,7744,12.796741983269897,49.89376138436,0.020042585931664515,0,12.796741983269897,120
1,240,74.91056768975659,1.0624965061769232,4.652171132074329,7746,4.652171132074329,16.102281185076517,0.062103001960169046,0,4.652171132074329,240
1,360,50.07871424660458,3.5710692213162694,24.688741862321123,7751,24.688741862321123,2.0284028455509318,0.4929987167950316,0,24.688741862321123,DC_Charging
1,360,45.48638773939963,2.871344990798017,35.06272181373774,7753,35.06272181373774,1.29728627403871,0.7708398832331751,0,35.06272181373774,DC_Charging
1,120,368.8076540716561,14.213422587407235,4.655243709791449,7762,4.655243709791449,79.22413455947257,0.012622416206381054,0,4.655243709791449,120
1,360,65.28258077385928,2.3639413549820105,32.5834347061643,7766,32.5834347061643,2.003551232783596,0.499113765416754,0,32.5834347061643,DC_Charging
1,120,949.89940832897,25.10042664979255,6.057937888423084,7767,6.057937888423084,156.8024343967373,0.006377452007344649,0,6.057937888423084,120
1,120,954.139153230842,10.5816453129559,15.036434643059067,7773,15.036434643059067,63.4551458427866,0.01575916321235084,0,15.036434643059067,120
1,120,620.799593778111,6.4543923247442745,12.887337228696069,7774,12.887337228696069,48.17128494129761,0.02075925525380147,0,12.887337228696069,120
1,120,925.9802769295574,19.99139108338944,9.334046817302834,7779,9.334046817302834,99.20458886203964,0.01008017886542189,0,9.334046817302834,120
1,360,85.3537000982489,2.627370018129896,14.62738212177588,7780,14.62738212177588,5.835199995984399,0.17137373195231842,0,14.62738212177588,DC_Charging
1,360,44.907627674231975,1.6605975915761415,20.3762999320396,7781,20.3762999320396,2.203914735452997,0.45373806160176067,0,20.3762999320396,DC_Charging
1,240,60.709785755073895,1.2101518044072053,5.946517394025321,7783,5.946517394025321,10.209300962622457,0.09794989918125899,0,5.946517394025321,240
1,360,54.788339990172695,5.329160154285416,14.942950008831149,7790,14.942950008831149,3.6665009223609313,0.2727396013734208,0,14.942950008831149,DC_Charging
1,360,47.96500421558416,2.3325437166842176,35.436826886027006,7791,35.436826886027006,1.3535355287269555,0.7388058745236874,0,35.436826886027006,DC_Charging
1,360,45.20832140972752,1.400333928430993,15.346556823266098,7792,15.346556823266098,2.945828300794455,0.3394630976049459,0,15.346556823266098,DC_Charging
1,240,67.62826399847734,1.484475520424516,6.17562011301942,7807,6.17562011301942,10.950845868239803,0.09131714682426958,0,6.17562011301942,240
1,120,176.72565772534614,3.839944882577033,2.511858458880866,7809,2.511858458880866,70.3565350589398,0.014213320754955737,0,2.511858458880866,120
1,120,180.84019813857665,2.241356776921415,4.290106567587088,7812,4.290106567587088,42.15284522414271,0.02372319103687117,0,4.290106567587088,120
1,360,43.03467853585337,1.6534192828118666,20.97996569561144,7818,20.97996569561144,2.0512273070520464,0.48751301065563807,0,20.97996569561144,DC_Charging
1,120,284.81610615504195,2.722154301263269,7.358737396256913,7824,7.358737396256913,38.70448024139524,0.025836802193521757,0,7.358737396256913,120
1,360,42.481494719452,1.652378841012614,23.332302884823903,7828,23.332302884823903,1.8207158945756428,0.5492345087881334,0,23.332302884823903,DC_Charging
1,240,62.61990796346792,1.4895347303109296,9.785241115893172,7831,9.785241115893172,6.399424114522919,0.15626406096926593,0,9.785241115893172,240
1,360,36.39226640945257,1.4351159083464464,23.072466061889727,7834,23.072466061889727,1.5773028471180204,0.6339936568472927,0,23.072466061889727,DC_Charging
1,360,43.86284011824605,1.051366966466654,10.986535735598068,7836,10.986535735598068,3.992417735112233,0.2504747915543183,0,10.986535735598068,DC_Charging
1,360,88.26350212544298,3.5644215237810304,20.411688699784207,7839,20.411688699784207,4.324164620753603,0.23125854071340207,0,20.411688699784207,DC_Charging
1,120,122.97902408120162,4.426317663520305,4.2228346017968335,7840,4.2228346017968335,29.12238713514224,0.034337844468570064,0,4.2228346017968335,120
1,240,96.40890493732329,1.5236072620563947,5.250541070637794,7848,5.250541070637794,18.361708563040015,0.05446116283606002,0,5.250541070637794,240
1,120,212.3046317804122,7.366303988119053,3.734744390294409,7849,3.734744390294409,56.84582653959787,0.017591440935482157,0,3.734744390294409,120
1,120,147.9128442481585,3.5679197187540086,4.850165042528701,7850,4.850165042528701,30.49645588370372,0.032790695542243856,0,4.850165042528701,120
1,360,40.494687887097406,1.2427072600051312,23.812082980982996,7855,23.812082980982996,1.700594102558672,0.5880297941145536,0,23.812082980982996,DC_Charging
1,240,61.71509117200687,1.1522093399680526,8.911729753192091,7856,8.911729753192091,6.925152903105164,0.1444011437713687,0,8.911729753192091,240
1,240,87.12455014580775,2.081538893687293,4.136960634326229,7857,4.136960634326229,21.060038479190748,0.04748329405893972,0,4.136960634326229,240
1,240,71.80809811866465,1.4784734321709396,6.258296601239692,7875,6.258296601239692,11.474064381103371,0.08715307556116726,0,6.258296601239692,240
1,360,43.80259106530119,2.4971879959830514,35.76747455152592,7878,35.76747455152592,1.2246486959038732,0.8165607029548443,0,35.76747455152592,DC_Charging
1,360,57.0721416353289,4.580312207388164,13.56527777068716,7879,13.56527777068716,4.207222483763254,0.23768650311678435,0,13.56527777068716,DC_Charging
1,360,22.675727137581845,3.097263860345696,22.525871972228828,7881,22.525871972228828,1.0066525799994677,0.993391384344864,0,22.525871972228828,DC_Charging
1,240,49.49745759246161,1.5041239855539033,6.887900249876111,7882,6.887900249876111,7.18614611083427,0.1391566473289959,0,6.887900249876111,240
1,240,83.19497792844226,1.320893344120146,4.520233479153575,7883,4.520233479153575,18.405017862931437,0.05433300893524513,0,4.520233479153575,240
1,240,81.40786879922088,1.2239950692199768,4.383474627050674,7885,4.383474627050674,18.571538727941583,0.05384583445934193,0,4.383474627050674,240
1,120,87.60375550833078,1.274844284710196,3.2270113310015205,7886,3.2270113310015205,27.14702445161309,0.03683644967360611,0,3.2270113310015205,120
1,120,440.8851117119022,6.869940693676937,8.863542741677264,7890,8.863542741677264,49.74140979078448,0.02010397381590235,0,8.863542741677264,120
1,120,164.24350705084754,1.9667814036036415,3.3662765405376263,7894,3.3662765405376263,48.79085395183139,0.02049564455230168,0,3.3662765405376263,120
1,360,50.80659678463227,2.13280213738842,27.018829925083335,7896,27.018829925083335,1.8804143971262504,0.5317976726450582,0,27.018829925083335,DC_Charging
1,120,154.26396069712106,3.361411041188393,4.567096534416308,7897,4.567096534416308,33.77724984235232,0.029605725885537573,0,4.567096534416308,120
1,360,43.198052523983385,1.968279548218781,7.9599634165466,7898,7.9599634165466,5.426915962224949,0.18426671924914348,0,7.9599634165466,DC_Charging
1,360,33.836406426355715,2.0957336686272328,30.82556220091007,7908,30.82556220091007,1.0976736192456777,0.9110176125825097,0,30.82556220091007,DC_Charging
1,240,54.416495307311365,1.182005546732077,8.293084132403195,7912,8.293084132403195,6.561671681912913,0.15240018831732702,0,8.293084132403195,240
1,360,35.29824935451152,1.1466347521321616,11.68825752951355,7914,11.68825752951355,3.019975326979349,0.3311285330930911,0,11.68825752951355,DC_Charging
1,360,37.3873097058699,1.398439190225482,25.79933298860439,7916,25.79933298860439,1.4491579965413812,0.6900558823721363,0,25.79933298860439,DC_Charging
1,120,114.7437293587638,1.640466416397372,4.22330090085417,7918,4.22330090085417,27.169205333097786,0.03680637647438994,0,4.22330090085417,120
1,240,87.51175307925803,1.929265798463256,5.968316874955988,7921,5.968316874955988,14.662718972994101,0.06820017500449999,0,5.968316874955988,240
1,360,55.12533537950228,2.1652405697000217,23.86215184226495,7923,23.86215184226495,2.3101577654813,0.43287086922899365,0,23.86215184226495,DC_Charging
1,120,117.75474067628866,2.979411813170564,2.760337569061249,7928,2.760337569061249,42.659543526893835,0.02344141351089635,0,2.760337569061249,120
1,120,137.9476817767169,2.051478437952419,3.778676422911005,7932,3.778676422911005,36.50687868913772,0.027392098034870912,0,3.778676422911005,120
1,120,252.920214874444,2.9113326138016578,6.704786275412218,7933,6.704786275412218,37.72233811567606,0.026509491456586983,0,6.704786275412218,120
1,240,79.43307795032925,1.5070021068005497,5.870235864305727,7938,5.870235864305727,13.531496823377438,0.07390165427023333,0,5.870235864305727,240
1,240,62.227204445176575,4.544693805955183,8.627037525147884,7939,8.627037525147884,7.213044369377527,0.13863771644680709,0,8.627037525147884,240
1,360,56.13023266480599,1.5827550047071397,19.78046133121597,7941,19.78046133121597,2.8376604430466776,0.35240298128353287,0,19.78046133121597,DC_Charging
1,360,65.5345046180903,1.1459491664983616,12.128127422425608,7942,12.128127422425608,5.403513859601541,0.18506476081727688,0,12.128127422425608,DC_Charging
1,240,104.60746781312864,1.660986260338997,4.574482378413819,7943,4.574482378413819,22.8676075585629,0.04372997907363268,0,4.574482378413819,240
1,120,539.3969975983166,8.104100498883891,10.0235782215764,7947,10.0235782215764,53.81281870352742,0.01858293291621333,0,10.0235782215764,120
1,240,61.718826863316025,0.9757681624284368,9.482729602443456,7952,9.482729602443456,6.50855074971374,0.15364403512471378,0,9.482729602443456,240
1,240,80.03528903830187,1.244584915804663,4.633286020252029,7953,4.633286020252029,17.273979782052894,0.057890538985055875,0,4.633286020252029,240
1,120,275.721256806513,5.039842664607243,5.427393314903114,7959,5.427393314903114,50.80178288339786,0.019684348525626297,0,5.427393314903114,120
1,120,316.2734213929656,14.02074713653954,4.178003278141077,7960,4.178003278141077,75.69965850617653,0.013210099222817595,0,4.178003278141077,120
1,360,52.93833814457016,1.4077169619061063,15.091416297980857,7962,15.091416297980857,3.5078442671847174,0.2850753693243536,0,15.091416297980857,DC_Charging
1,120,589.5969820917311,19.267864897586865,5.198956737419493,7969,5.198956737419493,113.4067875287568,0.008817814363592903,0,5.198956737419493,120
1,120,412.4555595726103,4.699896797965639,9.473728365282994,7972,9.473728365282994,43.53677281735,0.02296908877916386,0,9.473728365282994,120
1,360,27.208828597776595,3.962533158890469,9.439513671950635,7978,9.439513671950635,2.882439661974027,0.34692833754416014,0,9.439513671950635,DC_Charging
1,360,59.6138457015554,3.6929956864784543,14.892906127855852,7980,14.892906127855852,4.002834986655359,0.24982293882555673,0,14.892906127855852,DC_Charging
1,360,33.68016554958374,1.293341096294185,10.615778024398992,7984,10.615778024398992,3.1726516391143673,0.31519376021980966,0,10.615778024398992,DC_Charging
1,240,73.16002127153752,1.329563105422991,6.218261496459448,7987,6.218261496459448,11.765349738539197,0.08499534839362638,0,6.218261496459448,240
1,360,62.27061347233799,1.5797576588331923,12.683914264931218,7988,12.683914264931218,4.909416144865094,0.20369020887461944,0,12.683914264931218,DC_Charging
1,360,90.39234611849936,5.153638608952249,32.054301850847025,7989,32.054301850847025,2.8199755071599157,0.35461300903536247,0,32.054301850847025,DC_Charging
1,360,42.44345391011674,6.697572525266149,16.338674681909325,7990,16.338674681909325,2.5977292979039124,0.3849515809083311,0,16.338674681909325,DC_Charging
1,240,70.91193665923291,1.2041482192417647,6.263808922238965,7993,6.263808922238965,11.32089716330073,0.08833222187034151,0,6.263808922238965,240
1,120,98.86426158750211,1.247131691207488,3.779867150860994,8006,3.779867150860994,26.155485799278,0.03823289720841676,0,3.779867150860994,120
1,120,94.90228151265732,2.583123592818989,3.241491582085729,8008,3.241491582085729,29.277349365069988,0.03415609751861871,0,3.241491582085729,120
1,240,112.69510713045484,2.668061541924263,7.439090715959367,8009,7.439090715959367,15.149043267974365,0.06601076928165073,0,7.439090715959367,240
1,240,107.21436998791232,2.0445118101364685,4.385048386369192,8025,4.385048386369192,24.449985619585267,0.04089981955649766,0,4.385048386369192,240
1,120,130.89025493629248,1.746007684294109,3.086888464270672,8027,3.086888464270672,42.402003328363676,0.023583791366080974,0,3.086888464270672,120
1,360,53.3945337076712,6.4222978299468805,20.833414563304387,8030,20.833414563304387,2.5629276250144515,0.3901787901616462,0,20.833414563304387,DC_Charging
1,240,34.42773768107656,2.4362314554785285,3.335167731997913,8032,3.335167731997913,10.322640552909409,0.09687443778308764,0,3.335167731997913,240
1,360,42.974414775462414,1.143503564726828,8.036253273035072,8036,8.036253273035072,5.347568489367951,0.18700087749940977,0,8.036253273035072,DC_Charging
1,120,95.90286583939248,1.3787436163991922,3.5954375469138995,8037,3.5954375469138995,26.673489551142264,0.03749040777295583,0,3.5954375469138995,120
1,120,216.8484531303824,13.93544499758307,1.706826443457814,8039,1.706826443457814,127.04774639598091,0.00787105657807744,0,1.706826443457814,120
1,360,46.878774753352566,1.041581477503151,16.448546397295218,8046,16.448546397295218,2.850025383462533,0.35087406793026066,0,16.448546397295218,DC_Charging
1,240,102.2902729116045,1.4755781404646748,4.191134592666543,8047,4.191134592666543,24.406344069834304,0.040972953472207155,0,4.191134592666543,240
1,360,79.94508091765321,4.743510469826187,32.11134021768244,8049,32.11134021768244,2.4896214351598642,0.40166749284747694,0,32.11134021768244,DC_Charging
1,360,35.916609218300934,1.516197020006809,16.816198223701647,8055,16.816198223701647,2.13583407738844,0.46820116346431523,0,16.816198223701647,DC_Charging
1,360,45.71101088680925,2.269306763035056,29.793567446095352,8058,29.793567446095352,1.5342577208826325,0.6517809794202742,0,29.793567446095352,DC_Charging
1,360,25.99250993636795,1.651788177201731,23.37397003630484,8062,23.37397003630484,1.112028033577349,0.8992579052014009,0,23.37397003630484,DC_Charging
1,240,72.72982111941658,1.2012208760108782,7.396998899265498,8065,7.396998899265498,9.83234175236101,0.1017051710758399,0,7.396998899265498,240
1,360,42.06777058382355,1.7994935779526442,27.55910399716349,8066,27.55910399716349,1.5264563967011904,0.6551120635748849,0,27.55910399716349,DC_Charging
1,120,104.1698256932816,4.2829726789761455,2.675054802181208,8068,2.675054802181208,38.94119313306881,0.025679747320089208,0,2.675054802181208,120
1,240,114.0831076486087,2.956994413306977,9.072294837526016,8069,9.072294837526016,12.574889781659563,0.07952355983735912,0,9.072294837526016,240
1,240,65.84955282097853,1.3033924191940405,7.785284458959254,8072,7.785284458959254,8.458207682469368,0.11822835729992985,0,7.785284458959254,240
1,120,242.3854918453697,2.4731981342329505,7.643754368287489,8074,7.643754368287489,31.71026699274664,0.03153552760147805,0,7.643754368287489,120
1,120,156.9930449803728,3.762988115317076,5.967550812218931,8080,5.967550812218931,26.30778520711039,0.038011561677557065,0,5.967550812218931,120
1,360,53.93604716559296,1.748333004794673,19.403583444889307,8081,19.403583444889307,2.7796951691312013,0.3597516774879138,0,19.403583444889307,DC_Charging
1,120,372.34361826279513,8.653058584157153,7.935199605894255,8083,7.935199605894255,46.92303114671732,0.02131149620051685,0,7.935199605894255,120
1,120,324.222590105269,3.881980281010888,8.248186194596386,8084,8.248186194596386,39.30835003672397,0.025439887430170595,0,8.248186194596386,120
1,240,92.10443256516936,1.4266263047891388,3.988919010389452,8085,3.988919010389452,23.090073357036367,0.04330865409291843,0,3.988919010389452,240
1,120,98.20956697812494,1.4314910041868465,3.908798840215681,8086,3.908798840215681,25.125254839848935,0.03980059133227134,0,3.908798840215681,120
1,240,91.35652951613932,1.4557770783787791,4.0461488929091445,8087,4.0461488929091445,22.578637596911268,0.04428965192022032,0,4.0461488929091445,240
1,360,49.43417512875882,1.4143047829667772,13.338240090375578,8088,13.338240090375578,3.7061992282196843,0.26981819875893764,0,13.338240090375578,DC_Charging
1,240,136.95670876600747,2.758414613725072,6.48966420136945,8089,6.48966420136945,21.103820554707102,0.047384785015950816,0,6.48966420136945,240
1,120,219.30609678842964,6.420838252825655,5.5026339985125645,8093,5.5026339985125645,39.854748988886236,0.02509111273737684,0,5.5026339985125645,120
1,360,38.53241307483608,1.2524208971991526,9.564898157761974,8096,9.564898157761974,4.028523089246568,0.24822992889610673,0,9.564898157761974,DC_Charging
1,360,48.26873871556068,1.5722947607074422,20.4467277432358,8097,20.4467277432358,2.3607072643459523,0.42360186504405734,0,20.4467277432358,DC_Charging
1,360,48.71384854116455,1.816293683965391,15.26874316807239,8101,15.26874316807239,3.1904294940940088,0.3134374233472824,0,15.26874316807239,DC_Charging
1,360,21.394271035831167,2.407108770999751,8.22547909585768,8103,8.22547909585768,2.600975674061982,0.3844711082738753,0,8.22547909585768,DC_Charging
1,360,42.83835986846142,1.5754778997598275,19.753099568672734,8107,19.753099568672734,2.1686905247215256,0.4611077461725004,0,19.753099568672734,DC_Charging
1,240,50.147438465364026,2.485044342511612,5.526898203032047,8108,5.526898203032047,9.073342157424435,0.1102129714332145,0,5.526898203032047,240
1,360,51.811766157688815,5.951410918789648,23.438269345604557,8109,23.438269345604557,2.210562793425924,0.45237348740960337,0,23.438269345604557,DC_Charging
1,120,687.3263141861061,9.914872867465029,10.571812684706885,8114,10.571812684706885,65.0149917223172,0.015381067866178589,0,10.571812684706885,120
1,120,786.4302041929004,15.11950439544646,8.692885613459481,8115,8.692885613459481,90.46825636072384,0.011053600900770129,0,8.692885613459481,120
1,360,37.43943289484502,2.20893102433384,12.858493301292,8117,12.858493301292,2.9116500679813835,0.3434478651802033,0,12.858493301292,DC_Charging
1,360,32.39778655559034,2.808938735179844,25.336830937873543,8118,25.336830937873543,1.2786834563103182,0.7820543818448483,0,25.336830937873543,DC_Charging
1,240,134.18972339415845,3.7555894963478473,7.120217101658312,8119,7.120217101658312,18.846296605605666,0.053060822554525586,0,7.120217101658312,240
1,360,26.85771406019191,1.538506290001617,9.258264893716104,8123,9.258264893716104,2.9009446552367653,0.34471529754792357,0,9.258264893716104,DC_Charging
1,360,36.95733384230199,1.1771839055638746,9.39399955324663,8124,9.39399955324663,3.934142601649293,0.254184990544261,0,9.39399955324663,DC_Charging
1,360,41.27206465811,1.2418362334074495,7.312507175429147,8125,7.312507175429147,5.644037491927367,0.1771781284993755,0,7.312507175429147,DC_Charging
1,360,43.35672012936171,1.1380727684835383,8.576077699595658,8126,8.576077699595658,5.055541897831206,0.19780273217179614,0,8.576077699595658,DC_Charging
1,240,79.00732680065329,1.5914978505304127,11.150747944701903,8131,11.150747944701903,7.0853836166382305,0.14113561863492516,0,11.150747944701903,240
1,120,367.9958618767717,3.57847523679118,9.980112488017156,8132,9.980112488017156,36.87291724603446,0.027120175855018525,0,9.980112488017156,120
1,120,100.096833815281,1.979312316979712,3.751506176052033,8133,3.751506176052033,26.681772364991748,0.037478769637959514,0,3.751506176052033,120
1,360,46.704620207231926,2.1815164043457447,34.53774401609212,8138,34.53774401609212,1.352277675851408,0.739493092179008,0,34.53774401609212,DC_Charging
1,360,100.5392043790489,3.781928100866505,20.71349243787904,8139,20.71349243787904,4.853802644849572,0.2060240337668265,0,20.71349243787904,DC_Charging
1,120,281.5266093456312,6.953721265750272,5.493541166894431,8140,5.493541166894431,51.24683711158603,0.01951339938936284,0,5.493541166894431,120
1,120,116.66368349487506,1.5307549281542736,3.4121736906101603,8145,3.4121736906101603,34.19042934886864,0.029247950933762985,0,3.4121736906101603,120
1,360,53.030950932656026,1.5537918734223577,27.03842281226052,8152,27.03842281226052,1.9613182063492713,0.5098611723292799,0,27.03842281226052,DC_Charging
1,120,208.9994715409059,2.2235319026571703,7.824678402535653,8153,7.824678402535653,26.71029539989501,0.03743874730804852,0,7.824678402535653,120
1,120,456.00986688659,4.750588925763758,10.970623280266324,8154,10.970623280266324,41.56645025874226,0.024057863824676246,0,10.970623280266324,120
1,360,27.085451509313,2.6448227777154303,9.00701296949832,8157,9.00701296949832,3.0071513831540124,0.3325406248591192,0,9.00701296949832,DC_Charging
1,360,85.05833045824122,5.45831194885514,18.086754906959385,8159,18.086754906959385,4.702796654004121,0.21263943001842658,0,18.086754906959385,DC_Charging
1,240,94.79326992217098,2.562411439729636,4.024157896294199,8161,4.024157896294199,23.556051319324478,0.042451936720805085,0,4.024157896294199,240
1,120,106.24271520765404,4.722956637179881,2.9956687111784106,8162,2.9956687111784106,35.46544209351547,0.02819646227342083,0,2.9956687111784106,120
1,120,218.0982624849894,2.4221479803383734,3.3519878051376963,8165,3.3519878051376963,65.06535081980411,0.015369163270470332,0,3.3519878051376963,120
1,120,83.45310831492708,1.7419517575712606,3.16922355496682,8167,3.16922355496682,26.332351400121023,0.03797609962000598,0,3.16922355496682,120
1,360,78.66511394482006,5.138779381251887,22.987408117769466,8170,22.987408117769466,3.422095850989449,0.2922185828637338,0,22.987408117769466,DC_Charging
1,120,98.95072666311856,1.4969169713032913,3.9140113975352335,8172,3.9140113975352335,25.281154450758805,0.03955515567723551,0,3.9140113975352335,120
1,240,53.278227223919735,1.128316425274568,6.850862781893056,8174,6.850862781893056,7.776863866655594,0.12858653785719995,0,6.850862781893056,240
1,360,49.106346155210495,1.261005862847573,14.33710263181247,8177,14.33710263181247,3.4251234308840655,0.2919602811925198,0,14.33710263181247,DC_Charging
1,120,421.24602361667286,19.88742439066656,2.289750225746872,8188,2.289750225746872,183.97029461118214,0.005435660154338948,0,2.289750225746872,120
1,120,757.4820675041551,27.47472751541116,3.1998993715247224,8191,3.1998993715247224,236.72059010506382,0.004224389604453797,0,3.1998993715247224,120
1,240,38.22650187283689,2.853260534405794,3.0081505377311544,8192,3.0081505377311544,12.707642584160222,0.0786928018613363,0,3.0081505377311544,240
1,120,658.9611806607281,18.22665949717618,6.713970701488051,8195,6.713970701488051,98.14775934525291,0.010188719606754494,0,6.713970701488051,120
1,120,779.5315883554538,8.19760782814347,14.334662888530318,8206,14.334662888530318,54.3808804167404,0.01838881592825709,0,14.334662888530318,120
1,120,726.3918207059722,19.69875855030756,6.180341390975002,8207,6.180341390975002,117.53263691334334,0.008508275031192388,0,6.180341390975002,120
1,240,63.52121702903434,1.3959938526148654,6.82504979836169,8212,6.82504979836169,9.307070117537048,0.10744519890483346,0,6.82504979836169,240
1,360,51.84103029856445,1.2175511278055464,10.96944920585409,8213,10.96944920585409,4.72594651980323,0.21159782401465602,0,10.96944920585409,DC_Charging
1,120,116.43281335973488,6.722025373050481,3.104641135525142,8214,3.104641135525142,37.50282505357598,0.02666465789100994,0,3.104641135525142,120
1,240,71.85886822259864,1.1130497733862277,6.224889604488794,8217,6.224889604488794,11.543798009009013,0.08662660237294345,0,6.224889604488794,240
1,240,72.23315801837394,1.732915869237162,9.006679898743087,8218,9.006679898743087,8.01995394867473,0.12468899527350111,0,9.006679898743087,240
1,120,692.2554265015336,20.81444605850577,5.331727067228357,8222,5.331727067228357,129.83699611266775,0.007701965001810708,0,5.331727067228357,120
1,120,245.76473349087703,3.4087190915297683,5.977867678862594,8224,5.977867678862594,41.1124412070691,0.024323537368246925,0,5.977867678862594,120
1,240,77.4195550421357,1.115506293809006,4.060878947059777,8226,4.060878947059777,19.0647286096007,0.05245288409174708,0,4.060878947059777,240
1,120,170.04046163824316,2.124212504897129,4.463844600290884,8238,4.463844600290884,38.0928273415169,0.026251661265114662,0,4.463844600290884,120
1,120,301.11298595404145,15.80680742742292,3.315399982674222,8240,3.315399982674222,90.82252142354234,0.011010484892140281,0,3.315399982674222,120
1,240,32.02798253087526,1.8733860785729604,4.565364566489038,8244,4.565364566489038,7.015427150324199,0.14254299539747736,0,4.565364566489038,240
1,120,397.7611736856736,4.538412059343919,10.493682612295686,8248,10.493682612295686,37.90482220413335,0.026381867579132304,0,10.493682612295686,120
1,240,59.30091537090543,1.3809612472991737,9.064043009564855,8251,9.064043009564855,6.542435346823485,0.15284828156315292,0,9.064043009564855,240
1,240,38.34535642162503,1.798538900397846,5.073530617763751,8252,5.073530617763751,7.557923527132753,0.13231147370174168,0,5.073530617763751,240
1,360,53.95689129357687,1.239416343298524,10.093581367559665,8253,10.093581367559665,5.345663677611198,0.18706751122189325,0,10.093581367559665,DC_Charging
1,120,158.44299326149596,1.8090875502511692,3.817037847146153,8255,3.817037847146153,41.50941112097106,0.02409092234736107,0,3.817037847146153,120
1,240,78.78379568111653,1.7886768928219912,7.87120838704314,8262,7.87120838704314,10.009110648220567,0.09990897644615221,0,7.87120838704314,240
1,240,71.49647675071749,4.301963735636235,4.802777400826471,8269,4.802777400826471,14.886485627756604,0.06717502203041459,0,4.802777400826471,240
1,120,324.8503333196696,6.791507442997052,6.41934463816871,8270,6.41934463816871,50.60490620617961,0.01976092981826108,0,6.41934463816871,120
1,240,57.57120940380874,1.4547346113458277,6.643076591234518,8273,6.643076591234518,8.66634737882948,0.1153888664147992,0,6.643076591234518,240
1,240,69.29451468937958,1.287393689350471,7.8414984756754365,8276,7.8414984756754365,8.836897042616695,0.11316189327287782,0,7.8414984756754365,240
1,120,316.55718685800105,6.835034822291312,7.177455310946868,8281,7.177455310946868,44.10437587471931,0.022673487157840077,0,7.177455310946868,120
1,360,36.3825778793348,2.4369760370505054,25.63293916605372,8286,25.63293916605372,1.419368167015239,0.7045388386459872,0,25.63293916605372,DC_Charging
1,240,38.772923940894216,1.8375959725437927,3.430492582148545,8294,3.430492582148545,11.302436315606437,0.08847649940917579,0,3.430492582148545,240
1,120,106.76775632594484,1.4584305747921575,3.956336363757785,8297,3.956336363757785,26.986521495997195,0.03705553530299657,0,3.956336363757785,120
1,120,181.6973480972306,2.136875322624526,6.303819046712576,8303,6.303819046712576,28.82337623444081,0.03469406192620517,0,6.303819046712576,120
1,120,88.37590378225515,2.275029545145502,3.3300884029804507,8307,3.3300884029804507,26.53860591303166,0.03768095442831662,0,3.3300884029804507,120
1,120,164.56752679585622,2.8725014872935644,3.736642893599296,8308,3.736642893599296,44.04154517354418,0.02270583368634172,0,3.736642893599296,120
1,360,22.025205766035285,3.4081439251593624,17.005490660675292,8313,17.005490660675292,1.2951820212378782,0.7720922492764715,0,17.005490660675292,DC_Charging
1,240,88.63042349072265,2.401195616921636,11.85270288814604,8320,11.85270288814604,7.477655040131182,0.13373176412032733,0,11.85270288814604,240
1,240,70.9675308054874,1.3377439929217187,7.421354698242652,8321,7.421354698242652,9.562611368284585,0.10457394549323693,0,7.421354698242652,240
1,360,61.732144455758736,5.004493002880705,16.082176893296463,8330,16.082176893296463,3.8385440519243734,0.26051544191571047,0,16.082176893296463,DC_Charging
1,120,194.70468696448097,2.5351539074336418,7.229522596760276,8331,7.229522596760276,26.931887183219104,0.03713070655602206,0,7.229522596760276,120
1,360,40.729970256067325,1.269073865581013,15.174692313560556,8334,15.174692313560556,2.68407223121551,0.3725682149571436,0,15.174692313560556,DC_Charging
1,120,137.1529060969691,5.240221400035352,4.565131416960369,8337,4.565131416960369,30.043583321045006,0.03328497767107286,0,4.565131416960369,120
1,360,86.41467319866685,5.477141691248453,28.6437489116133,8340,28.6437489116133,3.016877206448034,0.3314685787882514,0,28.6437489116133,DC_Charging
1,240,72.73941037427318,1.4425102126873606,6.624832640616063,8343,6.624832640616063,10.979811011121472,0.09107624885228882,0,6.624832640616063,240
1,360,16.263902027983836,3.2558643139660344,16.14825813113673,8344,16.14825813113673,1.0071613852037777,0.9928895355709761,0,16.14825813113673,DC_Charging
1,360,52.92330345779538,2.5733589725679464,27.723899080089,8347,27.723899080089,1.9089415707693262,0.523850501928662,0,27.723899080089,DC_Charging
1,240,125.24922869243925,3.2474284231285595,6.552239869510785,8350,6.552239869510785,19.115482825232835,0.052313614526125346,0,6.552239869510785,240
1,360,55.06332510988706,1.1734485821408809,10.43056570417707,8352,10.43056570417707,5.279035353550974,0.18942854764693784,0,10.43056570417707,DC_Charging
1,360,29.81771443935289,1.9241646750446453,6.749900709209925,8353,6.749900709209925,4.41750415656752,0.2263721695684873,0,6.749900709209925,DC_Charging
1,240,110.2554727401559,2.0100065828086127,4.641496214368772,8354,4.641496214368772,23.754295521956013,0.042097649205201794,0,4.641496214368772,240
1,120,122.54924309129451,8.160321690786501,1.717784471305322,8369,1.717784471305322,71.34145472753688,0.014017095723925755,0,1.717784471305322,120
1,360,22.83763957325577,6.424397028702312,20.79618557963707,8378,20.79618557963707,1.0981648286317287,0.9106101141902,0,20.79618557963707,DC_Charging
1,120,314.09207181733547,2.9565189236559988,9.125328028529625,8386,9.125328028529625,34.41981163146696,0.029053035231773005,0,9.125328028529625,120
1,360,86.8312763168692,4.431850954199472,25.489094233633026,8389,25.489094233633026,3.4066050178548424,0.29354738655017465,0,25.489094233633026,DC_Charging
1,240,120.77876072988816,4.505670898621195,7.288984053340087,8390,7.288984053340087,16.570040467373882,0.060349882788094715,0,7.288984053340087,240
1,240,50.94790960361368,1.9347441436716435,8.121644287910584,8401,8.121644287910584,6.2731028099139765,0.1594107462131189,0,8.121644287910584,240
1,360,44.8513091862571,1.4225320747332948,15.568956493310935,8402,15.568956493310935,2.880816656243279,0.3471237913849218,0,15.568956493310935,DC_Charging
1,360,69.42119727635394,3.6214570357377607,21.238361987529203,8410,21.238361987529203,3.268670028183758,0.30593482712467357,0,21.238361987529203,DC_Charging
1,240,30.70157679698429,2.137695278111547,4.115019598324579,8412,4.115019598324579,7.460857977319079,0.13403284220661862,0,4.115019598324579,240
1,360,45.31493936336122,2.188084325283986,29.38931114368768,8416,29.38931114368768,1.5418850459546782,0.6485567796533346,0,29.38931114368768,DC_Charging
1,120,606.498426170079,6.372548932730481,13.070925828986176,8422,13.070925828986176,46.40057132181899,0.021551458775460573,0,13.070925828986176,120
1,360,84.67747378778269,2.859301366260561,17.236033910685833,8429,17.236033910685833,4.912816615850654,0.2035492220030383,0,17.236033910685833,DC_Charging
1,360,62.34674656706984,1.7948469874189137,13.867814264443538,8431,13.867814264443538,4.495787539275323,0.22243043988711045,0,13.867814264443538,DC_Charging
1,120,215.5922901590606,4.689426868065644,4.428622367923907,8445,4.428622367923907,48.68157007934909,0.020541654641993642,0,4.428622367923907,120
1,360,42.424326876464896,1.8899704531699848,30.136788532604697,8446,30.136788532604697,1.4077255388564853,0.7103657441722011,0,30.136788532604697,DC_Charging
1,240,101.45997874952744,3.414813107782534,7.1553144324920765,8450,7.1553144324920765,14.179667393622926,0.07052351597821918,0,7.1553144324920765,240
1,120,189.6953161156907,6.221209382187866,4.722873726643599,8454,4.722873726643599,40.16523140255569,0.024897155203153408,0,4.722873726643599,120
1,360,44.19674694389482,1.0088140767959834,12.319576492539454,8456,12.319576492539454,3.5875216141285127,0.27874396521034533,0,12.319576492539454,DC_Charging
1,120,76.38163586347804,5.1808186540458605,2.1191763652178963,8460,2.1191763652178963,36.04307650704871,0.027744579456319064,0,2.1191763652178963,120
1,240,38.94979936454319,2.339052289469725,4.065883335157309,8461,4.065883335157309,9.579664774871416,0.10438778636838288,0,4.065883335157309,240
1,120,324.82080076790265,4.078936547595619,5.53991294279318,8467,5.53991294279318,58.63283486980765,0.0170552899620233,0,5.53991294279318,120
1,360,58.07647636081933,1.7034783049450704,15.653523158067216,8468,15.653523158067216,3.7101217262318977,0.2695329355178941,0,15.653523158067216,DC_Charging
1,240,60.4285757087981,5.982503010959867,6.710190348416035,8470,6.710190348416035,9.005493521217694,0.11104333123375378,0,6.710190348416035,240
1,120,515.1727749370248,6.343112248974781,12.156138672941566,8476,12.156138672941566,42.37963952186161,0.023596236572143287,0,12.156138672941566,120
1,240,148.4585052058802,3.699977283413047,10.428892023631974,8480,10.428892023631974,14.235309452765618,0.07024785820906207,0,10.428892023631974,240
1,360,40.213555054913634,1.0348356001603496,7.725939577143777,8484,7.725939577143777,5.20500511987958,0.1921227697126906,0,7.725939577143777,DC_Charging
1,360,20.35066926768698,1.925857770416686,20.1977740072292,8486,20.1977740072292,1.0075699064858858,0.9924869664753214,0,20.1977740072292,DC_Charging
1,360,62.85321953466055,4.378067087026324,15.180554358852843,8490,15.180554358852843,4.140377093541807,0.24152389442010191,0,15.180554358852843,DC_Charging
1,120,76.58520897865836,4.51124222847244,2.9438595552003197,8491,2.9438595552003197,26.015238683302943,0.03843900923506876,0,2.9438595552003197,120
1,360,38.1903399397408,1.2772645270336775,27.09540289171377,8495,27.09540289171377,1.409476732727235,0.7094831555431729,0,27.09540289171377,DC_Charging
1,360,53.377767219118255,1.211677069543178,14.325453482147836,8496,14.325453482147836,3.7260787091757215,0.26837865704163255,0,14.325453482147836,DC_Charging
1,360,43.505908785729176,2.2865478416722658,34.40000260526125,8497,34.40000260526125,1.2647065549662266,0.7906972538991106,0,34.40000260526125,DC_Charging
1,360,64.09288810518224,4.138700313505298,23.71821531538656,8500,23.71821531538656,2.702264367403887,0.3700600178363443,0,23.71821531538656,DC_Charging
1,360,25.316892146484083,2.424150320090828,23.49245163071376,8502,23.49245163071376,1.0776607118085995,0.9279358419977431,0,23.49245163071376,DC_Charging
1,240,74.87263718626708,1.2227892626865504,11.847556944977526,8503,11.847556944977526,6.319668901697701,0.1582361379298467,0,11.847556944977526,240
1,120,376.4095505666682,3.771058407445132,9.997940100191556,8504,9.997940100191556,37.64871031378317,0.02656133481507069,0,9.997940100191556,120
1,360,60.39947334982956,3.274105858050359,14.06169475107066,8509,14.06169475107066,4.295319619651873,0.23281154571706772,0,14.06169475107066,DC_Charging
1,240,44.806624288146594,1.9975836231940425,6.079587487513905,8513,6.079587487513905,7.3700106101226845,0.135685014974945,0,6.079587487513905,240
1,120,591.333402007972,6.979095506813834,12.767914709403584,8514,12.767914709403584,46.314015676534424,0.02159173600890459,0,12.767914709403584,120
1,360,49.07737616325685,1.879582765368882,25.546007698935213,8517,25.546007698935213,1.921136826608819,0.5205251318643426,0,25.546007698935213,DC_Charging
1,360,40.41513898800905,1.6017793456427976,20.62456254622909,8523,20.62456254622909,1.9595634524330015,0.5103177438619791,0,20.62456254622909,DC_Charging
1,360,23.33119021101769,1.4268092802511263,14.620620785444444,8525,14.620620785444444,1.5957728849820831,0.6266555907867978,0,14.620620785444444,DC_Charging
1,240,82.92682441744091,1.351491279267904,6.592150072757818,8528,6.592150072757818,12.57963236609821,0.0794935790568073,0,6.592150072757818,240
1,120,158.6564571341779,2.9992552290568524,5.053696254289008,8529,5.053696254289008,31.394141861915067,0.03185307642420774,0,5.053696254289008,120
1,240,49.10353703300557,1.6654752348587925,7.511442010767084,8531,7.511442010767084,6.537165162510656,0.15297150601835813,0,7.511442010767084,240
1,120,108.67608422591478,8.956305455107108,1.734587890907335,8533,1.734587890907335,62.6523941482539,0.015961081992073717,0,1.734587890907335,120
1,360,44.64006981479764,2.452170749115725,35.436327279894144,8534,35.436327279894144,1.25972619741904,0.793823294338743,0,35.436327279894144,DC_Charging
1,360,52.39518112954684,3.292121984818664,29.661887923009918,8538,29.661887923009918,1.7664142372037552,0.5661186254833444,0,29.661887923009918,DC_Charging
1,360,69.24276654027999,2.552987058739959,14.6378988308727,8541,14.6378988308727,4.730376083365224,0.2113996820499297,0,14.6378988308727,DC_Charging
1,120,91.54108590351352,1.7936029656061308,2.731243838590757,8543,2.731243838590757,33.51626266761524,0.02983626217269864,0,2.731243838590757,120
1,360,50.81254226971782,4.475171935763751,15.060440717743234,8549,15.060440717743234,3.373908056346172,0.296392190687901,0,15.060440717743234,DC_Charging
1,120,401.23483713513696,19.281881628068604,1.8215360115636088,8551,1.8215360115636088,220.272799762392,0.004539825167150455,0,1.8215360115636088,120
1,360,43.34297602098213,1.169414756881439,10.419391180338664,8553,10.419391180338664,4.159837678689912,0.24039399544910545,0,10.419391180338664,DC_Charging
1,360,40.15228751132642,1.3031298432423333,21.39513839202222,8554,21.39513839202222,1.8767014625293723,0.5328498005496434,0,21.39513839202222,DC_Charging
1,240,61.92985665366857,1.0773247389963332,8.288912421193771,8556,8.288912421193771,7.471409215920925,0.13384355897266165,0,8.288912421193771,240
1,120,108.0419800410763,1.652119258884635,3.483975418671733,8557,3.483975418671733,31.011120073363593,0.03224649730916784,0,3.483975418671733,120
1,360,59.830659195086405,2.96578181427162,10.68768800045602,8560,10.68768800045602,5.5980918597673845,0.17863229561966362,0,10.68768800045602,DC_Charging
1,360,57.45898055948823,1.2849236967209148,10.028224558612052,8561,10.028224558612052,5.729726156774534,0.17452841071953348,0,10.028224558612052,DC_Charging
1,240,51.1423383641819,1.1801720058057197,7.829865979548572,8564,7.829865979548572,6.531700350652809,0.1530994911455262,0,7.829865979548572,240
1,360,50.16212385029395,1.977908389758378,23.467329768999534,8566,23.467329768999534,2.1375301043648514,0.46782966843741436,0,23.467329768999534,DC_Charging
1,360,94.3624814722061,3.6740958533884416,18.08296622711849,8569,18.08296622711849,5.218307676242489,0.19163300863855218,0,18.08296622711849,DC_Charging
1,360,36.23210967515672,2.407439500468098,24.205672692454,8571,24.205672692454,1.4968437413619948,0.6680724062019251,0,24.205672692454,DC_Charging
1,360,34.782771753046646,1.1115901962650012,13.98801950001085,8573,13.98801950001085,2.4866116145333987,0.40215367536906055,0,13.98801950001085,DC_Charging
1,360,26.941697254279138,1.4144417944291705,15.485888646953256,8586,15.485888646953256,1.7397579091839677,0.5747926160997017,0,15.485888646953256,DC_Charging
1,120,353.6727801740521,10.043320585136748,6.301246075128319,8589,6.301246075128319,56.12743510684907,0.017816598925219244,0,6.301246075128319,120
1,120,376.6851092767804,7.409570728641665,7.584084742485658,8590,7.584084742485658,49.667840229501856,0.020133752451873613,0,7.584084742485658,120
1,360,42.60276864312342,1.4272153836345178,23.47372472750021,8592,23.47372472750021,1.8149130203104467,0.5509905922813573,0,23.47372472750021,DC_Charging
1,240,113.02034759348972,1.6997964300809918,5.864731870075332,8593,5.864731870075332,19.271187515012173,0.05189093818017205,0,5.864731870075332,240
1,360,38.98976684931742,1.240065122511193,14.865502731468212,8594,14.865502731468212,2.6228354031230627,0.38126677671396375,0,14.865502731468212,DC_Charging
1,120,1061.171768599862,22.084633186245544,7.8969297761168065,8598,7.8969297761168065,134.37776435713434,0.007441707374609319,0,7.8969297761168065,120
1,120,427.6002580442084,7.514186200577218,6.4596711798597966,8599,6.4596711798597966,66.19535981605324,0.015106799068376496,0,6.4596711798597966,120
1,360,35.89668798255974,2.108603588513723,25.66110862517843,8601,25.66110862517843,1.3988751813839508,0.7148600627903547,0,25.66110862517843,DC_Charging
1,120,760.8961363820251,14.191767027628885,9.640879923801847,8609,9.640879923801847,78.9239304291603,0.012670428279006827,0,9.640879923801847,120
1,240,101.83206978211092,2.6417460074590418,14.359385065338245,8610,14.359385065338245,7.091673446930591,0.14101044097466425,0,14.359385065338245,240
1,240,92.9104079651216,1.6340945028597011,6.568352167295686,8611,6.568352167295686,14.145162378431754,0.07069554758344655,0,6.568352167295686,240
1,240,60.35531791977862,1.257241305616408,6.396762440963215,8614,6.396762440963215,9.435291442633346,0.10598506745446165,0,6.396762440963215,240
1,360,26.391379551436323,2.2910288913645447,4.277683028416519,8627,4.277683028416519,6.169550052240708,0.1620863744572121,0,4.277683028416519,DC_Charging
1,120,234.5962813168398,4.957091263467359,5.04739289024603,8629,5.04739289024603,46.478704237625664,0.021515229746669126,0,5.04739289024603,120
1,240,66.00710633731485,2.751186114386526,5.193261227504834,8631,5.193261227504834,12.710145599401857,0.07867730484905384,0,5.193261227504834,240
1,360,40.91475093199455,1.5033582711085494,10.35008748294142,8633,10.35008748294142,3.9530826188115338,0.25296713892123074,0,10.35008748294142,DC_Charging
1,360,56.17565293522145,1.5520816956443375,15.220048223655825,8634,15.220048223655825,3.6908984853221556,0.2709367391102105,0,15.220048223655825,DC_Charging
1,360,32.86125495078737,1.9855667669628636,24.254933857154494,8637,24.254933857154494,1.354827646379842,0.738101265258384,0,24.254933857154494,DC_Charging
1,360,38.07140817686065,1.403986305325983,9.071162396958186,8643,9.071162396958186,4.196971293296111,0.2382670573890548,0,9.071162396958186,DC_Charging
1,240,41.962421147415895,2.488044153887453,2.414268727594589,8644,2.414268727594589,17.381006790086854,0.05753406647135905,0,2.414268727594589,240
1,120,74.73396067699892,2.862241829483669,2.952477760992238,8645,2.952477760992238,25.31228572298648,0.039506507272548855,0,2.952477760992238,120
1,360,32.09041931642735,1.540576254948878,21.88202954880576,8646,21.88202954880576,1.466519330158693,0.6818866819108271,0,21.88202954880576,DC_Charging
1,240,52.25153718035872,1.2691325093046335,6.5322056635829,8656,6.5322056635829,7.999064921005391,0.12501461231724964,0,6.5322056635829,240
1,120,41.31112028122608,3.1797296154804364,1.5497086414406596,8657,1.5497086414406596,26.65734653374709,0.03751311101928474,0,1.5497086414406596,120
1,120,86.57505789837724,6.24825664239376,2.8940321702159224,8659,2.8940321702159224,29.91502955266662,0.03342801310757389,0,2.8940321702159224,120
1,240,81.15015757494989,1.218792508009157,5.501959530233208,8663,5.501959530233208,14.749319243267903,0.06779973933077857,0,5.501959530233208,240
1,240,54.96503892446848,1.077944724669026,6.41634700137152,8664,6.41634700137152,8.566406853108083,0.11673505790087216,0,6.41634700137152,240
1,240,101.1751690558189,3.362229235602633,12.822788116329916,8669,12.822788116329916,7.890262877148502,0.1267384896511071,0,12.822788116329916,240
1,240,141.08247096061154,3.18522627584575,13.773530260403035,8670,13.773530260403035,10.243014557146894,0.09762750940369078,0,13.773530260403035,240
1,120,272.27236069628043,3.5929907030846127,7.417757534086036,8671,7.417757534086036,36.70548133248304,0.02724388738951192,0,7.417757534086036,120
1,120,572.6730650357438,18.4348422505278,4.703122630857664,8678,4.703122630857664,121.76443396954562,0.008212578725985856,0,4.703122630857664,120
1,360,93.25420187141049,4.641022726025125,22.39137800126157,8679,22.39137800126157,4.16473706380002,0.24011119662079522,0,22.39137800126157,DC_Charging
1,120,280.2827712141404,6.408479748474883,6.557902072349918,8681,6.557902072349918,42.739700611861316,0.023397449810925338,0,6.557902072349918,120
1,360,57.88951162914639,1.225308829514903,10.909421528990364,8683,10.909421528990364,5.306377746548025,0.18845247130220485,0,10.909421528990364,DC_Charging
1,360,42.77393757768596,1.5840090646347762,30.67922756459393,8684,30.67922756459393,1.3942312428703456,0.7172411356535592,0,30.67922756459393,DC_Charging
1,360,53.949357404312615,1.3657239172726436,22.805601446019907,8685,22.805601446019907,2.365618706965871,0.4227223926896462,0,22.805601446019907,DC_Charging
1,120,182.31429604619447,2.9337146161023377,6.3820823474258646,8686,6.3820823474258646,28.56658471662133,0.03500593472828255,0,6.3820823474258646,120
1,120,303.729528859743,4.01147125819831,6.369359044575575,8687,6.369359044575575,47.686042933694,0.02097049657465749,0,6.369359044575575,120
1,240,111.02578258331788,4.318979220850147,4.664128372187562,8689,4.664128372187562,23.804186704073228,0.04200941676486204,0,4.664128372187562,240
1,360,91.08374315961676,3.4072052733668747,25.042704480687064,8690,25.042704480687064,3.6371368447789076,0.2749415385443897,0,25.042704480687064,DC_Charging
1,240,95.39812835044144,1.4278468162802898,8.805904847482424,8691,8.805904847482424,10.833427115410567,0.09230689322472097,0,8.805904847482424,240
1,240,76.63236840457503,1.4856577285826718,4.816308400258222,8692,4.816308400258222,15.911017741402617,0.06284953082528875,0,4.816308400258222,240
1,120,150.24197424219204,1.9319556610295705,1.8205201457601132,8695,1.8205201457601132,82.52694956004578,0.012117253882895673,0,1.8205201457601132,120
1,240,60.5825332545632,1.4125007400095084,3.610742148117339,8696,3.610742148117339,16.778415840674548,0.059600382389842874,0,3.610742148117339,240
1,120,136.32255310510766,2.057139758622794,4.756713715376321,8704,4.756713715376321,28.658977870465066,0.034893079736474646,0,4.756713715376321,120
1,120,320.9872461123949,11.906181964446212,5.224761394181968,8710,5.224761394181968,61.43577130045215,0.016277161966592586,0,5.224761394181968,120
1,360,58.93450141251618,2.5719055592014546,31.061001591022688,8712,31.061001591022688,1.897379298597684,0.5270427482470587,0,31.061001591022688,DC_Charging
1,120,201.47911312706705,1.997854476187822,5.699362240097031,8716,5.699362240097031,35.35116819029157,0.028287608336366895,0,5.699362240097031,120
1,120,233.43587852706904,5.154511396622712,5.995212338441888,8717,5.995212338441888,38.93704932355028,0.02568248024369865,0,5.995212338441888,120
1,120,298.84789218032324,7.224369270658239,6.301645760034603,8718,6.301645760034603,47.42378476359836,0.021086465472649956,0,6.301645760034603,120
1,120,111.23595934179669,1.686407522045822,2.417607761915903,8727,2.417607761915903,46.010755381445556,0.02173404873946632,0,2.417607761915903,120
1,240,92.73560996823412,3.055214021115033,8.332186639068752,8730,8.332186639068752,11.12980469417314,0.08984883629840662,0,8.332186639068752,240
1,360,45.37531710645944,1.692774152365149,9.548902434741407,8731,9.548902434741407,4.751888231821508,0.21044266009949417,0,9.548902434741407,DC_Charging
1,240,31.3486014732208,2.1485249951807828,4.28702566310109,8734,4.28702566310109,7.312436158953216,0.13675333066335463,0,4.28702566310109,240
1,120,95.3283194575322,1.733225994153967,3.118779989085212,8736,3.118779989085212,30.565900701925923,0.03271619605624745,0,3.118779989085212,120
1,120,134.25003863061073,2.377272675937228,2.721043546711428,8744,2.721043546711428,49.33770310029081,0.020268474962591147,0,2.721043546711428,120
1,360,47.275107333968855,1.3972220247726157,22.13931005369345,8747,22.13931005369345,2.1353469109613044,0.46830798071579555,0,22.13931005369345,DC_Charging
1,360,65.1308072838399,2.1678918647724235,28.7019863331676,8748,28.7019863331676,2.26920905500452,0.44068218298115686,0,28.7019863331676,DC_Charging
1,120,226.4919490481912,8.61946576863734,4.605791029406703,8749,4.605791029406703,49.17547227004063,0.020335341051909612,0,4.605791029406703,120
1,240,89.1880268946768,3.1924361078128123,4.34888522911865,8751,4.34888522911865,20.508250320680855,0.048760863767670304,0,4.34888522911865,240
1,360,33.8123707825683,1.181178282793013,16.160173737405557,8754,16.160173737405557,2.0923271823683205,0.4779367244410086,0,16.160173737405557,DC_Charging
1,360,39.51262758872403,2.153380448946388,24.694678848533343,8758,24.694678848533343,1.600046221741845,0.6249819451536709,0,24.694678848533343,DC_Charging
1,360,47.198356526500845,1.7981769999412678,11.755704357450313,8761,11.755704357450313,4.014932248324903,0.24907020546043254,0,11.755704357450313,DC_Charging
1,240,82.22805159210482,1.4731445139880546,6.806114725926108,8762,6.806114725926108,12.081496551752005,0.08277120269963445,0,6.806114725926108,240
1,360,34.14050125876167,1.4856846729962272,16.599560677722522,8763,16.599560677722522,2.0567111336012647,0.48621315053077857,0,16.599560677722522,DC_Charging
1,360,37.79354775143392,1.1931290107412502,17.548012960353347,8765,17.548012960353347,2.1537223523154334,0.46431240262929696,0,17.548012960353347,DC_Charging
1,120,502.5707879917109,9.6993372830365,8.409800451809318,8770,8.409800451809318,59.7601323445892,0.016733564012773507,0,8.409800451809318,120
1,120,227.7649373378503,6.87852064026793,4.114969637711283,8771,4.114969637711283,55.35033241813457,0.018066738830865042,0,4.114969637711283,120
1,360,57.93124033059099,1.6216720715669652,14.497051535249184,8772,14.497051535249184,3.9960705243913055,0.2502458337249499,0,14.497051535249184,DC_Charging
1,360,41.63290449442769,2.43375028003681,35.90514934820574,8773,35.90514934820574,1.1595246155551273,0.8624223984423528,0,35.90514934820574,DC_Charging
1,360,45.21177398269927,2.308719747990125,31.358217279464043,8775,31.358217279464043,1.4417839375169992,0.6935851995425699,0,31.358217279464043,DC_Charging
1,120,322.05171223126143,4.572994949981435,8.310212295991576,8776,8.310212295991576,38.75372863658403,0.025803968680731974,0,8.310212295991576,120
1,240,47.170842571711006,2.7537127255060043,6.750258760271805,8777,6.750258760271805,6.988005089424399,0.14310235713957814,0,6.750258760271805,240
1,120,190.8196415401804,4.93786915405835,5.500835416434256,8782,5.500835416434256,34.68921120055492,0.028827406717855924,0,5.500835416434256,120
1,360,54.31976075745624,1.3218124480047602,12.073903503471996,8787,12.073903503471996,4.498939447531276,0.2222746075297223,0,12.073903503471996,DC_Charging
1,240,49.8271801496952,2.0365334460076023,7.211228685528539,8788,7.211228685528539,6.909665789643887,0.1447248000762622,0,7.211228685528539,240
1,120,369.8872688600046,7.633974371168224,7.028755872268491,8789,7.028755872268491,52.62485645850517,0.019002427128490176,0,7.028755872268491,120
1,360,70.01996682193939,2.8461494986217684,12.6126204697714,8790,12.6126204697714,5.5515796253249565,0.18012891239787737,0,12.6126204697714,DC_Charging
1,120,252.11695299829705,4.454728346273561,8.053015058792695,8793,8.053015058792695,31.307150322912015,0.03194158489947754,0,8.053015058792695,120
1,360,43.49669824760964,1.0123556822130233,17.44237957032793,8805,17.44237957032793,2.493736480864341,0.4010046801951565,0,17.44237957032793,DC_Charging
1,240,67.13066697460741,2.010243975419546,3.638436981415808,8806,3.638436981415808,18.450413547766097,0.05419932715389331,0,3.638436981415808,240
1,240,77.08489445987435,1.226663006430163,5.221347418940724,8807,5.221347418940724,14.763410337386222,0.06773502714800544,0,5.221347418940724,240
1,240,58.80893659144535,2.359557692614543,5.973429511048977,8808,5.973429511048977,9.845087563629438,0.10157349983298121,0,5.973429511048977,240
1,120,373.2683636437204,15.590997115640494,3.732071497483588,8809,3.732071497483588,100.01640212289686,0.00999836005669583,0,3.732071497483588,120
1,360,98.09789333989468,4.98760748483806,21.092835047794523,8810,21.092835047794523,4.650768524838573,0.21501822648434427,0,21.092835047794523,DC_Charging
1,360,44.24174437523493,3.149970303191182,34.02344113615206,8812,34.02344113615206,1.3003312686154276,0.7690348022352677,0,34.02344113615206,DC_Charging
1,360,45.666292896945016,1.5929584842953082,21.388052311704413,8816,21.388052311704413,2.1351309708530386,0.4683553438412609,0,21.388052311704413,DC_Charging
1,360,88.42550464422428,3.1160400661264545,17.873922694358924,8819,17.873922694358924,4.947179539504873,0.20213537673631363,0,17.873922694358924,DC_Charging
1,360,43.11241106534849,2.1535771607760705,25.88772996704597,8821,25.88772996704597,1.6653608145723413,0.6004704753767107,0,25.88772996704597,DC_Charging
1,240,82.56866869003629,2.2905403697749835,3.683593049057919,8823,3.683593049057919,22.41525260537487,0.04461247961846362,0,3.683593049057919,240
1,360,27.33063934323064,1.783628073264988,15.965468900659204,8824,15.965468900659204,1.7118594833191636,0.5841600959332697,0,15.965468900659204,DC_Charging
1,360,35.33688581541379,1.6306047610360737,6.6950772628968735,8827,6.6950772628968735,5.278040032673793,0.1894642696549256,0,6.6950772628968735,DC_Charging
1,240,84.86820730251851,1.6135751872399104,5.2918335175190805,8831,5.2918335175190805,16.037580740504183,0.06235354422718014,0,5.2918335175190805,240
1,360,33.24791738559352,1.124500884986381,12.398897292900656,8836,12.398897292900656,2.6815221225060526,0.3729225247134775,0,12.398897292900656,DC_Charging
1,360,40.9900530560218,1.247631395609211,11.52805049624152,8837,11.52805049624152,3.5556795200876117,0.2812401945536869,0,11.52805049624152,DC_Charging
1,120,672.1604664070175,12.981102751042291,9.859499240774667,8839,9.859499240774667,68.17389504197632,0.014668371220160967,0,9.859499240774667,120
1,240,136.56710851884304,1.9501695562712271,6.665717075822187,8843,6.665717075822187,20.487984558210204,0.04880909574872104,0,6.665717075822187,240
1,120,1055.5915282307362,16.430744243008068,11.9019723796154,8844,11.9019723796154,88.69047033235063,0.011275168529974986,0,11.9019723796154,120
1,120,111.00985441919258,1.7083173807338083,1.7174514005500754,8846,1.7174514005500754,64.63638760528403,0.015471161632774323,0,1.7174514005500754,120
1,360,98.15302420159703,5.324484858265349,22.58067043823523,8849,22.58067043823523,4.346771920261376,0.23005577894224297,0,22.58067043823523,DC_Charging
1,240,108.81376798257124,1.6474901029714402,5.394036278765498,8858,5.394036278765498,20.172976665161553,0.04957126638266458,0,5.394036278765498,240
1,120,116.57441665077673,7.316888990302007,1.7240462015038958,8859,1.7240462015038958,67.61675908052126,0.014789232929800028,0,1.7240462015038958,120
1,240,85.38255610749528,3.67567835338981,5.358730778709699,8860,5.358730778709699,15.933354302239103,0.06276142367959964,0,5.358730778709699,240
1,120,168.41171493489355,2.0524204357831914,5.42735168105871,8861,5.42735168105871,31.030182827961056,0.03222668733678578,0,5.42735168105871,120
1,240,56.72146464426566,2.1071723646642773,6.630128465624438,8862,6.630128465624438,8.55510793468819,0.11688923244852635,0,6.630128465624438,240
1,360,43.24363089944441,1.8694312374277648,36.612441750502654,8863,36.612441750502654,1.1811184622465318,0.8466551255984623,0,36.612441750502654,DC_Charging
1,240,100.80410754446235,1.4814679603284366,6.218486319219238,8864,6.218486319219238,16.210393071527864,0.06168881874656157,0,6.218486319219238,240
1,240,46.14003444324224,2.3740375852377915,2.6137198226031586,8865,2.6137198226031586,17.65301469737818,0.05664754814646587,0,2.6137198226031586,240
1,120,104.64261125558238,3.0652214933026314,3.361238845364582,8866,3.361238845364582,31.13215575260084,0.03212112928981663,0,3.361238845364582,120
1,240,93.47716675427242,3.827368709630481,3.987311943995408,8870,3.987311943995408,23.44365529139048,0.0426554642426961,0,3.987311943995408,240
1,240,60.43711705812014,1.1748572642587247,6.850021778236055,8872,6.850021778236055,8.822908746092084,0.11334130599989808,0,6.850021778236055,240
1,360,37.51906636174845,1.2819705537737809,21.904611746011252,8876,21.904611746011252,1.7128386842364614,0.5838261414826544,0,21.904611746011252,DC_Charging
1,360,38.89596275809753,1.9404153263495945,22.41855657488944,8877,22.41855657488944,1.7349896113144097,0.5763723272339427,0,22.41855657488944,DC_Charging
1,120,112.7570990157624,1.7176478965442357,3.110761310652734,8882,3.110761310652734,36.24742876595134,0.027588163741405568,0,3.110761310652734,120
1,120,86.01162299204482,1.9072761631782724,2.9576403576985086,8884,2.9576403576985086,29.081163559377067,0.03438651957505859,0,2.9576403576985086,120
1,120,244.7884826337128,3.966867511220057,5.041297695425072,8889,5.041297695425072,48.556641052135426,0.02059450526914118,0,5.041297695425072,120
1,240,84.13838705846727,1.595270068428177,6.111712161857113,8891,6.111712161857113,13.766745689296478,0.07263880822448046,0,6.111712161857113,240
1,120,211.17451162215943,2.878134454692159,5.82069158946328,8892,5.82069158946328,36.27996920579529,0.027563419205997065,0,5.82069158946328,120
1,120,92.20031776001228,1.3188862494711815,2.5567147628432565,8894,2.5567147628432565,36.062027371985245,0.027729999472432577,0,2.5567147628432565,120
1,240,35.96245600465327,1.9739838390650224,2.684180940874868,8895,2.684180940874868,13.3979253995194,0.07463842126153884,0,2.684180940874868,240
1,360,33.28085103427087,1.4533532258560955,12.080914642869873,8896,12.080914642869873,2.7548287541219527,0.3629989699010276,0,12.080914642869873,DC_Charging
1,120,163.45346716874366,7.7360081104062415,3.618652578554361,8897,3.618652578554361,45.16970436383886,0.022138732455387992,0,3.618652578554361,120
1,120,308.5753382004655,5.068883811416241,5.735741893338471,8899,5.735741893338471,53.798679218611106,0.018587816922725868,0,5.735741893338471,120
1,360,85.42678139791519,3.10140731238578,16.409360622940838,8900,16.409360622940838,5.205978670398997,0.19208684155506883,0,16.409360622940838,DC_Charging
1,360,49.68406934542817,1.704757195998925,18.65935349583592,8901,18.65935349583592,2.662689752703159,0.37556008881049746,0,18.65935349583592,DC_Charging
1,240,62.56315192897159,1.2872763138495906,7.519377421510768,8903,7.519377421510768,8.320256907173787,0.12018859647684588,0,7.519377421510768,240
1,240,111.89730171681065,1.6277134317435669,5.10866958244192,8906,5.10866958244192,21.90341338601982,0.04565498456228128,0,5.10866958244192,240
1,360,43.16784342969589,1.940437339759362,29.8915235552124,8907,29.8915235552124,1.444149989543387,0.6924488503553438,0,29.8915235552124,DC_Charging
1,240,143.1432194782292,3.4255700925458976,6.924321536961955,8909,6.924321536961955,20.67252635715026,0.04837338130441506,0,6.924321536961955,240
1,120,197.42621162043775,7.39022217420695,4.252652761159979,8910,4.252652761159979,46.424249217701615,0.021540466821781127,0,4.252652761159979,120
1,360,43.85748293100446,2.0209144915093424,31.43598930081336,8917,31.43598930081336,1.3951360814933764,0.7167759570303591,0,31.43598930081336,DC_Charging
1,120,312.8389385799101,3.7376994623906903,8.543062060982166,8918,8.543062060982166,36.61906425902098,0.027308180048692902,0,8.543062060982166,120
1,240,114.44088098241475,3.5756163112378507,15.916549133482846,8919,15.916549133482846,7.190056087074252,0.1390809734847167,0,15.916549133482846,240
1,360,40.29757134075459,4.559359315649592,19.06044562606877,8920,19.06044562606877,2.114198803706878,0.4729924159670675,0,19.06044562606877,DC_Charging
1,360,41.92536206010776,1.3082428539022184,27.56240972440928,8923,27.56240972440928,1.5211065534294934,0.6574161407334651,0,27.56240972440928,DC_Charging
1,240,122.39482961470036,1.818522321570256,5.379006460935145,8924,5.379006460935145,22.75417040369606,0.04394798765493844,0,5.379006460935145,240
1,120,105.38316058156288,1.5916836437088506,3.495058348052453,8925,3.495058348052453,30.152046142601712,0.03316524508056864,0,3.495058348052453,120
1,120,203.37594715791053,3.2517187486386123,4.129058530658071,8927,4.129058530658071,49.25479879925494,0.020302590293295984,0,4.129058530658071,120
1,120,388.1834200519276,4.532804803607934,8.269719218922873,8928,8.269719218922873,46.940338574456256,0.02130363841355364,0,8.269719218922873,120
1,120,149.0987791643572,4.4261031648555305,3.77646982915752,8939,3.77646982915752,39.48099307273406,0.02532864353634026,0,3.77646982915752,120
1,240,41.09082847669265,2.22115322165133,5.435245457957976,8943,5.435245457957976,7.560068592031995,0.1322739321510865,0,5.435245457957976,240
1,120,631.1229266844033,6.791430660223783,12.793128165575496,8944,12.793128165575496,49.332963643924565,0.02027042217081867,0,12.793128165575496,120
1,240,112.87502331858478,4.031893714815124,4.548694375189115,8949,4.548694375189115,24.81481805730066,0.04029850219698848,0,4.548694375189115,240
1,120,222.99831288692525,11.598684568231064,3.845507069950571,8950,3.845507069950571,57.98931293859033,0.017244556786851096,0,3.845507069950571,120
1,360,50.7172637570265,1.887231984994904,30.48870276582588,8953,30.48870276582588,1.6634772606289556,0.6011503876054807,0,30.48870276582588,DC_Charging
1,120,224.55861113612977,2.8435378276869483,6.869223307275831,8954,6.869223307275831,32.69053881219423,0.03058989041890554,0,6.869223307275831,120
1,360,21.0018230594158,3.366401217021776,12.132865353918945,8955,12.132865353918945,1.7309862465944337,0.5777053410836821,0,12.132865353918945,DC_Charging
1,240,71.33749661210958,1.3909526937244612,9.904555387190214,8956,9.904555387190214,7.202493582334041,0.13884080403108667,0,9.904555387190214,240
1,360,45.31274427703093,2.099167056121855,36.4205513616381,8957,36.4205513616381,1.2441531658073417,0.8037595590982493,0,36.4205513616381,DC_Charging
1,360,50.89092928056435,2.396702415827165,36.80230873452909,8958,36.80230873452909,1.3828189325746532,0.7231604778060947,0,36.80230873452909,DC_Charging
1,240,117.72496545166108,3.266237384863052,12.63567729280311,8959,12.63567729280311,9.31687021784844,0.10733218093821766,0,12.63567729280311,240
1,360,48.353328591799496,3.058623105805272,30.542377118033343,8961,30.542377118033343,1.5831553780157444,0.6316499402941453,0,30.542377118033343,DC_Charging
1,360,30.07335742901621,2.659862691483165,26.279246313065585,8966,26.279246313065585,1.144376709695219,0.8738381264909955,0,26.279246313065585,DC_Charging
1,360,47.57688942047572,1.8460385554578371,28.339030804410086,8971,28.339030804410086,1.6788467378733314,0.5956469863751492,0,28.339030804410086,DC_Charging
1,360,46.65960806844571,1.2695836961512292,16.807138699159026,8972,16.807138699159026,2.776177962449992,0.3602074555470841,0,16.807138699159026,DC_Charging
1,360,39.7827151288874,1.3172016953021308,20.70876283315458,8973,20.70876283315458,1.921057064075096,0.5205467441340457,0,20.70876283315458,DC_Charging
1,360,37.35795364345616,1.4399649341963994,26.99131828070024,8974,26.99131828070024,1.384072954679225,0.7225052672398773,0,26.99131828070024,DC_Charging
1,360,45.51372888169781,2.1239344315049453,27.26462781568401,8977,27.26462781568401,1.6693324841762918,0.5990418382671296,0,27.26462781568401,DC_Charging
1,360,96.15056129287,7.013423746327159,29.06942999035201,8979,29.06942999035201,3.3076177043988086,0.30233240034665965,0,29.06942999035201,DC_Charging
1,360,87.49453065987602,2.940317934603485,14.433110277011352,8980,14.433110277011352,6.062070404827075,0.16496014285873767,0,14.433110277011352,DC_Charging
1,360,26.37875504739103,3.742525506240847,13.427744529078325,8981,13.427744529078325,1.9644963448825503,0.509036325063657,0,13.427744529078325,DC_Charging
1,240,131.78802686107207,1.8362808033906417,6.098597500869417,8982,6.098597500869417,21.609562992521536,0.04627580855503982,0,6.098597500869417,240
1,360,33.613974688414864,2.533146812784677,33.750631207301154,8986,33.750631207301154,0.9959509936852166,1.0040654674180316,0,33.750631207301154,DC_Charging
1,360,91.16714173272156,4.919130283020557,24.8485325571491,8989,24.8485325571491,3.668914513283487,0.2725601799604353,0,24.8485325571491,DC_Charging
1,240,99.30993397291924,1.1551884587387122,4.599812409350079,8993,4.599812409350079,21.589996533565383,0.04631774713096073,0,4.599812409350079,240
1,120,132.22438207938546,2.178191851149013,3.681161632544644,8994,3.681161632544644,35.91920031720636,0.0278402634571174,0,3.681161632544644,120
1,240,33.668770955718486,2.578827455768758,4.807756808617356,8998,4.807756808617356,7.003010405054402,0.14279573242933538,0,4.807756808617356,240
1,240,105.88736860245434,2.7513271763163165,9.870390654471125,8999,9.870390654471125,10.727778900472304,0.09321594052949524,0,9.870390654471125,240
1,120,148.44331241405985,4.257629785008093,4.735472127960676,9000,4.735472127960676,31.347098748100272,0.031900878867158415,0,4.735472127960676,120
1,240,53.49896760555919,0.9749489994241676,7.711276137144196,9003,7.711276137144196,6.937757986367748,0.14413878402286967,0,7.711276137144196,240
1,360,36.04145337451291,1.7462075660547982,34.409270299025906,9007,34.409270299025906,1.0474343995470665,0.9547137275923168,0,34.409270299025906,DC_Charging
1,360,41.7101590319246,2.0354385870594043,29.72202384786908,9008,29.72202384786908,1.4033418197030012,0.71258476442442,0,29.72202384786908,DC_Charging
1,240,83.58777704513324,2.5862413960711845,9.754648567024075,9010,9.754648567024075,8.569019834061946,0.1166994614745772,0,9.754648567024075,240
1,120,176.39907888471623,1.9704562341765943,5.494998351448615,9012,5.494998351448615,32.101752830956386,0.031150946967471487,0,5.494998351448615,120
1,360,24.576552401610485,1.6179556796763712,21.091694280457816,9016,21.091694280457816,1.1652241908504009,0.858203947233693,0,21.091694280457816,DC_Charging
1,360,57.89224353725929,2.4920819415606528,29.90560412139031,9021,29.90560412139031,1.9358326052290389,0.5165735907633835,0,29.90560412139031,DC_Charging
1,240,68.14024490463215,3.715043965487059,3.2462544938857008,9022,3.2462544938857008,20.99041989251732,0.047640781133515143,0,3.2462544938857008,240
1,120,171.76807179427072,4.820281620014985,5.559139452139604,9023,5.559139452139604,30.89832037369751,0.03236421876353058,0,5.559139452139604,120
1,360,42.511369219340736,2.077816866363799,31.13205390988496,9031,31.13205390988496,1.365517654003633,0.7323230110339822,0,31.13205390988496,DC_Charging
1,240,98.5993216534734,1.363340129155737,5.523742357626119,9034,5.523742357626119,17.85009424223895,0.05602211318490884,0,5.523742357626119,240
1,240,46.04869384924395,2.7187080579373424,2.5795051292707853,9035,2.5795051292707853,17.851755100894767,0.05601690110289929,0,2.5795051292707853,240
1,360,47.99504785110304,2.644387088309311,37.63081391142792,9038,37.63081391142792,1.275418808747255,0.7840561807162169,0,37.63081391142792,DC_Charging
1,360,95.95926889518242,4.808854018736463,27.4225616410515,9039,27.4225616410515,3.4992817283536213,0.28577293216985145,0,27.4225616410515,DC_Charging
1,360,66.15526914931691,4.912235683081366,29.461237773282463,9040,29.461237773282463,2.245502027389738,0.4453347125954013,0,29.461237773282463,DC_Charging
1,360,22.9979930196432,6.023550095348799,24.56322414820769,9041,24.56322414820769,0.9362774561221964,1.0680594661989673,0,24.56322414820769,DC_Charging
1,360,30.01879831928094,4.699110655076021,29.38111760310869,9042,29.38111760310869,1.0217037596998957,0.9787572870376138,0,29.38111760310869,DC_Charging
1,120,346.4918402012877,5.082525081180986,5.975494549731479,9044,5.975494549731479,57.98546669528098,0.017245700638318442,0,5.975494549731479,120
1,360,51.26643979436587,1.2525977089064055,12.48193183218281,9045,12.48193183218281,4.107252025057769,0.24347178938597877,0,12.48193183218281,DC_Charging
1,360,20.43684203281221,3.022084367736731,19.579528071346573,9046,19.579528071346573,1.0437862423620037,0.9580505657337283,0,19.579528071346573,DC_Charging
1,360,21.630959804334307,3.048979119039755,19.12463668737304,9051,19.12463668737304,1.1310520643048898,0.8841325979229521,0,19.12463668737304,DC_Charging
1,360,69.92335360851459,5.165979150360649,34.80826408350073,9059,34.80826408350073,2.008814729765813,0.49780598737275267,0,34.80826408350073,DC_Charging
1,120,520.1588933135324,10.547501633870066,7.76373478109501,9068,7.76373478109501,66.99853974663574,0.014925698437333686,0,7.76373478109501,120
1,360,58.48888050316037,2.4332924011136456,27.87388084117505,9071,27.87388084117505,2.09834004946886,0.4765671799731049,0,27.87388084117505,DC_Charging
1,240,87.47282982315684,3.5495503207857544,4.117001369318274,9072,4.117001369318274,21.246733235272472,0.04706605899959547,0,4.117001369318274,240
1,120,361.1381915692649,7.837929845415362,7.69092551399882,9081,7.69092551399882,46.956402179676644,0.021296350520500766,0,7.69092551399882,120
1,120,135.64190720708868,2.887337116618656,5.26413035745172,9082,5.26413035745172,25.767201417244294,0.038809026397828586,0,5.26413035745172,120
1,360,18.598591436642835,1.8652198079783184,7.790830087034051,9084,7.790830087034051,2.3872413117564566,0.41889355511539456,0,7.790830087034051,DC_Charging
1,240,100.62651513281604,1.396830450239671,4.7252801628502255,9086,4.7252801628502255,21.295354278447583,0.046958598900233905,0,4.7252801628502255,240
1,240,103.48894447612504,3.081609332177252,7.349952655087378,9089,7.349952655087378,14.080219197669749,0.07102162160696321,0,7.349952655087378,240
1,360,82.09614050804224,5.185788753649535,33.528389745865056,9090,33.528389745865056,2.448556018654814,0.4084039704957942,0,33.528389745865056,DC_Charging
1,360,49.74840339152704,2.7110040689478185,38.77029059895966,9091,38.77029059895966,1.2831578670927466,0.7793273342630102,0,38.77029059895966,DC_Charging
1,360,31.95724706886177,2.0876230479324827,30.7604968288733,9092,30.7604968288733,1.0389054262239725,0.9625515227450694,0,30.7604968288733,DC_Charging
1,360,25.886838774576876,2.077970608017615,26.5218134173404,9102,26.5218134173404,0.9760584002016858,1.0245288599466662,0,26.5218134173404,DC_Charging
1,360,44.0752524085319,1.074462995726554,12.868052431967484,9104,12.868052431967484,3.4251688545376044,0.2919564092950388,0,12.868052431967484,DC_Charging
1,240,71.28574110928693,1.3120422803744556,7.938905018046341,9108,7.938905018046341,8.979291343988066,0.11136736315717535,0,7.938905018046341,240
1,240,58.43348123056669,5.109681880113883,9.317884558904652,9109,9.317884558904652,6.271110235501323,0.15946139717635793,0,9.317884558904652,240
1,360,30.18775746006709,1.7840192075297376,33.09499807914247,9113,33.09499807914247,0.9121546823443505,1.0963052861055058,0,33.09499807914247,DC_Charging
1,360,41.83975001636505,1.3913432116137372,9.692672426242185,9114,9.692672426242185,4.3166371642857815,0.23166181495948296,0,9.692672426242185,DC_Charging
1,360,42.176300505450136,1.1569955835733483,9.33154878663852,9116,9.33154878663852,4.519753523213717,0.22125100292835478,0,9.33154878663852,DC_Charging
1,240,76.32608583956184,1.5086707232609284,6.472527711012191,9117,6.472527711012191,11.792315034774223,0.08480099090391593,0,6.472527711012191,240
1,360,57.30240141145598,1.7865100688717537,26.025746161249916,9118,26.025746161249916,2.2017582534011764,0.45418246914948335,0,26.025746161249916,DC_Charging
1,120,141.93750304702723,5.247569652323032,4.700824442646493,9119,4.700824442646493,30.194172273133983,0.033118973785871086,0,4.700824442646493,120
1,360,60.48550087892456,3.608031673496016,21.13235389290413,9120,21.13235389290413,2.862222598838576,0.3493788360156813,0,21.13235389290413,DC_Charging
1,360,60.19535605914359,1.575601350961804,13.623764995307894,9121,13.623764995307894,4.418408279934015,0.2263258478265694,0,13.623764995307894,DC_Charging
1,360,69.26866635286046,3.473083483973584,22.113355515091115,9129,22.113355515091115,3.132435794540024,0.31924038211510825,0,22.113355515091115,DC_Charging
1,240,91.82210107612852,3.5917776761527827,9.50116506874616,9130,9.50116506874616,9.664299105609162,0.10347361863206404,0,9.50116506874616,240
1,120,218.91439337647304,16.226320323401076,0.3676571846199579,9131,0.3676571846199579,595.430750531264,0.0016794564256343246,0,0.3676571846199579,120
1,360,52.067848532304346,1.4274865888428538,9.923615361159008,9132,9.923615361159008,5.246862825427283,0.19059007892369742,0,9.923615361159008,DC_Charging
1,360,23.583356728109344,2.684409580554024,21.555053988383406,9133,21.555053988383406,1.0940987083966036,0.9139943154356659,0,21.555053988383406,DC_Charging
1,240,98.34877295545266,1.7041957659962137,4.984509131656097,9134,4.984509131656097,19.730884297282127,0.05068196563991544,0,4.984509131656097,240
1,240,69.12058443181195,1.222869391498104,4.519825467478398,9137,4.519825467478398,15.29275520242028,0.06539044055591349,0,4.519825467478398,240
1,360,30.68621486953381,4.753878257504861,21.55812656610053,9143,21.55812656610053,1.4234175115098782,0.7025345634108846,0,21.55812656610053,DC_Charging
1,360,40.21036353911013,1.8780995898723845,35.364359016454955,9147,35.364359016454955,1.137030746701795,0.8794836928559034,0,35.364359016454955,DC_Charging
1,240,92.71929941051025,2.068241561436756,11.416846497834657,9148,11.416846497834657,8.121270565220929,0.12313344223285291,0,11.416846497834657,240
1,240,91.88218834716628,1.2731478432998709,5.593204263632103,9152,5.593204263632103,16.427468766803095,0.06087365096811608,0,5.593204263632103,240
1,240,72.72615161161487,1.3478738596676247,5.563019726438185,9153,5.563019726438185,13.073142859081498,0.07649270039953183,0,5.563019726438185,240
1,240,69.20412272565468,1.2972743642978086,9.974025619965076,9158,9.974025619965076,6.938434425827854,0.1441247316941654,0,9.974025619965076,240
1,240,120.1543855206442,2.573177582071462,7.152691500294523,9159,7.152691500294523,16.798485649170896,0.05952917547953829,0,7.152691500294523,240
1,360,29.917221342797696,2.063480148957678,21.40969358402636,9162,21.40969358402636,1.3973680298310645,0.7156310854778147,0,21.40969358402636,DC_Charging
1,240,63.10151799342815,1.1940054966645544,5.53527493252642,9165,5.53527493252642,11.399888670864494,0.08772015489552729,0,5.53527493252642,240
1,360,53.061229887312486,11.817280192724557,16.841961246619718,9170,16.841961246619718,3.150537464748186,0.31740616043743103,0,16.841961246619718,DC_Charging
1,240,81.427481178594,1.7314827082076565,12.908770331795978,9172,12.908770331795978,6.3079192739239875,0.1585308810361371,0,12.908770331795978,240
1,120,348.276559370518,10.365327107783315,6.093318329398798,9173,6.093318329398798,57.1571253203968,0.01749563146142245,0,6.093318329398798,120
1,120,110.65325032735142,7.268288312539084,1.152904797181563,9177,1.152904797181563,95.97778636870865,0.010419077557784007,0,1.152904797181563,120
1,120,417.81848271817614,4.108235515459815,10.79563623223038,9183,10.79563623223038,38.70253440652055,0.025838101182115904,0,10.79563623223038,120
1,360,35.42264125675595,1.746369056428853,32.37999508886168,9185,32.37999508886168,1.0939668508146532,0.9141044806388072,0,32.37999508886168,DC_Charging
1,360,44.33353354633925,5.605933170327102,10.271524418548395,9190,10.271524418548395,4.3161590957503275,0.2316874743993093,0,10.271524418548395,DC_Charging
1,120,134.6217840382109,5.111236907379862,4.582426115926381,9191,4.582426115926381,29.377840609437918,0.034039261540507515,0,4.582426115926381,120
1,120,446.769531481249,3.963094236678624,10.406992621474728,9194,10.406992621474728,42.92974423363618,0.023293872764713168,0,10.406992621474728,120
1,240,102.36502350640303,1.4403651379859732,4.870823756122675,9195,4.870823756122675,21.015957183367423,0.04758289100395703,0,4.870823756122675,240
1,120,408.3574179617802,4.379555193526609,9.29177181169358,9196,9.29177181169358,43.948283087179064,0.02275401744401086,0,9.29177181169358,120
1,360,85.54256576733015,6.209551784804094,31.0635912161447,9199,31.0635912161447,2.753788677301131,0.3631360707678037,0,31.0635912161447,DC_Charging
1,360,30.28544799391865,1.4420341947145474,20.384801563067185,9202,20.384801563067185,1.485687653138075,0.6730889887169731,0,20.384801563067185,DC_Charging
1,360,45.01127472375367,1.4448063874333923,20.752936342068736,9206,20.752936342068736,2.1689111353611357,0.46106084463137514,0,20.752936342068736,DC_Charging
1,360,46.45647249978684,2.2810631566018653,27.55853777687957,9211,27.55853777687957,1.6857379326838533,0.59321201748596,0,27.55853777687957,DC_Charging
1,360,40.300601074651,1.2935267133653447,17.46194747719848,9214,17.46194747719848,2.307909878166502,0.43329248228463796,0,17.46194747719848,DC_Charging
1,360,76.36275885640988,3.8772634236731793,25.07167330962436,9220,25.07167330962436,3.045778313771192,0.32832330425316797,0,25.07167330962436,DC_Charging
1,120,641.7439971295253,10.885395850721336,10.93169563574726,9223,10.93169563574726,58.704890669566964,0.017034355887462833,0,10.93169563574726,120
1,360,32.191146937898374,1.4221011402236856,23.129387853960807,9227,23.129387853960807,1.3917855129220715,0.7185015152949014,0,23.129387853960807,DC_Charging
1,360,57.39357654668566,1.550319566219266,20.21041404239068,9228,20.21041404239068,2.8398021152018216,0.35213721218350846,0,20.21041404239068,DC_Charging
1,360,86.6860476403639,4.075809586764961,27.537904043592263,9229,27.537904043592263,3.1478810988352866,0.31767400629267706,0,27.537904043592263,DC_Charging
1,360,41.95339077551106,1.3090612244237363,11.929167606781022,9235,11.929167606781022,3.5168749537614894,0.28434334832702696,0,11.929167606781022,DC_Charging
1,240,90.44297650169544,2.087542919120929,4.51480442584311,9236,4.51480442584311,20.03253473926632,0.04991879525060164,0,4.51480442584311,240
1,360,48.31418840086834,1.910755866887046,23.83885354293568,9237,23.83885354293568,2.026699325697464,0.49341310145048883,0,23.83885354293568,DC_Charging
1,240,99.11714141572956,2.086836200613752,4.5676044673180485,9241,4.5676044673180485,21.70002725168714,0.046082891436104154,0,4.5676044673180485,240
1,240,75.94455262658275,1.4787957084899364,4.518268361697636,9243,4.518268361697636,16.808331543646585,0.05949430479778894,0,4.518268361697636,240
1,360,38.988490978368326,1.93390358363308,27.41784868986481,9245,27.41784868986481,1.4220113116599362,0.7032292864342157,0,27.41784868986481,DC_Charging
1,360,42.10597317506589,2.5846888343071,30.764293835483077,9247,30.764293835483077,1.3686637307598946,0.7306396578835263,0,30.764293835483077,DC_Charging
1,120,300.548367098298,6.788839065518671,3.457546254243184,9249,3.457546254243184,86.92533519384095,0.011504125900349183,0,3.457546254243184,120
1,240,68.71437947800166,2.1632449220241363,5.20085524072438,9251,5.20085524072438,13.212130754946962,0.07568801872669738,0,5.20085524072438,240
1,360,48.41422477237271,1.12400003588735,12.79655879435451,9252,12.79655879435451,3.783378449660368,0.2643140286665664,0,12.79655879435451,DC_Charging
1,360,58.24297935810693,5.676475758302634,26.423740733459013,9260,26.423740733459013,2.204191296970942,0.45368113075041466,0,26.423740733459013,DC_Charging
1,360,37.79229394165397,2.714123633272796,21.934721342285243,9261,21.934721342285243,1.7229438820724325,0.5804019564451258,0,21.934721342285243,DC_Charging
1,120,214.4455211718237,2.9673442380432804,4.978630432826051,9267,4.978630432826051,43.07319534261888,0.02321629477557119,0,4.978630432826051,120
1,120,152.63256665347362,1.684615982705301,4.958321443525094,9268,4.958321443525094,30.78311246899722,0.032485344066722814,0,4.958321443525094,120
1,120,593.1161797943172,9.538013858681555,8.629052603217104,9269,8.629052603217104,68.73479709385364,0.0145486717395056,0,8.629052603217104,120
1,240,107.56378213861105,1.275714518825126,7.323515163889937,9273,7.323515163889937,14.687452641455007,0.06808532591809163,0,7.323515163889937,240
1,120,746.8652916332942,9.519670524590468,12.040737983018644,9274,12.040737983018644,62.02819899300334,0.01612169974680061,0,12.040737983018644,120
1,360,34.8057741987456,1.6616031641343223,13.928125051449214,9275,13.928125051449214,2.4989561818389965,0.4001670806664942,0,13.928125051449214,DC_Charging
1,240,77.27791498247858,1.5517846026661148,5.032604548713223,9278,5.032604548713223,15.355451483315456,0.0651234515042788,0,5.032604548713223,240
1,120,282.4020847821245,4.68858260977424,8.444864475567556,9283,8.444864475567556,33.4406887877434,0.029903690272268482,0,8.444864475567556,120
1,360,55.026486634270405,1.704889100350252,22.25134672898841,9288,22.25134672898841,2.472950842233,0.4043752034702922,0,22.25134672898841,DC_Charging
1,360,90.31870593588133,4.310065022645243,28.63206645487314,9289,28.63206645487314,3.154459915711365,0.3170114779456594,0,28.63206645487314,DC_Charging
1,120,362.3376132135364,10.36030311935253,6.152971301662873,9295,6.152971301662873,58.88823390344965,0.016981320948418192,0,6.152971301662873,120
1,360,73.01641776782617,5.158648861015339,31.063624523220227,9299,31.063624523220227,2.3505440491416576,0.4254334226857682,0,31.063624523220227,DC_Charging
1,240,107.41684004463522,3.678388996614945,6.879814957292581,9300,6.879814957292581,15.613332729359781,0.0640478248516135,0,6.879814957292581,240
1,360,49.10412900771106,1.438864703976218,15.267660688117845,9302,15.267660688117845,3.2162182544393763,0.31092417270491224,0,15.267660688117845,DC_Charging
1,360,35.34910402626059,1.3694204090408078,24.308200197686773,9303,24.308200197686773,1.4542049077588433,0.6876609992612087,0,24.308200197686773,DC_Charging
1,360,41.63501868980444,1.3459201255239368,11.76042563540588,9306,11.76042563540588,3.5402646112108607,0.2824647617676167,0,11.76042563540588,DC_Charging
1,360,54.45503984667551,2.05444795887642,18.064605701735715,9311,18.064605701735715,3.014460472914904,0.33173432160914235,0,18.064605701735715,DC_Charging
1,120,145.86136142158324,5.898203979059686,3.000764693733629,9314,3.000764693733629,48.60806371328595,0.020572718261284532,0,3.000764693733629,120
1,360,40.43607871439261,1.9637162564276105,35.15512396801111,9315,35.15512396801111,1.150218635302974,0.8693999291157325,0,35.15512396801111,DC_Charging
1,360,38.43918257401406,2.567042885037446,7.240297435692398,9316,7.240297435692398,5.309061252721599,0.18835721653943382,0,7.240297435692398,DC_Charging
1,120,686.5925302853311,11.78275823520528,10.16446715104432,9319,10.16446715104432,67.54830529555001,0.01480422041122442,0,10.16446715104432,120
1,360,63.59818109447078,5.19557785281224,29.43918848928536,9320,29.43918848928536,2.1603238525959325,0.4628935605179564,0,29.43918848928536,DC_Charging
1,360,42.31859136959714,2.3723497730840952,33.62762817738981,9321,33.62762817738981,1.2584471062413751,0.7946301398290124,0,33.62762817738981,DC_Charging
1,360,22.512404625513167,2.432219379467937,18.57940818780864,9322,18.57940818780864,1.2116857758841462,0.825296475293124,0,18.57940818780864,DC_Charging
1,120,94.9110839191476,1.549991302252813,2.882607843311078,9327,2.882607843311078,32.92542346312669,0.030371667083337706,0,2.882607843311078,120
1,240,82.57425751955394,4.164607455192512,5.715308002504301,9329,5.715308002504301,14.447910328432346,0.06921416158239015,0,5.715308002504301,240
1,120,118.04474209847018,6.338762399204716,2.6217551545733926,9330,2.6217551545733926,45.02508248817698,0.02220984270850781,0,2.6217551545733926,120
1,120,385.60043953822407,4.358456484961737,7.952943950379847,9332,7.952943950379847,48.485245456785485,0.02062483113324222,0,7.952943950379847,120
1,240,46.35032518442832,1.520759783476145,6.847931759246904,9333,6.847931759246904,6.768514467428873,0.14774290648445135,0,6.847931759246904,240
1,120,118.83195815092304,1.6275959681890473,3.851235886940757,9334,3.851235886940757,30.855538751566225,0.03240909219091953,0,3.851235886940757,120
1,120,845.4643044303995,15.094935316858557,10.60890011330322,9339,10.60890011330322,79.69386980750383,0.012548016584154402,0,10.60890011330322,120
1,240,81.6035293083999,1.6144243765351027,7.037573920513566,9341,7.037573920513566,11.595406347425605,0.08624104839775784,0,7.037573920513566,240
1,120,93.12794580037298,1.5090835187208893,3.5881766044496004,9344,3.5881766044496004,25.954114322268182,0.0385295366886019,0,3.5881766044496004,120
1,360,52.26570780467517,1.5494136703805126,16.409402256785242,9348,16.409402256785242,3.185107354112393,0.3139611601187848,0,16.409402256785242,DC_Charging
1,240,100.74013750765444,1.6360998364358843,6.558659808318097,9351,6.558659808318097,15.359866261075101,0.06510473353105913,0,6.558659808318097,240
1,360,43.348105242809176,1.3083485182691026,15.611414687835577,9352,15.611414687835577,2.7766929589402327,0.36014064744906665,0,15.611414687835577,DC_Charging
1,360,29.08660729376799,1.9342246272011296,5.139795044519403,9355,5.139795044519403,5.659098668687816,0.17670658501380598,0,5.139795044519403,DC_Charging
1,360,44.18259470388599,1.8805319835980576,24.159642314079377,9361,24.159642314079377,1.8287768556133777,0.5468135693704396,0,24.159642314079377,DC_Charging
1,360,56.71269532952909,1.0551232466557467,9.498900187610516,9363,9.498900187610516,5.970448600302156,0.16749160187885906,0,9.498900187610516,DC_Charging
1,240,60.79926953400218,1.4453361181260382,5.250549397406672,9364,5.250549397406672,11.579601472568163,0.08635875788721913,0,5.250549397406672,240
1,360,16.314264000288585,2.514291358728756,11.324336095565826,9365,11.324336095565826,1.44063756697195,0.6941371118774042,0,11.324336095565826,DC_Charging
1,360,66.18897126205293,5.986707748332744,31.03739520124482,9369,31.03739520124482,2.1325556101885215,0.4689209487538749,0,31.03739520124482,DC_Charging
1,240,76.21203694878658,3.797459706154808,11.453101249542897,9370,11.453101249542897,6.6542707768193585,0.15027942708366687,0,11.453101249542897,240
1,240,71.24564861122086,1.4080714658570026,5.731436953826957,9372,5.731436953826957,12.430678237444308,0.0804461334207614,0,5.731436953826957,240
1,360,24.863810885094523,2.7150732037165275,21.13628412781601,9375,21.13628412781601,1.1763567680457594,0.8500822430437198,0,21.13628412781601,DC_Charging
1,240,68.07577481465687,1.3526091202158992,4.518260034928758,9377,4.518260034928758,15.066812066678729,0.06637104090596362,0,4.518260034928758,240
1,240,67.05034225773733,1.0476017928600152,6.542331014542299,9386,6.542331014542299,10.248693028325496,0.09757341714072074,0,6.542331014542299,240
1,360,29.3888618569808,1.6205389973394106,21.51152164067311,9387,21.51152164067311,1.3661916784823598,0.7319617120716579,0,21.51152164067311,DC_Charging
1,240,102.39446045977031,1.3865972085214964,7.876287716060602,9391,7.876287716060602,13.00034535952476,0.07692103342988083,0,7.876287716060602,240
1,120,214.6578966934943,2.029970279965871,6.782391761383906,9392,6.782391761383906,31.649291908448337,0.0315962835090495,0,6.782391761383906,120
1,120,218.18619830521573,2.193622546966941,5.935592673253339,9393,5.935592673253339,36.758957414378365,0.02720425361163392,0,5.935592673253339,120
1,120,417.3009276899498,11.861767708899238,5.279626474339423,9399,5.279626474339423,79.03985816386029,0.012651844565900726,0,5.279626474339423,120
1,120,148.7471976653589,4.044720664525748,5.027258763091567,9402,5.027258763091567,29.58813235503422,0.03379733428256944,0,5.027258763091567,120
1,360,36.20174982954671,1.2811100936127875,6.393906359237008,9405,6.393906359237008,5.661914297078744,0.1766187101270587,0,6.393906359237008,DC_Charging
1,240,127.06117134439889,2.679330646652458,6.013139871842867,9409,6.013139871842867,21.130586357948467,0.04732476340505528,0,6.013139871842867,240
1,240,78.63075735073264,1.2530234482513096,5.178930858260486,9414,5.178930858260486,15.182816589511944,0.06586393203819538,0,5.178930858260486,240
1,120,947.7437673691212,12.91906649681549,13.744061825332892,9417,13.744061825332892,68.95659954193826,0.014501875188781845,0,13.744061825332892,120
1,240,51.61819410585587,3.5058204181216333,5.274755314543981,9418,5.274755314543981,9.785893568092158,0.10218790885490474,0,5.274755314543981,240
1,120,156.0272952397233,2.0367623854691845,4.778213432627268,9421,4.778213432627268,32.65389824872949,0.030624214982935716,0,4.778213432627268,120
1,360,28.36362968901435,4.669810630568157,27.630672575696394,9432,27.630672575696394,1.026526937095359,0.9741585572314166,0,27.630672575696394,DC_Charging
1,360,39.513734324042986,2.0714849291782658,34.160308236250415,9437,34.160308236250415,1.1567148062824444,0.8645173335455879,0,34.160308236250415,DC_Charging
1,360,55.97429329067904,1.6507276591727706,10.870860262302074,9441,10.870860262302074,5.149021507045443,0.19421165723073652,0,10.870860262302074,DC_Charging
1,120,222.87743238743695,2.2310904270349505,7.001402436494146,9444,7.001402436494146,31.833255466891814,0.03141368940540971,0,7.001402436494146,120
1,120,661.6399948932132,6.648378718190449,14.49736795246666,9447,14.49736795246666,45.638628823009086,0.02191126301971285,0,14.49736795246666,120
1,360,51.95515640343173,1.952719061336864,11.477074017151525,9451,11.477074017151525,4.526864279675212,0.22090346390321797,0,11.477074017151525,DC_Charging
1,240,53.80789015714716,1.1551995534972352,7.621222131695276,9453,7.621222131695276,7.0602705481277,0.14163763175692867,0,7.621222131695276,240
1,360,26.58830122411833,1.9664483847406784,8.841360229378068,9456,8.841360229378068,3.007263648841129,0.33252821061610527,0,8.841360229378068,DC_Charging
1,360,47.251950460085865,1.4859923324111382,26.09828897174189,9457,26.09828897174189,1.8105382506588172,0.552321940525764,0,26.09828897174189,DC_Charging
1,120,180.69557982108444,3.940788136614822,5.275179979756928,9458,5.275179979756928,34.25391749940077,0.02919374112515725,0,5.275179979756928,120
1,360,35.991425996606914,5.058740384409918,19.82051308953399,9461,19.82051308953399,1.815867522400911,0.5507009667080867,0,19.82051308953399,DC_Charging
1,120,277.26736237023187,4.2187375492744845,6.322071324099909,9469,6.322071324099909,43.85704433818725,0.022801354151658574,0,6.322071324099909,120
1,360,43.48751344752076,2.0062785678376613,28.382030238911995,9475,28.382030238911995,1.532219967403848,0.6526478059768226,0,28.382030238911995,DC_Charging
1,120,517.2155803704015,10.588540265109648,7.0880258131640375,9477,7.0880258131640375,72.97032968048978,0.013704200109532626,0,7.0880258131640375,120
1,360,48.75911070653444,2.224961893755669,27.71070947818137,9478,27.71070947818137,1.7595764101574516,0.5683185988555719,0,27.71070947818137,DC_Charging
1,120,125.27456962206794,1.9691479332072903,4.8734550150890925,9482,4.8734550150890925,25.705494199535107,0.03890218924552267,0,4.8734550150890925,120
1,360,38.73314029919622,1.5893658958212469,28.91073842901633,9483,28.91073842901633,1.339749255948496,0.7464083264536203,0,28.91073842901633,DC_Charging
1,360,49.20256226759063,1.3360243934043183,24.78883795104062,9487,24.78883795104062,1.9848676394096616,0.5038119319117014,0,24.78883795104062,DC_Charging
1,120,158.28502058294583,2.3684440658695007,5.844889179831711,9488,5.844889179831711,27.08092757842558,0.036926357012847105,0,5.844889179831711,120
1,120,232.47176131293656,15.171246122622293,1.3494581766195068,9491,1.3494581766195068,172.2704455319213,0.005804826224906364,0,1.3494581766195068,120
1,240,71.7233096919035,1.354735439492165,5.661100737088447,9492,5.661100737088447,12.669498923064811,0.0789297197996916,0,5.661100737088447,240
1,240,70.17793950048953,1.3917498433189632,5.689278522982036,9494,5.689278522982036,12.335121090838378,0.08106932981328627,0,5.689278522982036,240
1,120,210.1657720165624,4.730936410166973,5.174684206131133,9495,5.174684206131133,40.61422178527363,0.024621917053759518,0,5.174684206131133,120
1,360,50.79871359352317,1.1816546529803824,10.539829565434644,9496,10.539829565434644,4.8196902310562475,0.20748221401375155,0,10.539829565434644,DC_Charging
1,360,53.62820928815479,1.3450520046963443,12.953343525616418,9497,12.953343525616418,4.140105539708734,0.24153973622381433,0,12.953343525616418,DC_Charging
1,360,52.96214582294304,2.744668031807999,36.921531411368434,9498,36.921531411368434,1.4344514920807314,0.6971305795426087,0,36.921531411368434,DC_Charging
1,360,89.85381091841266,5.822371128448821,35.97837495374597,9499,35.97837495374597,2.4974393933558505,0.40041011712251545,0,35.97837495374597,DC_Charging
1,360,29.54527922310596,2.178140251716518,21.635507229312424,9503,21.635507229312424,1.3655921680022896,0.7322830515811244,0,21.635507229312424,DC_Charging
1,240,74.23348834741662,1.2900939422461957,4.909160200051176,9507,4.909160200051176,15.121423078970366,0.06613134192314994,0,4.909160200051176,240
1,120,148.2395260409111,2.943803625959716,5.152135316001164,9510,5.152135316001164,28.77244422919532,0.034755476178325605,0,5.152135316001164,120
1,360,51.24662886447042,1.1674375124161191,9.25861461800912,9512,9.25861461800912,5.535021272490332,0.18066777899664282,0,9.25861461800912,DC_Charging
1,360,48.79463654258675,2.7535744812926644,32.17206734313217,9522,32.17206734313217,1.5166770609475002,0.6593361406648287,0,32.17206734313217,DC_Charging
1,240,59.82612194796484,1.7846933461904586,4.3504922955127086,9527,4.3504922955127086,13.7515751975178,0.072718942058398,0,4.3504922955127086,240
1,120,126.5774140273082,3.761651108861436,3.1999909659824084,9533,3.1999909659824084,39.55555355402339,0.0252809001556315,0,3.1999909659824084,120
1,240,56.31484420510307,1.312114132143937,6.279629783113023,9537,6.279629783113023,8.967860550719585,0.11150931644669246,0,6.279629783113023,240
1,360,76.24191512553685,4.935241281253941,34.084901017263334,9539,34.084901017263334,2.2368237210641104,0.4470624978548941,0,34.084901017263334,DC_Charging
1,120,187.2818830406173,1.8884268728770857,4.2727785615455645,9546,4.2727785615455645,43.83140393142045,0.022814692442081508,0,4.2727785615455645,120
1,120,125.00161412991524,1.9735786162180216,3.699938496371488,9547,3.699938496371488,33.78478162610101,0.02959912575629712,0,3.699938496371488,120
1,360,43.03001995230148,1.913741589680636,32.6321546308875,9553,32.6321546308875,1.3186386384542328,0.7583578782222283,0,32.6321546308875,DC_Charging
1,120,233.16926194418508,11.163395982277104,2.990106429565841,9554,2.990106429565841,77.98025502993247,0.012823759035106429,0,2.990106429565841,120
1,360,32.741587815602266,2.764458791618123,25.953677976584142,9555,25.953677976584142,1.2615394182336042,0.7926823256939451,0,25.953677976584142,DC_Charging
1,240,135.69882502349208,2.2787313201320103,7.336105238438137,9556,7.336105238438137,18.49739345511113,0.05406167103634181,0,7.336105238438137,240
1,360,50.95732972284014,2.3904974519891717,36.28489164302751,9557,36.28489164302751,1.4043676972818544,0.7120642278624709,0,36.28489164302751,DC_Charging
1,360,55.66456918327867,2.817678587179388,38.11544851384468,9558,38.11544851384468,1.4604201538664727,0.684734456281292,0,38.11544851384468,DC_Charging
1,240,93.96542454986944,6.174567721786975,8.259019320910681,9559,8.259019320910681,11.377310174340206,0.08789423727370534,0,8.259019320910681,240
1,360,46.651335130014985,1.2003944045545658,9.944448936899477,9563,9.944448936899477,4.691193592126799,0.21316536620409224,0,9.944448936899477,DC_Charging
1,120,311.5256813028317,4.137084353121083,8.958243084161822,9565,8.958243084161822,34.77531011115441,0.028756034002389626,0,8.958243084161822,120
1,240,95.34536538756102,1.4534657584068271,6.069553731012192,9571,6.069553731012192,15.708793366536472,0.06365861315167859,0,6.069553731012192,240
1,240,62.2481846170369,1.2431342321009824,6.460803620427626,9572,6.460803620427626,9.634743334439381,0.10379103680172785,0,6.460803620427626,240
1,120,488.5830654749424,5.44450830817995,9.915346879660092,9577,9.915346879660092,49.275438510093906,0.020294086267647386,0,9.915346879660092,120
1,360,62.889238070157184,1.680846230309431,14.460288850639202,9578,14.460288850639202,4.349099711613107,0.22993264498621807,0,14.460288850639202,DC_Charging
1,360,38.968393253273945,1.61488577760383,9.328001583095173,9583,9.328001583095173,4.177571466528808,0.23937352311315727,0,9.328001583095173,DC_Charging
1,120,330.42566140179827,4.2698396548161135,9.55271609488895,9584,9.55271609488895,34.58970811229154,0.028910333581122286,0,9.55271609488895,120
1,360,30.590872011765807,1.3353351095176773,13.485882029406042,9587,13.485882029406042,2.2683627177712395,0.4408466036606974,0,13.485882029406042,DC_Charging
1,360,33.775866901350405,2.151840214691773,35.28412227151684,9592,35.28412227151684,0.9572539920772245,1.0446548233557296,0,35.28412227151684,DC_Charging
1,360,39.76866216413973,2.073228215124576,23.37593515376078,9597,23.37593515376078,1.7012650789177794,0.5877978760582842,0,23.37593515376078,DC_Charging
1,240,101.49985798962508,2.375498042895409,11.99634797811359,9600,11.99634797811359,8.4608964473858,0.11819078583676254,0,11.99634797811359,240
1,240,82.22808836072006,1.5529870631612566,7.325496934883631,9601,7.325496934883631,11.224916083051545,0.08908752569739883,0,7.325496934883631,240
1,120,167.48113069786692,4.10923686144332,6.057363341370291,9604,6.057363341370291,27.649180222360492,0.03616743758613423,0,6.057363341370291,120
1,120,907.6469158990036,11.843696284445596,14.683113185896971,9607,14.683113185896971,61.81569973667384,0.016177120120937867,0,14.683113185896971,120
1,360,60.11039849675229,1.9153027807013487,14.306993035538468,9612,14.306993035538468,4.201469753108741,0.23801194790467847,0,14.306993035538468,DC_Charging
1,360,35.12620165004457,2.1679985857829767,27.447267164321676,9614,27.447267164321676,1.2797704572827067,0.7813901268851495,0,27.447267164321676,DC_Charging
1,360,34.27954177732077,2.3131463805334582,17.57689852160182,9622,17.57689852160182,1.950261118888044,0.5127518516957141,0,17.57689852160182,DC_Charging
1,360,37.14127251694004,2.3090304012287644,31.57936793417672,9623,31.57936793417672,1.1761246328411772,0.8502500262955032,0,31.57936793417672,DC_Charging
1,360,35.90599779594045,2.047384648164771,36.21325645034355,9627,36.21325645034355,0.9915152989672602,1.0085573072261993,0,36.21325645034355,DC_Charging
1,360,19.96712848831536,1.9245188267809852,8.292459624737106,9634,8.292459624737106,2.4078656263518887,0.41530556732731005,0,8.292459624737106,DC_Charging
1,120,62.34876148718541,4.9305314682073575,0.6652975382742454,9635,0.6652975382742454,93.71560527477007,0.010670581458317892,0,0.6652975382742454,120
1,240,80.02614100682825,1.2423144527212393,4.583250466045612,9636,4.583250466045612,17.460564636318924,0.0572719165060645,0,4.583250466045612,240
1,240,53.62273444134441,1.3773615264803476,6.144552938324111,9637,6.144552938324111,8.7268732126783,0.11458857893652125,0,6.144552938324111,240
1,360,64.72494795501294,3.878566617531417,24.87755134669968,9640,24.87755134669968,2.601741105987086,0.3843579969193767,0,24.87755134669968,DC_Charging
1,360,29.09054153559949,2.781238821401162,8.540164345411554,9641,8.540164345411554,3.4063210447734775,0.2935718585699254,0,8.540164345411554,DC_Charging
1,360,43.48637362044808,1.6429099048815683,7.14561374674561,9643,7.14561374674561,6.0857436690100215,0.1643184554571737,0,7.14561374674561,DC_Charging
1,360,35.448033662446,1.4618518108845884,20.383794024032586,9644,20.383794024032586,1.739030212955086,0.5750331377513721,0,20.383794024032586,DC_Charging
1,120,1050.368266993327,14.528250272967696,13.231615814853312,9647,13.231615814853312,79.38321983428686,0.012597120677235169,0,13.231615814853312,120
1,360,41.97429005641784,1.6037191673115123,24.60719781466869,9653,24.60719781466869,1.7057728544530328,0.586244526866185,0,24.60719781466869,DC_Charging
1,360,30.41778743234887,1.4786391491196698,23.47009425626805,9654,23.47009425626805,1.2960232328093582,0.7715911063047258,0,23.47009425626805,DC_Charging
1,120,107.9827310944662,8.57756350730576,0.867821210999935,9659,0.867821210999935,124.42969787526233,0.00803666662441369,0,0.867821210999935,120
1,120,487.3074298449855,5.375896912616504,9.12812582287367,9661,9.12812582287367,53.385266515922524,0.018731760001642832,0,9.12812582287367,120
1,120,132.46842273250738,1.8874862839045383,1.7629238854096627,9662,1.7629238854096627,75.14131712029348,0.013308257538247612,0,1.7629238854096627,120
1,360,56.209649196879454,1.570211763821599,10.41048986440478,9664,10.41048986440478,5.399327978702493,0.18520823405143635,0,10.41048986440478,DC_Charging
1,360,38.04408909573162,1.5752429726507884,28.706024816074915,9665,28.706024816074915,1.325299805162418,0.7545462514253128,0,28.706024816074915,DC_Charging
1,240,44.3889879718558,1.8223831214289248,5.698654464742134,9672,5.698654464742134,7.789380501396028,0.1283799141434647,0,5.698654464742134,240
1,120,65.19862331780273,4.911946514930659,1.2153222567141595,9675,1.2153222567141595,53.647189424539,0.018640305498326546,0,1.2153222567141595,120
1,360,41.25707777053504,1.349171330039323,21.792724952556146,9677,21.792724952556146,1.8931582838013037,0.5282178508561278,0,21.792724952556146,DC_Charging
1,120,474.7402995469264,10.668795169474617,7.375307666330272,9680,7.375307666330272,64.36888073350609,0.015535457329763195,0,7.375307666330272,120
1,120,161.55176497324135,2.499036417974412,4.3179263024187975,9681,4.3179263024187975,37.41420155382086,0.026727818808627672,0,4.3179263024187975,120
1,120,820.1799690542864,10.616840000277676,12.521617212670051,9683,12.521617212670051,65.50112139064464,0.015266914195805318,0,12.521617212670051,120
1,120,271.2624592024415,2.840511424112108,7.673530893806243,9686,7.673530893806243,35.35040947334862,0.028288215466186324,0,7.673530893806243,120
1,360,92.04335254151992,3.606334703763857,19.078331525625345,9689,19.078331525625345,4.824496964941118,0.20727549571838208,0,19.078331525625345,DC_Charging
1,360,75.49252662445079,4.514895397850181,23.81413136612774,9690,23.81413136612774,3.1700726540808586,0.315450183361789,0,23.81413136612774,DC_Charging
1,120,115.8269915937449,7.411758685465279,2.722708900487646,9697,2.722708900487646,42.541085304051386,0.023506687543412657,0,2.722708900487646,120
1,120,118.0950121492368,6.903513785181596,2.4647289470139384,9699,2.4647289470139384,47.913995692025665,0.02087072859520314,0,2.4647289470139384,120
1,360,39.89249150657088,2.9277660644613164,34.21623081605577,9704,34.21623081605577,1.1658938040554587,0.8577110509735862,0,34.21623081605577,DC_Charging
1,120,578.3022517854872,8.564511844708228,9.480772811756395,9706,9.480772811756395,60.997374714894335,0.01639414818545986,0,9.480772811756395,120
1,360,72.81624942641778,3.9080395793864153,23.547041927498142,9710,23.547041927498142,3.092373541042676,0.3233761984856537,0,23.547041927498142,DC_Charging
1,240,121.04923066365008,1.8234702316568847,6.688932107462634,9711,6.688932107462634,18.096944133817594,0.05525794811574342,0,6.688932107462634,240
1,120,546.1759536543012,15.354785127900074,6.827672730559229,9720,6.827672730559229,79.99445421713499,0.012500866588646565,0,6.827672730559229,120
1,240,50.83395631123807,3.4530104241966004,2.5787890271470104,9722,2.5787890271470104,19.71233620746291,0.05072965423658963,0,2.5787890271470104,240
1,360,41.12754929274051,1.950500814061409,32.639740317338166,9725,32.639740317338166,1.2600452360490637,0.7936223013195551,0,32.639740317338166,DC_Charging
1,360,53.05089422956637,1.7648705348557123,21.50394428099132,9726,21.50394428099132,2.46703086356401,0.4053455571915077,0,21.50394428099132,DC_Charging
1,120,222.55522165829848,6.762525820448065,6.002773044585908,9733,6.002773044585908,37.07540165274583,0.026972061135470918,0,6.002773044585908,120
1,360,47.95215358455509,1.544658245548891,20.63858482502482,9738,20.63858482502482,2.3234225597877165,0.4303995395875672,0,20.63858482502482,DC_Charging
1,360,80.12017306346267,4.565261374969184,32.19594851628311,9739,32.19594851628311,2.4885172438060605,0.40184571856554663,0,32.19594851628311,DC_Charging
1,360,61.74592533275357,1.861587947581232,18.140387625322447,9741,18.140387625322447,3.4037820253940705,0.29379084575318115,0,18.140387625322447,DC_Charging
1,360,39.58406900815027,2.011981802040234,36.44205107888905,9742,36.44205107888905,1.0862195687739815,0.920624180181823,0,36.44205107888905,DC_Charging
1,360,18.514839884831662,2.6597343092774004,10.60515306730673,9743,10.60515306730673,1.7458342908702273,0.5727920486093446,0,10.60515306730673,DC_Charging
1,120,869.7804780447027,9.346366874318198,14.978463678108966,9747,14.978463678108966,58.0687376714,0.017220970182937518,0,14.978463678108966,120
1,120,123.38089769213572,1.7012283583595502,4.089140000642175,9748,4.089140000642175,30.17282305637848,0.03314240759412805,0,4.089140000642175,120
1,360,51.320780130840426,1.1434872748035998,15.183127330437102,9754,15.183127330437102,3.380119195072506,0.2958475551565717,0,15.183127330437102,DC_Charging
1,240,97.4654952188037,1.5095901793600988,4.292179933038483,9755,4.292179933038483,22.707690902838447,0.044037943103893515,0,4.292179933038483,240
1,360,40.63854141739244,1.4519642677534033,16.8828123747503,9758,16.8828123747503,2.4070954835801452,0.4154384430619553,0,16.8828123747503,DC_Charging
1,360,34.86376565871424,3.797857708603405,31.233423994243267,9763,31.233423994243267,1.1162325867679475,0.8958706383008409,0,31.233423994243267,DC_Charging
1,240,74.7565954365454,1.6237953970195025,5.947733102281958,9767,5.947733102281958,12.568922335782625,0.07956131586182907,0,5.947733102281958,240
1,360,46.49397648733948,6.598137425024369,28.15431809032104,9769,28.15431809032104,1.6513977123574266,0.6055476476181294,0,28.15431809032104,DC_Charging
1,120,186.79961117558256,8.829089783953258,3.2460296711259247,9774,3.2460296711259247,57.54710526437944,0.01737706867106278,0,3.2460296711259247,120
1,120,150.65597414243484,1.7849906152759594,4.306277152754163,9775,4.306277152754163,34.98520155538059,0.028583514044274637,0,4.306277152754163,120
1,120,648.726504239521,7.039358008535206,13.776902601799875,9778,13.776902601799875,47.087979278794386,0.021236842508770393,0,13.776902601799875,120
1,120,231.06161138095743,2.3021976149442,6.912514178688582,9783,6.912514178688582,33.426565994370755,0.02991632464335123,0,6.912514178688582,120
1,120,434.3187664967258,4.189839401575337,10.66224972152432,9785,10.66224972152432,40.734251948718544,0.024549364531326785,0,10.66224972152432,120
1,240,59.77831171755828,1.053198041891117,7.692449312704056,9792,7.692449312704056,7.771037453420016,0.1286829469030422,0,7.692449312704056,240
1,360,59.16549656094821,1.5414074813017,14.468140993694064,9794,14.468140993694064,4.08936411296624,0.2445367965227839,0,14.468140993694064,DC_Charging
1,120,563.9466666268887,7.056898997867089,11.226454927368708,9801,11.226454927368708,50.233726521455715,0.01990694438273223,0,11.226454927368708,120
1,360,38.90420260477454,1.3408073790249686,22.08042314416643,9804,22.08042314416643,1.7619319317733677,0.5675588153927771,0,22.08042314416643,DC_Charging
1,120,165.75350583439325,3.1748887786189166,4.522048714769653,9809,4.522048714769653,36.65451574924852,0.027281768141228326,0,4.522048714769653,120
1,240,116.51030689323088,2.593574855347501,5.583520231423407,9810,5.583520231423407,20.866819150672068,0.04792297248465838,0,5.583520231423407,240
1,240,93.3531756299342,1.262299811073709,5.4066013730070495,9815,5.4066013730070495,17.266517205431207,0.05791555923538817,0,5.4066013730070495,240
1,360,51.457960157468,1.362223961226884,22.252762279698203,9816,22.252762279698203,2.3124302282424725,0.43244547999185895,0,22.252762279698203,DC_Charging
1,120,182.76815312536576,3.654584223614169,6.205371658231528,9817,6.205371658231528,29.453216211944497,0.03395214949715606,0,6.205371658231528,120
1,120,957.6041098722146,24.126246270583824,8.103891616656114,9819,8.103891616656114,118.16595719321184,0.00846267422321059,0,8.103891616656114,120
1,120,325.1639549002862,5.320986311077814,7.62239620610751,9821,7.62239620610751,42.659020353697414,0.02344170099802412,0,7.62239620610751,120
1,360,35.50145478353936,1.8873429325801323,36.00287230779412,9827,36.00287230779412,0.9860728466337889,1.0141238585097998,0,36.00287230779412,DC_Charging
1,360,29.398772837220807,2.2747481257150337,19.29505233929328,9828,19.29505233929328,1.5236430728592465,0.6563216922736468,0,19.29505233929328,DC_Charging
1,120,386.9437882500212,4.1333536965409605,7.073312412551175,9832,7.073312412551175,54.704750148376355,0.018279948218165476,0,7.073312412551175,120
1,240,68.222761030971,1.1339758087648837,3.2414166411657988,9835,3.2414166411657988,21.047205152384915,0.04751224653153948,0,3.2414166411657988,240
1,120,124.88838150239847,3.925052246883877,4.922191593350064,9839,4.922191593350064,25.37251529808878,0.03941272626113369,0,4.922191593350064,120
1,240,50.97882833217546,2.78974445072078,3.3487986526562423,9841,3.3487986526562423,15.223019840783628,0.06568998861322665,0,3.3487986526562423,240
1,240,82.69235095800644,1.2353421014187491,6.272452108337532,9842,6.272452108337532,13.183416872659622,0.07585286952988994,0,6.272452108337532,240
1,240,99.96795981883788,1.6671516000394098,5.423887745204169,9843,5.423887745204169,18.431052506060823,0.05425626125644005,0,5.423887745204169,240
1,360,35.30782390192201,1.8423299122874817,34.878999985145526,9844,34.878999985145526,1.0122946161575481,0.9878547055755214,0,34.878999985145526,DC_Charging
1,240,37.814465416648325,2.7474605649174686,4.255225732744236,9851,4.255225732744236,8.886594458588549,0.11252904638103957,0,4.255225732744236,240
1,120,148.05775671457266,2.210195298483608,4.888018533862109,9852,4.888018533862109,30.2899335771523,0.033014268501212564,0,4.888018533862109,120
1,360,53.29912650482652,1.1121443178156696,9.90466363518567,9853,9.90466363518567,5.381215200028081,0.18583163148628243,0,9.90466363518567,DC_Charging
1,360,45.05628318567835,1.102606875953427,17.54836268464635,9854,17.54836268464635,2.567549120984353,0.3894764823882387,0,17.54836268464635,DC_Charging
1,360,49.99894105896322,1.050076980654277,9.133846313094978,9855,9.133846313094978,5.4740291597944815,0.18268079522571348,0,9.133846313094978,DC_Charging
1,120,289.3232030121028,5.103818212180925,5.239941093852181,9859,5.239941093852181,55.21497242622716,0.01811102960046031,0,5.239941093852181,120
1,120,983.8919637105596,15.34250833732636,13.044579932246435,9862,13.044579932246435,75.4253466819856,0.013258142573958331,0,13.044579932246435,120
1,360,41.75763099107088,1.2037247692914763,21.6673904273581,9873,21.6673904273581,1.9272108993035937,0.5188845706307257,0,21.6673904273581,DC_Charging
1,360,42.775592165372096,1.1875912293264907,20.923626777362045,9874,20.923626777362045,2.044367958792517,0.4891487345510144,0,20.923626777362045,DC_Charging
1,360,42.66972429148945,1.3950901581170885,25.66967687035705,9875,25.66967687035705,1.6622618394064708,0.6015899398599328,0,25.66967687035705,DC_Charging
1,240,68.34711984146172,4.0292246329076296,4.773383906676244,9879,4.773383906676244,14.31837899018948,0.06984030808830873,0,4.773383906676244,240
1,240,142.21056149130263,2.5298999228976053,6.541981290249296,9881,6.541981290249296,21.73814861000365,0.04600207763506646,0,6.541981290249296,240
1,120,163.3261153929718,2.5438719221306973,5.863374606747712,9883,5.863374606747712,27.85530967184191,0.03589979834296618,0,5.863374606747712,120
1,120,191.06668251230656,8.790808992689353,3.254539628922388,9884,3.254539628922388,58.70774496470665,0.017033527698963234,0,3.254539628922388,120
1,360,39.78828925095895,1.8984649877310809,30.816860727429344,9893,30.816860727429344,1.2911207797212243,0.7745208780668201,0,30.816860727429344,DC_Charging
1,240,94.9370940375738,5.437900763104127,4.439763584686787,9900,4.439763584686787,21.383366980400005,0.0467653200226419,0,4.439763584686787,240
1,120,106.54116605761948,1.3361818333109756,3.74778411036219,9906,3.74778411036219,28.427775698991162,0.035176864014566135,0,3.74778411036219,120
1,240,108.38640636754744,1.8290878777222808,8.297255843612604,9911,8.297255843612604,13.062922056451411,0.07655255046906814,0,8.297255843612604,240
1,120,557.4217375799274,6.397269463577587,11.22274951521662,9912,11.22274951521662,49.66891017429681,0.020133318739848062,0,11.22274951521662,120
1,360,41.32514750794307,1.4543428607056048,14.187129197495295,9913,14.187129197495295,2.9128618575799625,0.34330498626213973,0,14.187129197495295,DC_Charging
1,240,58.26621344608194,1.0384696618984128,7.611379890877842,9915,7.611379890877842,7.6551445705545955,0.13063110575945042,0,7.611379890877842,240
1,360,42.66640040867106,2.600683425629633,36.10576619085765,9918,36.10576619085765,1.181705996298027,0.846234175956402,0,36.10576619085765,DC_Charging
1,120,146.19563225652297,2.0973026083681843,5.203270003699899,9922,5.203270003699899,28.096876032296493,0.03559114539461721,0,5.203270003699899,120
1,360,38.96917642477872,1.7014143276452665,9.601635862065308,9924,9.601635862065308,4.058597616552027,0.24639052561449734,0,9.601635862065308,DC_Charging
1,120,864.3398995837338,11.152124412047014,13.326049700733662,9926,13.326049700733662,64.86092420442854,0.015417603314565822,0,13.326049700733662,120
1,120,324.39396126721533,4.461959311114001,8.459702777713645,9928,8.459702777713645,38.345787055521996,0.02607848415138984,0,8.459702777713645,120
1,240,92.09785833676308,1.6635273122552832,4.855186084164004,9932,4.855186084164004,18.96896570806123,0.05271768716282884,0,4.855186084164004,240
1,360,57.70865784132762,1.4446635644308206,20.0766361735472,9935,20.0766361735472,2.874418669665591,0.3478964322606281,0,20.0766361735472,DC_Charging
1,120,352.4593864559864,4.647987064446459,9.23440870087181,9936,9.23440870087181,38.16805145549937,0.026199922759114723,0,9.23440870087181,120
1,120,221.61019470920257,2.4765793939732434,5.8923351089161145,9937,5.8923351089161145,37.60991026696162,0.026588736662805836,0,5.8923351089161145,120
1,240,47.96549691502848,1.473526666781619,6.929467480130469,9943,6.929467480130469,6.921960028323183,0.14446775131728778,0,6.929467480130469,240
1,240,59.44546750489016,1.1253912833846582,7.234934996532985,9947,7.234934996532985,8.216448044574928,0.12170709223437123,0,7.234934996532985,240
1,120,79.54271460727477,3.858353728575591,2.0876845253096405,9948,2.0876845253096405,38.10092647761385,0.02624608093421426,0,2.0876845253096405,120
1,120,149.3529238329492,3.043346856070273,5.276778719382094,9949,5.276778719382094,28.30380650307775,0.035330936843822054,0,5.276778719382094,120
1,120,756.7191040303196,13.321316652961224,10.067393679428662,9953,10.067393679428662,75.16534349665608,0.013304003593683937,0,10.067393679428662,120
1,360,39.98259299823532,1.720526017790882,14.762692116093476,9954,14.762692116093476,2.70835378017865,0.36922798170556487,0,14.762692116093476,DC_Charging
1,360,50.1450595359575,7.618416349788201,8.575569766693917,9959,8.575569766693917,5.84743182088175,0.1710152474850416,0,8.575569766693917,DC_Charging
1,360,54.26026913798549,5.454712316089953,30.16199366200773,9960,30.16199366200773,1.798961625216841,0.5558762265868029,0,30.16199366200773,DC_Charging
1,360,48.14170682674146,1.01992019423826,9.697535259268731,9963,9.697535259268731,4.964323979201672,0.20143729623400064,0,9.697535259268731,DC_Charging
1,120,855.2769359783475,11.49337030261585,14.13803456817243,9966,14.13803456817243,60.49475490063864,0.01653035873345514,0,14.13803456817243,120
1,120,118.3807631194957,1.37869175280578,3.7453193867733887,9974,3.7453193867733887,31.607655020706076,0.031637905417054926,0,3.7453193867733887,120
1,120,272.3423093099276,3.630812558781684,7.376340185671523,9977,7.376340185671523,36.921061455239034,0.027084811773690265,0,7.376340185671523,120
1,360,52.31532337409039,3.825089529236789,13.380398521220483,9979,13.380398521220483,3.909847923521973,0.2557644234661701,0,13.380398521220483,DC_Charging
1,360,69.50707405412643,5.446930135468935,13.941372940739017,9980,13.941372940739017,4.9856692270970795,0.20057487860706974,0,13.941372940739017,DC_Charging
1,120,560.981998472022,19.470519291263106,4.755098322213385,9986,4.755098322213385,117.9748473026102,0.008476383083887026,0,4.755098322213385,120
1,360,82.9681229260871,3.247036760541975,21.49670831883367,9989,21.49670831883367,3.8595733679559294,0.2590959944698786,0,21.49670831883367,DC_Charging
1,120,149.44421295088614,3.4816398321893067,5.834780482410068,9990,5.834780482410068,25.612653878138342,0.03904320125348467,0,5.834780482410068,120
1,360,57.847025494227694,1.518027831270355,11.796422257278806,9993,11.796422257278806,4.903777114161376,0.20392443961454718,0,11.796422257278806,DC_Charging
1,360,57.95342283616991,1.891831907099928,17.290224522563918,9998,17.290224522563918,3.351802792412563,0.29834690819629617,0,17.290224522563918,DC_Charging
1,120,865.9728379092217,16.67173226013165,11.39773656325258,10000,11.39773656325258,75.97761477495479,0.013161771437047526,0,11.39773656325258,120
1,240,116.8628370225026,1.63326697475972,4.826117334000145,10007,4.826117334000145,24.214669668140957,0.04129728027286252,0,4.826117334000145,240
1,360,36.05388852018968,2.7437716457622647,22.053136322543125,10008,22.053136322543125,1.6348644470734408,0.6116715069497614,0,22.053136322543125,DC_Charging
1,360,83.42819390123525,4.763157702204627,31.21070856873567,10009,31.21070856873567,2.6730631160616065,0.37410265174485047,0,31.21070856873567,DC_Charging
1,360,79.6954146663984,3.7208051389841392,14.465817825176243,10010,14.465817825176243,5.5092228887119585,0.18151380334401343,0,14.465817825176243,DC_Charging
1,240,88.39454547018572,1.4685128045193263,3.5896504425415543,10015,3.5896504425415543,24.624833778411126,0.04060941117404461,0,3.5896504425415543,240
1,360,44.13322916105445,2.4245787890985437,30.33143508196888,10017,30.33143508196888,1.45503267622475,0.6872697887408379,0,30.33143508196888,DC_Charging
1,120,393.1545956631986,13.538896490674404,4.911100337200466,10020,4.911100337200466,80.05427881103185,0.01249152468615076,0,4.911100337200466,120
1,240,55.35078949761648,2.079910781900886,4.5548728376988805,10021,4.5548728376988805,12.151994461733354,0.08229101841257427,0,4.5548728376988805,240
1,240,99.61679012833032,2.649759945258092,8.390707170764998,10030,8.390707170764998,11.872275852435457,0.08422984880315612,0,8.390707170764998,240
1,240,39.139161409930274,1.5193267985539176,5.913218645269865,10034,5.913218645269865,6.618926807524476,0.15108189425258303,0,5.913218645269865,240
1,360,66.41056835242766,4.569401304863705,31.952590368964596,10038,31.952590368964596,2.078409530669286,0.4811371316595058,0,31.952590368964596,DC_Charging
1,120,275.5918312808411,11.284714877329703,4.896769967956132,10043,4.896769967956132,56.28033031657206,0.017768197065921348,0,4.896769967956132,120
1,120,318.15659220638304,5.379562761718272,6.875193600563577,10049,6.875193600563577,46.2760193662478,0.021609464549782926,0,6.875193600563577,120
1,360,28.169634798106053,2.090198616875284,5.978375611764335,10053,5.978375611764335,4.711921201918701,0.21222765771057434,0,5.978375611764335,DC_Charging
1,120,596.4203546349349,6.219721627902137,11.758826895780714,10062,11.758826895780714,50.72107616865605,0.01971567000421744,0,11.758826895780714,120
1,120,171.98961005486106,2.21457191655995,5.245728198224526,10065,5.245728198224526,32.78660341438827,0.030500262176018943,0,5.245728198224526,120
1,120,142.19972210352762,1.9816684562539504,3.1999160250624783,10066,3.1999160250624783,44.43857932201554,0.022502969610114987,0,3.1999160250624783,120
1,360,47.613055030433344,2.717633451326131,34.371450114768024,10068,34.371450114768024,1.385250109362594,0.7218912983592096,0,34.371450114768024,DC_Charging
1,360,88.01785100697322,4.425258202135013,29.01330756809351,10069,29.01330756809351,3.033706198453848,0.3296298107277685,0,29.01330756809351,DC_Charging
1,360,35.59983656735758,1.845372869946467,32.59291889591984,10076,32.59291889591984,1.092256777646698,0.9155356327058293,0,32.59291889591984,DC_Charging
1,360,66.43490182199858,1.754760039910402,11.07514921003056,10077,11.07514921003056,5.998555916685051,0.16670678974892753,0,11.07514921003056,DC_Charging
1,240,107.50400372394137,4.298939269241454,13.535234788564225,10079,13.535234788564225,7.942529657096924,0.1259044716448072,0,13.535234788564225,240
1,360,52.08358549963035,0.9782527719620788,9.770952380493242,10085,9.770952380493242,5.330451267330928,0.1876013774159728,0,9.770952380493242,DC_Charging
1,240,34.99750046609311,2.9868379048751823,2.4957378343271017,10086,2.4957378343271017,14.02290736820484,0.07131188802311943,0,2.4957378343271017,240
1,360,50.94781400521404,1.7214458261046086,20.245711215677588,10087,20.245711215677588,2.51647440104558,0.3973813520950207,0,20.245711215677588,DC_Charging
1,120,499.1130674138189,21.88424141887885,2.5035483435375454,10088,2.5035483435375454,199.36226464417533,0.005015994384819086,0,2.5035483435375454,120
1,120,263.44715766453186,4.732602737232736,4.647274991972253,10089,4.647274991972253,56.68852351531015,0.017640254816831225,0,4.647274991972253,120
1,120,189.57458269066345,2.876145499092843,6.223365805783558,10090,6.223365805783558,30.46174507603043,0.03282806016214989,0,6.223365805783558,120
1,120,135.03863718299692,3.483252270427959,3.603739335488342,10091,3.603739335488342,37.47181042013347,0.026686727670427783,0,3.603739335488342,120
1,120,638.3546367611017,11.399436089314058,9.51430471004052,10098,9.51430471004052,67.09419723413326,0.014904418581988243,0,9.51430471004052,120
1,120,203.23134354786447,5.470234763799792,4.003082844256184,10099,4.003082844256184,50.76870788209407,0.01969717256390321,0,4.003082844256184,120
1,240,72.73049030821409,1.2730425311475428,5.152493367063045,10104,5.152493367063045,14.115591253962341,0.07084364955093846,0,5.152493367063045,240
1,120,283.7013111556244,2.357808419020776,8.1469909723846,10107,8.1469909723846,34.82283362253265,0.02871678999014413,0,8.1469909723846,120
1,120,984.302183797155,14.204043818202598,12.316204151142614,10108,12.316204151142614,79.91928127513525,0.01251262503922346,0,12.316204151142614,120
1,240,75.66783938195174,2.331764618085725,3.820301940547538,10112,3.820301940547538,19.80676934952078,0.05048778941953977,0,3.820301940547538,240
1,360,46.38502004977602,7.036283175458877,27.15352373850372,10119,27.15352373850372,1.7082504833065928,0.5853942438607361,0,27.15352373850372,DC_Charging
1,120,292.2126572876188,7.530493030103893,5.462815389723232,10120,5.462815389723232,53.49121953440631,0.018694656968080262,0,5.462815389723232,120
1,240,95.59099444486164,1.815874900857973,5.287453637087637,10121,5.287453637087637,18.07883359474973,0.05531330297162587,0,5.287453637087637,240
1,360,25.854868463619013,1.5264457591654597,13.350913432612572,10125,13.350913432612572,1.9365617636665033,0.5163790893540593,0,13.350913432612572,DC_Charging
1,360,32.17025501071464,1.710855791040922,33.849411666537435,10126,33.849411666537435,0.9503933281805674,1.0521959386166984,0,33.849411666537435,DC_Charging
1,360,25.37196417840206,3.637968149707079,19.582608975832585,10128,19.582608975832585,1.2956375838231908,0.7718207718621298,0,19.582608975832585,DC_Charging
1,120,378.1332632494795,6.736683838453764,8.092575537746725,10129,8.092575537746725,46.7259479365658,0.021401384972597658,0,8.092575537746725,120
1,360,111.57911347418025,6.663685258377287,25.908813345852863,10130,25.908813345852863,4.306608410996189,0.2322012833687574,0,25.908813345852863,DC_Charging
1,120,266.07205439961774,3.7660858423395633,5.936666826438994,10132,5.936666826438994,44.818424577014106,0.022312252370264418,0,5.936666826438994,120
1,360,37.87349375156696,2.305003532206809,29.816632595895957,10135,29.816632595895957,1.2702136510472337,0.7872691331694831,0,29.816632595895957,DC_Charging
1,360,49.08276276539063,2.4912049273155144,28.77736024507915,10136,28.77736024507915,1.7056033752707964,0.5863027797076394,0,28.77736024507915,DC_Charging
1,240,91.68247593658695,1.5360256428817336,5.35012922645555,10141,5.35012922645555,17.136497466870797,0.058354981928673236,0,5.35012922645555,240
1,360,36.73255994356986,1.3104390877679055,24.35746136238725,10143,24.35746136238725,1.508061919798104,0.6631027458964535,0,24.35746136238725,DC_Charging
1,240,64.18112542805363,1.4627861480487614,6.419810937226046,10144,6.419810937226046,9.997354447915539,0.10002646252164255,0,6.419810937226046,240
1,360,26.63385569997945,2.5453348452902085,21.47593303047536,10146,21.47593303047536,1.2401722273106717,0.8063396179807316,0,21.47593303047536,DC_Charging
1,120,919.347571717582,26.250001424879624,6.072551367809382,10149,6.072551367809382,151.39395552766288,0.006605283523471178,0,6.072551367809382,120
1,120,206.95588661288585,2.864087433758579,4.531333062072051,10155,4.531333062072051,45.67218603839524,0.021895163922290253,0,4.531333062072051,120
1,120,165.92036181038722,2.86973396141759,5.429250184363596,10159,5.429250184363596,30.560456080702057,0.032722024742015146,0,5.429250184363596,120
1,360,40.86806582121457,6.938100550179231,20.01967274763172,10160,20.01967274763172,2.0413952983346926,0.48986102829558253,0,20.01967274763172,DC_Charging
1,240,39.53874065927293,1.311702569434923,5.845372132426803,10163,5.845372132426803,6.764110096589825,0.14783910754263999,0,5.845372132426803,240
1,240,89.10440770988052,1.378562137849069,4.202583899878036,10165,4.202583899878036,21.20229121718818,0.0471647139338094,0,4.202583899878036,240
1,120,114.24394827914816,2.7678407557875286,3.602914985369111,10168,3.602914985369111,31.708754922909765,0.03153703141076328,0,3.602914985369111,120
1,360,89.69730898447243,4.294648943731401,27.164898104795284,10169,27.164898104795284,3.3019563938153924,0.3028507589842837,0,27.164898104795284,DC_Charging
1,240,127.3325237249268,1.6151612093868415,7.474262987713061,10171,7.474262987713061,17.036131045194516,0.05869877364450516,0,7.474262987713061,240
1,120,289.5275776830955,3.5018344059882067,8.27536476822425,10172,8.27536476822425,34.986684670967456,0.02858230236458549,0,8.27536476822425,120
1,120,228.98786148098824,3.291719051366279,6.338300196649129,10173,6.338300196649129,36.12764532706218,0.027679634001802178,0,6.338300196649129,120
1,120,105.95547878533915,2.377825828897867,3.1691902478912937,10174,3.1691902478912937,33.43298145507026,0.02991058399454666,0,3.1691902478912937,120
1,240,69.67296669240092,1.7217039993743624,5.209714922813845,10176,5.209714922813845,13.373662038069735,0.07477383510614967,0,5.209714922813845,240
1,360,41.55713908584832,2.019439064733083,31.063791058597843,10177,31.063791058597843,1.337799980931372,0.7474958994272097,0,31.063791058597843,DC_Charging
1,360,80.51962729951349,5.193027819424769,30.63706080698013,10179,30.63706080698013,2.6281772852429914,0.38049183577337853,0,30.63706080698013,DC_Charging
1,240,115.59761426438376,4.292756142705949,13.656472543472788,10180,13.656472543472788,8.46467591806015,0.1181380137503445,0,13.656472543472788,240
1,120,120.69678142533192,1.7102769264176751,1.600810022063868,10183,1.600810022063868,75.39731745914598,0.013263071335951043,0,1.600810022063868,120
1,120,569.5929140141071,11.163998269168342,8.785229480350694,10185,8.785229480350694,64.83529147281533,0.015423698687608865,0,8.785229480350694,120
1,120,872.7916217292425,9.607387446544791,15.1548246430103,10187,15.1548246430103,57.591667491302246,0.017363622960752518,0,15.1548246430103,120
1,240,111.49717093823924,3.3693172013332227,11.221492173115578,10189,11.221492173115578,9.936037847565752,0.10064373901766004,0,11.221492173115578,240
1,360,37.17498198339912,5.9986964273994205,10.99956712889697,10190,10.99956712889697,3.379676813439022,0.29588628002049716,0,10.99956712889697,DC_Charging
1,360,54.69045825952184,1.6037175823460093,8.777393990833588,10191,8.777393990833588,6.230830963795883,0.16049223704036902,0,8.777393990833588,DC_Charging
1,360,37.28765940482564,1.3325406392281476,9.026231152075866,10192,9.026231152075866,4.131033072009259,0.24207019952847247,0,9.026231152075866,DC_Charging
1,360,39.12139849190413,1.969721690719472,34.76986935219006,10196,34.76986935219006,1.1251523005633608,0.8887685689300041,0,34.76986935219006,DC_Charging
1,240,91.29946462527492,2.546900086778319,4.357461801066165,10197,4.357461801066165,20.952441763903966,0.04772713420555881,0,4.357461801066165,240
1,360,75.60897282894021,4.712662110128914,32.47306338464554,10199,32.47306338464554,2.3283597218207297,0.42948690042534343,0,32.47306338464554,DC_Charging
1,240,84.93762644810613,1.9177150981973143,8.195844125409906,10201,8.195844125409906,10.363499494185179,0.09649250241784511,0,8.195844125409906,240
1,240,73.4099963791604,1.1957839160128538,4.713864162714273,10204,4.713864162714273,15.573209970668831,0.06421283742294862,0,4.713864162714273,240
1,120,74.29946595061706,4.032856669411995,1.767020655699156,10205,1.767020655699156,42.047876300132465,0.02378241395266019,0,1.767020655699156,120
1,360,48.17122834792383,4.398814285464028,23.230491481714907,10211,23.230491481714907,2.0736207146473924,0.48224826890294853,0,23.230491481714907,DC_Charging
1,360,45.11640354846983,2.2743635074195754,27.856577815440176,10213,27.856577815440176,1.6195960554588649,0.6174379078224412,0,27.856577815440176,DC_Charging
1,120,123.36026314525871,5.40707071856378,3.780316796380575,10219,3.780316796380575,32.63225538752962,0.030644526041008768,0,3.780316796380575,120
1,120,171.2070121404833,3.0969296087317857,5.279984525401304,10229,5.279984525401304,32.425665514137236,0.030839767947523265,0,5.279984525401304,120
1,120,116.6861344113453,2.1556060927275245,4.217455509099651,10235,4.217455509099651,27.66742510017744,0.03614358749971231,0,4.217455509099651,120
1,240,45.76337307178347,1.466858540802116,6.773856823280795,10236,6.773856823280795,6.7558813635536525,0.1480191770972709,0,6.773856823280795,240
1,360,40.71888451857015,1.5835059261411295,24.97585718010974,10237,24.97585718010974,1.6303298111024527,0.6133728238237792,0,24.97585718010974,DC_Charging
1,120,189.0594249761512,2.720640483100376,6.544271151691589,10238,6.544271151691589,28.889301893807133,0.03461488974970231,0,6.544271151691589,120
1,240,73.51903738453892,1.2811240941413995,4.114794775564789,10244,4.114794775564789,17.866999788451864,0.05596910571669335,0,4.114794775564789,240
1,120,137.04110009172396,1.8053595352802183,4.7664393814294215,10246,4.7664393814294215,28.75125206158109,0.03478109398012101,0,4.7664393814294215,120
1,120,319.5948627753036,3.879720120203236,8.017026763688662,10255,8.017026763688662,39.86451239290324,0.02508496755570556,0,8.017026763688662,120
1,360,38.63279139446225,1.6858902949699242,24.7346223588559,10256,24.7346223588559,1.5618912969023073,0.640249421956122,0,24.7346223588559,DC_Charging
1,240,86.28887305845844,1.8719180483023832,5.016209140786373,10258,5.016209140786373,17.202008655670056,0.058132746007564885,0,5.016209140786373,240
1,120,310.8084874012565,5.731063026878658,6.195954082627026,10259,6.195954082627026,50.16313601689519,0.019934957807725483,0,6.195954082627026,120
1,360,53.89266019960069,2.2952718440167783,32.704872303526,10267,32.704872303526,1.647848054547835,0.6068520682111054,0,32.704872303526,DC_Charging
1,360,48.16952596103786,1.8120856005542287,23.427627734974536,10271,23.427627734974536,2.056099170857438,0.48635786355722244,0,23.427627734974536,DC_Charging
1,360,32.78506670313265,2.2739612783963032,21.140580740558647,10291,21.140580740558647,1.550812019096231,0.6448234780787755,0,21.140580740558647,DC_Charging
1,360,41.07611367687053,2.058228982138092,15.416876386466852,10292,15.416876386466852,2.6643603183409907,0.3753246109830471,0,15.416876386466852,DC_Charging
1,120,287.0626097168909,4.158588108425678,7.783086191974647,10298,7.783086191974647,36.88287687381504,0.027112852487652578,0,7.783086191974647,120
1,360,101.33819374210408,3.5556549034752085,19.104893918356,10299,19.104893918356,5.30430549236069,0.1885260947809679,0,19.104893918356,DC_Charging
1,360,37.781778117693136,0.9990875837706578,16.607529395541718,10305,16.607529395541718,2.274978849523255,0.4395645261535333,0,16.607529395541718,DC_Charging
1,240,74.26691101867677,1.4295352448094596,4.264959725566229,10313,4.264959725566229,17.413273699511166,0.05742745547197553,0,4.264959725566229,240
1,120,155.52944818926966,1.9850328096955423,5.52726458086282,10321,5.52726458086282,28.138592953875047,0.03553837967801752,0,5.52726458086282,120
1,120,454.13257905161214,6.08749253475419,9.854844576970152,10322,9.854844576970152,46.08216552830041,0.021700369080655958,0,9.854844576970152,120
1,120,153.43438719990286,1.9606280391981428,3.8607450570029584,10323,3.8607450570029584,39.74217021183258,0.025162189046794087,0,3.8607450570029584,120
1,240,81.44308577890511,1.400657877769132,7.777074264842497,10333,7.777074264842497,10.472201113866374,0.09549090865681402,0,7.777074264842497,240
1,360,44.6086069107302,2.134094940917248,32.44789988908691,10334,32.44789988908691,1.3747763973388385,0.7273910156849542,0,32.44789988908691,DC_Charging
1,360,64.22579194185651,1.1592901733538772,11.03275762965697,10336,11.03275762965697,5.821372507016037,0.1717807954730228,0,11.03275762965697,DC_Charging
1,120,262.962929709166,3.2476756777470683,6.425156722847703,10337,6.425156722847703,40.92708412451266,0.024433697669682387,0,6.425156722847703,120
1,360,39.413172161340576,1.8698773171632936,25.362802130013648,10341,25.362802130013648,1.5539754621473825,0.6435108046160112,0,25.362802130013648,DC_Charging
1,360,15.53897752505283,2.5219125772975537,14.8697743639042,10343,14.8697743639042,1.0450042579511558,0.9569338999255451,0,14.8697743639042,DC_Charging
1,360,48.860441333295526,1.0130376576476214,12.009487619407947,10345,12.009487619407947,4.068486756615207,0.24579163207893878,0,12.009487619407947,DC_Charging
1,360,52.39180209380557,1.387363803503241,15.316205750694564,10346,15.316205750694564,3.4206776107999,0.2923397390162581,0,15.316205750694564,DC_Charging
1,240,79.46819933161383,2.8341629328424296,10.81283933673869,10349,10.81283933673869,7.349429401175454,0.13606498483270849,0,10.81283933673869,240
1,120,78.06013050325775,6.783281119820564,1.1112376457006263,10350,1.1112376457006263,70.2461177456254,0.01423566215603816,0,1.1112376457006263,120
1,360,40.04800436476095,1.4310368235165225,19.843894656552067,10352,19.843894656552067,2.0181524372050563,0.49550270909411687,0,19.843894656552067,DC_Charging
1,360,40.14326449314464,1.0461318254093783,13.924311391301686,10355,13.924311391301686,2.8829622783516284,0.34686544722040663,0,13.924311391301686,DC_Charging
1,240,56.8390433221047,1.456998646513599,5.826994953506258,10358,5.826994953506258,9.754434966157493,0.10251747061407945,0,5.826994953506258,240
1,240,29.422852603346517,2.00569917489258,3.5533124231445044,10363,3.5533124231445044,8.280401242429665,0.12076709457941394,0,3.5533124231445044,240
1,240,46.9647030071864,1.572866757146842,4.489840772737622,10364,4.489840772737622,10.460215714632188,0.09560032290740986,0,4.489840772737622,240
1,120,123.8558011266748,1.9309451574676015,4.667350831744543,10371,4.667350831744543,26.536638361162254,0.037683748272484725,0,4.667350831744543,120
1,120,102.48690411222604,1.4615491705271042,3.503468384622352,10372,3.503468384622352,29.25298386081294,0.03418454694256308,0,3.503468384622352,120
1,240,72.85438583415268,1.2528793924977908,5.789033214177408,10374,5.789033214177408,12.584896845250682,0.07946032552323878,0,5.789033214177408,240
1,120,144.23885067537964,3.487478845103325,4.685203424225577,10377,4.685203424225577,30.786038004149425,0.032482257049939886,0,4.685203424225577,120
1,240,62.51426437813827,4.551901876849463,3.598759927697458,10380,3.598759927697458,17.37105715138266,0.05756702031922129,0,3.598759927697458,240
1,240,88.38242653460009,1.8528405229687268,5.561337719124197,10381,5.561337719124197,15.89229624208447,0.06292356905302929,0,5.561337719124197,240
1,360,47.089565547706,1.9972764921009656,26.608936400143165,10383,26.608936400143165,1.7696898831120753,0.5650707559233245,0,26.608936400143165,DC_Charging
1,120,452.8013492754007,5.16408423604786,8.90142121331732,10387,8.90142121331732,50.8684330765035,0.019658557174270563,0,8.90142121331732,120
1,240,97.31676617012684,3.2776132106018,6.282777301750073,10390,6.282777301750073,15.489450205885726,0.06456007067442698,0,6.282777301750073,240
1,360,60.74169723624736,2.2659351891950608,29.82256125533928,10393,29.82256125533928,2.036769971438066,0.4909734599503879,0,29.82256125533928,DC_Charging
1,120,567.4821601797527,9.83873535126298,9.972285325268942,10394,9.972285325268942,56.905928949084526,0.01757286136027637,0,9.972285325268942,120
1,120,209.45069598722543,2.163259186713666,7.432046269485966,10398,7.432046269485966,28.182103339046083,0.03548351192845524,0,7.432046269485966,120
1,120,738.6495945827834,11.775919637380536,9.92374026269222,10399,9.92374026269222,74.432580360824,0.013434976930160662,0,9.92374026269222,120
1,120,210.38448644750164,3.094416205658168,6.799844668958656,10400,6.799844668958656,30.939601812951473,0.03232103651642326,0,6.799844668958656,120
1,120,295.730678394517,6.288317526025107,7.142024909357858,10401,7.142024909357858,41.407119430098184,0.024150436296061582,0,7.142024909357858,120
1,120,251.7395305165026,13.417431778795503,1.980185939054877,10405,1.980185939054877,127.12923849800457,0.007866011090876597,0,1.980185939054877,120
1,360,51.11571788674258,1.0861063284207977,9.777730370362448,10406,9.777730370362448,5.227769221544588,0.19128617917539625,0,9.777730370362448,DC_Charging
1,240,47.61320945861738,1.5666575667341724,4.996649560684716,10407,4.996649560684716,9.529027177181645,0.10494250686939119,0,4.996649560684716,240
1,240,132.32005401625992,2.7075037606875028,6.61295034142276,10410,6.61295034142276,20.009231460188403,0.04997693199709652,0,6.61295034142276,240
1,360,62.133878345954905,1.412512803358061,10.111533881267276,10415,10.111533881267276,6.144851916192925,0.1627378517234562,0,10.111533881267276,DC_Charging
1,360,35.15203895597912,2.24449729801249,14.459922472808444,10417,14.459922472808444,2.4309977471927486,0.4113537337312523,0,14.459922472808444,DC_Charging
1,360,23.515886319129848,4.861451979498614,24.61374265500922,10418,24.61374265500922,0.9553966111018901,1.0466857307005384,0,24.61374265500922,DC_Charging
1,360,86.74826749108603,4.376930490653207,26.64627363180594,10419,26.64627363180594,3.2555496760920524,0.3071677902333211,0,26.64627363180594,DC_Charging
1,240,64.10108750638247,1.5812031473721675,9.603242928459352,10423,9.603242928459352,6.67494178621869,0.14981404063547546,0,9.603242928459352,240
1,120,441.6208958253466,8.922959189776693,8.842326134568268,10428,8.842326134568268,49.94397278549476,0.02002243602636333,0,8.842326134568268,120
1,240,100.60678509387414,4.559007453307867,5.012970027691637,10430,5.012970027691637,20.069297150815277,0.04982735531221017,0,5.012970027691637,240
1,360,54.76551035696541,1.2391767493466144,9.797573060606055,10436,9.797573060606055,5.589701655521795,0.17890042467868542,0,9.797573060606055,DC_Charging
1,240,102.50645030809171,2.664314683474551,10.605860842661627,10439,10.605860842661627,9.665075926299528,0.10346530204474767,0,10.605860842661627,240
1,360,50.95041722317357,3.764551947946962,12.078008600530367,10440,12.078008600530367,4.218445184824279,0.23705416478978267,0,12.078008600530367,DC_Charging
1,360,27.827495479503327,2.065397076680235,15.210139368687337,10441,15.210139368687337,1.8295358645293525,0.546586716001465,0,15.210139368687337,DC_Charging
1,360,22.420687153208583,1.7011138886287591,10.971222807625765,10445,10.971222807625765,2.043590541031091,0.4893348153272677,0,10.971222807625765,DC_Charging
1,120,177.55301039820338,9.085718945092149,1.28532540269741,10449,1.28532540269741,138.13856788762365,0.0072391079138268205,0,1.28532540269741,120
1,240,34.44482405658216,1.976862488633503,4.503846397995602,10452,4.503846397995602,7.64786829140344,0.13075538985471893,0,4.503846397995602,240
1,240,66.05087569690569,1.0613362233748962,7.732159673497946,10453,7.732159673497946,8.542357955086691,0.11706369661137099,0,7.732159673497946,240
1,120,113.6995080394527,4.926889217480861,3.1840368768062604,10454,3.1840368768062604,35.70923090360017,0.02800396353255485,0,3.1840368768062604,120
1,360,51.65171605237718,1.5189312616072146,12.42978127868058,10458,12.42978127868058,4.155480687417214,0.24064604680464474,0,12.42978127868058,DC_Charging
1,360,66.26924450286167,5.115730108474333,29.8754612180408,10469,29.8754612180408,2.2181831443272872,0.4508194026076562,0,29.8754612180408,DC_Charging
1,360,85.90895766455024,3.740386155025999,16.806022912128967,10470,16.806022912128967,5.111795819494536,0.1956259669422559,0,16.806022912128967,DC_Charging
1,120,52.55574231861041,3.437674297987034,0.4697100640265006,10474,0.4697100640265006,111.88975145238801,0.008937369035318,0,0.4697100640265006,120
1,120,77.036448132424,2.132266066833761,1.9415996920599383,10477,1.9415996920599383,39.676792516737706,0.02520365020882544,0,1.9415996920599383,120
1,360,47.18098703265784,1.1953462013730365,14.690199266214776,10482,14.690199266214776,3.2117322697702906,0.31135845581285704,0,14.690199266214776,DC_Charging
1,120,418.2896210465138,16.979319823273208,3.727949746887447,10486,3.727949746887447,112.20366406380708,0.008912364924476335,0,3.727949746887447,120
1,120,667.510324929197,7.486025942373478,12.757364693231253,10487,12.757364693231253,52.32352770187418,0.01911186122040049,0,12.757364693231253,120
1,120,288.4544341710305,8.392186646473307,5.8590530136984285,10490,5.8590530136984285,49.23226219264886,0.020311884026107487,0,5.8590530136984285,120
1,360,59.7045796134021,2.591817833033496,28.446879114957863,10491,28.446879114957863,2.0988094817757497,0.4764605881015581,0,28.446879114957863,DC_Charging
1,360,31.054239293270903,2.40364403640962,26.24198402232274,10492,26.24198402232274,1.1833800091812654,0.8450370905723353,0,26.24198402232274,DC_Charging
1,240,64.18130191740681,1.0246702477978982,5.943761233525677,10496,5.943761233525677,10.79809558220363,0.09260892278524582,0,5.943761233525677,240
1,240,48.15478542318507,1.5813487880911894,4.8828975710002425,10503,4.8828975710002425,9.861928234820775,0.10140004836672527,0,4.8828975710002425,240
1,120,280.4285808347666,4.506010433453449,7.056375764647044,10508,7.056375764647044,39.741163195947436,0.025162826640715286,0,7.056375764647044,120
1,360,47.63453157859952,2.3901929625052665,33.895550292907515,10511,33.895550292907515,1.4053328878559856,0.7115751781242573,0,33.895550292907515,DC_Charging
1,360,38.46018113018201,1.8293412960955249,25.67613844300878,10512,25.67613844300878,1.4978958465872474,0.6676031596444869,0,25.67613844300878,DC_Charging
1,120,363.99440701659694,4.323813013420541,7.689593230977849,10517,7.689593230977849,47.33597683037774,0.021125580730769936,0,7.689593230977849,120
1,240,96.76156007988683,2.069683880044725,5.50344169509404,10528,5.50344169509404,17.582008757564104,0.05687632248333295,0,5.50344169509404,240
1,360,98.97897231335182,4.727273378781655,22.02987965705826,10529,22.02987965705826,4.492942033917987,0.2225713112813006,0,22.02987965705826,DC_Charging
1,120,238.77985848205927,6.722922815739883,5.0983943496426605,10530,5.0983943496426605,46.83432510449001,0.02135186100726217,0,5.0983943496426605,120
1,120,96.13965572158754,4.885588890825963,2.498019369000517,10531,2.498019369000517,38.4863531943125,0.02598323605645701,0,2.498019369000517,120
1,240,39.10080071364237,2.9361864578583146,2.5992978589011244,10538,2.5992978589011244,15.042831886212753,0.06647684475664005,0,2.5992978589011244,240
1,240,92.42085591426786,2.450469376701612,8.1211530085466,10540,8.1211530085466,11.380262853932848,0.087871432570155,0,8.1211530085466,240
1,120,240.6295992704936,4.305780332568091,6.57813612073096,10546,6.57813612073096,36.58020978193971,0.02733718603477549,0,6.57813612073096,120
1,240,87.54318289157175,1.3394835806151884,3.796520688623161,10547,3.796520688623161,23.05879252914594,0.04336740524188403,0,3.796520688623161,240
1,240,110.07412992975432,2.3536436580000366,4.893430933634818,10553,4.893430933634818,22.494264540072248,0.04445577663668697,0,4.893430933634818,240
1,120,235.8157786250366,2.4945372292324843,6.979253231270462,10554,6.979253231270462,33.788110391018165,0.029596209685221947,0,6.979253231270462,120
1,120,336.88290678181176,3.064431123838338,8.832958519577062,10557,8.832958519577062,38.13930587754445,0.02621966962929908,0,8.832958519577062,120
1,120,273.47081164910946,16.43968626616292,2.2807906224308283,10569,2.2807906224308283,119.90176080154559,0.008340161089503445,0,2.2807906224308283,120
1,360,61.28711552110842,4.832657735093569,10.92585857076162,10570,10.92585857076162,5.6093637972870285,0.17827333653838792,0,10.92585857076162,DC_Charging
1,240,39.18597888772515,3.009388089626486,3.9965796377600498,10571,3.9965796377600498,9.80487878121893,0.10199004213244146,0,3.9965796377600498,240
1,240,67.79792174295319,1.2282509657571534,9.758029235189795,10572,9.758029235189795,6.947911315786759,0.14392814682706745,0,9.758029235189795,240
1,360,46.962430706764096,1.6738272986318723,24.961243700723443,10573,24.961243700723443,1.8814138938679166,0.5315151563721813,0,24.961243700723443,DC_Charging
1,120,112.1476150956938,2.0147769767588763,3.92857491630825,10578,3.92857491630825,28.54664031737006,0.035030391978965035,0,3.92857491630825,120
1,120,187.6327438747568,8.174663867518245,6.865892599723409,10580,6.865892599723409,27.328237537871704,0.036592187791627304,0,6.865892599723409,120
1,360,65.6113436702349,2.672104436708529,33.3490061638599,10581,33.3490061638599,1.967415261128156,0.5082811035157772,0,33.3490061638599,DC_Charging
1,240,105.24368251648234,1.642974712359924,13.58350506776786,10582,13.58350506776786,7.747903209916993,0.1290671776487917,0,13.58350506776786,240
1,120,696.392807578556,10.223593152619582,11.684876861347815,10583,11.684876861347815,59.59778745141429,0.016779146387191416,0,11.684876861347815,120
1,360,47.57659894841527,2.646621537454355,32.35310795214467,10587,32.35310795214467,1.4705418415686224,0.6800214531354667,0,32.35310795214467,DC_Charging
1,360,26.01036293750146,2.354839602525887,12.809898278101995,10591,12.809898278101995,2.0304894209788635,0.49249210050940206,0,12.809898278101995,DC_Charging
1,120,327.2592365013445,2.994299218035429,8.665765327213805,10595,8.665765327213805,37.76460868073889,0.02647981893454733,0,8.665765327213805,120
1,360,40.07802226224916,2.209184442707083,31.308156744950978,10607,31.308156744950978,1.2801143992200208,0.7811801824972083,0,31.308156744950978,DC_Charging
1,360,27.650487688839466,3.728474610947148,19.30443660782225,10611,19.30443660782225,1.4323384955785425,0.6981589918073697,0,19.30443660782225,DC_Charging
1,240,141.69430071833298,2.162781407668071,6.075415776304482,10612,6.075415776304482,23.32256851802198,0.042876924092956265,0,6.075415776304482,240
1,240,65.80455538963842,1.0556617827122996,8.634240180230023,10617,8.634240180230023,7.621348725080907,0.1312103718216075,0,8.634240180230023,240
1,120,156.31800261931755,3.658932664526009,4.608622130826262,10618,4.608622130826262,33.91859826687329,0.029482350424152204,0,4.608622130826262,120
1,120,196.54830945533803,3.285800790177097,4.177445384626054,10619,4.177445384626054,47.04988129316552,0.02125403874600764,0,4.177445384626054,120
1,120,153.3640267777649,7.966238790551906,3.531562902827119,10623,3.531562902827119,43.42667283513272,0.023027322489025396,0,3.531562902827119,120
1,360,36.0412143785138,2.340777964688222,30.64936777138637,10626,30.64936777138637,1.1759203206847597,0.8503977543458743,0,30.64936777138637,DC_Charging
1,120,669.0161320906045,9.24974878609755,9.848141528020877,10633,9.848141528020877,67.93323696527469,0.014720334915163374,0,9.848141528020877,120
1,360,45.54656325511399,1.463389403530031,19.546420838275395,10634,19.546420838275395,2.330174083120407,0.4291524857494207,0,19.546420838275395,DC_Charging
1,360,54.78186136016605,3.853088825388309,33.62577130792933,10638,33.62577130792933,1.6291629672520815,0.613812135496,0,33.62577130792933,DC_Charging
1,120,326.6283458934787,18.05765004677409,2.45799259098915,10641,2.45799259098915,132.88418650685855,0.0075253499027018314,0,2.45799259098915,120
1,360,49.21642771240053,1.0388065551214951,8.87055388107514,10646,8.87055388107514,5.548292516141657,0.18023563052789632,0,8.87055388107514,DC_Charging
1,360,73.94331043588193,6.172381173821585,30.96645113037799,10650,30.96645113037799,2.3878522638761073,0.41878637767009047,0,30.96645113037799,DC_Charging
1,360,41.440343579514064,2.623471355206427,25.176016050473194,10651,25.176016050473194,1.6460246727057188,0.6075243078563397,0,25.176016050473194,DC_Charging
1,120,112.3987079692202,1.7794199898538263,3.8584968294050697,10658,3.8584968294050697,29.130180207132792,0.03432865821252767,0,3.8584968294050697,120
1,120,132.1870839960782,1.797106443797453,4.953883275711476,10661,4.953883275711476,26.68352818165533,0.03747630347801946,0,4.953883275711476,120
1,240,38.40798072711488,1.99320330686486,3.752746864615318,10667,3.752746864615318,10.23463135477217,0.09770747624766411,0,3.752746864615318,240
1,360,74.04461532461234,3.119105037195207,22.14303211938329,10669,22.14303211938329,3.3439239452575285,0.2990498636843208,0,22.14303211938329,DC_Charging
1,240,89.70821455575489,3.704447238346803,4.940052512599991,10670,4.940052512599991,18.15936456686383,0.05506800616937571,0,4.940052512599991,240
1,360,34.27340877229746,2.742974232006845,5.580630842621673,10671,5.580630842621673,6.141493630171113,0.16282683988913266,0,5.580630842621673,DC_Charging
1,120,163.2846109800802,1.763173565123553,6.164195786114576,10672,6.164195786114576,26.489199345013336,0.03775123539882502,0,6.164195786114576,120
1,120,143.47713733446255,2.277199010704912,4.490790024390066,10673,4.490790024390066,31.949197480893012,0.031299690722999936,0,4.490790024390066,120
1,240,35.89028656664512,2.610135631569255,2.1058202279326395,10675,2.1058202279326395,17.043376300872524,0.05867382039489474,0,2.1058202279326395,240
1,360,35.45211497873849,1.3433370720218143,14.526253513715147,10676,14.526253513715147,2.440554609987078,0.4097429313435009,0,14.526253513715147,DC_Charging
1,240,124.36553179357644,2.341393283518044,7.020728867067135,10680,7.020728867067135,17.714048519513526,0.056452368801994376,0,7.020728867067135,240
1,240,105.54586905775692,1.6070717215654686,4.507102164628108,10681,4.507102164628108,23.41767841121608,0.04270278131076572,0,4.507102164628108,240
1,360,44.50655561911026,1.3399228802205092,24.99800638533341,10683,24.99800638533341,1.7804042023616218,0.5616702087500959,0,24.99800638533341,DC_Charging
1,120,145.22095509609133,3.841492865551886,5.037067696833489,10684,5.037067696833489,28.830455303863253,0.034685543098793896,0,5.037067696833489,120
1,240,43.817478677614986,2.1509802828526143,6.363613574047619,10688,6.363613574047619,6.8856284511544565,0.1452300261470452,0,6.363613574047619,240
1,360,37.563368866260376,1.3720997051704338,24.82186191642299,10693,24.82186191642299,1.5133179369355516,0.6607996744061505,0,24.82186191642299,DC_Charging
1,240,159.544654511547,2.377084593364174,6.397378621860412,10694,6.397378621860412,24.9390670682471,0.040097730891995524,0,6.397378621860412,240
1,120,180.00506522673297,2.6875148801894704,4.7736087294360345,10703,4.7736087294360345,37.70838278318617,0.026519302239763277,0,4.7736087294360345,120
1,120,168.77595954498318,8.196866064287942,3.1443681498567884,10710,3.1443681498567884,53.675635772061284,0.018630426740478597,0,3.1443681498567884,120
1,240,47.30869546399761,1.8284220161036329,6.163829408283817,10712,6.163829408283817,7.675211679352702,0.13028956617445842,0,6.163829408283817,240
1,240,146.00602386141372,2.058485570442342,5.942953536944216,10713,5.942953536944216,24.567922827222368,0.040703481813772015,0,5.942953536944216,240
1,360,49.47870927554682,2.2710799872186502,30.80977464711154,10714,30.80977464711154,1.6059419402532216,0.6226875174841764,0,30.80977464711154,DC_Charging
1,360,53.19064438239975,1.456032786146639,14.576730386672269,10716,14.576730386672269,3.6490106472047246,0.2740468846716127,0,14.576730386672269,DC_Charging
1,120,808.811230879272,15.42478847538994,9.99998015856741,10718,9.99998015856741,80.88128356798076,0.012363799829654031,0,9.99998015856741,120
1,360,65.41734510246509,3.3604864779781574,22.699110398799743,10720,22.699110398799743,2.881934311660256,0.3469891718052065,0,22.699110398799743,DC_Charging
1,120,341.24072306096696,4.079133083318024,9.325720048421758,10724,9.325720048421758,36.59135394255342,0.0273288602977072,0,9.325720048421758,120
1,360,43.93181068672765,1.3501019689506557,15.183710204258771,10732,15.183710204258771,2.8933514994514007,0.3456199498020226,0,15.183710204258771,DC_Charging
1,120,132.2347949512236,1.958559835323664,3.468612530086133,10738,3.468612530086133,38.12325355001238,0.02623070978682708,0,3.468612530086133,120
1,360,70.51072488337324,2.055212088356271,11.638505085449069,10741,11.638505085449069,6.058400487492901,0.16506006858814015,0,11.638505085449069,DC_Charging
1,360,59.092499829096994,1.148012439369053,11.097190167258772,10743,11.097190167258772,5.324996592690997,0.1877935473935483,0,11.097190167258772,DC_Charging
1,240,82.68086444260307,1.2169847667990474,4.840522644164409,10744,4.840522644164409,17.08097875387086,0.058544654519483076,0,4.840522644164409,240
1,240,43.39606622453825,1.4714668280028511,4.998573044296236,10745,4.998573044296236,8.681690922583709,0.11518493446923997,0,4.998573044296236,240
1,360,83.99588661321336,3.363492629216011,19.76635578473143,10750,19.76635578473143,4.249437151085592,0.23532528296001096,0,19.76635578473143,DC_Charging
1,240,91.54904263185313,2.272292309721368,8.631917011712204,10751,8.631917011712204,10.605876134772258,0.094287354226344,0,8.631917011712204,240
1,360,17.0836877198231,2.396387888228406,14.718651835481438,10754,14.718651835481438,1.1606829151730051,0.8615617469056528,0,14.718651835481438,DC_Charging
1,240,69.00100554130344,1.482759002784483,4.582909068521488,10757,4.582909068521488,15.056158546816674,0.06641800409384173,0,4.582909068521488,240
1,240,86.81299496136803,2.8669646744688344,10.752578510346297,10769,10.752578510346297,8.073690871248719,0.12385908947308195,0,10.752578510346297,240
1,120,121.05486361550604,2.102466425977813,4.544256207375497,10773,4.544256207375497,26.639092976102333,0.03753881563824602,0,4.544256207375497,120
1,360,41.638710258775305,1.185498370433072,16.95640435812132,10774,16.95640435812132,2.45563324507724,0.4072269350501263,0,16.95640435812132,DC_Charging
1,240,94.97292137627116,1.5148645923403996,9.6900661475824,10778,9.6900661475824,9.801060171293692,0.10202977866913808,0,9.6900661475824,240
1,120,640.7178880300851,10.899015987612705,9.35888556887511,10779,9.35888556887511,68.46091698790758,0.014606874169924315,0,9.35888556887511,120
1,360,42.933542782753086,1.222965898286525,22.48260608112271,10782,22.48260608112271,1.909633724303954,0.523660630451262,0,22.48260608112271,DC_Charging
1,240,53.113893574931744,1.3466704305824533,6.76490554673363,10783,6.76490554673363,7.851387311767757,0.12736602593801322,0,6.76490554673363,240
1,360,24.40604346369165,1.5191369549080824,17.37280941632649,10785,17.37280941632649,1.4048414898718407,0.7118240792356061,0,17.37280941632649,DC_Charging
1,120,156.23019916610608,1.6278046553136436,5.630849585743476,10792,5.630849585743476,27.745404452226726,0.03604200478395781,0,5.630849585743476,120
1,240,78.28376457491721,1.2605062464994894,4.166329148169808,10793,4.166329148169808,18.78962554106073,0.0532208583835113,0,4.166329148169808,240
1,120,770.0269307288202,10.57746945717664,12.815685382474356,10802,12.815685382474356,60.084724909199444,0.01664316515572317,0,12.815685382474356,120
1,360,52.84072114794909,3.0410430206576424,32.76089480455792,10804,32.76089480455792,1.6129205707958112,0.61999333265779,0,32.76089480455792,DC_Charging
1,120,127.00087081539267,2.202475107624496,3.23421398608366,10808,3.23421398608366,39.26792455967925,0.025466077242768552,0,3.23421398608366,120
1,120,308.4328524626577,4.799359723157365,7.033943449281409,10819,7.033943449281409,43.849208439992125,0.022805428776861623,0,7.033943449281409,120
1,360,59.18446548955449,1.736688791564039,15.471258514029202,10821,15.471258514029202,3.8254460964430614,0.2614074214585876,0,15.471258514029202,DC_Charging
1,360,35.67138093890652,1.902697550053904,9.394157761855368,10823,9.394157761855368,3.7971877674599903,0.2633527919186674,0,9.394157761855368,DC_Charging
1,120,320.03087972235664,8.091000230677594,7.025991384999983,10824,7.025991384999983,45.54956904809205,0.02195410452608634,0,7.025991384999983,120
1,120,147.08700644224947,2.6214198815233707,4.786123863064304,10833,4.786123863064304,30.731968216985795,0.03253940629312809,0,4.786123863064304,120
1,240,93.69520464269117,3.371207889071336,10.37741593840913,10840,10.37741593840913,9.028760647041652,0.11075717245064617,0,10.37741593840913,240
1,360,54.97324935625328,2.527584640511895,28.940606548992776,10845,28.940606548992776,1.8995195993280425,0.5264488981075801,0,28.940606548992776,DC_Charging
1,360,72.84257575493513,2.5651312405332334,18.915176816169406,10847,18.915176816169406,3.851012150870646,0.2596719929263058,0,18.915176816169406,DC_Charging
1,120,144.7214313967824,4.6580043986416335,4.934298715303157,10850,4.934298715303157,29.32968588787412,0.034095148643014744,0,4.934298715303157,120
1,240,103.7821006454948,1.4862675880868714,6.903679476905751,10858,6.903679476905751,15.032867761701219,0.06652090711179338,0,6.903679476905751,240
1,120,316.6744640331951,5.178813144362399,5.932844839522588,10859,5.932844839522588,53.37649518888778,0.018734838180386668,0,5.932844839522588,120
1,360,38.50850979806357,2.0840443719333948,24.161482530002104,10863,24.161482530002104,1.5937974729094664,0.6274322911144457,0,24.161482530002104,DC_Charging
1,240,71.50581597899041,1.3882274335952407,7.863964098116597,10865,7.863964098116597,9.092846188872596,0.1099765661079535,0,7.863964098116597,240
1,360,44.22631994113853,2.350908183648684,16.2880645806501,10868,16.2880645806501,2.7152593681190655,0.3682889420220387,0,16.2880645806501,DC_Charging
1,360,83.51651211506018,5.300208469973713,32.75420008237754,10869,32.75420008237754,2.5497955042411142,0.3921883140576115,0,32.75420008237754,DC_Charging
1,120,231.27767847159893,3.2784173164337886,4.930510035462277,10873,4.930510035462277,46.90745517363392,0.021318572843024047,0,4.930510035462277,120
1,120,70.76408270359893,1.98780755596992,1.9482694339336744,10876,1.9482694339336744,36.3215074214463,0.027531896966631476,0,1.9482694339336744,120
1,240,56.52684101003664,1.625990926456077,7.861141323465915,10878,7.861141323465915,7.190665920392639,0.13906917816387665,0,7.861141323465915,240
1,360,68.95522861532007,3.762887029739424,27.591445167497625,10880,27.591445167497625,2.4991524799341955,0.40013564919669514,0,27.591445167497625,DC_Charging
1,120,141.26966733456055,4.502260757287287,4.298000344486368,10883,4.298000344486368,32.86869614047063,0.030424084841282097,0,4.298000344486368,120
1,240,36.00354125533103,2.9103494068678004,1.6256904074805476,10884,1.6256904074805476,22.146616040583258,0.045153625193461555,0,1.6256904074805476,240
1,360,28.243017600417375,2.2846066111453256,24.499299543507615,10886,24.499299543507615,1.152809187473356,0.8674462442407558,0,24.499299543507615,DC_Charging
1,120,216.19431005023395,2.6081882372875804,7.920286362828236,10887,7.920286362828236,27.29627442069325,0.03663503614404983,0,7.920286362828236,120
1,120,796.4471515820568,12.937881798411995,10.928439869114754,10888,10.928439869114754,72.87839445710122,0.013721487794145011,0,10.928439869114754,120
1,360,64.0062465402126,9.368061882126854,20.539987554703927,10889,20.539987554703927,3.116177474292302,0.3209059844151221,0,20.539987554703927,DC_Charging
1,240,64.74906816661542,4.8774502690739885,7.8929329270538915,10890,7.8929329270538915,8.20342308303177,0.12190033232205623,0,7.8929329270538915,240
1,360,22.367615333960085,5.810238393628626,24.07431791335493,10891,24.07431791335493,0.9291069186035766,1.0763023931658735,0,24.07431791335493,DC_Charging
1,360,58.45863464025764,1.3427748495363516,20.68737136389909,10896,20.68737136389909,2.825812598998056,0.3538805086914003,0,20.68737136389909,DC_Charging
1,120,427.9757685580099,5.593187582178978,10.47483913431779,10897,10.47483913431779,40.85750273298906,0.02447530889333044,0,10.47483913431779,120
1,360,50.82354343939993,2.236371003769986,34.25708194418635,10901,34.25708194418635,1.483592313034853,0.674039620732726,0,34.25708194418635,DC_Charging
1,240,83.52078462815196,1.28596959784579,10.458418746084291,10902,10.458418746084291,7.985985898625713,0.1252193545911579,0,10.458418746084291,240
1,120,127.37217499960988,2.018140625771355,4.045158007412297,10903,4.045158007412297,31.48756482842319,0.031758568992204826,0,4.045158007412297,120
1,120,210.82747472400573,5.415459060436158,3.675158032181386,10905,3.675158032181386,57.36555350216309,0.017432063999213272,0,3.675158032181386,120
1,240,30.3331221804488,2.5955122115143223,1.7348710010492994,10906,1.7348710010492994,17.48436751902733,0.05719394761702142,0,1.7348710010492994,240
1,360,66.53170623222267,4.565158176104194,34.03325006989398,10909,34.03325006989398,1.9549031049220016,0.5115343044277884,0,34.03325006989398,DC_Charging
1,360,34.80513442484028,1.7351554254932715,14.422402052230282,10912,14.422402052230282,2.4132689061637977,0.41437570319903927,0,14.422402052230282,DC_Charging
1,360,99.59314790872604,6.613939883306451,32.51508858718836,10920,32.51508858718836,3.0629825178445884,0.32647917321568554,0,32.51508858718836,DC_Charging
1,120,165.7445784146111,4.761864370353965,4.982344171747016,10929,4.982344171747016,33.266384798241305,0.03006037494200052,0,4.982344171747016,120
1,360,46.19249590347764,1.8496845044371752,12.17042740834151,10934,12.17042740834151,3.7954703112413037,0.2634719594665862,0,12.17042740834151,DC_Charging
1,360,36.236043916988216,2.1201692578983065,20.572128882584902,10936,20.572128882584902,1.761414393415716,0.5677255753887708,0,20.572128882584902,DC_Charging
1,360,69.66514233107621,2.5865108402067394,20.684240498799795,10941,20.684240498799795,3.3680299905195232,0.2969094701694591,0,20.684240498799795,DC_Charging
1,240,50.95446544771234,1.3572809821440432,5.240090975692041,10946,5.240090975692041,9.723965802136279,0.10283869980088862,0,5.240090975692041,240
1,240,49.91505346327563,2.2979974563605547,5.279210135895369,10948,5.279210135895369,9.455023039125512,0.1057638882382342,0,5.279210135895369,240
1,120,184.0342583302505,3.611560863349947,4.778654751377971,10950,4.778654751377971,38.51172932658139,0.02596611519363231,0,4.778654751377971,120
1,120,473.70563071385664,26.970945173555556,0.047076582698267,10953,0.047076582698267,10062.44726279367,9.937940283151027e-05,0,0.047076582698267,120
1,360,24.33052992012672,1.6484234715455834,7.039081065681046,10957,7.039081065681046,3.456492359315184,0.28931063518917327,0,7.039081065681046,DC_Charging
1,120,129.8761618203153,2.234484718713826,4.8433204385084565,10961,4.8433204385084565,26.81552118412215,0.03729183531931925,0,4.8433204385084565,120
1,120,75.84179905441157,3.045243179241288,2.8388839799165027,10962,2.8388839799165027,26.715357017387596,0.03743165398647503,0,2.8388839799165027,120
1,360,30.5330938097656,1.616922106060966,26.92933381314945,10964,26.92933381314945,1.1338228424669181,0.8819719999856833,0,26.92933381314945,DC_Charging
1,120,231.1941990075406,2.492326202355433,5.938656924201581,10966,5.938656924201581,38.930384758439864,0.02568687687534879,0,5.938656924201581,120
1,240,63.334719258775046,1.3541202087159818,4.625925156561152,10967,4.625925156561152,13.691254638857407,0.07303932520266487,0,4.625925156561152,240
1,120,409.6139044969162,6.631227278157811,8.311044972879685,10969,8.311044972879685,49.285487665336206,0.020289948367566354,0,8.311044972879685,120
1,120,434.5884128135062,5.19493294795969,10.498903496384116,10971,10.498903496384116,41.39369534763139,0.02415826834501794,0,10.498903496384116,120
1,120,143.16632487605085,2.728402587491686,4.407322493126088,10975,4.407322493126088,32.48374156856941,0.030784631071181137,0,4.407322493126088,120
1,240,42.83941880458055,3.1228790161657534,4.509575214985787,10976,4.509575214985787,9.499657232064942,0.10526695601443609,0,4.509575214985787,240
1,120,683.3751882064823,8.722980217869962,12.038672944336142,10977,12.038672944336142,56.76499323191525,0.01761649113414789,0,12.038672944336142,120
1,360,72.46153524140036,3.1267653515797527,27.37188492564124,10978,27.37188492564124,2.647297964252376,0.3777436516415749,0,27.37188492564124,DC_Charging
1,240,113.04477666146028,3.917077404900573,12.418606754842171,10980,12.418606754842171,9.102855005645678,0.10985564412261763,0,12.418606754842171,240
1,360,54.06485497852864,1.6908987859602334,25.455387473202396,10982,25.455387473202396,2.123906188245779,0.4708305882502,0,25.455387473202396,DC_Charging
1,240,115.35022766727432,1.421762573981461,8.597077810713756,10983,8.597077810713756,13.417376253536268,0.07453021970196604,0,8.597077810713756,240
1,120,731.5545460952375,8.739070083229969,12.49891011393133,10984,12.49891011393133,58.529466923667535,0.017085411034140657,0,12.49891011393133,120
1,240,76.02478909877624,1.3265692816946066,6.646282397253728,10985,6.646282397253728,11.438693777169325,0.08742256934930073,0,6.646282397253728,240
1,360,53.43428058075394,1.2067633242685083,13.055463019174011,10986,13.055463019174011,4.092867522375672,0.2443274781147957,0,13.055463019174011,DC_Charging
1,360,52.05619655813236,2.014111115140228,25.36037071350036,10987,25.36037071350036,2.0526591328738237,0.487172947512211,0,25.36037071350036,DC_Charging
1,360,73.28650530798953,3.009884007721729,14.99118698095927,10991,14.99118698095927,4.888639265261169,0.20455589904250715,0,14.99118698095927,DC_Charging
1,120,201.5956990522944,2.387469463448828,3.9363021578299,10993,3.9363021578299,51.214487854112036,0.019525724885672356,0,3.9363021578299,120
1,120,80.91153661571548,3.1299712084710176,2.362201441781181,10995,2.362201441781181,34.25259809963768,0.02919486565927324,0,2.362201441781181,120
1,360,51.10279739534455,1.7889764513021078,21.27910486766433,10998,21.27910486766433,2.401548265923546,0.4163980437909031,0,21.27910486766433,DC_Charging
1,360,95.07992540036496,4.203696226648525,25.127953940491597,10999,25.127953940491597,3.783830773708623,0.26428243222407016,0,25.127953940491597,DC_Charging
1,360,21.61271705587917,3.216116549075221,13.221815207880269,11003,13.221815207880269,1.634625557540532,0.61176089862721,0,13.221815207880269,DC_Charging
1,360,20.362850709918536,3.2535717494192045,12.486586495987323,11005,12.486586495987323,1.6307780125867324,0.6132042450178763,0,12.486586495987323,DC_Charging
1,360,68.72500560780824,3.72411842131507,28.08665476639337,11009,28.08665476639337,2.4468918131909403,0.40868173844430045,0,28.08665476639337,DC_Charging
1,240,80.53472449293419,1.474576266159335,5.105130705667449,11013,5.105130705667449,15.775252219013463,0.06339042863572909,0,5.105130705667449,240
1,120,163.241974093839,3.4379828379383355,3.7102303827085024,11019,3.7102303827085024,43.997799935720124,0.02272840918093585,0,3.7102303827085024,120
1,360,18.392146692611675,3.662433325000881,18.18057261194255,11028,18.18057261194255,1.0116373716705789,0.9884964988478416,0,18.18057261194255,DC_Charging
1,240,70.1515396347417,5.660753604939384,4.773625382973791,11029,4.773625382973791,14.695652466771469,0.06804733592204314,0,4.773625382973791,240
1,240,80.14620524305803,1.876258388279428,10.27838567610641,11031,10.27838567610641,7.797547958272227,0.12824544399744597,0,10.27838567610641,240
1,120,462.324979507502,6.499606811763118,9.618264419520829,11033,9.618264419520829,48.06740169974808,0.02080412014459356,0,9.618264419520829,120
1,120,269.99738351878364,2.781052147686333,6.578335963184102,11034,6.578335963184102,41.04341660715322,0.024364443378861296,0,6.578335963184102,120
1,120,42.72021863080909,2.624041766680323,1.168026209469602,11035,1.168026209469602,36.57470892730074,0.027341297561320095,0,1.168026209469602,120
1,360,38.69037472280165,2.0396109206931032,26.97511438845765,11037,26.97511438845765,1.4342988194836654,0.6972047849554746,0,26.97511438845765,DC_Charging
1,360,78.46158495197804,5.361525149862033,34.08560046584934,11039,34.08560046584934,2.301898276094311,0.43442406225557684,0,34.08560046584934,DC_Charging
1,120,617.0897287442965,9.826962227504747,10.770023091152169,11040,10.770023091152169,57.296973601779044,0.017452928787305977,0,10.770023091152169,120
1,360,53.0015838396577,2.0105738243515026,21.67351892925457,11043,21.67351892925457,2.445453551528128,0.4089220992871096,0,21.67351892925457,DC_Charging
1,120,153.56209195438112,4.53589407748107,2.9108772236623395,11051,2.9108772236623395,52.75457539262888,0.018955701805150438,0,2.9108772236623395,120
1,120,408.2647904662483,6.288821192840588,5.773029164387964,11059,5.773029164387964,70.71933621688729,0.01414040421608492,0,5.773029164387964,120
1,120,193.49577901747548,14.22068525155774,1.3332376308391645,11060,1.3332376308391645,145.13225140193924,0.006890267258588384,0,1.3332376308391645,120
1,120,106.19379088820548,6.226261547783154,1.3689511425701255,11061,1.3689511425701255,77.57310512107311,0.012891065768725367,0,1.3689511425701255,120
1,240,99.8326954370647,1.2832444257702085,5.430682388611132,11062,5.430682388611132,18.383084904104727,0.05439783394443833,0,5.430682388611132,240
1,120,165.8035552734684,1.936693651240656,4.48777573405512,11063,4.48777573405512,36.94559735132967,0.02706682451201483,0,4.48777573405512,120
1,360,51.45758144073095,1.3369814484073714,12.921718457406058,11064,12.921718457406058,3.982255271259074,0.2511139873973546,0,12.921718457406058,DC_Charging
1,240,77.87925833113137,3.7582339232364017,4.161749425285208,11069,4.161749425285208,18.713106045733216,0.05343848303729409,0,4.161749425285208,240
1,240,106.10350187660327,3.141948968886449,10.84610477841862,11070,10.84610477841862,9.782636628011014,0.10222193034714794,0,10.84610477841862,240
1,360,70.97512720139757,1.676292272204002,22.531267718463766,11071,22.531267718463766,3.1500725164805248,0.31745300934127957,0,22.531267718463766,DC_Charging
1,120,183.90856849588783,2.211886104461033,5.961772034615464,11072,5.961772034615464,30.847970608079446,0.03241704333503508,0,5.961772034615464,120
1,360,47.16475736588751,1.1150773845330957,10.85260798491474,11075,10.85260798491474,4.345937624527404,0.23009994307240988,0,10.85260798491474,DC_Charging
1,120,259.7731493843069,4.044275817541165,6.4740015491041305,11090,6.4740015491041305,40.125592713250775,0.02492175024419683,0,6.4740015491041305,120
1,120,316.605868504589,22.550325637126758,0.209356981421692,11091,0.209356981421692,1512.2775765804229,0.0006612542667340278,0,0.209356981421692,120
1,120,592.6564838590446,16.852074566096633,6.471228735066731,11092,6.471228735066731,91.58330019266938,0.010919021239639093,0,6.471228735066731,120
1,240,60.30596340753166,1.581973440606753,5.021088627350693,11098,5.021088627350693,12.010535539849903,0.08326023404052948,0,5.021088627350693,240
1,360,24.251429598144384,1.7898649125203254,9.887635392823851,11102,9.887635392823851,2.452702656870352,0.40771350624131497,0,9.887635392823851,DC_Charging
1,240,93.12434982980176,1.738641116849502,4.4692486732947,11103,4.4692486732947,20.83669015471254,0.04799226712951983,0,4.4692486732947,240
1,120,282.8528974199533,4.430750635925652,6.4977578207218585,11105,6.4977578207218585,43.53084636640554,0.022972215876136494,0,6.4977578207218585,120
1,240,72.61757389078846,1.5096354389305808,5.509911594514634,11106,5.509911594514634,13.179444469323709,0.07587573226835062,0,5.509911594514634,240
1,120,493.4984116208213,7.494302280016957,9.551050741112732,11107,9.551050741112732,51.66954139365476,0.0193537618687439,0,9.551050741112732,120
1,240,104.78442045086965,2.8627648680997457,7.703923600222197,11110,7.703923600222197,13.601435565618466,0.07352165109157942,0,7.703923600222197,240
1,120,189.33798400526763,2.9144835252221437,6.352447376978091,11112,6.352447376978091,29.80551790030525,0.033550834558380836,0,6.352447376978091,120
1,360,43.90300615354261,0.9844533331181192,10.5730367197324,11114,10.5730367197324,4.152355403401435,0.2408271698469842,0,10.5730367197324,DC_Charging
1,120,503.0297779695708,4.4860634664876144,12.733766630222265,11122,12.733766630222265,39.503612134345396,0.02531414080816614,0,12.733766630222265,120
1,120,774.204316059232,18.522821220112,6.513137362845228,11123,6.513137362845228,118.8681080911558,0.008412685421333827,0,6.513137362845228,120
1,360,40.46742028202973,2.513565092313705,32.45351213131276,11125,32.45351213131276,1.2469350040849585,0.8019664190386833,0,32.45351213131276,DC_Charging
1,360,32.64958170966799,1.760289632336728,16.832318848255426,11128,16.832318848255426,1.9396960100391596,0.5155447012440941,0,16.832318848255426,DC_Charging
1,360,26.489947016761548,2.1619077394612174,21.82308435189657,11132,21.82308435189657,1.213849820200113,0.8238251415938275,0,21.82308435189657,DC_Charging
1,360,39.580465683856,1.6147723645167078,33.14878900611427,11133,33.14878900611427,1.194024483867432,0.837503764379279,0,33.14878900611427,DC_Charging
1,360,75.50149816657122,1.2151477917807665,12.469533273318874,11134,12.469533273318874,6.054877637491226,0.16515610386708643,0,12.469533273318874,DC_Charging
1,120,485.3461036629975,5.793599425775378,11.218377961554054,11135,11.218377961554054,43.2634829497012,0.023114181564221625,0,11.218377961554054,120
1,240,87.78061254767213,1.3816338890480302,5.465005329938961,11141,5.465005329938961,16.06231050988793,0.06225754379386463,0,5.465005329938961,240
1,360,46.31513394277476,2.608428975936798,35.01708279350052,11148,35.01708279350052,1.3226439853913603,0.7560613521439086,0,35.01708279350052,DC_Charging
1,360,90.51758002203296,4.304779691013698,31.270936088052537,11150,31.270936088052537,2.894623293883945,0.3454680966994572,0,31.270936088052537,DC_Charging
1,240,84.81163511109843,1.5632939177216936,10.18776545037359,11151,10.18776545037359,8.324851560848247,0.12012226196356426,0,10.18776545037359,240
1,360,29.598101015770776,2.234906495644972,13.35146299935873,11152,13.35146299935873,2.2168432790618056,0.45109187890955105,0,13.35146299935873,DC_Charging
1,240,92.4782076003312,1.5155561656216563,4.118758317552178,11157,4.118758317552178,22.452933741276663,0.04453760971830759,0,4.118758317552178,240
1,120,115.19154167758838,5.946722943045554,1.3426885135191924,11159,1.3426885135191924,85.79170858896443,0.011656138063307345,0,1.3426885135191924,120
1,120,163.53618184560483,2.747072776691004,4.507585117223215,11169,4.507585117223215,36.28022047121036,0.0275632283104105,0,4.507585117223215,120
1,360,80.2935076694633,2.726327515433359,17.97601720760987,11170,17.97601720760987,4.466701758355698,0.223878838144798,0,17.97601720760987,DC_Charging
1,360,52.70748639373759,1.7468258787083488,21.873819354689005,11171,21.873819354689005,2.409615144894158,0.4150040317097711,0,21.873819354689005,DC_Charging
1,360,29.060078737866785,1.7335320686033748,26.31877348494409,11173,26.31877348494409,1.1041577889064962,0.9056676591398689,0,26.31877348494409,DC_Charging
1,360,44.38555378319167,1.2121631256308452,13.752596763436005,11175,13.752596763436005,3.2274307570188805,0.30984398281055053,0,13.752596763436005,DC_Charging
1,360,43.38572321306908,1.5675578271400257,24.820104968189085,11177,24.820104968189085,1.748007241253604,0.572080009967715,0,24.820104968189085,DC_Charging
1,240,57.72158200958718,4.366818762956949,3.976562085369935,11178,3.976562085369935,14.515448462869255,0.0688921188041841,0,3.976562085369935,240
1,360,87.06678665125364,4.877112495314516,31.084541366649503,11179,31.084541366649503,2.800967388396706,0.3570195083822119,0,31.084541366649503,DC_Charging
1,120,217.0671087315373,3.2262286289860347,4.335495784757882,11181,4.335495784757882,50.06742469792518,0.019973066440572094,0,4.335495784757882,120
1,360,32.59794386641415,2.1737611681382822,35.78418637667025,11184,35.78418637667025,0.9109594814671155,1.0977436651622345,0,35.78418637667025,DC_Charging
1,120,137.1306390235751,3.970946155781786,4.579803183728842,11189,4.579803183728842,29.942474277229604,0.03339737360183595,0,4.579803183728842,120
1,240,105.99588749349635,3.292581272600054,7.045351122648498,11190,7.045351122648498,15.044798427824878,0.06646815540915003,0,7.045351122648498,240
1,360,68.70714341452091,5.517016957808639,31.537425999322707,11199,31.537425999322707,2.1785907136491245,0.4590123301889077,0,31.537425999322707,DC_Charging
1,360,30.908782651351075,1.805311634100564,13.206627181441178,11201,13.206627181441178,2.3403994242213586,0.42727749359821177,0,13.206627181441178,DC_Charging
1,360,43.77576468361649,1.142716629354458,16.77010955794485,11206,16.77010955794485,2.6103445855473075,0.3830911847947965,0,16.77010955794485,DC_Charging
1,360,36.72135286964237,1.884267042860135,35.16404193748275,11207,35.16404193748275,1.0442870286336343,0.9575911340279881,0,35.16404193748275,DC_Charging
1,360,26.80267879688918,1.755725460009167,16.09514999921319,11214,16.09514999921319,1.6652643062164332,0.600505274908613,0,16.09514999921319,DC_Charging
1,240,77.8348933199735,1.5279664455122008,4.3497095792378815,11218,4.3497095792378815,17.89427360656365,0.05588379958788594,0,4.3497095792378815,240
1,120,599.1574103539723,9.79030373648707,9.630080104563092,11220,9.630080104563092,62.21728208367333,0.0160727046651627,0,9.630080104563092,120
1,240,61.02093648474588,1.147811589018334,6.037703840042056,11223,6.037703840042056,10.106646185600392,0.09894479153972623,0,6.037703840042056,240
1,360,20.31830001725368,2.753217511839874,11.351339807047182,11232,11.351339807047182,1.7899472980836673,0.5586756666358884,0,11.351339807047182,DC_Charging
1,360,31.18975370162776,1.3814325103754768,7.138152961828155,11236,7.138152961828155,4.36944316946099,0.22886211382475977,0,7.138152961828155,DC_Charging
1,120,758.6374844696983,8.728650167796966,13.644057331071096,11242,13.644057331071096,55.60204461630939,0.017984950138086764,0,13.644057331071096,120
1,120,66.01124648339174,4.736352765613455,0.5409538985730364,11246,0.5409538985730364,122.02749006434841,0.008194874773484833,0,0.5409538985730364,120
1,360,58.20309644114777,5.883642372659381,29.82228647196621,11249,29.82228647196621,1.9516644538929073,0.5123831599255394,0,29.82228647196621,DC_Charging
1,120,127.7081518982971,4.624316837406183,4.02850446965013,11253,4.02850446965013,31.70113198593233,0.031544614887687894,0,4.02850446965013,120
1,120,246.25637399907683,4.270069298706808,7.411853854949342,11254,7.411853854949342,33.224666705298915,0.03009811983578191,0,7.411853854949342,120
1,120,275.4399327775299,3.464662738362029,7.932118701408257,11256,7.932118701408257,34.72463576832615,0.028797998247461633,0,7.932118701408257,120
1,360,44.41077705325157,1.6203759219998528,9.800312567567945,11258,9.800312567567945,4.5315674114537545,0.22067419707195612,0,9.800312567567945,DC_Charging
1,120,108.48609343720696,2.931324135908862,3.2237722179067845,11261,3.2237722179067845,33.65191027908531,0.029715995071504183,0,3.2237722179067845,120
1,240,59.35887373912035,1.4837524239404722,4.550692799720579,11262,4.550692799720579,13.043920201065887,0.07666406912841162,0,4.550692799720579,240
1,360,28.606208789680167,1.474205824499767,7.046233760149889,11263,7.046233760149889,4.059787081073457,0.24631833641275291,0,7.046233760149889,DC_Charging
1,360,23.24124682439881,1.3780159411259167,11.671512397293682,11267,11.671512397293682,1.9912797959061284,0.5021895978937263,0,11.671512397293682,DC_Charging
1,240,140.767966933229,3.82500992874707,5.89544099370876,11270,5.89544099370876,23.877427843557015,0.04188055792910022,0,5.89544099370876,240
1,120,368.65222578128106,3.5462437305313927,9.58245931333218,11274,9.58245931333218,38.47156702960076,0.02599322245518569,0,9.58245931333218,120
1,120,104.66917290323732,3.961725530912918,1.522230304133089,11276,1.522230304133089,68.76040545181925,0.014543253394581927,0,1.522230304133089,120
1,360,63.14455933443708,1.7868763720102852,16.75088304859844,11278,16.75088304859844,3.7696257057755798,0.26527832682907054,0,16.75088304859844,DC_Charging
1,240,60.23647072471354,1.5171296841518398,6.411151097589723,11282,6.411151097589723,9.395578080722428,0.10643304663198645,0,6.411151097589723,240
1,120,107.55621515759309,2.9647241139591096,4.224766412177246,11284,4.224766412177246,25.458499870567678,0.03927961211713382,0,4.224766412177246,120
1,360,55.34560144600504,2.0321416827053405,19.701606829912123,11291,19.701606829912123,2.8091922615152454,0.3559742114128606,0,19.701606829912123,DC_Charging
1,120,348.1031585810099,4.31316662402785,9.872780437139994,11292,9.872780437139994,35.25887775965273,0.028361651406396016,0,9.872780437139994,120
1,120,243.46782751124653,2.9956069906828984,6.77299083931716,11293,6.77299083931716,35.946870930035466,0.027818833020162775,0,6.77299083931716,120
1,360,53.06831887633224,1.4629376003079622,11.025521667499303,11298,11.025521667499303,4.813225212986104,0.20776089955275628,0,11.025521667499303,DC_Charging
1,240,128.47618944103678,2.133701341150604,5.505548367620946,11301,5.505548367620946,23.335766187547602,0.04285267481526355,0,5.505548367620946,240
1,360,68.32651470947691,2.554041765228741,22.903873972354447,11302,22.903873972354447,2.983185935791855,0.33521209254915607,0,22.903873972354447,DC_Charging
1,360,34.62740229245604,2.018154186031772,35.370029546062966,11305,35.370029546062966,0.9790040533429639,1.02144623057008,0,35.370029546062966,DC_Charging
1,120,381.83871604946427,3.622033610966392,10.12469850286827,11307,10.12469850286827,37.71358879884586,0.026515641492877568,0,10.12469850286827,120
1,120,272.9867307682046,19.668556856535613,0.2253027438289621,11308,0.2253027438289621,1211.6440578080205,0.0008253248910485272,0,0.2253027438289621,120
1,120,590.0544424951967,10.170535551861486,11.196570153854497,11311,11.196570153854497,52.69957088529172,0.018975486577995967,0,11.196570153854497,120
1,360,43.78098950384318,2.335495802987683,30.768448893154726,11317,30.768448893154726,1.4229183166130759,0.7027810298909258,0,30.768448893154726,DC_Charging
1,360,93.63772058961294,4.483813167687538,20.465721103053557,11319,20.465721103053557,4.575344309546066,0.21856278617405583,0,20.465721103053557,DC_Charging
1,360,34.324112692724015,1.1078325952713224,9.917153788507292,11324,9.917153788507292,3.461085047657651,0.2889267343132083,0,9.917153788507292,DC_Charging
1,240,47.58173552396537,1.929418659580682,4.0938779321354986,11327,4.0938779321354986,11.622656149677917,0.08603885266172238,0,4.0938779321354986,240
1,240,34.970071079118334,2.697320005114486,3.8838018800346674,11341,3.8838018800346674,9.004082123469745,0.11106073737304471,0,3.8838018800346674,240
1,240,106.60179015043984,1.4672974881928806,5.208923879770154,11342,5.208923879770154,20.46522326126672,0.04886338092839862,0,5.208923879770154,240
1,360,47.066842543482935,1.2615105863067233,18.80812787543421,11343,18.80812787543421,2.502473550541847,0.3996046231071954,0,18.80812787543421,DC_Charging
1,240,68.19509632485865,1.3407718053547844,8.106706064537917,11344,8.106706064537917,8.412183170569387,0.11887520513088329,0,8.106706064537917,240
1,360,34.514996958782355,3.583564384914877,28.89057099478636,11348,28.89057099478636,1.194680332382873,0.8370439965354,0,28.89057099478636,DC_Charging
1,120,350.79982765305925,5.59072912457614,7.357196944013921,11350,7.357196944013921,47.68117943865599,0.020972635571788772,0,7.357196944013921,120
1,360,32.39319783240743,1.561858291190294,25.56812359708337,11352,25.56812359708337,1.2669368445990543,0.7893053266727502,0,25.56812359708337,DC_Charging
1,240,82.90352046909693,1.0638087695599854,7.729112076087475,11355,7.729112076087475,10.72613770546632,0.0932302034021411,0,7.729112076087475,240
1,120,234.67517205771523,2.857125208624582,7.129359893889742,11356,7.129359893889742,32.91672401877831,0.0303796939036072,0,7.129359893889742,120
1,120,664.4592946508367,17.517251479647552,7.498119180557353,11360,7.498119180557353,88.61679557905424,0.011284542545977178,0,7.498119180557353,120
1,360,57.77499577695749,3.451024286313735,25.185083901784694,11361,25.185083901784694,2.294016410755867,0.43591667230946485,0,25.185083901784694,DC_Charging
1,360,33.24874467943659,2.0247136538206623,32.26989022394713,11363,32.26989022394713,1.030333368000213,0.9705596567651814,0,32.26989022394713,DC_Charging
1,360,41.40238733799388,5.88466414708715,21.59458116026191,11370,21.59458116026191,1.9172581783703246,0.5215781636931147,0,21.59458116026191,DC_Charging
1,120,102.5788624189605,2.0155837242000367,3.862776788609935,11374,3.862776788609935,26.555731286734456,0.03765665457307651,0,3.862776788609935,120
1,240,63.3805991368811,1.920891016851296,4.735646990107185,11375,4.735646990107185,13.383725448557257,0.0747176116129757,0,4.735646990107185,240
1,360,34.58553754713503,2.573980631259781,30.98549445080903,11376,30.98549445080903,1.1161847877574214,0.8959090026743209,0,30.98549445080903,DC_Charging
1,240,69.45723787301972,1.628966611134813,6.693719999569254,11378,6.693719999569254,10.376477934166555,0.0963718138605882,0,6.693719999569254,240
1,240,39.124726051584034,1.3219953354131089,5.164733717318242,11385,5.164733717318242,7.57536171136802,0.13200689790156725,0,5.164733717318242,240
1,120,160.00620358502812,1.8875391160879809,5.271599469138053,11387,5.271599469138053,30.3524963384956,0.0329462192779088,0,5.271599469138053,120
1,360,38.355162611311584,1.7798331375283436,28.072266109766844,11393,28.072266109766844,1.3663009057173028,0.7319031962984784,0,28.072266109766844,DC_Charging
1,120,217.0589166840601,2.1893461339318607,6.209618310360881,11405,6.209618310360881,34.9552751610985,0.02860798535818404,0,6.209618310360881,120
1,360,44.49450654389359,1.931382079624668,24.692355680015524,11408,24.692355680015524,1.801954706974544,0.5549529053807271,0,24.692355680015524,DC_Charging
1,360,33.301860621023394,1.7517309947263895,30.24168916696857,11414,30.24168916696857,1.1011904935983963,0.908108093752487,0,30.24168916696857,DC_Charging
1,360,35.0563155430433,2.165752865772132,31.49268627012465,11416,31.49268627012465,1.1131573611203585,0.8983455843058263,0,31.49268627012465,DC_Charging
1,120,212.85398430710475,5.20014678003631,5.472815839149419,11417,5.472815839149419,38.89295575861847,0.02571159688161282,0,5.472815839149419,120
1,360,81.5074087944194,3.28851072897312,17.08979086882738,11420,17.08979086882738,4.7693625638856085,0.2096716252130134,0,17.08979086882738,DC_Charging
1,120,109.85825403591214,1.3854903742783848,4.3885789363747705,11424,4.3885789363747705,25.03276245650982,0.039947648675903454,0,4.3885789363747705,120
1,120,269.3316950934474,2.989407662277805,7.07589371090431,11428,7.07589371090431,38.0632759757815,0.026272042391628864,0,7.07589371090431,120
1,120,218.1572393438467,13.767090666255656,1.0439073925281832,11429,1.0439073925281832,208.98141052100743,0.004785114606638551,0,1.0439073925281832,120
1,120,489.034289921262,16.59837160349132,4.526128831521376,11431,4.526128831521376,108.04692224301577,0.00925523818023091,0,4.526128831521376,120
1,240,78.3197316343525,1.366599610713196,9.011634326227323,11432,9.011634326227323,8.690957577629614,0.1150621195728747,0,9.011634326227323,240
1,240,88.14107734411431,1.4677875066943058,4.965990397664569,11433,4.965990397664569,17.748942363151915,0.056341385280289834,0,4.965990397664569,240
1,240,64.09791805174812,1.4474435058699038,7.946790468176729,11434,7.946790468176729,8.065887518795298,0.12397891709620043,0,7.946790468176729,240
1,360,58.770373667773576,2.1663208117441344,26.96160004256366,11435,26.96160004256366,2.179780635236564,0.4587617597086661,0,26.96160004256366,DC_Charging
1,360,56.472202847778576,1.9492224513293888,21.877216676392493,11437,21.877216676392493,2.5813248405002645,0.3873979687911726,0,21.877216676392493,DC_Charging
1,120,204.4680338605511,7.720179588246995,4.150066968545048,11438,4.150066968545048,49.26861070201827,0.020296898689676983,0,4.150066968545048,120
1,240,98.63599467032144,1.4058297082599165,6.9548391449111335,11441,6.9548391449111335,14.182354561355103,0.07051015370359288,0,6.9548391449111335,240
1,120,112.59174319927054,1.562453181575852,4.256066736401223,11442,4.256066736401223,26.45441205991851,0.03780087789269433,0,4.256066736401223,120
1,120,136.60683333075664,1.5924571068744429,4.212834152370647,11446,4.212834152370647,32.42634967101309,0.03083911726560855,0,4.212834152370647,120
1,360,43.57420648855175,1.7737835003096694,28.13530807696553,11448,28.13530807696553,1.548737492738745,0.6456872159991603,0,28.13530807696553,DC_Charging
1,360,68.18439665782158,1.2165127992936315,12.18756389869877,11453,12.18756389869877,5.59458782941039,0.17874417749651977,0,12.18756389869877,DC_Charging
1,120,305.6076403117024,15.51345778550445,2.9514285881132167,11454,2.9514285881132167,103.54566650961074,0.00965757461136419,0,2.9514285881132167,120
1,240,93.5173033746768,1.2569230797648083,8.575170081787618,11458,8.575170081787618,10.905591665557,0.09169607946703964,0,8.575170081787618,240
1,120,344.6406139607974,5.178803986783936,6.584972397982327,11459,6.584972397982327,52.33744245707047,0.01910678002312102,0,6.584972397982327,120
1,240,82.37295670479594,2.715419078410795,8.767251986336433,11460,8.767251986336433,9.395527450696337,0.10643362017167927,0,8.767251986336433,240
1,360,42.875102745678426,1.0836380968640225,13.18198827232206,11462,13.18198827232206,3.2525520323593646,0.30745088473638077,0,13.18198827232206,DC_Charging
1,120,720.3274700410493,8.028529343688342,13.867064855244235,11465,13.867064855244235,51.94520091745561,0.019251056543010906,0,13.867064855244235,120
1,360,45.68919239052127,1.3071616432680764,14.846367816579471,11467,14.846367816579471,3.0774660142461587,0.32494266236274105,0,14.846367816579471,DC_Charging
1,360,69.05042991391937,3.2485213448966976,17.841390008340525,11469,17.841390008340525,3.8702382427400304,0.258382026449107,0,17.841390008340525,DC_Charging
1,240,101.19303124910624,1.1978272007074762,4.443818721131876,11487,4.443818721131876,22.77163799862015,0.043914276173747144,0,4.443818721131876,240
1,240,64.03679390576038,2.243342210375169,4.931400999732546,11488,4.931400999732546,12.985517484632341,0.07700886785478099,0,4.931400999732546,240
1,360,81.35087009186392,4.414015161283983,31.973865263455764,11489,31.973865263455764,2.544292640928939,0.393036549299963,0,31.973865263455764,DC_Charging
1,240,73.86071341858953,1.3481383727993914,8.636013782001697,11491,8.636013782001697,8.552639595425672,0.11692296732985732,0,8.636013782001697,240
1,360,38.18860813796263,1.3198920861902796,17.459424466227517,11492,17.459424466227517,2.187277605389137,0.45718933780336984,0,17.459424466227517,DC_Charging
1,240,72.95455089581041,1.208966338264404,4.915938189920382,11496,4.915938189920382,14.84041256771619,0.06738357140928808,0,4.915938189920382,240
1,360,76.41664693891688,4.651528229595304,30.92532521887432,11499,30.92532521887432,2.4710054428879,0.4046935642647899,0,30.92532521887432,DC_Charging
1,240,75.80171391006856,3.1934656309608203,11.082643302023529,11500,11.082643302023529,6.839678210723273,0.14620570868848717,0,11.082643302023529,240
1,120,160.95752532105442,3.3546407729875694,5.997860250946076,11501,5.997860250946076,26.835824541871528,0.037263621188151505,0,5.997860250946076,120
1,240,120.11360912633454,1.6003129003377234,5.037250885748875,11505,5.037250885748875,23.845071816087945,0.04193738679894911,0,5.037250885748875,240
1,360,38.96934188354733,1.560911362355734,28.39068175177944,11506,28.39068175177944,1.3726102889764122,0.7285389072419991,0,28.39068175177944,DC_Charging
1,240,45.16722145160366,4.925994592507908,6.380974887164683,11509,6.380974887164683,7.078420186617162,0.14127446148091818,0,6.380974887164683,240
1,120,324.99358384467456,3.796309373413995,8.807045614819131,11511,8.807045614819131,36.90154429288134,0.02709913688335557,0,8.807045614819131,120
1,120,765.1858866006338,11.830569952362136,12.094379028150584,11514,12.094379028150584,63.26789369008576,0.015805805151321208,0,12.094379028150584,120
1,120,139.80262900107024,3.291476727751558,3.3988258800937814,11517,3.3988258800937814,41.13262459835476,0.024311602037668134,0,3.3988258800937814,120
1,120,324.21823670122365,13.25121186767915,4.394357713978252,11520,4.394357713978252,73.7805745012292,0.013553703081877463,0,4.394357713978252,120
1,120,515.5602278970587,4.919121125442094,10.782463283860508,11524,10.782463283860508,47.8146982117494,0.020914071141293372,0,10.782463283860508,120
1,120,656.0233388875462,6.814345034826281,12.439790054875644,11525,12.439790054875644,52.73588509079579,0.018962419958976552,0,12.439790054875644,120
1,120,101.14190816646584,1.5974439366695403,3.59430510634607,11526,3.59430510634607,28.1394887673533,0.03553724832272624,0,3.59430510634607,120
1,360,28.234099372789053,1.6813019959452578,18.29727227781092,11536,18.29727227781092,1.5430769649216247,0.6480558149287075,0,18.29727227781092,DC_Charging
1,120,143.58311919105248,1.742357684847374,5.4310071325975,11541,5.4310071325975,26.437659845675924,0.03782483040621908,0,5.4310071325975,120
1,120,161.8716666333423,3.604046365791702,3.778118529395968,11542,3.778118529395968,42.84451781326769,0.023340208993794048,0,3.778118529395968,120
1,120,240.7534359666478,2.889113510733257,5.168480763314733,11544,5.168480763314733,46.581083879713226,0.02146794184914867,0,5.168480763314733,120
1,120,178.80820267808264,10.976596174637278,1.6400374302626517,11545,1.6400374302626517,109.02690351978524,0.009172048069938342,0,1.6400374302626517,120
1,120,446.652107231594,18.162301444594377,3.36918258287713,11547,3.36918258287713,132.56987303139067,0.007543191957068663,0,3.36918258287713,120
1,360,46.015510173982925,3.039140357624615,26.37171508149001,11551,26.37171508149001,1.7448812120028045,0.5731049157507879,0,26.37171508149001,DC_Charging
1,360,46.73311220718736,1.2563753861297924,13.26983568401748,11555,13.26983568401748,3.5217551535678684,0.28394932537740625,0,13.26983568401748,DC_Charging
1,240,43.62855785561087,1.7164179633137042,6.480354873760405,11558,6.480354873760405,6.732433440067797,0.1485347027790192,0,6.480354873760405,240
1,240,57.60199576535562,1.5071186898186784,5.609341541723637,11562,5.609341541723637,10.268940719137543,0.09738102763962464,0,5.609341541723637,240
1,360,39.79680118538879,1.3997693284972754,20.54258550659482,11563,20.54258550659482,1.9372829760213366,0.5161868515738128,0,20.54258550659482,DC_Charging
1,120,105.30326973435272,1.5435552856658985,3.693460270182001,11566,3.693460270182001,28.510735741355013,0.03507450698823929,0,3.693460270182001,120
1,120,73.68682728336019,2.5693527080975334,1.8436352561739968,11567,1.8436352561739968,39.96822421170158,0.025019875656803085,0,1.8436352561739968,120
1,120,134.37137506092807,3.3139797157523208,4.092828759256491,11569,4.092828759256491,32.830930137751025,0.030459082207059934,0,4.092828759256491,120
1,360,49.82880164562762,1.5603118931809443,20.52623173251237,11572,20.52623173251237,2.427566944335996,0.41193508682971725,0,20.52623173251237,DC_Charging
1,360,50.19072983295665,1.48517589906968,16.740466260728198,11573,16.740466260728198,2.9981679752074832,0.33353701602752817,0,16.740466260728198,DC_Charging
1,360,40.764738658645534,1.1988109359631678,15.781513922538338,11575,15.781513922538338,2.5830689538870826,0.38713639389888094,0,15.781513922538338,DC_Charging
1,240,129.81808211567008,1.722135638313084,5.552119985972851,11577,5.552119985972851,23.381714091851197,0.04276846411138488,0,5.552119985972851,240
1,360,46.51368446511224,1.915009385975968,27.113280464501457,11578,27.113280464501457,1.715531417380907,0.5829097560490585,0,27.113280464501457,DC_Charging
1,120,166.28481232472225,3.906804010722983,4.246366050654771,11581,4.246366050654771,39.15932125048001,0.025536704111993314,0,4.246366050654771,120
1,360,61.73012218192012,1.5487699982789098,11.276990087708,11585,11.276990087708,5.473989220688098,0.1826821280941976,0,11.276990087708,DC_Charging
1,120,634.7057782137061,8.775788450722214,10.779640509209813,11587,10.779640509209813,58.880050561188185,0.016983681068018095,0,10.779640509209813,120
1,360,34.35108982573124,2.6592054591211456,31.257546643691757,11596,31.257546643691757,1.0989694814280573,0.9099433759530325,0,31.257546643691757,DC_Charging
1,240,69.91801480558061,4.357388218212538,4.391343423643292,11600,4.391343423643292,15.921782484407222,0.06280703815539097,0,4.391343423643292,240
1,240,104.62285915547132,1.8104986978709077,5.077902171426317,11601,5.077902171426317,20.603559427393247,0.04853530301518972,0,5.077902171426317,240
1,360,44.85197837505461,1.9225714324993104,36.41031776268325,11605,36.41031776268325,1.2318480345981262,0.8117884446081342,0,36.41031776268325,DC_Charging
1,120,271.6431761521621,4.094541061297072,7.854379987134479,11606,7.854379987134479,34.58492924929978,0.028914328342026212,0,7.854379987134479,120
1,240,122.05516114704228,3.150953686232317,7.126104127257236,11609,7.126104127257236,17.127894704791533,0.05838429166196648,0,7.126104127257236,240
1,240,103.54016315716504,1.9857199802948453,4.644368949632749,11611,4.644368949632749,22.29369894597896,0.04485572369229318,0,4.644368949632749,240
1,360,33.114925304242654,1.5286944730000327,5.857670770064175,11614,5.857670770064175,5.653258198374276,0.17688914337710118,0,5.857670770064175,DC_Charging
1,360,48.96961838255047,0.9998481030513064,13.343968907365747,11615,13.343968907365747,3.669794101177776,0.27249485187167916,0,13.343968907365747,DC_Charging
1,240,77.48260586356243,1.5131190169994737,4.678783485418265,11616,4.678783485418265,16.560417062478322,0.0603849526390096,0,4.678783485418265,240
1,360,56.155176493390016,1.7881964721672243,15.44378850349051,11631,15.44378850349051,3.6361011082674546,0.2750198551207187,0,15.44378850349051,DC_Charging
1,120,468.6716837226349,5.68367854597857,9.96173530909661,11634,9.96173530909661,47.047193002073136,0.02125525320832499,0,9.96173530909661,120
1,240,66.9452207867442,1.394350067280704,6.562340240163536,11637,6.562340240163536,10.20142484795575,0.0980255224053715,0,6.562340240163536,240
1,240,53.51833363521014,1.6881270335095837,6.286590961897616,11643,6.286590961897616,8.513093019663483,0.11746611926948371,0,6.286590961897616,240
1,240,84.98388136608772,2.9663812834464096,10.915233613669358,11649,10.915233613669358,7.7858050843420115,0.12843886909153354,0,10.915233613669358,240
1,360,46.20161452005906,1.0175530482591375,10.089592845265628,11654,10.089592845265628,4.579135672629088,0.2183818238837756,0,10.089592845265628,DC_Charging
1,240,61.662206872696125,1.0989469264454774,8.31114489410625,11655,8.31114489410625,7.419219332395848,0.1347850703959544,0,8.31114489410625,240
1,360,39.51637431061777,1.7176755453869037,24.06729844718818,11656,24.06729844718818,1.6419115089851113,0.6090462211438631,0,24.06729844718818,DC_Charging
1,360,50.83832809959102,1.297663913597055,16.6100440797438,11662,16.6100440797438,3.060697964166701,0.32672286246717513,0,16.6100440797438,DC_Charging
1,360,39.838831389478415,2.20477771028618,36.25151795335212,11663,36.25151795335212,1.0989562269017918,0.9099543507926863,0,36.25151795335212,DC_Charging
1,240,74.16129684823933,1.1939664008488071,5.653565011251075,11672,5.653565011251075,13.117616353690467,0.07623336229974917,0,5.653565011251075,240
1,120,93.64580968496745,1.6097108652356786,3.6407351696269927,11674,3.6407351696269927,25.72167579400229,0.03887771574483406,0,3.6407351696269927,120
1,360,70.43584192155981,4.374697098151832,29.78735567651006,11679,29.78735567651006,2.36462218017911,0.42290054131364624,0,29.78735567651006,DC_Charging
1,240,42.574534023474726,1.8624040287081336,5.21052261939532,11682,5.21052261939532,8.170875962614186,0.12238589896303609,0,5.21052261939532,240
1,360,48.50460938237456,1.4216134991705152,19.449189158051,11685,19.449189158051,2.493914218644743,0.4009761011521181,0,19.449189158051,DC_Charging
1,120,117.77808139324787,3.072230210758057,3.9352363314131225,11686,3.9352363314131225,29.92909992548132,0.0334122978134939,0,3.9352363314131225,120
1,240,115.95068856916116,3.1815956481996106,6.359167079465124,11689,6.359167079465124,18.23362825983712,0.05484371984278531,0,6.359167079465124,240
1,360,34.75786836993939,2.591212728425806,24.274593358482733,11691,24.274593358482733,1.431862023665714,0.6983913138780629,0,24.274593358482733,DC_Charging
1,240,95.62670412399018,1.5263564727754424,7.759188365285937,11692,7.759188365285937,12.32431790827728,0.08114039311890667,0,7.759188365285937,240
1,120,151.8524248825944,2.0591318841531168,5.014119121797222,11693,5.014119121797222,30.2849655530652,0.03301968424721514,0,5.014119121797222,120
1,240,36.643605632701146,2.578096962779032,2.4344278350556863,11695,2.4344278350556863,15.052245585198438,0.06643527002930019,0,2.4344278350556863,240
1,360,38.176720844653055,1.4493484582975469,13.10229276736122,11696,13.10229276736122,2.91374353500588,0.3432011046909048,0,13.10229276736122,DC_Charging
1,120,552.7563003581639,7.73774875474338,11.116233487689811,11698,11.116233487689811,49.72514305050265,0.020110550491214553,0,11.116233487689811,120
1,360,82.14448388336989,5.878813511092775,31.108122776120737,11700,31.108122776120737,2.6406120508957796,0.3787000819225862,0,31.108122776120737,DC_Charging
1,240,83.48333947038373,1.675250245439246,5.301609144185477,11702,5.301609144185477,15.746792568053383,0.06350499606051646,0,5.301609144185477,240
1,120,155.11734554957366,11.776948103884877,0.898621929091064,11706,0.898621929091064,172.6169154434851,0.005793175005073015,0,0.898621929091064,120
1,360,46.89197836308801,1.252875870352228,10.73779016881349,11707,10.73779016881349,4.367004535000101,0.22898991562416066,0,10.73779016881349,DC_Charging
1,240,50.68287407118535,2.670676558897368,3.589467253626168,11711,3.589467253626168,14.119887573841012,0.0708220936441898,0,3.589467253626168,240
1,360,42.35885668015487,2.327862609123972,32.473105018489946,11716,32.473105018489946,1.3044289006559753,0.7666190157984977,0,32.473105018489946,DC_Charging
1,360,63.3377857612867,3.0984649119826124,23.45073451861954,11718,23.45073451861954,2.7008870750294593,0.3702487265185246,0,23.45073451861954,DC_Charging
1,120,188.90940902594065,4.490232277975751,4.967980495427142,11720,4.967980495427142,38.02539265196902,0.02629821627754364,0,4.967980495427142,120
1,240,56.27697620825949,1.2129585141525656,8.832383972524255,11723,8.832383972524255,6.3716632319570445,0.1569448923452993,0,8.832383972524255,240
1,240,123.421166679555,4.270383121876455,6.769243793320683,11730,6.769243793320683,18.23263727055252,0.054846700735669066,0,6.769243793320683,240
1,360,62.44473492670491,3.431857474590061,29.81070393645261,11732,29.81070393645261,2.094708500001146,0.47739339387769364,0,29.81070393645261,DC_Charging
1,120,806.4871014169122,34.40290336382352,0.496955251805403,11733,0.496955251805403,1622.85658213089,0.0006161973960058448,0,0.496955251805403,120
1,120,137.4699398050807,1.7248483948255566,4.887868652022249,11738,4.887868652022249,28.124720525827865,0.035555908869624744,0,4.887868652022249,120
1,120,444.4456079231345,11.049155190947516,6.709674088745416,11740,6.709674088745416,66.23952252295425,0.015096727179056371,0,6.709674088745416,120
1,120,340.3520403378766,4.804206547666341,7.457842599479562,11745,7.457842599479562,45.6367958693078,0.021912143062447816,0,7.457842599479562,120
1,240,66.45881612935567,1.4678058218512324,4.716661957058307,11747,4.716661957058307,14.090222435784815,0.07097120038788804,0,4.716661957058307,240
1,240,69.31670822554308,1.8556726802157784,9.27432723088772,11748,9.27432723088772,7.474041674385499,0.13379641746274018,0,9.27432723088772,240
1,120,373.2314479540117,6.837486940032137,7.038215081717411,11750,7.038215081717411,53.029275692856295,0.018857508177029702,0,7.038215081717411,120
1,240,72.57359127322918,1.4862392348150908,6.823625920883032,11751,6.823625920883032,10.635634502050426,0.09402353943313976,0,6.823625920883032,240
1,120,262.31291942137136,6.364777670760708,7.089108293118585,11755,7.089108293118585,37.00224465127711,0.02702538749809292,0,7.089108293118585,120
1,120,166.51439555832877,4.325197568841279,4.871323362255538,11759,4.871323362255538,34.18257897813392,0.02925466801787206,0,4.871323362255538,120
1,240,83.63645869172117,1.5230255797166976,6.5816666707365385,11765,6.5816666707365385,12.707489284376296,0.07869375119044861,0,6.5816666707365385,240
1,360,57.65308575624227,1.665341569434684,11.510456033595789,11766,11.510456033595789,5.008757740611588,0.19965030288685837,0,11.510456033595789,DC_Charging
1,120,648.5708994597928,9.215235986156737,11.371732064036948,11767,11.371732064036948,57.033607176772605,0.017533521891760304,0,11.371732064036948,120
1,360,49.05321918303912,2.729386851069212,29.189243867781897,11768,29.189243867781897,1.680523805455009,0.5950525644171079,0,29.189243867781897,DC_Charging
1,240,86.59942078284035,2.9546817725304395,13.749574146332163,11770,13.749574146332163,6.298334760130852,0.15877212598004622,0,13.749574146332163,240
1,360,37.54854008373099,2.3850465795161737,8.914785677371455,11771,8.914785677371455,4.2119397417529685,0.2374203006958997,0,8.914785677371455,DC_Charging
1,360,36.493905892581736,1.8165937707673416,32.75011163885692,11772,32.75011163885692,1.1143139386823624,0.8974131663312632,0,32.75011163885692,DC_Charging
1,360,18.40516645927088,1.800058001779084,8.246204423602691,11774,8.246204423602691,2.231956123545847,0.4480374813154156,0,8.246204423602691,DC_Charging
1,360,52.45755173159147,1.2189460735556954,9.063793206498431,11778,9.063793206498431,5.787593619631701,0.1727833821310412,0,9.063793206498431,DC_Charging
1,120,236.29237341587705,2.6482811724435487,7.233519445823191,11785,7.233519445823191,32.66630789972065,0.03061258110557856,0,7.233519445823191,120
1,120,151.35540144912235,4.00483412709976,3.046653517037285,11799,3.046653517037285,49.67923021200906,0.020129136376156407,0,3.046653517037285,120
1,240,149.8874218390817,4.376990367127775,10.048325378690976,11800,10.048325378690976,14.916656874680939,0.06703915015283138,0,10.048325378690976,240
1,360,74.69588309904843,3.961411355528716,31.3161587698457,11801,31.3161587698457,2.385218559147587,0.41924879217666877,0,31.3161587698457,DC_Charging
1,240,48.53419708706437,1.4918633968497783,6.552831070101348,11804,6.552831070101348,7.406599768535423,0.13501472082347168,0,6.552831070101348,240
1,120,102.90195559486492,2.2550087892301263,3.7403233254447343,11806,3.7403233254447343,27.51151348196071,0.03634841829605993,0,3.7403233254447343,120
1,360,57.249682570913855,2.589464511475708,25.78013145956461,11807,25.78013145956461,2.2206900946454957,0.4503104698900533,0,25.78013145956461,DC_Charging
1,360,52.25126876946741,1.9911301719865928,16.945029991829756,11811,16.945029991829756,3.083574876802282,0.32429891925861604,0,16.945029991829756,DC_Charging
1,240,87.26005720044155,1.8793953872249407,5.702251628898765,11821,5.702251628898765,15.302737037806496,0.06534778696970543,0,5.702251628898765,240
1,120,280.5503584884669,3.2160922462708377,8.917824948013049,11823,8.917824948013049,31.45950499409336,0.031786895572188875,0,8.917824948013049,120
1,120,921.332665132466,13.71145908152026,12.466377427912946,11825,12.466377427912946,73.90540439354487,0.013530810205367649,0,12.466377427912946,120
1,360,57.75328390965373,2.81855630585364,34.22257581394315,11826,34.22257581394315,1.6875785219569466,0.5925650196355794,0,34.22257581394315,DC_Charging
1,240,66.31445519217023,1.2917373753658006,7.459999232619765,11831,7.459999232619765,8.889338071537878,0.11249431531936298,0,7.459999232619765,240
1,240,64.39518495230259,1.9529948453344317,3.7801585877718367,11834,3.7801585877718367,17.035048519025086,0.05870250377527131,0,3.7801585877718367,240
1,360,32.37521430268979,3.4986193915184782,34.68768414333378,11838,34.68768414333378,0.9333345566948609,1.0714271670613118,0,34.68768414333378,DC_Charging
1,360,47.81604720149275,9.000690829060467,30.32520665884583,11839,30.32520665884583,1.5767756421058012,0.6342056366779544,0,30.32520665884583,DC_Charging
1,360,35.603384738728984,2.2482880071744598,35.515956170703944,11842,35.515956170703944,1.002461670118209,0.997544374820916,0,35.515956170703944,DC_Charging
1,120,789.2427973551027,8.964936825023317,14.166278968217055,11845,14.166278968217055,55.71278097274654,0.017949202724042403,0,14.166278968217055,120
1,240,35.72568818362735,1.891518612252116,5.511335471993306,11846,5.511335471993306,6.482219847652696,0.154268140159133,0,5.511335471993306,240
1,120,249.4955860502749,3.348486880260236,7.06922396903056,11852,7.06922396903056,35.29320716719201,0.02833406426519332,0,7.06922396903056,120
1,240,74.37492250282835,1.3173730476837613,4.677634391312679,11853,4.677634391312679,15.900114519629355,0.06289262877732474,0,4.677634391312679,240
1,240,82.55780724109214,1.2052763624655312,4.932067141243039,11856,4.932067141243039,16.738986894709004,0.05974077202462522,0,4.932067141243039,240
1,240,125.07119505740997,2.6173289094521723,6.415564285096693,11859,6.415564285096693,19.49496404360711,0.051295298506997,0,6.415564285096693,240
1,360,32.01429725228007,1.6842576043942858,27.267050905428405,11863,27.267050905428405,1.1741019358241844,0.8517148038752103,0,27.267050905428405,DC_Charging
1,120,182.89179862472068,3.087216940127794,6.143220655303125,11864,6.143220655303125,29.771321736073347,0.033589371975659345,0,6.143220655303125,120
1,120,99.97692400723524,2.00775786897404,3.77811020262709,11865,3.77811020262709,26.462151352206927,0.03778982240295442,0,3.77811020262709,120
1,120,175.7573341816293,2.1073111371994515,5.406626353313683,11868,5.406626353313683,32.507764120579346,0.03076188187814925,0,5.406626353313683,120
1,360,81.47034603024974,3.7507666224286975,15.855688779731013,11869,15.855688779731013,5.138240738831647,0.19461914122524818,0,15.855688779731013,DC_Charging
1,360,61.27840135929472,6.396534744013185,22.784926078888176,11870,22.784926078888176,2.6894272620034276,0.3718263788458338,0,22.784926078888176,DC_Charging
1,240,75.37573479497806,1.745913290793026,5.970240358567523,11873,5.970240358567523,12.62524291619365,0.07920639679077852,0,5.970240358567523,240
1,120,584.5561520157349,6.467067822195698,12.061096932932898,11874,12.061096932932898,48.46625106043223,0.020632914205662555,0,12.061096932932898,120
1,240,76.02953225014319,1.549643842593042,4.425683018508877,11875,4.425683018508877,17.17916351717377,0.05821005190388426,0,4.425683018508877,240
1,240,65.34482268575056,1.5884196714157992,9.865594435595623,11876,9.865594435595623,6.623505873095972,0.15097744595681592,0,9.865594435595623,240
1,360,41.77929138231329,1.7492003331395138,26.858497990278096,11888,26.858497990278096,1.555533425489245,0.6428662885758825,0,26.858497990278096,DC_Charging
1,360,138.6543451468851,5.055718735731588,27.47435414349184,11890,27.47435414349184,5.046682605266255,0.1981499686460353,0,27.47435414349184,DC_Charging
1,120,449.8369164396716,5.534067312263623,11.32145503353297,11891,11.32145503353297,39.733136342219396,0.025167910013119854,0,11.32145503353297,120
1,360,40.889251897320285,0.9081079222742264,12.270673378900868,11895,12.270673378900868,3.33227449176737,0.30009532602148287,0,12.270673378900868,DC_Charging
1,360,79.57759331569873,3.1102950944989627,21.60334924789369,11900,21.60334924789369,3.68357667149493,0.27147527774796215,0,21.60334924789369,DC_Charging
1,360,37.11686551013863,3.6571722961737194,7.594593124813585,11901,7.594593124813585,4.887275052150959,0.20461299790358345,0,7.594593124813585,DC_Charging
1,120,541.284315911534,7.659733934956357,11.08533284837212,11902,11.08533284837212,48.82887354988367,0.02047968604023597,0,11.08533284837212,120
1,120,465.6776595053544,9.203133189573824,8.412456691082383,11910,8.412456691082383,55.35572741777032,0.0180649780365632,0,8.412456691082383,120
1,360,33.73474855891892,2.0295641765824795,37.0417116666291,11915,37.0417116666291,0.9107232641549494,1.098028390575802,0,37.0417116666291,DC_Charging
1,360,33.236989753141906,1.9519161882558225,25.558822596243203,11916,25.558822596243203,1.3004116143451494,0.7689872875393933,0,25.558822596243203,DC_Charging
1,360,42.041848710073936,3.048469816791373,26.858131612447323,11917,26.858131612447323,1.5653303556897369,0.6388427825252048,0,26.858131612447323,DC_Charging
1,360,42.06567109589291,1.6190223614600667,25.395659560018387,11922,25.395659560018387,1.6564118366950755,0.6037145943096079,0,25.395659560018387,DC_Charging
1,360,46.667083127925565,1.1507012452916985,12.63576888726081,11924,12.63576888726081,3.693252349287158,0.2707640598111342,0,12.63576888726081,DC_Charging
1,240,40.67026905548966,2.115318206814655,3.045229639558613,11926,3.045229639558613,13.355402997254604,0.07487606328356879,0,3.045229639558613,240
1,360,39.9773792085932,1.8240779778737464,24.75976920087676,11931,24.75976920087676,1.6146103335719935,0.6193444815800885,0,24.75976920087676,DC_Charging
1,120,1036.2911232042763,13.686503975778672,14.292504457685396,11936,14.292504457685396,72.50591568974741,0.013791978081885028,0,14.292504457685396,120
1,120,737.433582939312,10.94617047240754,11.76523018105027,11938,11.76523018105027,62.67906123307841,0.015954291278891353,0,11.76523018105027,120
1,120,222.69232447083405,2.9950695112700143,7.444061796981373,11947,7.444061796981373,29.915431997238066,0.033427563409157014,0,7.444061796981373,120
1,360,39.136617021755136,1.164706352693081,12.801429954149938,11953,12.801429954149938,3.057206668468152,0.327095976308681,0,12.801429954149938,DC_Charging
1,120,126.6201244507799,1.7914003918784305,2.812762905936552,11962,2.812762905936552,45.01628067674613,0.02221418528955827,0,2.812762905936552,120
1,360,42.13054564063592,1.02524488584647,11.98775475262832,11964,11.98775475262832,3.514465094591528,0.28453832178868915,0,11.98775475262832,DC_Charging
1,240,81.30071770066608,1.11131758219844,5.279817990023688,11967,5.279817990023688,15.398394007953543,0.06494183740742589,0,5.279817990023688,240
1,240,65.64161894802984,1.550935941692757,4.323172166813876,11968,4.323172166813876,15.1836698644382,0.06586023069048072,0,4.323172166813876,240
1,240,117.08701526966772,6.310736686961475,14.659623370883438,11970,14.659623370883438,7.987041161113518,0.12520281038098274,0,14.659623370883438,240
1,120,864.5746892532594,14.22056408975038,11.24103509967948,11972,11.24103509967948,76.91237342350361,0.01300180914316201,0,11.24103509967948,120
1,240,68.8747715314351,3.744315460615864,9.94290848465647,11979,9.94290848465647,6.927024586188248,0.14436212656064396,0,9.94290848465647,240
1,240,71.21863838645992,1.5089322425689669,6.831852768537544,11981,6.831852768537544,10.424498419292675,0.09592787679350545,0,6.831852768537544,240
1,360,32.66802117021471,1.5637068892889323,16.93945938344831,11983,16.93945938344831,1.928516160446945,0.5185333784126777,0,16.93945938344831,DC_Charging
1,360,28.06371912502358,2.868195664343035,4.552716204558678,11987,4.552716204558678,6.164170544371537,0.16222782818899995,0,4.552716204558678,DC_Charging
1,360,52.55730866161996,2.7012315238692595,30.06896700006827,11988,30.06896700006827,1.7478920596607337,0.5721177085695441,0,30.06896700006827,DC_Charging
1,240,98.93006270134936,2.364495916800874,6.055506471909808,11991,6.055506471909808,16.337206996683868,0.0612099730512676,0,6.055506471909808,240
1,120,137.04529171386218,1.919757062087351,4.469556763743299,11992,4.469556763743299,30.661942326264445,0.03261371994504793,0,4.469556763743299,120
1,120,119.21029984809864,1.4813230240385271,3.1055654068709373,11994,3.1055654068709373,38.38602129723325,0.026051150033412736,0,3.1055654068709373,120
1,120,52.04848617951492,2.829205512962781,1.493844349017479,11995,1.493844349017479,34.841974141246965,0.028701014355445784,0,1.493844349017479,120
1,360,42.44707929558016,1.3520430233703171,18.133143336395904,11996,18.133143336395904,2.340856105757604,0.4271941353167268,0,18.133143336395904,DC_Charging
1,240,134.51792005385926,3.2872085917585507,9.482088441239611,12000,9.482088441239611,14.18652872597268,0.07048940719157049,0,9.482088441239611,240
1,120,105.79493965744471,6.7647743581753605,0.8910695497159224,12001,0.8910695497159224,118.72803833457522,0.008422610311997267,0,0.8910695497159224,120
1,360,18.558171697901056,3.0750084791779986,12.628982570622725,12003,12.628982570622725,1.4694906413974065,0.6805079065008905,0,12.628982570622725,DC_Charging
1,360,21.865813818936584,2.441149779542429,9.14586184059037,12008,9.14586184059037,2.390787680816872,0.4182721903846874,0,9.14586184059037,DC_Charging
1,120,347.1182597455394,3.561938763373809,9.03878791954854,12012,9.03878791954854,38.40318667006371,0.026039505747045888,0,9.03878791954854,120
1,240,64.44288120000188,1.3924058429300357,10.066860766220271,12013,10.066860766220271,6.401487285514307,0.1562136977547177,0,10.066860766220271,240
1,360,42.355496028721234,1.7617976389594432,11.865259655618717,12021,11.865259655618717,3.569706627419996,0.28013506553135137,0,11.865259655618717,DC_Charging
1,240,145.90721923852016,2.407367472591339,5.837303493381043,12023,5.837303493381043,24.995654141328323,0.040006954582820047,0,5.837303493381043,240
1,120,273.45516292646005,2.5700294883674264,7.814386516198638,12024,7.814386516198638,34.99381075655881,0.028576481908663583,0,7.814386516198638,120
1,120,220.42450981958757,2.4369841379853,5.9368250350477325,12025,5.9368250350477325,37.12834865745969,0.0269335975382542,0,5.9368250350477325,120
1,120,283.71022386796045,5.216422614682034,7.629390691967629,12028,7.629390691967629,37.18648517589433,0.026891490154822086,0,7.629390691967629,120
1,240,125.51630120615228,1.3767627617346705,6.724703906575769,12033,6.724703906575769,18.664955803245974,0.053576339024927803,0,6.724703906575769,240
1,120,841.823623223035,12.63744559962116,11.230276914285128,12034,11.230276914285128,74.96018394276808,0.013340415503295691,0,11.230276914285128,120
1,240,77.37923457865509,1.2261401439213642,3.9694343712077256,12035,3.9694343712077256,19.493768467347646,0.05129844450933205,0,3.9694343712077256,240
1,360,29.99394457380427,3.2828728305707373,12.051904180088172,12041,12.051904180088172,2.4887307537143757,0.40181124394735035,0,12.051904180088172,DC_Charging
1,360,22.42570790762066,2.3953627677623524,13.942880085906497,12043,13.942880085906497,1.6083985352702437,0.6217364527952518,0,13.942880085906497,DC_Charging
1,120,256.0563718508258,3.162421439970255,7.89961099569652,12044,7.89961099569652,32.41379505779689,0.030851061969661513,0,7.89961099569652,120
1,120,133.36319433828274,1.807104758406588,4.150308444842594,12045,4.150308444842594,32.13332120026099,0.03112034370078988,0,4.150308444842594,120
1,120,250.3409112222652,5.423158822851006,4.204773840093765,12049,4.204773840093765,59.5373070568482,0.016796191319925956,0,4.204773840093765,120
1,120,130.87813600070683,1.615460239545124,4.188961305988585,12054,4.188961305988585,31.243577211754623,0.03200657828719353,0,4.188961305988585,120
1,240,76.01773687837174,1.3370475766903132,4.534480580709101,12056,4.534480580709101,16.764375880618307,0.059650296982193284,0,4.534480580709101,240
1,240,97.52409703778544,1.2870640165257925,6.171972988249507,12057,6.171972988249507,15.80112181687386,0.06328664582106507,0,6.171972988249507,240
1,120,528.9603585272771,6.315523282781327,11.114909531437718,12058,11.114909531437718,47.59016319756368,0.02101274576110707,0,11.114909531437718,120
1,360,59.120741802468736,1.83795892964404,22.991588155747763,12075,22.991588155747763,2.5714074818136865,0.388892078393842,0,22.991588155747763,DC_Charging
1,120,358.1503738942382,4.083109937872988,9.476043207031935,12076,9.476043207031935,37.79535045054077,0.02645828092819529,0,9.476043207031935,120
1,360,63.98383974608067,5.442256952736205,28.17553469743004,12080,28.17553469743004,2.2709006389119843,0.44035392075943575,0,28.17553469743004,DC_Charging
1,360,56.63943386364808,2.155422060621868,31.38655327396637,12081,31.38655327396637,1.8045764174630718,0.5541466630744462,0,31.38655327396637,DC_Charging
1,240,78.6367800499102,2.2971415749887933,5.3020171558606535,12082,5.3020171558606535,14.831483516228916,0.06742413858369457,0,5.3020171558606535,240
1,240,38.55324249537389,3.336252355433276,2.5415683702485694,12083,2.5415683702485694,15.16907549947331,0.0659235956756047,0,2.5415683702485694,240
1,360,36.30050297637893,1.4816072611854456,18.056720251605327,12087,18.056720251605327,2.010359714863038,0.49742341761366227,0,18.056720251605327,DC_Charging
1,360,79.22290119185044,5.159163094267509,29.85095553722377,12090,29.85095553722377,2.6539485844284103,0.3767970509554439,0,29.85095553722377,DC_Charging
1,360,46.20497149463117,2.9127987068921755,37.47273020422057,12091,37.47273020422057,1.2330292253278914,0.811010785031536,0,37.47273020422057,DC_Charging
1,360,39.524463405972256,2.3426853826177587,34.91282332034049,12094,34.91282332034049,1.1320901504675787,0.8833218799642216,0,34.91282332034049,DC_Charging
1,360,38.83004030781997,1.3574317299741312,13.145908382760323,12096,13.145908382760323,2.9537738418093706,0.33854995458536447,0,13.145908382760323,DC_Charging
1,240,62.219762477450445,3.652393096859548,7.33682966733079,12099,7.33682966733079,8.480469807620135,0.11791799542773548,0,7.33682966733079,240
1,360,41.34164558560471,1.4785660645992416,26.39065848069447,12102,26.39065848069447,1.566525731665518,0.6383552978327447,0,26.39065848069447,DC_Charging
1,360,32.49769056007982,1.4660457176598596,11.881388606941371,12103,11.881388606941371,2.7351761343025127,0.3656071678378425,0,11.881388606941371,DC_Charging
1,120,100.61476388338288,1.6296891792970225,3.5748204671643435,12118,3.5748204671643435,28.145403330756235,0.03552978041381406,0,3.5748204671643435,120
1,360,34.987094947978015,5.864362500063141,14.569019798688371,12120,14.569019798688371,2.4014721258823366,0.4164112459279889,0,14.569019798688371,DC_Charging
1,360,35.29132214739886,1.5813479075547987,29.984325394392076,12123,29.984325394392076,1.1769923679523349,0.8496231812783491,0,29.984325394392076,DC_Charging
1,240,79.116544295385,1.670450265466255,5.4121719813884965,12128,5.4121719813884965,14.618261313101804,0.06840758819270368,0,5.4121719813884965,240
1,240,129.7748863464771,2.47356373294237,11.874294199854688,12130,11.874294199854688,10.9290610593146,0.09149916855370863,0,11.874294199854688,240
1,120,254.89192451337783,2.4537256002744257,7.585300450742295,12131,7.585300450742295,33.603405187257174,0.029758888851514734,0,7.585300450742295,120
1,120,162.71335906614613,2.119236593753276,4.925955292884325,12132,4.925955292884325,33.03183837279034,0.030273822144387227,0,4.925955292884325,120
1,240,67.26583575798094,0.9130741475177818,6.871663050557999,12135,6.871663050557999,9.7888728337049,0.1021568077334517,0,6.871663050557999,240
1,240,84.31464109251856,1.0919619834726002,6.428345875329157,12136,6.428345875329157,13.116071027867852,0.07624234405831515,0,6.428345875329157,240
1,120,302.13503579835816,4.091112604806237,8.07148383217094,12137,8.07148383217094,37.432403022864584,0.026714822433098313,0,8.07148383217094,120
1,120,325.1734559104662,5.805495824628308,6.896851526423262,12140,6.896851526423262,47.14810151627298,0.02120976174734955,0,6.896851526423262,120
1,120,94.04247685998249,2.618578566697856,2.519835503468954,12143,2.519835503468954,37.320879371101036,0.026794652667652245,0,2.519835503468954,120
1,240,69.43905946964126,1.219584638546232,7.627467208356094,12144,7.627467208356094,9.103816191247459,0.10984404550713739,0,7.627467208356094,240
1,360,60.93184245313922,1.9814007731911771,18.90643370884428,12145,18.90643370884428,3.2228099382188504,0.3102882326820271,0,18.90643370884428,DC_Charging
1,240,102.31912892085089,2.721289966742157,9.204174203064596,12149,9.204174203064596,11.116600649168829,0.08995555669931962,0,9.204174203064596,240
1,120,194.67274239155375,3.5270283131989526,7.018871997606652,12150,7.018871997606652,27.735616557466034,0.03605472400182913,0,7.018871997606652,120
1,120,200.4013073545887,2.5939725055815424,5.25334719175072,12151,5.25334719175072,38.147356350114634,0.026214136330236025,0,5.25334719175072,120
1,240,57.03441335922326,1.8094216257578013,5.119144657694321,12153,5.119144657694321,11.141395130043414,0.08975536621113477,0,5.119144657694321,240
1,360,31.586862100025773,1.551449470515814,11.49404397213118,12155,11.49404397213118,2.7481069479647258,0.36388685700191165,0,11.49404397213118,DC_Charging
1,360,69.79000854845734,2.36631633773501,13.260176632115416,12161,13.260176632115416,5.263128123001755,0.1900010747657162,0,13.260176632115416,DC_Charging
1,120,119.00121144063117,1.5752204309191864,3.1479653140134047,12165,3.1479653140134047,37.80258026061733,0.026453220735352778,0,3.1479653140134047,120
1,240,87.7073621123757,2.6198986668547954,11.410243370111957,12169,11.410243370111957,7.68672141929214,0.13009447662435109,0,11.410243370111957,240
1,360,37.770857838964574,1.295694065637417,21.31790761065018,12172,21.31790761065018,1.7717901085233472,0.5644009384573346,0,21.31790761065018,DC_Charging
1,240,58.881470038744446,1.1028804586100185,7.070764421273552,12175,7.070764421273552,8.327454647136866,0.12008471284125441,0,7.070764421273552,240
1,120,146.35782597210354,1.7794698282135402,4.40852154784497,12176,4.40852154784497,33.19884555030656,0.030121529331033202,0,4.40852154784497,120
1,360,83.82578764535454,5.978335608329956,32.56484935802172,12179,32.56484935802172,2.5741186984703703,0.3884824738634758,0,32.56484935802172,DC_Charging
1,360,48.54616527132749,1.611858493492599,12.455152943461243,12183,12.455152943461243,3.897677169577709,0.25656306474154306,0,12.455152943461243,DC_Charging
1,360,47.81228944901444,2.081400649473953,19.920742406555576,12191,19.920742406555576,2.400125882521338,0.41664481320850455,0,19.920742406555576,DC_Charging
1,240,96.68327234430149,3.0790367570581787,4.725346777001278,12192,4.725346777001278,20.460566579974273,0.04887450189081017,0,4.725346777001278,240
1,360,58.82994617819787,2.076032019099847,23.300444667084875,12193,23.300444667084875,2.5248422087542117,0.39606435464868606,0,23.300444667084875,DC_Charging
1,120,107.64212870398082,2.874873124008279,2.2175155057034885,12195,2.2175155057034885,48.54177047561714,0.020600814313155445,0,2.2175155057034885,120
1,120,495.2441266429968,20.792931384549927,3.0176014204111823,12199,3.0176014204111823,164.11846948809898,0.006093159430008667,0,3.0176014204111823,120
1,360,40.82753209976553,2.2833823133476945,36.71837490420778,12203,36.71837490420778,1.111910105125237,0.8993532799014969,0,36.71837490420778,DC_Charging
1,360,50.72942681495044,2.3219767516739678,23.2987626597709,12204,23.2987626597709,2.177344245947577,0.4592751017029929,0,23.2987626597709,DC_Charging
1,240,114.89327467069916,3.1875628672121152,8.156675004593296,12210,8.156675004593296,14.085797779855016,0.07099349398797722,0,8.156675004593296,240
1,240,63.13782332412371,1.625856556602856,8.811925101383437,12218,8.811925101383437,7.165043120283821,0.13956650130535267,0,8.811925101383437,240
1,120,326.78968657718553,4.567894178777381,6.792642013876517,12220,6.792642013876517,48.10936391312764,0.02078597426076401,0,6.792642013876517,120
1,240,71.4591713136872,1.3630280670588726,8.37810876944792,12221,8.37810876944792,8.529272331038982,0.11724329593286492,0,8.37810876944792,240
1,240,93.14071186358696,2.9688224825359897,13.821350894087104,12229,13.821350894087104,6.73890074691855,0.14839215438174586,0,13.821350894087104,240
1,360,31.161666156440056,2.596505632670312,6.900989930557174,12235,6.900989930557174,4.515535665174362,0.22145766840297704,0,6.900989930557174,DC_Charging
1,120,70.72914516539058,2.1627606270092508,2.111623985842755,12237,2.111623985842755,33.495141956896454,0.029855075738650688,0,2.111623985842755,120
1,240,80.2514223124508,1.968286064188072,5.449276063522589,12241,5.449276063522589,14.726987837825503,0.06790254809823038,0,5.449276063522589,240
1,360,46.11921973015053,2.0986126704102697,27.3185519709579,12243,27.3185519709579,1.6882014749236876,0.5923463608188136,0,27.3185519709579,DC_Charging
1,360,58.77225622087426,1.2917477656952108,9.958604443997316,12247,9.958604443997316,5.901655854631322,0.1694439704096352,0,9.958604443997316,DC_Charging
1,360,33.701686220088206,2.724195032402359,29.70049082354261,12248,29.70049082354261,1.1347181573637153,0.8812761067676,0,29.70049082354261,DC_Charging
1,360,94.78316590670092,6.296817872126382,29.989388069871765,12250,29.989388069871765,3.1605568505054933,0.31639994067503074,0,29.989388069871765,DC_Charging
1,360,44.5060408584968,1.2451842969258131,17.54469890633868,12255,17.54469890633868,2.5367229780396703,0.3942093829941101,0,17.54469890633868,DC_Charging
1,240,87.04548291557913,1.5155720152766892,9.313771135077404,12257,9.313771135077404,9.345890257894522,0.10699890244862384,0,9.313771135077404,240
1,120,612.4444113087966,15.245409828450946,6.918276302754293,12258,6.918276302754293,88.52557841105178,0.011296170191136047,0,6.918276302754293,120
1,360,68.14340700554345,9.706730266572828,21.061209979584163,12259,21.061209979584163,3.2354934532060957,0.30907186630499467,0,21.061209979584163,DC_Charging
1,360,38.40171167821514,2.8147384761708367,32.65352111983636,12262,32.65352111983636,1.1760358565094184,0.8503142097793609,0,32.65352111983636,DC_Charging
1,120,244.6408934121086,2.3629861491053776,7.262613176293698,12267,7.262613176293698,33.68496813387427,0.029686832299371548,0,7.262613176293698,120
1,120,316.7563845079669,4.116288196860056,7.501391600727629,12268,7.501391600727629,42.22634963854464,0.0236818955121612,0,7.501391600727629,120
1,360,109.2933483849698,5.709126399884394,29.599253967486405,12269,29.599253967486405,3.692435914264061,0.27082392849039055,0,29.599253967486405,DC_Charging
1,240,125.33813520410811,3.105705034401515,11.120271970597145,12270,11.120271970597145,11.271139369208935,0.08872217503865228,0,11.120271970597145,240
1,120,130.30151586894658,2.084906417059891,3.3307212374154034,12274,3.3307212374154034,39.121111189136585,0.02556164611903168,0,3.3307212374154034,120
1,120,223.4671421462254,5.18910168376591,5.507263682010446,12280,5.507263682010446,40.576800939490866,0.02464462394389407,0,5.507263682010446,120
1,120,688.1607558479831,8.739057403505942,12.033826764847348,12282,12.033826764847348,57.185529532318526,0.017486941332506993,0,12.033826764847348,120
1,240,108.06827695470145,2.956637972176021,5.083497760114398,12287,5.083497760114398,21.25864553391079,0.047039685496653445,0,5.083497760114398,240
1,360,83.42598043059733,3.39799380607647,19.830446924809124,12290,19.830446924809124,4.206964207459502,0.23770109529975753,0,19.830446924809124,DC_Charging
1,360,37.4095473643717,1.8288777817394597,37.28639377019971,12293,37.28639377019971,1.003302909767327,0.9967079635320775,0,37.28639377019971,DC_Charging
1,360,46.041792380161965,1.185341634955527,18.08037660199648,12294,18.08037660199648,2.546506269956673,0.39269489017084347,0,18.08037660199648,DC_Charging
1,360,34.03807125040468,1.3743128453348223,12.742826154764884,12295,12.742826154764884,2.6711555848760384,0.3743698067091092,0,12.742826154764884,DC_Charging
1,240,46.36297358807352,2.6839113730641646,2.7042484538782787,12297,2.7042484538782787,17.144494812073347,0.058327761241222964,0,2.7042484538782787,240
1,240,118.00753961356256,2.555051916576154,7.6441540531937875,12299,7.6441540531937875,15.43761923064045,0.06477682763513229,0,7.6441540531937875,240
1,360,44.69942171353045,3.220303675720284,31.60627172443149,12301,31.60627172443149,1.414257970799448,0.7070845776705947,0,31.60627172443149,DC_Charging
1,120,151.79128602916057,1.7854574756703092,5.221397379554006,12306,5.221397379554006,29.071008198599525,0.034398531800770994,0,5.221397379554006,120
1,120,154.91872149000568,5.0911980124148375,4.044233736066488,12307,4.044233736066488,38.30607516782229,0.02610551970200319,0,4.044233736066488,120
1,120,146.3585319295163,3.249258529962993,5.442622975186609,12310,5.442622975186609,26.891175926897297,0.037186919706243576,0,5.442622975186609,120
1,120,71.1758691332038,5.196262557909649,0.5104029835483459,12313,0.5104029835483459,139.45033909948128,0.007171011604974431,0,0.5104029835483459,120
1,360,23.74635567636384,2.162524995471099,19.64196218441694,12315,19.64196218441694,1.2089604619645966,0.8271569099745167,0,19.64196218441694,DC_Charging
1,120,125.0358383569878,7.252952186329517,2.91268413250954,12316,2.91268413250954,42.928045977048036,0.023294794282848592,0,2.91268413250954,120
1,120,452.374009721546,5.813766174624331,10.43417119510258,12324,10.43417119510258,43.355049602202605,0.023065363992783812,0,10.43417119510258,120
1,120,485.0581906981621,5.035515004354225,10.95378655358877,12332,10.95378655358877,44.28223868751973,0.022582417457630358,0,10.95378655358877,120
1,120,500.5316888347511,13.553034382963506,7.103738426042639,12334,7.103738426042639,70.46032086426189,0.014192384986813323,0,7.103738426042639,120
1,240,142.4315702838334,3.217372898397473,7.037498979593636,12339,7.037498979593636,20.23894720224283,0.04940968470381613,0,7.037498979593636,240
1,360,41.768492440015045,1.160506634377631,21.459013036109,12345,21.459013036109,1.946431197452155,0.5137607747496972,0,21.459013036109,DC_Charging
1,120,69.44592784696954,5.371597781742544,1.1941056496051488,12346,1.1941056496051488,58.15727265835566,0.017194754057235292,0,1.1941056496051488,120
1,120,211.58320213436048,2.333058830472778,5.513383857138052,12347,5.513383857138052,38.3762871617271,0.026057757901012005,0,5.513383857138052,120
1,360,62.73496431430096,1.3984797829530933,12.467801305391603,12348,12.467801305391603,5.031758429384956,0.19873768068039632,0,12.467801305391603,DC_Charging
1,120,164.00227551993055,3.1809627186419744,5.815412417992675,12349,5.815412417992675,28.201314667299165,0.03545933981437929,0,5.815412417992675,120
1,120,151.25396419337704,3.3554431177467765,5.593354145471963,12350,5.593354145471963,27.041728497707048,0.0369798846284842,0,5.593354145471963,120
1,360,23.137706403861344,2.1114230660367483,15.432205967976929,12356,15.432205967976929,1.499312959655538,0.6669721578540524,0,15.432205967976929,DC_Charging
1,120,169.6239026423791,3.404642912469934,5.465146885009943,12360,5.465146885009943,31.03739134763813,0.03221920259983761,0,5.465146885009943,120
1,240,72.64736382286213,4.11134099120254,7.415917318163309,12370,7.415917318163309,9.7961399387412,0.10208102438852047,0,7.415917318163309,240
1,120,418.57332768176497,13.11701530401982,6.506376026513777,12373,6.506376026513777,64.33279078492538,0.015544172540923289,0,6.506376026513777,120
1,120,255.20231045585268,2.710824615631394,8.86988773956466,12384,8.86988773956466,28.771763290476343,0.034756298733036185,0,8.86988773956466,120
1,120,1029.9936301037908,13.47392417590645,13.918157909098568,12385,13.918157909098568,74.00358846557303,0.01351285823747867,0,13.918157909098568,120
1,360,33.83729622684471,9.00638825172286,21.48124550902149,12388,21.48124550902149,1.5752017829987577,0.6348393017282337,0,21.48124550902149,DC_Charging
1,240,141.80903350535183,3.1187926228837863,6.046613482744817,12390,6.046613482744817,23.452637399435467,0.042639127658370364,0,6.046613482744817,240
1,120,112.28069542172123,4.997899546387133,3.157524444688889,12393,3.157524444688889,35.559723254267396,0.028121703671582808,0,3.157524444688889,120
1,120,289.8364634660682,3.106202713569539,8.162853467103062,12394,8.162853467103062,35.50675810047697,0.028163652597350663,0,8.162853467103062,120
1,120,405.2012000289193,3.930731706603901,9.90906016915487,12397,9.90906016915487,40.89199107804775,0.02445466639399799,0,9.90906016915487,120
1,120,112.75943014596912,1.5016713394912438,3.8426842952998896,12407,3.8426842952998896,29.34392249810602,0.034078606909643525,0,3.8426842952998896,120
1,120,315.1323883097073,10.607770475453451,5.437560299706917,12410,5.437560299706917,57.95473906315906,0.01725484431756651,0,5.437560299706917,120
1,240,62.87260394861913,1.5003618057709929,4.908077720096642,12423,4.908077720096642,12.810026151619526,0.07806385312285827,0,4.908077720096642,240
1,240,32.12723205401333,2.4803459764381075,2.6748716132658217,12426,2.6748716132658217,12.010756663864079,0.08325870117813891,0,2.6748716132658217,240
1,120,172.61488241831702,1.803243782440641,5.431581679650293,12427,5.431581679650293,31.779855776638282,0.031466473826325884,0,5.431581679650293,120
1,120,127.01826972412788,1.965997021786805,3.537216778897374,12428,3.537216778897374,35.909099629376456,0.02784809450309697,0,3.537216778897374,120
1,240,135.2547336885306,3.301056963682388,5.548081503065518,12430,5.548081503065518,24.378649378852383,0.04101949966381093,0,5.548081503065518,240
1,360,50.39397938432278,0.9577474568709,12.364499410652895,12436,12.364499410652895,4.075699121381719,0.24535667874840233,0,12.364499410652895,DC_Charging
1,240,103.7883366026408,1.3314242071383775,5.019248411427967,12437,5.019248411427967,20.678063346363285,0.048360428307512325,0,5.019248411427967,240
1,120,114.33020009679618,5.820856605856815,1.9424240421791552,12438,1.9424240421791552,58.859547459334415,0.0169895971539858,0,1.9424240421791552,120
1,120,183.40263235007976,3.137420898550907,4.0794809487401125,12439,4.0794809487401125,44.95734497956681,0.022243306415325497,0,4.0794809487401125,120
1,360,47.71656971294014,3.051762318463484,33.424538284380205,12442,33.424538284380205,1.4275909903963826,0.7004807446440536,0,33.424538284380205,DC_Charging
1,360,61.83342728332,4.338952603907702,16.534911644129792,12450,16.534911644129792,3.739568049356468,0.26741056368049976,0,16.534911644129792,DC_Charging
1,360,67.70288957998403,1.8880477139072496,26.964406163676585,12457,26.964406163676585,2.510824424206521,0.3982755585612177,0,26.964406163676585,DC_Charging
1,120,693.7677049392247,10.102837096427915,11.284159435714614,12458,11.284159435714614,61.48155818708433,0.016265039948354366,0,11.284159435714614,120
1,360,36.18524807502354,1.908857606535972,35.997976167692045,12463,35.997976167692045,1.00520228988594,0.9948246338689397,0,35.997976167692045,DC_Charging
1,360,39.67182098530039,1.2563042387894237,19.615632941214955,12464,19.615632941214955,2.0224593875808523,0.4944475059131553,0,19.615632941214955,DC_Charging
1,360,43.05234585547987,1.128802393308596,16.070494436556302,12465,16.070494436556302,2.678968343223261,0.3732780204475382,0,16.070494436556302,DC_Charging
1,360,25.69104222152144,2.1215631470047867,15.266644822314362,12466,15.266644822314362,1.6828217673584929,0.5942399958194557,0,15.266644822314362,DC_Charging
1,240,95.50415432936968,1.183686842916482,4.465435013147172,12473,4.465435013147172,21.387424528223015,0.04675644786871799,0,4.465435013147172,240
1,120,206.09866311700137,2.0747105100846825,5.830692038889467,12476,5.830692038889467,35.34720436997314,0.02829078049661781,0,5.830692038889467,120
1,120,108.58145651771332,1.9827828631100224,3.758908673587314,12477,3.758908673587314,28.88643112845001,0.034618329815589724,0,3.758908673587314,120
1,360,42.85678829842355,3.1776054094915085,13.096563950371037,12478,13.096563950371037,3.272368879412022,0.30558902032453006,0,13.096563950371037,DC_Charging
1,360,65.10679002436012,1.1642562224901545,14.13278870377735,12483,14.13278870377735,4.606790024884378,0.21707088766762234,0,14.13278870377735,DC_Charging
1,120,381.2851571931874,3.466879928993815,10.731037159250931,12484,10.731037159250931,35.53106298439121,0.028144387361540513,0,10.731037159250931,120
1,120,838.2112979717496,26.80545505099981,3.47537386641757,12485,3.47537386641757,241.18593572661618,0.004146178743745233,0,3.47537386641757,120
1,120,518.2443956399239,5.33527424676789,12.405866798454111,12494,12.405866798454111,41.774138321757746,0.02393825558525423,0,12.405866798454111,120
1,120,108.5375842059998,1.482295840642974,3.913336929255877,12496,3.913336929255877,27.735302675979472,0.03605513203452664,0,3.913336929255877,120
1,120,165.64043498878357,8.811022586074293,2.633945544215308,12499,2.633945544215308,62.886810759077534,0.015901585530089118,0,2.633945544215308,120
1,240,121.6867690371527,1.558832063722732,5.505256930710118,12502,5.505256930710118,22.103740219342757,0.045241212124132284,0,5.505256930710118,240
1,360,63.93149594541407,1.4890118678021311,20.480367889515374,12506,20.480367889515374,3.1215990010678896,0.3203486417242904,0,20.480367889515374,DC_Charging
1,120,524.900515106089,8.1125635102422,10.536990137246192,12507,10.536990137246192,49.81503335100112,0.020074261377161222,0,10.536990137246192,120
1,360,27.85479985318625,3.87038185567257,22.611779246774944,12511,22.611779246774944,1.2318712096554323,0.8117731725215908,0,22.611779246774944,DC_Charging
1,240,104.87718031341647,1.3796955642911797,4.779870459634608,12516,4.779870459634608,21.94142732508983,0.045575886435451206,0,4.779870459634608,240
1,240,62.14796807931782,1.6082379039613135,9.909218377763622,12517,9.909218377763622,6.271732614025183,0.15944557294482656,0,9.909218377763622,240
1,120,132.7787057228595,4.095553325931822,3.8710036362644473,12519,3.8710036362644473,34.300847583546094,0.02915379853411243,0,3.8710036362644473,120
1,360,48.24526195472504,1.2608956196914574,14.485335771433498,12521,14.485335771433498,3.3306277959996913,0.30024369615874447,0,14.485335771433498,DC_Charging
1,240,84.83420368713745,1.8288223079468453,5.056777158775006,12526,5.056777158775006,16.776338174191636,0.059607763602332414,0,5.056777158775006,240
1,360,45.69446868680932,2.3484039381535293,31.402474056066996,12527,31.402474056066996,1.4551232047903275,0.687227031159944,0,31.402474056066996,DC_Charging
1,360,87.38724719430634,5.159731216346789,25.813480168933356,12529,25.813480168933356,3.385333810954995,0.2953918448939906,0,25.813480168933356,DC_Charging
1,360,74.61751447250951,3.195932189498453,17.9854680902899,12530,17.9854680902899,4.148766887684978,0.2410354756176726,0,17.9854680902899,DC_Charging
1,360,40.73933154550939,2.4567928607377945,28.260934039074414,12531,28.260934039074414,1.4415422890546352,0.6937014665423384,0,28.260934039074414,DC_Charging
1,120,141.9488719028618,4.811340301289247,4.015214946515911,12533,4.015214946515911,35.35274544293922,0.028286346292794744,0,4.015214946515911,120
1,120,206.18848149032843,2.2668192477313247,5.579823146040212,12534,5.579823146040212,36.952511951324574,0.02706175973414859,0,5.579823146040212,120
1,120,501.9190716401688,8.04122245186758,9.08701656490777,12540,9.08701656490777,55.234748176698524,0.01810454529096346,0,9.08701656490777,120
1,120,132.34555672779572,2.338177916833759,4.35953516651756,12541,4.35953516651756,30.357722021431627,0.03294054801918373,0,4.35953516651756,120
1,360,37.50958373587607,1.327238841566096,15.96341218874558,12545,15.96341218874558,2.3497221829754436,0.42558222722896716,0,15.96341218874558,DC_Charging
1,120,195.8347630003954,7.773448517738862,4.384165748867801,12551,4.384165748867801,44.66864945764635,0.022387065920767852,0,4.384165748867801,120
1,240,57.28295449085149,2.816944395936821,2.51519749320218,12553,2.51519749320218,22.77473424876974,0.04390830597964139,0,2.51519749320218,240
1,120,87.23651793295998,1.80767939645516,3.428219374244009,12555,3.428219374244009,25.446597317651932,0.039297985012177426,0,3.428219374244009,120
1,240,31.81740499449026,2.0940846000747277,4.75423233824975,12556,4.75423233824975,6.6924379649068015,0.14942237869722652,0,4.75423233824975,240
1,120,725.6299161682558,9.231502663223994,12.64279668019644,12562,12.64279668019644,57.394731128190635,0.01742320210136552,0,12.64279668019644,120
1,360,21.47454243820914,2.5265302862376693,17.718495226424636,12565,17.718495226424636,1.2119845485627296,0.8250930271230618,0,17.718495226424636,DC_Charging
1,360,40.78415984121936,1.877845467070028,27.338835979952226,12567,27.338835979952226,1.491803084488553,0.6703297575918594,0,27.338835979952226,DC_Charging
1,360,44.48888462262222,2.106486955137755,35.70527358798422,12572,35.70527358798422,1.2460031852996056,0.8025661666021717,0,35.70527358798422,DC_Charging
1,240,105.68076575337764,1.655999254436621,6.122378752793779,12573,6.122378752793779,17.261389734366425,0.05793276296919814,0,6.122378752793779,240
1,120,128.32054053897028,1.767275455845996,3.649170186503525,12578,3.649170186503525,35.164306946703796,0.028437927171880102,0,3.649170186503525,120
1,240,120.26366919888338,2.567551306749437,7.5752084068584224,12580,7.5752084068584224,15.875955186922564,0.06298833602300201,0,7.5752084068584224,240
1,240,112.89573140269228,1.5735637897537211,5.6847570874796105,12581,5.6847570874796105,19.859376516076544,0.05035404808355795,0,5.6847570874796105,240
1,360,47.26974279300422,1.384746144920964,20.40672594553108,12582,20.40672594553108,2.3163805364552337,0.43170799627348966,0,20.40672594553108,DC_Charging
1,360,50.53413031506237,1.2913389326490083,14.66064756345581,12583,14.66064756345581,3.4469234797668413,0.29011377997507576,0,14.66064756345581,DC_Charging
1,120,736.3178760782364,8.305163587194853,14.56763755505412,12586,14.56763755505412,50.544769067430366,0.01978444097085354,0,14.56763755505412,120
1,120,150.87936554123365,3.431634170561379,4.29132227584374,12589,4.29132227584374,35.159178416999325,0.028442075299362053,0,4.29132227584374,120
1,120,213.5514702309072,2.5718826652552966,6.256581286850192,12591,6.256581286850192,34.13229373040198,0.029297767325531063,0,6.256581286850192,120
1,120,145.03515592952172,3.221470210330685,4.736229863928855,12602,4.736229863928855,30.62249090444491,0.03265573669759334,0,4.736229863928855,120
1,120,527.4068404107242,28.79792152501293,0.423263347207822,12604,0.423263347207822,1246.048928852249,0.0008025367036919749,0,0.423263347207822,120
1,360,39.03104697365599,1.6480180725913047,20.94297818824168,12608,20.94297818824168,1.863681785027583,0.5365722882703389,0,20.94297818824168,DC_Charging
1,360,65.50903867516975,4.580635892565385,28.445463564248087,12610,28.445463564248087,2.3029696291364123,0.4342219659991733,0,28.445463564248087,DC_Charging
1,360,45.03369990219323,2.4138425849940006,29.863803741607285,12615,29.863803741607285,1.5079693227239743,0.6631434638163688,0,29.863803741607285,DC_Charging
1,360,42.00860620502851,1.835935809232765,26.541664434352896,12621,26.541664434352896,1.5827419681584376,0.6318149263227831,0,26.541664434352896,DC_Charging
1,360,56.87116438438508,1.2954520942372525,15.829376190066796,12622,15.829376190066796,3.5927609339446183,0.2783374731538469,0,15.829376190066796,DC_Charging
1,120,244.45459419237164,3.1224123318786816,7.946832102021133,12623,7.946832102021133,30.76126323723374,0.032508417885439435,0,7.946832102021133,120
1,360,43.6498211458086,1.040565162401004,17.345580882085358,12626,17.345580882085358,2.5164807937271476,0.3973803426168434,0,17.345580882085358,DC_Charging
1,240,73.27200376613585,1.588444678649295,5.642715231399023,12627,5.642715231399023,12.98523862384762,0.07701052163673623,0,5.642715231399023,240
1,360,49.61739313853802,8.30289039444862,25.713309139293926,12630,25.713309139293926,1.929638572373205,0.5182317633556266,0,25.713309139293926,DC_Charging
1,240,69.06015153579085,1.227620677808689,5.39244586590921,12633,5.39244586590921,12.806832604919764,0.07808331933813585,0,5.39244586590921,240
1,360,25.71504293512437,1.9764019681011664,26.29774839351936,12635,26.29774839351936,0.977842001920644,1.0226601005436808,0,26.29774839351936,DC_Charging
1,360,42.972513838054105,1.427104876317485,12.44770048531268,12637,12.44770048531268,3.452245166788704,0.28966656528922163,0,12.44770048531268,DC_Charging
1,360,46.60450662163554,2.442232663195714,34.06862218410082,12638,34.06862218410082,1.3679598303034686,0.7310156174528603,0,34.06862218410082,DC_Charging
1,360,81.31126293951912,5.209705178664652,32.85652774515715,12639,32.85652774515715,2.4747369402569905,0.4040833527526988,0,32.85652774515715,DC_Charging
1,120,242.8135079417449,17.60738459345796,0.0574434099552263,12641,0.0574434099552263,4227.003726467553,0.00023657419408893823,0,0.0574434099552263,120
1,240,72.11932973929018,1.4631475201835054,7.706696414259596,12642,7.706696414259596,9.358008394601967,0.10686034440584982,0,7.706696414259596,240
1,120,779.5170573987078,21.07083712260461,6.651853005635175,12658,6.651853005635175,117.18795600839844,0.008533300127944322,0,6.651853005635175,120
1,120,477.4430575016608,9.735406166886964,7.309576152783009,12668,7.309576152783009,65.31747498381034,0.015309838603648734,0,7.309576152783009,120
1,120,217.82174779088075,3.6636660759478623,4.113437512237169,12669,4.113437512237169,52.95370286843481,0.01888442065108331,0,4.113437512237169,120
1,120,54.705647374480655,3.4105587081572217,1.063383704941046,12671,1.063383704941046,51.44488026315349,0.01943828025033295,0,1.063383704941046,120
1,360,38.88006033200291,1.203433047585237,12.819149318328884,12673,12.819149318328884,3.0329672715811187,0.3297101189880922,0,12.819149318328884,DC_Charging
1,360,59.89908191120081,1.8691295656603104,10.546107949170974,12691,10.546107949170974,5.679733433404639,0.17606460086993267,0,10.546107949170974,DC_Charging
1,360,46.74877931414439,1.2892433440927782,15.236335383587218,12693,15.236335383587218,3.068242995261367,0.32591942735448676,0,15.236335383587218,DC_Charging
1,120,203.79656540889792,1.8933304039296237,6.904612075020438,12696,6.904612075020438,29.516005127383593,0.033879923644282266,0,6.904612075020438,120
1,120,615.9945534779752,15.687761725116555,6.790152309981082,12697,6.790152309981082,90.71881238547526,0.01102307199250888,0,6.790152309981082,120
1,120,475.16434463285486,9.99164155215193,7.762494092531725,12698,7.762494092531725,61.212844604933,0.01633644060252368,0,7.762494092531725,120
1,120,189.09709074561093,8.163702950526794,2.7293703155925044,12699,2.7293703155925044,69.28231382356807,0.014433698079809591,0,2.7293703155925044,120
1,240,80.39144455303702,2.836822504956904,12.647035005556916,12700,12.647035005556916,6.35654479628737,0.1573181708062632,0,12.647035005556916,240
1,120,612.6856722546057,5.990448266920443,14.04269306448404,12704,14.04269306448404,43.63021177214039,0.02291989791895852,0,14.04269306448404,120
1,120,187.5318949168554,10.94606903461533,1.7111230562004494,12707,1.7111230562004494,109.59579688749574,0.00912443750946524,0,1.7111230562004494,120
1,120,312.5572909871129,5.0507310254001,8.014253949651263,12714,8.014253949651263,39.000173060489765,0.025640911860800905,0,8.014253949651263,120
1,360,24.556794786207146,3.709801251816823,11.619345190253696,12716,11.619345190253696,2.1134405066823714,0.4731621244308297,0,11.619345190253696,DC_Charging
1,120,201.4188273055069,2.604246251973689,3.0146370906895186,12718,3.0146370906895186,66.81362341343636,0.01496700745912394,0,3.0146370906895186,120
1,240,108.88865094438466,3.292565422945021,11.29084583112612,12719,11.29084583112612,9.643976418861827,0.10369166789377313,0,11.29084583112612,240
1,240,92.9532654630543,3.2448104123317263,5.494248942249328,12720,5.494248942249328,16.918284271443937,0.059107648503570885,0,5.494248942249328,240
1,360,62.63948357422578,1.4448090290425646,12.393468239590176,12722,12.393468239590176,5.0542335981567925,0.1978539338515509,0,12.393468239590176,DC_Charging
1,240,80.27965325523796,3.5149860975197216,5.219232419644925,12730,5.219232419644925,15.381505708209014,0.06501314103900155,0,5.219232419644925,240
1,120,257.7905562352597,3.134103741859857,6.665941898581963,12731,6.665941898581963,38.67278775563573,0.025857975543908687,0,6.665941898581963,120
1,360,37.45484629835685,7.864422015480557,18.670286543376776,12739,18.670286543376776,2.006120592275743,0.4984745203505439,0,18.670286543376776,DC_Charging
1,360,49.30673878517189,5.754783972815039,29.241327807133075,12740,29.241327807133075,1.6862004047963954,0.5930493179550312,0,29.241327807133075,DC_Charging
1,360,32.387392068059825,1.350569533774118,7.992196338885265,12742,7.992196338885265,4.052376930541868,0.24676875254698577,0,7.992196338885265,DC_Charging
1,240,76.10544473318355,1.1811799558121554,4.586847630202229,12744,4.586847630202229,16.592102216795926,0.06026963834562901,0,4.586847630202229,240
1,360,37.857925919871086,1.2313032571018805,17.869367951780973,12746,17.869367951780973,2.118593451208101,0.4720112768354696,0,17.869367951780973,DC_Charging
1,240,86.26581913669814,1.7993704789652245,7.642963325243784,12748,7.642963325243784,11.286959712572814,0.08859781778844095,0,7.642963325243784,240
1,240,93.24687020953009,2.757503082453417,11.389859439891069,12750,11.389859439891069,8.186832392588498,0.1221473644562817,0,11.389859439891069,240
1,360,25.71414578091232,3.2385941776279314,22.04546736840365,12751,22.04546736840365,1.1664141817091505,0.8573283964489327,0,22.04546736840365,DC_Charging
1,240,47.9523925805542,1.498750952497844,6.404139958191848,12753,6.404139958191848,7.4877177721914014,0.13355204221423717,0,6.404139958191848,240
1,120,200.5486024272709,4.279296967866801,4.610762110428709,12759,4.610762110428709,43.495760055298945,0.022990746655044903,0,4.610762110428709,120
1,120,537.9773172412653,5.855094326229176,13.0311238737346,12763,13.0311238737346,41.28403063726582,0.024222441088330434,0,13.0311238737346,120
1,360,86.88996638052754,3.5415480060670608,20.31257516979268,12770,20.31257516979268,4.277644053214075,0.23377354159438168,0,20.31257516979268,DC_Charging
1,240,64.90441556603687,3.4491314852882837,5.890270070233612,12771,5.890270070233612,11.018920150033583,0.0907529945206974,0,5.890270070233612,240
1,360,50.20719849572608,2.7274984527257136,26.04995207838722,12773,26.04995207838722,1.9273432190833597,0.5188489471406125,0,26.04995207838722,DC_Charging
1,360,67.46048145337912,4.1354187304844325,15.826878159402469,12780,15.826878159402469,4.262399746427696,0.23460962356665327,0,15.826878159402469,DC_Charging
1,240,91.48145456330484,1.3791281466410117,4.385081693444718,12784,4.385081693444718,20.86197269712465,0.04793410549031287,0,4.385081693444718,240
1,120,612.4500589680986,7.93220711569497,9.100114572357713,12786,9.100114572357713,67.30135693329203,0.014858541425712756,0,9.100114572357713,120
1,240,63.35105923139111,1.4590333019515924,8.339522522452981,12787,8.339522522452981,7.596485177757764,0.13163982770978927,0,8.339522522452981,240
1,240,128.0029773627991,3.6588287612319057,11.888807758014408,12790,11.888807758014408,10.766679045382876,0.09287915018037382,0,11.888807758014408,240
1,120,244.1363985960182,15.635638197361711,1.1827562636202344,12791,1.1827562636202344,206.41310987333463,0.004844653523284687,0,1.1827562636202344,120
1,360,53.49170212718625,2.548973221656586,24.06173616557561,12792,24.06173616557561,2.2231023463599935,0.4498218454212666,0,24.06173616557561,DC_Charging
1,360,41.23161918133754,1.9757329365515115,28.27075962635409,12794,28.27075962635409,1.4584545914677616,0.6856572743849492,0,28.27075962635409,DC_Charging
1,360,41.9767167850242,1.8565764627671943,32.914398788880675,12796,32.914398788880675,1.2753298960212212,0.7841108431001292,0,32.914398788880675,DC_Charging
1,240,75.72733835514553,2.325170281055763,4.301006308052436,12797,4.301006308052436,17.606888465466138,0.05679595244562284,0,4.301006308052436,240
1,240,65.36289813700631,2.3851629864270243,3.4242808125632536,12798,3.4242808125632536,19.08806599540496,0.05238875432643246,0,3.4242808125632536,240
1,120,99.28726979848058,7.898877052234144,2.220971114789137,12800,2.220971114789137,44.704439935008836,0.022369142784336337,0,2.220971114789137,120
1,360,51.98468527833714,2.562154146996272,32.95992956112244,12802,32.95992956112244,1.5772086278866069,0.6340315303372123,0,32.95992956112244,DC_Charging
1,360,61.07261109661497,1.453891145537175,11.410068507965462,12803,11.410068507965462,5.352519229308718,0.1868279135783975,0,11.410068507965462,DC_Charging
1,360,37.064786443501816,1.3295951569476123,9.932999629687984,12805,9.932999629687984,3.7314796964978942,0.2679902026369137,0,9.932999629687984,DC_Charging
1,240,93.94609896569524,1.4274894065593042,4.350717118272499,12806,4.350717118272499,21.593244610441968,0.04631077997034426,0,4.350717118272499,240
1,120,142.588572270941,4.286261306288137,3.9384338106634544,12809,3.9384338106634544,36.204384566493715,0.027620963923951792,0,3.9384338106634544,120
1,360,37.655371295333126,2.4486961525180178,35.75874809773855,12823,35.75874809773855,1.0530394182819427,0.9496320675550041,0,35.75874809773855,DC_Charging
1,360,49.12171543638402,3.0236260108495703,33.63379831313068,12825,33.63379831313068,1.4604867097989,0.684703252203982,0,33.63379831313068,DC_Charging
1,240,118.53425738070868,2.79536174457162,7.347313069352069,12829,7.347313069352069,16.133007571863516,0.061984722659154536,0,7.347313069352069,240
1,120,223.5167650693637,4.181656048574715,5.890877924361931,12830,5.890877924361931,37.942861478253064,0.026355418675345545,0,5.890877924361931,120
1,360,77.23419709894908,2.9473155573003886,15.65275709533016,12840,15.65275709533016,4.934223193305103,0.20266614638689814,0,15.65275709533016,DC_Charging
1,360,57.65394246497754,1.092712464638395,12.370886042384685,12842,12.370886042384685,4.6604537676158095,0.2145713807845752,0,12.370886042384685,DC_Charging
1,240,101.6543670646189,1.6615984092378129,4.895079633873266,12843,4.895079633873266,20.766642152496335,0.04815414994184753,0,4.895079633873266,240
1,120,143.83682263626147,2.518255709666971,4.836833885550092,12844,4.836833885550092,29.73780494425703,0.033627229779551036,0,4.836833885550092,120
1,120,238.5046674580996,2.9182960716866018,5.266511813351713,12845,5.266511813351713,45.287027905916815,0.022081378404374127,0,5.266511813351713,120
1,120,673.1283928496897,7.757571389970848,10.66201657199565,12847,10.66201657199565,63.1333095671317,0.01583949909891335,0,10.66201657199565,120
1,240,120.74152147636528,2.888108994818745,7.258991031830433,12849,7.258991031830433,16.633375209711343,0.060120089121548426,0,7.258991031830433,240
1,240,143.44922260176654,3.654180937947228,5.931878934332374,12850,5.931878934332374,24.18276303171241,0.04135176773177804,0,5.931878934332374,240
1,240,66.18528704680512,1.3225462870327704,8.724369126598859,12852,8.724369126598859,7.586254786609085,0.13181734968421505,0,8.724369126598859,240
1,240,83.28500955973773,1.8815708404318072,3.90318659798983,12854,3.90318659798983,21.337696128243042,0.0468654157407546,0,3.90318659798983,240
1,360,48.00570339580182,1.358144700289682,16.05120131305884,12855,16.05120131305884,2.9907857025471123,0.3343602984153451,0,16.05120131305884,DC_Charging
1,120,475.2497654797983,5.894035872000663,10.976560266478543,12856,10.976560266478543,43.29678459755463,0.02309640333098729,0,10.976560266478543,120
1,240,46.50761764359637,2.4820573869670746,2.7896727758293025,12858,2.7896727758293025,16.67135229857587,0.05998313646610562,0,2.7896727758293025,240
1,360,51.272896363203365,2.2163655691878086,32.23102086681024,12862,32.23102086681024,1.5907934339120302,0.6286171282093055,0,32.23102086681024,DC_Charging
1,240,108.72986935629908,1.5875497014617863,6.006511763813521,12863,6.006511763813521,18.10199890248225,0.05524251798860038,0,6.006511763813521,240
1,360,34.13434251570768,1.356430648151543,11.17383807480914,12864,11.17383807480914,3.05484492321952,0.327348858987609,0,11.17383807480914,DC_Charging
1,360,50.22803894684847,1.041159084196532,12.3283195998646,12866,12.3283195998646,4.074199937792018,0.24544696265984983,0,12.3283195998646,DC_Charging
1,360,48.52435780562409,1.523835849303421,20.22760049336124,12867,20.22760049336124,2.398918142641285,0.4168545738284209,0,20.22760049336124,DC_Charging
1,120,436.8372401518388,5.8239184069945615,10.853424008265094,12872,10.853424008265094,40.24879520224942,0.02484546419277942,0,10.853424008265094,120
1,120,307.62164856561725,12.459294068196243,4.527586016075574,12873,4.527586016075574,67.94385517434253,0.014718034433489544,0,4.527586016075574,120
1,120,210.15587390533767,10.013259072758204,3.699555465002959,12874,3.699555465002959,56.805709738202175,0.017603864199719592,0,3.699555465002959,120
1,240,46.90995086222108,1.566735758365667,6.475933359484543,12877,6.475933359484543,7.243735884576013,0.13805031215029334,0,6.475933359484543,240
1,360,88.74346492144012,4.734847048385356,26.449345547768345,12879,26.449345547768345,3.3552234689953537,0.29804274118868973,0,26.449345547768345,DC_Charging
1,240,76.04482799408622,1.1575071752163462,4.22373389283598,12883,4.22373389283598,18.004171172589366,0.055542684548703924,0,4.22373389283598,240
1,360,50.89444803704355,2.7620573927734027,31.19705266777069,12908,31.19705266777069,1.6313864190645808,0.6129755576691568,0,31.19705266777069,DC_Charging
1,240,61.47275658263244,1.8736349181569727,5.555359099067587,12912,5.555359099067587,11.065487484499435,0.09037107505663919,0,5.555359099067587,240
1,360,35.37355883226182,1.8917501933228704,35.97419491576767,12914,35.97419491576767,0.983303696304748,1.0169798036537405,0,35.97419491576767,DC_Charging
1,240,74.03475398200291,1.888936703447302,6.085549454032758,12915,6.085549454032758,12.165664668609624,0.08219855036611715,0,6.085549454032758,240
1,120,105.5028130093019,4.187864182343716,2.6646296875420887,12918,2.6646296875420887,39.59379928196325,0.02525648000785681,0,2.6646296875420887,120
1,240,81.08743767106039,1.4197094272792627,3.881728514583287,12927,3.881728514583287,20.889517998598446,0.04787089869986917,0,3.881728514583287,240
1,120,188.33671578228888,3.708692480393652,5.344483677154173,12929,5.344483677154173,35.2394594425208,0.028377279782940586,0,5.344483677154173,120
1,120,763.5593018918607,8.04774405659167,13.396219382094545,12935,13.396219382094545,56.998118656703845,0.017544438721266195,0,13.396219382094545,120
1,240,88.99802139852288,2.9849672933667764,10.639092977266031,12940,10.639092977266031,8.365188798396332,0.11954302814919221,0,10.639092977266031,240
1,360,45.55413758985501,1.3879464544329678,18.37621004680358,12946,18.37621004680358,2.478973492022032,0.40339277657395484,0,18.37621004680358,DC_Charging
1,120,594.9349025789286,10.229765360503842,8.130254166933625,12949,8.130254166933625,73.17543712207363,0.013665787856268869,0,8.130254166933625,120
1,360,34.82589766187065,8.549650503720528,21.261085739805665,12950,21.261085739805665,1.6380112515452832,0.6104964169547737,0,21.261085739805665,DC_Charging
1,360,61.96760331408184,1.6740409167602568,10.133624799108787,12958,10.133624799108787,6.115048123701171,0.16353101067579887,0,10.133624799108787,DC_Charging
1,240,119.28001314260824,2.403591732548012,8.252541094721195,12960,8.252541094721195,14.45373149597603,0.06918628592750624,0,8.252541094721195,240
1,240,72.35344286629521,1.526173673420733,8.424963497941775,12961,8.424963497941775,8.58798294900283,0.11644177753241955,0,8.424963497941775,240
1,360,39.07578702468937,2.2910799624752056,35.46915972959225,12966,35.46915972959225,1.101683471573421,0.9077017362998131,0,35.46915972959225,DC_Charging
1,240,65.61004206125514,1.3909804306207685,9.849415523659689,12968,9.849415523659689,6.661313242765578,0.1501205488401308,0,9.849415523659689,240
1,240,72.24417389550216,3.1716462914137984,8.482001864777189,12969,8.482001864777189,8.517349447364206,0.1174074171994272,0,8.482001864777189,240
1,240,102.30709822994184,1.7470025143083234,4.508026435973903,12972,4.508026435973903,22.694431739249474,0.044063672159304346,0,4.508026435973903,240
1,240,78.25398199656658,1.2806534474405695,3.812358203034989,12975,3.812358203034989,20.526398053118196,0.048717753471027934,0,3.812358203034989,240
1,120,164.20901808974523,2.8324141875704965,4.953725067102724,12977,4.953725067102724,33.148593405040515,0.030167192549652555,0,4.953725067102724,120
1,360,50.16013834507058,1.3540051226097172,9.204640502121933,12992,9.204640502121933,5.449440239790705,0.18350508602667176,0,9.204640502121933,DC_Charging
1,120,287.4699471440508,3.2894060583751847,5.36434302093555,12995,5.36434302093555,53.5890315034171,0.018660535037589458,0,5.36434302093555,120
1,360,102.74908640011115,4.458081781063908,18.40462098222584,13000,18.40462098222584,5.582787415146474,0.1791219915139404,0,18.40462098222584,DC_Charging
1,360,40.5682287944543,2.623200502212647,29.66227095437844,13003,29.66227095437844,1.3676710342525555,0.7311699779812247,0,29.66227095437844,DC_Charging
1,360,35.08414203106275,2.21796955427711,30.535699049390715,13005,30.535699049390715,1.1489549322029615,0.8703561575584509,0,30.535699049390715,DC_Charging
1,360,76.53724064320623,4.546233335780685,32.244743381926256,13009,32.244743381926256,2.373634664622783,0.42129482472776386,0,32.244743381926256,DC_Charging
1,360,52.42408493799304,1.4791371805022504,19.755847402403504,13012,19.755847402403504,2.653598393942601,0.3768467761673023,0,19.755847402403504,DC_Charging
1,120,102.8991611801061,3.5121092090240222,3.731205513519953,13013,3.731205513519953,27.5779934413296,0.0362607962079415,0,3.731205513519953,120
1,120,630.5958118162125,6.297635714326065,13.15582556449769,13018,13.15582556449769,47.93281947413003,0.02086253241455394,0,13.15582556449769,120
1,120,342.07084073369083,7.905710014625986,5.648102650865084,13019,5.648102650865084,60.5638498233204,0.016511499895023932,0,5.648102650865084,120
1,120,229.1578648504474,14.778960820702848,2.4559108987688774,13021,2.4559108987688774,93.30870471128324,0.01071711372582237,0,2.4559108987688774,120
1,360,46.17143851752529,2.358062189608576,34.0990898314367,13024,34.0990898314367,1.3540372703719155,0.7385321082966413,0,34.0990898314367,DC_Charging
1,360,51.77055221685769,1.3083889348894358,9.041344237595029,13027,9.041344237595029,5.7259795508713545,0.17464260762995992,0,9.041344237595029,DC_Charging
1,120,337.8671879045461,8.524655245519524,6.7655050740930704,13028,6.7655050740930704,49.939684355323294,0.020024155396837336,0,6.7655050740930704,120
1,120,475.1843467595496,4.641448553423667,10.15487471329331,13034,10.15487471329331,46.7937183053087,0.021370389791968102,0,10.15487471329331,120
1,120,129.87569118204013,1.7437823927275289,3.0573617418183545,13036,3.0573617418183545,42.479661273185506,0.023540677350721517,0,3.0573617418183545,120
1,360,36.47312794810527,2.1309290603781204,35.164608157766665,13044,35.164608157766665,1.0372112717556217,0.9641237298813418,0,35.164608157766665,DC_Charging
1,120,138.17061724468664,1.7071032971583096,3.6216002547382686,13046,3.6216002547382686,38.151813432173554,0.02621107386619522,0,3.6216002547382686,120
1,120,48.60745487608385,3.2974111908103283,1.282111269909322,13048,1.282111269909322,37.91204087888693,0.026376844316943544,0,1.282111269909322,120
1,120,101.62600375481684,2.585280026439817,2.5544998423208938,13057,2.5544998423208938,39.783131739199646,0.025136281541522452,0,2.5544998423208938,120
1,120,239.04332767147807,2.824674096588954,5.822007218946496,13058,5.822007218946496,41.0585763091399,0.024355447506770798,0,5.822007218946496,120
1,120,409.0290481953405,8.332937113815797,7.200045834921241,13060,7.200045834921241,56.809228381782205,0.017602773853564322,0,7.200045834921241,120
1,360,57.31070744164043,2.131946784338493,18.88306046859508,13061,18.88306046859508,3.0350327764376646,0.3294857333217135,0,18.88306046859508,DC_Charging
1,240,82.42152069181508,1.3911614689026963,5.696964130659282,13063,5.696964130659282,14.467621491286595,0.06911986193461513,0,5.696964130659282,240
1,360,55.7006171336675,1.2993374610612216,11.000341518402903,13064,11.000341518402903,5.063535258472089,0.19749047828329883,0,11.000341518402903,DC_Charging
1,360,46.78304766355523,3.869949336197458,16.2274123961203,13070,16.2274123961203,2.882964117849144,0.3468652259002297,0,16.2274123961203,DC_Charging
1,360,30.807435478713128,2.83520355074896,31.497449181924623,13077,31.497449181924623,0.9780930290822575,1.0223976352620545,0,31.497449181924623,DC_Charging
1,360,80.2052556391458,2.082978218471533,16.117357491819035,13078,16.117357491819035,4.976327892451164,0.20095138857649414,0,16.117357491819035,DC_Charging
1,120,1012.4408226526072,20.358821308501284,10.467028625107332,13079,10.467028625107332,96.72666989980887,0.010338410296103618,0,10.467028625107332,120
1,240,71.23981710884257,3.374730386848698,6.052209071432898,13080,6.052209071432898,11.770878412826558,0.08495542685330215,0,6.052209071432898,240
1,360,45.31103453642192,1.4132114209304434,17.205816066416375,13081,17.205816066416375,2.633471981887767,0.37972684231224063,0,17.205816066416375,DC_Charging
1,360,46.662130395451705,2.0391352549348465,36.637147273772825,13084,36.637147273772825,1.2736289222183899,0.7851580492206579,0,36.637147273772825,DC_Charging
1,120,403.3821536804937,11.140597134049065,6.618179552280083,13085,6.618179552280083,60.95062101201549,0.01640672372809565,0,6.618179552280083,120
1,120,279.8855819247888,3.741799239825796,7.755416338982812,13086,7.755416338982812,36.089046634148616,0.02770923848827217,0,7.755416338982812,120
1,360,58.05003604959472,3.3163613905818896,12.879934731160787,13089,12.879934731160787,4.507013215614567,0.22187642950224679,0,12.879934731160787,DC_Charging
1,360,29.21512095778169,1.9804864242030733,6.478914342743977,13093,6.478914342743977,4.509261801014702,0.2217657887539317,0,6.478914342743977,DC_Charging
1,360,19.344301237773355,2.918960524447025,13.317631337394886,13104,13.317631337394886,1.4525331680759208,0.6884524374232618,0,13.317631337394886,DC_Charging
1,360,30.76142507202294,1.3800719055445652,17.1071688354822,13107,17.1071688354822,1.7981599040643286,0.5561240675758197,0,17.1071688354822,DC_Charging
1,360,56.98206588169513,1.5601199362477716,14.6002202016858,13111,14.6002202016858,3.902822361207658,0.2562248310196132,0,14.6002202016858,DC_Charging
1,120,137.30165720681512,2.145838302545475,5.434629277060765,13112,5.434629277060765,25.264217705954103,0.039581672848090076,0,5.434629277060765,120
1,360,54.2668911655916,1.1900414979408953,10.73194477705897,13113,10.73194477705897,5.056575699270709,0.19776229200805323,0,10.73194477705897,DC_Charging
1,360,37.491644328496726,1.4062919018113953,26.270111847603037,13114,26.270111847603037,1.427159676593367,0.700692442759455,0,26.270111847603037,DC_Charging
1,120,282.8667518341787,3.315695352855963,7.872307520535443,13116,7.872307520535443,35.93187271918707,0.02783044479243119,0,7.872307520535443,120
1,360,22.947634724199972,2.5956129448774186,14.171891210442908,13117,14.171891210442908,1.619235879209293,0.6175752482018377,0,14.171891210442908,DC_Charging
1,360,36.78476402349852,5.70225293281858,14.94713837357834,13119,14.94713837357834,2.4609903985716737,0.40634047194186,0,14.94713837357834,DC_Charging
1,240,76.5573383683006,1.379235572080677,8.228576653881447,13121,8.228576653881447,9.303837296355288,0.10748253308253175,0,8.228576653881447,240
1,360,37.18830692956488,1.509390825921244,23.34594213225111,13122,23.34594213225111,1.5929238031559805,0.6277764184443411,0,23.34594213225111,DC_Charging
1,360,34.360572451603616,2.0975352460826078,8.808094787698138,13123,8.808094787698138,3.901022102940292,0.2563430746127474,0,8.808094787698138,DC_Charging
1,360,46.28986287351503,1.0287075071492635,9.968046999908466,13126,9.968046999908466,4.643824700459387,0.2153397392242381,0,9.968046999908466,DC_Charging
1,120,97.40383425103332,5.600510475018607,3.677006574872991,13129,3.677006574872991,26.489980985252327,0.03775012147259473,0,3.677006574872991,120
1,240,129.4812080627708,2.7782627845078696,8.271309631779161,13140,8.271309631779161,15.654257164463006,0.0638803866254425,0,8.271309631779161,240
1,120,419.8227840576656,10.243925794524545,7.531384622237283,13141,7.531384622237283,55.74310769072799,0.01793943756326192,0,7.531384622237283,120
1,120,401.49986531384224,4.037746816311394,8.26368231148409,13144,8.26368231148409,48.58607218671457,0.020582030096136093,0,8.26368231148409,120
1,240,79.80368353085673,1.2201968754986867,3.558591594615109,13145,3.558591594615109,22.425637055855564,0.044591821294052814,0,3.558591594615109,240
1,120,229.62476743430852,5.327980235521876,6.828555368060634,13147,6.828555368060634,33.62713708207419,0.029737886920295564,0,6.828555368060634,120
1,360,87.63533974882854,4.518561951381062,14.079180965720935,13150,14.079180965720935,6.224462911741621,0.16065643159566956,0,14.079180965720935,DC_Charging
1,360,24.197190375361767,1.6296867137951283,10.338896305565244,13155,10.338896305565244,2.3404036233864587,0.4272767269745742,0,10.338896305565244,DC_Charging
1,120,63.29117786459874,4.532614959962099,2.0734624040607628,13156,2.0734624040607628,30.5243913468826,0.032760685991602194,0,2.0734624040607628,120
1,120,271.3256718057753,5.08869306249057,6.892763082902661,13159,6.892763082902661,39.36384705848839,0.025404021068219262,0,6.892763082902661,120
1,360,72.53210892150675,3.339440601596727,17.7511278336696,13160,17.7511278336696,4.08605636786249,0.24473475399535985,0,17.7511278336696,DC_Charging
1,360,24.80420160605498,2.980286009699252,8.791399616091567,13161,8.791399616091567,2.8214166900858384,0.3544318722980178,0,8.791399616091567,DC_Charging
1,360,48.22522305941505,1.7037621898774324,10.274696917492092,13163,10.274696917492092,4.693590813108495,0.21305649337968494,0,10.274696917492092,DC_Charging
1,120,695.9218163246793,9.276533998673573,12.221603729884636,13164,12.221603729884636,56.941939184543365,0.017561748235498196,0,12.221603729884636,120
1,360,27.76263196534489,2.729727970866969,11.90865044825803,13165,11.90865044825803,2.331299594859294,0.4289452982384082,0,11.90865044825803,DC_Charging
1,360,88.92250601652718,3.84444407131896,26.414339811392267,13170,26.414339811392267,3.3664481736611758,0.2970489811261379,0,26.414339811392267,DC_Charging
1,240,103.81226561744398,1.934363047521748,7.588539563837031,13171,7.588539563837031,13.680137626501729,0.07309867980149254,0,7.588539563837031,240
1,120,218.8296637794963,4.35067888312995,5.40846656923641,13180,5.40846656923641,40.460574356548456,0.024715417808648884,0,5.40846656923641,120
1,360,30.716754881358533,1.5788441903814787,16.263017659855805,13182,16.263017659855805,1.8887487872057616,0.5294510348723572,0,16.263017659855805,DC_Charging
1,360,43.99317750557603,1.1165738561290923,11.555820270459918,13183,11.555820270459918,3.807014688350212,0.26267300808165644,0,11.555820270459918,DC_Charging
1,240,40.87436060814497,1.4667741854158869,6.2742173833403285,13184,6.2742173833403285,6.514654834350652,0.15350007412935715,0,6.2742173833403285,240
1,360,45.011609318152416,1.132879188743904,12.162516977904474,13185,12.162516977904474,3.700846576405572,0.27020844537987976,0,12.162516977904474,DC_Charging
1,360,54.323437618981,1.1442187363833554,14.425091598578874,13186,14.425091598578874,3.7658989717841944,0.2655408462872873,0,14.425091598578874,DC_Charging
1,240,116.097483588676,2.2656335174276063,4.77490770538148,13187,4.77490770538148,24.3140790884461,0.041128434120920244,0,4.77490770538148,240
1,360,45.70125985004556,1.1208165446204086,11.779119231543916,13192,11.779119231543916,3.879853743874141,0.2577416743038031,0,11.779119231543916,DC_Charging
1,360,49.44582342606929,1.1790326797697912,18.799010063509428,13193,18.799010063509428,2.630235488944606,0.3801940944843895,0,18.799010063509428,DC_Charging
1,240,88.34853322506477,1.5505463923935108,6.307299636104858,13194,6.307299636104858,14.00734677631795,0.07139110753584596,0,6.307299636104858,240
1,360,79.21485621883426,5.134367541719916,31.607029460399676,13199,31.607029460399676,2.506241730754301,0.39900381025857035,0,31.607029460399676,DC_Charging
1,360,60.40380469270574,1.527127998760975,17.03083734514931,13201,17.03083734514931,3.546731347881133,0.28194974524851285,0,17.03083734514931,DC_Charging
1,360,51.44711341596994,2.0774759226733197,27.778689219326523,13202,27.778689219326523,1.8520353141852544,0.5399465076830454,0,27.778689219326523,DC_Charging
1,360,51.18245292341712,3.171991461678953,33.696757012640546,13204,33.696757012640546,1.5189133157299743,0.6583654179892485,0,33.696757012640546,DC_Charging
1,240,39.59212133488952,1.725230723726399,5.947749755819714,13208,5.947749755819714,6.656655535339174,0.15022558921535775,0,5.947749755819714,240
1,240,97.35483639435428,2.9367741278454687,15.13626427517437,13210,15.13626427517437,6.431893274619292,0.15547521659696548,0,15.13626427517437,240
1,240,56.40548251855014,1.903093263107885,8.317356663691541,13211,8.317356663691541,6.781659702629051,0.1474565289102208,0,8.317356663691541,240
1,360,41.518686468022295,1.4522836383023108,15.88603985230256,13212,15.88603985230256,2.6135328158580995,0.38262385455132336,0,15.88603985230256,DC_Charging
1,360,31.74605917346366,2.968446317389882,30.97162205385314,13216,30.97162205385314,1.0250047323405902,0.9756052518084554,0,30.97162205385314,DC_Charging
1,360,50.247699125421406,1.5337741113307104,27.86353066745588,13222,27.86353066745588,1.8033500393440751,0.5545235135624172,0,27.86353066745588,DC_Charging
1,120,208.2662024007444,2.907571490662416,6.954556034769169,13223,6.954556034769169,29.94672864227731,0.03339262902286594,0,6.954556034769169,120
1,360,21.7212543312288,3.917624394106477,22.95462562868464,13228,22.95462562868464,0.9462691608477121,1.0567817713769234,0,22.95462562868464,DC_Charging
1,120,641.5113253322379,14.59488926701597,8.803381836511448,13230,8.803381836511448,72.871009942067,0.013722878285823229,0,8.803381836511448,120
1,360,88.96714311543786,2.602381099790905,14.843453447471092,13239,14.843453447471092,5.993695700955318,0.1668419702789738,0,14.843453447471092,DC_Charging
1,240,81.42245858575116,3.4650653195998578,12.945399788103856,13240,12.945399788103856,6.289682815402436,0.15899052930795787,0,12.945399788103856,240
1,360,55.40065509361539,2.6774943760632897,28.329904665716427,13241,28.329904665716427,1.9555538836902182,0.5113640735447059,0,28.329904665716427,DC_Charging
1,240,94.05901538312088,1.731020954924373,4.026605966345244,13247,4.026605966345244,23.359379132022127,0.042809356975980296,0,4.026605966345244,240
1,360,59.12894855739202,1.5791981660105403,12.46447892460806,13256,12.46447892460806,4.743796264170851,0.21080163318834813,0,12.46447892460806,DC_Charging
1,360,62.2243291394642,5.471006465892603,28.53903146616481,13259,28.53903146616481,2.1803237861535654,0.4586474753661049,0,28.53903146616481,DC_Charging
1,120,114.829414939737,2.446174120187772,3.211390312580619,13262,3.211390312580619,35.75691640156379,0.027966617388636622,0,3.211390312580619,120
1,360,37.08119259962533,1.6691875762819892,6.162272302503055,13263,6.162272302503055,6.01745440307195,0.16618322849101996,0,6.162272302503055,DC_Charging
1,360,33.22811380942112,1.3251248497993002,24.557054012466807,13264,24.557054012466807,1.3530985350503484,0.7390444776165471,0,24.557054012466807,DC_Charging
1,240,85.39557955101601,1.7078813391131331,4.279881295401125,13266,4.279881295401125,19.95279159792969,0.05011830024344866,0,4.279881295401125,240
1,360,57.84242206359868,2.463012089265318,35.071573169058325,13272,35.071573169058325,1.6492679636803347,0.6063296092701056,0,35.071573169058325,DC_Charging
1,120,430.51139109527446,5.248845373445881,11.14800011097114,13273,11.14800011097114,38.61781367149369,0.02589478546109835,0,11.14800011097114,120
1,240,122.35628139847468,1.3710525712946118,5.517680469880688,13282,5.517680469880688,22.17531117765514,0.04509519582334636,0,5.517680469880688,240
1,120,236.354262349062,2.967160029830346,6.233324621365327,13283,6.233324621365327,37.917849094355645,0.026372803940212356,0,6.233324621365327,120
1,240,63.85557610865065,1.173697421724893,6.59892806262701,13286,6.59892806262701,9.676658921362748,0.10334145371108851,0,6.59892806262701,240
1,120,116.38866160654544,1.8981758195803744,4.337344327449472,13288,4.337344327449472,26.8340839047442,0.03726603835442291,0,4.337344327449472,120
1,360,103.6858477644994,3.790917320771897,19.02283361103292,13289,19.02283361103292,5.450599520797121,0.18346605656578405,0,19.02283361103292,DC_Charging
1,360,21.044193373196464,1.6070058574434445,11.322637434714096,13293,11.322637434714096,1.858594651161136,0.5380409329033963,0,11.322637434714096,DC_Charging
1,120,213.0086919326209,2.8610106635021904,6.862561892170973,13295,6.862561892170973,31.039238010461943,0.032217285735653196,0,6.862561892170973,120
1,360,43.7914428211581,1.9705113557546523,33.95338802955551,13296,33.95338802955551,1.2897517850954616,0.7753429858024848,0,33.95338802955551,DC_Charging
1,240,42.31487773945712,2.295988952853365,6.357976351515134,13297,6.357976351515134,6.655400303490165,0.15025392228857953,0,6.357976351515134,240
1,360,45.597723106369614,1.5704593706546646,18.9513649537266,13301,18.9513649537266,2.4060389960145465,0.4156208613644407,0,18.9513649537266,DC_Charging
1,120,260.3656829727464,2.912799939643122,7.224817972342464,13306,7.224817972342464,36.03768066814415,0.027748733588284433,0,7.224817972342464,120
1,240,114.16416773778374,2.7748589830359744,7.51963555134607,13310,7.51963555134607,15.18214107030061,0.06586686260979392,0,7.51963555134607,240
1,240,179.77601146118602,2.7605985200812886,7.210062937885183,13320,7.210062937885183,24.934041909198225,0.04010581211187817,0,7.210062937885183,240
1,120,218.5106886884996,2.267615604843075,6.755829368653252,13321,6.755829368653252,32.34402125405646,0.030917615102500094,0,6.755829368653252,120
1,120,454.78373652020247,6.693968665926287,9.808048135858456,13322,9.808048135858456,46.36842419823597,0.02156640035306707,0,9.808048135858456,120
1,120,225.9617309088735,2.587091642010046,5.410939619594089,13323,5.410939619594089,41.760164924151276,0.02394626558147684,0,5.410939619594089,120
1,360,54.643085575636725,1.605605804582229,17.218789172333103,13328,17.218789172333103,3.1734569155092758,0.3151137786408297,0,17.218789172333103,DC_Charging
1,360,62.69700439591925,5.56808665961109,29.50880027713121,13329,29.50880027713121,2.1246883576120275,0.4706572596481475,0,29.50880027713121,DC_Charging
1,360,61.09613197978892,2.334391610353743,32.76480838593203,13331,32.76480838593203,1.864687602019406,0.5362828598833537,0,32.76480838593203,DC_Charging
1,120,230.3766414937853,3.037737839261506,8.042831420451137,13332,8.042831420451137,28.64372376474143,0.03491166191285978,0,8.042831420451137,120
1,360,46.08370860154432,0.995542192047138,13.358224335690169,13334,13.358224335690169,3.4498379008667364,0.28986869201847437,0,13.358224335690169,DC_Charging
1,360,43.24996245499006,1.3718983264978803,19.458356930589066,13337,19.458356930589066,2.2226934478213805,0.44990459704651176,0,19.458356930589066,DC_Charging
1,360,92.0636120485214,2.8642364205158857,14.812211410629274,13340,14.812211410629274,6.215386041712608,0.1608910521870749,0,14.812211410629274,DC_Charging
1,120,209.2008311854483,12.30091022652802,1.6193370828242737,13343,1.6193370828242737,129.18918081007735,0.007740586276107074,0,1.6193370828242737,120
1,360,54.694410885660965,1.435110360967185,12.426067539759629,13344,12.426067539759629,4.401586480248519,0.22719081051510742,0,12.426067539759629,DC_Charging
1,360,43.87271616830157,2.3689863001788947,32.08571042306646,13347,32.08571042306646,1.3673599739515638,0.7313363116152054,0,32.08571042306646,DC_Charging
1,360,68.6336576600869,2.140217310441794,18.543078495180467,13348,18.543078495180467,3.7013086946660705,0.27017470913493186,0,18.543078495180467,DC_Charging
1,120,508.9762925763478,7.382589684772351,10.35644080759768,13351,10.35644080759768,49.145869901844385,0.020347589777070386,0,10.35644080759768,120
1,360,73.49119618907338,2.0051949797552644,19.83848225677936,13352,19.83848225677936,3.7044767456421415,0.26994365700267287,0,19.83848225677936,DC_Charging
1,120,635.3982636058349,8.177242782499329,12.53427390136929,13353,12.53427390136929,50.69286570611974,0.019726641728981562,0,12.53427390136929,120
1,360,27.41744820539965,2.346845388741988,20.412779506507636,13358,20.412779506507636,1.3431511468910402,0.7445178469412591,0,20.412779506507636,DC_Charging
1,360,69.50636809671367,3.705263671688261,19.39045213036384,13360,19.39045213036384,3.5845666531866196,0.27897374961936244,0,19.39045213036384,DC_Charging
1,360,26.70065140486915,3.049552876551936,24.42433364327124,13361,24.42433364327124,1.093198766232258,0.9147467330634937,0,24.42433364327124,DC_Charging
1,120,206.4281834468511,2.566785240089527,4.610245850758076,13365,4.610245850758076,44.775959922594474,0.022333412878891474,0,4.610245850758076,120
1,240,63.01186875573125,1.0827373081363352,8.655764877787618,13366,8.655764877787618,7.279757438586624,0.13736721428374288,0,8.655764877787618,240
1,120,97.54859228926344,2.9285860199483373,3.1150079627820872,13367,3.1150079627820872,31.315679913107022,0.031932884828774065,0,3.1150079627820872,120
1,120,640.1445329513589,10.06981979949307,10.412771399078196,13384,10.412771399078196,61.476864171629515,0.016266281852116364,0,10.412771399078196,120
1,120,366.43304865428416,26.678491565468256,0.6139130475090866,13390,0.6139130475090866,596.8810243422307,0.00167537576035695,0,0.6139130475090866,120
1,120,186.578631797944,3.5065111108664992,5.513683620817773,13400,5.513683620817773,33.83919800793199,0.029551527780463282,0,5.513683620817773,120
1,360,49.33728247385813,1.536097846865771,14.825026307937264,13408,14.825026307937264,3.3279726760041655,0.3004832362988873,0,14.825026307937264,DC_Charging
1,120,68.55189161349911,3.344505799130597,1.8342676411827767,13412,1.8342676411827767,37.372894813373755,0.026757359979568764,0,1.8342676411827767,120
1,120,89.0222519159711,1.943737414044432,3.1984005531261204,13414,3.1984005531261204,27.833365595488235,0.03592810206761698,0,3.1984005531261204,120
1,360,36.357266364598296,2.672858528073525,35.21345298402309,13416,35.21345298402309,1.0324822840036212,0.9685396209631163,0,35.21345298402309,DC_Charging
1,240,40.77676934955458,1.6414651207717057,5.21037273755546,13423,5.21037273755546,7.826075293163332,0.1277779682075862,0,5.21037273755546,240
1,360,61.238775822642296,3.62744468319453,22.947706083744464,13429,22.947706083744464,2.668622981275771,0.37472509493339395,0,22.947706083744464,DC_Charging
1,360,61.80838050261328,4.496869409074301,30.939813796727407,13430,30.939813796727407,1.9976972359526912,0.5005763546161714,0,30.939813796727407,DC_Charging
1,360,39.55457690186011,1.6284615354611067,33.28573104713256,13433,33.28573104713256,1.1883343299821438,0.8415140207344058,0,33.28573104713256,DC_Charging
1,240,75.03162467859805,1.5062036364014617,7.24664243357978,13434,7.24664243357978,10.353984671703067,0.0965811744663821,0,7.24664243357978,240
1,120,259.6727857721268,3.070104948125461,7.947731393060295,13435,7.947731393060295,32.67256691624792,0.030606716716301354,0,7.947731393060295,120
1,120,358.8596551898121,5.723340722732208,7.342308681254536,13439,7.342308681254536,48.875588151994705,0.020460111843363837,0,7.342308681254536,120
1,360,38.81699112626856,2.493280175481119,34.07886410982455,13443,34.07886410982455,1.1390341826292874,0.87793677771079,0,34.07886410982455,DC_Charging
1,360,52.49604111803275,3.295076712731301,34.8262832113594,13445,34.8262832113594,1.5073684664951539,0.6634078012293452,0,34.8262832113594,DC_Charging
1,360,47.12155424297149,3.5786795212338225,27.028738780051825,13451,27.028738780051825,1.7433870898093433,0.5735960796344775,0,27.028738780051825,DC_Charging
1,240,77.88850196100464,2.6037677684989817,3.9217386390568834,13461,3.9217386390568834,19.86070697963075,0.050350674879076844,0,3.9217386390568834,240
1,120,114.58300638779312,1.7482681973163174,4.3093330769335125,13462,4.3093330769335125,26.589498732673846,0.03760883234595073,0,4.3093330769335125,120
1,120,136.26097302829083,1.7562671659967264,2.998108454460564,13465,2.998108454460564,45.44898061494832,0.022002693712146686,0,2.998108454460564,120
1,240,82.65442780823999,1.497366220969827,4.155396100628948,13474,4.155396100628948,19.890866191006353,0.05027433146436577,0,4.155396100628948,240
1,120,176.5407704204347,2.253603629257845,5.613280103404392,13476,5.613280103404392,31.4505542514019,0.0317959420367107,0,5.613280103404392,120
1,360,47.47210254388136,2.077577360465528,32.905197709267085,13477,32.905197709267085,1.4426931259711533,0.6931481005891997,0,32.905197709267085,DC_Charging
1,360,53.21826864303534,2.4411786611360444,35.05682646136992,13478,35.05682646136992,1.5180572235104626,0.6587366961619072,0,35.05682646136992,DC_Charging
1,360,94.9943060028992,4.545398235067744,27.55011108677192,13479,27.55011108677192,3.448055280202131,0.29001855212175665,0,27.55011108677192,DC_Charging
1,120,626.0087358672649,7.447602856428835,13.08371574598752,13483,13.08371574598752,47.84640296539977,0.020900212722848824,0,13.08371574598752,120
1,360,42.114757197248565,2.8445525578235924,32.08021475560494,13487,32.08021475560494,1.3127953636872216,0.7617333421953292,0,32.08021475560494,DC_Charging
1,120,198.99558436388543,2.189186228523309,6.076406661801329,13492,6.076406661801329,32.74889181049214,0.03053538439672082,0,6.076406661801329,120
1,360,43.03600220600228,1.7437427685899471,23.27795406433708,13507,23.27795406433708,1.8487880028913477,0.5408948989478971,0,23.27795406433708,DC_Charging
1,240,68.24547668147102,0.9634809815253128,6.458347223607703,13516,6.458347223607703,10.567018823640819,0.09463407009011596,0,6.458347223607703,240
1,120,102.29793549102212,1.700546294871313,3.495607914798612,13517,3.495607914798612,29.264705305748134,0.034170854944627835,0,3.495607914798612,120
1,360,42.49949663347726,1.0279699698684124,16.398219406177944,13523,16.398219406177944,2.591714111195865,0.3858450265328769,0,16.398219406177944,DC_Charging
1,240,47.051175436525895,1.942233105674558,3.6134483480036863,13524,3.6134483480036863,13.021128546785553,0.07679825879968476,0,3.6134483480036863,240
1,120,107.31387321449562,4.131884257412158,2.710726680067765,13525,2.710726680067765,39.588599619277325,0.02525979725519411,0,2.710726680067765,120
1,240,73.29336633159475,1.1338162555708884,3.690812357677828,13526,3.690812357677828,19.85832906924296,0.050356704056678324,0,3.690812357677828,240
1,360,36.99347371422893,2.0597931669825336,33.836971473829095,13533,33.836971473829095,1.093285601604186,0.9146740783311265,0,33.836971473829095,DC_Charging
1,240,81.74083067145779,1.446738196220952,6.404714505244641,13535,6.404714505244641,12.762603329863106,0.07835391997650736,0,6.404714505244641,240
1,360,47.35193903239041,2.559137957643564,31.239777318899527,13536,31.239777318899527,1.5157578925424446,0.6597359676766438,0,31.239777318899527,DC_Charging
1,360,65.13044695141048,2.0421724010536533,13.05845232920231,13538,13.05845232920231,4.987608432414367,0.20049689416294592,0,13.05845232920231,DC_Charging
1,360,83.96225803770783,5.589202978903777,31.290737144451757,13539,31.290737144451757,2.6832943452275106,0.372676222337886,0,31.290737144451757,DC_Charging
1,360,35.88516102167959,1.3836090202260125,24.89479608505239,13543,24.89479608505239,1.4414723823838091,0.6937351087824991,0,24.89479608505239,DC_Charging
1,240,99.6415059914998,1.405082485078767,5.962238333672801,13544,5.962238333672801,16.712097104330212,0.05983689502024815,0,5.962238333672801,240
1,120,104.26143102130966,5.090194553143994,2.7485718446322807,13545,2.7485718446322807,37.932947332238406,0.026362306921247886,0,2.7485718446322807,120
1,360,42.5110971315879,1.9324764102510312,33.679453986905656,13546,33.679453986905656,1.2622264347906569,0.7922508770511151,0,33.679453986905656,DC_Charging
1,120,56.29488252388511,4.820883202477112,1.8721128057473069,13547,1.8721128057473069,30.070240613205684,0.03325547051195988,0,1.8721128057473069,120
1,120,219.82141628484897,3.826317349179983,6.6744768366850735,13548,6.6744768366850735,32.934628685298556,0.030363178208424213,0,6.6744768366850735,120
1,360,73.49649086966905,7.291792294308795,24.88615289895384,13549,24.88615289895384,2.953308659964019,0.3386032802992503,0,24.88615289895384,DC_Charging
1,360,40.90458808674009,1.0170982512133404,15.00104587531446,13554,15.00104587531446,2.7267824141550148,0.36673259839468475,0,15.00104587531446,DC_Charging
1,240,33.91197328441275,2.10684163519593,4.679391339546584,13555,4.679391339546584,7.2470906627994705,0.1379864067567372,0,4.679391339546584,240
1,360,54.738827372880166,3.54343059287038,35.27129072067109,13558,35.27129072067109,1.5519371776434576,0.644355979356363,0,35.27129072067109,DC_Charging
1,360,58.03775165524047,1.8505227750811228,14.125203017326683,13561,14.125203017326683,4.108808318298041,0.2433795695814357,0,14.125203017326683,DC_Charging
1,360,48.42058206594904,2.5730227837739768,32.89880275076641,13563,32.89880275076641,1.4718037745255348,0.6794383988601809,0,32.89880275076641,DC_Charging
1,120,391.9222293396651,4.615879889925039,7.247741567072083,13566,7.247741567072083,54.07508335013557,0.018492805522369905,0,7.247741567072083,120
1,240,70.38332898526308,1.2974112877065629,4.611986145454225,13567,4.611986145454225,15.260958460301527,0.06552668383190409,0,4.611986145454225,240
1,120,143.07543285915858,1.7275014509707396,4.804484388447094,13574,4.804484388447094,29.779560363063943,0.03358007935000665,0,4.804484388447094,120
1,120,394.1621439656617,4.531425883620096,9.719401354350452,13578,9.719401354350452,40.554158594267,0.024658383619907395,0,9.719401354350452,120
1,360,53.64241300422497,2.008052144235812,16.900706601075754,13581,16.900706601075754,3.173974572211706,0.31506238542521614,0,16.900706601075754,DC_Charging
1,360,57.50078279816333,2.3318354132115373,22.847085408585457,13582,22.847085408585457,2.5167666584095554,0.39733520652722715,0,22.847085408585457,DC_Charging
1,360,45.06173964818111,1.7937621665855694,20.44513733037951,13584,20.44513733037951,2.204032133412168,0.4537138932052918,0,20.44513733037951,DC_Charging
1,360,38.87366259294981,1.2875363362457646,14.93177548499274,13585,14.93177548499274,2.6034186377916004,0.38411033303820435,0,14.93177548499274,DC_Charging
1,240,38.488062771124326,1.894343196886208,3.066362978978802,13594,3.066362978978802,12.551698228479818,0.07967049412732045,0,3.066362978978802,240
1,120,103.45103603380466,1.6708945841290028,3.199882717986952,13596,3.199882717986952,32.329633661975514,0.03093137430679116,0,3.199882717986952,120
1,120,53.34563144939178,2.855807045647702,1.791567970360589,13598,1.791567970360589,29.7759461722543,0.033584155284771974,0,1.791567970360589,120
1,360,39.7529656422905,1.8697690111872376,18.304183495982212,13601,18.304183495982212,2.1717967180025437,0.46044825084721797,0,18.304183495982212,DC_Charging
1,360,26.99769769373212,3.89511048745447,17.299875247697088,13602,17.299875247697088,1.5605718137953615,0.6407907608993446,0,17.299875247697088,DC_Charging
1,360,23.120059306973214,3.292218491607085,19.782642944662825,13604,19.782642944662825,1.1687042712971167,0.8556484515027263,0,19.782642944662825,DC_Charging
1,360,40.89360530136561,1.5318952227802318,32.852972214844925,13607,32.852972214844925,1.2447459862668817,0.8033767620324693,0,32.852972214844925,DC_Charging
1,240,91.86281128693076,1.61443599961546,9.413292676744106,13608,9.413292676744106,9.758839381875514,0.10247120183750927,0,9.413292676744106,240
1,360,44.00568618848329,5.839852945735249,19.28860742017932,13610,19.28860742017932,2.281434072967108,0.43832079648896227,0,19.28860742017932,DC_Charging
1,240,64.80836858928689,1.9309349432454697,3.3812397442169413,13613,3.3812397442169413,19.167043301242103,0.05217288782016765,0,3.3812397442169413,240
1,360,30.802938677068337,1.5668585051385306,29.916986814450752,13615,29.916986814450752,1.029613672931448,0.9712380733570352,0,29.916986814450752,DC_Charging
1,360,37.69086403963171,1.8271462949807844,7.279658072193271,13617,7.279658072193271,5.1775596691282395,0.1931411830872,0,7.279658072193271,DC_Charging
1,120,483.3897780126833,8.49227193478598,9.420553619208404,13621,9.420553619208404,51.31224740625189,0.01948852468072096,0,9.420553619208404,120
1,360,29.521070766826885,1.8469314193580084,26.799594427213307,13623,26.799594427213307,1.1015491613876847,0.9078124109687875,0,26.799594427213307,DC_Charging
1,240,58.677727787934,1.4203066070594363,6.899049793407869,13625,6.899049793407869,8.505189779033241,0.11757527180230268,0,6.899049793407869,240
1,120,396.1052329144868,20.21996424183325,1.3957716651360954,13626,1.3957716651360954,283.7894211556905,0.003523739524636428,0,1.3957716651360954,120
1,120,166.3692771876692,6.861489657613542,3.681844427592893,13631,3.681844427592893,45.18639515044303,0.02213055493076206,0,3.681844427592893,120
1,360,68.38475619602924,1.5648366174782022,17.01324288250359,13632,17.01324288250359,4.019501553484321,0.2487870664294547,0,17.01324288250359,DC_Charging
1,120,180.4384495409344,11.515004729520824,1.0417091255435764,13636,1.0417091255435764,173.2138512723304,0.005773210356184387,0,1.0417091255435764,120
1,360,43.51173293438441,1.5753109500601503,25.488794469953305,13637,25.488794469953305,1.7070926200796552,0.5857912969908678,0,25.488794469953305,DC_Charging
1,360,47.718808921608726,2.214019644135702,30.79327099118923,13638,30.79327099118923,1.549650536809238,0.645306781268905,0,30.79327099118923,DC_Charging
1,360,85.52692439840378,5.427671747960629,35.588956953484384,13639,35.588956953484384,2.4031871602809125,0.4161140740628409,0,35.588956953484384,DC_Charging
1,360,76.51717233300404,4.6259120171315775,23.983089833493796,13640,23.983089833493796,3.19046348340585,0.3134340841702694,0,23.983089833493796,DC_Charging
1,360,33.99310323395676,4.637803837195277,24.60678980299352,13641,24.60678980299352,1.3814521725959292,0.7238759472366454,0,24.60678980299352,DC_Charging
1,240,47.98455408831135,2.1831416984157013,3.353103592167756,13648,3.353103592167756,14.310489601452993,0.06987881112736119,0,3.353103592167756,240
1,360,80.86756135187925,5.575853695006189,30.266236481630003,13650,30.266236481630003,2.6718737032587967,0.37426918749203336,0,30.266236481630003,DC_Charging
1,360,46.81221988289274,1.727411284044332,22.44692587646728,13652,22.44692587646728,2.0854623987496366,0.4795099641209363,0,22.44692587646728,DC_Charging
1,120,126.48428647860888,1.5815229581892702,3.923037615002329,13655,3.923037615002329,32.24141568128548,0.03101600779212836,0,3.923037615002329,120
1,360,44.02337924614048,2.612274630569547,36.11505886492894,13658,36.11505886492894,1.2189757023735948,0.820360896491042,0,36.11505886492894,DC_Charging
1,360,69.6106880118944,6.281314796217138,32.39176914005954,13659,32.39176914005954,2.1490239607136954,0.46532752462559696,0,32.39176914005954,DC_Charging
1,360,25.46574069316051,2.6933359301611186,10.6291091813776,13661,10.6291091813776,2.3958490084735384,0.4173885735132898,0,10.6291091813776,DC_Charging
1,120,548.0315038839447,9.691010930926028,10.464988566731463,13663,10.464988566731463,52.368093896075,0.01909559668114921,0,10.464988566731463,120
1,120,467.698609673828,4.845388882444885,11.445757039389775,13664,11.445757039389775,40.86218220990327,0.02447250601700959,0,11.445757039389775,120
1,120,109.288627294772,3.353811659922085,4.145054253678637,13676,4.145054253678637,26.366030600873543,0.037927590054714896,0,4.145054253678637,120
1,120,145.7876477017347,3.5456960368963766,5.214860865982359,13680,5.214860865982359,27.956191248119076,0.03577025178876186,0,5.214860865982359,120
1,240,88.0468540906806,1.3946070958531498,4.836492488025968,13682,4.836492488025968,18.20469158355237,0.05493089489653772,0,4.836492488025968,240
1,360,43.05630215848053,1.4895296231998636,27.41357705742881,13684,27.41357705742881,1.570619626482225,0.6366913943637246,0,27.41357705742881,DC_Charging
1,120,113.51994483002912,1.7418658172195285,4.09456905395264,13685,4.09456905395264,27.72451589757513,0.03606916000605309,0,4.09456905395264,120
1,120,543.9294795073445,8.667824827214657,8.281143545827717,13687,8.281143545827717,65.68289469893226,0.015224663964395223,0,8.281143545827717,120
1,120,337.21032394686927,3.6019024357876224,7.298110192033761,13688,7.298110192033761,46.20515655065754,0.021642606034753695,0,7.298110192033761,120
1,240,103.50007801282202,4.206122632726742,4.827158180110274,13689,4.827158180110274,21.44120290884224,0.04663917431552338,0,4.827158180110274,240
1,360,41.42798197106779,1.338982115140684,23.93315420051394,13694,23.93315420051394,1.7309871329111381,0.577705045281429,0,23.93315420051394,DC_Charging
1,360,37.24191189373448,2.0756030217702977,37.97135377835755,13695,37.97135377835755,0.9807896792703021,1.0195865853156103,0,37.97135377835755,DC_Charging
1,360,38.96462447021106,2.1495244039842287,37.29169792197696,13696,37.29169792197696,1.0448605625770715,0.9570655031074901,0,37.29169792197696,DC_Charging
1,240,104.50184628896815,3.1249176340175047,4.3862807481636,13701,4.3862807481636,23.824705323005112,0.04197323687501818,0,4.3862807481636,240
1,360,45.79681045048971,1.2680924197199377,15.974578385815107,13702,15.974578385815107,2.8668556593115313,0.3488142127951247,0,15.974578385815107,DC_Charging
1,120,74.1092766113869,4.176860647390956,1.794016040411634,13704,1.794016040411634,41.309149384407206,0.02420771221150988,0,1.794016040411634,120
1,360,34.24616690526045,1.3063681038727764,9.376105326921191,13705,9.376105326921191,3.6524938352527854,0.2737855408127721,0,9.376105326921191,DC_Charging
1,240,57.938513162686974,1.0400965409338727,8.283341812812324,13706,8.283341812812324,6.994581953997132,0.14296780087458105,0,8.283341812812324,240
1,360,42.33342750584958,1.6376511654490218,8.638836556652379,13707,8.638836556652379,4.900362129579881,0.2040665513194904,0,8.638836556652379,DC_Charging
1,360,44.58239824178165,3.6278902346082247,26.45611521086866,13708,26.45611521086866,1.6851453014336124,0.5934206380596764,0,26.45611521086866,DC_Charging
1,360,45.97491762274948,1.531717002214754,21.690780321145056,13711,21.690780321145056,2.1195603358691186,0.4717959583773554,0,21.690780321145056,DC_Charging
1,360,22.66861976425447,2.866421911837606,7.545398574264141,13712,7.545398574264141,3.0042971939974965,0.33285655027670785,0,7.545398574264141,DC_Charging
1,120,254.24335555530092,2.969651243386918,6.244723967963523,13718,6.244723967963523,40.713305641628324,0.02456199476412756,0,6.244723967963523,120
1,240,99.97840945929126,1.9639872855286684,6.239095072199916,13722,6.239095072199916,16.024504884494203,0.062404424174604636,0,6.239095072199916,240
1,120,276.76713271351025,3.365340346778259,3.9827738549552265,13724,3.9827738549552265,69.49104890029504,0.014390342581168813,0,3.9827738549552265,120
1,240,71.2418835050195,1.5058401509793802,3.1997328361471062,13725,3.1997328361471062,22.26494746692789,0.044913647404081644,0,3.1997328361471062,240
1,360,51.94757839182918,2.3473981894880707,24.491347479226192,13727,24.491347479226192,2.1210584038257445,0.471462736809276,0,24.491347479226192,DC_Charging
1,360,45.741892846755775,1.5892163807421056,9.515995044123372,13733,9.515995044123372,4.806842861378307,0.2080367569397227,0,9.515995044123372,DC_Charging
1,120,185.4434669856793,11.550460055614248,0.966768205613846,13735,0.966768205613846,191.81792068547873,0.005213277239302821,0,0.966768205613846,120
1,120,103.22814468817322,1.3055295690679114,3.809044149020309,13736,3.809044149020309,27.100800266314483,0.036899279363457445,0,3.809044149020309,120
1,120,113.86398876290168,1.716175287484427,3.499962814923407,13737,3.499962814923407,32.53291385765579,0.03073810124649119,0,3.499962814923407,120
1,240,77.78984441257205,1.4235597487548823,4.125303157892716,13738,4.125303157892716,18.856758263629914,0.053031384611254,0,4.125303157892716,240
1,120,813.5047299081925,11.777086171990936,10.879370220098536,13742,10.879370220098536,74.77498361121353,0.01337345662553962,0,10.879370220098536,120
1,360,63.63217735612879,2.818664611829696,29.44209453162486,13743,29.44209453162486,2.1612653029076814,0.46269192340923593,0,29.44209453162486,DC_Charging
1,240,64.75409075945825,1.379311562371195,6.615348450860509,13747,6.615348450860509,9.788462579176036,0.10216108933464167,0,6.615348450860509,240
1,120,372.9215326498121,6.07761502973786,6.869331555271288,13749,6.869331555271288,54.28789244619369,0.018420313534756007,0,6.869331555271288,120
1,120,91.75765304732238,1.3610011603411172,3.3396808407314467,13754,3.3396808407314467,27.474976628972097,0.03639675525494387,0,3.3396808407314467,120
1,240,70.60552172720482,3.857051943575578,9.369127494598844,13759,9.369127494598844,7.535976190729372,0.1326968099010428,0,9.369127494598844,240
1,360,33.92648585685101,1.1141960556596426,15.257110671945512,13764,15.257110671945512,2.2236507675882824,0.4497109054065067,0,15.257110671945512,DC_Charging
1,120,151.03348486890584,3.466761937117461,5.316755536780164,13766,5.316755536780164,28.407077177818106,0.03520249527046936,0,5.316755536780164,120
1,360,35.65965910436556,2.2403740983093923,35.43487842210884,13768,35.43487842210884,1.00634348676406,0.9936964994085095,0,35.43487842210884,DC_Charging
1,360,37.487327693066646,8.103136135428795,23.617511372538743,13770,23.617511372538743,1.5872683239884042,0.6300132024856722,0,23.617511372538743,DC_Charging
1,240,125.119744336983,1.7840276606790884,5.645346490365441,13772,5.645346490365441,22.16334188707762,0.04511954943866349,0,5.645346490365441,240
1,240,126.44923863455476,3.1739430825353034,6.857965515748617,13779,6.857965515748617,18.438301905160795,0.05423492928706763,0,6.857965515748617,240
1,120,192.4534476049881,7.410570313552388,3.1848695536943694,13785,3.1848695536943694,60.427419195786804,0.01654877890382787,0,3.1848695536943694,120
1,360,44.30706382022244,2.4023165397469985,33.50111125101064,13786,33.50111125101064,1.322555048644418,0.7561121943657257,0,33.50111125101064,DC_Charging
1,240,125.6401084874143,4.041235853705908,8.3481407282449,13790,8.3481407282449,15.0500707375867,0.06644487042194137,0,8.3481407282449,240
1,360,51.77872955688878,2.075166804042344,25.88988660018616,13791,25.88988660018616,1.9999596891442726,0.5000100779170567,0,25.88988660018616,DC_Charging
1,360,49.24304818983985,1.4832140639911977,11.202632041599928,13793,11.202632041599928,4.3956677329917095,0.2274967219415822,0,11.202632041599928,DC_Charging
1,120,427.4955704428752,14.338116402338118,3.9787436988167713,13797,3.9787436988167713,107.44486270126096,0.009307099240104144,0,3.9787436988167713,120
1,360,51.6145760741155,2.048567736859317,10.019956077113136,13798,10.019956077113136,5.151177877117626,0.19413035695042943,0,10.019956077113136,DC_Charging
1,240,118.46737526957313,1.6102069594381998,6.745112817103305,13802,6.745112817103305,17.563438667649898,0.056936458681175015,0,6.745112817103305,240
1,120,453.087909155195,4.949420030431569,10.69129349138153,13803,10.69129349138153,42.37914799742786,0.023596510247461643,0,10.69129349138153,120
1,360,58.9468997895777,1.410637084738589,9.765073681663196,13805,9.765073681663196,6.0365033292342565,0.16565881694408877,0,9.765073681663196,DC_Charging
1,120,95.38964215404228,2.5580048834160096,2.2736712350375115,13808,2.2736712350375115,41.95401722292912,0.02383561971399178,0,2.2736712350375115,120
1,360,106.04033339560776,4.472973060288893,23.209241567530384,13810,23.209241567530384,4.56888404074167,0.2188718275803886,0,23.209241567530384,DC_Charging
1,360,65.55710260902153,3.389469861599925,33.03623607114868,13811,33.03623607114868,1.9843998713362532,0.5039306918149622,0,33.03623607114868,DC_Charging
1,360,39.452992571653816,1.4335543651111766,20.190105053089724,13814,20.190105053089724,1.9540756458627868,0.5117509151281951,0,20.190105053089724,DC_Charging
1,120,705.253985023463,7.523718535328395,13.890513036413369,13818,13.890513036413369,50.772349673094915,0.019695759728250592,0,13.890513036413369,120
1,120,372.70303883056425,8.355169601037337,6.826140605085115,13820,6.826140605085115,54.59937912103951,0.018315226584960497,0,6.826140605085115,120
1,120,71.57305106883231,3.4745243937233274,2.594185222808136,13821,2.594185222808136,27.58979984912427,0.03624527925061193,0,2.594185222808136,120
1,360,45.46018274731261,2.3298758675276705,33.723127889686936,13828,33.723127889686936,1.3480417028936111,0.7418168131248986,0,33.723127889686936,DC_Charging
1,120,703.04074970469,14.632314176908114,9.793034971565874,13831,9.793034971565874,71.78987430821726,0.013929541033971937,0,9.793034971565874,120
1,120,300.4517391774271,4.767894635772045,8.236245608020923,13832,8.236245608020923,36.479210732233405,0.02741287379653721,0,8.236245608020923,120
1,240,109.54843433011212,1.48967103734421,8.518614667547311,13838,8.518614667547311,12.859888444942824,0.07776117221244264,0,8.518614667547311,240
1,120,697.8117231484101,18.48271525301745,6.38831909731779,13839,6.38831909731779,109.23244636314338,0.009154789014570806,0,6.38831909731779,120
1,360,60.334179642872726,1.2956060119983468,16.575129937825423,13852,16.575129937825423,3.6400426343075942,0.2747220569822307,0,16.575129937825423,DC_Charging
1,120,379.3285668088433,4.243139325948156,9.133604836797415,13853,9.133604836797415,41.531090252624736,0.024078346942428285,0,9.133604836797415,120
1,360,30.76564610905337,2.0882716510378736,25.46682012687613,13855,25.46682012687613,1.2080678292687663,0.8277680903110316,0,25.46682012687613,DC_Charging
1,240,77.51431511735203,1.1971107082463626,5.208457580712803,13857,5.208457580712803,14.882393475640788,0.06719349287712226,0,5.208457580712803,240
1,120,95.2788877311932,5.149110538616706,3.060734083215195,13865,3.060734083215195,31.129423576420606,0.03212394850630846,0,3.060734083215195,120
1,240,117.26470327971366,4.367403791334931,6.50167140209598,13869,6.50167140209598,18.03608580432262,0.0554444024523511,0,6.50167140209598,240
1,360,76.22091289250737,5.020859004452835,30.11576344117995,13870,30.11576344117995,2.5309307878373013,0.3951115553240819,0,30.11576344117995,DC_Charging
1,360,44.152080430091935,1.5113614663636337,11.49814074242066,13872,11.49814074242066,3.8399321611362334,0.260421267365333,0,11.49814074242066,DC_Charging
1,240,42.01570254777131,4.8301946987015,6.64329308722543,13880,6.64329308722543,6.324529415774904,0.15811453062511788,0,6.64329308722543,240
1,120,289.7048906532659,3.838295814024528,8.915085441051176,13884,8.915085441051176,32.49603075246656,0.030772989095725067,0,8.915085441051176,120
1,240,57.83988135228507,1.101111196840182,6.087672780097435,13896,6.087672780097435,9.50114821239773,0.10525043685721411,0,6.087672780097435,240
1,240,83.6960973856529,3.3977127388605584,7.231537674829497,13899,7.231537674829497,11.573762199562386,0.08640232819349017,0,7.231537674829497,240
1,360,39.29324764584874,2.8180256946246027,35.33266733409354,13901,35.33266733409354,1.112094008479612,0.8992045567866513,0,35.33266733409354,DC_Charging
1,240,50.13315385834031,3.097966880600032,2.4352355316371472,13906,2.4352355316371472,20.586572923661745,0.048575350725356646,0,2.4352355316371472,240
1,120,317.1600450736021,2.85623428190447,9.412293464478369,13913,9.412293464478369,33.696361707223836,0.02967679444708773,0,9.412293464478369,120
1,120,370.48100845902417,16.077616746597666,3.3964527509626805,13919,3.3964527509626805,109.07880533713184,0.009167683831054822,0,3.3964527509626805,120
1,240,64.06303934332418,1.390863407334444,6.534345643185347,13932,6.534345643185347,9.804048154406305,0.10199868301856134,0,6.534345643185347,240
1,360,56.52482976678258,1.4229620406528742,13.874800423534763,13937,13.874800423534763,4.073920203630737,0.245463816180981,0,13.874800423534763,DC_Charging
1,360,55.253084256318814,2.4387429213720866,32.61683337614632,13938,32.61683337614632,1.694005166569207,0.5903169717157684,0,32.61683337614632,DC_Charging
1,120,363.17617296032114,8.630514034838749,6.99927911042947,13939,6.99927911042947,51.887654032707516,0.01927240725452046,0,6.99927911042947,120
1,120,393.091118325835,11.02651131712424,5.202137563132069,13942,5.202137563132069,75.56338400424099,0.013233922926795802,0,5.202137563132069,120
1,360,41.434387063843936,1.79400642738035,34.27988896415164,13944,34.27988896415164,1.2087083218727501,0.827329457325667,0,34.27988896415164,DC_Charging
1,240,121.17125099021104,1.6476114408860787,6.216920886669598,13945,6.216920886669598,19.490557013525457,0.0513068969401978,0,6.216920886669598,240
1,120,111.03452616002376,1.488697868525207,3.3251089951895523,13946,3.3251089951895523,33.392747822900795,0.02994662210200619,0,3.3251089951895523,120
1,240,85.92608448553261,1.5872073489130816,5.305381170488602,13948,5.305381170488602,16.196024701014878,0.061743546238067784,0,5.305381170488602,240
1,120,183.66596917248367,3.3256778178100657,4.682988503703214,13949,4.682988503703214,39.21982063958608,0.025497311912504293,0,4.682988503703214,120
1,240,77.27217907849993,1.177305947907626,4.284852376423132,13955,4.284852376423132,18.03380193531999,0.05545142414154257,0,4.284852376423132,240
1,120,125.58816178779236,1.9033838401168164,4.516003480561977,13957,4.516003480561977,27.80958037972194,0.03595883096205131,0,4.516003480561977,120
1,240,78.84218424212985,4.295475239080435,3.9748217906737855,13959,3.9748217906737855,19.83540103033526,0.05041491212961364,0,3.9748217906737855,240
1,240,123.30844145892866,3.49991554108559,5.606127408935549,13960,5.606127408935549,21.995297727694982,0.045464262970210584,0,5.606127408935549,240
1,360,24.517647241552936,1.82533520773239,21.636697957262427,13963,21.636697957262427,1.1331510607571018,0.8824948717180405,0,21.636697957262427,DC_Charging
1,360,38.24129020988951,1.556117722244756,6.37972587183252,13964,6.37972587183252,5.994190185934281,0.1668282068104143,0,6.37972587183252,DC_Charging
1,120,164.21023880777145,1.9748596205592135,4.703805425905912,13967,4.703805425905912,34.91008320696981,0.02864501909294647,0,4.703805425905912,120
1,360,55.01291901524401,1.6697844038476066,16.407503753480356,13968,16.407503753480356,3.3529121700535756,0.2982481941911473,0,16.407503753480356,DC_Charging
1,240,121.14901333170926,1.6186365104136615,5.6356624581567445,13971,5.6356624581567445,21.496854048873157,0.04651843463822647,0,5.6356624581567445,240
1,240,95.97877832243285,1.3116202392823924,5.077519140057788,13972,5.077519140057788,18.9026915851942,0.052902518961017386,0,5.077519140057788,240
1,360,49.18867476161158,1.1481991130838816,9.935555947734484,13973,9.935555947734484,4.950772258781114,0.20198868938604767,0,9.935555947734484,DC_Charging
1,120,727.8385627638457,11.392446039230116,11.996006580589466,13976,11.996006580589466,60.67340475967635,0.016481685904408017,0,11.996006580589466,120
1,360,44.4650842979724,2.3656503000090834,33.41865958555016,13985,33.41865958555016,1.3305466122644425,0.7515708136659046,0,33.41865958555016,DC_Charging
1,120,366.2891510016509,4.867595658003816,6.88677613607716,13987,6.88677613607716,53.18731780503268,0.01880147451062814,0,6.88677613607716,120
1,240,90.71744686079631,3.272414875965656,8.324750834457944,13990,8.324750834457944,10.897316768364668,0.09176570905078567,0,8.324750834457944,240
1,120,89.72315732099156,3.304594958900226,2.6239784018646475,13996,2.6239784018646475,34.19355786512291,0.029245274912441624,0,2.6239784018646475,120
1,120,379.5237052036858,9.444199398328902,6.877383540779292,14000,6.877383540779292,55.184315801686566,0.018121090847509205,0,6.877383540779292,120
1,360,39.07324999023728,1.1426966411783892,9.23777271549976,14003,9.23777271549976,4.229726276408331,0.23642191826397552,0,9.23777271549976,DC_Charging
1,240,82.37840581357564,1.2574050853850784,4.65748361062046,14004,4.65748361062046,17.68732060070553,0.056537675919105065,0,4.65748361062046,240
1,120,821.9572756706827,17.951300974792517,8.349631219874624,14007,8.349631219874624,98.44234482047281,0.010158230198840535,0,8.349631219874624,120
1,360,57.31925246782399,5.018858777987719,27.643437512391102,14008,27.643437512391102,2.0735211546006456,0.4822714240369529,0,27.643437512391102,DC_Charging
1,120,175.04328767351933,7.5410376294898205,3.364419671077144,14010,3.364419671077144,52.02778035638994,0.01922050091604921,0,3.364419671077144,120
1,120,183.8399876747279,3.208073729682555,6.279513208348689,14011,6.279513208348689,29.276152716791866,0.03415749363222961,0,6.279513208348689,120
1,360,48.03646769617955,2.4246177088070127,33.29879574750697,14012,33.29879574750697,1.4425887368547243,0.6931982584172254,0,33.29879574750697,DC_Charging
1,120,150.03696715101708,1.5937051791546228,5.841924850110047,14022,5.841924850110047,25.682796509816583,0.03893656984035115,0,5.841924850110047,120
1,120,492.6070521425409,6.023912171912656,10.26661995167744,14023,10.26661995167744,47.98142470074145,0.02084139865035202,0,10.26661995167744,120
1,360,60.86545671830953,1.3400475641734326,17.211578190482086,14028,17.211578190482086,3.5363088756130345,0.2827807284867461,0,17.211578190482086,DC_Charging
1,240,144.4883772058965,2.9783181869733126,6.6671576068386,14029,6.6671576068386,21.67166065756308,0.04614321051815728,0,6.6671576068386,240
1,360,43.62560901266801,2.161158755207287,30.130152097806477,14032,30.130152097806477,1.4479053697124888,0.6906528706351648,0,30.130152097806477,DC_Charging
1,120,375.0914986621615,7.36005147531596,7.800630694007083,14039,7.800630694007083,48.084765626749835,0.02079660755263605,0,7.800630694007083,120
1,360,91.00184474601409,3.114500536300952,18.65542326092404,14040,18.65542326092404,4.878036990810499,0.20500049546238625,0,18.65542326092404,DC_Charging
1,360,62.3069702790949,2.289641694334634,23.999926560171343,14041,23.999926560171343,2.5961317057734394,0.385188470128899,0,23.999926560171343,DC_Charging
1,120,181.17888120734608,3.911033755329356,5.459892693845973,14046,5.459892693845973,33.183597438015376,0.030135370400027593,0,5.459892693845973,120
1,360,41.441950368000384,8.863327152111061,17.30440500996839,14050,17.30440500996839,2.394878664948451,0.41755768867794596,0,17.30440500996839,DC_Charging
1,360,20.298183907851676,2.2798578783902737,14.82266150557504,14053,14.82266150557504,1.3694021077265512,0.7302456994608955,0,14.82266150557504,DC_Charging
1,240,65.38417981151167,1.07263861237866,8.757068347994874,14054,8.757068347994874,7.466446213872801,0.13393252577671835,0,8.757068347994874,240
1,120,189.3848272210932,2.8962793158807845,6.346160666472869,14055,6.346160666472869,29.842425550557536,0.03350934052950389,0,6.346160666472869,120
1,120,172.88532293718677,8.366815223126196,3.2726670047765083,14057,3.2726670047765083,52.82704371842841,0.018929698306232413,0,3.2726670047765083,120
1,240,84.610716689939,3.5845143075731656,11.18171519817065,14059,11.18171519817065,7.566881752075162,0.1321548337564225,0,11.18171519817065,240
1,360,39.56598620317146,4.066503373758917,26.0799784069724,14067,26.0799784069724,1.5171019540642572,0.6591514810992358,0,26.0799784069724,DC_Charging
1,240,116.43093080663418,4.230665647437481,7.5617773286532355,14069,7.5617773286532355,15.397296924553942,0.06494646462297601,0,7.5617773286532355,240
1,360,21.648849574083066,2.05697721160507,6.916219590840669,14072,6.916219590840669,3.1301564806810367,0.31947284622091077,0,6.916219590840669,DC_Charging
1,240,89.74146073766185,1.1646464762185131,4.380302128106976,14075,4.380302128106976,20.48750476863686,0.048810238791541,0,4.380302128106976,240
1,240,48.50645884372152,1.4927081834630171,4.242069437912136,14076,4.242069437912136,11.434621604778695,0.08745370284768195,0,4.242069437912136,240
1,360,40.96969427375916,1.515461243798739,13.285081997838745,14077,13.285081997838745,3.0838871962118284,0.32426607601872587,0,13.285081997838745,DC_Charging
1,240,117.44639171509856,3.332181811806341,7.749820750294717,14079,7.749820750294717,15.154723638044429,0.06598602679164661,0,7.749820750294717,240
1,240,79.37714553281447,3.790734521417187,7.5182616344806945,14080,7.5182616344806945,10.557912106805425,0.09471569661537715,0,7.5182616344806945,240
1,240,126.95367462086077,2.408780029069302,5.509411988381771,14081,5.509411988381771,23.04305339455104,0.04339702655189215,0,5.509411988381771,240
1,240,88.4560005337107,1.2828921231602888,5.482807961806714,14083,5.482807961806714,16.1333391849388,0.061983448592808674,0,5.482807961806714,240
1,120,684.5962592114118,7.802003960674749,13.76414599187406,14087,13.76414599187406,49.737648788059715,0.02010549401442686,0,13.76414599187406,120
1,360,48.37661047897433,1.1823940393876544,9.769336987330306,14094,9.769336987330306,4.951882665293783,0.20194339559147703,0,9.769336987330306,DC_Charging
1,360,53.47934787246302,4.166709471664395,32.34117569233807,14101,32.34117569233807,1.6535993737893946,0.6047413997916534,0,32.34117569233807,DC_Charging
1,360,36.25355313156916,1.7822979349931949,17.3313837411431,14103,17.3313837411431,2.09178641896357,0.4780602794502682,0,17.3313837411431,DC_Charging
1,360,43.59252461266814,1.18372963698507,18.382530064384326,14104,18.382530064384326,2.3714104891974324,0.4216899623896134,0,18.382530064384326,DC_Charging
1,360,38.40618274182926,1.1334938911982526,10.27987616773612,14105,10.27987616773612,3.7360549986359652,0.26766201256809663,0,10.27987616773612,DC_Charging
1,240,74.84979652247522,1.170182144345935,5.334141830203862,14107,5.334141830203862,14.032209660914582,0.07126461363996059,0,5.334141830203862,240
1,360,46.33474264528635,1.7021268576926218,15.11251633032552,14112,15.11251633032552,3.0659846204638184,0.3261594964715515,0,15.11251633032552,DC_Charging
1,360,49.84707932426724,1.2854063187166582,13.987819657557694,14113,13.987819657557694,3.563606090484202,0.28061462872405346,0,13.987819657557694,DC_Charging
1,360,45.282564597635634,1.5686688879578126,31.13290324031084,14114,31.13290324031084,1.4544921894403935,0.68752517700679,0,31.13290324031084,DC_Charging
1,240,101.87002970049264,1.6006244341127536,5.35305192233281,14115,5.35305192233281,19.030271175867586,0.05254785865942398,0,5.35305192233281,240
1,240,50.69015425700439,1.085307241646236,7.909311681442972,14117,7.909311681442972,6.408921066536664,0.15603250369572627,0,7.909311681442972,240
1,360,60.05498451671251,1.2540458390545528,12.190827992100154,14118,12.190827992100154,4.926243283526687,0.20299444068139935,0,12.190827992100154,DC_Charging
1,240,141.77691244307147,3.210879470837886,6.904470519949456,14119,6.904470519949456,20.53407455842238,0.04869954071486674,0,6.904470519949456,240
1,120,650.2885526748113,14.931272483420797,8.369099205518594,14122,8.369099205518594,77.7011404340876,0.012869823974440645,0,8.369099205518594,120
1,120,279.5855500243677,4.017374726376128,5.4399750626824215,14128,5.4399750626824215,51.3946381744084,0.01945728261781874,0,5.4399750626824215,120
1,120,194.867395440675,3.987240305584435,7.126637040465624,14130,7.126637040465624,27.343527435759967,0.03657172624670935,0,7.126637040465624,120
1,360,62.98424817195719,1.950479328973476,18.626837463355287,14131,18.626837463355287,3.3813710081416968,0.2957380298086754,0,18.626837463355287,DC_Charging
1,240,70.98358398290453,5.076751932388992,8.971008020856516,14139,8.971008020856516,7.912553842096254,0.12638144649074165,0,8.971008020856516,240
1,360,69.41557903194409,1.1070302505121157,11.921132274810772,14144,11.921132274810772,5.82290150228586,0.17173568874682774,0,11.921132274810772,DC_Charging
1,120,299.69754134146666,3.3443557557296217,8.409908699804774,14145,8.409908699804774,35.636241966387075,0.028061320296994926,0,8.409908699804774,120
1,360,40.50845773350767,3.035445274714676,34.89598659366294,14151,34.89598659366294,1.1608342874840496,0.8614493996101407,0,34.89598659366294,DC_Charging
1,360,60.78612107718961,1.6703123734674712,15.117046092596825,14153,15.117046092596825,4.021031668809822,0.24869239597309317,0,15.117046092596825,DC_Charging
1,360,21.20264955903711,2.98441396429886,18.584912182039037,14156,18.584912182039037,1.1408528246653715,0.8765372521151572,0,18.584912182039037,DC_Charging
1,120,211.39860897837104,2.9476610797800995,5.708080367115514,14158,5.708080367115514,37.03497417384786,0.027001503911028707,0,5.708080367115514,120
1,360,55.215705282058025,5.870460390676026,14.272495232064143,14160,14.272495232064143,3.8686791891870556,0.2584861527921458,0,14.272495232064143,DC_Charging
1,360,38.5694831927288,2.909004123370087,31.4221918447774,14161,31.4221918447774,1.227459986981759,0.8146905077198746,0,31.4221918447774,DC_Charging
1,360,48.3132177094258,1.296772634662387,12.96933924863697,14164,12.96933924863697,3.7251872885122763,0.26844287885438606,0,12.96933924863697,DC_Charging
1,120,184.0617171321175,2.073463142233615,6.0223909120697385,14165,6.0223909120697385,30.562897662991507,0.03271941067325223,0,6.0223909120697385,120
1,240,93.64631709185784,1.6942356666664349,5.503982935071306,14173,5.503982935071306,17.014281874884595,0.05877415264150153,0,5.503982935071306,240
1,360,40.2864083891654,1.3111416677540462,16.148874312033925,14175,16.148874312033925,2.49468833621081,0.40085167573232944,0,16.148874312033925,DC_Charging
1,360,20.27310955068352,3.178334493623009,15.389423029465917,14181,15.389423029465917,1.3173404559655602,0.7591052073680059,0,15.389423029465917,DC_Charging
1,360,52.994178640546814,1.090637304526429,16.87623422733425,14182,16.87623422733425,3.1401661014346867,0.31845449180000945,0,16.87623422733425,DC_Charging
1,240,125.6954820219773,1.506961249912021,5.401621965216165,14183,5.401621965216165,23.269951661074295,0.04297387526046255,0,5.401621965216165,240
1,360,56.092460266362046,1.0261604675855212,11.769443526104098,14187,11.769443526104098,4.765939879991054,0.20982220195397788,0,11.769443526104098,DC_Charging
1,120,133.3037321337042,2.6197731023654813,4.422477212489667,14188,4.422477212489667,30.14232199031724,0.033175944451832036,0,4.422477212489667,120
1,360,33.34220682253467,1.5744957494696392,30.860534630210623,14194,30.860534630210623,1.0804157226069129,0.9255696479380368,0,30.860534630210623,DC_Charging
1,120,257.8013220858042,3.805826210724695,6.2085191768685775,14200,6.2085191768685775,41.52380217271597,0.024082573070754818,0,6.2085191768685775,120
1,240,72.71212070803635,1.5240299195239315,6.881713460597467,14201,6.881713460597467,10.565990741166884,0.09464327808880536,0,6.881713460597467,240
1,240,55.03714953269223,1.1369716577269664,5.85186701215406,14204,5.85186701215406,9.405058149541436,0.10632576472148206,0,5.85186701215406,240
1,240,58.53515012858806,1.3922642526784108,6.498948548671862,14207,6.498948548671862,9.006864678217896,0.11102642658975316,0,6.498948548671862,240
1,360,58.57744506670747,1.3888818482408098,17.362092864776542,14208,17.362092864776542,3.3738700468275247,0.2963955297982824,0,17.362092864776542,DC_Charging
1,240,149.65926522774677,3.127818825317588,6.944547258574104,14209,6.944547258574104,21.550615130881216,0.046402387770687704,0,6.944547258574104,240
1,360,57.44815587915932,1.15111870759453,9.601993913127188,14213,9.601993913127188,5.982940251672118,0.16714189979091285,0,9.601993913127188,DC_Charging
1,360,39.029932884613984,1.2796137981240687,22.415409056252383,14214,22.415409056252383,1.74120993226877,0.57431328725366,0,22.415409056252383,DC_Charging
1,360,43.533327142119376,2.5751549145904207,34.13257176910753,14223,34.13257176910753,1.2754189000642553,0.7840561245796344,0,34.13257176910753,DC_Charging
1,360,27.211656104289144,5.93378892010982,24.09092981727269,14225,24.09092981727269,1.1295394702772725,0.8853165615846307,0,24.09092981727269,DC_Charging
1,360,31.42732675532761,2.7593691151725914,11.186661298886008,14231,11.186661298886008,2.8093571366514163,0.35595332005098484,0,11.186661298886008,DC_Charging
1,360,40.22234643081936,1.5513298936739568,20.542235782301816,14232,20.542235782301816,1.958031582203577,0.510716992049023,0,20.542235782301816,DC_Charging
1,360,59.816606230338735,1.5627714074274517,12.875887921484576,14234,12.875887921484576,4.645629613669543,0.2152560757442969,0,12.875887921484576,DC_Charging
1,360,43.493455255744784,1.3991217820355537,7.507528429392977,14236,7.507528429392977,5.793312095291188,0.17261283071782055,0,7.507528429392977,DC_Charging
1,360,60.49810883709299,1.3017216894463235,14.940585206468924,14241,14.940585206468924,4.0492462645237435,0.246959541275916,0,14.940585206468924,DC_Charging
1,240,72.77168586473759,3.070688919859774,3.535276641748084,14242,3.535276641748084,20.584438854197916,0.0485803867223742,0,3.535276641748084,240
1,120,293.29750792677856,3.0311584713501856,7.692724096077143,14243,7.692724096077143,38.126612142029614,0.02622839911069965,0,7.692724096077143,120
1,120,318.99715216583724,5.555455541193759,7.234343795942422,14248,7.234343795942422,44.094828938701454,0.02267839617634423,0,7.234343795942422,120
1,360,94.37757131190374,3.219926101715951,18.334759391313558,14249,18.334759391313558,5.147467130472239,0.19427030317107785,0,18.334759391313558,DC_Charging
1,120,328.61602781887615,17.580023157867867,2.949430163581752,14251,2.949430163581752,111.4167854782528,0.008975308304826186,0,2.949430163581752,120
1,120,493.0182429205788,12.37378341822246,7.508277838592278,14254,7.508277838592278,65.66329237131886,0.015229208952013972,0,7.508277838592278,120
1,120,776.9040148651778,15.673175815911868,9.675918967253452,14259,9.675918967253452,80.29253009398704,0.01245445870032296,0,9.675918967253452,120
1,240,89.97948604532924,1.314970944409928,4.341699227574281,14263,4.341699227574281,20.724486273454048,0.048252100766468596,0,4.341699227574281,240
1,120,175.44052108520918,1.654704161513178,6.730482684179236,14267,6.730482684179236,26.066558569061034,0.038363330446962864,0,6.730482684179236,120
1,120,422.709473333315,4.663530997244232,9.63157892296168,14268,9.63157892296168,43.887868927240554,0.022785339649501975,0,9.63157892296168,120
1,240,116.82117818142696,3.776866777692754,4.919768503605681,14270,4.919768503605681,23.745259171403923,0.0421136696290216,0,4.919768503605681,240
1,360,37.39810497130662,1.6570657601130387,15.35719843389613,14273,15.35719843389613,2.435216627061496,0.41064108584322145,0,15.35719843389613,DC_Charging
1,240,98.54327157638984,1.3675804401987983,5.942495564655758,14274,5.942495564655758,16.58280944499087,0.06030341259828369,0,5.942495564655758,240
1,360,63.149015690605104,1.2560135737268532,13.981158242452835,14275,13.981158242452835,4.516722763272746,0.22139946426010343,0,13.981158242452835,DC_Charging
1,120,257.4128396045433,3.938324748008196,7.906297391108026,14276,7.906297391108026,32.55795056407159,0.0307144639842141,0,7.906297391108026,120
1,240,96.66902082903148,2.959460619630053,9.37056802561527,14279,9.37056802561527,10.316239161252362,0.09693454992357921,0,9.37056802561527,240
1,360,52.76679049327058,1.9357227718162688,14.502963541154756,14281,14.502963541154756,3.6383453866884077,0.27485021176348295,0,14.502963541154756,DC_Charging
1,360,36.4719292912482,2.007417981927229,36.98920306206499,14282,36.98920306206499,0.986015547024659,1.014182791556928,0,36.98920306206499,DC_Charging
1,240,44.34667464942876,2.971809966402361,1.947661579805356,14284,1.947661579805356,22.769189015814877,0.043918999456038,0,1.947661579805356,240
1,360,42.033958165241785,1.2148013887646645,19.3880456941572,14285,19.3880456941572,2.168034820441401,0.4612472044136288,0,19.3880456941572,DC_Charging
1,360,29.40637107156174,1.9028312154780125,23.04750240878424,14286,23.04750240878424,1.2759027225593826,0.7837588103849025,0,23.04750240878424,DC_Charging
1,120,379.2321447922178,6.161683713318233,7.777423989135514,14294,7.777423989135514,48.76063659663882,0.020508345866611023,0,7.777423989135514,120
1,360,34.33680521870751,2.342899529067977,23.600558071096856,14295,23.600558071096856,1.4549149691828316,0.6873253909550883,0,23.600558071096856,DC_Charging
1,120,258.0917353164765,2.569233659577511,7.573301576784658,14301,7.573301576784658,34.07915724730094,0.029343448628830156,0,7.573301576784658,120
1,120,358.2712102713882,3.670052430282341,9.137535071709294,14302,9.137535071709294,39.20873708935258,0.025504519508524472,0,9.137535071709294,120
1,360,44.72730703133429,7.0850888420935565,28.1205280622016,14309,28.1205280622016,1.5905571521416344,0.6287105110643348,0,28.1205280622016,DC_Charging
1,360,48.28387635445815,1.1780337112345405,13.619335154263156,14312,13.619335154263156,3.5452447426807185,0.28206797346347806,0,13.619335154263156,DC_Charging
1,360,38.600317353475496,11.437552748594737,23.555476944374675,14319,23.555476944374675,1.63869818660979,0.6102404995448512,0,23.555476944374675,DC_Charging
1,240,52.82059768482404,1.540558644221064,5.488386896957039,14322,5.488386896957039,9.624065991796186,0.10390618693309324,0,5.488386896957039,240
1,240,74.41581655670683,1.1190316973564571,4.881165603072972,14326,4.881165603072972,15.245501301954974,0.0655931202388056,0,4.881165603072972,240
1,120,782.7824634114083,16.07328028098074,8.752030652821816,14334,8.752030652821816,89.4400961860234,0.011180667761359895,0,8.752030652821816,120
1,240,75.69063592340531,3.190124523679944,9.9238401839188,14340,9.9238401839188,7.627151840479964,0.1311105404631713,0,9.9238401839188,240
1,360,40.83227525113247,1.773092455350247,36.69555123070474,14346,36.69555123070474,1.1127309409911892,0.898689847798452,0,36.69555123070474,DC_Charging
1,120,163.52494535678514,2.5141069744085427,5.081657544191685,14347,5.081657544191685,32.179450097674035,0.031075733021064925,0,5.081657544191685,120
1,120,326.5598680244414,6.287709603700967,3.786037286601882,14349,3.786037286601882,86.2537379597605,0.011593700443063983,0,3.786037286601882,120
1,120,220.4081845544176,5.40464184698367,5.046360370904779,14351,5.046360370904779,43.676663645585,0.02289552169356424,0,5.046360370904779,120
1,360,42.59529358364357,0.9272068446421768,11.534062423373657,14354,11.534062423373657,3.6930000913923138,0.27078255490185643,0,11.534062423373657,DC_Charging
1,120,269.3827887611956,3.744670845103151,6.372406641986046,14360,6.372406641986046,42.27332056719451,0.023655581974225914,0,6.372406641986046,120
1,240,103.96158296396482,1.7741589610266644,5.152460059987533,14361,5.152460059987533,20.177076921236022,0.04956119282806111,0,5.152460059987533,240
1,120,198.0037289064101,2.143785243896916,4.672646656752903,14364,4.672646656752903,42.37506994462236,0.02359878110659982,0,4.672646656752903,120
1,360,24.368910839153013,2.1684458982694528,9.912066132720952,14366,9.912066132720952,2.458509710574694,0.40675047802281933,0,9.912066132720952,DC_Charging
1,360,33.5709590854366,1.6881545062449737,32.7535089605604,14367,32.7535089605604,1.0249576350998153,0.975650081286155,0,32.7535089605604,DC_Charging
1,240,141.8759670925487,2.9572546998640687,6.83143643009349,14369,6.83143643009349,20.76810178128337,0.04815076556015437,0,6.83143643009349,240
1,360,45.85723599278775,1.6542799190801378,11.341714062220646,14371,11.341714062220646,4.043236828332556,0.2473265956108743,0,11.341714062220646,DC_Charging
1,120,146.40627229955388,2.3606268399001324,5.294289914339004,14373,5.294289914339004,27.65361826956785,0.03616163318130692,0,5.294289914339004,120
1,240,63.89577891256247,1.4316922948057609,6.559675674121593,14375,6.559675674121593,9.740691779112808,0.10266211298712101,0,6.559675674121593,240
1,120,133.19174963910586,9.71832939634026,0.5551676930530505,14379,0.5551676930530505,239.9126449643358,0.004168183799351863,0,0.5551676930530505,120
1,360,30.79222797944669,2.1967569043032813,8.919506955327023,14381,8.919506955327023,3.4522343144826584,0.28966747587347846,0,8.919506955327023,DC_Charging
1,240,89.95324060776545,1.3469987826025458,6.446648113329786,14382,6.446648113329786,13.953490096934004,0.07166665780769284,0,6.446648113329786,240
1,120,123.91177766652784,1.8902985410291604,4.8916823121697774,14383,4.8916823121697774,25.331117141081254,0.0394771377207928,0,4.8916823121697774,120
1,240,55.1856690002622,1.1328523323839876,8.392314237159042,14386,8.392314237159042,6.5757391156677665,0.15207415963588605,0,8.392314237159042,240
1,240,83.55286156809404,2.8055442673936897,7.399430315778773,14389,7.399430315778773,11.291796530595517,0.08855986709382027,0,7.399430315778773,240
1,360,62.35949792283773,4.09815196492806,30.615228018973937,14391,30.615228018973937,2.0368784411532106,0.4909473141823006,0,30.615228018973937,DC_Charging
1,240,78.61826337527147,1.353559395088744,5.073072645475293,14396,5.073072645475293,15.497168850004863,0.06452791536821167,0,5.073072645475293,240
1,120,675.4554638012693,11.296624660335771,9.631745458339296,14399,9.631745458339296,70.12804342918456,0.014259630685544537,0,9.631745458339296,120
1,240,77.83624640501462,5.044122423680608,4.378137168197895,14400,4.378137168197895,17.778393735674832,0.05624805113823979,0,4.378137168197895,240
1,360,44.69300559016973,1.2227838914145672,14.273186353881286,14402,14.273186353881286,3.1312563629505497,0.3193606284787588,0,14.273186353881286,DC_Charging
1,240,60.45407474347237,1.0479665110330436,8.03584526135991,14404,8.03584526135991,7.523051126203704,0.1329247911817159,0,8.03584526135991,240
1,360,29.736408000455693,1.5656609756471769,10.67809556270501,14405,10.67809556270501,2.784804446245541,0.3590916415507002,0,10.67809556270501,DC_Charging
1,120,369.6252410003035,19.429800470840625,2.057883019484251,14411,2.057883019484251,179.61431116378006,0.005567485093591218,0,2.057883019484251,120
1,360,46.13225788111736,2.609626153213596,32.43680030616842,14412,32.43680030616842,1.4222197456493424,0.7031262243820349,0,32.43680030616842,DC_Charging
1,360,43.104141803779285,1.2352499092586429,17.492431778072117,14414,17.492431778072117,2.464159491981732,0.40581788770327437,0,17.492431778072117,DC_Charging
1,120,404.870253076798,7.583514704977251,7.210754059702324,14419,7.210754059702324,56.14811567897408,0.017810036684356132,0,7.210754059702324,120
1,360,39.01610788528086,2.127190831185037,34.80093652688538,14422,34.80093652688538,1.1211223541394946,0.8919633047255929,0,34.80093652688538,DC_Charging
1,360,42.494337996758006,1.5502019265574682,28.462699975831924,14423,28.462699975831924,1.4929833793997245,0.6697998208138555,0,28.462699975831924,DC_Charging
1,240,93.82810847936544,1.3418921998583129,5.171370152116467,14426,5.171370152116467,18.14376185022547,0.05511536186678801,0,5.171370152116467,240
1,120,563.9475490736547,27.057136302052072,0.3586226403839703,14433,0.3586226403839703,1572.5374964331506,0.0006359148842353283,0,0.3586226403839703,120
1,240,55.05855622048944,1.6309284462132956,8.334318291902306,14434,8.334318291902306,6.606245921035293,0.1513719004640514,0,8.334318291902306,240
1,360,38.01032079948815,1.819375033011011,33.83133425129661,14435,33.83133425129661,1.1235241423572107,0.8900565304292877,0,33.83133425129661,DC_Charging
1,360,42.42953331238397,1.812407876873226,28.703335269726335,14436,28.703335269726335,1.4782091667630965,0.6764942489091355,0,28.703335269726335,DC_Charging
1,120,450.7903413404901,5.882951679914515,10.356757224815157,14438,10.356757224815157,43.52620531264173,0.02297466532671895,0,10.356757224815157,120
1,240,54.9341201959067,5.895482769397863,7.072313200285436,14440,7.072313200285436,7.767489736411784,0.12874172144860188,0,7.072313200285436,240
1,240,51.34046972430556,1.3620827231898156,8.21162335243956,14445,8.21162335243956,6.2521705539566685,0.15994445310951297,0,8.21162335243956,240
1,360,29.231183327352635,3.024501264021928,30.398923543750044,14455,30.398923543750044,0.9615861326564146,1.0399484414749887,0,30.398923543750044,DC_Charging
1,360,38.57954676272208,1.5145049812784372,27.30132388614294,14456,27.30132388614294,1.413101684138604,0.7076631577362943,0,27.30132388614294,DC_Charging
1,240,78.01030902959715,1.400836978871001,7.30987591646273,14457,7.30987591646273,10.671906051634673,0.09370397332600437,0,7.30987591646273,240
1,120,401.8126926923695,4.277598589276417,10.061514980598616,14461,10.061514980598616,39.935605469670875,0.02504031147742209,0,10.061514980598616,120
1,120,138.83055505859812,2.613194086668717,4.65933215331205,14462,4.65933215331205,29.796234844496222,0.03356128736462533,0,4.65933215331205,120
1,360,31.366482050815744,2.0475361004239714,26.100104207357973,14463,26.100104207357973,1.2017761232529143,0.8321017372963313,0,26.100104207357973,DC_Charging
1,360,50.71792559210096,1.8878032770051911,23.481468622559618,14465,23.481468622559618,2.1599128405185932,0.4629816450185559,0,23.481468622559618,DC_Charging
1,240,112.02500647128888,3.3469269219904696,6.214414529236393,14469,6.214414529236393,18.026638864249396,0.055473458337439135,0,6.214414529236393,240
1,120,376.57224433541614,4.734927705518744,7.401561968612327,14472,7.401561968612327,50.87740208517329,0.019655091632350078,0,7.401561968612327,120
1,360,48.78839323171769,2.1201301620825594,30.375059024136878,14473,30.375059024136878,1.606199125175331,0.6225878126355231,0,30.375059024136878,DC_Charging
1,360,35.31220672085954,2.15104033543446,37.09280472048341,14476,37.09280472048341,0.9519961347479183,1.0504244329361618,0,37.09280472048341,DC_Charging
1,240,64.96095098884172,1.380974455345034,7.394459234756766,14478,7.394459234756766,8.785084740679965,0.11382929471009293,0,7.394459234756766,240
1,120,452.37330376413325,7.061271389368756,10.715990687882822,14483,10.715990687882822,42.21479067499166,0.023688379925863447,0,10.715990687882822,120
1,120,311.52782858996216,3.3770388010505603,9.136469245292515,14485,9.136469245292515,34.09717914285916,0.02932793929404644,0,9.136469245292515,120
1,360,39.24309157778937,1.1693224766676935,15.188847820658395,14487,15.188847820658395,2.5836779748635528,0.3870451386468978,0,15.188847820658395,DC_Charging
1,360,62.61745181996937,1.2920044420531005,11.087714304272112,14488,11.087714304272112,5.647462597033437,0.17707067250437236,0,11.087714304272112,DC_Charging
1,120,176.4423628985858,2.1645622044646258,4.108491411521797,14493,4.108491411521797,42.94577868746987,0.023285175646186762,0,4.108491411521797,120
1,360,43.067347450500925,1.568424627163032,26.450011689278824,14497,26.450011689278824,1.6282543825096958,0.614154649753596,0,26.450011689278824,DC_Charging
1,360,46.73959819091704,1.875955659868305,25.488144981980582,14498,25.488144981980582,1.8337779475109175,0.5453222956232799,0,25.488144981980582,DC_Charging
1,240,97.3497182031118,3.815420535237776,13.04104105547198,14500,13.04104105547198,7.4648732251528465,0.13396074787050716,0,13.04104105547198,240
1,120,647.8958276838454,7.641036273021649,13.43812800987304,14503,13.43812800987304,48.21325017947694,0.020741186214939575,0,13.43812800987304,120
1,240,60.38831039824037,1.01907646426869,6.372739712741293,14505,6.372739712741293,9.47603591552679,0.10552935941931876,0,6.372739712741293,240
1,360,58.95950039402308,6.587992236945265,28.402772220194777,14509,28.402772220194777,2.075836116873903,0.48173359730629706,0,28.402772220194777,DC_Charging
1,360,41.48441811861146,1.55098014461957,27.88317351524634,14512,27.88317351524634,1.4877939950389092,0.6721360640885284,0,27.88317351524634,DC_Charging
1,360,49.07267713422819,1.5019353243011762,13.32771505450988,14513,13.32771505450988,3.6820022737222913,0.27159135863027534,0,13.32771505450988,DC_Charging
1,360,53.14266869322458,2.9190212814579835,33.21994124620312,14515,33.21994124620312,1.599721935068098,0.6251086379942845,0,33.21994124620312,DC_Charging
1,360,86.45034610918016,3.933884026882611,20.32280876874753,14519,20.32280876874753,4.253858169552022,0.2350807102967683,0,20.32280876874753,DC_Charging
1,240,92.0548684718155,4.848523591995782,6.153637443173366,14520,6.153637443173366,14.959423482762704,0.06684749590465636,0,6.153637443173366,240
1,240,91.8064817683713,1.5566594282323154,5.16302672969762,14528,5.16302672969762,17.781523624563548,0.0562381504034104,0,5.16302672969762,240
1,360,37.718918493065694,1.5262796900021731,6.465499918076546,14536,6.465499918076546,5.833875024514251,0.17141265381893633,0,6.465499918076546,DC_Charging
1,120,68.10317478673944,4.483713843182667,1.3822822995487345,14538,1.3822822995487345,49.26864419009972,0.020296884893799143,0,1.3822822995487345,120
1,240,95.03401610736672,2.859088980883124,10.594844527431944,14539,10.594844527431944,8.969835834901277,0.1114847605247177,0,10.594844527431944,240
1,120,404.0088085438831,5.005880023803337,8.421141511025354,14543,8.421141511025354,47.97553965990665,0.020843955213195944,0,8.421141511025354,120
1,360,34.28432905102602,1.9937365597030683,35.166398413076095,14547,35.166398413076095,0.974917267566357,1.0257280625424308,0,35.166398413076095,DC_Charging
1,120,434.7177206796092,4.715103661433051,7.801380103206384,14555,7.801380103206384,55.723181658709244,0.017945852520137015,0,7.801380103206384,120
1,240,79.94983142274322,1.262081438048815,4.839015498996943,14556,4.839015498996943,16.521920923649787,0.06052564980919266,0,4.839015498996943,240
1,120,243.61824056250177,4.153542987121516,4.178511211042832,14559,4.178511211042832,58.30264136151543,0.017151881572557412,0,4.178511211042832,120
1,360,67.28256547791864,4.09965662551249,17.732625753215828,14560,17.732625753215828,3.7942810283308934,0.26355454235816067,0,17.732625753215828,DC_Charging
1,360,21.61496177984004,2.2526274666151136,12.909511414226388,14567,12.909511414226388,1.674343907083902,0.5972488661195275,0,12.909511414226388,DC_Charging
1,360,50.777292198279866,1.429292216765626,11.55925922600781,14571,11.55925922600781,4.392780817998549,0.22764623172244292,0,11.55925922600781,DC_Charging
1,360,39.46829934618143,1.54948587436455,8.291285550324872,14573,8.291285550324872,4.760214698507757,0.21007455825752613,0,8.291285550324872,DC_Charging
1,120,316.1636450152821,4.37355240084392,8.297946965429745,14575,8.297946965429745,38.101429947968846,0.026245734119837386,0,8.297946965429745,120
1,120,957.8625491150676,19.52504633115,8.759616339272483,14576,8.759616339272483,109.34982903539145,0.009144961714355734,0,8.759616339272483,120
1,240,81.60408083762862,3.205284190396813,7.053602950609644,14579,7.053602950609644,11.56913444221801,0.08643688989824568,0,7.053602950609644,240
1,120,415.7524983497472,22.556710582603007,2.9505626041495816,14580,2.9505626041495816,140.90617761000752,0.00709692092257123,0,2.9505626041495816,120
1,240,77.57374055331532,1.2614447221846987,6.297815446349304,14586,6.297815446349304,12.317563322418886,0.08118488810038632,0,6.297815446349304,240
1,360,39.82679334484632,1.3922947192375292,22.288159374211677,14587,22.288159374211677,1.7869036503268894,0.5596272635164542,0,22.288159374211677,DC_Charging
1,360,35.96133088502669,1.202417084697646,20.63926762007307,14607,20.63926762007307,1.7423743684612087,0.5739294712439771,0,20.63926762007307,DC_Charging
1,240,59.6423781469876,3.361228241833684,9.2355994288218,14609,9.2355994288218,6.457878409154464,0.15484961726477148,0,9.2355994288218,240
1,120,186.43235153904263,2.4186802519245134,5.767966488908272,14611,5.767966488908272,32.32202404392427,0.03093865652228468,0,5.767966488908272,120
1,240,78.08530229725632,1.5035090189386375,5.656362805595123,14613,5.656362805595123,13.804861000078784,0.0724382520037176,0,5.656362805595123,240
1,120,343.3644194478887,5.070749139706303,6.468805645322334,14619,6.468805645322334,53.080033359199675,0.01883947572588861,0,6.468805645322334,120
1,120,343.7747277791606,10.92908947528616,6.189034537686851,14624,6.189034537686851,55.545776273474516,0.018003169045232026,0,6.189034537686851,120
1,240,93.54699770835082,2.4762275316315194,7.918271284759015,14629,7.918271284759015,11.814068291447509,0.08464484674800164,0,7.918271284759015,240
1,240,147.7463706657631,2.788251237109429,8.254722708168046,14630,8.254722708168046,17.898405057212653,0.05587090004966797,0,8.254722708168046,240
1,120,299.4495443853441,7.278711045688537,6.561199472826829,14631,6.561199472826829,45.63945138773981,0.02191086811066777,0,6.561199472826829,120
1,120,314.8628596524957,4.633838605720671,8.135391783333247,14632,8.135391783333247,38.702851446877645,0.025837889525338192,0,8.135391783333247,120
1,240,76.83355155976425,1.1171165307066817,4.52124934495707,14635,4.52124934495707,16.9938761827996,0.05884472672645178,0,4.52124934495707,240
1,360,59.06082734392264,1.2221076394665085,10.623830009906996,14636,10.623830009906996,5.559278272416529,0.17987946474305846,0,10.623830009906996,DC_Charging
1,360,51.91384318733943,2.6792191707453954,34.09269487293602,14637,34.09269487293602,1.5227263019489392,0.6567168365845515,0,34.09269487293602,DC_Charging
1,240,66.70871769974806,1.32129257931969,8.598801451872134,14641,8.598801451872134,7.757908828703588,0.12890071565420916,0,8.598801451872134,240
1,240,36.32832946439837,1.9850609868600448,5.6404087164189605,14642,5.6404087164189605,6.440726424425297,0.1552619897357664,0,5.6404087164189605,240
1,360,77.57040196305084,4.823255367513661,29.086449905944946,14650,29.086449905944946,2.6668913605436706,0.3749684050857402,0,29.086449905944946,DC_Charging
1,120,279.05702324135143,3.1700972517952763,8.542795604377972,14653,8.542795604377972,32.66577314554285,0.030613082248030218,0,8.542795604377972,120
1,120,571.8937468818461,5.7241821633071615,13.003070989374237,14658,13.003070989374237,43.9814369504852,0.02273686512620794,0,13.003070989374237,120
1,120,594.4230834546809,21.694671091539323,3.956486245597645,14659,3.956486245597645,150.24014910100885,0.006656010433853364,0,3.956486245597645,120
1,120,102.2130955881996,5.03816682774846,1.1528714901060368,14664,1.1528714901060368,88.6595743457915,0.01127909768774418,0,1.1528714901060368,120
1,240,59.80114870448861,1.0410427653393202,6.729416857762459,14665,6.729416857762459,8.886527609819163,0.11252989287908706,0,6.729416857762459,240
1,120,94.87778626117932,1.7265554026725702,2.707654102350645,14666,2.707654102350645,35.04058593703359,0.028538335568844553,0,2.707654102350645,120
1,360,69.27379189782599,1.7499561855772918,12.928180030057774,14668,12.928180030057774,5.358356066883794,0.18662440261861135,0,12.928180030057774,DC_Charging
1,120,160.39247994937415,3.3895498143042007,5.557149354377017,14669,5.557149354377017,28.86236624593202,0.03464719390915996,0,5.557149354377017,120
1,240,107.877153692644,3.081550864560909,10.224245024841608,14670,10.224245024841608,10.55111193350095,0.09477674071724035,0,10.224245024841608,240
1,240,88.92465330365765,1.587444037094902,8.747351008710652,14671,8.747351008710652,10.16589516244473,0.09836812046756505,0,8.747351008710652,240
1,120,241.06183640389924,2.238592949298282,6.911823056871455,14683,6.911823056871455,34.87673721106695,0.028672406881073833,0,6.911823056871455,120
1,240,112.63832903478936,1.3053441281040297,5.385509667431265,14684,5.385509667431265,20.91507322249681,0.04781240731800897,0,5.385509667431265,240
1,120,298.0905469508976,3.266439908232913,8.278487306554652,14685,8.278487306554652,36.00785214889182,0.027771720342135875,0,8.278487306554652,120
1,120,131.11760263809194,6.270179180805773,3.1186384340142297,14690,3.1186384340142297,42.043220274599385,0.023785047707303116,0,3.1186384340142297,120
1,240,76.77699407579026,1.588418262557574,6.798262582871246,14696,6.798262582871246,11.293619971260878,0.08854556843108959,0,6.798262582871246,240
1,360,41.11522077604796,1.937462887831573,34.01038476254652,14697,34.01038476254652,1.2089019593017232,0.8271969387638451,0,34.01038476254652,DC_Charging
1,240,76.46619632482465,1.6445885594568013,8.081850659427886,14698,8.081850659427886,9.461471084673283,0.105691809555906,0,8.081850659427886,240
1,360,69.21046163492338,5.485915355845401,31.08903782184529,14709,31.08903782184529,2.2262014679107036,0.4491956430782982,0,31.08903782184529,DC_Charging
1,120,227.28482746739215,2.881870218383348,6.254316405714533,14711,6.254316405714533,36.340474757516795,0.027517527128430166,0,6.254316405714533,120
1,360,38.28657811329008,1.5347437580041503,11.035880167987372,14712,11.035880167987372,3.469281790894297,0.2882440978489165,0,11.035880167987372,DC_Charging
1,360,19.649412722390903,3.273657136705657,21.13814932404537,14715,21.13814932404537,0.929571100154876,1.0757649413082977,0,21.13814932404537,DC_Charging
1,360,36.539061428967415,2.4120373092857847,31.70533529380974,14717,31.70533529380974,1.152457814760957,0.867710719812699,0,31.70533529380974,DC_Charging
1,360,95.87414955088404,2.835815699647776,16.76889384968821,14720,16.76889384968821,5.71738066984464,0.17490526829433126,0,16.76889384968821,DC_Charging
1,240,97.83121057350324,2.099985426643373,7.93653188891524,14721,7.93653188891524,12.326695330253974,0.08112474375396089,0,7.93653188891524,240
1,120,722.8081455596878,9.47784363717393,11.008884783274894,14723,11.008884783274894,65.65679992017036,0.015230714887351537,0,11.008884783274894,120
1,360,42.469261801159085,1.7128246704105303,10.548672593986351,14724,10.548672593986351,4.026029002489868,0.2483837049811507,0,10.548672593986351,DC_Charging
1,120,810.8475650363653,13.83174880563941,11.219460441508602,14727,11.219460441508602,72.27152938981585,0.013836707323657594,0,11.219460441508602,120
1,120,150.65519464779155,1.9191348750736812,3.317723151192041,14732,3.317723151192041,45.40921221641471,0.0220219631918326,0,3.317723151192041,120
1,120,110.28977785818198,1.738179011351662,3.421233215152782,14733,3.421233215152782,32.23684879759265,0.031020401723467372,0,3.421233215152782,120
1,360,33.941480098149015,1.8593297239536395,12.295995083068236,14735,12.295995083068236,2.760368711019324,0.36227044452722007,0,12.295995083068236,DC_Charging
1,360,52.23899908255925,1.1231945211971366,13.42156606656856,14742,13.42156606656856,3.89216868012743,0.2569261720607803,0,13.42156606656856,DC_Charging
1,120,780.9043813743411,9.168891594841345,13.192213544508022,14744,13.192213544508022,59.19434056610122,0.01689350688658012,0,13.192213544508022,120
1,360,61.03952301975358,1.4399587704416643,18.9430465116144,14745,18.9430465116144,3.2222653828321066,0.31034067067470467,0,18.9430465116144,DC_Charging
1,240,92.3361704396294,2.420216435711731,3.741247596790544,14746,3.741247596790544,24.68058262672608,0.04051768206302882,0,3.741247596790544,240
1,120,263.75169004345923,3.2531011907720133,6.401217262314589,14748,6.401217262314589,41.20336480316408,0.02426986254101287,0,6.401217262314589,120
1,240,48.315622376863,1.8200676629359367,6.139898274519581,14751,6.139898274519581,7.869124245489796,0.12707894408620526,0,6.139898274519581,240
1,240,26.69568028808766,1.7906397845441426,3.630884602040666,14754,3.630884602040666,7.352390178713994,0.13601019201825193,0,3.630884602040666,240
1,120,115.51118595738257,1.891859732049874,3.015619649417488,14762,3.015619649417488,38.30429543052463,0.026106732646049447,0,3.015619649417488,120
1,360,35.0226906443993,1.6660319099649938,10.560696448250638,14763,10.560696448250638,3.3163239579905497,0.30153869545541234,0,10.560696448250638,DC_Charging
1,240,58.46193646190687,1.1539195177460726,6.154503427137001,14765,6.154503427137001,9.499050110871844,0.10527368403452057,0,6.154503427137001,240
1,120,797.4596121715169,23.329980734618196,5.554468134797304,14769,5.554468134797304,143.5708321334385,0.0069652030648577265,0,5.554468134797304,120
1,120,269.6275794940686,7.588628155905332,4.734148171708583,14770,4.734148171708583,56.95376860094313,0.017558100623800345,0,4.734148171708583,120
1,360,33.18833384458465,2.226795522735665,30.993921140916683,14772,30.993921140916683,1.0708013901723137,0.9338799978949222,0,30.993921140916683,DC_Charging
1,240,62.015505466026525,4.917532637793268,3.7704995358697886,14779,3.7704995358697886,16.447556849180366,0.0607993034570258,0,3.7704995358697886,240
1,120,138.56896842228002,3.675668491382234,4.599379417368269,14781,4.599379417368269,30.127753300589447,0.033191987136340334,0,4.599379417368269,120
1,360,29.612742278362404,1.7085575910611916,30.95985632942417,14785,30.95985632942417,0.9564883623254584,1.0454910267478363,0,30.95985632942417,DC_Charging
1,360,36.26820174788384,3.221594894283608,25.845288426059085,14788,25.845288426059085,1.403280982978531,0.7126156572559347,0,25.845288426059085,DC_Charging
1,360,64.19208247539744,3.439934458794686,19.349342872397926,14790,19.349342872397926,3.317532946659818,0.3014288075139772,0,19.349342872397926,DC_Charging
1,360,17.640145781412276,2.216441295317409,13.357641461868496,14794,13.357641461868496,1.3206033289461216,0.7572296525997916,0,13.357641461868496,DC_Charging
1,240,58.15541122403305,1.1982679972246613,7.302531706309608,14795,7.302531706309608,7.9637327933523405,0.12556925576844336,0,7.302531706309608,240
1,240,59.68947874311988,1.0730600370952497,7.992129724734227,14803,7.992129724734227,7.4685322684880235,0.13389511674459784,0,7.992129724734227,240
1,120,95.29143318271572,1.573062588440134,3.50541684854052,14808,3.50541684854052,27.184051797545933,0.03678627481464246,0,3.50541684854052,120
1,120,202.80144489838852,2.812437282367378,6.245889715606879,14816,6.245889715606879,32.46958466007487,0.030798053331110704,0,6.245889715606879,120
1,360,45.52367111526078,1.7061179769371146,29.976431617492807,14817,29.976431617492807,1.5186487736817664,0.6584801023976269,0,29.976431617492807,DC_Charging
1,240,90.6187378363024,1.640679858418478,6.407095961144634,14818,6.407095961144634,14.143496271298748,0.07070387553530803,0,6.407095961144634,240
1,120,191.24399548247695,2.946094253326486,5.790990004864455,14820,5.790990004864455,33.024404345687216,0.03028063699597337,0,5.790990004864455,120
1,240,107.62645792016224,2.087889322137031,4.850056794533259,14821,4.850056794533259,22.19076239302463,0.045063796470297776,0,4.850056794533259,240
1,360,38.96683058712592,1.8547257513812183,11.084824915470378,14824,11.084824915470378,3.515331174310423,0.28446821946901285,0,11.084824915470378,DC_Charging
1,120,490.6455494711998,6.366621161748281,10.017557967675389,14828,10.017557967675389,48.97855855233507,0.02041709739030947,0,10.017557967675389,120
1,360,104.55641091399572,6.260374936417148,29.9654735896453,14829,29.9654735896453,3.489229382649425,0.2865962338195962,0,29.9654735896453,DC_Charging
1,360,38.42804168359401,4.7786347142367065,8.30853861544648,14830,8.30853861544648,4.625126446683667,0.21621030506463784,0,8.30853861544648,DC_Charging
1,360,55.12949758674831,1.1341947101116117,10.58853283662009,14833,10.58853283662009,5.206528462194949,0.19206655783428175,0,10.58853283662009,DC_Charging
1,120,123.604803851548,6.072763626439651,3.4572464905634632,14836,3.4572464905634632,35.752383924295444,0.027970162832147608,0,3.4572464905634632,120
1,360,33.51564438065799,2.506944339192022,20.52985387697565,14841,20.52985387697565,1.6325320473053135,0.6125454024933953,0,20.52985387697565,DC_Charging
1,360,53.4765387502581,1.3767627617346705,9.22563228647114,14843,9.22563228647114,5.7965174732444495,0.17251737868742698,0,9.22563228647114,DC_Charging
1,240,98.81877881044072,1.984225886147104,6.5142698034130575,14848,6.5142698034130575,15.169586429881374,0.06592137528747513,0,6.5142698034130575,240
1,240,98.77456087374388,3.3086848743277555,4.834377488730169,14850,4.834377488730169,20.431702138280617,0.048943548277674366,0,4.834377488730169,240
1,240,67.82126981363547,2.368392466437005,3.9366768624295503,14851,3.9366768624295503,17.228051014524734,0.05804487107432603,0,3.9366768624295503,240
1,120,80.5931277613936,1.5152618903598842,3.1690570195891894,14856,3.1690570195891894,25.43126465166633,0.03932167800921678,0,3.1690570195891894,120
1,360,60.197973984549215,4.036891639368744,26.817372078774422,14860,26.817372078774422,2.2447379932575524,0.44548628971562293,0,26.817372078774422,DC_Charging
1,360,32.77899620475526,1.6342334515021535,6.03316575100186,14864,6.03316575100186,5.433133707508702,0.18405584214096912,0,6.03316575100186,DC_Charging
1,120,538.4402488146798,8.381241226922334,7.266410182903471,14868,7.266410182903471,74.0998973718179,0.013495295344097543,0,7.266410182903471,120
1,240,75.40336273247517,1.6197635969937592,5.859602580444573,14882,5.859602580444573,12.868340761559677,0.07771009631538521,0,5.859602580444573,240
1,120,147.1086852177995,13.30815932599681,0.0724149404034051,14883,0.0724149404034051,2031.4687051911478,0.0004922546911230447,0,0.0724149404034051,120
1,360,37.1946201008029,1.8850234236197472,32.402335809769625,14884,32.402335809769625,1.147899346490581,0.8711565200008635,0,32.402335809769625,DC_Charging
1,240,93.82134305415988,1.462776990470298,4.4591233223353015,14887,4.4591233223353015,21.04031135093712,0.047527813791380075,0,4.4591233223353015,240
1,360,54.16328088468516,1.6655678672870944,15.456395231576463,14888,15.456395231576463,3.504263450382849,0.28536667238610375,0,15.456395231576463,DC_Charging
1,120,482.9553200549167,4.870815955691889,10.635737289406949,14894,10.635737289406949,45.408729730089675,0.022022197184198247,0,10.635737289406949,120
1,360,54.839290260321405,1.2139239342513306,9.105501991823772,14896,9.105501991823772,6.022654248998463,0.1660397490303042,0,9.105501991823772,DC_Charging
1,240,69.03619310609547,1.6282204445973327,9.05309330848624,14898,9.05309330848624,7.625702149936081,0.1311354653431333,0,9.05309330848624,240
1,360,95.10573696826884,3.806085088423561,21.411958465162,14899,21.411958465162,4.441711257894002,0.22513845271296204,0,21.411958465162,DC_Charging
1,240,132.48133587018236,2.3602353534208267,6.890248398700564,14901,6.890248398700564,19.227367172302106,0.052009200793780304,0,6.890248398700564,240
1,360,47.24963771418678,1.2425695441136255,8.013038241394625,14906,8.013038241394625,5.89659456136119,0.16958941124301355,0,8.013038241394625,DC_Charging
1,360,80.54017360171389,4.275207404653829,25.66988503957909,14909,25.66988503957909,3.1375354224428,0.3187215012289573,0,25.66988503957909,DC_Charging
1,240,96.64807007206332,3.542464820557059,6.171573303343223,14910,6.171573303343223,15.660199647909518,0.06385614631250823,0,6.171573303343223,240
1,360,37.77073282567273,1.0965033499076422,15.681601022734228,14914,15.681601022734228,2.408601823941001,0.4151786277251009,0,15.681601022734228,DC_Charging
1,120,386.3963771062137,3.9932589479221567,8.811059117419802,14918,8.811059117419802,43.853567653665294,0.02280316182932997,0,8.811059117419802,120
1,120,757.326462724427,14.901389191607732,8.11575726231166,14919,8.11575726231166,93.31556356932157,0.010716325999115116,0,8.11575726231166,120
1,240,148.6108302251283,1.8565481094954135,8.530705135962634,14921,8.530705135962634,17.420697100247217,0.05740298417712624,0,8.530705135962634,240
1,120,357.53113158368285,3.267088335231026,9.640713388424231,14922,9.640713388424231,37.08554721821484,0.02696468233611078,0,9.640713388424231,120
1,120,228.30790683293588,6.333801104964949,5.709212807683343,14923,5.709212807683343,39.9893846180832,0.02500663637488935,0,5.709212807683343,120
1,120,460.64450671622194,4.511967086029266,9.640088880758142,14926,9.640088880758142,47.78425929616478,0.020927393554476658,0,9.640088880758142,120
1,120,185.87410100746013,2.3916123871670774,4.233076527520566,14932,4.233076527520566,43.90993165349928,0.02277389106162063,0,4.233076527520566,120
1,360,43.791953904910045,1.4245791457343973,15.456320290656535,14934,15.456320290656535,2.833271637841422,0.3529488618895249,0,15.456320290656535,DC_Charging
1,360,42.87522408210874,1.2230268314047616,17.296844303824372,14935,17.296844303824372,2.4787888084665783,0.4034228315798381,0,17.296844303824372,DC_Charging
1,120,133.93707888506856,2.4645341844702844,5.161752734058808,14936,5.161752734058808,25.94798429636335,0.038538639016370585,0,5.161752734058808,120
1,360,31.31932630176059,2.893942196192585,32.45832500372603,14938,32.45832500372603,0.9649088884951799,1.0363672797745147,0,32.45832500372603,DC_Charging
1,120,456.897314184208,6.633840710165413,7.874872165350823,14940,7.874872165350823,58.019648394362655,0.017235540505225858,0,7.874872165350823,120
1,120,150.2491661833345,6.633321545909456,2.8640807825506585,14943,2.8640807825506585,52.45982134956662,0.019062207500412338,0,2.8640807825506585,120
1,240,86.32484011789371,1.3955209165194196,6.57318169324671,14947,6.57318169324671,13.132885130283848,0.07614473058125244,0,6.57318169324671,240
1,360,51.26762742063838,2.2409617682965464,31.549391566204815,14948,31.549391566204815,1.624995756671118,0.6153862223299267,0,31.549391566204815,DC_Charging
1,360,83.54038965380202,5.264431924204962,31.359574542791663,14949,31.359574542791663,2.6639516279089532,0.3753821914495278,0,31.359574542791663,DC_Charging
1,120,173.6899526058209,10.045745230142185,3.355709870827539,14951,3.355709870827539,51.759526088883206,0.019320115069886193,0,3.355709870827539,120
1,360,134.76306376543857,6.234373049014295,30.025942585259717,14960,30.025942585259717,4.488220923715355,0.22280543159453006,0,30.025942585259717,DC_Charging
1,120,822.0581687509224,21.42006349058965,7.6061340264827635,14961,7.6061340264827635,108.07831756431189,0.00925254965599322,0,7.6061340264827635,120
1,360,47.75923969093508,1.4624985648635584,8.902337157894237,14963,8.902337157894237,5.364797900131663,0.1864003115523621,0,8.902337157894237,DC_Charging
1,120,171.51339765761918,2.097296444613449,5.739372364570627,14964,5.739372364570627,29.883650469584126,0.03346311391969364,0,5.739372364570627,120
1,120,543.5443209089019,5.722368258342317,11.586604335013291,14968,11.586604335013291,46.91144231674313,0.02131676091406575,0,11.586604335013291,120
1,240,119.52308310428762,3.059297244465993,9.691148627536949,14969,9.691148627536949,12.333221550711578,0.0810818159625377,0,9.691148627536949,240
1,120,519.8863349224243,8.16581130686069,10.19494312514908,14970,10.19494312514908,50.994530184279185,0.019609946329268945,0,10.19494312514908,120
1,120,819.9610045967635,9.02523525262943,14.145903364765047,14971,14.145903364765047,57.96455577656086,0.017251922085882186,0,14.145903364765047,120
1,120,961.8349714766427,15.395315161320386,11.556311549823905,14972,11.556311549823905,83.23027354617307,0.012014858985717945,0,11.556311549823905,120
1,360,39.26800231461968,1.4335971591797647,16.577503066956538,14974,16.577503066956538,2.368752529015752,0.4221631376644961,0,16.577503066956538,DC_Charging
1,360,70.91548850746582,2.356298475218001,23.50773957837943,14978,23.50773957837943,3.016686835032336,0.3314894964857302,0,23.50773957837943,DC_Charging
1,120,883.9918714017459,19.940232623518806,8.840302729730169,14979,8.840302729730169,99.99565607961118,0.010000434410909345,0,8.840302729730169,120
1,120,113.76766969839883,4.305470031544007,4.101755055497009,14990,4.101755055497009,27.73633923993875,0.036053784580196396,0,4.101755055497009,120
1,120,123.16586012272118,1.7911547222254247,4.631529072018125,14992,4.631529072018125,26.59291525704563,0.03760400055180322,0,4.631529072018125,120
1,360,42.83533748828805,1.6481135227360566,8.157033055655177,14993,8.157033055655177,5.251337979878701,0.19042765935684425,0,8.157033055655177,DC_Charging
1,360,38.51917269648539,2.265099736267563,31.844517235657023,14995,31.844517235657023,1.2096014020697605,0.8267186184547161,0,31.844517235657023,DC_Charging
1,360,80.75295357815223,4.472404233780499,21.175794646156746,15000,21.175794646156746,3.8134556425162685,0.2622293514708776,0,21.175794646156746,DC_Charging
1,120,64.14262133416625,3.552489199043359,2.369145967028004,15002,2.369145967028004,27.074153398251998,0.03693559629696726,0,2.369145967028004,120
1,240,53.54269284281173,2.830762125194263,2.3465304627469834,15008,2.3465304627469834,22.817812806116986,0.04382540993288895,0,2.3465304627469834,240
1,240,78.5131198431092,1.3072573575737456,4.272686967087864,15014,4.272686967087864,18.375584368311774,0.054420038022000246,0,4.272686967087864,240
1,360,20.54833918168928,1.941076433071733,5.034045079729651,15016,5.034045079729651,4.08187428921332,0.24498549664858132,0,5.034045079729651,DC_Charging
1,120,374.81449862233154,16.08455255563994,4.363681897420335,15020,4.363681897420335,85.89409297774651,0.011642244132656254,0,4.363681897420335,120
1,120,280.7244652353877,4.652739847668909,7.297377436372216,15025,7.297377436372216,38.469226469796766,0.025994803945047534,0,7.297377436372216,120
1,120,190.50850551795452,14.39492156597504,0.6821758987962028,15027,0.6821758987962028,279.26595743727404,0.0035808159690377235,0,0.6821758987962028,120
1,240,111.19047656473528,2.581860375312889,8.400041478680691,15029,8.400041478680691,13.236896132827052,0.07554641133128136,0,8.400041478680691,240
1,120,424.2539904928552,7.0419728494010325,9.8404725738814,15033,9.8404725738814,43.113172391629945,0.023194767272429747,0,9.8404725738814,120
1,120,759.6502980378648,7.955649107702776,13.986703870527634,15034,13.986703870527634,54.312317260007006,0.018412029728224324,0,13.986703870527634,120
1,120,162.69551893402794,3.5037736993350874,6.13788319645036,15040,6.13788319645036,26.506779898991475,0.0377261969884938,0,6.13788319645036,120
1,120,187.08093520456563,2.1927522247983715,4.078714886003056,15044,4.078714886003056,45.86761772600779,0.021801873512889716,0,4.078714886003056,120
1,360,44.42109064982855,1.699394729379554,20.9738205401772,15048,20.9738205401772,2.117930329609526,0.47215906303412997,0,20.9738205401772,DC_Charging
1,360,54.6871564378726,1.3865472821081437,12.957456949443667,15051,12.957456949443667,4.220516159246866,0.2369378441565891,0,12.957456949443667,DC_Charging
1,240,46.710297281426165,1.2238933672668508,7.223469035783737,15054,7.223469035783737,6.466463281012481,0.15464403902768714,0,7.223469035783737,240
1,360,32.921912135361474,1.6119657428249865,8.703543877627268,15055,8.703543877627268,3.7825870241187936,0.2643693307315154,0,8.703543877627268,DC_Charging
1,360,32.784158518336035,2.2209470000286275,34.44355160650932,15058,34.44355160650932,0.9518228228281871,1.0506156986535187,0,34.44355160650932,DC_Charging
1,240,57.3588596201688,1.74407296973646,4.147269174201,15062,4.147269174201,13.8305128533692,0.0723038986769311,0,4.147269174201,240
1,120,137.90039733750837,1.6470875217336114,3.501961239454872,15066,3.501961239454872,39.37804787324672,0.025394859674580158,0,3.501961239454872,120
1,240,113.596232352945,2.826417910857099,7.995052420611486,15070,7.995052420611486,14.208316140628481,0.07038131683602633,0,7.995052420611486,240
1,240,92.39485314956472,1.1053419980902237,8.170713936926802,15074,8.170713936926802,11.30805139707493,0.08843256586706631,0,8.170713936926802,240
1,120,609.2263044427507,6.818515959601755,12.714814904248923,15075,12.714814904248923,47.914681340674875,0.020870429939624745,0,12.714814904248923,120
1,240,136.3647928903042,1.7967029820232336,7.5126826993303695,15081,7.5126826993303695,18.15127809170735,0.05509253921115687,0,7.5126826993303695,240
1,120,299.5628211351992,3.823977587882612,7.509043901329335,15082,7.509043901329335,39.89360364269108,0.02506667507294018,0,7.509043901329335,120
1,120,257.02023903837465,5.966602637031139,6.009800837521553,15085,6.009800837521553,42.7668480182731,0.02338259765070195,0,6.009800837521553,120
1,120,248.28175110882623,7.771152783261025,4.171308555960692,15087,4.171308555960692,59.52131034613539,0.016800705397523697,0,4.171308555960692,120
1,240,68.40236100900984,1.595348964488784,8.266305243681629,15088,8.266305243681629,8.274840934684011,0.12084824444280229,0,8.266305243681629,240
1,120,574.1780485801696,8.276869487459726,10.60501983900464,15090,10.60501983900464,54.142100372917405,0.018469915151282407,0,10.60501983900464,120
1,120,463.5109879609312,5.367869942878871,10.183851868999485,15091,10.183851868999485,45.51430970553472,0.02197111208474279,0,10.183851868999485,120
1,120,535.8355012807496,17.207260404373937,5.425852862660108,15094,5.425852862660108,98.75599557228833,0.01012596748384771,0,5.425852862660108,120
1,120,490.1137870500417,14.564257871485363,6.5939153477606,15100,6.5939153477606,74.32818912613008,0.013453845865975091,0,6.5939153477606,120
1,120,196.56644373637815,2.0706596904729,3.673750808240485,15104,3.673750808240485,53.50565511832365,0.018689613234125938,0,3.673750808240485,120
1,240,79.37941047951372,1.843090695729048,3.96333084961789,15105,3.96333084961789,20.028459266065763,0.04992895293220587,0,3.96333084961789,240
1,120,514.019652333073,6.699307534170387,11.61444905015162,15107,11.61444905015162,44.25691224039274,0.02259534046497063,0,11.61444905015162,120
1,120,493.112841213888,26.094108444553413,1.7139041970067268,15111,1.7139041970067268,287.713188447226,0.003475683563193439,0,1.7139041970067268,120
1,360,19.753767567756118,4.075636297203271,17.100082755164394,15115,17.100082755164394,1.1551854953327805,0.8656618387611633,0,17.100082755164394,DC_Charging
1,120,177.2197690844906,1.966661122332672,4.203899529361252,15117,4.203899529361252,42.15604294221029,0.023721391530292638,0,4.203899529361252,120
1,120,106.98688991909798,1.6865380175389242,3.828520461433172,15118,3.828520461433172,27.94470892785784,0.03578494957960033,0,3.828520461433172,120
1,120,128.44456843192376,6.030391510889992,2.343874223473918,15119,2.343874223473918,54.800111347934305,0.018248138104151775,0,2.343874223473918,120
1,240,115.95604943326428,3.224877181733586,9.437998200014276,15120,9.437998200014276,12.286085139652696,0.0813928919288173,0,9.437998200014276,240
1,240,70.74515422046942,1.480395995326397,4.090722086729571,15124,4.090722086729571,17.294050468490365,0.057823353865075894,0,4.090722086729571,240
1,120,163.89697020586118,3.31644944422096,4.81266127548831,15126,4.81266127548831,34.05537203306119,0.029363942905371674,0,4.81266127548831,120
1,120,469.068078809897,21.02432507716043,3.1605553885616047,15129,3.1605553885616047,148.41318095784862,0.006737946006857799,0,3.1605553885616047,120
1,240,72.1801523826329,1.6472218915868326,9.652362538088866,15138,9.652362538088866,7.477977759103557,0.13372599280368516,0,9.652362538088866,240
1,360,29.936602079894747,1.4924202480632578,8.307639324407319,15147,8.307639324407319,3.603502861750739,0.2775077579691879,0,8.307639324407319,DC_Charging
1,240,76.94603410752995,2.95009752397317,7.478026687247308,15150,7.478026687247308,10.289617478732762,0.09718534261034133,0,7.478026687247308,240
1,120,49.16316101949121,3.455723532923629,1.271927631567749,15158,1.271927631567749,38.652482892359075,0.025871559216126907,0,1.271927631567749,120
1,360,45.054602859961534,2.910867162265533,28.409458615606283,15161,28.409458615606283,1.5859014939204616,0.6305561876531994,0,28.409458615606283,DC_Charging
1,120,339.1244686417714,4.509805897511928,8.60019202227528,15162,8.60019202227528,39.4321973001775,0.025359986723222715,0,8.60019202227528,120
1,120,241.24901807040212,2.4233719259214483,7.252387904107735,15166,7.252387904107735,33.264770343262974,0.03006183387652719,0,7.252387904107735,120
1,120,409.21624456928953,8.43432841370316,8.037277465607445,15170,8.037277465607445,50.91478380837031,0.019640660829745124,0,8.037277465607445,120
1,360,67.2632619549136,2.8411003268502086,27.917662991951783,15171,27.917662991951783,2.409344291257636,0.4150506856278383,0,27.917662991951783,DC_Charging
1,240,81.86493210164177,2.0113321422911743,3.630118539303609,15178,3.630118539303609,22.551586460685247,0.044342778355896395,0,3.630118539303609,240
1,240,87.63889159706147,1.5093543717146691,3.783555909475325,15186,3.783555909475325,23.16310203784317,0.043172110469756185,0,3.783555909475325,240
1,240,77.28643794749298,1.6123054537645192,9.400402838516186,15187,9.400402838516186,8.221609145389808,0.12163069081929549,0,9.400402838516186,240
1,120,831.5397062722882,14.158736346540897,10.719038285293294,15191,10.719038285293294,77.57596196042839,0.012890591037853985,0,10.719038285293294,120
1,360,43.11592614496617,2.561474725117207,30.22720891588436,15194,30.22720891588436,1.4263945528331199,0.7010682969966405,0,30.22720891588436,DC_Charging
1,120,371.4138135204117,5.00739771632635,8.16720004045898,15196,8.16720004045898,45.47627236757862,0.021989489198172046,0,8.16720004045898,120
1,360,69.64367681349462,5.01638235744251,30.86568890014801,15199,30.86568890014801,2.2563461012905064,0.44319441925511993,0,30.86568890014801,DC_Charging
1,360,38.71762762042323,2.1308049047470314,35.266294659342435,15205,35.266294659342435,1.0978649159039593,0.9108588729940611,0,35.266294659342435,DC_Charging
1,360,42.43069887748732,1.6569326230107646,29.5618417949037,15206,29.5618417949037,1.4353198684935167,0.6967088117086961,0,29.5618417949037,DC_Charging
1,360,42.400166219385646,2.5575908552051017,33.531404036200016,15207,33.531404036200016,1.2644912266009214,0.7908319005803621,0,33.531404036200016,DC_Charging
1,120,126.53860107705276,7.903674918919797,2.996817805283996,15210,2.996817805283996,42.22432236418898,0.02368303252743527,0,2.996817805283996,120
1,360,62.36197612750543,2.024214565794413,11.525327642817402,15217,11.525327642817402,5.4108636266292605,0.1848133808212346,0,11.525327642817402,DC_Charging
1,360,47.968728876308745,2.911850721413946,35.74087885171974,15218,35.74087885171974,1.342125051689954,0.7450870533567919,0,35.74087885171974,DC_Charging
1,120,407.6366942731413,30.06031484905133,0.1797220109739186,15220,0.1797220109739186,2268.1511967518427,0.0004408877157008195,0,0.1797220109739186,120
1,120,590.1723962129113,14.784755454582774,7.681108253488034,15224,7.681108253488034,76.83427660909618,0.013015024597519449,0,7.681108253488034,120
1,120,115.72584848692158,2.009801593936857,4.240445717980322,15228,4.240445717980322,27.290963305159472,0.036642165716845386,0,4.240445717980322,120
1,360,95.18367907887088,4.662580017942274,26.2728596813338,15229,26.2728596813338,3.622889941687485,0.27602273767505503,0,26.2728596813338,DC_Charging
1,120,130.35213889841958,1.9985842647484355,5.039332577969134,15233,5.039332577969134,25.866945053059364,0.038659377748271315,0,5.039332577969134,120
1,360,43.77786417154713,1.8256296591014405,32.35540614035584,15234,32.35540614035584,1.353030896340517,0.7390814228297786,0,32.35540614035584,DC_Charging
1,360,41.09606800436544,1.6918367333236084,31.83241011370393,15235,31.83241011370393,1.2910133997888362,0.7745852987765769,0,31.83241011370393,DC_Charging
1,360,34.77286628809892,1.6811831235325132,28.958908786993405,15236,28.958908786993405,1.2007657658605144,0.8328018906196596,0,28.958908786993405,DC_Charging
1,360,51.11117696275949,10.098845801076148,22.929112408833006,15240,22.929112408833006,2.2290953112982197,0.4486124908753239,0,22.929112408833006,DC_Charging
1,360,38.70575503455975,2.1048185147846543,31.374254636329013,15242,31.374254636329013,1.2336788708835624,0.8105837131536497,0,31.374254636329013,DC_Charging
1,240,71.29173439357231,1.272496246370752,5.217500451717669,15245,5.217500451717669,13.663963243185183,0.0731852085813202,0,5.217500451717669,240
1,360,99.40914305058055,6.042661257172581,25.940713197436292,15249,25.940713197436292,3.8321669220877514,0.26094896708079807,0,25.940713197436292,DC_Charging
1,360,33.82155190579565,1.8443653602082264,33.23612015813906,15264,33.23612015813906,1.017614322757021,0.982690571110184,0,33.23612015813906,DC_Charging
1,240,108.62345363004924,1.4035248162036165,4.612119373756315,15267,4.612119373756315,23.55174374890073,0.04245970110160844,0,4.612119373756315,240
1,360,34.040369288857654,2.245688311534553,28.16541767323952,15271,28.16541767323952,1.2085874132518202,0.8274122244161092,0,28.16541767323952,DC_Charging
1,120,142.6595798207073,8.174303904241725,3.462234225123225,15274,3.462234225123225,41.204485469387876,0.024269202457167724,0,3.462234225123225,120
1,240,39.66796395756091,2.535354317516165,2.846344764833958,15277,2.846344764833958,13.93645789071337,0.07175424400100654,0,2.846344764833958,240
1,360,68.33318453628284,4.678979127682696,31.84874723424862,15280,31.84874723424862,2.145553293939317,0.46608024271630283,0,31.84874723424862,DC_Charging
1,360,19.308174234861745,2.141845598335479,9.35251559068108,15285,9.35251559068108,2.0644899276191064,0.48438114743105576,0,9.35251559068108,DC_Charging
1,360,86.15754291851677,3.636676226714642,16.53735138741196,15289,16.53735138741196,5.209875565932456,0.19194316396710742,0,16.53735138741196,DC_Charging
1,120,258.7001823615951,2.70321343517745,7.577398347074151,15293,7.577398347074151,34.141029745583666,0.02929027060554187,0,7.577398347074151,120
1,360,29.24365524164465,2.491535480676584,30.9069813470293,15296,30.9069813470293,0.9461828353047967,1.0568781874782869,0,30.9069813470293,DC_Charging
1,360,29.446108752490677,2.0021120457441413,22.14851113330704,15305,22.14851113330704,1.3294847935945218,0.7521710701905094,0,22.14851113330704,DC_Charging
1,120,291.16948755070376,3.054024592558473,7.971254515149354,15306,7.971254515149354,36.527435800392105,0.027376682159257,0,7.971254515149354,120
1,240,52.72187395288401,1.242380581004181,7.217040770207532,15307,7.217040770207532,7.305192755807024,0.13688892729149177,0,7.217040770207532,240
1,240,70.12073488888718,1.2479736601042768,7.400562756346588,15308,7.400562756346588,9.475054424577769,0.10554029087221442,0,7.400562756346588,240
1,240,101.36135061598706,2.627646330449298,9.230245316431263,15309,9.230245316431263,10.981436261022033,0.09106276958957014,0,9.230245316431263,240
1,240,89.61667541123427,2.5832202757146883,10.312866826042978,15310,10.312866826042978,8.68979275335217,0.11507754308803744,0,10.312866826042978,240
1,360,68.94060206017454,4.700445196029768,34.081220585417896,15319,34.081220585417896,2.022832541674628,0.4943562946501429,0,34.081220585417896,DC_Charging
1,120,147.77915356311792,1.8804027208559029,5.57517680900456,15321,5.57517680900456,26.50663084342677,0.03772640913539505,0,5.57517680900456,120
1,120,157.87597709203845,2.239309353705756,5.046127221376096,15322,5.046127221376096,31.286562975117604,0.031962603268224324,0,5.046127221376096,120
1,240,67.95233521954735,1.257330327845508,4.584649363217622,15325,4.584649363217622,14.821708234598054,0.06746860646370825,0,4.584649363217622,240
1,360,46.72643134979685,1.8876116722865743,28.573287793341592,15338,28.573287793341592,1.635318682531363,0.6115016055782274,0,28.573287793341592,DC_Charging
1,360,87.02929001742405,4.257136332414744,28.04370529250474,15339,28.04370529250474,3.103344907874368,0.3222329549843523,0,28.04370529250474,DC_Charging
1,360,37.93319495214461,1.3731588143411693,24.729326533847527,15346,24.729326533847527,1.5339356249845577,0.6519178404309288,0,24.729326533847527,DC_Charging
1,120,279.1057343028316,3.9961728189462655,7.888603007235716,15348,7.888603007235716,35.38088227368338,0.02826385142870812,0,7.888603007235716,120
1,360,43.96266690864351,1.344299234135934,20.85707924046443,15352,20.85707924046443,2.1078055274082845,0.4744270697636797,0,20.85707924046443,DC_Charging
1,360,40.89711670412176,1.401360809969829,15.26985895510245,15353,15.26985895510245,2.678290403622616,0.37337250607604566,0,15.26985895510245,DC_Charging
1,360,36.12381139580619,1.6237968058777277,31.055522577098927,15354,31.055522577098927,1.1632008866096089,0.8596967312453726,0,31.055522577098927,DC_Charging
1,240,58.89579876810647,1.1182201950187869,8.447379159769653,15356,8.447379159769653,6.972079464432666,0.14342923156590445,0,8.447379159769653,240
1,360,48.876189331206106,1.309334983187605,18.140237743482587,15358,18.140237743482587,2.694352192201357,0.37114672792014375,0,18.140237743482587,DC_Charging
1,240,68.5574730892937,4.410839947059114,4.364997526903551,15359,4.364997526903551,15.706188300621355,0.0636691717213424,0,4.364997526903551,240
1,120,98.02771676083294,1.7181281410917242,2.896330358427093,15367,2.896330358427093,33.845488818502304,0.02954603508203227,0,2.896330358427093,120
1,240,63.45734259062606,1.4909418274632702,8.408459842019468,15371,8.408459842019468,7.546844937465439,0.13250570381214746,0,8.408459842019468,240
1,120,132.30669965520195,3.6901071749023977,4.367728707096546,15373,4.367728707096546,30.29187674596965,0.0330121506959139,0,4.367728707096546,120
1,360,42.04510273252336,1.062241414784537,9.183965134990205,15376,9.183965134990205,4.578099123257202,0.2184312687595382,0,9.183965134990205,DC_Charging
1,120,489.07276460025713,12.233275169714585,6.900939969943877,15379,6.900939969943877,70.87045630455391,0.014110252030869783,0,6.900939969943877,120
1,360,32.047444158925856,1.971165594292944,29.988355550530517,15383,29.988355550530517,1.0686629383503796,0.935748741828392,0,29.988355550530517,DC_Charging
1,120,104.6232415490699,6.276762775291768,2.449391038734987,15384,2.449391038734987,42.71398069746497,0.023411538416023798,0,2.449391038734987,120
1,360,40.04214712435199,2.043765115277154,33.27150059911479,15385,33.27150059911479,1.2034968788097686,0.8309120011918748,0,33.27150059911479,DC_Charging
1,120,193.24432581151964,2.274351532124662,5.073772094061297,15387,5.073772094061297,38.08691486905896,0.026255736476371305,0,5.073772094061297,120
1,360,56.1499479963018,1.4561366013871024,11.276398887117438,15388,11.276398887117438,4.979421937658619,0.20082652414673893,0,11.276398887117438,DC_Charging
1,240,80.95062165372376,1.454618556649533,6.105700234724978,15392,6.105700234724978,13.25820438961823,0.07542499501539175,0,6.105700234724978,240
1,360,38.89813210639715,1.3956696391158092,25.753677314829417,15393,25.753677314829417,1.5103913756036278,0.662080051668959,0,25.753677314829417,DC_Charging
1,360,51.82206872368122,9.60301575947224,25.499494367965497,15400,25.499494367965497,2.0322782866151354,0.49205859580655736,0,25.499494367965497,DC_Charging
1,360,53.39222831549517,1.212438029092022,8.832458913444185,15404,8.832458913444185,6.045001605863691,0.16542592793192867,0,8.832458913444185,DC_Charging
1,120,116.95871486362245,1.6794033833796276,3.452916570745302,15406,3.452916570745302,33.872441591711336,0.029522524890697642,0,3.452916570745302,120
1,120,362.6627948467869,8.549708971336871,7.561177801293795,15411,7.561177801293795,47.96379669642626,0.02084905843316005,0,7.561177801293795,120
1,360,32.92479847165841,1.0953444759638402,18.449493939725983,15414,18.449493939725983,1.78459087166417,0.5603525244234149,0,18.449493939725983,DC_Charging
1,240,91.21724264785806,1.2766922664333609,5.105064091516411,15422,5.105064091516411,17.86799166722368,0.05596599878845698,0,5.105064091516411,240
1,240,44.806436768208826,1.3665112929132088,6.707575742987388,15423,6.707575742987388,6.679974775544338,0.14970116409137368,0,6.707575742987388,240
1,240,82.41767469466016,1.1692357438332093,4.485793963061411,15426,4.485793963061411,18.373040619639323,0.054427572479814765,0,4.485793963061411,240
1,360,50.5022776636733,1.1520684541455404,8.669845443965528,15435,8.669845443965528,5.825049361038425,0.17167236499120947,0,8.669845443965528,DC_Charging
1,360,60.05726417085786,1.2279499103651723,12.22097922221856,15448,12.22097922221856,4.914275941298528,0.20348877676896673,0,12.22097922221856,DC_Charging
1,240,77.54375942444237,3.457578646991559,11.646515437112669,15449,11.646515437112669,6.658108156311046,0.15019281401311063,0,11.646515437112669,240
1,240,72.59432877222888,1.465329313252385,6.473785053113232,15458,6.473785053113232,11.213583425560042,0.08917755921988486,0,6.473785053113232,240
1,240,137.15406798521093,3.2014524482390376,6.757819466415839,15460,6.757819466415839,20.295609947383465,0.04927173918854905,0,6.757819466415839,240
1,120,289.24598892008265,12.961305475262876,3.0588022728347823,15463,3.0588022728347823,94.56184582078933,0.01057508968146803,0,3.0588022728347823,120
1,360,41.0959724059658,1.857765186894641,25.37728238109784,15465,25.37728238109784,1.6194000519368443,0.617512639204855,0,25.37728238109784,DC_Charging
1,120,92.60846409670764,1.9207744338331671,3.6198932671176474,15472,3.6198932671176474,25.58320294632539,0.03908814709784545,0,3.6198932671176474,120
1,360,36.646591244259255,1.8724903969563391,29.093735828715893,15475,29.093735828715893,1.2596041794016908,0.7939001921024093,0,29.093735828715893,DC_Charging
1,120,211.6444733548092,3.255331765556938,5.6697855570314175,15480,5.6697855570314175,37.328479397662065,0.026789197313583347,0,5.6697855570314175,120
1,120,141.63647104027143,1.747564648740147,4.227639147441209,15482,4.227639147441209,33.5024977536215,0.029848520768631454,0,4.227639147441209,120
1,360,47.01000561803307,1.1687684431706642,12.514256348979174,15483,12.514256348979174,3.7565161130703397,0.2662041023917406,0,12.514256348979174,DC_Charging
1,240,75.68439261253624,2.394915631383154,4.91242429345256,15486,4.91242429345256,15.406729568007977,0.06490670168421056,0,4.91242429345256,240
1,360,35.90006334143948,1.93776050913163,35.478485710739065,15487,35.478485710739065,1.0118826275207344,0.9882569112290734,0,35.478485710739065,DC_Charging
1,120,119.72761220346436,2.477452533858263,2.2429537846351906,15495,2.2429537846351906,53.37943787501519,0.018733805371675908,0,2.2429537846351906,120
1,360,22.745854079012982,2.398116733377909,8.632907897209051,15502,8.632907897209051,2.6347847503813324,0.37953764528782474,0,8.632907897209051,DC_Charging
1,240,130.39939392273592,1.8487331729206613,5.678495357281037,15504,5.678495357281037,22.96372290866386,0.0435469459363105,0,5.678495357281037,240
1,360,45.38893252468565,1.9675140098807051,35.04337872962698,15505,35.04337872962698,1.2952213562190609,0.7720688013662352,0,35.04337872962698,DC_Charging
1,120,67.3109582026129,3.791062433169084,2.2690998389217896,15506,2.2690998389217896,29.66416772326647,0.03371070475763495,0,2.2690998389217896,120
1,240,105.88364026486823,1.405172828112453,6.897917352840054,15508,6.897917352840054,15.350088272842696,0.0651462051699856,0,6.897917352840054,240
1,120,412.6200770646745,7.418155606236445,7.24215430515288,15509,7.24215430515288,56.97477016902144,0.017551628502114155,0,7.24215430515288,120
1,240,74.81348383805661,2.329593039238977,4.751867535887527,15511,4.751867535887527,15.744017120225422,0.06351619109428928,0,4.751867535887527,240
1,120,153.35964395882738,2.225187311071689,4.14691112313912,15518,4.14691112313912,36.9816568054966,0.02704043264636455,0,4.14691112313912,120
1,120,340.1712564104268,4.214922361200854,9.415715766488503,15521,9.415715766488503,36.12802944000616,0.027679339712136528,0,9.415715766488503,120
1,120,206.6260721341141,3.6303169929009975,5.111234227257285,15529,5.111234227257285,40.425866424241484,0.0247366374168878,0,5.111234227257285,120
1,360,39.80857817285262,1.6299964864973773,21.68381914236048,15531,21.68381914236048,1.8358656245700034,0.5447021757021133,0,21.68381914236048,DC_Charging
1,120,508.8399839659016,7.143502921823569,8.670478278400495,15536,8.670478278400495,58.68649544206816,0.0170396952904973,0,8.670478278400495,120
1,360,45.1109360553825,2.1324937735443963,34.074042910642405,15537,34.074042910642405,1.3239091167926225,0.7553388577175576,0,34.074042910642405,DC_Charging
1,120,65.93996684587259,2.5091923485974825,1.5862714835974998,15543,1.5862714835974998,41.56915605412483,0.024056297864165365,0,1.5862714835974998,120
1,360,28.237294565454075,1.8506886681371308,11.16075672089697,15544,11.16075672089697,2.53005197332038,0.3952487974733672,0,11.16075672089697,DC_Charging
1,360,32.899258991507374,1.7648000919444564,32.64362059163676,15545,32.64362059163676,1.0078311901448858,0.9922296608584222,0,32.64362059163676,DC_Charging
1,120,218.61100817834136,2.695254266741901,6.83335991370501,15547,6.83335991370501,31.991730413598496,0.03125807785548659,0,6.83335991370501,120
1,360,43.28545887615017,1.64520229332112,12.759612920829142,15552,12.759612920829142,3.392380250461188,0.2947782754790097,0,12.759612920829142,DC_Charging
1,120,270.73384417474864,3.683490472248112,6.744563250357146,15554,6.744563250357146,40.14104903833653,0.024912154115478008,0,6.744563250357146,120
1,360,47.58848991858637,1.5513948772595905,21.03269912293534,15574,21.03269912293534,2.2625954776623494,0.4419702990979068,0,21.03269912293534,DC_Charging
1,360,39.470755489679966,2.138393719576652,35.68200859573048,15575,35.68200859573048,1.1061808749859117,0.9040112902085167,0,35.68200859573048,DC_Charging
1,360,30.725969096339604,2.6857113655540363,31.9732324290208,15578,31.9732324290208,0.9609903898378098,1.0405931324336906,0,31.9732324290208,DC_Charging
1,240,88.5487236276423,1.8740147815559207,6.44659815271649,15581,6.44659815271649,13.735728756465042,0.072802835417766,0,6.44659815271649,240
1,360,44.723677969009344,3.398946194236653,30.339778504387724,15584,30.339778504387724,1.4740937532731635,0.6783829032444795,0,30.339778504387724,DC_Charging
1,120,126.3234164331772,7.846718303023674,2.962603111951637,15587,2.962603111951637,42.63933158092199,0.02345252523722552,0,2.962603111951637,120
1,120,233.57084875992027,4.517582794914602,5.632581553670747,15590,5.632581553670747,41.46781480823876,0.02411508792118271,0,5.632581553670747,120
1,360,36.49540972894536,1.5096639683096396,26.382989526554997,15594,26.382989526554997,1.3832931894322291,0.7229125449612375,0,26.382989526554997,DC_Charging
1,120,148.5532946959887,3.273466588630709,4.994584522002199,15596,4.994584522002199,29.742873314402846,0.03362149949096393,0,4.994584522002199,120
1,360,16.11670623056279,2.497429439061382,16.353121625918007,15605,16.353121625918007,0.9855431029767111,1.0146689647359144,0,16.353121625918007,DC_Charging
1,120,114.71688091590995,1.5414682383126583,3.503618266462212,15615,3.503618266462212,32.7424029078789,0.030541435911515438,0,3.503618266462212,120
1,120,265.38909943256124,3.6027495117954773,6.2045722884189445,15616,6.2045722884189445,42.77314971862274,0.02337915272965311,0,6.2045722884189445,120
1,360,50.75156152132954,1.8755490281630791,23.838129114043028,15617,23.838129114043028,2.1290077454707563,0.469702377611071,0,23.838129114043028,DC_Charging
1,360,57.24101253143845,1.5109215503828393,12.013417854319812,15621,12.013417854319812,4.764756643410651,0.20987430730233309,0,12.013417854319812,DC_Charging
1,120,209.29487059580572,6.018077385573313,5.74181210785278,15623,5.74181210785278,36.45101348920211,0.02743407944737202,0,5.74181210785278,120
1,120,345.6899902399662,5.249598055952652,7.962211644144489,15624,7.962211644144489,43.41632773529589,0.023032809363723237,0,7.962211644144489,120
1,360,37.84847638575243,1.4700773415783246,6.523670725479789,15625,6.523670725479789,5.801714706097283,0.17236283593004925,0,6.523670725479789,DC_Charging
1,240,89.71401664324098,2.9360306029171603,13.487888780706385,15629,13.487888780706385,6.651449911981147,0.15034316024822145,0,13.487888780706385,240
1,240,51.79919129127411,1.272978516151939,5.866647026917974,15632,5.866647026917974,8.829437164636555,0.11325750230209185,0,5.866647026917974,240
1,120,475.0416551174964,5.695234705570135,10.674773181921466,15641,10.674773181921466,44.501334784519386,0.02247123608408862,0,10.674773181921466,120
1,240,79.36469567969161,1.396107177648349,5.596734813637681,15642,5.596734813637681,14.180535316110026,0.07051919957238383,0,5.596734813637681,240
1,360,55.31834487152193,1.3495131542661936,11.17189793765985,15643,11.17189793765985,4.951561962005297,0.20195647508266612,0,11.17189793765985,DC_Charging
1,240,95.3274590719354,1.8464705466111155,5.1998810087652885,15648,5.1998810087652885,18.3326231718081,0.05454756750456747,0,5.1998810087652885,240
1,360,44.2251874677889,2.115083631920172,25.189188998843065,15651,25.189188998843065,1.7557209749714513,0.5695665850413734,0,25.189188998843065,DC_Charging
1,240,56.362786802524525,1.5759678302076137,6.636814861035944,15661,6.636814861035944,8.492445244092108,0.11775171593784069,0,6.636814861035944,240
1,360,40.7346729619575,1.8730750731197647,31.31308619212858,15666,31.31308619212858,1.3008833658880068,0.768708422462902,0,31.31308619212858,DC_Charging
1,240,54.050360790398,2.053572177382229,4.732549432083417,15667,4.732549432083417,11.42098177020062,0.08755814693699787,0,4.732549432083417,240
1,120,175.85018228885275,2.400553001463702,4.26135423464072,15668,4.26135423464072,41.26626715501836,0.02423286788319042,0,4.26135423464072,120
1,360,20.32994463770262,2.37488712674754,10.18640818704597,15672,10.18640818704597,1.9957912803412061,0.5010543987490702,0,10.18640818704597,DC_Charging
1,360,39.72147700019239,1.3461157807099506,23.521345518731124,15673,23.521345518731124,1.6887416992603743,0.5921568706676542,0,23.521345518731124,DC_Charging
1,360,48.59136125318994,1.2449535083378105,11.502087630870292,15682,11.502087630870292,4.224568861984347,0.23671054554198562,0,11.502087630870292,DC_Charging
1,120,282.5900753581629,20.186078383802613,0.0210720834826503,15689,0.0210720834826503,13410.637614018255,7.45676699931621e-05,0,0.0210720834826503,120
1,120,388.2310133475042,5.895447195727679,8.077204322392248,15703,8.077204322392248,48.06502322483291,0.02080514962662803,0,8.077204322392248,120
1,360,58.38340605346088,2.4845309897958328,26.24632226890978,15704,26.24632226890978,2.2244414076489205,0.4495510632743212,0,26.24632226890978,DC_Charging
1,360,49.9281872126421,2.0574745385585387,8.176426100379217,15706,8.176426100379217,6.106358279239687,0.16376372860396782,0,8.176426100379217,DC_Charging
1,120,409.423854878424,5.433765059784282,7.649716334806342,15708,7.649716334806342,53.52144275148326,0.018684100214624477,0,7.649716334806342,120
1,360,49.16834907110266,1.976524010444917,16.055481272263705,15711,16.055481272263705,3.0624026920975806,0.3265409877611667,0,16.055481272263705,DC_Charging
1,360,24.792128631238405,1.6765342436041666,10.61444574137802,15714,10.61444574137802,2.335696958211571,0.42813773271584593,0,10.61444574137802,DC_Charging
1,240,86.91841058128314,1.471639677296346,4.983551553234761,15715,4.983551553234761,17.44105777833591,0.0573359719754,0,4.983551553234761,240
1,120,191.62096203344228,3.408421118015155,5.352477375280017,15720,5.352477375280017,35.80042447604322,0.027932629700219782,0,5.352477375280017,120
1,360,37.39589885439176,1.6881206936475706,7.020037745250008,15722,7.020037745250008,5.327022476438261,0.1877221289046667,0,7.020037745250008,DC_Charging
1,120,174.4521807073515,2.4294770369327368,5.993513677590144,15723,5.993513677590144,29.106829497967336,0.03435619808986185,0,5.993513677590144,120
1,360,45.7434702203499,1.783910021017291,21.682545146721665,15726,21.682545146721665,2.109690993876066,0.4740030662797365,0,21.682545146721665,DC_Charging
1,240,72.64439291875011,1.515456312794951,6.423366467538273,15738,6.423366467538273,11.309395670614876,0.08842205446912543,0,6.423366467538273,240
1,240,58.46897029800376,3.549124493387211,8.955303734746806,15740,8.955303734746806,6.52897679741924,0.15316335637695602,0,8.955303734746806,240
1,120,409.3243148832255,12.072811853306076,5.294806174009636,15749,5.294806174009636,77.30676089569744,0.012935479231230548,0,5.294806174009636,120
1,120,413.0796847552705,5.020656128868418,10.157697487944006,15751,10.157697487944006,40.66666537820678,0.024590164713527235,0,10.157697487944006,120
1,120,835.754801494498,24.04654997850512,4.711399439125472,15752,4.711399439125472,177.38992677080898,0.0056372986798287495,0,4.711399439125472,120
1,120,81.70306930359843,2.0842905699082346,2.081605984026453,15754,2.081605984026453,39.25001654038296,0.02547769626978718,0,2.081605984026453,120
1,120,101.51052088804693,1.4164361213004697,3.460294087973935,15755,3.460294087973935,29.335807393030915,0.03408803400575784,0,3.460294087973935,120
1,240,57.42369739629656,1.1489941493910458,6.655666665782718,15756,6.655666665782718,8.627790464855474,0.11590453014284592,0,6.655666665782718,240
1,240,62.92004281601169,1.106477625873311,7.890443223158442,15764,7.890443223158442,7.974208930537822,0.1254042888405427,0,7.890443223158442,240
1,240,97.71697783965176,4.445968770258864,4.104053243708194,15769,4.104053243708194,23.809870885437185,0.04199938776701344,0,4.104053243708194,240
1,240,94.75381719801022,1.6495524953057408,3.906800415684216,15773,3.906800415684216,24.253559720535545,0.04123106098744333,0,3.906800415684216,240
1,360,31.741680031387663,2.0177213143421038,6.633733956549946,15776,6.633733956549946,4.784888908613361,0.20899126794770154,0,6.633733956549946,DC_Charging
1,360,31.24913869211429,1.7688470371961196,14.238213924580734,15777,14.238213924580734,2.1947372653367734,0.45563540374230355,0,14.238213924580734,DC_Charging
1,360,53.1581262190747,2.225181147316954,33.378407984779,15778,33.378407984779,1.592590223096186,0.627907910960222,0,33.378407984779,DC_Charging
1,120,150.01930350825208,7.894963948513867,3.6111251794858674,15779,3.6111251794858674,41.5436452772349,0.02407107015589651,0,3.6111251794858674,120
1,120,174.1540607749233,3.2937379452028788,5.752853403389096,15782,5.752853403389096,30.27264012539002,0.03303312812684904,0,5.752853403389096,120
1,120,151.8333199101117,2.7993417690575897,4.95692254635307,15783,4.95692254635307,30.630561298929152,0.032647132719535246,0,4.95692254635307,120
1,120,288.6372183111498,3.7099136082602766,6.854976205720305,15784,6.854976205720305,42.10623197645665,0.0237494535383537,0,6.854976205720305,120
1,360,40.500890752489696,1.4256494377172948,23.643948863736185,15785,23.643948863736185,1.7129495155780758,0.5837883667356805,0,23.643948863736185,DC_Charging
1,240,52.99095403298959,1.36716077655499,6.848206542619991,15786,6.848206542619991,7.7379316326397305,0.1292335015964542,0,6.848206542619991,240
1,360,24.67198350405508,3.5550674095953325,19.05430047063453,15788,19.05430047063453,1.294824942121503,0.7723051722818626,0,19.05430047063453,DC_Charging
1,120,975.8660515445112,24.511752146723985,7.911410027201015,15790,7.911410027201015,123.34919416251817,0.008107065528798304,0,7.911410027201015,120
1,360,77.85778545982672,1.7426563627910998,16.482486307254504,15791,16.482486307254504,4.723667534646084,0.2116999117032321,0,16.482486307254504,DC_Charging
1,240,91.74209256934957,1.4867788275153129,5.631182656498723,15792,5.631182656498723,16.291798395755052,0.061380577865520196,0,5.631182656498723,240
1,240,54.76355426663423,0.9897755592244352,7.5721941165234625,15794,7.5721941165234625,7.232191016753439,0.13827068417903932,0,7.5721941165234625,240
1,120,301.52032338120137,2.940817198737013,9.250687534034329,15796,9.250687534034329,32.59436904250348,0.030680145969261965,0,9.250687534034329,120
1,120,284.36220495353234,3.6898268121155984,7.230047183199787,15802,7.230047183199787,39.33061538163887,0.02542548572649185,0,7.230047183199787,120
1,240,96.02097398529108,1.2526162001706105,6.211375258594799,15807,6.211375258594799,15.458891145310375,0.06468769270707757,0,6.211375258594799,240
1,120,252.2171989509083,4.223528371669013,6.541473357347542,15808,6.541473357347542,38.55663474767681,0.025935873463652167,0,6.541473357347542,120
1,360,105.16897604402207,4.961490071060747,26.678889585513147,15809,26.678889585513147,3.9420297350430085,0.25367642235430515,0,26.678889585513147,DC_Charging
1,360,35.47586382732697,2.463408858962968,32.701624863662374,15813,32.701624863662374,1.0848348965909427,0.9217992554834534,0,32.701624863662374,DC_Charging
1,360,17.12524544720679,3.781117655172504,16.45472485980497,15814,16.45472485980497,1.0407494256582646,0.9608460743252479,0,16.45472485980497,DC_Charging
1,240,59.51663315970205,2.1494428663144496,4.401676943824725,15817,4.401676943824725,13.521354229142176,0.07395708913865517,0,4.401676943824725,240
1,360,99.11350867654308,7.050232985174923,29.427422764856388,15819,29.427422764856388,3.368066224097242,0.2969062760243185,0,29.427422764856388,DC_Charging
1,360,52.68200574337095,6.258419441200679,26.325168443444756,15820,26.325168443444756,2.001202987800419,0.49969943383860793,0,26.325168443444756,DC_Charging
1,360,36.96609948017704,2.584331336532476,31.795547507867383,15821,31.795547507867383,1.162618743112704,0.8601271964037658,0,31.795547507867383,DC_Charging
1,360,22.68341361659937,2.815136654726712,23.55231277219987,15822,23.55231277219987,0.9631076929045326,1.0383054848043087,0,23.55231277219987,DC_Charging
1,360,57.11803989774258,1.117292373823905,10.36047096373612,15823,10.36047096373612,5.513073691115783,0.18138701857214093,0,10.36047096373612,DC_Charging
1,360,48.41427624843406,1.0668776149888577,10.161369593020552,15824,10.161369593020552,4.764542398072789,0.20988374463925233,0,10.161369593020552,DC_Charging
1,360,34.72707465466946,1.2412821999104202,8.581223642764172,15826,8.581223642764172,4.046867451584471,0.24710470801520068,0,8.581223642764172,DC_Charging
1,240,78.9524459655346,1.6001922668521975,4.466392591568493,15827,4.466392591568493,17.677005401311654,0.056570667785494876,0,4.466392591568493,240
1,120,110.03861144742508,10.25376314708146,2.33926952028267,15830,2.33926952028267,47.03973205880456,0.021258624491098204,0,2.33926952028267,120
1,360,21.397723608802924,5.029496362016503,23.01410373880222,15831,23.01410373880222,0.9297656711578106,1.0755398172044024,0,23.01410373880222,DC_Charging
1,360,40.73529802841672,1.138602587229823,12.052337172069995,15837,12.052337172069995,3.37986711181765,0.2958696205846426,0,12.052337172069995,DC_Charging
1,240,85.89014684098953,1.259658201901605,5.433222053119863,15844,5.433222053119863,15.808326256731899,0.06325780375225712,0,5.433222053119863,240
1,360,36.33351751600982,1.562594947934755,25.46349774609257,15845,25.46349774609257,1.426886356238521,0.7008266605310774,0,25.46349774609257,DC_Charging
1,360,25.94021393490117,3.1433666324754785,12.21760688082172,15851,12.21760688082172,2.123182893993763,0.47099098378612764,0,12.21760688082172,DC_Charging
1,360,37.6423772667046,2.006218515255816,31.30281095932932,15853,31.30281095932932,1.2025238664863696,0.8315843268224522,0,31.30281095932932,DC_Charging
1,360,45.854140075383896,2.3177945560326925,16.845441836012014,15861,16.845441836012014,2.7220503042762214,0.367370139497071,0,16.845441836012014,DC_Charging
1,360,45.551402004880586,1.0351397374296978,10.634979553438768,15865,10.634979553438768,4.283167802626547,0.23347205761744255,0,10.634979553438768,DC_Charging
1,240,72.33174202957603,2.564929597699763,3.525142964019807,15868,3.525142964019807,20.518810944079945,0.048735767522070685,0,3.525142964019807,240
1,360,57.59959845164147,2.6790097791916865,21.51337851013359,15871,21.51337851013359,2.677385071085415,0.37349875847130154,0,21.51337851013359,DC_Charging
1,240,56.00396924004545,1.180446380945062,8.176159643775023,15873,8.176159643775023,6.849666797135556,0.14599250293725052,0,8.176159643775023,240
1,360,42.39132336741858,1.27115932796875,16.320772128814994,15882,16.320772128814994,2.5973846722959237,0.38500265696727287,0,16.320772128814994,DC_Charging
1,360,40.97593023090517,1.5344611058227355,18.92676767845188,15884,18.92676767845188,2.1649724309532394,0.46189964625078345,0,18.92676767845188,DC_Charging
1,360,53.69885650549168,2.057006269305964,24.85505241718299,15886,24.85505241718299,2.1604805173682986,0.4628599943211288,0,24.85505241718299,DC_Charging
1,120,589.9468428195358,10.57715105521776,9.375522453099506,15887,9.375522453099506,62.924156575882556,0.01589214785571362,0,9.375522453099506,120
1,240,87.447172683437,1.6609966506684075,4.681506338842382,15888,4.681506338842382,18.679281059151673,0.05353525099993412,0,4.681506338842382,240
1,360,57.42797358624986,1.43420270405565,14.29537719294936,15895,14.29537719294936,4.017240875223214,0.24892706986220633,0,14.29537719294936,DC_Charging
1,240,118.0428301304773,5.436549315851678,18.65408265113419,15900,18.65408265113419,6.327989016565238,0.15802808718255154,0,18.65408265113419,240
1,240,95.22508053963976,1.8304595773117156,11.347967465650342,15902,11.347967465650342,8.391377647836999,0.11916994347856155,0,11.347967465650342,240
1,120,740.7778208631036,10.988810271019974,11.36152344538874,15903,11.36152344538874,65.20057142193906,0.015337288894733741,0,11.36152344538874,120
1,120,172.80537326019223,3.1169434964633136,5.768449441503364,15909,5.768449441503364,29.956988444221498,0.03338119256753572,0,5.768449441503364,120
1,120,101.97359953592232,2.59713644894061,3.6390032016997225,15911,3.6390032016997225,28.022398960322985,0.03568573844858549,0,3.6390032016997225,120
1,360,59.7644058272716,3.829960304335593,12.06010604743605,15920,12.06010604743605,4.955545630544217,0.20179412612737466,0,12.06010604743605,DC_Charging
1,120,818.4141930756318,15.57651405308624,11.258829404778352,15930,11.258829404778352,72.69087785700788,0.013756884350291189,0,11.258829404778352,120
1,120,233.5163870870154,2.7197726264337003,7.409330843978381,15932,7.409330843978381,31.51652855086042,0.031729382834350874,0,7.409330843978381,120
1,360,31.404199296336817,1.3651206617913745,23.005735336076725,15935,23.005735336076725,1.3650595748221939,0.7325687599607184,0,23.005735336076725,DC_Charging
1,360,24.17038789327697,1.9610494639147324,6.601009754847283,15936,6.601009754847283,3.661619781053658,0.27310317831859715,0,6.601009754847283,DC_Charging
1,240,105.17861677494004,2.61063612845373,9.931101126383098,15939,9.931101126383098,10.590831312302429,0.09442129427917416,0,9.931101126383098,240
1,240,82.12391552000034,3.227601561326416,12.597540691327753,15940,12.597540691327753,6.519043480965701,0.15339673725444528,0,12.597540691327753,240
1,360,37.489430857858814,1.7953282886100708,35.23181350940588,15943,35.23181350940588,1.0640789423981882,0.9397798980461269,0,35.23181350940588,DC_Charging
1,360,45.22424222012976,1.2021569742478326,16.637139385682843,15944,16.637139385682843,2.7182703211014547,0.36788099852953393,0,16.637139385682843,DC_Charging
1,120,261.07031671535293,2.9066157564639488,8.066496097611164,15946,8.066496097611164,32.36477319968791,0.0308977910591273,0,8.066496097611164,120
1,120,698.5948064085092,10.010005314687286,11.327025641914418,15948,11.327025641914418,61.675044137221306,0.016214013528309635,0,11.327025641914418,120
1,240,115.45073835391538,2.7940127628210654,9.988156146756282,15949,9.988156146756282,11.55876386568193,0.0865144414766538,0,9.988156146756282,240
1,360,59.18608330862539,3.037260940752302,28.016168667814995,15951,28.016168667814995,2.1125687816342436,0.47335736885519003,0,28.016168667814995,DC_Charging
1,240,55.28279697430047,2.9698326338834025,6.084292111931717,15952,6.084292111931717,9.086151019259429,0.11005760281557653,0,6.084292111931717,240
1,360,42.570437999736136,1.766177955288626,33.21969144313668,15953,33.21969144313668,1.281482041234653,0.7803464799526514,0,33.21969144313668,DC_Charging
1,240,62.51477913875174,1.372147870511005,7.811622028930117,15954,7.811622028930117,8.002791085798835,0.12495640449424285,0,7.811622028930117,240
1,360,60.91669378365717,1.5067729912316892,11.135709800102674,15957,11.135709800102674,5.4703916388962925,0.18280226828544954,0,11.135709800102674,DC_Charging
1,360,46.03692421550317,2.529926338989326,35.11997667656405,15958,35.11997667656405,1.3108472320320224,0.7628654015234411,0,35.11997667656405,DC_Charging
1,120,285.8336849357446,3.975619690729072,6.938735173895111,15968,6.938735173895111,41.193917590500824,0.024275428473221897,0,6.938735173895111,120
1,240,89.36267046338023,3.2068501363140367,11.591200711435649,15970,11.591200711435649,7.709526621794823,0.12970965002870619,0,11.591200711435649,240
1,360,52.7886604656199,1.481703063544754,15.419499318664393,15973,15.419499318664393,3.4235002949623885,0.2920987042038465,0,15.419499318664393,DC_Charging
1,360,42.22907449891513,1.5986603096396554,19.301688774091502,15975,19.301688774091502,2.187843509092265,0.4570710820240061,0,19.301688774091502,DC_Charging
1,240,133.50647427817992,1.714877200737255,5.342626807693691,15982,5.342626807693691,24.98892007316006,0.040017735743373466,0,5.342626807693691,240
1,360,46.05893023172891,1.383343538504216,20.41425334459957,15983,20.41425334459957,2.256214295680495,0.44322031019592967,0,20.41425334459957,DC_Charging
1,120,52.92711268633504,5.125068020790441,1.1257428770914686,15984,1.1257428770914686,47.01527654616874,0.02126968239818829,0,1.1257428770914686,120
1,360,35.516849802743565,1.5853393790138477,29.13873368774925,15985,29.13873368774925,1.2188878962051757,0.820419993596909,0,29.13873368774925,DC_Charging
1,240,62.23898510950193,1.1522192019756283,6.691638307348995,15987,6.691638307348995,9.301008549901578,0.10751522210035833,0,6.691638307348995,240
1,360,60.462884503685714,3.756454535298072,11.27188577838389,15989,11.27188577838389,5.364043398987902,0.1864265304394595,0,11.27188577838389,DC_Charging
1,360,41.1415323971192,1.0814355231363224,19.478865762343176,15994,19.478865762343176,2.1121112953432126,0.47345989873014843,0,19.478865762343176,DC_Charging
1,360,49.87018839895041,1.3290671873277482,13.864217100286908,15995,13.864217100286908,3.5970432400339716,0.27800611037151607,0,13.864217100286908,DC_Charging
1,240,40.78484741432449,3.3035545171009733,4.7942341359544685,15998,4.7942341359544685,8.507062078686895,0.11754939493216379,0,4.7942341359544685,240
1,360,80.07085164296943,4.782974701999195,33.61295641062134,15999,33.61295641062134,2.38214248889062,0.4197901698423199,0,33.61295641062134,DC_Charging
1,120,86.11579583276455,6.981524378393944,3.0250538785597456,16000,3.0250538785597456,28.467524642491664,0.03512774688205112,0,3.0250538785597456,120
1,360,25.755652032234668,1.7438801322668966,27.405333556236545,16014,27.405333556236545,0.9398043625115278,1.064051242885919,0,27.405333556236545,DC_Charging
1,240,76.68201338888245,2.321134078348066,5.000904539582948,16017,5.000904539582948,15.33362870295408,0.06521613503053889,0,5.000904539582948,240
1,360,46.77856189249501,2.6027667747300325,33.27498951527596,16018,33.27498951527596,1.4058174795523166,0.7113298949152707,0,33.27498951527596,DC_Charging
1,120,201.72372737058683,2.5755025503574696,5.641815940359862,16021,5.641815940359862,35.755106069220666,0.027968033378618258,0,5.641815940359862,120
1,120,43.95401893033725,2.826032588132528,1.1337698822928246,16026,1.1337698822928246,38.76802481421448,0.025794453155460872,0,1.1337698822928246,120
1,120,107.6805298457455,1.6389693284259017,2.873972983981389,16027,2.873972983981389,37.46748158243745,0.02668981094445219,0,2.873972983981389,120
1,360,86.3749998628146,5.41367474149404,28.8293692435104,16029,28.8293692435104,2.9960766443843703,0.3337698325823299,0,28.8293692435104,DC_Charging
1,120,227.7399788018202,4.667101396201247,6.101661751817645,16034,6.101661751817645,37.32425494316822,0.02679222938335005,0,6.101661751817645,120
1,120,177.7430453092495,4.145547364479392,5.389231733121108,16039,5.389231733121108,32.98114724161467,0.030320352190121164,0,5.389231733121108,120
1,120,534.2525682719986,5.134060762841396,11.039352430610776,16043,11.039352430610776,48.39528148323098,0.020663171477709064,0,11.039352430610776,120
1,120,506.4825568455735,7.521708094641145,9.942225689608222,16044,9.942225689608222,50.94257288636663,0.019629946886087147,0,9.942225689608222,120
1,360,33.32369382475746,1.5819329359327807,31.578310434528817,16046,31.578310434528817,1.0552715888282669,0.9476233517386379,0,31.578310434528817,DC_Charging
1,360,37.459420314093656,2.212413545759063,34.16034154332594,16048,34.16034154332594,1.0965762817852232,0.9119292625698622,0,34.16034154332594,DC_Charging
1,360,58.58332436828557,5.343162796184904,28.020948233152737,16050,28.020948233152737,2.0906974268263063,0.4783092891246377,0,28.020948233152737,DC_Charging
1,360,33.91357639603755,2.9448467093681403,35.26507062431692,16051,35.26507062431692,0.9616761230205093,1.0398511266549075,0,35.26507062431692,DC_Charging
1,240,58.53479714988168,1.0666239324546964,7.026490991132846,16057,7.026490991132846,8.33058737622382,0.12003955481627647,0,7.026490991132846,240
1,360,53.0396908325004,1.8351177909258036,10.217741818345488,16061,10.217741818345488,5.1909405987602915,0.19264331405349186,0,10.217741818345488,DC_Charging
1,360,34.143314057828114,1.7414614749089183,30.95320324108819,16067,30.95320324108819,1.103062380713647,0.9065670423399184,0,30.95320324108819,DC_Charging
1,360,83.64684950239017,6.179307825285398,28.45195011720645,16070,28.45195011720645,2.939933788644046,0.34014371475393645,0,28.45195011720645,DC_Charging
1,120,368.453145790884,20.70816320286078,1.277997846082059,16076,1.277997846082059,288.30498182797874,0.003468549151178609,0,1.277997846082059,120
1,120,208.8630893932292,2.51451536718655,6.495567880506144,16078,6.495567880506144,32.15470813876774,0.031099644745160575,0,6.495567880506144,120
1,120,706.8906884551521,17.820618103546643,8.489870661369807,16080,8.489870661369807,83.26283363439346,0.012010160552437997,0,8.489870661369807,120
1,360,41.92634010527335,2.619352558185282,8.452208685720677,16082,8.452208685720677,4.960400489886686,0.20159662552223556,0,8.452208685720677,DC_Charging
1,120,739.3949679510844,23.23179599605121,4.505894783140349,16085,4.505894783140349,164.09503628839036,0.006094029549087277,0,4.505894783140349,120
1,360,18.703301099145182,3.7181114020577057,16.72442890386324,16091,16.72442890386324,1.1183222582162333,0.8941966348725261,0,16.72442890386324,DC_Charging
1,120,187.45826944168343,3.149001008732298,5.057326725521165,16100,5.057326725521165,37.066671705369316,0.026978413598843412,0,5.057326725521165,120
1,360,40.611317934663056,1.4097862224242543,28.45803698525852,16103,28.45803698525852,1.4270597074457394,0.7007415280401101,0,28.45803698525852,DC_Charging
1,240,121.64835318794192,1.5783628891903214,5.161053285472804,16104,5.161053285472804,23.570450925270325,0.042426002080761256,0,5.161053285472804,240
1,360,53.97053244983376,3.460001883138769,34.632827389945206,16111,34.632827389945206,1.5583634521708958,0.641698827450643,0,34.632827389945206,DC_Charging
1,120,109.13655965583064,1.6531095101096178,4.08518478542365,16113,4.08518478542365,26.715207607068564,0.03743186333073491,0,4.08518478542365,120
1,240,80.97309463136314,1.1284274609134353,5.513325569755878,16114,5.513325569755878,14.686797216466307,0.06808836434936517,0,5.513325569755878,240
1,240,102.6345301024455,1.280071236779038,5.914376066144342,16115,5.914376066144342,17.353399404200257,0.05762559696274596,0,5.914376066144342,240
1,120,617.7870970085302,8.709175520551103,11.234232129503638,16116,11.234232129503638,54.99148405399968,0.018184633806536947,0,11.234232129503638,120
1,120,138.91003409731752,2.285887791593796,2.3030897094943725,16118,2.3030897094943725,60.3146432050249,0.016579721720324934,0,2.3030897094943725,120
1,240,112.16763192983464,2.390013861403398,8.217510378038483,16120,8.217510378038483,13.64983149027784,0.07326097766937673,0,8.217510378038483,240
1,360,47.39305369796037,1.8839854473223885,10.91754012864942,16121,10.91754012864942,4.341001099102279,0.2303616094929809,0,10.91754012864942,DC_Charging
1,360,45.85684992232765,1.410571396723843,8.694559294004577,16126,8.694559294004577,5.274200608873725,0.1896021926654671,0,8.694559294004577,DC_Charging
1,360,86.13815115083514,3.48280425351237,20.77401139410675,16129,20.77401139410675,4.146438043028663,0.24117085306056443,0,20.77401139410675,DC_Charging
1,120,293.4266687184207,4.249333723349461,8.150921207296463,16131,8.150921207296463,35.99920318892959,0.027778392614743155,0,8.150921207296463,120
1,240,120.4059196175536,1.8987839180117927,4.817515781745982,16141,4.817515781745982,24.993362777094138,0.04001062237677268,0,4.817515781745982,240
1,240,94.23142342001724,1.7552432782816187,4.42440902287008,16145,4.42440902287008,21.298081378310282,0.046952586115028574,0,4.42440902287008,240
1,240,60.09536013311599,1.8032754817507064,3.207476731206512,16154,3.207476731206512,18.736023724951778,0.053373117726588155,0,3.207476731206512,240
1,120,53.61532188851048,3.740612628985687,2.128385771600378,16157,2.128385771600378,25.190603415938075,0.03969734204013949,0,2.128385771600378,120
1,240,102.34438895952604,2.595068597280687,11.552872594276025,16160,11.552872594276025,8.858782794006878,0.11288232517412185,0,11.552872594276025,240
1,360,55.56359521208549,1.6524226917248708,15.984470587245838,16161,15.984470587245838,3.4760985613386666,0.28767883946734063,0,15.984470587245838,DC_Charging
1,360,41.67489792990207,1.2772603004590022,6.749983976898733,16163,6.749983976898733,6.174073608549442,0.1619676186910482,0,6.749983976898733,DC_Charging
1,240,50.624603169740816,1.688864570790435,6.894719873589708,16171,6.894719873589708,7.342517766915934,0.13619306506901765,0,6.894719873589708,240
1,360,24.31139001745954,1.4915261514121396,20.494331880928957,16174,20.494331880928957,1.1862494546642213,0.8429930113502636,0,20.494331880928957,DC_Charging
1,120,121.8200920360408,1.8370319009319096,3.816171863182518,16182,3.816171863182518,31.92206651155597,0.03132629272725794,0,3.816171863182518,120
1,120,948.2713528755872,13.21787828207276,13.655873016113349,16186,13.655873016113349,69.44055145772573,0.01440080729498215,0,13.655873016113349,120
1,240,125.00720295943287,3.4984161637195044,6.745212738329869,16189,6.745212738329869,18.53272947924619,0.05395859261420971,0,6.745212738329869,240
1,240,45.72759353228595,1.90151992068498,4.459856077996847,16193,4.459856077996847,10.253154526193722,0.09753095961299531,0,4.459856077996847,240
1,120,880.9384879320096,10.613391819771689,13.027110371133915,16197,13.027110371133915,67.62347618425301,0.014787763901330806,0,13.027110371133915,120
1,240,55.11005801986686,2.894796668706121,2.8242205399169222,16198,2.8242205399169222,19.513369172468376,0.0512469164684749,0,2.8242205399169222,240
1,120,109.94648400506048,5.602510701483724,2.7585223334451854,16199,2.7585223334451854,39.857021519106446,0.025089682115875752,0,2.7585223334451854,120
1,120,174.49692075838487,2.2738277890794727,4.389719703711492,16204,4.389719703711492,39.75126717335696,0.025156430753237567,0,4.389719703711492,120
1,240,67.03211973202058,1.4150117656348713,7.102406143021668,16205,7.102406143021668,9.437945167058869,0.10595526698865408,0,7.102406143021668,240
1,360,39.90922858023162,1.540187057864188,7.982212542996848,16207,7.982212542996848,4.999770222260715,0.20000919153197327,0,7.982212542996848,DC_Charging
1,120,57.68223591441063,3.193479367328515,1.761583275619813,16212,1.761583275619813,32.74454106866741,0.030539441609608625,0,1.761583275619813,120
1,240,48.12540362274064,1.7558455651728586,3.9644466366479634,16216,3.9644466366479634,12.139248685519412,0.08237742103371468,0,3.9644466366479634,240
1,360,60.670880883280326,3.244287373715649,32.74157670075381,16221,32.74157670075381,1.8530225785334125,0.5396588317836132,0,32.74157670075381,DC_Charging
1,240,84.03405243584045,1.8325316555463136,9.885828483976653,16222,9.885828483976653,8.500456241178593,0.11764074440566138,0,9.885828483976653,240
1,120,69.79575180615903,4.342913608807634,1.108656347347491,16226,1.108656347347491,62.95526289381595,0.015884295514525273,0,1.108656347347491,120
1,120,139.80858551674038,2.191820969511566,4.222643086112569,16228,4.222643086112569,33.10925945328956,0.03020303131245798,0,4.222643086112569,120
1,120,184.06846784987695,4.316764847934811,5.277086809830692,16238,5.277086809830692,34.880697339860994,0.028669151601427967,0,5.277086809830692,120
1,120,201.93055818507807,14.614192033558368,0.6988127830205997,16239,0.6988127830205997,288.9623130708036,0.003460658898293678,0,0.6988127830205997,120
1,240,94.12857424944644,2.8497859378080865,8.349747794638958,16240,8.349747794638958,11.273223642740763,0.08870577145375239,0,8.349747794638958,240
1,120,130.76647706992267,3.2618664022196104,4.31226409957965,16245,4.31226409957965,30.324320136762843,0.03297683164832698,0,4.31226409957965,120
1,360,45.812190762247816,1.399974757637226,17.246267509640674,16247,17.246267509640674,2.6563539465358965,0.3764558564584671,0,17.246267509640674,DC_Charging
1,360,77.04548585805188,3.2716195754975748,12.814036682235894,16249,12.814036682235894,6.01258508685714,0.16631781264699136,0,12.814036682235894,DC_Charging
1,120,531.5106885106406,16.471186927218422,6.090045909228536,16253,6.090045909228536,87.27531720330995,0.011457993302625024,0,6.090045909228536,120
1,120,564.5623791503804,5.484461414157074,13.57519495242454,16257,13.57519495242454,41.58779163974725,0.024045518181452483,0,13.57519495242454,120
1,120,123.52283925443788,2.5663902314646583,4.012009140496701,16261,4.012009140496701,30.788274634674764,0.032479897359164366,0,4.012009140496701,120
1,240,50.89915441979526,1.5102276877069667,4.86837568607163,16262,4.86837568607163,10.455058874239551,0.09564747669321326,0,4.86837568607163,240
1,240,61.430538858605054,1.04293952877853,7.942335646825342,16263,7.942335646825342,7.734568468301848,0.12928969522970082,0,7.942335646825342,240
1,360,48.58589743696413,1.0822472896349098,13.660111341473822,16264,13.660111341473822,3.5567716999092984,0.28115383397407856,0,13.660111341473822,DC_Charging
1,360,63.6296550291228,1.1464124166935097,11.122678406803772,16265,11.122678406803772,5.720713366143929,0.1748033743340744,0,11.122678406803772,DC_Charging
1,120,217.7981570473378,2.6537743106633,5.992947457306229,16266,5.992947457306229,36.34241057491866,0.02751606137789164,0,5.992947457306229,120
1,360,41.86291424397109,1.9037703955923344,24.35062508513589,16267,24.35062508513589,1.7191720581138206,0.5816753449896948,0,24.35062508513589,DC_Charging
1,120,993.162772944218,17.19441302621905,11.60855369778382,16271,11.60855369778382,85.55439366523514,0.011688470424007552,0,11.60855369778382,120
1,360,42.76068984561221,3.873080875817348,18.189956880471527,16272,18.189956880471527,2.3507856630226245,0.42538969661496345,0,18.189956880471527,DC_Charging
1,120,131.9458671726073,3.778234426814792,3.873884698297303,16273,3.873884698297303,34.06034960994109,0.02935965166100741,0,3.873884698297303,120
1,360,42.28419065317141,2.9008010463543137,34.1359274569666,16275,34.1359274569666,1.2387005071556032,0.8072976431536908,0,34.1359274569666,DC_Charging
1,360,68.80232265195106,2.9513297465983177,31.54690186230937,16278,31.54690186230937,2.1809533928956926,0.4585150710957107,0,31.54690186230937,DC_Charging
1,120,935.2357315894882,21.825572335810094,9.054592126884828,16279,9.054592126884828,103.28855441346643,0.009681614828270103,0,9.054592126884828,120
1,120,242.78656390049144,14.66085060025796,1.893687463918184,16281,1.893687463918184,128.20835989384832,0.007799803389014275,0,1.893687463918184,120
1,240,55.70977251886417,1.3226167299440266,6.907967762879508,16282,6.907967762879508,8.064567530008592,0.12399920966362528,0,6.907967762879508,240
1,240,73.34945317729357,2.730114350235209,3.922971000851291,16283,3.922971000851291,18.6974242637472,0.05348330261398194,0,3.922971000851291,240
1,120,651.6856423946545,12.639208081260788,9.768046338153738,16284,9.768046338153738,66.71606786396858,0.014988892961122357,0,9.768046338153738,120
1,360,33.40272060950931,2.5633423428018847,31.27514110633749,16288,31.27514110633749,1.0680278146767719,0.9363052031586275,0,31.27514110633749,DC_Charging
1,120,264.6545507445892,5.161818087592751,5.943003497557498,16290,5.943003497557498,44.53212098114345,0.022455701142629993,0,5.943003497557498,120
1,240,72.7343657202612,1.1482187490453943,8.58581169241765,16292,8.58581169241765,8.471460628992688,0.11804339815705507,0,8.58581169241765,240
1,120,134.02098486506378,1.923220916141092,3.712287094622141,16293,3.712287094622141,36.10199896964198,0.02769929722841374,0,3.712287094622141,120
1,360,32.10127708850999,1.203080216653483,19.42190233642769,16297,19.42190233642769,1.6528389718189904,0.6050196159759442,0,19.42190233642769,DC_Charging
1,120,188.71557959380095,3.9002626819837416,5.918073151527537,16299,5.918073151527537,31.88801063486193,0.031359748698363096,0,5.918073151527537,120
1,120,541.8121367371375,15.905550073847056,7.080057095344841,16310,7.080057095344841,76.52652082331096,0.013067365264244277,0,7.080057095344841,120
1,360,22.92339133773642,2.042106360824351,3.927817180340071,16315,3.927817180340071,5.836165555890691,0.17134537915749445,0,3.927817180340071,DC_Charging
1,360,36.650709329167,1.0531187936159545,8.98050886414984,16316,8.98050886414984,4.081139485923399,0.24502960593461315,0,8.98050886414984,DC_Charging
1,360,93.26542365278408,4.187394328125637,16.519382220166577,16320,16.519382220166577,5.6458178889357775,0.17712225574255946,0,16.519382220166577,DC_Charging
1,360,53.527617710560186,3.162692292964034,34.43445877489117,16321,34.43445877489117,1.55447826435975,0.6433026584722782,0,34.43445877489117,DC_Charging
1,360,37.54016419317757,1.5272889608131952,24.241086440505256,16323,24.241086440505256,1.5486172323716658,0.6457373578805699,0,24.241086440505256,DC_Charging
1,360,39.851788649491695,1.0410516587568663,13.459902510497074,16326,13.459902510497074,2.96077840225159,0.3377490187173507,0,13.459902510497074,DC_Charging
1,360,77.80388266987362,5.032291536735145,23.21937524525866,16329,23.21937524525866,3.3508172312155975,0.29843465966576266,0,23.21937524525866,DC_Charging
1,360,76.95928551646521,3.06093574658181,31.073966370170524,16331,31.073966370170524,2.476648284923882,0.4037715028360332,0,31.073966370170524,DC_Charging
1,120,439.0988335533854,5.301467637012416,9.631553942655032,16332,9.631553942655032,45.589614735869255,0.02193482015133623,0,9.631553942655032,120
1,360,38.89860274467232,1.7124069439467815,12.165739437461454,16334,12.165739437461454,3.1973891060738544,0.31275517831106964,0,12.165739437461454,DC_Charging
1,240,65.3941588136899,1.2080880032146797,9.448897940479611,16337,9.448897940479611,6.920823912547265,0.14449146700395415,0,9.448897940479611,240
1,240,108.83445400550958,3.8587654673918825,6.800435869549219,16339,6.800435869549219,16.004040931088717,0.062484219098530656,0,6.800435869549219,240
1,240,81.80216807541397,1.2301170865299669,4.664444789405039,16343,4.664444789405039,17.537385855916206,0.05702104111843167,0,4.664444789405039,240
1,120,114.16386623513873,1.775196761216745,4.010010715965237,16347,4.010010715965237,28.46971599866628,0.03512504304738576,0,4.010010715965237,120
1,360,41.44847312034533,7.065166177932105,19.006787927399078,16350,19.006787927399078,2.180719502878002,0.4585642484878276,0,19.006787927399078,DC_Charging
1,240,107.13656759804825,2.160803194612721,5.943361548619393,16351,5.943361548619393,18.026257820868295,0.05547463094876735,0,5.943361548619393,240
1,360,40.230012687098494,1.3369051939559369,20.4833905066192,16353,20.4833905066192,1.964030938828129,0.5091569487172469,0,20.4833905066192,DC_Charging
1,120,192.0616412409088,2.3071501038200606,6.610452310758433,16357,6.610452310758433,29.054235960273214,0.03441838915906555,0,6.610452310758433,120
1,240,123.98179981740554,4.771626701210393,18.414113498750268,16360,18.414113498750268,6.732976845495166,0.14852271483290042,0,18.414113498750268,240
1,360,54.78882165903244,2.973044830636681,31.8571156369741,16361,31.8571156369741,1.7198299520702143,0.5814528342155386,0,31.8571156369741,DC_Charging
1,360,44.28897366152058,2.0022865680567783,26.586895442914937,16364,26.586895442914937,1.6658196800981897,0.6003050701988683,0,26.586895442914937,DC_Charging
1,120,572.4178026012482,11.635182449411076,8.27542305560641,16366,8.27542305560641,69.17082048312301,0.014456963109812903,0,8.27542305560641,120
1,360,55.51541361866493,1.891703524894164,23.17114659989943,16367,23.17114659989943,2.3958854767638424,0.417382220351665,0,23.17114659989943,DC_Charging
1,240,124.8959705445856,2.5592725036040638,9.46283695158654,16370,9.46283695158654,13.19857577421806,0.07576575057085992,0,9.46283695158654,240
1,240,133.2431080408838,2.2446378316204463,5.86967797079069,16371,5.86967797079069,22.70024159825159,0.04405239458231235,0,5.86967797079069,240
1,120,402.36913420808185,4.081623592445483,9.251003951251803,16372,9.251003951251803,43.49464515725724,0.022991335976749457,0,9.251003951251803,120
1,240,60.57040696525451,1.3271607379882409,7.046691732438347,16375,7.046691732438347,8.595580630613949,0.11633885399648375,0,7.046691732438347,240
1,240,83.36348113839934,1.3938447274460806,5.391005334892782,16378,5.391005334892782,15.463438813320577,0.06466866859773623,0,5.391005334892782,240
1,240,112.51071987871074,2.603548514937697,7.209321855454775,16379,7.209321855454775,15.606283383447776,0.06407675520365168,0,7.209321855454775,240
1,240,80.84533840082355,1.544433708769262,11.507166959887757,16386,11.507166959887757,7.025650942811395,0.1423355655070217,0,11.507166959887757,240
1,120,688.3741903057728,27.338730430940124,1.5621987947622955,16387,1.5621987947622955,440.64442541739123,0.0022694034970549572,0,1.5621987947622955,120
1,360,26.783345858991947,1.6195859047501158,17.325188625095578,16393,17.325188625095578,1.5459194377945302,0.6468642385573724,0,17.325188625095578,DC_Charging
1,240,69.47315868342197,1.7779748535294075,5.040131947781717,16395,5.040131947781717,13.783996015024721,0.07254790257556575,0,5.040131947781717,240
1,120,283.07268549445786,3.42821275836167,8.47061084494787,16396,8.47061084494787,33.41821394891385,0.02992380147929784,0,8.47061084494787,120
1,120,164.9553474420427,3.1268424865675777,5.945584795910634,16399,5.945584795910634,27.744175401467455,0.03604360142371028,0,5.945584795910634,120
1,240,55.860424566118496,1.2747316641058253,4.431228646583676,16404,4.431228646583676,12.606080394697067,0.07932679855196424,0,4.431228646583676,240
1,120,350.12031422839,5.236603452113239,7.489600895992012,16410,7.489600895992012,46.74752621541603,0.02139150626691831,0,7.489600895992012,120
1,120,73.57579341903525,5.911291567541959,1.7400002906800438,16411,1.7400002906800438,42.28493168255716,0.02364908633428175,0,1.7400002906800438,120
1,360,43.545850532472734,2.741847673748582,33.7847209991003,16415,33.7847209991003,1.2889214190530796,0.7758424875386594,0,33.7847209991003,DC_Charging
1,360,34.57720945578143,1.8079590548128464,10.225527347249296,16417,10.225527347249296,3.381459780172885,0.29573026592345647,0,10.225527347249296,DC_Charging
1,360,48.21286145096878,1.6539594038339227,26.11758209523937,16421,26.11758209523937,1.845992530057247,0.5417140013935964,0,26.11758209523937,DC_Charging
1,360,55.84091146200655,1.407996532210154,14.771102152663374,16422,14.771102152663374,3.7804160369940907,0.2645211506390515,0,14.771102152663374,DC_Charging
1,360,32.224488718204974,1.2068624726661017,16.995598459244576,16425,16.995598459244576,1.8960490738516362,0.527412509407575,0,16.995598459244576,DC_Charging
1,360,17.152053444583874,2.9334078372238177,18.18626812185721,16426,18.18626812185721,0.9431321109782626,1.0602968432097506,0,18.18626812185721,DC_Charging
1,360,50.302859402015976,1.021878947439375,12.713699117218852,16427,12.713699117218852,3.956587216531504,0.2527430700432375,0,12.713699117218852,DC_Charging
1,240,49.81553185238473,1.591095093185306,7.900643515037771,16428,7.900643515037771,6.305249915094615,0.1585979958710319,0,7.900643515037771,240
1,240,102.62511733694208,2.8409603215640877,11.320614029875983,16429,11.320614029875983,9.06533135624149,0.11031036381383887,0,11.320614029875983,240
1,360,69.18781952165386,4.200834835593302,29.18099203982075,16430,29.18099203982075,2.3709892873840372,0.42176487482291464,0,29.18099203982075,DC_Charging
1,360,17.393031272055655,2.330531691031465,9.08243684202317,16433,9.08243684202317,1.9150181360557907,0.5221882660911086,0,9.08243684202317,DC_Charging
1,360,27.260519755522548,1.5125692100771195,13.902820000819617,16435,13.902820000819617,1.9607906708074658,0.5099983465283389,0,13.902820000819617,DC_Charging
1,360,56.29298526333832,1.8884915042481636,18.879921276726904,16438,18.879921276726904,2.981632414576333,0.3353867482494794,0,18.879921276726904,DC_Charging
1,120,117.04857000556474,4.210363648198915,2.107135857415855,16446,2.107135857415855,55.54865842827549,0.018002234946703555,0,2.107135857415855,120
1,360,46.04110480705683,2.526905042525552,9.725163478416164,16448,9.725163478416164,4.734224253323818,0.21122784779320855,0,9.725163478416164,DC_Charging
1,120,131.817412338378,2.507684518082045,3.540047880316948,16453,3.540047880316948,37.23605352099817,0.02685569241208872,0,3.540047880316948,120
1,360,93.44372202184312,5.744341163435878,32.43018052490797,16460,32.43018052490797,2.881381494317423,0.3470557446045138,0,32.43018052490797,DC_Charging
1,360,62.377499836863,2.0156524060385115,23.84394119872202,16461,23.84394119872202,2.616073379689692,0.3822522746355899,0,23.84394119872202,DC_Charging
1,240,131.28994449148087,1.8382361224998327,6.385871027266759,16462,6.385871027266759,20.55944191965223,0.04863945256432891,0,6.385871027266759,240
1,120,120.1951913298461,1.5888791353044671,3.957552072014423,16467,3.957552072014423,30.37109534952142,0.032926043281997,0,3.957552072014423,120
1,240,132.19302580430224,3.236794361245338,8.529431140323837,16470,8.529431140323837,15.498457473833744,0.06452255017561029,0,8.529431140323837,240
1,120,255.7848429809448,5.187813635133591,6.470654188013938,16476,6.470654188013938,39.529981907355456,0.025297254178958457,0,6.470654188013938,120
1,360,57.98524239580526,3.224081881265505,33.65428216457815,16477,33.65428216457815,1.722967737426174,0.580393920488513,0,33.65428216457815,DC_Charging
1,240,70.52755020171058,4.180981557699438,6.102028129648417,16480,6.102028129648417,11.55805065188616,0.08651978003200823,0,6.102028129648417,240
1,120,173.02914705258962,5.581734973666961,5.321410200584694,16483,5.321410200584694,32.515656664389056,0.030754415029089467,0,5.321410200584694,120
1,240,57.288444045107966,1.7869390662013032,4.086175670920497,16487,4.086175670920497,14.020063907874656,0.0713263510473964,0,4.086175670920497,240
1,360,87.99046574233675,3.775770333779053,20.71230170992905,16489,20.71230170992905,4.24822248027393,0.235392568219619,0,20.71230170992905,DC_Charging
1,360,24.52603048582941,1.2424349100994874,14.71795238689542,16493,14.71795238689542,1.6664023527937835,0.6000951680867853,0,14.71795238689542,DC_Charging
1,360,59.62649778206213,3.772395766115329,28.810292616003835,16498,28.810292616003835,2.069624858615292,0.4831793529331022,0,28.810292616003835,DC_Charging
1,360,43.27660131673701,2.158882216422768,27.255751480056773,16501,27.255751480056773,1.587797032431955,0.6298034191866113,0,27.255751480056773,DC_Charging
1,360,49.71583742900216,1.3366250072764156,12.348686876547715,16506,12.348686876547715,4.0260019487109275,0.24838537406078176,0,12.348686876547715,DC_Charging
1,120,202.87304074599885,9.849913232421098,3.0344881077020176,16509,3.0344881077020176,66.85577057661703,0.01495757196985704,0,3.0344881077020176,120
1,360,43.29959640871291,1.0196912547766777,14.658607505079942,16513,14.658607505079942,2.9538683257401788,0.33853912555476573,0,14.658607505079942,DC_Charging
1,240,69.97112339344437,1.2449641628281378,5.605328039122966,16514,5.605328039122966,12.482966724707936,0.08010916171238909,0,5.605328039122966,240
1,360,46.64955185217547,2.8896249262689766,31.62636421774154,16518,31.62636421774154,1.4750210150936771,0.6779564424961708,0,31.62636421774154,DC_Charging
1,240,79.05254484368488,1.4563054002132,3.274873598529993,16524,3.274873598529993,24.13911330170714,0.04142654237135045,0,3.274873598529993,240
1,360,45.67499235131262,2.127808263302197,17.233469265870454,16528,17.233469265870454,2.6503654978959106,0.37730645105133104,0,17.233469265870454,DC_Charging
1,360,56.30735443817712,3.577736290652103,17.609972447597485,16539,17.609972447597485,3.19746976355202,0.31274728893420883,0,17.609972447597485,DC_Charging
1,360,79.59616882012186,3.612878145790436,23.2161028250884,16540,23.2161028250884,3.4284896745937283,0.29167362159797044,0,23.2161028250884,DC_Charging
1,240,65.82221167868036,1.2061823463579238,6.140439514496848,16546,6.140439514496848,10.719462592747952,0.09328825874876703,0,6.140439514496848,240
1,360,46.15692962194856,1.4973641076824893,19.466267361026095,16552,19.466267361026095,2.37112378895815,0.42174095028559894,0,19.466267361026095,DC_Charging
1,360,35.483541114190686,2.0802559521660413,34.234966046038195,16558,34.234966046038195,1.0364707552644699,0.964812557344984,0,34.234966046038195,DC_Charging
1,240,52.793366848371605,2.228216884577536,4.998323241229812,16561,4.998323241229812,10.562215427144336,0.0946771069855338,0,4.998323241229812,240
1,240,98.80821151041854,1.4537800218446686,4.843536934499369,16562,4.843536934499369,20.400011984347845,0.049019579045701644,0,4.843536934499369,240
1,360,67.44668586893819,4.741395421415724,33.41802675111519,16569,33.41802675111519,2.018272544074956,0.4954732218578213,0,33.41802675111519,DC_Charging
1,120,386.9864986734929,5.333250069712945,8.163186537858294,16574,8.163186537858294,47.40630351625203,0.021094241183710425,0,8.163186537858294,120
1,360,37.63994686123672,1.816116872258138,27.22656615512858,16578,27.22656615512858,1.3824713203558578,0.7233423111754629,0,27.22656615512858,DC_Charging
1,360,39.84246045180336,1.7051335372523106,23.245196555558906,16581,23.245196555558906,1.7140083266912773,0.5834277374430267,0,23.245196555558906,DC_Charging
1,240,46.02772838482973,1.2062276939820449,7.16604763757978,16586,7.16604763757978,6.423028524601725,0.15568979589141826,0,7.16604763757978,240
1,240,61.73876280650332,1.1714148072392778,5.972138861872409,16587,5.972138861872409,10.337797602239062,0.09673240263316918,0,5.972138861872409,240
1,240,87.92418663649129,1.1746032295100073,5.373644021775718,16594,5.373644021775718,16.36211596454742,0.06111678967235948,0,5.373644021775718,240
1,240,82.45971592933437,1.3325204749448003,5.019223431121318,16595,5.019223431121318,16.428779682938416,0.06086879362309046,0,5.019223431121318,240
1,120,165.86769444590644,4.124104190078477,3.653025480495472,16597,3.653025480495472,45.40556733905104,0.02202373097846859,0,3.653025480495472,120
1,360,45.58778454966816,1.5527524882667738,9.44754900392087,16598,9.44754900392087,4.825355711915182,0.2072386078254737,0,9.44754900392087,DC_Charging
1,120,150.74601312745335,2.8368573741979755,5.511926672583854,16599,5.511926672583854,27.34905997158111,0.03656432802586698,0,5.511926672583854,120
1,360,52.92635157599942,5.240203789307539,11.981601270425202,16600,11.981601270425202,4.4173020267867065,0.22638252805353987,0,11.981601270425202,DC_Charging
1,120,171.15062379213944,2.601482776565112,6.330189923758965,16602,6.330189923758965,27.037202019763026,0.03698607567710014,0,6.330189923758965,120
1,240,55.01924321706661,1.6086121319273616,5.842357842091857,16607,5.842357842091857,9.417301148634703,0.10618753549630061,0,5.842357842091857,240
1,240,62.530001345464285,1.3131987768700026,9.734139735269975,16608,9.734139735269975,6.423782999425991,0.15567151008826993,0,9.734139735269975,240
1,240,115.85122211119312,2.984015961850263,8.268128806066585,16609,8.268128806066585,14.011782451452554,0.0713685074304257,0,8.268128806066585,240
1,240,90.75616421265212,3.013959834567008,10.60351269383716,16610,10.60351269383716,8.559065927784504,0.11683517902973413,0,10.60351269383716,240
1,240,77.40884802137558,1.7947633364617968,9.527094627041862,16621,9.527094627041862,8.125126394951199,0.12307500848496108,0,9.527094627041862,240
1,360,50.53297945740512,2.698745593531031,28.04353043035823,16623,28.04353043035823,1.8019478532810251,0.5549550161394396,0,28.04353043035823,DC_Charging
1,240,73.55302629247389,1.61304968312194,5.792472169725286,16628,5.792472169725286,12.698037062120614,0.07875232960085539,0,5.792472169725286,240
1,360,27.90151989415072,1.4886293627940104,16.82275971757994,16632,16.82275971757994,1.658557832517418,0.6029334524212305,0,16.82275971757994,DC_Charging
1,120,196.68885381026075,3.170278994506317,5.284497634134851,16637,5.284497634134851,37.21997196852971,0.026867295892794373,0,5.284497634134851,120
1,240,55.14715755265177,2.0231596831983527,5.385243210827071,16641,5.385243210827071,10.24042097890361,0.09765223539736402,0,5.385243210827071,240
1,240,53.62420150909279,1.895322353352668,3.9390583183295433,16642,3.9390583183295433,13.613457119830986,0.07345672676658163,0,3.9390583183295433,240
1,240,79.92474051969819,4.147563088384985,4.5999955982654654,16650,4.5999955982654654,17.374960217317525,0.05755408861329683,0,4.5999955982654654,240
1,360,41.8993298805124,1.8093409686244133,27.464611823900967,16655,27.464611823900967,1.525575171029713,0.6554904792564452,0,27.464611823900967,DC_Charging
1,120,247.77807990971735,2.7161618989099905,6.93613722200422,16658,6.93613722200422,35.72277652230777,0.027993344788738106,0,6.93613722200422,120
1,240,37.69436808866482,3.685511831586606,2.392144502677553,16667,2.392144502677553,15.757563159948367,0.06346158919684614,0,2.392144502677553,240
1,360,39.067992078256864,2.3217370696684183,34.45781536160261,16668,34.45781536160261,1.1337919037604314,0.8819960670766075,0,34.45781536160261,DC_Charging
1,360,65.0823241877743,3.623253329974792,17.45753428969151,16670,17.45753428969151,3.728036451642815,0.2682377205725376,0,17.45753428969151,DC_Charging
1,120,139.79583416097248,1.9485391550902047,4.3909104316614815,16675,4.3909104316614815,31.837550853451358,0.03140945120442877,0,4.3909104316614815,120
1,120,121.8762818338623,1.3232699118386488,4.3100991396705695,16677,4.3100991396705695,28.276909157866278,0.03536454406728582,0,4.3100991396705695,120
1,120,125.15518928208176,1.7990254848073477,3.7507734203905017,16678,3.7507734203905017,33.36783517812483,0.02996898044664212,0,3.7507734203905017,120
1,240,80.12090843576763,4.627960496990905,3.234397174999046,16679,3.234397174999046,24.77151200077686,0.040368952850703625,0,3.234397174999046,240
1,360,51.68048014008544,1.9153573739575729,24.93075939984979,16681,24.93075939984979,2.0729605268420674,0.48240185331622915,0,24.93075939984979,DC_Charging
1,120,144.9721786453255,1.9702954482316528,4.200493880888885,16684,4.200493880888885,34.513126969404674,0.028974482691367945,0,4.200493880888885,120
1,360,47.17494962603417,1.4296881059268851,17.04702458385414,16685,17.04702458385414,2.7673421478323728,0.3613575577502365,0,17.04702458385414,DC_Charging
1,360,86.49674074789968,5.406354314156306,32.71816182666021,16689,32.71816182666021,2.643691941074095,0.3782588978932674,0,32.71816182666021,DC_Charging
1,360,39.56016205451623,1.6092829245497977,24.74239956099082,16698,24.74239956099082,1.5988813840387286,0.6254372650671738,0,24.74239956099082,DC_Charging
1,360,65.19519648286165,1.8108588372547043,25.16753107298338,16702,25.16753107298338,2.5904486337496495,0.3860335182761411,0,25.16753107298338,DC_Charging
1,120,687.9173182001512,11.655863079297644,10.641166342717412,16703,10.641166342717412,64.64679679318678,0.015468670523601123,0,10.641166342717412,120
1,120,163.11991699866277,2.270775497734746,4.383857658419203,16704,4.383857658419203,37.2092183890576,0.026875060624602577,0,4.383857658419203,120
1,240,52.10458037893678,1.6134571953635564,7.1611098636333,16705,7.1611098636333,7.276048178445445,0.13743724278275102,0,7.1611098636333,240
1,360,28.79964479763669,4.759335822054428,23.32698207950889,16706,23.32698207950889,1.234606547022435,0.809974645292261,0,23.32698207950889,DC_Charging
1,360,41.26214448571617,1.6836357695951727,30.316313669680824,16712,30.316313669680824,1.361054148446228,0.7347246258656165,0,30.316313669680824,DC_Charging
1,360,44.02042672633608,2.092342546879364,35.305480433696815,16713,35.305480433696815,1.2468440079439171,0.8020249474904481,0,35.305480433696815,DC_Charging
1,120,277.5042110822114,3.128948729614136,8.346583622464138,16714,8.346583622464138,33.24764042803475,0.0300773223941868,0,8.346583622464138,120
1,360,34.316957520196816,2.31967256404678,18.24690365284925,16721,18.24690365284925,1.880700318973747,0.5317168237338716,0,18.24690365284925,DC_Charging
1,240,36.57058683968077,1.6647251939611931,4.4258329003487376,16726,4.4258329003487376,8.262984089796783,0.12102165381569718,0,4.4258329003487376,240
1,120,116.33487647616111,1.665107698969314,2.870150997064968,16727,2.870150997064968,40.53266765237292,0.024671457812164423,0,2.870150997064968,120
1,120,263.4008292093198,14.324043317527371,0.1759083508263756,16729,0.1759083508263756,1497.3753546771677,0.0006678352203917493,0,0.1759083508263756,120
1,360,48.67897350960212,1.389308732283022,13.67885489822514,16731,13.67885489822514,3.5587023820187116,0.281001301219446,0,13.67885489822514,DC_Charging
1,240,53.73580896381561,2.846252169164924,3.4695034943564167,16733,3.4695034943564167,15.488040018182328,0.06456594887578032,0,3.4695034943564167,240
1,120,541.3036709106004,5.874909917165518,11.980660345541637,16734,11.980660345541637,45.18145538714281,0.022132974500962355,0,11.980660345541637,120
1,120,390.0708560247138,14.915184731348129,3.65582327483952,16735,3.65582327483952,106.69849899728449,0.009372203071248924,0,3.65582327483952,120
1,360,39.45894908732394,1.5340537696883971,20.924184670877068,16736,20.924184670877068,1.8858058131289641,0.5302772920933897,0,20.924184670877068,DC_Charging
1,360,46.80816430463092,4.87945965311757,10.279343254527731,16739,10.279343254527731,4.553614286984081,0.21960577619812266,0,10.279343254527731,DC_Charging
1,240,85.45535796568569,1.7764119014359128,5.211205414443569,16741,5.211205414443569,16.398386010429462,0.06098161120027267,0,5.211205414443569,240
1,360,45.932710929306666,1.445638318215327,14.138592461687466,16748,14.138592461687466,3.248747076752824,0.30781097339209196,0,14.138592461687466,DC_Charging
1,120,174.7583309053498,12.988379503775048,1.2326918966000877,16749,1.2326918966000877,141.76967609453283,0.007053694609086884,0,1.2326918966000877,120
1,360,38.58194775329776,1.4175408422562437,20.35232716443097,16754,20.35232716443097,1.8957020217681073,0.5275090644611474,0,20.35232716443097,DC_Charging
1,120,420.6407533799116,4.448395528551638,8.805729985335915,16756,8.805729985335915,47.76898157000044,0.0209340866632169,0,8.805729985335915,120
1,240,52.416878289404494,4.003689429791848,7.840557550791871,16758,7.840557550791871,6.685350875858383,0.1495807802117196,0,7.840557550791871,240
1,120,230.4963748124779,8.545523253550034,4.726221087733791,16760,4.726221087733791,48.76969793281513,0.020504535446940735,0,4.726221087733791,120
1,360,25.08065747037925,3.034727461448976,17.219755077523317,16771,17.219755077523317,1.4565048897307866,0.6865751066478295,0,17.219755077523317,DC_Charging
1,360,36.95584471338446,1.5071237969297444,24.770027780138264,16772,24.770027780138264,1.491958145602781,0.6702600893646248,0,24.770027780138264,DC_Charging
1,120,414.1900381059661,4.102766680044447,10.947416575394756,16775,10.947416575394756,37.8345005192269,0.026430902649073315,0,10.947416575394756,120
1,240,64.73685363263014,3.563076416390595,6.085357938348494,16780,6.085357938348494,10.638134073375326,0.0940014473499406,0,6.085357938348494,240
1,120,804.890049259906,17.371909438569283,9.104969078615383,16782,9.104969078615383,88.40118426654864,0.01131206565044179,0,9.104969078615383,120
1,240,105.12164748247528,1.93487798520303,4.991370389214097,16784,4.991370389214097,21.060678588315888,0.0474818508723068,0,4.991370389214097,240
1,360,32.98481220546568,1.7129555181181886,31.633008979308656,16785,31.633008979308656,1.0427339437434247,0.959017404199954,0,31.633008979308656,DC_Charging
1,360,48.202860387621406,1.37200724884941,14.728452442454468,16788,14.728452442454468,3.2727715675462026,0.30555142006130337,0,14.728452442454468,DC_Charging
1,360,48.71366837494983,1.385616202928616,8.495899242039712,16792,8.495899242039712,5.733786028664643,0.1744048339091741,0,8.495899242039712,DC_Charging
1,240,48.8469876969764,1.472979589522076,7.752851694167433,16793,7.752851694167433,6.300518779912248,0.15871708900991924,0,7.752851694167433,240
1,360,36.28171421398736,1.640974309787529,30.44494559535579,16794,30.44494559535579,1.1917155213941961,0.8391264375159713,0,30.44494559535579,DC_Charging
1,120,358.6571630719201,4.895262815828763,8.924844414179802,16802,8.924844414179802,40.18637708709915,0.024884054559897745,0,8.924844414179802,120
1,240,57.649482431948,1.4881133684690595,5.259167603198605,16803,5.259167603198605,10.96171234339172,0.09122662305610045,0,5.259167603198605,240
1,360,37.830669345387975,1.7704681046914008,36.136983247392834,16805,36.136983247392834,1.046868497195801,0.9552298141348741,0,36.136983247392834,DC_Charging
1,360,66.74865576963009,1.460998659175638,11.647164925085406,16806,11.647164925085406,5.730892985456771,0.17449287616043255,0,11.647164925085406,DC_Charging
1,360,72.38838040450356,3.893965437932002,24.560684483698964,16809,24.560684483698964,2.9473274839937,0.3392904268123527,0,24.560684483698964,DC_Charging
1,360,17.155993201707666,2.7142391596472555,12.133148464060897,16812,12.133148464060897,1.4139770276878036,0.7072250683133398,0,12.133148464060897,DC_Charging
1,360,51.282176761691886,1.1251431482297585,9.735638553668563,16813,9.735638553668563,5.267469255251659,0.18984448727498532,0,9.735638553668563,DC_Charging
1,120,395.7371937833036,5.297560520939596,8.421482908549478,16820,8.421482908549478,46.99139071832013,0.021280493824800517,0,8.421482908549478,120
1,120,247.05715031683303,4.046311969891024,5.874923835185768,16821,5.874923835185768,42.05282608723743,0.023779614666693927,0,5.874923835185768,120
1,240,82.49132958472433,1.3856180520550363,4.31062372611008,16822,4.31062372611008,19.13675023061332,0.052255476397465146,0,4.31062372611008,240
1,120,98.99255463982432,2.223397180589393,3.4098838291678675,16824,3.4098838291678675,29.031063695792245,0.03444586152538874,0,3.4098838291678675,120
1,120,144.41129548089123,5.201897990810138,3.474574496604987,16825,3.474574496604987,41.562296511988954,0.024060268173861435,0,3.474574496604987,120
1,120,59.46721981767069,2.372885667531476,2.12673707136193,16826,2.12673707136193,27.961716856512396,0.03576318310966288,0,2.12673707136193,120
1,120,78.83174930912256,2.9665256914144846,2.5493372456146237,16827,2.5493372456146237,30.922448351911513,0.032338965809548634,0,2.5493372456146237,120
1,120,89.3038627401531,6.138757363420821,2.3389697566029497,16830,2.3389697566029497,38.18085397985452,0.02619113759287922,0,2.3389697566029497,120
1,240,58.566333591179614,3.347784212220456,2.53229234971505,16841,2.53229234971505,23.127793123005677,0.043238020795217165,0,2.53229234971505,240
1,120,308.87769387737023,15.921349009983574,3.4361381314499084,16848,3.4361381314499084,89.89094211618222,0.011124591382160844,0,3.4361381314499084,120
1,360,37.32684004123357,1.5707515326290993,28.110510959237654,16857,28.110510959237654,1.3278606032939166,0.7530910982066797,0,28.110510959237654,DC_Charging
1,120,187.65165765044017,4.933891947288831,4.981403246863451,16860,4.981403246863451,37.670441108857304,0.02654601248523405,0,4.981403246863451,120
1,120,438.6984674556765,10.774891351404772,7.429556565590531,16868,7.429556565590531,59.04773233539639,0.01693545137889311,0,7.429556565590531,120
1,240,84.36449933479442,3.14176335181529,7.257900225107008,16870,7.257900225107008,11.623816354343804,0.0860302648902657,0,7.257900225107008,240
1,240,95.04916477684876,1.8967921446960263,5.09502200824582,16871,5.09502200824582,18.655300138649157,0.05360406922257165,0,5.09502200824582,240
1,240,67.95309265302146,1.3947017535151502,4.433002248355351,16873,4.433002248355351,15.32891003568341,0.06523621038104793,0,4.433002248355351,240
1,360,31.62318949189048,1.9612234579055352,6.7337717578872684,16875,6.7337717578872684,4.696207508793305,0.21293777971428504,0,6.7337717578872684,DC_Charging
1,360,35.64879030169834,2.3100504145837526,33.860719418677945,16877,33.860719418677945,1.0528066418468969,0.949842032004794,0,33.860719418677945,DC_Charging
1,360,66.02314480728589,4.143135399197983,21.51585988726015,16879,21.51585988726015,3.0685803473919786,0.3258835965790863,0,21.51585988726015,DC_Charging
1,120,62.33948844241994,3.710540550170456,1.3446369774373608,16886,1.3446369774373608,46.36157527158589,0.02156958632535682,0,1.3446369774373608,120
1,120,383.5992267624154,3.5165006201117275,9.855927056924685,16895,9.855927056924685,38.9206641391387,0.025693292293910215,0,9.855927056924685,120
1,360,41.48904728727114,1.1032854172961015,15.157422594901192,16903,15.157422594901192,2.737209906730954,0.3653355183104312,0,15.157422594901192,DC_Charging
1,360,40.34712072666236,1.1010891834304146,16.704469638855286,16904,16.704469638855286,2.41534880178496,0.41401887763001055,0,16.704469638855286,DC_Charging
1,360,51.33553537613932,2.4488690898651515,29.580826827952578,16913,29.580826827952578,1.735432740765363,0.5762251549771837,0,29.580826827952578,DC_Charging
1,120,394.0853710970245,8.958375772268925,6.3614402873696605,16915,6.3614402873696605,61.94907965723775,0.0161422898537471,0,6.3614402873696605,120
1,120,304.0637996946828,4.438802612896781,6.635007952188744,16917,6.635007952188744,45.8271944639311,0.021821104514418033,0,6.635007952188744,120
1,240,76.96933805587393,2.192651139220719,4.330882754797756,16918,4.330882754797756,17.772205440243617,0.05626763675236315,0,4.330882754797756,240
1,120,190.413568953385,3.6109261727195294,5.582154641326909,16920,5.582154641326909,34.11112396343837,0.02931594986643768,0,5.582154641326909,120
1,240,77.38952243720139,1.7436739106441943,6.554896108783851,16921,6.554896108783851,11.806369033598566,0.08470004597977582,0,6.554896108783851,240
1,240,77.80577257669735,1.2484089972958394,3.63648851749764,16924,3.63648851749764,21.39585267554687,0.046738029802518274,0,3.63648851749764,240
1,360,40.79410207478233,1.2289856853215546,21.71506950597117,16927,21.71506950597117,1.87860794383204,0.5323090447281781,0,21.71506950597117,DC_Charging
1,360,54.01853020017808,1.2796953357938476,15.61583620211144,16928,15.61583620211144,3.459214703652831,0.28908295253949656,0,15.61583620211144,DC_Charging
1,240,69.46384887004125,3.170367400359944,9.71154921129559,16929,9.71154921129559,7.152705233604461,0.1398072431814823,0,9.71154921129559,240
1,360,49.30987882491404,1.52420144801284,12.0318699741603,16931,12.0318699741603,4.098272249518335,0.2440052634662153,0,12.0318699741603,DC_Charging
1,360,44.883507462629495,1.0886479086589176,7.576540689879394,16934,7.576540689879394,5.924010613786325,0.1688045591398512,0,7.576540689879394,DC_Charging
1,360,46.59090591085542,5.939398289133144,25.24337961072115,16939,25.24337961072115,1.8456683149932798,0.5418091603331453,0,25.24337961072115,DC_Charging
1,360,34.62905320328066,4.499319413527788,29.189843395141335,16945,29.189843395141335,1.186339122636221,0.842929294768474,0,29.189843395141335,DC_Charging
1,360,41.84437550816321,5.576606025298404,16.283035212245935,16950,16.283035212245935,2.569814224604356,0.38913318730421387,0,16.283035212245935,DC_Charging
1,240,68.78057033917054,1.2216988064203058,6.927560650056705,16952,6.927560650056705,9.928541057032469,0.10071973256248878,0,6.927560650056705,240
1,240,39.6447298695859,2.6101972691166044,4.887943592942179,16953,4.887943592942179,8.110717547319878,0.12329365363369632,0,4.887943592942179,240
1,360,37.533439213448766,1.872325912758556,36.057878943022544,16954,36.057878943022544,1.0409219930201068,0.9606867822041336,0,36.057878943022544,DC_Charging
1,240,37.63084662896293,2.2669330130330034,5.416610149202114,16955,5.416610149202114,6.947305711950875,0.1439406931927269,0,5.416610149202114,240
1,360,40.75506483597387,3.53369221260378,8.488621646037643,16958,8.488621646037643,4.801140460182685,0.2082838459514575,0,8.488621646037643,DC_Charging
1,360,73.34373198076102,3.6427279772206544,15.455146216244302,16960,15.455146216244302,4.745586418566023,0.21072211351746295,0,15.455146216244302,DC_Charging
1,120,137.4417015085705,3.587047786876491,3.4385029338121456,16964,3.4385029338121456,39.971378287059885,0.025017901379791412,0,3.4385029338121456,120
1,360,44.58594641315305,1.194799828542606,18.662742490770512,16965,18.662742490770512,2.3890350753755847,0.4185790364935468,0,18.662742490770512,DC_Charging
1,240,71.05442975076377,1.3552285398709576,6.919816754997299,16966,6.919816754997299,10.268253086246864,0.09738754894339177,0,6.919816754997299,240
1,360,42.59034452803123,1.593720324380543,27.62914877699116,16967,27.62914877699116,1.541500423042326,0.6487186023772777,0,27.62914877699116,DC_Charging
1,360,45.58047862581845,1.9933301041051208,25.153667002796368,16968,25.153667002796368,1.812080863627208,0.5518517523540969,0,25.153667002796368,DC_Charging
1,360,53.69673495639189,1.4545522522593135,12.156663259381077,16971,12.156663259381077,4.417061969282985,0.2263948314409382,0,12.156663259381077,DC_Charging
1,240,84.21143894324136,1.4914807157343797,5.763761470623322,16974,5.763761470623322,14.610500342953005,0.06844392570596147,0,5.763761470623322,240
1,360,45.344924169095705,1.909778823707924,27.53477317849297,16975,27.53477317849297,1.6468239587502393,0.6072294459201889,0,27.53477317849297,DC_Charging
1,120,98.28243501982278,1.76085951548879,3.776311620548782,16977,3.776311620548782,26.026039399137343,0.038423057179923656,0,3.776311620548782,120
1,360,79.89765675770676,3.982184617843585,21.029318454769623,16979,21.029318454769623,3.7993459906726224,0.26320319403786746,0,21.029318454769623,DC_Charging
1,120,515.8507293724076,7.249614601194202,9.431261843989477,16981,9.431261843989477,54.69583369707397,0.018282928194099296,0,9.431261843989477,120
1,360,61.3889204630062,1.9488487516851751,20.431106724814896,16982,20.431106724814896,3.0046791536968187,0.3328142370108456,0,20.431106724814896,DC_Charging
1,360,52.06603583957264,1.8925815957829708,28.59085727568068,16988,28.59085727568068,1.8210729163360868,0.5491268312374625,0,28.59085727568068,DC_Charging
1,240,141.2532832396062,3.29054476803564,8.81266618381386,16989,8.81266618381386,16.028439100421704,0.062389106870280986,0,8.81266618381386,240
1,240,68.94913237891201,1.4273346963154578,4.250854179081671,16996,4.250854179081671,16.220065303159227,0.061652032917846954,0,4.250854179081671,240
1,360,53.16281421751879,3.36035932852334,32.556322746687485,16998,32.556322746687485,1.6329489860131075,0.6123890020848288,0,32.556322746687485,DC_Charging
1,240,48.387688862748455,2.333391673228463,7.7329257362350035,17001,7.7329257362350035,6.257358535853131,0.1598118430117509,0,7.7329257362350035,240
1,360,37.87533585919086,1.938004241604576,32.005315469519616,17005,32.005315469519616,1.1834076716182218,0.8450173376285237,0,32.005315469519616,DC_Charging
1,360,41.13830411270045,1.5700125864900227,30.928689233502283,17006,30.928689233502283,1.3301017641620263,0.7518221740199008,0,30.928689233502283,DC_Charging
1,360,60.89563639770483,1.491332081191629,13.590566167779016,17007,13.590566167779016,4.480728443975962,0.22317799717240902,0,13.590566167779016,DC_Charging
1,240,68.17400584715257,4.413230779467146,10.070491237452416,17010,10.070491237452416,6.7696802707708725,0.14771746375048944,0,10.070491237452416,240
1,360,47.544441117519646,1.0793674073154822,7.993112283462196,17023,7.993112283462196,5.948176308731384,0.16811875574906726,0,7.993112283462196,DC_Charging
1,120,410.8141791730616,19.467742431701385,3.221798773681968,17025,3.221798773681968,127.51081244703897,0.007842472185763427,0,3.221798773681968,120
1,240,60.57184094124917,4.834976715732121,9.418063915312956,17030,9.418063915312956,6.431453585992829,0.15548584571579852,0,9.418063915312956,240
1,360,35.22978251605881,2.1285649962763653,31.013447413942828,17033,31.013447413942828,1.1359518355324933,0.8803190141695013,0,31.013447413942828,DC_Charging
1,360,36.099283052574464,2.1189611619702644,35.89608149689424,17035,35.89608149689424,1.0056608283468993,0.9943710362506567,0,35.89608149689424,DC_Charging
1,360,102.74997620060016,5.920227250834795,22.58236909908696,17039,22.58236909908696,4.550008714752364,0.21977979882933596,0,22.58236909908696,DC_Charging
1,360,34.45207115064747,1.585627138306329,28.843108412164185,17053,28.843108412164185,1.1944645722067107,0.8371951946239414,0,28.843108412164185,DC_Charging
1,240,92.2879961999319,1.4968884419242323,4.93984434337797,17056,4.93984434337797,18.682369278223735,0.05352640155580294,0,4.93984434337797,240
1,120,667.527385566672,7.621919475764967,13.567376116445203,17058,13.567376116445203,49.20091990061018,0.020324823235420814,0,13.567376116445203,120
1,240,78.35879461119163,3.532954323108372,9.783134443366263,17060,9.783134443366263,8.009579656172983,0.12485049689583896,0,9.783134443366263,240
1,360,26.984508791442774,1.9365823514408715,24.74090906936111,17062,24.74090906936111,1.0906838029189525,0.9168560102604815,0,24.74090906936111,DC_Charging
1,240,68.50059939522859,1.125959669624856,6.007527629617016,17064,6.007527629617016,11.402460982038887,0.08770036587498051,0,6.007527629617016,240
1,360,43.385951178483616,2.6321719352829462,33.573362624591795,17067,33.573362624591795,1.2922730339410298,0.7738302771437641,0,33.573362624591795,DC_Charging
1,240,96.83099393292056,3.5575399557804217,11.625257196159268,17069,11.625257196159268,8.329363583019171,0.12005719164891189,0,11.625257196159268,240
1,360,54.48817572273672,1.3996229833491407,13.313076594816934,17071,13.313076594816934,4.092831235114364,0.24432964433532464,0,13.313076594816934,DC_Charging
1,240,122.39367508018158,1.567814767658832,5.731045595689551,17072,5.731045595689551,21.356255684344344,0.04682468756604517,0,5.731045595689551,240
1,120,230.32635673557263,16.260139965095135,0.3492383718549945,17073,0.3492383718549945,659.5104527380091,0.0015162761952421252,0,0.3492383718549945,120
1,240,38.113949464702216,1.9649854615811675,5.069059142874608,17074,5.069059142874608,7.518939588281902,0.13299747767071804,0,5.069059142874608,240
1,360,34.189679281655444,1.2918176802846326,23.73000602012216,17075,23.73000602012216,1.4407783652757555,0.6940692781770127,0,23.73000602012216,DC_Charging
1,360,21.254110912937765,1.743228887552334,5.840101287725091,17077,5.840101287725091,3.6393394336516605,0.2747751393435194,0,5.840101287725091,DC_Charging
1,240,83.75102969683294,1.353123353468069,6.641302989462844,17082,6.641302989462844,12.610632255404271,0.07929816521066589,0,6.641302989462844,240
1,120,468.7869606851594,7.711311530148964,9.075492316776348,17084,9.075492316776348,51.65416313763951,0.019359523787760624,0,9.075492316776348,120
1,240,80.24529666115053,1.2776656994132811,4.291422197070304,17085,4.291422197070304,18.698998368404048,0.05347880032385657,0,4.291422197070304,240
1,240,85.90617060351447,1.39189786148624,5.127921072094978,17087,5.127921072094978,16.752631211700393,0.05969211566607989,0,5.127921072094978,240
1,360,37.92023033840828,1.981687299732712,31.808712129468372,17093,31.808712129468372,1.192133469096916,0.8388322498466014,0,31.808712129468372,DC_Charging
1,120,217.42988259701704,12.29710630932019,3.2457632145217303,17097,3.2457632145217303,66.98883073916893,0.014927861689266532,0,3.2457632145217303,120
1,120,304.99375151152714,3.315377303111642,8.820118641962424,17102,8.820118641962424,34.57932527806314,0.028919014236359102,0,8.820118641962424,120
1,240,72.8986258320187,2.0254474928486728,3.3678836069316844,17103,3.3678836069316844,21.64523313156689,0.046199548599068864,0,3.3678836069316844,240
1,240,97.62117353576238,2.635166111225887,11.09237729484552,17109,11.09237729484552,8.800744055210387,0.11362675629772015,0,11.09237729484552,240
1,120,118.95925109691052,1.5765824446083232,2.5194941059448297,17117,2.5194941059448297,47.215530616333744,0.021179471816717442,0,2.5194941059448297,120
1,240,122.35400174432932,2.946045295503162,5.457253108110677,17120,5.457253108110677,22.420437410624107,0.04460216282516156,0,5.457253108110677,240
1,240,31.19483512425499,1.7091399778300016,4.589670404852924,17124,4.589670404852924,6.796748431275344,0.14712917656308777,0,4.589670404852924,240
1,360,41.19883260712119,1.0834593479767105,15.846387778890843,17126,15.846387778890843,2.5998879480914026,0.38463196105590153,0,15.846387778890843,DC_Charging
1,120,103.52505125629824,6.75727077926836,2.3824271633933307,17128,2.3824271633933307,43.4536059892995,0.02301304983172746,0,2.3824271633933307,120
1,360,73.18287664277547,4.614058588454513,32.3064364125662,17130,32.3064364125662,2.265272334843765,0.4414480257487317,0,32.3064364125662,DC_Charging
1,240,86.85123432122563,1.355204060959296,5.344183913474453,17132,5.344183913474453,16.251542934786542,0.06153261902655981,0,5.344183913474453,240
1,240,91.52477534578966,1.712608586780252,4.211343660740937,17135,4.211343660740937,21.73291536356996,0.04601315485156957,0,4.211343660740937,240
1,360,50.16191426918704,1.0641629212963255,13.173644849903212,17137,13.173644849903212,3.807747577888862,0.26262245055498984,0,13.173644849903212,DC_Charging
1,360,45.394664751802765,1.5795334742681195,21.931665418105894,17138,21.931665418105894,2.069822965397182,0.4831331068974338,0,21.931665418105894,DC_Charging
1,120,343.2959709937436,3.685402292859602,8.966378337358634,17142,8.966378337358634,38.287027167188846,0.026118507337570943,0,8.966378337358634,120
1,240,66.9818423275309,2.1635647328412397,4.705878791357307,17143,4.705878791357307,14.233652267148909,0.07025603697710021,0,4.705878791357307,240
1,360,31.59164937373102,1.6389337547557177,10.172444195632394,17148,10.172444195632394,3.1056104871329846,0.32199788226603165,0,10.172444195632394,DC_Charging
1,240,73.94306776302129,3.282767166203853,5.4557875967876015,17150,5.4557875967876015,13.553142685862511,0.07378362518407743,0,5.4557875967876015,240
1,360,49.61397733418151,1.4701375702674486,11.46151128611278,17151,11.46151128611278,4.328746540981535,0.2310137566458793,0,11.46151128611278,DC_Charging
1,120,572.7694282225849,8.648909496684167,10.153409201970248,17154,10.153409201970248,56.41153792082369,0.01772687001378243,0,10.153409201970248,120
1,360,59.56068931449183,3.4312125697375118,29.253076878024288,17158,29.253076878024288,2.0360487056742893,0.49114738621580495,0,29.253076878024288,DC_Charging
1,240,138.44602888033788,3.4551061008064696,8.728540837808282,17160,8.728540837808282,15.861302759866721,0.06304652367712593,0,8.728540837808282,240
1,360,37.5384618062916,1.6339828508453602,19.57448204940464,17172,19.57448204940464,1.9177243980988676,0.5214513623497454,0,19.57448204940464,DC_Charging
1,240,69.85347117837483,1.942545696093257,6.1856455427522405,17173,6.1856455427522405,11.292834465793563,0.08855172747187955,0,6.1856455427522405,240
1,360,36.80590965412746,2.1316990013981494,24.664852362401305,17178,24.664852362401305,1.4922412310982969,0.6701329377315188,0,24.664852362401305,DC_Charging
1,240,50.023741489947774,1.6158330586529466,7.747089570101721,17182,7.747089570101721,6.457101216823927,0.154868255339487,0,7.747089570101721,240
1,360,27.367393251032222,5.48401304502693,22.62815800116404,17191,22.62815800116404,1.2094397276890319,0.8268291317921033,0,22.62815800116404,DC_Charging
1,240,96.56907637906522,1.772183917902321,4.281563302715099,17193,4.281563302715099,22.554630061834462,0.044336794585344924,0,4.281563302715099,240
1,120,401.7558631206427,4.209780028679159,8.54274564376469,17195,8.54274564376469,47.02889210026784,0.02126352451314295,0,8.54274564376469,120
1,120,134.6182983734854,2.2320574320992184,4.364164850015442,17198,4.364164850015442,30.84629087120966,0.03241880860733724,0,4.364164850015442,120
1,120,150.13125658795823,3.6077284167630586,3.7015788698410574,17199,3.7015788698410574,40.55870801812869,0.0246556177172366,0,3.7015788698410574,120
1,120,112.342415219276,2.69859607845189,3.1231515427477774,17204,3.1231515427477774,35.970849855219036,0.027800288400884395,0,3.1231515427477774,120
1,240,59.49808339330959,1.2600720540052346,8.207709771065453,17208,8.207709771065453,7.249048157508873,0.13794914563564561,0,8.207709771065453,240
1,120,950.9243996625066,25.22736477587605,6.580684112008569,17219,6.580684112008569,144.5023622889359,0.006920302091674296,0,6.580684112008569,120
1,120,225.8792221362577,5.89634675170442,6.172805665137616,17226,6.172805665137616,36.592634595960824,0.027327903853918794,0,6.172805665137616,120
1,360,44.83945866156277,2.6451182857281497,37.13259002219724,17228,37.13259002219724,1.2075499886961425,0.8281230668386279,0,37.13259002219724,DC_Charging
1,360,57.90140259931749,7.168331230324895,14.33883459973974,17229,14.33883459973974,4.038082885785463,0.24764226695794686,0,14.33883459973974,DC_Charging
1,240,67.45821650667986,3.048073575415558,8.936701733066457,17230,8.936701733066457,7.5484466777132635,0.13247758680636812,0,8.936701733066457,240
1,240,36.46643606013019,1.542053971119753,5.350795367966029,17237,5.350795367966029,6.815143086660777,0.14673206230362085,0,5.350795367966029,240
1,360,45.41374030939326,9.957623261448134,18.651851077074056,17240,18.651851077074056,2.4348114362339945,0.4107094229632558,0,18.651851077074056,DC_Charging
1,360,33.03827009517428,2.0643092620231625,31.93274767872097,17245,31.93274767872097,1.0346203348229255,0.9665381264434062,0,31.93274767872097,DC_Charging
1,360,79.49359173730387,4.704721785172126,32.926181166847414,17250,32.926181166847414,2.4142973439429434,0.41419918822709556,0,32.926181166847414,DC_Charging
1,240,86.11504575301349,1.8991262705604972,10.322009618274407,17251,10.322009618274407,8.342856569378965,0.11986302193787317,0,10.322009618274407,240
1,360,55.29161041137534,1.5868056482116435,19.55245774571418,17252,19.55245774571418,2.827859859382386,0.35362431298784497,0,19.55245774571418,DC_Charging
1,360,35.222406731840124,4.348497970597461,23.953721319650214,17271,23.953721319650214,1.470435689795963,0.680070544355979,0,23.953721319650214,DC_Charging
1,120,362.7631290440748,5.747432902810908,8.576469057733064,17273,8.576469057733064,42.29749173023432,0.023642063845719683,0,8.576469057733064,120
1,360,39.79881242864283,2.2193009252998506,38.921796158750965,17276,38.921796158750965,1.0225327799959376,0.9779637578014593,0,38.921796158750965,DC_Charging
1,360,68.50621028591539,2.7992877041232007,38.18053053941922,17277,38.18053053941922,1.7942707793226347,0.557329479766435,0,38.18053053941922,DC_Charging
1,120,702.7457183359427,13.323684943637655,10.40690935378592,17278,10.40690935378592,67.52684149019626,0.014808926020109837,0,10.40690935378592,120
1,360,48.31434282905238,1.6499753288805554,17.744849449933255,17281,17.744849449933255,2.722724865340241,0.36727912273832947,0,17.744849449933255,DC_Charging
1,360,15.46842590611558,2.095203057398196,11.2486874002812,17283,11.2486874002812,1.3751316358679229,0.7272031083546731,0,11.2486874002812,DC_Charging
1,240,57.49652866937917,1.605136126471429,5.814837870939883,17287,5.814837870939883,9.887898845249438,0.10113372068732701,0,5.814837870939883,240
1,360,90.87988324923752,3.759751263544858,18.9119210495369,17289,18.9119210495369,4.805428439088313,0.2080979901533442,0,18.9119210495369,DC_Charging
1,240,115.6930288209515,1.7276932317966345,5.892668179671361,17292,5.892668179671361,19.63338597955872,0.05093364950096479,0,5.892668179671361,240
1,360,53.47142791273868,1.007891010497611,8.676032233244172,17294,8.676032233244172,6.163120015604698,0.16225548057932543,0,8.676032233244172,DC_Charging
1,360,36.97720727884336,1.3163031959690592,23.07100055056665,17296,23.07100055056665,1.6027569848042482,0.623924905323145,0,23.07100055056665,DC_Charging
1,240,44.14969414696236,2.9444052084218426,2.3365633203963228,17297,2.3365633203963228,18.89514132211653,0.05292365814853749,0,2.3365633203963228,240
1,120,348.8220879612248,5.380415120944471,7.011419539458089,17299,7.011419539458089,49.75056563056347,0.02010027398333067,0,7.011419539458089,120
1,360,46.27406707640462,4.31104065696614,12.93091121025077,17300,12.93091121025077,3.5785619686044714,0.2794418564700639,0,12.93091121025077,DC_Charging
1,360,53.01975856617463,1.0360128773147173,9.026147884387058,17304,9.026147884387058,5.874018379189791,0.1702412106068233,0,9.026147884387058,DC_Charging
1,240,88.68464984448993,1.3797664474706308,5.642940054158814,17305,5.642940054158814,15.716036143097048,0.06362927591250354,0,5.642940054158814,240
1,360,48.75899672382717,5.126739278859993,16.90171414011037,17311,16.90171414011037,2.88485512887208,0.34663785712906137,0,16.90171414011037,DC_Charging
1,360,51.148728749511946,2.9045713270720186,34.05070297746873,17314,34.05070297746873,1.5021342961217845,0.6657194383896323,0,34.05070297746873,DC_Charging
1,120,73.96656290816456,4.624844102596935,0.9471420113611232,17316,0.9471420113611232,78.09448004726171,0.012805002343249019,0,0.9471420113611232,120
1,120,210.97110764260927,2.6451996472906503,5.433963135550286,17317,5.433963135550286,38.82453788881743,0.02575690669812269,0,5.433963135550286,120
1,360,104.7825746663842,8.284053255549624,24.523430519725,17320,24.523430519725,4.272753544089362,0.23404111416239592,0,24.523430519725,DC_Charging
1,360,40.79524557871653,1.2835622113536125,13.212580821191152,17323,13.212580821191152,3.08760613318532,0.32387550641647184,0,13.212580821191152,DC_Charging
1,360,49.90902708723654,1.8588126729850196,25.94957287952576,17325,25.94957287952576,1.923308230117915,0.5199374620981534,0,25.94957287952576,DC_Charging
1,240,66.77206267009677,1.378999676381608,6.791626148073036,17332,6.791626148073036,9.831528004385484,0.10171358913425631,0,6.791626148073036,240
1,120,54.74853061044403,4.061593855058923,1.4303277559925789,17334,1.4303277559925789,38.27691267338315,0.02612540903005942,0,1.4303277559925789,120
1,360,41.046132547997566,2.133214756741103,36.11476742801811,17343,36.11476742801811,1.1365470546033107,0.8798579838377482,0,36.11476742801811,DC_Charging
1,240,66.93711698394361,1.6437515215638006,6.0301431338980365,17344,6.0301431338980365,11.100419259977627,0.09008668741058123,0,6.0301431338980365,240
1,120,128.35177915448472,2.399249631498186,3.21255606022396,17348,3.21255606022396,39.953164006587585,0.025029306811223197,0,3.21255606022396,120
1,240,86.87689146094546,2.344704452561637,4.200252404591339,17353,4.200252404591339,20.683731141009392,0.04834717649260639,0,4.200252404591339,240
1,360,35.62090866075603,1.520778626954906,9.057548129837611,17356,9.057548129837611,3.9327319215023215,0.25427616729542946,0,9.057548129837611,DC_Charging
1,360,42.21784536381849,1.326375211474096,20.385983964248297,17357,20.385983964248297,2.070925074691395,0.4828759920969221,0,20.385983964248297,DC_Charging
1,120,1014.9942706145438,23.702256023166232,9.195172965904147,17359,9.195172965904147,110.3833798861815,0.009059334847611296,0,9.195172965904147,120
1,240,70.77762090773312,2.202208128990835,7.940728580431298,17361,7.940728580431298,8.913240163144938,0.11219264618660979,0,7.940728580431298,240
1,120,758.4796441581631,9.759454672360684,13.692685661336611,17362,13.692685661336611,55.393051656757606,0.018052805723658055,0,13.692685661336611,120
1,120,197.5226924668477,2.057322205762948,5.968958036159833,17365,5.968958036159833,33.09165373089558,0.03021910020369769,0,5.968958036159833,120
1,120,504.2994423764115,5.689260442266504,12.182134845388305,17367,12.182134845388305,41.39663932281296,0.02415655029873204,0,12.182134845388305,120
1,360,96.59416728211023,6.28780399720205,29.206355377832523,17370,29.206355377832523,3.3072995939584,0.3023614799901246,0,29.206355377832523,DC_Charging
1,240,51.56872193404012,1.332689537931815,6.26595722861029,17377,6.26595722861029,8.229983074027048,0.12150693276100333,0,6.26595722861029,240
1,120,199.65160999713456,2.4577228832736533,5.262989590115012,17378,5.262989590115012,37.93501898087007,0.02636086726368271,0,5.262989590115012,120
1,120,241.77780958744825,2.2455741940183183,7.374316780833425,17383,7.374316780833425,32.7864691432639,0.030500387084391296,0,7.374316780833425,120
1,360,33.53191081604356,1.9160699040049285,6.091120062414205,17388,6.091120062414205,5.505048410218539,0.18165144527045168,0,6.091120062414205,DC_Charging
1,240,73.93540518360368,3.485059131101678,10.22080606929373,17390,10.22080606929373,7.233813525307667,0.13823967074924953,0,10.22080606929373,240
1,240,79.00359846306718,3.124944050109226,5.222379938281975,17391,5.222379938281975,15.127891765197244,0.06610306416261973,0,5.222379938281975,240
1,360,47.505492123387775,0.9919946870362806,10.962812771055866,17394,10.962812771055866,4.33333060734306,0.2307693759404017,0,10.962812771055866,DC_Charging
1,240,62.15152728127379,1.0624798640391389,6.904620401789316,17395,6.904620401789316,9.001440146538306,0.11109333436878667,0,6.904620401789316,240
1,240,85.18140236719826,1.3608874830930775,4.0739769545097175,17396,4.0739769545097175,20.908660829047182,0.04782707071371871,0,4.0739769545097175,240
1,240,127.76551093808348,2.987422933253164,6.22492291156432,17399,6.22492291156432,20.524834243445444,0.04872146533019372,0,6.22492291156432,240
1,240,127.97719520978744,3.63819814581233,9.720292318620736,17400,9.720292318620736,13.165982155148479,0.07595331576603694,0,9.720292318620736,240
1,360,35.13434589832193,1.196488257071776,20.44393827566064,17406,20.44393827566064,1.7185703373087775,0.5818790062244213,0,20.44393827566064,DC_Charging
