event,charge_mode,duration_minutes,km_driven,charge
1,240,482.01083464222404,6.725640390050647,13.856000951023262
1,240,493.91047649897075,3.3272489381253347,24.643716868972945
0,0,145.03108230471494,65.37822709696187,-18.75802354854889
0,0,79.78172218371888,7.451273274424188,-0.6512788346859253
0,0,77.82595170789683,19.369540161066965,-4.567632917929473
0,0,109.03378034189684,103.82405036503324,-25.829710562468044
0,0,79.7487966021588,23.490505863364657,-7.2600758223706805
0,0,70.54343541641215,8.275202989268934,-3.785935662115577
1,120,409.8591356195799,4.097276799675138,13.245767929896616
1,240,627.085266034178,21.258849607242933,-0.38757265408389685
1,240,785.4471902380301,3.470463039621932,44.913114347779995
0,0,123.78091536665693,39.277396296532075,-8.57674677436053
0,0,98.55540814040117,57.350436621736584,-12.182446765593838
0,0,91.76562496239227,49.43002344473192,-12.1704204913828
0,0,98.11903790918281,101.75053430823573,-25.138828585593124
0,0,66.3576355363901,29.700858135860898,-8.542358816291355
0,0,72.71904040433743,5.82474464139132,-1.0280404471945275
1,240,166.61710264435,3.326507348543435,9.27980282355665
1,240,263.6593963845183,4.705734017850603,3.2885307104305497
0,0,139.51496763384102,8.571483256108312,-1.0366427206635933
0,0,147.34245926383838,48.968401414998446,-8.446840820283924
0,0,96.33639738494497,41.617290789677135,-7.546487143695401
0,0,100.64663884581596,91.17122444548687,-21.252804385465282
0,0,102.00167191196195,114.04867509990055,-29.011236042029466
0,0,75.26499441948522,53.17527328764019,-15.285077561392072
0,0,97.26539870511371,5.965406609833324,-0.010710646491801867
1,240,188.52884194937178,4.595250481308238,2.3032850648286285
1,240,270.74293651131603,5.636458047198399,0.6770643667468761
0,0,91.37881031037512,9.173512311713807,-3.0547899728117898
0,0,117.08011457888932,10.037354301148026,-1.120794936430272
0,0,132.17634352141243,11.108342317793173,-1.701110222678679
0,0,87.69803183111105,21.46314298502473,-4.17403663510612
0,0,115.49363320883143,113.24574588443592,-28.718399435361768
0,0,80.18033200447877,40.83249002145461,-11.12607912927109
0,0,110.49726547854904,4.40490584629813,4.940611068437093
1,240,291.8803096685089,1.7295495718872178,26.226070199523917
1,240,281.30911782101083,2.712892619615844,7.365205174094612
0,0,75.8358443112466,5.265216993944477,-1.5079976376212159
0,0,70.80557043035441,5.001235920206395,-0.026462106695277043
0,0,112.30067366173611,10.526655423143696,-1.9610700814812247
0,0,124.57284106891399,22.825119292472433,-4.843661274041239
0,0,115.51519439186715,98.12345869419347,-26.577035712068053
0,0,62.794757732290655,15.866044460826012,-5.777832241908598
1,0,159.55333260336423,3.836129423883105,7.609894412304058
1,240,241.05248463549916,2.86183773984059,8.48117578629629
1,240,286.6237793984421,6.244080046441041,-0.1703969527008411
0,0,62.15961538543615,6.00961455392063,-1.8144245682215967
0,0,49.54060993611257,4.513143632095673,-0.22436195204939224
0,0,64.45604008355848,15.176623799583728,-6.873797812738147
1,240,349.7605460120093,8.257716185096768,7.461700701178074
0,0,183.32124944332455,123.89402470636594,-30.20613304170491
0,0,64.66388671392654,17.657217712911155,-6.8255606170999386
1,120,140.16906953833342,3.1532549207542457,10.999264134436274
1,360,151.58609004567788,2.9445237373515236,8.984746957148786
1,240,205.1131212670531,5.523134044323171,-1.0159560495141022
0,0,59.31252464749519,7.650272420040224,-3.0731464212340853
0,0,52.87712932651201,5.6620520250961475,-0.3874828269039341
1,240,622.0834796679908,1.344843602712345,44.323848047246244
1,240,654.5073272842424,2.8721394501841053,40.027170968006274
0,0,405.4514040566546,152.3184769931372,-42.435086432465205
0,0,85.13544215029295,10.270109196707693,-4.128367440024405
1,240,151.0530345725501,3.3967243982530704,12.844557472583759
1,360,145.27370796218796,6.454161748626012,3.724742064216997
1,240,210.955771099517,9.645103723998245,-5.830465685413046
0,0,54.986679102266315,9.98155391535181,-4.089503974812544
0,0,52.42423679020713,4.989264448835912,-0.915217509165501
1,240,291.0257749158279,1.966842670805545,20.40161244353422
1,240,383.7756361428377,3.2329716269699604,17.677090667943972
0,0,155.02353436382026,113.47596489106934,-29.400610447394726
0,0,217.1864088660402,119.76071707632615,-28.992869025703648
1,240,343.82820528565543,12.930216070014193,1.188730551699237
1,360,247.29788195003107,13.47610271067648,-3.22137712002241
1,240,253.249698024679,9.831487950270697,-6.284214475098636
0,0,63.39063197292237,6.417175673269043,-2.217014136944414
0,0,52.70524634134944,5.284288051856861,-0.1774087566894309
1,240,699.5642597343235,1.331102310996497,42.22968058109355
1,240,710.5146200624624,2.7328654522647216,28.659784405923205
0,0,158.49783220775086,114.1856600293995,-29.34545655889964
0,0,158.01044971382967,100.45142277751471,-25.71908046442038
0,0,154.42924150333232,20.2078003556997,-4.4328498763762525
1,240,383.0254611435883,9.557655263912219,2.756732669263755
1,240,312.03194453334913,7.28045859395244,2.4265702273470424
0,0,80.4613755637962,18.956278706343962,-7.627569383488179
0,0,52.4515510228699,5.268479807614521,0.16078529190600932
1,240,533.5401122955727,1.2557726475006015,44.10784009920265
1,240,376.3340579482164,3.867053280783837,15.433387366917671
0,0,123.16942570560896,107.67223383460596,-28.231234934731283
0,0,128.3071994281036,124.90634434610895,-32.809345852735845
0,0,95.20135186769032,14.746622770592802,-4.706944306143001
1,240,727.3589598954028,3.7674503772704617,33.572284927254344
1,240,444.468031160386,7.879305605303869,6.710132538312919
0,0,92.11415774526554,8.572358634136233,-2.819987008349642
0,0,61.717860526488046,5.725673958694405,-0.3962066312635244
1,240,434.19384404240213,1.7086631198249225,34.17154846452242
1,240,717.3157109587038,2.1005896040527703,41.454894734184776
0,0,147.20403465497967,120.18445779874008,-31.422752367075248
0,0,122.82602248915191,131.8469766773651,-34.9051724797419
0,0,81.50082976877493,22.564543619753273,-8.707968432425943
1,240,460.05973654251244,4.013158385901508,19.690899795695316
0,0,217.10510665535028,58.09632728784386,-13.832117641596753
0,0,91.56969819740908,11.583558878055086,-2.9934749965618437
1,240,369.82405435901575,1.5317465130276295,39.57959911793084
1,360,213.15852594725854,1.5068609596163933,44.67701681513607
1,360,190.07747222050418,3.628961286608586,16.11247027950732
0,0,125.95827744363086,155.4488576994284,-45.86768152198908
0,0,95.72975955688295,124.13771551011357,-34.3360327514708
0,0,53.9298353837351,8.361352821538283,-4.052320806261108
1,240,291.8514253917607,3.498413544195356,13.961711689980206
0,0,131.6500783472533,75.02302308497298,-18.06174665692464
0,0,145.21394426241702,23.999950606969808,-4.390794904299952
1,240,329.7536499405445,10.232233304097601,2.1651414299545593
1,360,174.80452546392013,3.098949671605201,24.962878123320507
1,240,218.7630732095424,3.5077248139351176,13.88526347588298
0,0,92.42488477344683,86.67507352532596,-23.862981444918958
0,0,87.28564303139221,112.84302867391725,-30.13407579152217
0,0,52.10616966422582,13.760772938001235,-6.398004376300165
1,240,185.98973491348454,2.4859152190404474,12.892049631023482
0,0,54.86565534301846,8.340911390908994,-2.6131255808066243
0,0,54.682062209550985,14.077620076238851,-4.7379875227466215
1,360,224.0843323729499,10.136855904472089,12.419262763138263
1,240,524.6513275441307,4.487796474703734,24.69647184336793
1,240,688.6402897500894,2.4050187830030856,43.543535186794074
0,0,136.88395917268005,116.23025431811583,-30.857887355779866
0,0,102.2707899378653,123.11310808972297,-33.681752708453466
0,0,53.82635417482783,10.990721291742748,-4.989350392031881
1,240,192.26172662097218,2.1703089517186966,25.179488441865004
0,0,53.954542322970845,19.574311838183608,-5.594014128001049
0,0,45.477568232270286,24.111988165124625,-8.874862048838779
1,360,163.3725413595162,11.066804276691022,4.542264512979415
1,360,278.24144439111365,7.7557996925317285,15.276284913120406
1,240,547.3612613916928,12.709618099623707,17.65607110783347
0,0,226.21118097378965,161.91546470650187,-44.18295955197082
0,0,164.60228830846404,168.30021574590066,-48.031784731691936
0,0,61.426880912001934,10.232083497136122,-5.953254156465803
1,240,328.048457367148,1.7493987686702965,33.9798044229714
0,0,57.535931910402226,17.155236243832704,-5.828568746730369
0,0,38.782823733691345,13.898353485539802,-5.970696481233219
1,360,143.5091937952972,15.79638783354456,-0.6561136505484484
1,360,195.22383867524965,14.129016498348214,5.406655613873582
0,0,222.0987083873883,123.77039606017956,-34.76189812770664
0,0,209.7316128273497,128.90231328563232,-28.733543241112578
0,0,160.33412629629368,151.0477241007145,-40.736974928681235
0,0,73.93840352381065,13.046209975874577,-6.492951705517271
1,240,349.11926518954283,1.9083398937674676,29.65553454762862
0,0,56.36178832780046,10.384861329200636,-4.19515130634835
0,0,41.38720095970685,24.847753324558443,-9.714365736932436
1,360,118.47142303184621,9.072843838503045,5.88997868157287
1,360,133.69717777740098,3.530062520936741,31.355212743110116
0,0,130.1189849584323,117.74656067433733,-33.88205146790767
0,0,129.36391278196345,19.70495072820593,-6.0233140728823855
0,0,186.21167226441696,110.64784048594835,-28.258885854303493
0,0,63.0883956524665,9.806676849114412,-4.429029579252088
1,240,148.09668123592886,1.8602383223590688,27.894847845099378
0,0,41.91028636949083,7.938816871977204,-2.2521154285014973
0,0,29.044670638174217,6.853780842887097,-2.868012845917363
1,360,77.29699421987286,3.6407412126322383,12.622124239197191
1,360,130.13270158907017,5.358336008503114,12.298291971491736
0,0,94.49359073086374,83.8692938212063,-22.336157163438187
0,0,80.69233641719785,11.041515778651469,-1.9839231728532525
0,0,133.77195041846494,23.63723546497235,-5.4600606668745115
0,0,135.61331172510293,8.321296605922567,1.1846566248904793
1,240,182.13752689139304,2.7043001525557098,31.14949793309954
0,0,66.62785882798536,50.80348615582845,-15.827771111092773
0,0,31.3925128630864,5.5259659373660694,-1.708962174997481
1,360,76.43679710603185,4.039283456551247,13.289740976462625
1,360,108.81658146336659,4.8774646866711535,16.952396683741966
0,0,91.6560959663401,95.86177065455307,-26.64133612106371
0,0,96.02305739530746,47.29114823505393,-11.426857515437561
0,0,113.75643894263263,34.97487899614699,-9.641521177937108
0,0,180.51508754415883,75.88333378139353,-16.63857765716527
1,240,340.06817075423874,6.3536967782454505,14.66848250980442
0,0,79.55759697351942,7.802839980887722,-3.7606361010776084
0,0,36.54917529285404,6.514009629736888,-3.1857051616750027
1,360,94.10287080673523,4.098611976780609,7.3963170820711355
1,240,173.34662900404848,4.864937305130363,7.694997739387958
0,0,110.91688101548411,97.56037944857252,-27.71984351527056
0,0,79.61429426949901,9.371473186792604,-2.564751002422611
0,0,80.01833406222215,11.175105685324613,-2.431035319125371
0,0,114.35998202675732,48.59079040730115,-10.947661214064652
0,0,136.1077225752187,12.035682604959849,-1.4982751663785479
0,0,88.74327876192115,11.42422022303905,-4.622258411248325
0,0,44.638019748765544,8.140110500723122,-3.6974664577590772
1,360,106.36271025042659,7.916191508535993,6.349291472464174
1,360,143.19969672944995,8.8147941277428,8.9712834480584
0,0,99.19277802272703,96.89796555316893,-27.078900166501313
0,0,82.99506963180775,20.77774725780773,-5.082273967724021
0,0,78.02106227667677,6.556608953891445,-0.5597343704037598
0,0,101.95400378648075,54.548432775007456,-12.922057345620857
0,0,109.95028932573258,42.25545039654633,-8.133481344971372
0,0,157.8044962052108,47.17015835727338,-9.52865596829399
0,0,97.97836876076516,20.105094146832194,-8.461429811099677
1,360,130.01457986076718,8.582562654096735,6.846553604912458
1,360,133.42440954069977,6.744273758949071,15.449989543354874
0,0,113.82480671071279,103.05290910385257,-31.725882111775945
0,0,73.76429300317672,9.19377144712491,-2.258905306516084
0,0,76.0835768630191,13.154201843617884,-1.858355343173514
0,0,107.20181662765457,70.80592463108134,-15.585063354794187
0,0,111.0515420529612,45.641950469678456,-10.453727971226627
0,0,109.16957498521177,27.975572873279276,-6.94601358147375
0,0,126.52476295291656,12.074157725415857,-1.8493673412258147
1,360,463.58112437294693,31.558839878056244,0.10417831667628263
1,360,256.44841628943055,17.325983691662103,2.95554663827275
0,0,152.40419070673067,131.27077939564742,-39.74011515710573
0,0,98.51626473082052,17.468385135515252,-7.40984943507361
0,0,91.24470473975857,25.840105320749146,-5.741388826603881
0,0,118.94461278067763,80.24441296939486,-18.70739272276235
0,0,98.22883897063605,19.263877520839184,-4.72877231087314
0,0,79.80019429084649,7.0036839154588915,-1.270520993567331
0,0,85.20599777764014,9.653271813205153,-2.796637225511958
0,0,116.62097020638876,9.514524395779883,-0.776191454347142
1,360,315.1180503941696,12.716316095214657,15.927764461703717
0,0,162.2491719823913,124.56445237175708,-33.347378956982176
0,0,124.67249635811855,81.57464825004051,-18.89997691264358
0,0,106.15317454736012,29.00692521674274,-6.695934712466737
0,0,93.09221019003765,14.116260345333115,-4.410091896135938
0,0,96.85501071969865,16.22131979203773,-7.150227749183841
0,0,79.83343728204116,5.947365700394002,-1.1353469395836981
0,0,75.05049352284902,8.012174453168448,-1.3493258501505494
0,0,87.09909118668797,14.06120267718327,-3.1517716234573925
0,0,134.94448428077698,23.54525218572107,-4.977292414110281
0,0,232.98327423269905,104.05302037868663,-23.651406732403963
0,0,110.5541384834335,9.646258862014468,-1.4786030139674438
0,0,88.77876629267475,7.321739436355667,-1.0872259908842636
0,0,83.42053457486608,7.798682386480891,-1.6483922359460195
0,0,98.29328446251728,27.338111763929263,-8.760570172219829
0,0,86.35871054187753,6.151647797531111,-0.5706615826482277
0,0,89.8221030976481,20.798983748274743,-5.872383274743527
0,0,95.89907492482283,23.078904919539976,-6.278470819532998
0,0,92.70955587144536,7.529254566260842,-1.9368960021686235
0,0,122.15473512015785,8.290548275853208,-0.37234958905665394
0,0,166.72113365208864,29.60965637967372,-6.347923081496916
0,0,108.15961153610445,20.999189020421,-4.544166888153015
0,0,95.24018920369474,15.322360704458726,-3.891059882426916
0,0,120.35216580529078,62.236988093318175,-15.567927499228986
0,0,95.2135494665055,8.602812764992086,-2.587096834425452
0,0,76.06297357691635,5.899991053729406,-1.031850176415162
0,0,72.61914138987773,5.945222829128749,-1.1836475426430582
0,0,82.30998627976717,10.458666526373166,-4.140626208112977
0,0,123.11016079240666,85.97802714827344,-18.77588330550553
0,0,196.87795096959312,90.29664779456596,-19.44044063470058
0,0,176.12458678996873,49.02155581277625,-9.561907876734253
0,0,125.46959130299616,30.929924985123137,-8.33604691973163
0,0,126.19647070227792,22.980683895001086,-9.424482859299872
0,0,108.98457051247618,6.09469813965391,-1.4506614770482997
0,0,78.18804808461988,5.650270971008027,-0.9461814664926891
0,0,72.9633154583045,5.477612581968197,-0.8532631747523141
0,0,78.79508834275433,9.668858956811574,-3.8874826470838286
0,0,94.84938425912839,23.884178704196916,-8.214077461202024
0,0,87.63103572609467,9.991698373508353,-2.0987857162625403
0,0,117.36721159338083,8.151961494808319,0.023164768256421553
0,0,147.77258332689024,9.136127352760612,-0.03184645354107829
0,0,123.20107598060147,39.79176481593138,-11.580604659865742
0,0,94.19866050003276,8.557992507511022,-0.10988513711876635
0,0,111.54755128730835,53.944107882594714,-12.557475241924394
0,0,119.30019092383309,59.49617046338591,-14.06341206208873
0,0,89.12592174445506,12.29187597282996,-2.367511651038768
0,0,101.2761528396856,37.3196756062484,-10.102989821147446
0,0,89.11859298271341,16.023561968563346,-3.5848231740899763
0,0,116.20698869046775,55.42840247654163,-12.185125729137326
0,0,137.9114935122739,16.165528430757263,-2.9862941061168584
0,0,151.41533499832394,17.294112711833222,-3.942076436692105
0,0,93.76252832604035,6.725654378050062,0.1920451505318823
0,0,108.25976561187767,22.862419420977563,-9.392293025163823
0,0,110.36640202062873,36.958185993490034,-10.13262222263053
0,0,85.52410457982577,7.885266297957899,-1.328475376496442
0,0,85.92339456408837,11.49984205523241,-4.988890688228565
0,0,81.54101609572639,11.106654733347595,-3.242946211116191
0,0,80.75500781594286,6.426225908890684,-1.7856957224898764
0,0,86.73273245201466,12.81116195086239,-3.158904958336521
0,0,121.00592762803183,13.693913910602825,-2.181236499561763
0,0,167.33019739664363,21.075756621865143,-3.9422085354861593
0,0,106.12338338594168,13.660528617030803,-3.0196781133511905
0,0,85.58302941127673,6.959225992285262,-0.8887079231739534
0,0,78.20379953773667,5.8627983169617215,-0.8743355743804386
0,0,83.38589724849086,12.692479641759562,-5.536049177168422
0,0,75.83787913372554,8.438797605913493,-1.8448389945655066
0,0,111.73211365376717,65.98067489009824,-17.67925195675393
0,0,88.60260961350352,13.208518599024513,-3.077230915946359
0,0,125.08478880134118,64.09921496772314,-15.489540074834991
0,0,146.4779601158428,16.57105587548102,-3.027371547117127
0,0,142.98934483018027,22.073734501175487,-3.9217385063589347
0,0,105.89913347910006,20.752666323630464,-4.718373493804904
0,0,112.73275886288744,51.87895935680221,-11.430429466828883
0,0,126.83327378168487,77.98037133604642,-17.94013122316312
0,0,87.6525402288385,9.320120082358851,-0.9605379634309088
0,0,94.46794856681178,35.65998774376309,-8.495886460541755
0,0,118.02423820093486,87.46761371825718,-19.649743247957787
0,0,114.93363192493818,51.431614110988,-10.930985062302767
0,0,103.16542032903072,20.136093358439453,-4.018746576763334
0,0,141.2285035462041,20.987031192800245,-3.627755282158816
0,0,171.14116483835448,29.291969961471192,-6.069342576683951
0,0,115.40306943844634,26.41160082976017,-5.872594632814014
0,0,119.9324935880638,50.95414864140076,-10.917315479093645
0,0,119.78229081454994,41.33243014507001,-10.25684264461087
0,0,91.55808440560041,6.14732009100236,-0.6117707273590725
0,0,74.1766591307788,5.303211107710916,-0.3688357611347044
0,0,80.54050125127748,12.920781841247313,-3.9252047787150133
0,0,88.11420120629909,18.674722839405135,-4.628366659485565
0,0,93.19993108477844,16.415552639659477,-2.8802187744883128
0,0,181.182962759581,85.67384321053868,-19.724188844337093
0,0,169.22306975255307,43.481192614205625,-7.935148215572752
0,0,113.37058218754844,26.955006631042302,-4.897066174502996
0,0,110.29904316174424,24.978567290186348,-6.562382831674128
0,0,93.5996008269967,8.949739516681857,-2.3858733834128287
0,0,80.98883102408504,7.679975711185532,-1.4611289854894522
0,0,80.96189654937795,11.232837317491704,-1.8109160242514264
0,0,105.76271535257432,51.54840578404084,-11.752845635462037
0,0,84.72963393246278,9.928093586490023,-1.0049284421861557
0,0,119.17048374386736,55.278072093148985,-12.452002280796748
0,0,163.23145277693854,26.08217712637092,-5.961623936057322
0,0,144.86760500683997,12.727043537088761,-1.7391969469814654
0,0,105.8670297617724,19.198458806154754,-4.311979479813218
0,0,85.38790183840923,5.470456592202847,0.5429735228745187
0,0,77.65069624536669,5.195328887833992,-0.04593346893942396
0,0,79.71766211782251,10.105257465018914,-3.6083578952393367
0,0,85.91633219971862,16.96432622291075,-5.578156988762331
0,0,84.9768733656958,10.990596753425374,-3.926208729549856
0,0,94.89413334957715,33.04639051728638,-8.028552630875254
0,0,111.65406489183185,51.31886181118565,-10.175279565207717
0,0,190.2152733461521,90.53173282009271,-19.999313644697494
0,0,158.6504155535242,18.96488989927428,-5.177490778481001
0,0,102.07519758660429,9.113948702849113,-2.530611390086264
0,0,91.45412141421205,7.090939702133618,-1.521973690032553
0,0,105.79775510902196,43.42555105988664,-11.595563527304861
0,0,111.59162588228358,49.85385441230338,-11.945519652523231
0,0,88.19357628706469,11.035894407789705,-2.6401688459261834
0,0,112.55276492795511,63.18711077050014,-16.122832261452402
0,0,101.47712981867636,21.961547136059192,-6.191946109425032
0,0,121.49596275961355,49.939053060612494,-11.365632366367578
0,0,160.4381573040323,32.44739369897348,-6.723606767846007
0,0,165.9307269816543,20.78007016816223,-2.825170565028472
0,0,137.0024209827344,60.021729382317375,-13.005697018066599
0,0,121.24362210011023,38.860600841440686,-7.873347115760666
0,0,131.37881780631645,79.4413177028404,-17.637894466310257
0,0,129.59086067069913,65.37253804223195,-14.669211847686796
0,0,96.81602601493532,12.304921812800687,-3.3582314706664675
0,0,100.07267153800052,28.096938170915102,-8.978036490949805
0,0,125.75497657267253,8.637928058233717,-4.406815846043301
0,0,90.99360537864769,8.40798610423387,-1.5427554723137433
0,0,157.04730418582517,43.599319915589724,-10.26846733848798
0,0,230.97699594877201,10.008672585185817,0.2992988034034312
0,0,161.55525784087394,13.764272645209763,-5.16446055343512
0,0,132.97884576613654,87.15766852966651,-20.43853685098847
0,0,113.56831705384297,36.39332350355654,-9.703702722276077
0,0,116.16226794016494,86.55223903652575,-19.24161081383629
0,0,120.87772814383042,94.43887886578106,-22.034496357327413
0,0,230.0426780172238,44.51872675095903,-12.374180239241326
0,0,127.43716828361931,59.09289373289064,-13.410643229275408
0,0,125.72497002614489,63.44500255223473,-12.827300238667192
0,0,214.56821015084682,118.12904853034688,-28.126850467666678
0,0,153.90884840741325,11.898569527337223,-1.326710536607834
0,0,111.05357120741093,25.061145219121155,-5.64493028718276
0,0,86.67106429443612,8.369430665587673,0.4292153253835522
0,0,118.15802636191681,80.63224333872944,-18.943315884998114
0,0,132.09841945611927,90.89321882304479,-20.920808412287045
0,0,129.31639202524116,40.02730106724574,-12.754101654903792
0,0,84.88171849166746,7.356730191279925,-0.9333837353243553
0,0,98.09759008673086,41.060488997213106,-9.06559685560319
0,0,144.03799824653308,112.35308410394849,-26.56152202969389
0,0,176.05235342598152,43.77242456693347,-8.70434892546875
0,0,178.3220817066227,37.71731381930198,-7.331070998249203
0,0,114.30861834624477,23.532029465241607,-4.826070998624473
0,0,124.0081353207937,67.6128271501218,-15.93223483743381
0,0,131.56534131087471,87.30789422867642,-19.674260784134944
0,0,134.50374966708293,74.285467461614,-16.949633329509453
0,0,122.27757264874626,49.458822479398904,-11.324813839003667
0,0,109.8645547162167,41.19901531400246,-8.538348296903749
0,0,140.50790432326397,103.22986180871287,-24.753707761396534
0,0,106.86657537322996,15.41157165247107,-3.6178425886527066
0,0,151.5718519563546,29.95252480662993,-6.30602134402173
0,0,138.612889452321,28.128480658370616,-4.471639366263432
0,0,122.17482261560438,60.19047699745619,-12.950374043115119
0,0,115.59968203496142,47.47426648907582,-10.03695627597375
0,0,120.95051697467818,69.55842611084773,-14.452855158826893
0,0,123.08519879185741,71.83207704856865,-15.101925225406589
0,0,113.44371110014754,49.87934325459262,-11.027322070833364
0,0,136.33841136321928,110.76915163648965,-26.5385368395278
0,0,123.6107384582803,52.21979004810168,-12.181691160491823
0,0,116.46485001040135,30.711611119669417,-7.205054032669665
0,0,183.9757027656267,61.100137355813615,-12.902903020482455
0,0,149.2033752711791,20.786470354733368,-3.8571316281610706
0,0,100.10350561678977,19.094723802491547,-3.2188883787423634
0,0,114.96745872313934,53.68756977822289,-12.467304605100423
0,0,107.31782984909917,31.79413427234845,-8.081952247385246
0,0,82.22396826879182,8.081941179542072,-0.9202055596291387
0,0,127.44888976798258,105.06147030607531,-27.545626341715156
0,0,94.82912105477699,17.279633778761117,-4.5106085105105365
0,0,106.59701524104986,41.39774598027488,-10.143988002871268
0,0,87.78268951508099,6.851336101569949,-0.9159308426534238
0,0,117.23686959414593,10.620747731726158,-1.4000782068276294
0,0,186.00083291463702,48.86232364704608,-10.256789805093248
0,0,116.37146356148004,28.60251139726275,-6.566921746237966
0,0,108.22310479908191,33.54592995240241,-8.729822856914893
0,0,88.23747517313507,14.930734623798966,-3.4586688257646188
0,0,132.80912230009503,122.23845202306343,-31.22654867023683
0,0,137.18997606860512,105.51396674548062,-25.150458563421992
0,0,119.72374007302547,37.86150392217713,-9.763131327746876
0,0,107.5106335299991,25.331216487314304,-6.94633590253126
0,0,107.45348845971355,23.6359648131545,-6.370126246802172
0,0,155.4532389927121,15.053273108482518,-3.606762141807124
0,0,177.3525879859263,28.510242943313713,-4.458598573314035
0,0,129.9403966947389,57.31035333257361,-11.479490958942009
0,0,97.68567173343473,17.71894179084682,-2.9082395706838895
0,0,133.4504824749701,104.04744683775836,-25.99093449863991
0,0,102.35093587060064,16.69159272257083,-5.169268949538832
0,0,98.32008290452383,23.710315993530013,-7.629043606029867
0,0,80.15038213824302,7.461576112832173,-1.678574168412382
0,0,77.17954131901419,7.051501665846898,-1.6609891769473961
0,0,79.25590478386572,6.984346634331831,-0.9840356969179425
0,0,113.20957615039994,9.16773842653584,-0.8065002016557941
0,0,140.09163292355055,23.817572363239556,-5.510464282735271
0,0,116.61615238157793,17.13746877722066,-6.55847799132178
0,0,142.09709501127432,110.58612001781898,-28.33271322832661
0,0,122.1471512971027,48.645720829778895,-11.213412283998693
0,0,117.60322832881924,48.751264346398756,-11.285971509598852
0,0,107.84857276631776,34.1143986388303,-8.810318578062052
0,0,94.86269279166464,16.307974997189174,-5.0151994840531415
0,0,102.75261776318106,35.57683224582017,-8.482348976126701
0,0,101.71817976403477,19.98090417576607,-4.5078133000282605
0,0,154.68862185508863,35.007598280456534,-7.632515162337711
0,0,196.3937879162514,71.38750774379967,-13.118921536429568
0,0,165.21308646995092,110.58510927205478,-26.54995017533441
0,0,104.74301422931995,12.489158204324225,-3.1106941824571237
0,0,81.55797483906048,6.9391563717049465,-1.1981731260376733
0,0,87.212361082005,14.815903075567407,-6.798802685375563
0,0,100.21037063912301,26.34416062354735,-10.158761931998711
0,0,87.67479291143532,16.600187012327666,-4.241523267014458
0,0,83.19457292320932,13.618148588609014,-3.107904255926627
0,0,114.57478899696974,59.22805932001403,-12.570616429957283
0,0,149.1827549809888,33.62969911741645,-6.302327861739869
0,0,283.8193519162083,131.8366959490207,-33.074816873226496
0,0,109.59321482287118,11.063355106770702,-2.812489080798912
0,0,93.46583533813153,14.191573539087765,-3.766760201170129
0,0,101.81522775981232,22.70339842891599,-8.097893929852162
0,0,98.49376265493939,19.029267184840958,-7.263188069958687
0,0,91.51024057121435,6.3396934371534615,-1.5439179417014657
0,0,91.9175848249548,14.63344722100169,-7.768286302870493
0,0,215.91697437670956,5.264089831927083,2.4763767566586523
0,0,127.1944859458544,6.98775654760863,-1.0359029674168596
0,0,342.5815336015486,21.104961759740952,-3.3172280049908665
0,0,197.47828594919673,89.09129737269932,-17.856333032164514
0,0,149.01679508632893,64.48394090363911,-14.840042008162555
0,0,133.35404662634502,62.46899756387675,-14.150037167280175
0,0,102.48042766545717,10.246221303512813,-3.14069117661181
0,0,72.9655826699802,7.812072962953336,-1.1121186876365385
0,0,104.86806228929214,87.83179263670957,-22.235286524295518
0,0,115.81650682356518,72.52690700455253,-18.8281785760972
0,0,331.6255052442204,18.837281441641395,-1.6684554007875505
1,0,501.0112474345036,13.619655682739555,3.3958689065302963
0,0,274.75531170223604,98.05272092992496,-22.09399365417113
0,0,165.71152162079105,30.019006609269915,-6.793164708845168
0,0,101.52373235466999,14.654486977025318,-3.527814618526321
0,0,84.3872963054933,10.573998935228948,-3.2271419113951083
0,0,76.40423427833987,14.71351452965436,-5.653622387831774
0,0,65.5182344216443,12.7264713827901,-5.29267035899602
0,0,93.39359063808594,34.58839869436888,-14.360396570889847
1,120,488.4838146647608,11.919695016260492,9.021269631729936
1,120,696.3217389399978,8.02671204559294,12.648491158491169
0,0,180.79962260945683,50.206359217179305,-13.68500185663028
0,0,247.4459988888033,123.8809138898818,-30.46169136868945
0,0,173.5463023363257,36.162267021861354,-7.1267987070697245
0,0,126.23572747244235,57.82854102703906,-11.772327565609714
0,0,89.83083753062866,15.979621601368077,-2.8927364562132425
0,0,92.1108702883358,31.968256889069004,-11.176757510623489
0,0,170.09610495250763,5.694430182710273,4.243383065495621
1,120,568.0719226394057,4.491984301238333,13.084829327119905
1,0,440.8555467648226,7.079448786226915,4.164683887947646
0,0,93.32341476869442,14.61752346295773,-4.846599151221085
0,0,131.33034482069039,111.74791451686139,-29.530854574384115
1,120,664.1162238081143,21.40938755449786,4.231261680152869
0,0,155.71905822562735,10.590544482408205,-0.02668403266929431
0,0,116.06911954846959,52.695125731971515,-12.293055727834442
0,0,77.9790508443264,10.84395198226575,-2.2817742497433926
0,0,116.90334008453647,25.163299127624654,-12.307882496479522
1,120,730.3690008045041,3.914744687951319,18.604984301117682
1,0,424.0784977744165,9.44372345990111,0.9474970179423394
0,0,93.05432508293701,14.06731859150823,-4.390747348734095
0,0,117.72901323258604,94.9838657622229,-24.165382004276452
1,0,542.5376325189806,9.343007156756862,7.282405649979069
0,0,214.4775216838196,10.049199880523773,0.8440372424361442
0,0,144.73098283126342,44.3018748570571,-8.204064372612436
0,0,100.46385624052255,57.63538751150122,-11.933387699276949
0,0,130.18311304067893,69.2471380743132,-18.80309565708147
1,0,340.4401068296342,30.704420385518425,-3.055059454351678
0,0,311.0699212751241,40.73195691598012,-9.633405028030182
0,0,99.47289202525744,12.61602394431074,-3.3986537016482004
0,0,122.68280272759914,89.25350762862755,-23.46200348148365
1,120,788.9507577846938,3.972203328516919,21.10840439916548
0,0,123.2948138473325,12.85544795701095,-3.0959572409920213
0,0,205.17569630930188,104.02797554257238,-25.09808403355389
0,0,119.19778097244257,19.05605916720475,-5.145718376534177
0,0,171.83810570745888,45.896394886395875,-13.785719261171835
1,120,699.8627608235437,3.0394221608035124,27.654047595387
1,0,389.56550528749176,12.237425654590204,1.2258291770224758
0,0,113.54870567284833,48.78963658737519,-13.187385699413923
0,0,113.84377193637985,106.15624514133891,-27.063222681622513
1,0,381.4943677547673,23.353562446638165,-2.1645867675586885
0,0,112.92131152189546,20.4587883828842,-5.694720964639089
0,0,155.70799423265004,124.03866242522237,-30.2177313158232
0,0,250.5663169738098,126.48668866610488,-30.293360517397268
1,0,328.41492946240504,9.777943693412418,3.501357719513223
1,120,433.56591709670545,7.194055624016255,8.008019041787719
1,120,344.7390575763603,20.98366324352169,-4.160013027128926
0,0,90.60556643232567,16.412608842621257,-5.828399660273988
0,0,114.31760784053884,95.96544429150917,-26.8179257889604
1,120,829.6040396528658,3.6262503220767606,24.915185174713827
0,0,109.31070891202292,22.66554960985315,-8.166849500350423
0,0,133.13156514461042,102.92178649978595,-26.880075629588788
0,0,150.95051126057578,109.87965926593425,-25.917820458104707
0,0,184.73397171055825,40.379235522726155,-8.676629314523638
1,120,525.8243375208946,10.17506660661657,7.001394527355444
1,0,442.71565791201846,12.782015472338966,3.4400533111667926
0,0,128.38327571588107,57.845135306603375,-13.297714612211138
0,0,130.3528931870123,109.33093982977748,-28.21260372081735
1,0,597.8559196689612,8.81314805606968,11.382054735905683
0,0,132.10132148706413,50.84319402513615,-12.862454369741897
0,0,127.50941298366489,99.51721934611884,-22.9301156131369
0,0,136.31071737260083,99.72680469993746,-22.769303825202492
0,0,104.35476556591793,16.538600107031428,-3.572469294869677
0,0,149.1095693880978,34.58066648927278,-7.417035609470361
1,120,620.3426238549357,9.35592575105549,10.932464416257048
0,0,142.15030646930256,64.44076040067014,-13.929088724338826
0,0,145.44744439289542,101.58085897287764,-26.180052416165054
1,120,812.8365582957312,5.098887497801348,19.04534884098932
0,0,138.87302931998866,16.17289965522329,-7.678369295731116
0,0,136.63068895638972,113.76505261885457,-28.170686131486875
0,0,137.75411501380648,106.96492838804686,-25.603103007189254
0,0,102.85824715515106,18.58621399871828,-5.298366458995801
0,0,84.95298262266331,7.560974836676665,-0.7944844953482857
0,0,162.2973615665579,76.07220606665874,-17.285787772724632
0,0,129.7161241157805,29.25605058387608,-7.498281651767769
0,0,132.8288243695567,118.29715720977046,-34.02609199294848
1,120,456.32214740668496,15.400922723884005,4.071718040641414
0,0,119.38622027086681,33.017248551020835,-9.435917330913526
0,0,125.49614035171838,99.08819386728067,-23.398691171467547
0,0,141.6657466539176,102.98646700908189,-25.62361530793057
0,0,96.0867093631022,10.132115326347694,-2.929629007417759
0,0,79.8295320099298,5.637787809594419,-1.0966261410694216
0,0,79.38349778894386,7.196141189606484,-1.3742978061792712
0,0,119.84489986497387,16.156706064158353,-3.723320833732103
0,0,241.40499070683407,113.76420070456761,-28.185074332135663
1,0,574.3506026213366,4.803159531325976,18.600133633399878
0,0,117.21577318950371,22.09097854587393,-6.421169220826172
0,0,129.36874194283266,114.0897041583143,-27.80550694124127
0,0,139.86458301028944,117.62530006108423,-28.816971555487825
0,0,135.57821528836337,76.72919803299868,-18.49727109698199
0,0,90.6355786468825,7.7632259665438434,-1.3764008189806702
0,0,80.5101489549693,12.506266881286392,-2.6905090543657906
0,0,122.68934363328347,86.25946208670119,-18.608434874157652
0,0,193.48069297840217,88.794585734007,-18.682579285286508
1,120,514.9326979751557,22.44029047707689,-1.693231850601066
0,0,131.7848867534893,32.21866915214854,-7.221450134988132
0,0,142.34235063429114,114.84434138508819,-27.929880597822724
0,0,144.22292336686002,110.93205497522763,-27.242924597107212
0,0,96.41436679447165,11.812564989771477,-2.9531848643741654
0,0,78.54211286398181,8.00255702673181,-1.7844064382598646
0,0,83.4182163509277,22.64578050564737,-5.116265629411018
0,0,112.10783597266105,94.20818336471595,-20.851715459042964
0,0,138.9446165286483,109.80738372418163,-24.16849425186446
0,0,215.90994602051495,116.17971702990603,-26.618588708726932
0,0,178.26176253999122,31.391348475510075,-6.0813265792808835
0,0,150.51717909300285,118.72857959999229,-28.386657091868123
0,0,148.3407805809911,123.44832914203114,-30.35110882620765
0,0,145.99809342862648,80.06027674999618,-20.12004665851471
0,0,100.68071503730145,12.727926134729282,-4.29706288398819
0,0,88.9285666361162,23.25635036296032,-6.928867158005033
0,0,113.34633435867703,100.74378098980839,-23.65059300383256
0,0,127.2677168829789,111.80205439175927,-25.506073800977795
0,0,152.7375615115228,123.8437762026602,-28.56203145085948
0,0,239.76443633831116,122.17971325493843,-28.4044692932589
0,0,236.16247180492297,132.29599326349654,-29.448752531901214
0,0,168.66985876762848,125.34811244118859,-30.681841934914694
0,0,128.2871799490073,46.71719986266158,-11.002323695045831
0,0,110.77126934561349,7.487466997298154,-0.16929260678250557
0,0,111.43685467724322,62.82846929491303,-14.638205618745502
0,0,120.88107228105206,93.840156392747,-20.69100406619205
0,0,130.00458145727742,100.28250550147978,-22.650552293296144
0,0,136.37381387353503,107.37340684942144,-24.067380550940733
0,0,151.65827806543157,114.5240432720271,-25.352543298571867
0,0,226.79145113006348,117.65681367008933,-26.960470955652468
0,0,234.01381262776317,124.86896119205892,-28.895665449084035
0,0,121.92765119872162,24.10856065404211,-6.649974900038089
0,0,92.35125707427909,8.087244887449375,-1.932161581389579
0,0,85.4568987577294,17.194769037534815,-6.123196613045494
0,0,108.86983826562833,69.65841052576451,-18.05917865636816
0,0,117.13357543020189,111.00561560802329,-26.310603012356665
0,0,126.4314558564039,120.21244101718311,-29.15658698710733
0,0,138.09060323465272,117.51909955971765,-28.197882631207527
0,0,157.56397905459616,107.01779039151431,-25.48008204225895
0,0,150.2731591003493,12.942116698936024,-2.3641087861038415
0,0,194.8139268042865,53.87526887644037,-10.583470122798602
0,0,108.57864893406223,17.08329280425976,-3.0827949171520856
0,0,85.4803643985727,12.849413263327754,-1.986776506804901
0,0,98.49033916530911,55.56412036402903,-11.735128545202983
0,0,107.91622636272008,96.62021261716788,-21.892706795737354
0,0,130.24995044087802,140.4733307941472,-36.19946061206656
0,0,122.81407428362107,135.51094451180052,-34.64773306592998
0,0,108.07530526994425,107.94443488851653,-26.80852035482347
0,0,75.25815310825385,14.017139576573777,-5.351158421053128
1,240,297.8879444946121,11.717255274014102,9.06174470222929
0,0,131.84994439252299,14.39316136704719,-3.2007221525835092
0,0,78.1632051126836,9.145056208645393,-1.1019470804940852
0,0,98.5327586957611,79.8550809206392,-18.296845522685487
0,0,108.55733714431082,112.84591651895781,-27.59738793317883
0,0,133.48851495082965,155.64474022852957,-41.77496498077463
0,0,131.98687264167575,163.2213915515186,-44.67394699170134
0,0,87.76721579539446,105.96921385728706,-27.706776302562346
0,0,46.672949920243994,7.491296099331621,-3.6465925701914728
1,360,140.692262640672,6.440399813330382,10.74806506765566
1,360,305.19879526401365,16.89689323631053,2.876414176680271
0,0,178.46963184247605,33.8058937629536,-7.244139423855529
0,0,141.87605320895378,106.16241069050051,-24.78384213829704
0,0,119.6811505016978,121.1477273904692,-29.546426380227672
0,0,115.61666345041226,142.9852939242277,-37.45171490812197
0,0,126.34724027871071,171.4371951781095,-48.232706997454095
0,0,71.45729743061653,98.73746508710468,-24.10187418804515
0,0,52.09776964496742,56.717637577223925,-16.21295005875875
1,360,142.03040497983415,13.366138986241415,7.851952242535873
1,360,282.1028913007836,36.99590124971974,-8.718488780384718
0,0,217.6052308788888,122.89758821434599,-32.76472816405483
0,0,171.1313364757404,99.66609497757229,-20.229102138937208
0,0,121.23648038333184,111.08422275002734,-25.63681461943284
0,0,116.36368702543245,135.071890991059,-34.3637417945124
0,0,106.77714520868273,139.86691221408006,-37.22554592083945
0,0,81.64911674842287,114.70532774444823,-30.20398775728941
0,0,43.35579251755487,15.015618316508343,-6.941802271919187
1,360,141.72289172420315,14.566540363669796,2.4620783831898194
1,240,271.847136613723,49.47002370834998,-19.256675360310666
0,0,134.64267306251028,117.29617236181163,-32.182542358882564
1,120,464.3715650515564,46.3231858951339,-7.915100902586516
0,0,266.4938417493382,162.54894239459904,-39.299031999794416
0,0,218.3515516182895,197.33095665971226,-55.06062946472221
0,0,178.44320749039596,196.72642961814668,-56.128835794968424
0,0,97.3583203756415,129.04531937204084,-35.6896173904722
0,0,42.50801405566741,9.987205067115555,-6.1031862877215985
1,360,128.1527002884643,14.229099280486688,4.374604723561049
1,240,253.14057712672846,56.88946074733093,-24.78906796658997
0,0,121.85075871474089,113.96808256443113,-33.660431963092506
1,120,360.2441781445925,26.7264445255009,-4.368021072204357
0,0,214.833428572668,28.983513817979553,-7.336756530345454
0,0,250.89027885014787,158.17463687631195,-38.38992281513574
0,0,163.93129567698782,173.01096965063817,-47.18897593177095
0,0,90.35530593953479,109.00680810242505,-29.029111650841394
0,0,40.728097019454985,7.3254954398115455,-3.5890133478374935
1,360,105.96057491551102,4.716178089930103,16.53206888895305
0,0,108.62117048903963,132.38740799825547,-41.36356706446402
0,0,93.19100393880545,88.35232670527047,-24.01463614444927
1,120,485.0665371944736,8.358381950952806,7.824665915635265
0,0,119.66347758668586,8.690897453438609,-1.0023287379190862
1,240,1110.3800679925737,2.6344589739271345,46.71896826997353
0,0,190.6484014646742,135.838570531652,-31.611542679591132
0,0,101.10909334736303,117.88141581811887,-30.953299672752053
0,0,38.77949660055729,7.673227178306373,-3.7223380187043205
1,360,89.95993823147113,4.475050699881751,17.77557296089006
1,120,188.8341560096774,36.676646370679556,-15.170526771136764
0,0,101.07604873718998,113.57848339000921,-32.570701455342494
1,0,325.27241537509366,18.38170222765529,-1.0454669201066622
0,0,103.04487268423475,14.945675612077562,-4.595579738800382
1,240,777.7805686124807,2.2788537966646927,53.9425213414935
0,0,286.89242130989356,103.86786619391114,-24.877008775770236
0,0,208.11042044653712,144.38934974372268,-37.38280160923781
0,0,58.70981476366129,25.1565578143581,-11.389558099947351
1,360,131.97185236432435,11.375013148451064,5.869772850033769
1,120,193.01226437408968,56.86325355358785,-21.885235287945434
0,0,91.07480556481221,112.29685776100878,-31.577799363636963
1,120,301.5581520994383,23.580550676632463,-1.7890087602448403
0,0,96.89787235642741,25.496301953961055,-7.42573299407114
1,240,803.6694959832159,2.126903963920402,51.48567399427877
0,0,186.25335495107439,107.43064393812534,-26.123212947057795
0,0,161.03706394028026,23.906819409314906,-5.419944905094994
0,0,107.55863040117326,13.659699264033218,-4.35070027832748
1,360,129.89039334123174,7.951401559193019,12.651629825837986
1,240,211.88868335982627,35.93338364355919,-16.612744416999305
0,0,80.82331323570195,112.16323717098209,-33.06734008148282
1,120,256.1565581304201,22.64237645830581,-3.7069300153654012
0,0,87.45042964400992,20.768311224137697,-6.709651851241716
1,240,751.833328557447,1.915738868619433,53.445280344852264
0,0,185.102620329024,115.73116971859368,-31.059338016718257
0,0,107.81239940403226,14.461845151530603,-5.136682819020621
0,0,124.17170330713572,9.284036458577056,-0.8708693020243601
1,360,308.51726764947466,17.65420532955322,9.341783577728648
0,0,150.58271284648842,144.57183267183564,-41.848834626411836
0,0,99.8633285479265,117.55412190044703,-32.61801395942229
1,0,235.59562354176916,31.496047297455572,-8.2341617618506
0,0,73.87298879893807,14.335832228282626,-4.687361980911845
1,240,450.7610852643407,2.0415584416174277,46.19565625533703
0,0,144.4961677180131,102.51106273889235,-27.674766122786224
0,0,95.48449259780777,15.9539450491512,-5.670351379111267
0,0,82.14216160350406,5.4970455229622255,-0.6114906779156684
0,0,106.31532552640485,7.587249714287883,-0.3943625320984694
0,0,171.1552782310356,127.53314263422733,-28.269115584915347
0,0,112.7382341790842,123.74486751002102,-31.38268944481335
1,0,273.69357647451454,47.093579926410335,-9.904957876999262
0,0,102.92761249636852,36.85247281597404,-9.865354658540681
1,240,962.6861002305378,2.0652972046895104,54.42827502700344
0,0,172.90974865020308,113.67654016836141,-29.012345671899553
0,0,115.68168708127081,49.776110014005205,-12.986849162130412
0,0,98.0835560464584,8.265553074575587,-2.2399147838822984
0,0,106.81412343111309,41.109492117745106,-9.309773550491698
0,0,172.8724303460214,69.88496196919643,-15.312147246270428
0,0,274.7922219083161,141.1595694111354,-36.872350733190785
1,120,364.18828759195776,33.4359788622894,-7.756413263260555
0,0,113.86587725021775,21.227554391519018,-6.379378446337995
1,240,960.3688285210576,1.9964272895687172,52.27892196864509
0,0,173.1589832297107,93.83506656586302,-24.278004152138514
0,0,125.4385985193896,9.145501117271953,-4.145191542435626
0,0,81.03501979394787,5.782490504964268,-1.1938244337372765
0,0,74.97383342806506,7.025756978536095,-1.1519226962620905
0,0,95.89668301650498,21.006103604389992,-5.718900327903455
0,0,117.67381796434158,9.744089125021306,-0.7126255146464473
1,120,383.470378762824,19.246328447508333,-3.1378959661295482
0,0,93.66287303683579,21.145887938675138,-6.939873629525934
1,240,599.1687259176476,2.981936446690657,30.67593960825701
0,0,164.64483253555818,103.18791585949874,-27.261000996086103
0,0,114.76121047700262,19.999142722100355,-8.485440087907662
0,0,80.83293754926521,6.900604994090837,-1.106528266672015
0,0,93.92302424056182,27.45665419303794,-9.023240698276439
0,0,99.5455108152295,28.741257912236442,-7.745390939884359
0,0,99.58516434743717,21.36036097022491,-4.0599825363164825
0,0,146.4045024575507,31.814591044654517,-6.233731599961445
0,0,160.3018865462655,11.516967878774505,0.15416978429958306
1,240,776.1047364302842,2.133696265700956,49.652914189711524
0,0,174.1680851383813,101.98415375240441,-26.676395141006694
0,0,96.36609785789639,11.671119242136434,-3.577356950249822
0,0,80.85594974777338,6.955154130778072,-2.0981516420510644
0,0,76.05358732057903,6.13228073550207,-1.2749383772406304
0,0,88.69774748344429,23.755978238330716,-6.309947320181124
0,0,76.11406519202782,7.375788163644469,-0.9868203394966883
0,0,76.23321850164325,6.103970378363044,-0.7032306484130402
0,0,108.85990787848885,8.872301951919248,-0.9046284698338241
1,240,1037.515693651796,4.392071631221779,45.287831070956585
0,0,214.81860100830906,99.40604453166988,-24.27970030065422
0,0,112.21109612842996,17.54632085354736,-3.587311915370023
0,0,109.72420297743365,36.30109656237996,-9.66619194871538
0,0,88.63226474222142,11.306992665875404,-1.975225788252473
0,0,88.98474247341039,19.051853742864438,-4.888094024410577
0,0,92.023100856341,23.763723077748867,-6.228574463041426
0,0,96.76901538084007,24.09314136642867,-7.3930887400835275
0,0,90.48247951045293,8.147259722101658,-1.1479068929227338
0,0,145.4397245371397,40.78276854946877,-9.147619638809658
0,0,219.46044484886517,100.96051376010239,-22.617696681238044
0,0,111.68437751193571,12.510636551813388,-3.7245044389268713
0,0,82.48827413791355,5.749750464268497,-0.18672964759815613
0,0,94.63275785154624,14.048690186093468,-7.300947189252213
0,0,111.43935994614483,43.702415983537705,-13.255971393288817
0,0,90.77404859997472,14.53575413063428,-3.4381459571197723
0,0,89.50094122772947,17.69732446581508,-3.8458186874379408
0,0,82.83007330211005,10.582343002493015,-1.691683652734696
0,0,79.31000612247665,6.405703708845419,-0.37531916994707615
0,0,118.0594479982582,12.705745679914632,-2.111889916633089
0,0,132.6906151458072,8.703652704002131,-0.7784371338461256
0,0,89.06262686249923,8.273231132577175,-0.7153890214181331
0,0,84.17981809702252,10.498849085209406,-1.0875535958935245
0,0,121.84557813606196,72.8352927568213,-17.3497077371934
0,0,99.12333332910092,11.168602619273903,-2.2441736490027324
0,0,79.69140780661812,7.370034132401154,-0.8550861381103232
0,0,92.01294374803395,28.432231419349293,-7.533948326163426
0,0,105.60177733177609,49.4830623287081,-10.841268845330362
0,0,111.56546225954622,39.15600212044585,-8.052483648406792
0,0,142.39924631129236,22.71139234496889,-4.2914090556025
0,0,171.24304199500122,45.890402607936714,-8.95939999308412
0,0,99.85784189567134,10.887690200308178,-2.0582736581008447
0,0,81.82633901708168,7.7728849057529406,-1.6471769270406895
0,0,72.29532688229857,7.4280707932006536,-0.7930049888548325
0,0,96.51694678673785,47.18466616879589,-12.514326491833302
0,0,74.19423568929452,10.420426043326705,-2.423426428587632
0,0,68.09528324492405,13.09319611713606,-3.5634707250184476
0,0,76.71824309542173,36.06532567365606,-9.875959549727668
0,0,70.12091218050301,16.602078550829233,-5.516641222345427
1,240,398.6518548643527,14.982675224208158,2.6330881980255043
0,0,142.61756745960207,15.456733939099124,-3.450410009160109
0,0,95.15430722541994,7.129982013404623,-1.078010779010782
0,0,78.25870573649249,10.235278175712242,-2.161944791677527
0,0,84.89604160142858,27.351540243367864,-7.014842337129721
0,0,86.35058258802022,31.44465087534621,-9.487261490187976
0,0,91.71560460479755,65.53898621075722,-15.663958038557368
0,0,71.73736042088423,30.89037955709897,-7.5361411661447875
0,0,49.158148330512724,5.625095730641159,-1.3943556870690372
1,240,200.4872612688105,3.943777006350484,9.174113220406753
0,0,135.7741817295509,16.03148368849023,-3.8999527732428874
0,0,164.87467111918036,45.06808512283102,-9.058104212004224
0,0,106.18754547636345,11.99642054673029,-3.859419579274146
0,0,81.2933855684793,8.175317844025422,-2.057475781384724
0,0,71.46574846213763,8.286111823909648,-1.9103599964182507
0,0,68.23840664998062,13.199032028066274,-3.6757811197265227
0,0,54.99517547802093,5.160205021302397,-1.4228203352126485
0,0,49.40555213659224,8.9593677725374,-4.623870016535832
1,240,224.4567899070308,4.727769629187438,3.502234855505762
0,0,82.06487802550929,6.483317702890976,-1.3962896134140408
0,0,113.44350705109673,12.4217035588862,-2.31257440456595
0,0,155.69206707062838,25.63262989871328,-5.7293836881998885
0,0,85.86795557058878,8.362883379409778,-1.1233946406973274
0,0,65.17792028109535,5.306433762285866,0.03558733884963772
0,0,62.828284124944794,12.881076679294342,-3.8106487045079405
0,0,66.44372723174492,24.564592898718956,-9.615830604468712
0,0,55.44678137169986,5.609338023687029,-2.5380300583605617
1,240,197.45443488236856,3.3570984264258206,6.4880797494532345
0,0,73.70350905815171,7.8821230591215645,-2.4698565127231262
0,0,71.04245437425877,5.982123622811864,0.21310698225649105
0,0,136.0602698348467,40.21907202697041,-8.997819606347932
0,0,139.8022346892082,16.43434890106722,-3.3101475096293598
0,0,88.2381383325502,14.987878759990616,-3.5401896335536662
0,0,83.52177691224362,10.15164257353133,-4.975501154462847
0,0,67.61924814543966,24.48398592402433,-7.008327224606774
0,0,45.875809631132874,7.389577172487354,-2.71586673887316
1,240,193.74543528577146,4.045329430879131,5.158986226870198
0,0,72.49439373545256,9.254024528993039,-2.8331810359001537
0,0,65.61791238296561,5.623259241685678,0.056612182911891296
0,0,77.7473304750134,11.970506649749142,-1.6305694666517212
0,0,173.5398634551668,106.16180424304198,-25.778250156254828
0,0,137.82063500437098,22.611599249786043,-4.600694604106295
0,0,92.61813622865272,46.887008760852794,-9.800346200008875
0,0,81.50707593694145,57.28418223689354,-13.159116557485518
0,0,52.494690393028925,12.698777851302706,-4.568742547799559
1,240,185.51350710100772,4.980673561066034,11.408020074865718
0,0,99.125702565302,44.79045131043791,-12.703439125406689
0,0,71.4154220309667,5.8313325378900975,0.05220008319035685
0,0,74.76058516587968,11.221340084423975,-2.279533854196174
0,0,128.4228952399136,97.57496306602735,-23.2440140515292
0,0,196.55235670084855,93.22115402791563,-20.108247594229454
0,0,141.13999160238552,54.57147055881852,-10.526905419182981
0,0,87.35392577903454,53.43334555968981,-11.463861029629072
0,0,58.085929122776534,15.129406630719,-5.669653897478639
1,240,215.10642353053677,6.843789350272548,2.782803687259033
0,0,73.42803717152725,9.222825875587667,-3.270660538109553
0,0,58.13955434693558,5.040346366571326,-0.12139886800885336
0,0,59.78714840771147,12.024457912267824,-3.2085741049023113
0,0,84.95481906412061,83.82053255769644,-21.964790465678917
0,0,65.07251194226374,10.320764706073836,-2.6085126909181326
1,360,244.26553167804101,4.198680770919668,31.432781154980958
0,0,115.73223456558011,10.769469946411837,-4.281982485658531
0,0,57.06067899894594,4.96610257793326,-1.0516808473791457
1,240,204.97461730578573,4.334492513370893,3.139026579267508
0,0,65.92016570750904,6.025401590550953,-1.7863932041225041
0,0,54.965480673098696,4.073816217301102,-0.06908246161013665
0,0,49.26864655955624,4.9264826976541425,0.11172908374464896
0,0,75.28636855755771,91.37757541286007,-25.28497212343533
0,0,56.161939286618356,25.226651228201934,-8.157903770016816
1,360,158.3697234120165,6.949499820433814,16.644479678744617
0,0,169.89800733234497,96.40651930377906,-23.996417078772794
0,0,89.38740493504055,13.092780086959904,-5.470211138209933
1,240,211.4181009044219,3.53602253675209,6.563418333680374
0,0,70.23380798589356,5.14686137231186,-1.3993437375326607
0,0,54.18830885082114,4.51927127829111,-0.17261621244101377
0,0,47.856814172905246,4.83621136904097,0.38611413085831714
0,0,67.13684784917578,81.53496203957062,-21.22267529251654
0,0,53.72497013672056,30.673845326151497,-9.162002555506689
1,360,122.84444358401682,4.059248843974629,28.5024071866343
0,0,134.9621118515554,105.98943599218357,-31.212662445005456
0,0,126.18845610900439,13.904042540269705,-4.143574653196353
1,240,465.6937575565801,10.15737494593684,1.98331008190965
0,0,97.39117227282212,15.370432494965145,-5.244998546196385
0,0,61.91360591453717,6.6764423399784105,-0.42047582170785347
0,0,67.54372165649353,31.18536931818585,-7.857902124759406
0,0,76.7636610133148,97.84307059959292,-24.25696345622096
0,0,63.94353688427074,54.832867462471086,-14.858884580146977
1,360,141.58929627621362,3.387576246635522,35.327920171898796
0,0,121.47474165832918,101.92197122906856,-30.13794892816395
0,0,87.16691482396598,7.402743489743369,-2.4889474304403763
0,0,115.44848168831024,8.9669835613803,-0.5703339776389669
0,0,175.06871230442889,47.964099155049276,-10.534656976418304
0,0,80.02171787564811,6.8302264055492445,0.1036816252106263
0,0,76.15485799810251,34.62981761186311,-8.652777556268532
0,0,83.10201400654964,98.96934460463643,-24.38665276827531
0,0,63.74342144571674,40.26367479362185,-12.46246450528615
1,360,169.9003652324877,2.8762216898844093,33.90698099978313
0,0,110.7335656154469,97.12659624503004,-26.862358539329733
0,0,78.10263088473859,9.518811943213539,-2.8067929807991305
0,0,76.83044740125118,5.924520589994236,-0.06929381968063808
0,0,139.50488987794262,42.67515896532239,-9.768092958451689
0,0,151.28366668025876,39.5643542385999,-7.262390193242581
0,0,99.48045317619584,53.92628626888816,-10.61487264812206
0,0,99.30828112154461,107.59616077662503,-25.73040925699879
0,0,85.07457885285928,82.33734256447755,-20.963375927684282
1,360,263.43337805256965,2.7154571613795975,48.438323901817924
0,0,119.60900782617762,98.45600127022652,-25.636629681121164
0,0,96.0844534874849,13.124642944724604,-5.192914633675215
0,0,104.15688333086447,22.078528323942816,-9.503689296217033
0,0,93.61485916157405,9.743095525837038,-2.9738345478613155
0,0,120.7336468418409,8.451010483080337,-0.4956981589962197
0,0,135.72930227443078,32.538068423440755,-8.372659421492727
0,0,94.03018966844208,103.32450371030461,-26.001010994650656
0,0,63.299909497719995,51.98443789690866,-15.374841333930348
1,360,134.1752420313351,3.7726669986007604,27.06715907314627
0,0,97.21165445234169,89.76617953906552,-22.45125220072501
0,0,101.53081739115649,48.78893989475916,-10.678972266950751
0,0,91.54729247802416,14.918839409586585,-3.8701882729657484
0,0,95.46503992163042,23.170317849395744,-6.736452054580198
0,0,89.24408881699155,9.577298024897477,-1.742990824346819
0,0,144.1612438732231,29.324324655344363,-6.5923534060700035
0,0,162.62701414420195,120.04643324502653,-26.86360026799388
0,0,89.75570780372577,90.24665919691385,-23.042003291703992
1,360,202.49279137288457,2.9749701973689877,44.26541810865852
0,0,110.09256819443995,89.01084922948192,-22.279180311585108
0,0,80.83765334955064,11.119532717325342,-2.10703396496352
0,0,83.14780034634002,11.582932576661916,-3.835145104878052
0,0,109.35965801210088,59.12243638765556,-14.117144567559748
0,0,88.27538295235244,10.711755460824675,-2.2644481719147507
0,0,107.98412935240673,17.444919589657555,-6.077611961191977
0,0,172.97296984777947,38.2245457516448,-8.778805089751586
0,0,146.75490002202724,83.9642606053651,-21.897118895458902
1,240,227.58953231202003,5.095955883859393,22.059082432338315
0,0,126.66786935388555,85.73242314718644,-22.691708993572846
0,0,88.10402142587527,10.90859097878923,-2.5587907048347063
0,0,77.41250298671962,6.737868608894267,-1.2139193022893693
0,0,75.39316556354066,7.436442385237763,-1.6721013275035403
0,0,93.78872028892366,32.48252433389189,-8.618135968514764
0,0,87.12693821409452,13.607228022097821,-3.103550279674465
0,0,97.84267614197564,18.986258147671272,-4.5428089125501
0,0,164.3914262865673,41.409611413585274,-9.487964255772368
1,360,308.228039456008,9.09494668248223,19.667143148571924
0,0,134.73838340339918,90.0951772853113,-23.179808753665263
0,0,88.71200257685513,10.700965749791884,-2.3230947525247245
0,0,78.89383107925943,5.607419411638208,0.0314394367162123
0,0,87.34930066721616,20.513229676608205,-6.470838367391963
0,0,80.59505036419436,12.172210893961763,-3.2146506494289753
0,0,81.73523678392361,9.02873832266952,-3.6895722338261834
0,0,135.07656069694377,48.15133980786657,-16.363421153094293
0,0,138.29067332897318,76.90148686811848,-16.96833323479629
0,0,177.3683451070723,31.241328535459296,-6.9546264228463315
0,0,225.41885850948935,94.54446570007653,-20.091814504248646
0,0,143.06533042949073,29.395495596368956,-7.995168623640922
0,0,110.31690878974861,10.748112527433747,-2.5757733257988065
0,0,102.5838238539266,18.626528315484492,-6.741064944468704
0,0,100.64088012815974,24.45441619571215,-7.7769149960983555
0,0,78.97496891710287,6.0703558620909295,-0.38654756744200824
0,0,87.28342683197923,18.699522208690944,-7.136674412913493
0,0,76.71867953366929,8.174243024199388,-1.7830273268499042
0,0,80.93820418736709,7.4394592808535736,-1.6605294731440665
0,0,345.67160708280153,4.403182615015333,14.579352811477634
0,0,186.57447147675947,19.857842269168916,-4.934534676449587
0,0,190.2869852514539,7.190530196937834,0.9856207299074669
0,0,119.40424460368848,32.536909675618226,-9.991704513081245
0,0,96.6933018469307,18.968793904788487,-4.998676566892371
0,0,119.41542195724959,76.04599165330306,-18.10957170432539
0,0,90.10226811244121,16.071742053258784,-3.64469563150881
0,0,107.14803836670741,62.70473957415024,-15.63360701963461
0,0,120.07767448771605,72.07760885352964,-17.911375957672576
1,0,565.9707615468515,5.136044136506026,17.02208143958343
0,0,221.2107549346078,64.09360532873185,-14.274564058462744
0,0,171.68997743262824,8.856568611157648,0.271114204703224
0,0,109.73083457158502,18.989923905969633,-5.143625931636308
0,0,90.0442104894562,11.570217936419276,-1.6408203330706215
0,0,114.83742279748064,56.735802122529044,-14.065250877302006
0,0,88.18661594722035,8.891524170470474,-1.568092021014067
0,0,87.47492119813646,22.980891458863375,-6.635882600687992
0,0,88.76279378641958,20.270073124193072,-6.3145390742625835
1,120,883.8791827108656,2.210516553586147,37.731262223568265
0,0,179.5954384721523,72.95859652044061,-17.69349749070514
0,0,155.13111355783133,14.396832540055001,-2.375500986103404
0,0,159.85974626133253,25.9567219181964,-5.188682188313592
0,0,95.3755984210248,7.465656547629326,0.1999446584165554
0,0,82.87098513679773,6.930523971162611,-0.7808201960909287
0,0,82.68677985617782,10.468484297059495,-3.6256945409715087
0,0,102.85304390435537,46.61560186432838,-13.60280470301565
0,0,98.77341187907629,31.690608637450683,-9.000445730373798
1,120,878.0674123014245,2.2450975954952748,37.68809233767013
0,0,153.34494751943782,69.8197905262436,-17.25275779025837
0,0,107.82023262037174,21.153215845465557,-5.235006593413843
0,0,125.90492995290208,10.448125891975124,-1.1355635816059504
0,0,173.9172975188758,45.96342537959357,-8.997027013583576
0,0,113.3630437087268,30.93830695535336,-7.126582065047472
0,0,102.12804629076442,26.122518516684387,-7.366066610771028
0,0,119.12123990627157,88.27412386157211,-20.37065920664972
0,0,108.754731928854,35.114896162938535,-9.285329989639209
1,120,1032.126712875636,2.068447663138446,43.843441720919756
0,0,162.08335945649034,78.57944757009793,-18.374535465446854
0,0,120.70425244246569,44.52503308256636,-9.760103623387067
0,0,94.49858993260862,8.967444714135214,-1.3106631751056739
0,0,130.59745731046806,16.84727103399796,-3.166730490896512
0,0,159.5917164970335,10.314783257033577,0.032876671595559515
0,0,107.73723000092505,19.541834410896215,-2.4533652992729316
0,0,122.21154010869205,75.34041891376829,-16.252035449944614
0,0,110.55242673861837,35.42693864898992,-8.640259874543588
1,0,629.2088725223215,3.3102657019321176,27.128886197633676
0,0,145.41137305513533,85.73421361111158,-19.632533417067904
0,0,128.38495345252107,79.9768469067744,-18.2131847144327
0,0,156.40076343227116,24.407703497277943,-9.195095945394101
0,0,136.5595665261236,44.43505866052142,-11.165307187154554
0,0,146.8124078461809,17.312901753628367,-2.9121761147468135
0,0,174.82452227089962,61.051657657195214,-12.21747408182624
0,0,116.07453818437446,37.623040117952904,-8.785404745502717
0,0,131.1047459229017,72.96024981172633,-18.598929044937236
1,120,834.4867067176128,2.895488128562819,34.38225132499663
0,0,161.74795949724847,89.54149797529737,-21.377595474235974
0,0,97.4887757354602,14.215520994086607,-3.414944124931438
0,0,87.2935215919652,17.62743139622093,-4.135025219244923
0,0,119.17738740341981,77.58972531779729,-17.70946559293087
0,0,114.66016085261751,29.85470266568727,-5.693722297756011
0,0,163.04248068377052,33.61874335529382,-6.660733025826175
0,0,166.63093263557167,34.10933769039672,-6.7265922005917105
0,0,111.54833347533645,11.572991170109788,-0.910387977254743
1,120,712.5389680234447,2.3301908825829876,34.5527433125596
0,0,155.976262054175,59.67702175905096,-15.772189222504934
0,0,111.11550009433216,7.361729321780606,-1.3900492663827464
0,0,85.81549229241351,7.93417556352608,-2.128053525074023
0,0,91.66129921713579,18.29204185875851,-5.738720430963909
0,0,93.31907872636468,20.796104927749937,-4.712677393805123
0,0,94.52907259358815,11.76218653303891,-2.6695634695799555
0,0,125.470305474674,13.188782885527012,-2.088164973220273
0,0,188.77663684946535,57.21757409103303,-12.30688382959643
0,0,463.3857360707367,3.572468494841317,25.253093889914098
0,0,151.24167792002515,71.30646759234897,-17.93440870340453
0,0,94.66558707661011,12.306495688347793,-1.1787598872629133
0,0,120.13724547449458,82.37775795582019,-18.539336636961806
0,0,125.64632045311551,71.2777263145828,-15.978633217858729
0,0,110.96117099556855,35.33272631434796,-8.245707196451264
0,0,106.1795422191483,28.646529375293483,-7.8391388120514165
0,0,102.76962185074868,21.687517715257325,-4.240519316179615
0,0,175.28306583230614,50.02756912091195,-11.237242906446752
1,120,562.9275740030516,8.729522380856096,10.654898430182456
0,0,162.00512931762097,79.61518041350729,-17.68441966157748
0,0,112.19255033692288,22.26035065750276,-4.876464046581717
0,0,94.78883837132932,11.51504204711308,-3.3812747843019366
0,0,80.30463188459798,6.707411319457901,-1.0418949687153258
0,0,81.97649077833285,13.00983305533085,-3.883324177046873
0,0,91.94102212565215,25.829342683263608,-6.98530504677835
0,0,90.66164024509445,20.871941543418185,-5.435548414649119
0,0,92.19477979245276,12.130265847199208,-3.2273374176103147
0,0,398.5053476458702,5.260554929107123,13.935355338589758
0,0,175.9346738039553,63.74442876526517,-11.1541791847431
0,0,132.35742571794907,63.35388382159247,-12.394655552320316
0,0,110.41824181559318,27.50866067241212,-6.267622866564949
0,0,118.85739314751417,59.60341419877339,-14.682823307426531
0,0,109.18440254957072,9.779657448953676,-3.493474216023017
0,0,112.43110634943805,46.42520624080428,-14.538862041662156
0,0,114.17696136423797,74.72019643440727,-16.949453675149527
0,0,119.16775175379817,62.660396713552444,-15.549962063237103
0,0,362.39975231736315,7.935938051452396,6.756641881724846
0,0,244.1510828326526,92.65910718689668,-21.135194187139604
0,0,160.15162709245973,40.959645448396756,-6.820054739363599
0,0,138.7562112383992,89.27240857441801,-19.649901766510652
0,0,114.93331451530358,28.991836226405816,-7.187136152243639
0,0,117.94044205740168,61.055895569792234,-14.071903372570773
0,0,111.067922657318,41.101644398847384,-10.937737952655013
0,0,92.45100871997987,22.266980066773993,-6.403272476207192
0,0,87.0204869578921,15.900817724920653,-5.922422297932684
1,120,606.4684220056048,2.7534070550188536,26.96759885404066
0,0,164.5877101373894,74.82187023867277,-17.159221276161816
0,0,153.57806222393134,15.001290092849292,-2.1418340712701536
0,0,195.18014950625926,71.93090632546921,-14.325934637496005
0,0,146.3601557971744,62.86889190586826,-15.169929684587629
0,0,122.44136735625584,9.420769604086535,-1.1856554443127294
0,0,114.53185934389072,41.95936686415034,-12.524011975413629
0,0,119.51252663331901,77.3689567840591,-17.889040693573264
0,0,100.41962294073001,12.723030334933958,-3.4140775568424147
1,120,721.1310654550072,2.485971622263896,33.24195339888122
0,0,156.06491003069414,81.28384225445615,-19.120671725900337
0,0,115.57750870477325,26.21081257389635,-5.924683829286948
0,0,165.06561568650625,53.74117179198198,-10.84504687084042
0,0,167.20429913229304,28.34858859755578,-6.127159576867243
0,0,116.07601187196364,19.024188187375874,-7.145847353172883
0,0,87.47241592923483,11.520203167671506,-2.7958234969405567
0,0,95.74504056357705,38.23421642272437,-10.559000142187301
0,0,103.79509302771766,57.084650193622366,-14.400322110405924
0,0,297.1657695595574,13.818867355701546,-2.5633613231091203
0,0,128.09803781496362,53.22253648153525,-13.523069870922257
0,0,92.24831432814479,13.004905669730395,-2.449566137955827
0,0,88.58292454812941,9.668288607416063,-1.4436813767702716
0,0,128.12135608704799,13.858065339869269,-1.92790800022091
0,0,177.4740651875093,38.87052419896131,-8.288908786059977
0,0,114.06131089666147,13.209661102718684,-3.9376220653564644
0,0,86.25290544100268,7.746184973449815,-1.4060543562708006
0,0,76.69928920581303,6.11458546501604,-1.3330407108190911
1,0,326.2928193339675,4.177474061354633,9.71486227585892
0,0,122.87021044471093,67.48714813395665,-16.24905001719891
0,0,101.30189702826296,36.09232341497899,-8.175219279941928
0,0,97.73641193073648,35.474891315888414,-7.7556418063032595
0,0,128.49094559835916,93.58086400616774,-19.972238675867374
0,0,227.1920901052731,125.07399818993865,-30.025236953121933
0,0,149.75011336676963,16.623612850316057,-2.8876268748590803
0,0,115.07087758372553,53.06139833807831,-12.447706428013987
0,0,80.1984810339426,9.35228074914336,-1.7124442992088547
0,0,225.53047334028312,24.73126487523486,-8.701199690218417
0,0,128.30395731540736,82.64160591795093,-18.831739959584993
0,0,130.73927140078192,91.1692823696971,-21.444786204845613
0,0,89.27307511826514,11.959716036264775,-2.2438935995593283
0,0,112.91428316570085,88.73624404457509,-19.99201122336197
0,0,151.43202167625697,105.7588993225957,-26.193891085830572
1,0,688.9458191955042,7.746086606228121,17.536579822680395
0,0,141.34465280034925,19.174556473734672,-2.790528977274718
0,0,123.86247830668955,61.52059315449391,-14.756592557980255
0,0,399.4064282542529,5.716931459059897,10.33806211461031
0,0,125.6696840694334,34.51906153494504,-11.726135259303518
0,0,111.47666691426818,43.27372621668551,-11.856289559112952
0,0,91.59687639737132,25.418064817102838,-6.311389839012236
0,0,113.27216252870713,100.081489827819,-23.272816872585594
0,0,140.6954140649012,107.92599599793256,-27.749132459889097
1,120,982.8125010294277,4.223965207927132,25.24745062943194
0,0,221.97027084596098,15.526717253850789,-2.6999673280203353
0,0,220.93816807484066,20.5116630206737,-6.533347516740193
0,0,299.5179790009599,5.262328246452341,9.687110961203217
0,0,135.22080070375063,55.941247657682034,-15.093581865573881
0,0,101.76870457622734,26.985070902817682,-7.151997873024214
0,0,79.74467594493825,15.014759182608778,-3.6703122296525237
0,0,103.85616037420212,100.99269879307943,-24.023830220515705
0,0,131.4203191160398,97.23691192557942,-25.329341466383525
1,120,914.8648926169991,3.499127157778426,29.081063312029343
0,0,140.32050794221055,29.192146182934792,-8.59660386508331
0,0,251.5418981578554,139.33173677116352,-36.57662908886086
0,0,387.4032655123946,6.225546398441673,13.703664621715617
0,0,140.2256251335833,57.55627499661508,-13.614413545037465
0,0,94.29577651216056,15.886945239307064,-2.670683667353572
0,0,111.72186585699309,78.99575931114504,-17.205873286271327
0,0,114.95170160199336,89.9641052185329,-19.49065931224966
0,0,133.86692391555923,108.97458697138501,-28.004056712662155
1,120,861.7064873419729,3.1970727801481833,31.618025935864324
0,0,124.34468022193181,27.55744359475978,-9.052080506995182
0,0,138.2625258960196,110.03065024387992,-25.48723651294513
0,0,214.64731316621135,114.1856961274625,-26.378242878866104
0,0,181.68757606223735,98.24189643891943,-19.241029579142435
0,0,119.73733200702118,52.80832203794886,-10.75882862993467
0,0,91.63522061483627,20.69522528087058,-5.203936957051411
0,0,106.37974834616932,94.09334098706549,-21.68598275094017
0,0,128.22402676778123,115.28992143562135,-30.78496882145987
1,120,805.8894589675759,4.935129086195894,18.428214978861078
0,0,103.65181658587298,12.618667224974429,-3.897997711090838
0,0,119.07993130954067,103.57322658403542,-24.144737604741074
0,0,147.55760631580216,124.36406480439264,-29.18025909100252
0,0,233.26989513273867,123.92272988606909,-29.76051625378153
0,0,159.89885566273804,23.426217018052345,-3.6320828386521526
0,0,130.3970584704546,91.6021559020518,-19.379088670788292
0,0,134.731547760197,104.48503477714178,-23.952750501408993
0,0,141.33846331247463,111.50965286179,-28.529931443903394
1,0,735.7248802901993,4.508398541713403,19.64613415636495
0,0,114.28626363912255,19.65723450362013,-7.95189305870754
0,0,121.06124759291845,100.77985017436497,-24.43945529823616
0,0,153.2049585345229,144.834872037355,-36.86137596538045
0,0,178.67758049736952,149.08934642568408,-37.4386001398479
0,0,234.43530995038904,122.02932872445129,-28.75366452942349
0,0,143.03769311916417,22.500375702952034,-5.880081992461214
0,0,110.50735457050583,91.50401970796098,-21.130554877492287
0,0,125.43836046216366,118.63475351462449,-32.44788128057915
1,120,615.1143430423479,12.296870139846977,8.556873679243267
0,0,101.75910293478083,19.612938570504244,-5.711058943488169
0,0,114.00416582637592,112.62652693122648,-27.604167243289886
0,0,133.13560078139312,139.85560630074627,-35.88774972970386
0,0,176.79365229152063,171.07095867006572,-46.461206687643276
0,0,217.77658673733677,177.16058638554452,-47.52698768403059
0,0,258.1177869183513,136.96702485970116,-34.06294755649065
0,0,198.61989504425247,114.86810113015939,-24.234892389709756
0,0,141.88245808193759,92.3693047174639,-22.330297260933776
1,120,723.2284629761798,4.591632552943362,18.6840850589996
0,0,115.11653922687375,10.356092075435635,-4.366462306434485
0,0,108.61541177138339,105.09520755576165,-26.739718018926318
0,0,126.12472478880099,142.88917200205267,-38.15955837015394
0,0,140.28985524035534,156.32606950894885,-42.487957653798965
0,0,142.61477878924097,146.06268267402461,-38.21164756662687
0,0,178.63171480517047,156.7789558074346,-40.76193631680643
0,0,231.1275161319205,118.62115176448346,-27.87479011674879
0,0,251.17098232771397,117.03671392414255,-29.16514170501052
0,0,457.4668172375029,6.94558227814598,9.166155589052707
0,0,102.67768641729981,16.288149940985733,-5.182151223935364
0,0,107.16054203909879,101.94575985259017,-24.251594961230445
0,0,129.07448053944597,143.09649039751446,-37.33305320339558
0,0,182.41238096283587,184.9587787408201,-52.350472111997824
0,0,196.29666056806522,186.5947718347476,-52.30090864446728
0,0,151.39245883251633,140.1013907921483,-35.479696554858805
0,0,166.97781602195087,110.67362172254795,-27.19137964766579
0,0,187.33713881234186,38.0316232637102,-9.261742428972227
1,0,587.6016386694898,4.55332258112561,17.835197072576065
0,0,103.91552731192984,12.373625451218755,-2.5502412708832765
0,0,127.91488111974371,120.85009886097652,-31.10753822469413
0,0,199.20082269191226,187.07686868581865,-52.353803643583966
0,0,247.39621092040534,208.2970572675811,-60.951699358603584
0,0,233.47748103376404,203.34731974651206,-58.990774662065405
0,0,163.78585404799287,159.66441837583594,-42.62934827703097
0,0,144.6277340115529,117.83807648367267,-28.81326750530244
0,0,140.4325195350476,74.0434371687647,-15.783280237254047
0,0,142.9922808693003,13.724627045060753,-2.062802004761153
0,0,158.67900509275452,34.411994680066286,-6.24367599717813
0,0,136.09305371567706,109.19017182327539,-24.973271808976158
0,0,164.18476994232896,153.66730277623148,-39.85172807018118
0,0,161.21155988689904,157.3045291655913,-41.4239520652038
0,0,181.36184576079225,172.98721712517957,-47.34096352026228
0,0,158.08107335752715,148.2170295135074,-38.83027678710385
0,0,141.96434976766318,108.86158559494791,-26.389719622093857
0,0,102.58127324079146,16.526527109858737,-5.096176044810676
0,0,92.9224583838502,8.812872808339252,-2.648718279877613
0,0,122.15742176599353,10.0484391138459,-1.1118914777107705
0,0,269.7721844881396,141.47168770311913,-31.512067003713717
0,0,214.82463179136636,172.99097132373228,-45.18689453495607
0,0,188.32439613651724,174.40139484154167,-47.107275469621975
0,0,146.54504690932617,145.92553891304843,-37.65840196525683
0,0,133.4052402659819,132.34232873717232,-33.57857826634243
0,0,122.78102967344802,108.32946404816175,-27.05537072930371
0,0,68.25520668849741,7.002216529197657,-2.1618391126422836
0,0,54.9630660926641,6.47399131708733,-1.3628791864208978
0,0,73.4590412911922,37.80523426156182,-12.458142232744564
1,360,240.40773497916894,6.610936538716976,25.471786085452933
0,0,241.32881239453118,138.97521786168122,-31.20874703674958
0,0,153.1105518403475,131.40181536436282,-31.275414656134757
0,0,149.25618996716412,141.68631234653353,-35.85901560002037
0,0,134.19170198810056,128.09049672705535,-31.885425751287393
0,0,120.72123385791653,104.33094658539011,-25.68282727137911
0,0,69.31210708732051,9.462669528270332,-2.9877260570444406
0,0,49.333471809393146,4.6034433879334635,-0.9487706028562286
0,0,40.404871986911495,4.221788945953597,-0.24724146318023088
1,360,127.44828895688853,2.76869774328283,17.416221969438297
0,0,110.49389866921065,8.844707690105123,-0.6547609588972989
0,0,200.65576044054714,123.46522303551842,-26.59787033386688
0,0,145.98975008965996,133.30152646739424,-32.414201372046136
0,0,135.84793412536078,130.67568116813928,-32.45378873864943
0,0,119.54248783561314,101.16379639211999,-24.37914427282106
0,0,73.83482029037798,12.684627410603964,-4.949403716708758
0,0,54.19263922512169,6.737248624662122,-3.5233760990459757
0,0,42.273527688110086,9.327928995838839,-4.255546874991651
1,240,140.46046291895036,3.5132493968654446,11.248793472460008
0,0,80.5367093397499,13.085916942730698,-3.5732301839234424
0,0,132.54332573929656,34.89668337206124,-7.413891658171778
0,0,234.05897548434274,139.938963947842,-31.993746762414922
0,0,141.44304978707382,127.47724839346729,-30.754300765431367
0,0,118.16271949008546,103.43590955235682,-24.61272664442611
0,0,75.70143833508304,21.026748086623694,-5.9686780116600175
0,0,50.92528679491809,8.081714664196703,-3.3433888501661073
0,0,36.76053893533401,7.317138286999638,-2.348441869128564
1,360,96.53339540744491,3.0097100707553466,23.498378052876276
0,0,66.74775464942456,19.915909613321972,-3.4323653138917933
0,0,90.15536054185647,31.415685789589393,-5.562162466777792
0,0,160.0748366330044,66.52392907951574,-13.849824163952277
0,0,191.5664634885078,114.97266999907805,-24.633989266317684
0,0,122.12054556808857,95.4079169279787,-22.221072694054882
0,0,65.37773531410232,7.580361301414572,-1.4932501282525834
0,0,63.09223857625678,41.43015843104886,-11.491216047902597
0,0,37.184232619270716,6.428236571000174,-1.7298390684103992
1,360,87.54697885321879,2.994968975500652,23.280277659934825
0,0,53.86842228747009,15.488092326433302,-3.913178504503975
0,0,63.78720130317414,39.13363576060671,-8.458507785775126
0,0,83.66640234503532,43.92379818434702,-14.226601628316175
1,240,367.78968532242703,9.144386589576612,9.679195601463277
0,0,215.90008364972573,116.71293595780757,-26.91457455064497
0,0,103.78326951882897,26.624422374927374,-8.564746919908302
0,0,74.99396626774511,37.00200904198052,-10.592970668067252
0,0,42.059797643443616,6.177444827033274,-1.4200621123927135
1,360,96.59433805728722,1.8871066746874112,28.52854161205073
0,0,42.140858962893006,6.712754735234512,-0.7929680011925058
0,0,46.863574243920674,33.28871681425235,-9.516180558183152
1,120,183.02264632957898,25.257957273344754,-5.491251834127482
1,240,333.6431649307594,12.748493908579093,0.6061695859518466
1,240,596.3013379671801,29.531884907828296,-4.493467370993571
0,0,126.09333524315119,30.217300488979955,-8.307957432163136
0,0,60.38335139403616,14.269259278033548,-4.92652420557792
0,0,36.29557633087072,7.682015251745427,-2.4639014990869867
1,360,69.54877564611569,2.046634280501999,31.2260940978461
0,0,39.89147323901187,4.789140848557208,0.7781199442012223
0,0,49.627636856283594,39.92883638078155,-10.01566723432336
0,0,77.22849608712134,60.20947901782307,-19.045539215791933
1,240,265.41242712427174,16.320863810585823,-0.22835661958170306
1,240,363.0199480712457,11.682998212220461,1.006830512281411
0,0,151.39612037937255,21.951723048211836,-5.4188035715143315
0,0,116.75466767890367,17.574782371325227,-4.7306798174593325
0,0,62.94630382872238,13.234464081810792,-3.9015538106268792
1,360,152.04292186226925,1.6315996212402222,38.640651457670344
0,0,46.59102422634326,5.077285514446386,0.027233411113400052
0,0,50.33440041997287,11.168327371543475,-6.6646801377926295
0,0,108.03552704109443,30.79166940380634,-11.870556228871209
1,240,260.961663883742,4.761294351527823,5.602732495869702
1,240,327.867216465794,5.292572106091179,5.759391097718932
0,0,107.225316276673,19.698299660096893,-6.584559577220588
0,0,221.0934720746248,126.47458859538494,-33.13117550272339
0,0,88.46752914186644,11.700683555739165,-4.570502103736416
1,360,122.57576766439023,3.081858366835857,18.404426628027124
0,0,53.274673557784325,8.27165003741747,-3.048935354259143
0,0,53.0297410124313,17.35935093620262,-8.467131195051223
1,120,181.21741304099297,11.749498063891952,-0.07846675994001373
1,240,316.2974312357422,3.4008343883393106,8.87634140279306
1,240,368.1520764366679,3.745533663928657,12.5563707434669
0,0,104.34293072097087,43.5326431834095,-11.459232287885285
0,0,130.42090953728277,112.74760705416456,-26.46185084760127
0,0,212.98900653026786,119.89054015012451,-28.35664424585815
1,360,274.25035831782833,8.694112888400959,17.925235610605966
0,0,76.96451896369258,18.228404583483474,-5.220644812523858
0,0,61.516333748665936,46.78948262402679,-10.904100315736088
0,0,67.62508054747535,37.10141227808289,-14.885647795823118
1,240,191.0569983528655,4.394000621463716,7.231140749981051
1,240,276.69559145428394,4.450997658048614,4.867259250072578
0,0,75.52450513591288,8.644719006336908,-2.429841146027087
0,0,106.13859637628549,102.24290466803856,-24.508405584782658
0,0,155.02763801695323,139.08329546232417,-34.62670293791595
0,0,227.92752822863056,115.19016804830781,-27.109187778002926
0,0,110.38723769592823,10.906691318223485,-2.5059089155974306
0,0,70.01044229160546,28.8155820190647,-7.229027321815295
0,0,81.27939687244034,54.06095009293576,-17.83772823800939
1,120,304.5721152847386,10.958712236822869,4.582390842662463
1,240,388.0943569753757,5.961268418135359,5.9270086155232065
0,0,81.67731519363915,9.714495030516595,-2.3610123903711298
0,0,111.2804737519131,103.86872532781071,-25.283645851542992
0,0,163.58534184739563,153.1370077914335,-39.796505490313194
0,0,169.55497820581442,131.38415619193978,-31.96345386696155
0,0,227.39282902703792,72.69038791229862,-16.384736614503495
0,0,103.00459566881628,43.08542428081581,-9.95533507310121
0,0,159.53183943667875,38.14883006448762,-11.511981978328507
1,240,339.27677784672545,5.235627862923429,9.617267686808901
1,240,360.90876590308494,12.583227049165734,2.146393969101851
0,0,107.79427304668519,53.21408231517901,-13.711130998094944
0,0,118.6569036190337,112.79427463002,-27.281856753691976
0,0,147.96410603319342,140.87761466060036,-36.18156915139935
0,0,143.9578863219729,111.3838150141476,-26.8658829351552
0,0,119.42407136979232,30.939371848212065,-7.374631896577753
0,0,134.1791869796508,12.662366637599124,-2.1879418343481376
1,240,450.4253112151723,32.30469805590682,-12.591525027080777
1,240,332.89915674726785,5.37371468579567,4.922941533743895
1,240,325.07720844981753,6.0584692211685125,2.108444627544884
0,0,87.25093768866672,8.904574522699077,-2.7297529641045344
0,0,109.36108635545655,101.20576400017192,-25.15244004533286
0,0,130.0405054262786,123.918094894779,-30.99938630002299
0,0,130.70469642272778,98.56339300767235,-22.69596785869328
0,0,112.62358128464501,38.24766295119448,-9.021053142246842
0,0,108.84237099617746,22.48553759415301,-6.606424569613054
0,0,138.29048061598075,19.799431993417294,-3.937125373890808
1,240,364.4608744517249,9.426762784997273,1.6079751363768793
1,240,325.31234097270243,5.540921364869868,3.2244786471677287
0,0,85.8798584318861,9.034418352883671,-2.2808284223779367
0,0,109.7542095239613,98.1515429872129,-23.58688439743429
0,0,135.64852152242625,123.10905066744098,-30.668367857920785
0,0,141.25468984105822,98.73210091494184,-23.925305655955512
0,0,114.07134330832636,20.598610620135503,-7.026821055774889
0,0,89.17820364569626,7.737186628793746,-1.8491348473482674
0,0,86.98507311151796,6.273727836814475,-0.5771555593641153
0,0,118.15538506031464,10.39401218817291,-1.2347275043293848
1,240,439.8049662185455,13.111990573640652,1.4943226179211706
0,0,134.24971993488123,16.66160786653407,-6.102377843101962
0,0,136.31376677230463,121.51285207817237,-31.33875338590967
0,0,158.98393372707528,143.83514340198883,-37.603750052179166
0,0,140.2456219405628,100.0804357643792,-23.43061680801548
0,0,106.09410234715025,17.625075997609727,-5.423157547766479
0,0,115.32820610891535,32.937323829717045,-12.035436659662608
0,0,117.56221446960618,45.559964548976964,-12.356304630429406
0,0,116.53295704913882,38.42998704783022,-7.608420342301542
0,0,170.09664908330979,54.64329848458984,-10.94607074458419
0,0,183.7303337820261,63.239012565491606,-11.636699091774517
0,0,147.97622427959993,118.69531884473764,-27.934091907377294
0,0,150.80879919478733,112.52226128603708,-27.673957678166587
0,0,137.2957641653924,94.2683010788478,-20.93842510746262
0,0,128.73510162371326,79.21248486182644,-16.854210444633736
0,0,122.14149460397188,67.88819761396438,-14.504500503351792
0,0,118.80543999196594,66.92674014499822,-13.948708037232308
0,0,133.64966835673707,80.01326263273586,-18.11853328651428
0,0,149.04833200073767,99.41691726824759,-21.00167401005757
0,0,223.1622800565671,91.8761257610497,-19.387241808357558
0,0,238.2331615725561,122.3512656895729,-26.363759567085587
0,0,157.4906574290046,98.84912361559793,-22.31804906074872
0,0,95.18584413982866,10.205217513743165,-1.4097214187938505
0,0,87.8241568166292,18.241107491855637,-5.771438660276189
0,0,94.53888962014385,29.134638358758345,-10.108664785340167
0,0,76.2053714742367,9.97161702105756,-4.1759177219335015
0,0,67.79212870373954,12.652582257621077,-4.805569265786687
0,0,84.79435715777427,61.10672886211869,-16.284579308848734
0,0,103.91400828010713,88.31571604976877,-23.59360558407596
1,240,463.68142581747907,13.668093868585496,8.72476596253918
0,0,147.66008428354294,13.67420527065258,-2.8726891432270065
0,0,97.5159142592181,18.13845903988894,-4.419042910421311
0,0,83.18178584935848,12.132576123231656,-3.019773224482904
0,0,95.9662864149484,54.435604669272784,-12.834708339037974
0,0,83.37507131273948,30.74561910482831,-7.306278696580392
0,0,64.58068004542905,17.773000445102948,-3.9542348096971978
0,0,70.87829124485188,70.60493783587098,-16.617373158743092
0,0,47.93455119323516,11.80840649291307,-4.5145450545734604
1,240,215.99424095061676,13.964666529735231,-1.1270881229791883
1,240,454.058926023553,18.520517328948696,-2.4425120623531313
0,0,190.10081316470533,60.42851123473063,-12.236115863643704
0,0,109.01580135330869,20.200093419247708,-4.571262992790182
0,0,91.87662764603361,9.953676283743082,-4.04813063251359
0,0,83.59749611418219,6.228136885688213,-3.2294351464599487
0,0,70.25211572017469,4.3134811845718835,0.6917061970802507
0,0,66.75905103159864,60.266246831707875,-16.11237532091478
0,0,47.36883653591919,20.749861504134824,-7.406943261604326
1,240,171.70240175261097,5.700439156523576,6.7799229731896276
1,240,314.4486561469247,17.779837418236475,-2.148312196130746
0,0,232.68311807895563,116.32866485748549,-30.5812566291672
0,0,147.99364780132754,15.832426334747595,-3.6412927665738692
0,0,82.23522497476158,9.215036816042332,-1.7442167011556649
0,0,67.35213093384009,6.796876307588655,-1.6105168697137202
0,0,58.322246263761976,5.654221452778355,-1.1412332618469208
0,0,66.31343057674351,54.83922433136662,-13.689984623142138
0,0,41.05560708206551,8.380030861789677,-2.975530696377021
1,240,185.99918918617215,8.118488663433507,3.1200360566337366
1,120,231.28182255856734,54.6936191844216,-18.387053147171784
0,0,123.11206525021423,76.39027331942599,-18.439211035017635
0,0,389.800977892128,26.41098355288275,-3.0518890832942844
0,0,121.37764831831812,8.918324274898444,-1.8991421668268487
0,0,73.66803286345649,7.331939395284082,-2.0033364116280126
0,0,53.66206068074959,5.170918023951298,0.01561928513983446
0,0,56.362989949988574,27.67297364051052,-6.996359073865122
0,0,43.94419062768603,17.567660223493945,-6.051033683827512
1,240,186.09472948618534,8.249772806332079,4.513287321514852
1,120,261.8843056751605,56.40239319298382,-19.451378414848577
0,0,128.4588645531483,93.86582211554499,-24.9153385618541
1,120,622.8516563279451,4.93037361762051,17.681793385012426
0,0,204.8046897906934,27.714013528343177,-6.29424869949527
0,0,134.41208629903514,20.535619500188293,-4.852363942593769
0,0,65.33724858160384,6.896664439287835,0.20523389413062887
0,0,73.13721626185844,62.23950773811606,-14.51696006160735
0,0,59.53002393157247,43.52599392020361,-12.558716970588549
1,240,212.39687885693021,7.25022646618408,9.747971517601613
0,0,174.9500577813821,122.97609428177361,-38.760835093043454
0,0,120.81045997341297,94.80240079948673,-25.86182113732766
1,120,759.5371777987111,4.313293474644247,18.346884393335472
0,0,122.27255077488462,10.21851243034864,-3.2222384041596683
0,0,286.1849379064972,5.6642093355866034,9.408118308152794
0,0,106.5833439546455,9.159472872558812,-2.3027092666256976
0,0,55.68127340728638,6.237825605799291,-1.0215834581409808
0,0,47.568509868196436,8.039315684291834,-4.094402198096219
1,240,243.54297131700142,3.9030962942447482,10.722924025170542
0,0,190.04146889909438,53.22556871882784,-15.773261864712694
0,0,104.27698886938369,99.26033831014844,-25.724348564327414
1,120,583.917873138843,8.536791212655439,12.434047260169223
0,0,135.43285301177707,44.7661464846153,-12.76043182911505
1,120,724.4297677546563,3.1070417292669004,25.68955887338514
1,120,744.7743650052137,4.143316269234262,25.670600054461943
0,0,114.53940915877074,28.94668657409981,-7.863629928469763
0,0,60.8255596953194,18.416116316023007,-7.16897521003655
1,240,209.6950200309042,14.025054979339638,2.1326451266163104
0,0,136.66521859021034,121.98180923430888,-35.665385187690205
0,0,118.20831311688342,96.22732851901233,-24.391286793970863
0,0,360.45174137350114,4.748597760316687,16.20487602792676
0,0,124.03292728046728,70.45878399836826,-18.669697010889976
1,120,712.6506055263552,3.4769708435434126,24.785886875089886
1,240,1518.9551909517484,2.1741542978805173,41.27464857166855
0,0,507.4839553916393,17.478146051752347,-1.9662007986424328
0,0,96.07223321655297,38.15293441425152,-11.143220268788056
1,240,223.2143579087575,17.043509129019746,-1.5417409535753848
1,120,295.82514462361036,27.02691397255224,-4.608895297241418
0,0,118.51506685660308,99.32239088045746,-26.31690676680911
1,0,475.6637755561546,6.921508479926613,9.33403730444509
0,0,92.66533957574039,14.092328232011052,-5.830159216210831
0,0,301.41046593088447,3.017489880172036,19.216559445991976
1,240,1115.2278199975153,1.4867252344581967,47.36313482931779
1,240,1316.304465613536,2.2685561473532654,44.655785896955095
0,0,395.90145503635034,60.26969419672504,-15.263254840613698
1,240,424.6131062875421,12.000727045647023,8.055088484086454
0,0,144.21520351110433,124.91772245556876,-32.35256935869045
0,0,117.89295530885454,109.04348373444016,-28.32476616487608
1,120,668.2370170613653,6.6846880400207835,18.95836442707804
0,0,131.86791204505275,92.79824356095085,-21.87462511280671
0,0,212.3805549328653,31.907702388374766,-7.926366287743775
1,240,1308.7703398383132,1.9535035340728846,41.63743413176583
1,120,1410.4536952310095,1.8900589322091492,40.71942148838764
0,0,409.15589190201706,9.075009722283465,0.789131699673888
0,0,369.08485266427664,16.662414658242277,-2.5380881818299486
0,0,212.19706949195242,115.18946774588548,-24.296064699262118
0,0,162.0419034910005,118.70022818130658,-31.14138193573178
1,0,488.3238855531583,8.488934205623911,8.581465190745106
0,0,102.34737634826982,18.19902437000208,-7.633640644063092
0,0,307.96805829315764,3.257392869045769,17.777971874990158
1,240,1125.4771584755335,1.7106250495493527,36.69170812175322
1,240,1237.4207349622916,2.1045969402723346,29.061132245981867
0,0,406.5568511254832,3.326720101502282,10.992458404566406
0,0,110.3856279756385,6.924941856944367,-2.5597048284895862
0,0,120.7410946321955,9.040996322415122,-0.8727239690929451
0,0,176.90638939209387,108.30197176337563,-25.763724572860212
1,0,317.3283777289079,30.549350326452966,-5.960371639489651
0,0,96.50096294442429,21.740858018059612,-6.864640724334052
1,0,396.20866221840515,3.4458425813609037,19.34168342372368
1,240,1290.9598504218982,1.467596870870789,46.201384059047385
1,240,1585.8305896185138,1.5962437118473596,41.804470414876235
0,0,363.22474530191005,4.845527376651501,2.716965648300544
0,0,96.43758304203062,6.640476486127176,-1.938222274060962
0,0,104.0315065251993,32.02719780634683,-7.804956928100978
0,0,129.52895445589465,16.839962981142193,-3.0774369900650953
1,120,495.57719449023097,21.83659369096047,0.8690250503201469
0,0,137.86574118065866,86.20247768443835,-21.002963294287582
0,0,224.65571505945508,6.735611126278967,6.902510654075414
1,240,917.7985738368635,2.5670174140369495,25.358720085642844
1,240,1599.5818632507894,1.6513925276062995,41.3119849748211
1,0,553.3803909809917,2.823166561779875,18.965518897764213
0,0,103.42819016224217,11.946370582371088,-6.169029610631853
0,0,79.22316057923969,9.739353961606364,-2.638372302326985
0,0,83.12863107162212,8.50927456167678,-2.676754927928471
1,0,407.72999713494767,6.1104197485450324,10.610872544098811
0,0,165.66281057793904,52.57787200371219,-13.153082284572946
0,0,372.5371812270699,3.7401712966689677,20.060850394382285
1,240,1239.8869171346305,1.4761672278673315,46.23726209151353
1,120,1307.018329343814,1.840694379821293,36.35611377742485
1,0,543.4195778608205,4.832265850754305,7.394900982998834
0,0,99.50192367076454,5.886074347988633,-1.6618346092293592
0,0,72.24915511652331,8.143575914771795,-2.9774751906255545
0,0,72.08297983675426,10.14480289304308,-4.046534879081378
1,0,353.55365916177414,8.218991085554437,3.5976630243332437
0,0,415.4469508596972,11.33370162269428,2.5345847692723567
1,120,444.2019058538945,16.643087755308333,0.938530151801686
1,120,650.5895401644318,8.298847220538516,10.711436714039266
1,120,794.1392263602567,3.8289603485699155,19.75397961183387
0,0,280.3945019589243,17.3210797698026,-8.026491889687946
0,0,108.54168204769024,12.920815231955595,-6.0607033155525585
0,0,86.20798064164906,10.274881360637218,-4.748692809017086
0,0,68.86192953699727,8.960585179712309,-2.9340358231875285
1,0,277.97620329717574,9.575477780070349,1.313553344180491
1,120,1145.592223216045,2.3234349044783342,34.47408640662573
0,0,515.9463683153529,10.462413505313293,4.101244763089255
0,0,436.70151618840606,7.213382526950201,6.769999711779988
0,0,424.7899941424788,3.699380259858167,12.92266484753435
0,0,289.3577419417958,4.367920673392736,5.638568256721754
0,0,94.5000239439935,10.735748038402276,-5.035981266334346
0,0,77.30270759329557,17.195335777124026,-5.945946451178514
0,0,62.7681746753933,8.620813064110525,-2.97884901808375
1,120,333.22282388608807,5.020773996808932,9.40205233152966
1,240,963.2624254384959,2.628625526945204,25.051363179532302
1,240,1400.6580711535285,2.4698096170040884,36.07450028430031
0,0,455.29165435585435,27.560627443916996,-6.481284740026069
1,0,574.485274994872,4.3185507062954285,17.211796443657718
1,0,520.9936802919877,3.4698985561616604,15.085999242255795
0,0,121.70577052808109,10.531995229114006,-6.420424183627688
0,0,73.4349918433424,6.594511017597217,-1.0188199513692808
0,0,65.81102780547094,13.82580359850834,-5.474036719285849
0,0,197.5258520501525,5.556954319554426,4.709776351748431
1,240,887.9862820055955,2.8020424265339683,23.164823313928153
1,120,1148.120889742166,3.229964432708584,27.340180860705274
0,0,204.85139435121243,57.34979768602136,-16.327944700962092
0,0,226.66058767214318,105.561341843371,-24.228953227928912
1,120,768.4503577477835,4.471640335379165,18.022513162550254
0,0,111.30103736181152,9.876320842073813,-4.111258004218016
0,0,66.47419855666607,14.467259860981653,-3.6464393355903724
0,0,66.52559624535375,43.21934448476547,-11.5603618406643
1,0,194.64789889327636,42.79318519213006,-9.21320933203532
1,240,554.3462231548319,6.7598825613932965,14.758447072509654
1,0,352.4969344718559,48.51911048358816,-10.389549093121502
0,0,144.88089086725944,106.69648153268903,-25.504858492072458
0,0,158.90531816222102,123.0956943841284,-29.91055406407257
0,0,172.3927677078559,38.964234770527476,-8.166717401556355
0,0,134.1889473259146,13.787222891218036,-4.127178550877886
0,0,76.17778517617285,9.681191860037915,-2.595334515222902
0,0,59.0469944840686,8.33206195076283,-2.8602031652126527
1,0,240.67116230376635,10.428001221848723,1.278901188523207
1,120,517.2080262686359,8.127321859451317,11.742927505465005
0,0,167.36938615045776,95.82336231551362,-25.9813863978054
0,0,137.53639467659082,122.16905710673878,-31.11729239964737
0,0,137.7747919842887,109.72778027563861,-26.230271093714137
0,0,107.52966677201644,22.578443178914117,-5.199678091930977
0,0,221.42684287941697,123.30162661397071,-31.083538515789677
0,0,108.91726833388358,12.24820724355882,-3.5553281553527114
0,0,60.446413886795234,6.357962215615515,-1.5754684176742586
0,0,131.15969179786185,5.254201670017891,1.5498728027984185
1,120,325.8244587460053,13.246693203105988,3.5419067653372593
0,0,154.37305999800896,107.6203103807767,-31.026984380077586
0,0,149.13730872294977,148.5260000543969,-40.20910286367384
0,0,150.95164486641363,129.46678591648535,-33.97288259870193
0,0,105.39698010111181,14.800518081113825,-5.024150498338514
0,0,176.35145532629576,128.97367193658457,-34.73615471472062
0,0,153.537309094061,15.606165480722888,-4.592298404755979
0,0,171.3965095533281,48.96030822927227,-13.375256604323155
1,120,464.4921353684691,3.915079046259921,19.336568558417753
1,120,396.309734514907,13.540160528385547,2.703343620657293
0,0,181.06328799128016,105.58723859377221,-29.371136564464514
0,0,149.29577548302152,133.57845636755872,-34.72959733058358
0,0,137.43008512111814,96.29348182927895,-22.944709887904423
0,0,102.21814528275598,20.222120457294576,-5.362957485338384
0,0,130.84612508705678,94.21169931605283,-22.66371461713608
0,0,94.88847665644633,8.807682809330421,-1.6753668096926617
0,0,120.4371975791872,9.914447616221803,-1.3203592265895168
1,120,455.29428432139815,19.65356513551547,0.2959012224202553
0,0,153.97624127447287,119.25272347485388,-29.455320483941776
0,0,152.3485873403846,145.61268422057938,-38.58240660993348
0,0,160.2164693463842,151.9246760041813,-40.44312380327517
0,0,146.48826459290876,113.51430103398278,-27.819678499867813
0,0,135.40046589298998,69.19159759457062,-16.667417465884014
0,0,144.9175176718801,108.0949349328053,-26.289456637403866
0,0,105.67320583561842,18.189752582518732,-5.428245993313595
0,0,86.28456705205356,5.932675593653304,-0.4806970199429941
0,0,124.75475079771226,19.685167184774947,-4.813278551407905
0,0,204.36403452940803,117.14298662163515,-24.40447553756961
0,0,181.94991512523043,154.01953323582853,-38.979199683573036
0,0,165.50027417290946,148.17680183209242,-38.20226855224875
0,0,139.2249005720544,112.79281626827452,-26.640976812343872
0,0,124.12723195011723,56.035496090387,-13.57083679485362
0,0,136.0657791592186,105.39505972593557,-25.46978890422595
0,0,106.02488437469171,21.166203928535474,-6.6218537087590335
0,0,87.1464815787389,4.7778768992216625,-0.12865373377852052
0,0,78.5063702719147,5.304729933711935,-0.47178827727172745
0,0,120.58109750424268,14.5679725543196,-3.0548797999917525
0,0,231.2124458812915,136.14679023283097,-30.022003174643395
0,0,177.48554861464663,138.70825102690665,-33.44578199065184
0,0,174.30433322403135,130.66866370469072,-33.12093520420802
0,0,106.24452050577332,15.381072399036457,-3.6713584521014724
0,0,148.6965287650222,110.94242233892325,-29.511589286258705
0,0,103.1983969228535,7.357071317975341,-2.157548543811288
0,0,76.29404779090177,4.915800829584585,-0.47661780918248553
0,0,74.05021673562607,7.523177457353613,-1.5798963692510881
0,0,116.91044779313972,68.67512816790432,-15.841445978253645
0,0,162.92352008714752,43.111692841266,-8.75263896062458
0,0,225.25580064577437,121.26345778046964,-25.839538712745963
0,0,163.41487020150115,113.44140460554644,-26.344753192596528
0,0,110.28608604701772,21.181742339756838,-3.7848630199078315
0,0,138.39054400328695,106.1185587635596,-25.682954086221407
0,0,128.34145699652314,43.521207317048884,-12.774857017426186
0,0,91.51574422755706,5.619423371265397,-0.16788179166196926
0,0,140.92117166750714,3.4106571225093023,4.738478777721355
0,0,90.11373453549096,6.596602449122685,-3.140072954255615
0,0,126.47059926598453,8.01609650771416,-3.6244686641626487
0,0,145.52091338724586,13.555487765938318,-2.6984402659610254
0,0,283.6710309283852,127.54462181826355,-29.995271662677823
0,0,119.37768421890787,15.451476256222154,-2.667497444440883
0,0,163.79095527426315,106.4048741601059,-27.204790317238555
0,0,112.65169470942345,11.752707181693275,-3.93595233659957
0,0,103.71981026402666,4.905023301648058,-0.07179841281596566
0,0,79.0134831754435,5.029118966524575,-0.5706510147447119
0,0,78.01048006618053,7.609085432600815,-2.2258964598568696
0,0,84.51106905889792,5.510523637237464,-1.622780921754071
0,0,77.55670331732213,5.893370217748135,-0.5106358906282935
0,0,124.30953844095875,19.934913438592005,-4.617476434903423
0,0,163.4571083550191,49.389698298546804,-8.402777946537938
0,0,146.01652585954977,99.5196379163403,-22.652866664168045
0,0,109.28030560345204,20.583225625681923,-4.96306273201435
0,0,87.75187244037929,8.893339903039726,-2.471468118010634
0,0,74.63835978444371,6.099474815841311,-0.27777742041467945
0,0,95.38974582188105,42.951103388366775,-10.198518385058406
0,0,117.23172302364213,82.42067855273551,-18.17604910144712
0,0,130.44500999739526,81.12233230095023,-18.38874929568749
0,0,99.65193373128598,9.240904687993146,-1.7246660796350994
0,0,139.5204882942713,25.25025214179591,-5.376061685708933
0,0,239.37486135607887,98.12864237604127,-21.590158285730524
0,0,128.7312473638646,25.1279446847156,-5.966849764350258
0,0,91.00937383585205,6.610686559630652,-0.568178125319946
0,0,88.32729076366716,5.6490395758337,-0.6157178393255265
0,0,98.4718160459188,34.804041303160076,-10.27378827791263
0,0,86.57685031325319,14.350923023522702,-3.4519951946888057
0,0,106.913699367909,52.18475326814709,-12.383802315400516
0,0,94.00118069505174,16.443654981710424,-4.483940405966109
0,0,89.26967430075162,9.733747932421377,-1.6053280290831253
0,0,136.3488972172193,15.910475761678175,-2.420990526825207
0,0,144.42045418410373,15.365286716083498,-3.442182896266189
0,0,93.29112967443272,8.276111758005134,-0.19469784685573188
0,0,113.76468025707372,65.35065539643712,-15.184069539503597
0,0,112.19822970217047,40.622698908676846,-10.737460329007845
0,0,112.78441728091784,41.17376110912276,-12.491801005470535
0,0,172.84686753437808,9.978078574335811,-3.5713808008066366
0,0,130.75805524951494,73.40579376419649,-18.72740304808626
0,0,109.06390024900827,14.313033594138982,-5.987113719358746
0,0,109.1466761472874,7.676007631609488,-2.8447740260666734
0,0,122.42061103336498,8.847384361477092,-0.8977593325428046
0,0,158.27236934266273,33.3266089509908,-6.654841419611188
0,0,116.9198567215938,35.69087685627818,-8.7057597405893
0,0,106.76684073161675,28.598518951494174,-7.622232592208235
0,0,86.30225697115307,11.778576858547238,-2.2135003090224785
0,0,92.20578143710901,28.222288694706897,-7.528336769391842
0,0,110.15701368632119,69.31521180153179,-15.685532413602914
0,0,119.87656147602476,64.32363662543764,-15.407839612686018
0,0,111.14448639560574,44.14376534108646,-9.774586935167576
0,0,92.29857841099464,11.051127790378658,-1.8813669530984072
0,0,199.86699749857766,84.47923557222292,-21.115796800220124
0,0,147.56427191812867,14.596789638018084,-2.0026970534647717
0,0,117.42085382162745,36.18861138824386,-8.191847876137942
0,0,110.42853495660077,38.14392794753127,-7.936754536908495
0,0,118.52820534826365,56.13681974344134,-12.6302669614021
0,0,102.27370330486856,25.870698429147573,-7.200763463838655
0,0,78.08406808914395,7.532807518112305,-0.41062653562289597
0,0,108.90788207754626,78.64361548689917,-17.803678452853006
0,0,123.15975604781218,72.61570101993715,-15.790170510352112
0,0,121.34388953646723,40.544640457230514,-7.976452866498789
0,0,161.18529423963628,35.37390337482004,-6.883002456708098
0,0,162.07492542905683,24.862300843950262,-5.648349003972982
0,0,103.95580432734832,8.439180245381367,-1.6006622996769977
0,0,83.48289423200569,7.224396948425212,-1.3797297085909292
0,0,73.40085330353584,6.066943692685193,-1.2029075468167036
0,0,67.6331858292159,5.951183070556992,-0.4070598681833246
0,0,96.34082978377093,61.53820900924133,-15.776712285213492
0,0,111.26546481062009,87.91701294385649,-19.913111255647024
0,0,104.40300049431805,55.53702876774228,-11.972309287958183
0,0,82.6677352781021,11.81993892159223,-2.858824053802678
0,0,327.740615365824,34.04155635748848,-7.62516518543633
0,0,159.0187807705305,22.183189242922154,-4.632895006145873
0,0,103.38233580610152,22.180104663438204,-5.185231767812795
0,0,87.36612904587889,15.920828686148582,-3.1186412459076536
0,0,113.9983504284278,76.12600661976437,-18.30732359903017
0,0,120.55472983245451,74.59155737707553,-17.399007007135836
0,0,131.1687493085062,110.95516495516472,-26.226868228779203
0,0,126.64994704558929,93.42890560013349,-21.2822782683955
0,0,91.03741924428023,14.887586609086702,-4.232873437979535
0,0,300.55264372127374,22.996220501319296,-4.8372993961194055
0,0,233.99429193523557,103.17280521032401,-23.84396978647814
0,0,143.50700593603017,13.437608638737393,-2.903267372075547
0,0,86.7293486385887,7.319381781615522,-0.6069781831106553
0,0,77.26264596298628,7.844457437728489,-1.1415872866149925
0,0,94.37722042358023,47.93745156493751,-11.839518296219353
0,0,114.475009011123,95.20658359136347,-22.941386282245922
0,0,117.36892333819597,66.55256928270549,-17.66582543532587
0,0,78.65154550353776,16.42435154251743,-5.5703050364435285
1,120,343.84598022519276,23.04177625683413,-0.19831735381292503
0,0,154.0950091581034,108.76680652071673,-24.426039344711633
0,0,219.5446944347335,113.55662240305217,-25.975954495393736
0,0,145.12650924414436,12.900593097059076,-1.5777299490285372
0,0,110.9241360928463,37.283996280772286,-8.675678203206417
0,0,114.20923512244129,70.21619779534863,-15.315671642095907
0,0,119.50023834603682,97.42732198832873,-21.59350831114783
0,0,117.21511569811777,91.31034638031583,-21.0729333835242
0,0,74.90805028129517,9.272753106532644,-2.4136405499238123
1,120,496.0531729094235,5.153345035653705,14.147738495724397
0,0,157.63316301887957,106.05637624022376,-25.9793256566181
0,0,155.89722705516076,91.83511836147376,-21.09531091923762
0,0,194.13061187735295,38.211427715548055,-8.353869689025927
0,0,158.4912006135995,25.89971946690205,-4.42116705902977
0,0,110.26377668412901,53.037631373394504,-10.206301646004292
0,0,109.5712568777922,97.83878214970768,-22.216068791735978
0,0,99.96458222136242,87.82868098367837,-20.477284069261543
0,0,59.9208402121972,13.731074159113803,-4.2579510730435
1,120,246.82983877170344,22.762507202186796,-2.3638234527086723
0,0,113.98484918289913,106.27321730470679,-26.484920580995556
0,0,88.61831005435761,54.0559793896597,-12.0055400605914
0,0,69.21271819548784,10.454163293013044,-1.6427119878015333
1,360,239.65520207977684,3.603673239794822,42.90120744266308
0,0,164.238185449408,74.03654965834295,-13.18440555061997
0,0,129.31833049122386,106.10707957952339,-23.357217434085108
0,0,114.36896018499303,93.96822510068323,-20.749090547915216
0,0,86.59785602942839,39.33598345279243,-9.199909625449564
0,0,184.17974048037962,65.63815480945004,-17.756323677159102
0,0,125.84456544203707,99.4381501489083,-24.061050376729476
0,0,86.78256576464612,21.686297600727688,-5.508710010750178
0,0,78.94520609583036,10.903708715767532,-2.8533393118733983
1,360,474.423701458024,1.552950064012152,58.730014132031684
0,0,149.45299527667163,8.660159050336576,2.888207957013762
0,0,162.4848826442535,82.26160160867627,-15.634410180302481
0,0,118.96579987378688,97.24734426578844,-22.125871735153197
0,0,75.24822838914356,18.936894046509202,-5.318292241091498
0,0,213.84481092148724,32.13979127467195,-8.365351716205438
0,0,106.97692056548537,106.21319344553875,-26.458828427193225
0,0,67.76294968947352,35.359262000464405,-8.4774137651807
0,0,68.30841814652565,82.88390333646649,-22.786423828912405
1,360,173.5640659398047,2.93999726586334,39.029962455614466
0,0,83.80431683126702,48.88940802372023,-14.257729388147993
1,240,391.7866018776896,11.502932951877384,5.818486814228706
0,0,169.6201378693735,97.95633910169627,-21.772713535166872
0,0,74.90381626349084,14.779259029357428,-4.369331492241415
1,0,234.84311331449382,18.473367843952104,-3.185826692565527
0,0,98.96546738012324,83.52098361125178,-20.212087814262546
0,0,53.348805711549915,10.385982174057004,-3.074699903052206
0,0,42.656536258526685,9.899267478275785,-5.602663957035972
1,360,100.915926912595,1.8853736292437346,25.640661183776643
0,0,46.18458402325849,4.618432206145544,-0.623120655744529
1,240,172.06877182334267,3.6602102516892745,8.109735113212352
0,0,125.61651795563868,12.433462502910729,-2.6606969985227806
0,0,108.4336154031689,9.568973811568062,-2.449296656415939
1,0,210.40579089123025,22.941317152388805,-7.254369154467383
0,0,105.33244392076354,97.82313002958786,-25.661543513680492
0,0,51.594476993112146,10.15048111835408,-2.9546590869158535
0,0,37.32376249382132,9.02770411316437,-3.6437128164810133
1,360,105.40107241818642,3.4513427980987013,17.292292164804877
0,0,57.79820295704503,64.53714222889883,-18.4264133038493
1,240,234.00866605725938,11.194663615861804,5.038195089583581
0,0,111.59360969249981,52.7801655488034,-11.923834314490676
0,0,193.96120582094605,113.51361517078564,-27.291214632263042
1,120,477.3439607847684,13.133343480360866,4.74093053133906
0,0,134.42236810398435,80.76473766919032,-20.618788297456447
0,0,58.73516219019541,8.958341685096425,-2.372076985361417
0,0,38.26093994609548,4.445553167695584,0.7739244865019401
1,360,94.66292310289118,1.2957060168956451,43.50772056174908
0,0,36.982717177506984,5.88146462534264,-1.437213819813195
1,240,149.42400897539804,4.8022318111066955,5.916990242981839
0,0,76.68816853254381,22.103342132453825,-6.519080846981936
0,0,132.96018661404568,104.40070248234483,-28.078491741137938
1,0,602.6584634730896,7.450490848908512,16.389285944431677
0,0,190.17679876401579,118.48320662650852,-27.480253290511747
0,0,76.75130470968234,47.50242658802758,-10.126054270589961
0,0,54.685967481662345,43.15436436154658,-12.576238554632397
1,360,109.11969632834678,5.539195426232346,20.54881277172889
0,0,55.64963446835225,56.58056240256745,-16.315585537790028
1,240,210.6874465977001,8.784144164895133,8.090850269613824
0,0,94.82178662500617,65.6848657029811,-14.990122090067686
0,0,121.7588912976423,93.40873400252518,-23.47607992897847
1,120,829.2131723599784,2.940670494738421,29.274540489758394
0,0,412.12344526431616,5.526270063546903,12.98794278760603
0,0,87.97795312064902,7.957262079722205,-2.6956767591893396
0,0,40.35810507807138,5.710940985503886,-0.33985856967015593
1,360,76.9175310017141,1.885432514209015,34.007238700521356
0,0,38.75505039066425,8.213900356218875,-3.294026172802532
1,240,149.80006003998488,6.4545231804818695,2.4057831611140728
0,0,70.67028590966652,9.84873560477544,-2.87494539062952
0,0,109.76808485941646,91.0981330875103,-24.16941894342287
0,0,289.5081260922437,5.511473918746122,7.234564750723038
0,0,316.00273906213715,3.123947129011759,16.046156684890235
0,0,159.75748367870094,13.029324204451479,-2.4703690560440634
0,0,91.37108478659023,11.184640988667912,-2.989395785801335
1,360,113.90744657629136,1.944397346453582,36.758550111546555
0,0,41.17659399912364,6.670655820478389,-2.193040847798784
1,240,156.07906876760876,5.381390938894108,3.527439305412031
0,0,65.84651533622454,13.232763863043163,-3.827884955156634
0,0,124.55777544732908,114.01816501704704,-33.228955030085096
1,0,646.2243414925423,3.680926253210309,20.148035598460538
0,0,161.9775486875863,9.775608148735866,-5.166177837757871
0,0,121.53469807109256,49.3158849793101,-11.124229746154285
0,0,190.6167058454482,87.03624908493617,-19.060122922655935
1,360,320.61241116901533,8.607540708794428,26.58698524069733
0,0,106.17496245156343,23.580422528508787,-11.02382409476671
1,240,232.62176733101168,9.718596672925765,0.8620238142350729
0,0,82.463992300867,15.277247150215732,-4.155616779262687
0,0,114.54267394358372,88.37763866705097,-22.724189445055814
0,0,442.4125317109799,3.032531717414158,22.322159822680632
0,0,127.32352429837579,13.714201022012757,-9.259327663016848
0,0,106.88845396590028,35.69217638654643,-10.512120922152008
0,0,90.43951584919878,11.206313363245737,-2.3046326250671854
0,0,130.8624263390049,20.080765857268627,-4.268582383989283
0,0,102.4094412678916,41.09136728030929,-10.992722754693702
1,240,251.82378058549284,9.419157825573272,3.7415450308211717
0,0,90.21166107579282,21.73243814486323,-6.559075077870929
0,0,117.93470601186222,92.5730421850754,-24.13323444175451
0,0,331.6513968015567,5.153891018856685,8.054665767945465
0,0,120.7457197440139,5.01676440446043,2.2998821998936876
0,0,114.39786713385796,73.31599622266029,-17.560336622342945
0,0,118.67454252587049,61.66057422322245,-13.904491928885236
0,0,90.64928394146199,8.196340453469121,-1.4173038895727785
0,0,118.15852514848545,11.086095984013536,-2.1903513163517516
1,240,431.6000178527223,8.419629534456778,8.571309435457934
0,0,100.59057070107637,10.657965737137948,-1.9545338331512454
0,0,125.06679847669464,92.06042803153824,-24.500199607695777
1,0,635.6945035860086,2.6055293093946457,28.927849846729146
0,0,397.6321990853318,2.890069358079681,18.33250147663844
0,0,177.76791849279434,18.549458950964556,-12.222456848338112
0,0,103.04893099313422,19.620057108529224,-7.237249150757464
0,0,79.83662838247469,7.456317527503629,-1.8083216039361218
0,0,78.01576833741406,7.728981539072255,-1.1972695702863092
0,0,126.76028090178632,24.449306514893507,-5.3644686955424135
0,0,144.10299920527487,14.060707231268498,-2.572555399175542
0,0,143.96405313773073,98.57526205078905,-25.98546560856591
1,0,574.0466148798613,4.577596723594666,14.293839761952512
0,0,208.93344095692612,3.921735077852624,6.404561607898032
0,0,90.0231084167848,9.391730517300557,-3.7021586069240158
0,0,76.03988202599953,5.693330094240135,-0.8778335504471073
0,0,78.92243195454814,11.986482749984463,-3.773433832245942
0,0,80.1955336587642,12.623519707094143,-2.6776954713421617
0,0,89.09536539909605,14.528617543577795,-3.4454166747447204
0,0,121.19587462222039,12.954614750800621,-2.262588220894415
0,0,294.5553473804116,123.8716150288512,-32.80369730830193
1,0,570.5258165244625,6.319803855662394,11.248022015502713
0,0,181.91649642513087,6.243760578583428,0.5277346059919807
0,0,100.20998521313815,15.352323901657684,-4.714901937497061
0,0,100.39659940616346,29.255882727883098,-7.1459266124493155
0,0,106.44681246753598,42.11404706413532,-10.34287066325318
0,0,115.35389361720082,59.46432475220113,-13.982699698919305
0,0,107.32305577201161,27.558008529445836,-8.89795820199187
0,0,92.20812233316416,9.437988380140872,-2.4697983892537394
0,0,133.86506480198517,24.44507582190909,-5.850365047749946
0,0,302.59964112689596,8.88550030620618,0.6494345829817121
0,0,104.67863675378898,10.242915623392946,-2.3228094191295554
0,0,95.11817920736796,20.33172139619642,-4.786795385175168
0,0,97.68823368262825,25.191031464529782,-7.657138377550112
0,0,86.11859015330614,14.47712816895619,-4.863676883316899
0,0,300.9028145645827,6.606751870762889,1.2387220193225232
0,0,110.66137759569322,9.073684020919533,-4.297089303747001
0,0,103.51262112504453,24.654473465800077,-7.1853871642103115
0,0,92.36843120272238,8.756868468487047,-0.7422579161295317
0,0,156.53336130712339,38.405812175034434,-8.78074958400012
0,0,210.697059575205,9.210168992245839,1.4217581083692465
0,0,115.14087774421219,30.553985317743066,-6.349016859511707
0,0,125.94232760949244,77.68864844966167,-17.621419104715343
0,0,100.17860700354672,18.237911008376365,-4.488093592051285
0,0,121.59786258837704,86.35276835996169,-20.52108802937117
0,0,123.71854437345894,84.77246013802876,-18.296264287991633
0,0,121.05824353744816,78.62387706604694,-16.445496775818384
0,0,127.32233401224606,91.87852989204598,-20.47356416722087
0,0,152.9926568332121,45.02787549044753,-13.2626344564611
0,0,513.9428333575534,9.653707697315962,8.197998243450115
0,0,148.76732244959535,17.844848224808924,-3.33644573755042
0,0,102.58838094939473,12.849879830792121,-3.60280446193714
0,0,92.70676720108428,12.018536025031526,-3.8373696485699895
0,0,84.78000003983803,7.563017084591285,-2.1867582291533836
0,0,87.30820745559443,9.328818813091962,-4.6229294731221415
0,0,81.90736349434133,12.436137369379548,-3.855155430201961
0,0,73.68361427569761,5.902687127810242,-1.0049548619449666
0,0,142.44386503706974,5.088908639508852,0.2515213115685384
0,0,320.5867690049634,5.168081618650524,4.54365947624467
0,0,170.8893796457117,9.458432518124885,-0.4811303039875128
0,0,172.04255152031342,30.186257959697087,-5.804822667510521
0,0,112.98135862312587,27.57081070749127,-5.024277313180804
0,0,122.18579592011469,58.42476190430673,-13.164617151270093
0,0,126.27492756231487,58.03496419053827,-14.425066856508863
0,0,90.75960079357145,8.69051391151916,-1.0718602591594362
0,0,95.03882679871911,37.650471036031924,-11.260988985666614
0,0,192.49831015932952,8.11271207090081,-0.9562843822622398
1,0,541.2324894457579,3.5620271301165434,16.12131561475745
0,0,126.23773395477532,23.498855345338175,-6.693731304581846
0,0,160.23797384912805,39.97203493278202,-8.217681116303922
0,0,153.67967865123538,11.116199061206645,-1.4314226086817001
0,0,98.11664600086496,11.015839226434592,-1.6753298220303208
0,0,92.91612719524586,14.26791011292866,-4.322795729070677
0,0,84.05722996171843,10.227049622249796,-2.9807723765252376
0,0,75.65543094215428,7.793379581025163,-2.849191409739973
0,0,139.40761516099752,5.530668161298518,-0.9818639927436266
1,0,491.8762434950825,2.4848126488284774,17.592209266834075
0,0,87.68249009507426,6.032761534372292,-1.1321554327192587
0,0,82.50794786722928,9.79884627679662,-1.8095421967932168
0,0,210.4358994622833,118.22678042613202,-30.577272529538412
0,0,134.78539403749443,10.506898953259967,-1.1851323330882622
0,0,127.45887683541396,39.8687619843253,-13.542546517118168
0,0,84.08691909861147,7.510103641384054,-1.1005996727946865
0,0,73.80721698822656,11.49089063805825,-3.6928112962564796
0,0,116.27702285912954,70.96739848652425,-20.63204044847633
1,0,413.03073803269024,12.002494948282791,2.376309278183868
0,0,113.69167604111679,25.56691157010589,-7.252213302148348
0,0,111.34335486773811,62.96111523723854,-13.773856789465427
0,0,147.7871614979649,117.63322719572056,-27.67703822204402
0,0,186.14334984057032,62.06770261704056,-12.334133168834711
0,0,133.95074273120915,11.331875060706126,-2.1284181177456247
0,0,78.54662461521643,6.5689779551807925,-0.040121122000869036
0,0,74.45136016543351,14.735589397634714,-5.687016962969622
0,0,180.51924787758372,8.43719755927071,-2.201241540933893
1,120,516.6840736503859,6.748179569366428,7.557192277426694
0,0,110.38057209360173,22.60848218204539,-7.942461204811792
0,0,82.06032093004116,13.297968696704276,-3.0516090338508803
0,0,127.43044600100092,111.72577196501288,-26.964127450271995
0,0,147.18254148829422,96.82224625620545,-21.384998290654977
0,0,167.2802280513116,22.925784155876894,-4.696593044640622
0,0,175.96246981909914,37.643832602244935,-8.423892617780169
0,0,102.40718539227429,27.60248856268306,-7.3764178722734215
0,0,118.28976269633226,60.97706461979756,-17.873083159251053
1,120,582.9466450012147,8.915838923260411,8.707719934153943
0,0,113.25663212872871,17.0128221656575,-6.582350885383931
0,0,89.42104468827847,17.347371793993748,-6.369772222034101
0,0,121.0096685272967,110.90497420835979,-27.07922777151058
0,0,130.10028046210792,101.61362879447539,-23.178699123795177
0,0,116.03264011260787,31.742719801207585,-7.1887583254346765
0,0,183.04624800312283,80.90542625995379,-17.645889085326644
0,0,155.45953050511213,44.444628257024576,-10.033896867903366
0,0,216.4603343269033,34.46560391343798,-10.703722297005442
1,120,578.2124803012249,6.484745832508691,9.15419272226282
0,0,105.23920484060116,8.094959945965545,-1.7372630206364619
0,0,83.33288983951344,14.92582799458474,-3.4402701057282172
0,0,110.40485393064827,96.54256568363984,-22.276231866501732
0,0,119.60470012399382,95.08747442266558,-21.87559735993098
0,0,94.07009826196325,16.823599729181122,-5.895342045150798
0,0,97.11714573364092,34.74329909253821,-9.864282016332936
0,0,336.67703423457215,53.30770986120026,-11.623536767934581
0,0,321.07861790588566,21.080725520238055,-4.740037696030399
1,120,473.89934074167246,10.007408250528997,3.6735617074471776
0,0,106.82183195081039,12.11079184465851,-4.094074593086958
0,0,85.61313231430059,19.649107024734107,-5.993026461380779
0,0,116.59614423854005,104.78951471899319,-26.184892515979342
0,0,122.65867959536989,100.10407277603618,-23.844022625995763
0,0,82.29009149731307,12.513679618524877,-3.2519447809674205
0,0,101.70277406069853,86.1335953606084,-20.60511343029556
0,0,279.7050428883496,54.58711545932575,-11.521757289088796
0,0,406.824155382046,32.159619940681694,-5.986897077336494
1,120,520.3920076574955,16.905278816347053,0.8246662752754759
0,0,131.6685561224101,33.84184021409597,-7.917663619191231
0,0,86.55520410977962,11.82240802910191,-1.2547959531226667
0,0,111.88593262990376,96.55467297397239,-22.338471534310088
0,0,121.10170598527097,107.57975781679464,-24.89162947029657
0,0,106.40791845123967,66.29512511695219,-14.344095579703094
0,0,106.98323475000214,85.247308498048,-20.697609005894947
0,0,202.24333007220937,5.819698132182943,6.704404734602562
1,120,602.3990491131582,4.779619081987538,13.363335856608202
1,0,479.53862168682775,18.51259019431236,-1.6523816195265795
0,0,156.10429149750072,27.331819871547143,-5.749045272707477
0,0,94.76478325545035,14.389489291587802,-1.978903418679053
0,0,126.6882175786748,116.81575046086411,-28.832881534244166
0,0,123.105048230078,109.4527996708765,-26.226514204011124
0,0,85.02471720008187,29.181961114457366,-6.780610039457898
0,0,93.12844590064422,91.6815355426042,-23.5413790048572
1,120,653.5000051367372,4.3262147762976015,20.38944878657736
1,240,785.090421808745,4.658697339300911,19.837043333537522
0,0,207.30286231977624,89.94327663617786,-22.35425998217589
0,0,212.09837776771002,108.63426165296764,-24.788370484957348
0,0,141.5790824876147,24.833942205651965,-4.417632095300775
0,0,125.46162205395613,96.25626472631873,-22.182436438768818
0,0,127.23379939631072,81.40347123526134,-20.70323641452181
0,0,130.22248317142714,10.381261449867264,-3.6877175667575983
0,0,87.7269274439176,39.599253845915065,-15.147890321787003
1,120,402.49609363740416,7.983430468047552,9.100867081077496
1,120,468.7967541443844,17.345178836666072,4.735392949892159
0,0,162.0721480947541,122.75439441800984,-31.47113222941104
0,0,152.77653488022779,116.91933024285639,-26.941823889883246
0,0,207.7605896849795,73.12082121559405,-15.227958042841408
0,0,222.26784237839414,108.56640451412709,-22.400674214456103
0,0,135.10458343325521,77.61288583502258,-16.876249807434363
0,0,79.58961000238004,11.574050648259044,-1.5936610635919237
0,0,84.35567437064672,58.769231280357296,-14.8381979089975
0,0,182.04344894291066,27.962005416298094,-7.919365051658701
1,120,370.39169614625604,21.282161736332853,1.3340497930665123
0,0,169.1753789549551,99.80123168624529,-27.493870034203248
0,0,131.39817979402676,107.05870393612643,-28.495115485741472
0,0,89.73225916697004,8.851151194351873,-2.415304994728942
1,240,589.3933707125472,3.569244035363217,32.40065316718838
0,0,262.65717546328347,91.7744447371716,-17.77671973096166
0,0,116.841853303892,48.64712143462357,-9.500022233693983
0,0,79.22726990040186,30.354864792390167,-8.193565160460707
1,120,338.88532107880235,14.686225296472646,5.3123899144338225
1,120,390.40505377099646,25.958395063416773,0.6478441135012503
0,0,137.9865155466222,107.84821189176508,-28.705464321447614
0,0,104.33765945382491,105.25727341943787,-26.910960327639543
0,0,62.2945031440808,10.88010328991568,-4.588176922381365
1,240,353.3231517507076,2.865996687924784,16.861650096175907
1,240,583.3459463215357,5.547963194510958,14.387820127997102
0,0,108.96001661002856,20.655129357385558,-4.855534313651162
0,0,84.39126392592573,82.26370973555588,-20.930879624346034
1,120,272.4766959518262,46.680816624956826,-8.302340591439787
1,0,293.1292939085249,47.48831946500445,-8.432394496165742
0,0,137.23921990620093,124.56279186085877,-32.17389252984765
0,0,117.34279372363375,120.10265236835363,-30.086858398574094
0,0,96.99486367191305,46.295256823785394,-13.259802258316498
1,240,750.3461737309007,2.078233848019643,38.57612383874891
1,240,855.2117420873496,2.367128676780685,32.243085725636035
0,0,190.38547292664546,11.899090241896099,-1.717479905238335
0,0,151.6121743160066,89.39038426393748,-19.23543915817791
0,0,189.1942799122426,54.327270772382484,-13.70948768909686
1,0,270.60951110420217,53.67169745991871,-11.77308845466348
0,0,134.32035491463708,134.4305728036767,-36.40246475482308
0,0,124.6444962939239,96.42966538177915,-25.32350269968616
0,0,101.61582649293615,81.89736493332306,-22.285573893217517
1,240,621.9931086105981,2.7714005857504787,30.21715521254194
1,240,616.0410884868993,4.366778620924352,12.255206628821796
0,0,137.48801237943178,11.01660450537034,-4.5594797803602205
0,0,166.00433200870526,42.9146082466667,-10.907883625197911
1,120,411.490530452933,25.5241461948615,-3.237250111116424
0,0,144.64921584217996,130.70438634784242,-34.23741835973065
0,0,134.72903115523698,138.32255044328951,-38.64349437625765
0,0,107.01080404397842,100.8568617819841,-26.1789110825844
0,0,71.54480046523945,25.391355860283962,-9.403241373215351
1,240,405.7245577193407,2.302150584077834,26.609896455538745
1,240,734.3999217869313,1.8881443811924155,35.03819052886735
0,0,116.00360846710078,16.471986546461466,-7.706321400553776
0,0,109.58305771456412,40.51897112462624,-8.18155473810495
0,0,166.58456815680398,54.49305834635472,-11.719081183700823
0,0,229.04585305977707,128.72588039287933,-28.690780219500134
0,0,155.15469255925842,130.32324855938936,-32.903891601619016
0,0,120.92056710844243,109.58569829964307,-26.681546993974955
0,0,76.16003290875226,10.943995958986491,-3.3115213370875693
1,240,729.9360087186825,1.5680943295080565,39.23002343723937
1,240,604.5449196199569,2.532362371098657,20.782257760588124
0,0,107.15256145400039,15.210974716341186,-6.574926933157883
0,0,99.81129603996962,39.62411819171428,-8.000098550635173
0,0,120.03944929886407,58.59857768749172,-11.653222008935288
0,0,178.5446652128827,66.98019415669899,-13.374712357291642
0,0,173.58359796839068,114.2960479060749,-23.900259724602122
0,0,130.17569925849946,124.44752352606483,-32.78261962472204
0,0,151.34861095870866,5.470105989765892,7.151183991913655
1,240,433.10531037267407,1.9036112731264447,31.945895142716196
1,240,422.63278757730166,3.61893369593103,11.468119742210334
0,0,105.11835112222897,22.26510838220708,-8.92948754215763
0,0,71.83931692993961,5.3179928132864935,-0.02699050187150931
0,0,69.93065911273823,6.840669575177169,-0.837495862693558
0,0,77.22839406259592,7.833636140890566,-1.0591576391228301
0,0,136.5355794265949,38.121720419169364,-8.301611406096598
0,0,237.32600483688256,140.841632111395,-36.65250135221599
0,0,70.01568521860547,10.404370527352768,-5.699909805269684
1,240,208.3004581291927,2.3200053628797757,22.13043691693666
1,240,634.3673685595319,1.5944480588256553,40.818210250535955
0,0,117.82529037639384,31.347796162492134,-10.268683980510232
0,0,79.69995519463544,7.5687138101595774,-0.9355395876433761
0,0,71.65746388143323,5.63632132578476,-0.4475772102967852
0,0,71.15460199979634,5.699449167145609,-0.2640761334949815
0,0,94.74556296846976,22.876927232500073,-5.291402210573068
0,0,117.50010420575089,9.031233601274879,-0.314035897407706
0,0,154.13320033878026,41.49728638901667,-10.156706474763169
1,240,1083.3952611862812,1.9047445266919707,42.520287360117536
1,240,1291.3460926029672,2.050012156747879,44.396005692512446
0,0,152.22511499252698,47.210443795589185,-13.211845112121694
0,0,128.38207409369295,74.30521310207884,-17.392999153982075
0,0,91.29318906144302,9.455217083162538,-1.9479870169177218
0,0,91.20014269427305,21.308195659373496,-6.027060394681868
0,0,78.55527969578834,7.976746009230231,-1.0864492499752032
0,0,124.36965355853944,39.12728250151748,-13.503392434559387
0,0,145.52864457905994,10.202115787679288,-0.8689406596311215
1,240,911.9016469568838,3.6841324380440117,30.506398732011263
0,0,282.91319275367204,10.798776158864067,-4.278537349109499
0,0,117.72802699550712,5.91920244286173,-1.0436386727969023
0,0,81.36544322356164,5.455352711414932,-0.6655613562994773
0,0,74.07773501733963,6.370837041012749,-1.0436228209416072
0,0,80.83434322050414,13.598807246449864,-3.957568983259222
0,0,83.51757123458523,14.474604914352001,-4.013615859602126
0,0,77.7517968820145,6.014587964551419,-0.35150439935431166
0,0,102.83645925094775,33.20738065868499,-7.326109367544376
0,0,144.68281591921357,22.669274929955474,-4.522613648914515
0,0,158.81023130454295,11.079988191752753,-2.0257667868590516
0,0,96.99563452388279,7.411420110412888,-0.4137810548249945
0,0,90.94716154747137,8.166384475882765,-2.5058719279350896
0,0,80.9834520643845,6.168400457346872,-0.8613317690933826
0,0,76.08113961046774,6.687122403144818,-0.8677887581469292
0,0,79.71660786439331,13.867375030318772,-3.3463320112977186
0,0,71.55272437004595,9.048511036681603,-0.9608708523919347
0,0,110.48935290980091,95.23911516574537,-22.450295805456037
0,0,139.11628979673088,108.43827082967745,-24.273264447407712
0,0,253.00016870765353,132.3994647512998,-32.710134374446554
0,0,208.0468024869175,38.79838582984813,-11.897562506328427
0,0,100.83914778919805,7.709035554357739,-0.8120747707650509
0,0,83.11561727660371,10.824561907721542,-2.7473432395212853
0,0,75.80142803800976,11.92401053969298,-2.6422190192099606
0,0,106.86247172009698,94.17728342278195,-22.274271520397917
0,0,117.04547158448491,107.6388792243875,-24.86528897076142
0,0,130.11265943785716,122.50433591594776,-29.51111901455186
0,0,155.38167445616924,139.7686099688994,-35.195969481029344
0,0,165.2061147940482,117.88781961449631,-28.76215583990553
0,0,144.99227897688567,12.753642394815467,-2.8287742201303843
0,0,129.98266885643196,10.940777816669417,-2.0030246584740325
0,0,85.55245606183017,10.103781956693503,-2.9440172080665405
0,0,70.4119598113394,8.491210188496503,-1.87840265615975
0,0,104.20272635094675,28.413969409274053,-13.399710733079175
0,0,119.20680447491178,90.90988168892882,-23.620141589826325
0,0,120.7973668259859,125.09951230087201,-31.41808663766912
0,0,130.09239056547656,138.43305383376654,-35.7158680628274
0,0,120.9422076438868,112.34371304679186,-27.94622914457534
0,0,162.5944909927143,16.26720403992592,-5.6571467836572396
1,240,656.0393275577336,6.122351512046207,18.424220311328767
0,0,172.24507020324364,36.90475364062707,-9.065052608571676
0,0,92.18149393203328,7.840092279459368,-1.1392570638878112
0,0,74.50928175571798,6.876731991346946,-0.6295670768945598
0,0,98.56253852112118,85.06625505323011,-20.393047310266667
0,0,112.68859357944517,122.84321009223225,-30.78600447600528
0,0,120.62867494125685,141.93365627425746,-37.00042843995762
0,0,94.65438705093224,105.93019185117649,-26.95148295370476
0,0,82.68853127719728,7.675126838872116,-2.3093670458462157
1,240,238.76275954787846,3.3977992180791037,12.069835033096126
1,240,426.9943133662766,8.596388212228415,5.8896088049495035
0,0,138.8069174275258,22.049833973658554,-5.35595624925331
0,0,94.50251220880754,34.11423258774047,-7.272979232574272
0,0,98.36413482738232,78.88719799645779,-17.602396878370996
0,0,113.25074871443032,120.31958728780047,-31.13467131699364
0,0,153.94060070693115,180.9425660075624,-51.070828451982436
0,0,110.15768251376551,143.17929935405252,-39.84638599494948
0,0,50.525968470509554,12.548657739127083,-7.430092254275053
1,240,182.7850878902011,3.395105174514313,8.125935709315613
1,360,212.52631397149483,3.6680257079431833,12.115097363892147
1,240,410.9769616641577,6.401406234444436,9.981405938557316
0,0,139.32146111732163,13.979776276458384,-2.9021683101089906
0,0,130.54999323403766,112.10173329123076,-28.731609314767567
0,0,145.98403671623726,161.61144681985692,-43.60575387133454
0,0,147.7520310530502,173.17245794530626,-47.96594933470932
0,0,101.12867072018254,116.68937114227661,-30.979375974699096
0,0,53.099095017590386,8.673183231469501,-3.856930837994099
1,240,326.82225860447255,1.5961650857538725,35.12528062181387
1,360,217.18890279888345,5.416863151733721,5.256918988833007
1,240,318.5779060997261,5.662914317576227,5.190837888093441
0,0,177.400630201334,38.87918051447039,-9.89833180148932
0,0,240.75405156262923,145.34252631703504,-33.6096426187531
0,0,202.49410635565647,186.52176711212226,-50.93311281720112
0,0,195.49649355136705,199.67760510044593,-57.31430358272401
0,0,94.55762245661417,116.73186578204844,-30.575185368592294
0,0,45.56807248834888,9.365921304702129,-5.031812228393875
1,240,171.91870508252933,2.5896804548314236,11.002318258554894
1,240,217.98102121413294,2.9496212350738995,6.926362412330519
0,0,177.4358513347157,9.781493937909156,-4.322420568495559
0,0,108.35243788912113,37.06144811252785,-8.032008335327816
0,0,161.15125205632594,49.432113522580025,-9.811257560398076
0,0,227.00098683312996,138.57520800588807,-31.639859377085394
0,0,176.47169689751553,173.3087642312207,-46.46636118258742
0,0,114.3361649681043,135.2065078876247,-36.276796530059855
0,0,51.94644460167408,12.328573263682873,-6.777582335098089
1,240,207.18267742884836,3.3110862560268455,6.782945393597672
1,240,294.86919749267616,2.4956576350202484,10.83321066635365
0,0,137.0669344909659,12.887836944043977,-9.224495852999638
0,0,79.11640891749023,8.804441203272393,-1.7042594579290125
0,0,120.23560845304401,83.84650872383628,-18.5693759027306
0,0,256.590638477846,140.60181102000172,-35.823253814493
0,0,305.6465468978439,172.91900622532154,-43.08258188141973
0,0,143.03543724354685,139.31749969511355,-36.32501258989101
0,0,67.13874663895416,18.632462837042844,-7.666881984599826
1,240,427.80982940601905,2.317950706255996,22.395543344755723
1,240,372.4476490379973,2.2895264146056054,17.20958775182106
1,0,280.6262109921789,4.19787804024355,8.469434845480421
0,0,112.79328207856975,68.50490414198852,-15.53995425859928
0,0,118.58053259373837,90.87905394312084,-19.775036312145886
0,0,179.72013511431476,155.21364272087482,-39.952117869713476
0,0,259.72757522443527,145.05420386818554,-36.9260832386618
0,0,190.69181856826353,131.58142488666044,-32.077999373265094
0,0,72.82820664652148,18.991896665112964,-7.437563762066972
1,240,319.8508774392708,1.8455385142639382,32.37334570448073
1,240,273.591257211591,1.989650555077835,18.79193051446852
1,120,351.669991685268,2.304459055207131,15.477381549290726
0,0,77.59259894617736,6.588055781479991,-0.0871324408302172
0,0,108.28639401300855,92.2088416077852,-21.650368916062135
0,0,147.7273524539604,130.97057346445604,-31.743033819196427
0,0,190.46348768040568,152.49658483601374,-38.21757087655243
0,0,276.9357345149721,147.75657706101535,-37.195644037816486
0,0,102.71653508936261,8.043697086689308,-1.651287841511774
1,240,301.38189906377085,2.548683884674377,17.27116692565913
1,240,665.2712321241733,1.4782592234250338,40.95132356333228
0,0,160.5272587228866,5.446673383390687,-1.5067770447641209
0,0,79.09608336481776,10.334284333121532,-2.584375599267858
0,0,105.61593606869071,89.28089161922466,-20.82626266340388
0,0,130.75475645652682,125.9822543336451,-31.109070570705207
0,0,145.91311833502195,127.9791991791922,-31.02860126931685
0,0,158.67577431611667,104.89705084869104,-23.808435210876546
0,0,181.5996762655712,33.737823645541305,-7.445991665127863
1,240,525.8479618665552,4.918244668450158,14.316740408890396
0,0,271.2090072154858,4.590401157769035,5.117676291992382
0,0,90.32013581841579,6.7536759506850315,-1.2329468125854817
0,0,77.74784626566962,14.679228589410314,-3.459255344410238
0,0,106.19217058818184,92.88752129037975,-21.449610452804606
0,0,136.2582314223088,127.96709910847224,-32.427495794680134
0,0,154.936110681606,130.84578968025343,-33.62557901726825
0,0,146.69645130502818,82.42711844717596,-19.734872994800497
0,0,112.27334242498578,14.185628188110512,-3.560289786057524
0,0,131.31581199384925,9.992216380712502,-0.8110232643643371
0,0,164.71503674509566,17.63380270434167,-4.231917042710563
0,0,110.78904428515082,8.596757314922662,-1.6976809379849271
0,0,116.31009014141935,57.23513940849224,-15.399131660181723
0,0,127.23712086141558,115.4846271678685,-27.89734202287037
0,0,134.05184903588616,122.35526535495407,-29.820811427341354
0,0,147.27610931414958,128.96938348669931,-32.256285189677484
0,0,144.12828995151708,92.15283185322355,-22.33487316315994
0,0,92.84543553519812,6.995598400571112,-1.2525714094307432
0,0,93.29060821574731,6.8185486821664805,-2.0477638780455862
0,0,142.7038008556866,12.610913361040526,-3.3473570979396072
0,0,135.05974932236862,10.901646613918258,-2.0240125148739736
0,0,89.21386688535472,15.443938980666292,-3.474113816765879
0,0,101.91700289193363,68.04082022435797,-14.92176889007034
0,0,138.30576162267485,139.83238802662015,-36.662271379024524
0,0,145.0755196535583,137.03318538958038,-35.67255022627991
0,0,115.91210380387028,65.85745054221755,-16.241721176104576
0,0,77.82426830322764,7.63864342904252,-3.084580892847754
0,0,58.8652491281168,6.665898095774066,-1.8523316381644719
0,0,59.326161925724406,7.730077115284518,-0.6804990879315511
1,360,237.04264872165592,3.1748519406255444,44.765512439251395
0,0,141.67788757244088,22.001780232183638,-4.182792143176286
0,0,121.37027988037217,101.35029342483935,-22.736675423070174
0,0,126.35083380921668,119.9843590158797,-28.709749606326852
0,0,122.96864143961064,117.11411539084214,-28.022724914238424
0,0,109.73761353449531,84.37184383477711,-20.156278715748925
0,0,101.48745696785909,9.01555079780149,-3.837174142354783
0,0,73.01025240802029,67.04075948681212,-17.49414984256815
0,0,58.95894731864352,57.05185510338051,-15.957687633072894
1,360,131.99180382707036,3.532998195910785,34.71035302572605
1,360,229.5303788669869,5.320919914970574,32.24069737943947
0,0,266.74656783482635,156.87958276787293,-37.40468245348557
0,0,157.44281926264776,134.55615074526543,-32.4965200565513
0,0,130.4364286012028,107.65010572198267,-24.916812784395788
0,0,102.71388245170206,46.52980037836706,-10.850499909059138
0,0,64.31351748959597,7.9661033978041935,-2.7518187466639716
0,0,45.858683680937695,5.191544457153496,-0.8831439219682267
0,0,45.738586644462266,31.485549980733136,-10.693989257859258
1,360,113.26643781922603,2.049946277782891,36.045237759440596
1,360,166.8575971228479,1.9638291593831423,39.25028210829609
0,0,140.1134321638122,10.927794245857376,0.3953346266835638
0,0,198.54312725691392,122.19146678425352,-26.09821457127027
0,0,133.01116486857336,104.92562607536738,-23.555846464782427
0,0,92.17101374606244,33.69667907332593,-7.132399695937778
0,0,83.42955807733529,53.66887820119786,-12.839352932637041
0,0,72.37839185006634,66.51400933180142,-15.466010637637396
0,0,57.21924778354308,58.27849977261498,-16.2565109570873
1,360,139.65140843248352,3.249397373702613,20.300509310514016
1,240,236.37994274885432,2.5471235459008996,19.623677361375087
0,0,95.0783102900511,22.428621778209877,-4.992367528488174
0,0,157.97639619446093,56.06093439538803,-11.604794591033638
0,0,156.40535453591443,35.35894433750994,-6.517405834273276
0,0,122.72195747323815,76.53382809639221,-17.763203382353637
0,0,69.57854413541737,9.475573683343757,-1.7726813492992761
0,0,48.583716244303766,6.143995459399416,-0.9088133596295762
0,0,40.77799551442213,11.76749655810724,-3.9178125301995266
1,360,104.64646502011107,1.359945340177769,50.21362601492173
1,360,150.8746616939659,2.0380456488610594,27.711505286850453
0,0,91.6020853161962,43.293136145164375,-11.82504555234236
0,0,84.32018683989313,13.907289561037185,-1.7230491903958267
0,0,143.5158140533902,34.28146408423299,-7.0520889131022955
0,0,135.04551123304532,16.69121910761871,-4.050830731864139
0,0,81.31239613837988,24.071197353926717,-5.204750685622798
0,0,55.01521196120476,10.899303849629103,-2.879220107605235
0,0,40.64993206292128,8.276209222775254,-2.246128711154796
1,360,133.56231269087309,1.2496340590798147,46.11493860821584
1,360,175.50025337477803,1.1373248630008703,39.080392491234036
0,0,54.526593836920334,3.8345275723371697,0.6297307268600179
0,0,51.42405069145119,7.542139318625401,-1.382841956178936
0,0,57.75410568995303,7.952280547027239,-2.3744494797027045
1,240,302.90061347684264,5.3741243988108,15.079890994018555
0,0,129.0776773079087,52.46375519712817,-11.115738435672242
0,0,63.59543487161584,25.298881647375786,-7.679278135434231
0,0,48.398813796093584,56.49560922108679,-17.366864728565645
1,360,88.45887406129452,4.188085538201327,21.727746953130364
1,360,121.56872891834453,3.165464864953469,18.355687456971495
0,0,62.04454305683695,21.145317589279625,-6.569193845495761
0,0,47.02358837596106,6.577922152742351,-0.348365732007494
0,0,61.55679780904766,37.47780678105685,-12.0014185782168
1,240,250.03014408462795,4.221013740050522,26.37313314497277
0,0,277.5523480744071,141.15571413800626,-39.542268151269234
0,0,95.09064392156681,10.050938904709135,-4.257248307459122
0,0,41.05517914586172,8.308500745038163,-3.532416940511297
1,360,88.41250391449765,2.8940480414617333,17.95242682637486
1,240,273.25280785264533,1.4438840532814925,35.44962014888851
0,0,82.40265855701064,24.45669578839104,-7.885917637003232
0,0,58.07533557622192,6.200610758968015,-0.3300832589098661
0,0,66.91170239372227,14.771756046961425,-6.112998586144229
1,240,589.5514407105757,2.3849394610683374,43.10061321426947
0,0,198.35390577046155,131.24494762175962,-33.34008710355018
0,0,276.0385535106716,152.50482963360454,-39.728638413877974
0,0,150.9754392529499,34.53067067200809,-8.299614072330442
1,360,262.36393430515085,1.8447475154582975,51.906361097787524
1,240,310.70855040613725,1.4178665999820932,38.783381562674094
0,0,65.19421019698513,6.440580754871204,-1.6605083373370206
0,0,45.50977680813793,5.04116669505316,-0.6593421450752288
0,0,41.52791261834341,4.466962026413459,-0.9007870369026136
1,240,178.90481178756465,3.870985713522662,12.427378913045175
0,0,133.36225393261097,123.04327999664223,-34.31195906724168
0,0,141.11744418227087,119.11859029233248,-28.022487136409126
0,0,215.89135488477436,118.37381505637212,-27.52489739895158
1,360,386.91753808299666,4.158172427064791,34.58165709660301
1,120,380.383479377917,3.7145477634821322,14.11316031539178
0,0,96.3351730906401,26.844864221195355,-7.745433211498465
0,0,57.124381979003395,5.371911136322683,-0.40355660816490513
0,0,50.41298764468117,6.176514399459269,-2.266514197053823
1,240,311.3408303982512,2.6474204346755843,23.239136811513404
0,0,114.19133548626178,94.65218232008941,-23.08960112917896
0,0,121.47285987263837,115.21825234132726,-27.10796718514583
0,0,150.7459747592542,127.24916639216389,-30.307780421756632
0,0,235.09840134917553,118.98312148147983,-28.012294393459612
0,0,152.51420715329309,53.477020606121975,-10.963507785399841
0,0,81.56350116751996,12.943766380415443,-3.2078660553661678
0,0,53.903439371800985,5.495291157100086,-0.9449555896838291
0,0,45.71322504785518,6.673249466305442,-3.0946785246655395
1,240,194.69229089788618,3.5684525853317886,15.758667437406004
0,0,104.50683878906425,98.15640178649366,-24.86739198356282
0,0,109.6259080152345,102.70088079340833,-23.267522352919755
0,0,129.18971157286248,118.54144002175141,-27.73455403697686
0,0,178.008945766036,144.39558748901027,-35.616048930085434
0,0,275.0857804760833,143.67385725647358,-35.75914891171255
0,0,107.63599899960589,13.848271032923895,-3.3738085604617822
0,0,62.06410342556889,15.706429655627973,-3.355055815657309
0,0,64.16954388016102,59.288891775793424,-16.305767955415632
1,240,232.33197233462613,7.129871914312451,13.496132132298797
0,0,105.43051216179514,103.46195069501006,-25.566876233906797
0,0,109.2393257524141,107.56696466326495,-25.631102667577778
0,0,127.56067463965204,124.63163808662571,-31.073858316161115
0,0,156.50398957986494,145.07317701010203,-37.46870809698959
0,0,163.7037243050413,115.37288200402404,-27.394827642370345
0,0,205.584678623478,38.89970226328987,-10.153900696377377
0,0,131.92950085022264,9.89875217842636,-1.552256017582394
0,0,79.90868603755702,7.858313679213725,-0.4596721758807263
1,240,603.846437046913,1.98144162993715,48.26339339477458
0,0,136.10517196208357,103.97143153667821,-26.070193775074692
0,0,124.79028934072856,125.71248628918121,-32.04989403384132
0,0,152.73450077576067,154.57464924875015,-41.06950458098747
0,0,152.92852875096546,145.86820074976814,-37.439482559792204
0,0,145.38423453137742,125.17559257846555,-30.082303632154975
0,0,138.17904716212104,72.84945041713266,-15.028620962607945
0,0,227.98550083117775,122.81186253431697,-29.48621046594429
0,0,132.82456201160642,14.973037943836864,-3.9080794910533427
1,240,507.53442352354,3.600133599104092,26.91059558242877
0,0,152.6983614216503,109.71985314100226,-27.754479819072557
0,0,126.38469461559298,122.91381790347394,-30.164437378348453
0,0,140.01257525241954,138.22569212062913,-35.8093570213581
0,0,146.1278006085922,140.76867070644525,-36.209980960025334
0,0,136.86769192890705,115.42607610967114,-27.508242382996748
0,0,123.40210963988412,59.11616254430495,-12.624729379955184
0,0,168.0919238393806,123.10012722626564,-29.615012074102566
0,0,314.2851901851081,147.75286618013823,-37.14689429885733
1,240,515.0569865192166,23.23508679894605,1.5051969906480167
0,0,157.25410789882244,106.78809841660079,-25.353790311187772
0,0,129.20678367678036,115.91306063847334,-27.17649475555134
0,0,129.10075752276714,119.54551486390363,-28.531632876370857
0,0,143.49269983035663,132.22680049632473,-33.49564664343284
0,0,128.03311620863047,91.80470213358406,-21.30807452089914
0,0,88.51222155202329,16.70849022586441,-4.428612147062864
0,0,130.32643482675712,129.65156468140555,-33.09987865643517
0,0,179.28088552426829,159.65773301456704,-42.417210823653285
0,0,346.6610636023023,106.10206916837801,-26.448154844633343
0,0,275.3132951677379,140.173067106055,-31.266505913463483
0,0,165.46580121938072,127.12031074645411,-29.440963987003556
0,0,161.69495208827104,137.13472202120647,-33.58339723034966
0,0,183.0093491331011,151.03930603242128,-38.714653354640795
0,0,151.1118347073589,110.13214355783039,-26.254048876644568
0,0,101.10586257072518,14.93656355852302,-3.4495540089746157
0,0,129.12268145967096,115.06357214134228,-28.043046992716306
0,0,146.9606041373618,130.86854589917306,-31.675954051573797
0,0,151.09512535730912,114.53633105267467,-25.386714614618782
0,0,217.44029122948297,111.56312853232856,-24.98068519329869
0,0,272.0657865077257,145.3677660826895,-33.8481549173524
0,0,191.62901585863983,157.6945470775441,-40.06162776998753
0,0,167.63953575767357,149.60198223805907,-38.55291687514798
0,0,140.94395714484773,115.52401015460913,-27.334416221871756
0,0,114.16622611695361,50.05925961042579,-11.58878950114557
0,0,119.11171761723371,103.74572478792066,-23.880402633879328
0,0,125.95492197035085,118.2339061837696,-28.076140382603704
0,0,131.73675384961462,118.95138406448407,-27.912285038454208
0,0,148.2700095685347,117.90103150555687,-26.750872441096575
0,0,223.49145651975928,115.98230394293336,-26.549115310955962
0,0,201.06680591734815,130.08251779680828,-29.438522801289366
0,0,167.04223884171535,118.45310806157329,-30.092300868889282
0,0,134.29393056255702,119.75847177680711,-28.563172784440134
0,0,126.5608002825015,111.29860914622589,-25.972208173594254
0,0,141.959191861101,140.55507124802025,-35.98318846643486
0,0,136.02050294205526,138.6331814950773,-35.18226819410965
0,0,129.5368670246428,116.37556346094418,-28.346345823873392
0,0,130.77569415635173,125.8851938618319,-30.772176374243294
0,0,179.72062256482502,91.88657254048394,-23.115957480569406
1,240,1148.3773567269188,4.705660468047227,45.785114339211916
0,0,248.09757285227732,151.68453724983354,-35.900293831187604
0,0,156.67384907860696,136.84458022998143,-35.66089382869224
0,0,69.80192683379306,13.04676859339961,-5.359005089420165
0,0,162.71693175925947,74.09499242235128,-23.583249038621815
0,0,142.66718538712436,160.96774616031615,-44.483360135586274
0,0,98.32044565839195,114.98300848432326,-27.72190425645787
0,0,96.4391700902036,104.12320223278483,-26.282756586569242
1,120,480.3184971590286,20.1533590619757,6.909358655559373
1,240,1040.511405783107,4.302250625944619,37.0055537206279
0,0,420.50591630434513,121.23001653489996,-30.15829214244888
0,0,214.73963402564507,106.60170967807046,-23.881427720521216
0,0,96.92766351784586,12.003996627703883,-1.9535298823164027
0,0,120.56120272178858,103.29788499864326,-25.869297929071337
0,0,130.24739982774287,133.8254104362022,-33.697704958823905
0,0,105.47117460319848,106.12995131224461,-24.484474567251112
0,0,102.71359905024259,116.32182788435198,-29.614293456662892
1,120,440.26258022316495,23.797815893355825,4.735847369743723
1,240,1115.4972554330532,3.1636389798039963,44.91363217505271
0,0,209.08502672956217,115.09150482249709,-26.81850173970249
0,0,231.00243406377317,111.54735367879451,-25.674003071936042
0,0,156.52608355764445,48.931779930077845,-9.11562531088883
0,0,138.5287418909781,114.78874314844481,-27.05178821000886
0,0,121.56667709177805,118.94112499497749,-27.766194340129623
0,0,117.02412578655839,128.08373916966045,-31.537921379686743
0,0,106.09326347883025,112.99403409108812,-29.532968155089044
1,120,678.8129700533824,7.445225946418941,17.112141113420392
1,240,1260.2691500990043,2.575166326147885,50.01534044108895
0,0,176.54752379200866,119.35001497427034,-28.695097208089948
0,0,151.56022116045835,120.15794738126775,-27.758791523710613
0,0,259.3033345756818,148.60967536444713,-37.93681338361339
0,0,241.3534796575626,141.59270284954377,-32.52131764217186
0,0,130.38373860185996,121.91037838723064,-28.076092827037847
0,0,116.85971893189637,125.19563422304704,-30.237725789291815
0,0,132.5950181655021,107.95395033792518,-28.762467593059505
1,120,592.3746633776009,6.712929359614308,15.709156809393079
1,240,1112.2360981587535,2.9745189715814004,40.126245063549746
0,0,180.81893925293363,122.65037423964887,-30.98507207469887
0,0,135.061438395067,110.37802912380884,-25.028357006098332
0,0,149.6575771222267,108.15471332514488,-23.498563143727132
0,0,226.67641280963943,110.35159812207512,-24.752069736350215
0,0,227.8382227607255,150.69725522659218,-35.16414952351666
0,0,137.21732997747222,139.39932678433783,-34.35146717456853
0,0,116.75571059627448,117.38755099850755,-30.298575777786674
1,120,754.4325960551485,8.399226006793649,17.12047918930132
1,240,1368.6912027226272,2.8220121006023327,45.26434918932485
0,0,182.1022264056027,100.85982182315067,-24.188187540082623
0,0,132.62602228516704,98.54427547350383,-21.644609408641216
0,0,140.97100498013862,117.18545960256917,-26.801344748330244
0,0,148.03606733177952,112.00292567316801,-24.45575100547115
0,0,221.3813626132028,112.52749550517309,-25.376854760630295
0,0,272.0327305614943,161.3270229618122,-39.05157397086151
0,0,138.60468214605504,132.26980050897865,-35.74385187136064
1,120,423.02719172040315,14.23588842368673,6.488840638507014
1,240,1107.4181826594638,2.498127644981502,50.524945884854006
0,0,171.53007099314246,108.05173999061113,-27.294052114359403
0,0,130.1751551276973,110.2276518129343,-25.75092684169188
0,0,126.14403009621942,97.03077032697166,-21.292703505222562
0,0,115.39902246560526,66.38756503670051,-13.062768981051406
0,0,143.09591511499565,113.8245422266901,-25.74914086599621
0,0,244.7675603593871,137.97599459919712,-34.37085399358448
0,0,215.65565555897055,115.0678172735519,-29.166425705288766
1,120,858.9494672558776,4.104889429937526,26.166424952030866
1,240,1219.049790819648,2.7084193927705957,44.066773226105894
0,0,165.11669596555933,105.10587092357392,-25.037868119270506
0,0,128.321981648229,110.11753828153775,-25.36910320339497
0,0,125.28702408281194,114.49575682985481,-26.657795630803335
0,0,131.28910424030974,122.29669985753152,-29.150462887014804
0,0,146.55064692216513,133.15314898921028,-32.713553091236776
0,0,197.94410726008218,150.01552164786722,-39.71389090450934
0,0,165.07221327248246,19.50742393233479,-6.095498137907427
1,240,726.4888493985098,3.885965958444778,36.44140732677219
1,240,538.5533254086055,3.4329589570608126,33.343500383849474
0,0,140.64751921825243,104.57056552763055,-25.995029561255713
0,0,120.4838114512392,112.65589631528898,-26.439103435264492
0,0,119.98307508054826,109.51507604917617,-25.20354114282624
0,0,154.60000788674463,150.57177835957984,-39.37121606481946
0,0,210.65291696387948,186.59078660859163,-52.031147055145624
0,0,189.26345254046763,162.22577809533522,-44.4588029697709
0,0,111.36379378099438,22.326018448821937,-7.57931633599469
0,0,217.75434539079833,120.64065789940992,-30.408164937337162
1,240,670.0071652492702,7.0014119936183885,33.09220620593712
0,0,176.61644702694937,107.43987060302993,-25.40351229727119
0,0,138.93386994530556,124.61444096940917,-29.998780206648007
0,0,127.46091732592207,113.0733054374515,-26.001745463945618
0,0,133.43598365630413,127.24593200571846,-31.036569468574427
0,0,152.2258971805551,146.15617665721274,-37.80755207165179
0,0,149.13363584003517,130.41968814451883,-34.1137316168783
0,0,101.13127801360957,17.480261398244554,-5.707661362505007
0,0,139.6194634199732,115.19914202677136,-27.326986985693935
0,0,217.16511974840554,119.57079072762113,-28.05824363798473
0,0,199.9656665507033,114.97485032208368,-24.728228545998633
0,0,175.20773772438164,162.48637723179533,-42.32004687667189
0,0,226.61272683366954,203.31995741475274,-58.46001491741991
0,0,211.55299999912492,202.20546581747473,-58.995683453252596
0,0,162.67728956311018,157.56229821391167,-44.501418040734
0,0,150.3616597081095,129.62896729396317,-33.702344268471215
0,0,99.58511900320366,22.12616332788685,-5.142051314011127
0,0,142.29131569947154,119.38697217117691,-29.069438770691406
0,0,165.6890762252018,118.55092659270964,-28.655266779705585
0,0,169.78534958418038,21.782174056074272,-5.243450348330029
0,0,262.7466849802393,155.5101810888647,-36.509316827360685
0,0,235.67060023188395,192.6319129666142,-52.867876668564065
0,0,281.101667952686,214.05064089491515,-63.13920519066175
0,0,212.79366357229117,190.99034633175842,-53.978956983409724
0,0,149.26667582116414,131.4909920192153,-33.52634640317191
0,0,108.56852583393031,37.7437376014231,-9.001164347813472
0,0,127.43478771135985,101.46245732621469,-23.26686185894946
0,0,135.0228504523469,84.58405712758264,-18.963162407817393
0,0,102.74990844522863,12.93882545804136,-2.562505322923613
0,0,135.74740595966108,12.56951068767465,-1.8855518428941735
0,0,232.05308262640057,140.83935071381296,-32.151726352204726
0,0,160.56653816516777,147.23198557017247,-36.855346976419646
0,0,140.5208614379905,138.14171358684965,-35.240497342530404
0,0,147.76467075814213,114.62507453077107,-30.453506527409623
0,0,97.80907606494206,18.967765109992786,-5.1342416333064165
0,0,115.76737634655318,95.06411175628746,-22.061011227270725
0,0,146.6611734913546,101.04592899678954,-26.12359867553645
0,0,114.63944987396016,10.75258597989189,-4.234062327126068
0,0,101.10951278152304,6.410315687620351,-1.6983995554246007
0,0,140.5833344557139,8.37743631351105,-0.38193996150526743
0,0,281.4935328187107,164.53914412197642,-39.894094795411455
0,0,178.2576248786831,152.79491366792877,-38.43663294871464
0,0,151.04910096029278,133.8010659025103,-33.457892808091074
0,0,131.43686976127225,89.58302518698062,-19.75189788737869
0,0,135.86890583336083,108.51614879080874,-25.16447688744742
0,0,141.69517506146795,103.78653003834377,-24.645318058896095
0,0,98.33221248698872,10.027114183124517,-2.741393509836911
0,0,79.28306597974037,6.334530511691885,-1.2302255774278876
0,0,80.56964625736836,6.408229219578546,-0.8456331484075292
0,0,137.0393311888145,23.549764443596946,-6.750296008197466
0,0,256.60635025475847,147.9755479112158,-34.12383981659961
0,0,177.35429973074145,141.87537956133897,-34.60439409357544
0,0,134.90976193396392,94.64346102806692,-20.217921297008147
0,0,136.59108076841557,109.43872142630377,-24.97261131500587
0,0,148.0436398187763,108.29223250597634,-26.27869322766402
0,0,113.22467578015998,19.949614374751604,-6.050780054142919
0,0,92.05063614214214,5.420448591841891,-0.5050031980496641
0,0,79.89653378297537,6.722019754331045,-1.1025494509949851
0,0,93.34830308486421,15.824945011189396,-3.5990898438482333
0,0,187.6060641252528,85.4500640983457,-19.55494915334178
0,0,235.46684591859048,121.23011760947637,-27.65428024180371
0,0,103.78570677138033,17.719317210702094,-3.2574242389449495
0,0,132.96570727447596,113.01378695116556,-27.479825290419
0,0,131.08333210862492,101.09784523100622,-24.118486932385878
0,0,86.9451021696757,11.843917962396203,-2.9893323783801975
0,0,85.07733918307443,25.15078392918013,-7.112917765790115
0,0,59.7449272582811,4.798220865080831,-0.35334849851935246
0,0,51.57784699547103,5.853338368324951,-0.6673631838504264
0,0,78.41342026124097,45.691834382947825,-14.263314525160766
1,240,404.074753127181,7.374795918137564,13.080443647157182
0,0,172.07188923939674,49.833170222200366,-10.044501759090338
0,0,131.02360241702908,101.62718000732822,-22.241954871419566
0,0,131.25372440211072,103.47514092723281,-23.697318989266748
0,0,121.90674750707184,63.65692706053621,-15.560799448301623
0,0,73.94251284497282,5.569258344330361,-0.6186240127947968
0,0,59.129940423223395,5.593739148210131,-1.0765524083243747
0,0,52.226961034276925,4.162682428811728,-0.5479036024079278
0,0,50.605831001785425,7.7186574930522545,-3.6704707482054033
1,240,243.58357707811285,3.571486627527527,8.119098275735169
0,0,135.87282810955978,10.210116923344788,-1.6933375296363096
0,0,261.38787700665335,138.72985210781005,-31.760830168731914
0,0,138.5194576591662,92.21354879520132,-20.050752915103672
0,0,118.47551534892082,65.13478176004267,-14.880030955099784
0,0,69.6702415116403,5.27831427365499,-0.4891936143768021
0,0,53.303008035701154,4.048908553826275,-0.24837751280912812
0,0,44.80189947671297,4.494520641390363,-0.7424058667788813
0,0,47.94210667614437,4.256980947579119,-1.0013142191807276
1,240,150.3837650219474,3.1347880541714415,11.173581703075172
0,0,77.61228401155145,9.530204491898548,-2.477544662537298
0,0,204.2150107059655,122.39007832691802,-33.3993730423234
0,0,156.51555235941092,17.931001666884576,-3.5574100323470645
0,0,94.59669218181534,16.62705299572062,-3.408217654338003
0,0,73.67675029234948,11.608065853030537,-1.9814819871390625
0,0,56.633201905525446,6.324097720257076,-0.6192316672474618
0,0,44.98185090142638,5.754751399672329,-0.42226179740352165
0,0,65.23063862058413,80.7352238928758,-24.119781500567647
1,240,269.1760891943695,5.172879953675729,7.683816897458897
0,0,81.69798649609217,9.87365409766917,-2.374534022930902
0,0,129.66189241249822,98.81476547922787,-24.457949129404277
0,0,159.7330884810706,27.28428774708268,-5.556328984032191
0,0,147.44719310719648,16.13935733507719,-5.400769444149532
0,0,76.47460286072383,6.620474098189212,-0.8457916669603947
0,0,56.904428438287184,4.718637270472454,0.021912471688750657
0,0,49.68355196423508,7.392101780768906,-0.8571891509117222
0,0,71.57113412885248,77.84691679710954,-21.7848666242202
1,240,385.49014695622134,6.784925141378613,10.55508458139225
0,0,98.77128070010114,27.725366369158877,-7.811038756579407
0,0,122.47174799270996,111.44245992730878,-26.93883317318577
0,0,128.20511822240604,68.96976055816742,-14.910075504820327
0,0,228.3898580335355,124.58280462698984,-30.620500538905937
0,0,164.09027255968658,62.700768787219474,-12.945798140888954
0,0,87.05162711025758,25.786802920913015,-4.40619762368712
0,0,57.71987646167943,11.919528062719085,-1.7368772921578142
0,0,57.7718636254028,36.773984797577924,-11.057826324357222
1,240,228.45977884161348,4.424726390243697,11.98192064367467
0,0,87.78660045522153,31.46488383966163,-8.21945652409606
0,0,113.51566106267528,92.6628036285486,-22.53566861407981
0,0,84.69111967412213,9.875109752059927,-1.8865188060666753
0,0,152.87315210578694,113.55475974300101,-30.51111216952242
0,0,209.47530454741394,10.135675497811759,0.7102792875248127
0,0,166.13405052472936,44.86721745122858,-11.392823582136458
0,0,68.56842764952195,13.515382817937544,-3.3734545356937105
0,0,66.54345053729975,20.02392043254836,-10.419667618166727
1,240,195.5614718379921,3.828667051807984,13.11556079056956
0,0,78.09542681963912,24.026782297202907,-6.81292140448447
0,0,102.5906481610704,97.59541622852711,-24.702173379858642
0,0,69.7741308186492,11.171252217098617,-2.8924247030592625
0,0,92.32112583110928,98.60637136148847,-25.25132391861289
0,0,78.8924254080205,27.152352936598405,-8.227356031980733
1,240,375.76711899659557,18.106035759696052,2.9809413104424607
0,0,135.35160748137903,71.95131617029337,-14.855925567160085
0,0,77.92926287592844,60.65563302755805,-16.662677761153205
1,240,233.4641044848775,4.915286432186735,9.624062848775239
0,0,79.04625005218628,14.315631752223911,-5.509650554163869
0,0,102.51560345460535,112.26758223191011,-29.4597061639045
0,0,85.28239147505222,57.92847851447393,-13.326543853026351
0,0,89.95140784754138,109.21181622185439,-27.564891629840567
0,0,79.73859414961824,50.616613703253826,-16.028482018784445
1,240,275.00198433255014,11.13798965694082,4.104658195927712
0,0,166.35696277668234,24.421736619271915,-6.071361046257152
0,0,112.96877559832585,28.6102562366809,-9.746344212997982
1,240,177.38394352340097,3.116653515381195,18.149084943064835
0,0,64.02511116036175,6.97860478618478,-0.5187256207764079
0,0,93.19607682492979,95.94803780552719,-24.41393909517592
0,0,72.95145794124069,31.508493909580384,-6.88289149372109
0,0,86.88713523515773,112.00110633079245,-29.36953024312877
0,0,59.32602022499468,33.18381584315402,-11.430561565622938
1,240,177.52804749750726,6.018176112014315,7.113202946646112
0,0,89.72947616463814,15.071403360627782,-6.4332853222171735
1,240,312.79168716586986,6.818378118818773,15.370043353190994
1,240,431.7304278683075,5.9561831035092485,17.495407270548398
0,0,104.86501288958836,37.31790680116106,-9.382142553828416
0,0,106.24970108445225,103.24608427822822,-25.170400197372977
0,0,96.76125018085087,65.97303653996596,-16.08890929113832
0,0,96.5409565583833,105.08707827197247,-27.048538579675032
0,0,50.76221192711553,7.292562274478687,-3.318649388014933
1,240,200.88304841103417,3.8418202835161583,4.868633077530788
0,0,60.669807921229285,6.020199859671645,-2.194208601138243
1,240,376.91684470945023,2.6860180629329222,15.099970010715353
0,0,154.13934448242136,14.027675698713946,-3.5048558481190497
0,0,165.24114321443747,72.96649477662655,-14.162591836667445
0,0,122.158963469933,101.37728033674338,-23.791827750487577
0,0,72.09598796374348,16.989584037596746,-3.9217279384554047
0,0,78.12193619215702,91.5298587014614,-22.001455806957637
0,0,64.64753444971569,56.47134410313348,-15.892113791702528
1,240,227.62612510846552,3.179528444688101,9.964666379374293
0,0,49.6015922621592,4.8302718839989565,-1.7225260791713595
1,240,215.597252186205,2.636733828735257,7.562729858873595
0,0,79.63430808056609,9.285151888723973,-2.258826047239637
0,0,173.01399504305093,100.17964768074764,-24.920633081519938
0,0,201.23374071302854,112.69434797200404,-26.578885095184866
0,0,81.92232142337164,12.309282458811934,-3.9121534178620863
0,0,109.14622270495225,121.60777554465558,-35.519696069699556
0,0,53.28270515514543,9.412018531162063,-5.649506189408925
1,240,192.92781073917055,2.7891134540422247,10.465616710152673
0,0,56.052943085309984,10.079021392825428,-5.879009350253469
1,240,204.2986934889149,2.4851224153316562,13.42851868554817
0,0,73.89864229904839,10.630394036613204,-2.3328700632850143
0,0,117.3494366538435,87.48636305218301,-20.312641416299456
0,0,136.42201479376,14.623625840509062,-2.274043828315115
0,0,117.72901323258604,47.32078113497638,-8.63862184949727
0,0,88.62309387099329,102.29318926980731,-24.867249316865234
0,0,57.35457764846449,36.77964497385742,-11.0469202479198
1,240,175.43530909632813,4.887577559022564,7.434868794129017
0,0,55.11372230851311,13.163749781283235,-6.521717538911332
1,240,247.93807451089316,3.4854572725434636,8.303497624336572
0,0,77.74601549224151,13.224612017964606,-3.5577059336457495
0,0,113.74472879432773,93.62691069533948,-22.378169863900382
0,0,103.60251606798529,22.38639426410429,-4.443592150309044
0,0,151.37513733531412,24.9171771193335,-6.052597733549163
0,0,164.58632713826722,112.90508846383888,-26.924022256395993
0,0,75.64238880698993,25.790934344224166,-11.208582752087935
1,240,235.42161504566064,2.5727861101183613,12.038966186900666
0,0,56.185932054176256,4.914411505384603,-0.8601428799468636
1,240,400.7501139259621,1.9031196626308682,21.775883753685093
0,0,73.23127153822408,8.987784167736507,-2.643624550378732
0,0,108.65784263789376,102.5273646241463,-27.563042246723754
0,0,119.75251098918986,76.59850138607555,-18.646838635566183
0,0,242.42294607709815,4.720044192478152,13.955761960295845
1,240,1055.8827381903573,3.0028525668484862,48.81574600829681
0,0,113.59435597993817,19.90347202571291,-8.383919522698235
1,240,156.77337967116938,3.025870496724898,14.722558472139994
0,0,44.5923212634276,5.001213810142803,-0.9433334164928056
1,240,198.85310043721304,2.0401706967077025,15.541042600123149
0,0,67.7291512314183,13.006205199998647,-3.9208613703663957
0,0,93.33142936196795,93.52270280705088,-22.255587466966347
0,0,111.77354694714025,63.26514756310867,-17.129789664845703
1,120,577.5889064019456,3.3300291658155547,25.65919728655885
1,240,1175.5946887626692,2.720847504638117,49.4117123596652
0,0,417.42645337373443,143.96567399782214,-37.531602974816465
1,240,412.4047608890347,11.47136429332619,4.051882085725666
0,0,90.72988898456164,8.423600321387548,-3.354384753783492
1,240,324.7292141297172,2.7305267490076557,15.047532073426112
0,0,79.72902651634686,9.5819393333486,-2.1400163918639095
0,0,106.72368435737016,106.28444380230196,-26.459753118751628
0,0,98.44151476187332,46.01991523839322,-11.293812894014138
1,120,877.663123115417,1.8880819992272815,42.497629774960714
1,240,1228.8367994927617,2.0443711575643544,55.212815048865465
0,0,222.49578784026713,112.77496216631125,-27.49268114505672
0,0,196.2838054778641,49.58177248200074,-11.13526263743401
0,0,88.71567545976973,13.244932520082822,-5.169987566978506
1,240,176.01901407829064,3.238025581403834,14.663378212402023
0,0,81.98461873219017,17.68633982524205,-6.405777069342534
0,0,108.76047931045186,109.50583494504639,-28.30707021042408
0,0,89.0343433968451,27.30420485334679,-7.822568339324789
1,120,766.0759523040762,2.0255029256434907,35.626283792109874
1,240,1250.2938721683422,1.9888791845939542,52.291825378848685
0,0,171.63152871562917,98.92152911037736,-23.289339789746364
0,0,133.51416845094,65.03642175796121,-13.921516821463428
0,0,198.1543457987681,72.90081796079161,-16.598049747148295
1,240,431.69927637988366,7.5113318779778675,9.52660564247104
0,0,100.31575063780868,17.412205720057464,-4.820121268940113
0,0,105.7677145543192,91.06861209158319,-22.02427719461909
0,0,84.75879594264121,25.138025068810308,-7.904860604071132
1,120,668.0505162289238,1.7401840612490793,39.633104413476076
1,240,848.9902411838793,2.3993707898198533,39.82845211012901
0,0,163.81472698868265,115.94508683997314,-29.65285573662429
0,0,124.8506425155352,73.87857009539913,-17.115665661785016
0,0,121.70139480954703,54.26173834879958,-11.227895595779216
0,0,220.77842034017215,120.08637214193747,-29.362502587284887
0,0,154.77296212942397,30.952136123291343,-6.700843503653928
0,0,121.18329159742036,88.98410778440633,-19.792621303610872
0,0,117.51065807610118,79.70854444366859,-19.035605386478778
1,120,797.6823340785442,2.5860720022080868,33.96009528289795
1,240,1382.629748039314,2.0353549894896754,51.055761110993004
0,0,174.00561674970197,100.19255634807894,-25.894729588903374
0,0,87.72103269356083,16.217294858012448,-5.986141472234479
0,0,62.673728305013604,8.012012011884917,-1.8083955792607895
0,0,99.32300666137816,83.98700960467211,-23.336419799948622
1,240,594.9223744817973,6.155398386277539,22.339607431399813
0,0,233.14980093027782,135.38725810871333,-30.801470602813588
0,0,137.23479884343334,81.64983329567148,-20.432465590413557
1,240,1058.411586093412,2.084743908070061,46.20510396108806
1,240,1237.4073130691716,2.157130676979311,53.241710819257165
0,0,172.57545962468228,118.67973170113122,-30.377692387523872
0,0,111.33787955154135,83.94397349395517,-20.536263538832543
0,0,84.81234181439162,43.504338692205714,-11.825019132583549
0,0,99.1635536642275,100.43134503487022,-28.28177593333786
1,240,541.9421720444797,4.818113605152412,18.653173941190033
1,240,1263.4603865652261,3.813971981583623,43.22461699422756
0,0,159.71232082212137,33.1955729822754,-8.392273450434459
1,240,854.4037985346039,1.8388521377370204,46.909581545847416
1,240,961.6501658716855,2.338772294611326,45.640238949792675
0,0,189.7863282331716,127.72586297300909,-34.5042209360654
0,0,92.94994832541784,31.61037347280503,-7.6681924046368835
0,0,86.90060247251128,61.19934205256944,-13.668859383996391
0,0,99.6950787694742,99.04127360498417,-26.294983650947252
1,240,836.77386985604,2.4819460113999345,37.49859925956986
1,240,1181.4593305483872,2.100261788518088,43.34148743930653
0,0,231.24491235248726,10.410409733293838,0.07702408856972909
1,360,641.2883949534167,5.176882777637417,31.90977404846899
1,240,946.9454843855526,2.7228572642960316,47.675469217988464
0,0,225.3404129855108,138.25293893858682,-36.66883933106509
0,0,121.36641428446512,85.74674685858761,-19.681674168457477
0,0,85.4888097620646,32.54730952757054,-7.473510485906019
0,0,108.1016842777908,109.29223548662138,-30.449400896890296
1,240,870.310555651183,2.4752220703262,38.37647500536147
1,240,1260.2930011658325,2.2142815815577763,38.84911392259734
0,0,146.80927909406844,20.954595278285307,-6.979476847984515
0,0,170.52252212446973,42.1005066807014,-9.446337283788822
1,240,772.7542510159626,4.67734108639245,39.52538577284945
0,0,165.76780515063984,88.72346533027061,-21.970602812617457
0,0,97.52222844373487,45.56925258058867,-10.530942358329384
0,0,88.39492735598193,76.6569802481469,-18.51932631163791
0,0,93.78986523081987,112.90197681080768,-32.274731465279736
1,240,416.90358901708885,3.1588961455506643,23.263495829137696
1,240,938.9116651570099,1.5314708140714137,42.70115702894172
0,0,82.61323150941872,6.096198465397638,-1.1561921292860404
0,0,68.33061414883056,7.235667214921784,-1.699894913773349
1,240,317.1548906914848,7.956011281839012,13.315547796869794
0,0,249.3923320960253,129.92407617865797,-29.079240501210506
0,0,135.63733283280678,79.28372077936444,-16.891974847879027
0,0,96.81125353435802,44.74105111121283,-9.425930662082749
0,0,106.7682917470892,97.98555687389414,-25.368458561279965
1,240,1025.626163559123,2.241865239565892,39.50488404001166
1,240,1023.3988548089337,2.0125053668320336,42.287370766434535
0,0,106.77660107788056,47.80853816232692,-14.612758107058184
0,0,64.6871653098066,5.731851239726478,-1.4731711115557715
1,240,233.68719811376454,5.531155485149113,7.991829013587974
0,0,164.0220634964237,51.720676570129136,-12.35227825918652
0,0,166.2250677374496,52.354822072391954,-10.537975298125033
0,0,81.93261456437924,17.46521392068009,-3.573658184016196
0,0,103.5942180732523,101.09717380703428,-28.151827707647158
1,240,789.5283526311903,2.2312187927206595,40.40246892587672
1,120,818.2801335290417,2.065750460993142,34.69390936784171
0,0,89.73314904755274,29.46411981904841,-10.706364272886603
0,0,45.637701392923645,5.76986340252442,-1.828590842896375
1,240,211.72179390837937,4.214638370897699,9.470373827816445
0,0,125.5327218121055,82.92206620867749,-20.807953770547442
0,0,136.68656438813687,22.355851692994072,-4.3395352882537
0,0,230.2221731655875,120.37262256197036,-26.928777812982084
0,0,170.47139650118314,131.48680464390648,-37.764984556254554
1,240,536.3309591798693,3.2700587769033493,33.843404492178905
1,240,922.2974473091512,1.6828346173240754,51.05496851822868
0,0,99.7939858788258,33.336398745678295,-12.43940005584362
0,0,50.17289559625573,8.395035021678536,-3.4839736707543665
1,240,194.20688087812286,5.3740716053936515,10.79726922646637
0,0,105.2542477900693,78.6097699430238,-18.52633283167475
0,0,103.13210365345658,42.3455944794874,-7.3657654255205784
0,0,205.63165524939814,120.30683745194641,-29.55482786352976
0,0,220.0175667739303,126.57277532676397,-34.48642987048168
1,240,477.80007842968195,4.034475645784502,22.827358450675916
1,120,386.6175406340705,7.136955707951787,8.142421638814056
0,0,96.35063547426824,56.79454811026663,-14.766029695827754
0,0,52.09338825840417,8.648513815210519,-2.922316018178705
1,240,245.79336028204904,5.903122109469476,7.452961044963189
0,0,95.26813258759752,46.00022735482921,-11.378060220912545
0,0,88.46756881807076,40.82926646442809,-7.95172925620291
0,0,132.55445774862415,85.44154495547606,-20.93242782221239
1,240,1059.9518390174028,4.32512280989164,46.21413951860161
1,240,621.9449983788402,5.265590608896599,19.278191459347653
0,0,157.98710876962852,14.619072972312305,-8.520250762117811
0,0,59.232361710672286,7.929227421539395,-2.3161622078125674
0,0,50.05581678532355,17.9254425651815,-7.287346297416008
1,240,208.42234342887733,4.400764044793864,11.808395667800127
0,0,90.01861366963776,71.68432045706841,-17.296868219570214
0,0,91.92137673648237,96.34769390030286,-21.781342228394735
0,0,113.17047808505282,112.69021113398342,-29.86029839886116
1,240,537.0479875444202,5.469171501159797,40.66109722883516
0,0,487.70135457124974,188.0723666282004,-52.14814431506688
0,0,140.41872355200107,39.978897174559656,-9.847790802882741
0,0,69.75587976465997,19.123658204894806,-5.367226918362334
0,0,47.6143075440452,11.369872784278867,-4.568721411992513
1,240,187.99806502397806,6.4483919244801315,7.561123537537853
0,0,86.68394205675399,50.948676175048895,-12.864441135604537
0,0,83.83793391238818,56.95215225335518,-11.595526539642535
0,0,114.3245568443248,109.62189021761388,-29.211545369387203
1,240,865.8762523674187,3.251770821345323,49.98586655815875
0,0,336.4655487294646,180.09362620098904,-50.481303237812305
0,0,183.21420304405729,33.33836969991848,-11.839761358000416
0,0,129.09165466788926,43.09086786871727,-10.533864383653949
0,0,69.154365834985,33.86221035105082,-9.72642371485405
1,240,260.4105273975007,5.69316088456979,12.718598630473608
0,0,106.91674876761279,90.45023061343552,-21.929720877832395
0,0,98.15877079379912,87.5874087501522,-19.144074348255657
0,0,111.92014485408978,101.99701188244751,-26.037280039547205
1,240,921.2599712463594,3.1873540535222307,47.67721292207001
0,0,295.0431833166679,184.24855657077003,-51.56535085544195
0,0,131.92648545869397,62.108421232112455,-16.17821335987327
0,0,303.98379652701607,174.6207411115974,-48.058901972136155
0,0,118.54023290620314,41.773725355524256,-11.47555969883085
1,240,342.9047699701505,4.812199388754503,15.695788411434407
0,0,107.6106402370134,73.98355048223608,-17.233703860203462
0,0,96.27782397130375,85.10684371527518,-18.732930061629645
0,0,117.82953006222736,118.99050714517105,-32.315835326038815
1,240,690.6533016526932,3.1170235205270167,49.11447950513126
0,0,190.27433421030358,154.0110140929589,-42.57257485732074
0,0,86.75466205694768,26.994734354284653,-9.040318430372253
0,0,166.08550952275303,137.06873476202966,-40.18400937675459
1,240,853.7555573722931,5.666665357548442,39.747871845753636
1,240,449.8318912311795,25.184589765186182,0.0027422946950537153
0,0,137.6370021946992,96.40223085389383,-23.65256920179167
0,0,102.8119733648504,96.00306569277505,-21.585017000665786
0,0,112.47299308514627,114.73579450962613,-30.97102733091463
1,240,671.4849338194792,3.78283514611115,36.88514302786818
0,0,153.27532144887763,123.8994682942674,-32.12234229645447
0,0,93.02601327713694,53.820656116917085,-13.222381311935763
0,0,152.766026354111,154.66249749488398,-45.443580985641866
1,240,662.0657122243947,3.8662442329466926,37.86767272226429
0,0,239.00888804739043,34.76427206714527,-8.871955875369508
0,0,210.06326055126834,113.25027258153699,-26.016022701607405
0,0,133.18169319475973,133.04112948008697,-32.705167459789976
0,0,110.16403070645742,112.47348558330202,-29.63586783170844
1,240,589.4457886464888,3.679605966555828,40.42880414146012
0,0,203.2049905765663,168.00913540503743,-48.07492555585538
0,0,78.3899886285728,22.927428422646862,-8.803660798841534
0,0,131.62943538494622,141.45119844255635,-41.611104352673365
1,240,676.6293278000668,2.5376227613303515,49.87661557152104
0,0,123.72350956702869,18.27466064142064,-4.809120081370963
0,0,201.5213818583222,118.07628038184325,-29.76441581018213
0,0,236.48459723980375,147.46161256857258,-34.83816140349218
0,0,179.35050025877007,146.13851748478973,-40.75014253647293
1,240,711.1431364831948,4.124297553513237,44.84912569193831
0,0,281.06217312529566,188.89222583521533,-55.08173092608503
0,0,86.34490322277263,16.02115422776078,-10.132907556025685
0,0,160.1536335747927,167.19362240480856,-50.70941936131925
1,240,554.4472501071002,3.389409802623384,40.57560288932085
0,0,118.43646262780722,45.61287347992632,-11.384929358203564
0,0,143.38998380538987,122.94366378196813,-29.567081347666573
0,0,245.71464269266937,137.29984900062567,-34.10952559127549
0,0,205.86465659330787,137.28470225338793,-36.73528502447624
1,240,344.07687306224415,7.46802548301416,16.08682197765303
0,0,150.58153389641706,128.59965268615645,-35.58690265216449
0,0,84.88295412203071,24.685580971596355,-8.834207323979498
0,0,150.64792919033937,155.39271799183993,-45.812868448382666
1,240,924.506799742869,2.4757734682386316,52.209554249909374
0,0,115.21146737973453,37.50593439175191,-10.703917803220648
0,0,132.243555011538,134.58809031141402,-34.295319903142136
0,0,174.2204577280895,157.07786220835777,-40.791415483688404
0,0,238.41986645404845,133.32732936283165,-32.76876510320124
1,240,709.7296660361081,6.409183562119294,38.2249418367217
0,0,268.7641821771318,149.3741745820345,-43.323971291753615
0,0,99.13974794163285,52.31674944533847,-16.052888591974593
0,0,151.1250525514281,154.14967397258138,-46.46673105921079
1,240,683.2055112980806,3.5794925010637972,36.85537324363929
0,0,132.2611485741413,56.154280376517825,-15.371232394876685
0,0,130.98313268861818,123.66384901740811,-30.48279547202815
0,0,169.60678399260374,161.80975513879218,-42.648135367521895
0,0,173.98940618622086,145.21725159917554,-36.013095633409584
0,0,237.2272904405234,122.33307226581736,-28.68920560187496
0,0,299.5019498144128,160.86566083813238,-40.828662059660985
0,0,102.89355897699978,32.677305872071344,-10.897669746441352
0,0,147.01086822021165,151.52094082828583,-44.99668548139201
1,240,515.1259550983908,2.9615128394799792,36.930151728979624
0,0,85.67167171976668,12.471806767888337,-3.3733805603690286
0,0,108.86520181775157,110.56420849357373,-27.691072397924735
0,0,137.86574118065866,141.70296077319236,-36.52419643552337
0,0,137.86921001452245,128.583957248361,-31.00831617850131
0,0,154.57529527947972,124.41822633812835,-28.763101667270988
0,0,225.57468396795892,122.30475694519468,-28.73936087200289
0,0,110.79880463141464,12.864329885413822,-3.913115097082823
0,0,143.2319138073614,135.10761363421074,-41.0412724267214
1,240,572.269891778097,3.2088917372024617,40.400534999531715
0,0,118.910083146857,65.69072080880083,-16.335046332130645
0,0,123.37686423787541,123.59367438292252,-31.082117132765617
0,0,140.18963314823185,145.76761710700544,-38.11960112692728
0,0,131.773822760512,129.4104584989692,-32.053719614917235
0,0,130.67169715678824,119.84512878686171,-28.089931496703358
0,0,145.7811666154973,119.48427810981856,-27.252551957218152
0,0,218.49041833342497,120.23632349566854,-27.971364903108693
0,0,254.8434798163326,155.98619902612535,-43.911094949847765
1,240,345.9784515109882,4.946091616705331,12.273098089488997
0,0,81.27334908529546,9.07135208604928,-1.5909609642413898
0,0,105.42236153582105,102.44029609617343,-24.712281579579958
0,0,130.77929902291606,136.0949678535781,-34.69148947047374
0,0,124.2862541770495,122.32944802029147,-29.907320285594032
0,0,133.77800387363902,107.92715113594878,-26.003156279066154
0,0,130.47478982275533,99.99406753882866,-22.106828373001804
0,0,148.6680299142589,117.87491816677762,-26.72530339851872
0,0,213.29843557976483,109.61540700549783,-24.597588122627066
1,240,928.8649247143304,4.296292640645314,42.391591430994524
0,0,157.65746752804287,49.40559227568879,-12.214377686093528
0,0,133.17032312820618,114.84673107685924,-28.65003566746089
0,0,141.03780837216257,141.26448482145895,-36.18348722588907
0,0,130.72529404080134,127.48467015522154,-31.602068554081292
0,0,130.44847883125905,120.12523531657081,-28.91218308229304
0,0,123.2847360914341,106.86306687385373,-24.37973079146667
0,0,135.2879555135843,77.46280452826468,-19.92634755481164
0,0,354.20271652028816,7.3091353464309865,8.358693784445748
1,240,1405.7940311066827,3.4734442884005228,39.973073869863654
0,0,161.70958693963755,34.81403324700042,-6.959080794181972
0,0,130.25287514393966,102.8234553761549,-23.07292497741708
0,0,124.55474871974205,123.26746340714088,-29.567974335514407
0,0,114.12040576898809,123.034861928349,-30.038251326312526
0,0,97.64960039567464,111.88464675991928,-26.683903636460947
0,0,102.62527981941643,103.05939953558124,-28.880764705114295
1,240,511.0006727660219,3.349543553064244,25.37822843554933
1,360,504.7517386012759,1.8900267823717836,50.05196879470533
1,240,575.8758919482678,3.266384670927918,30.61570255816659
0,0,378.5697553816056,145.79512383101675,-40.39139391552207
0,0,265.3936546115971,135.40529270099162,-29.633347386717816
0,0,148.06843177844988,127.17763447050922,-29.255116835619283
0,0,121.7974225600705,126.98814851817289,-30.2876062939281
0,0,101.9926710816095,116.69631640959916,-28.511648970805766
0,0,147.31359765920698,57.879385148784415,-14.75229142124573
1,360,377.1178556966161,2.1353689596955427,51.35357520022082
1,360,376.1617271887479,1.4437623351252908,55.73199501322382
1,240,319.45851378667743,3.2021375640009584,23.177113785727315
0,0,172.1640854021883,133.0872050477091,-36.16726021002699
0,0,205.10792935231578,115.39991223360367,-27.90545288882553
0,0,229.59177495916433,136.09466462984886,-30.87554103861777
0,0,119.18256798209875,119.69722780310944,-27.50550001203211
0,0,92.65149824846036,110.77651564134308,-26.374861149738223
0,0,109.16784056827987,68.7822888777469,-19.535303420689488
1,240,404.2035760945932,2.3411125771586483,34.50131989400872
1,360,239.29079314714463,1.938024910268378,35.51483468153906
1,240,325.7509330713629,2.9565818440732237,19.65936517157779
0,0,162.29359799517627,141.2739858316424,-39.465661418619135
0,0,143.43284544211863,103.47880127082173,-24.131496021624706
0,0,164.6772196543453,36.92564719949552,-7.814288386913233
0,0,199.76315920383146,139.40891442987248,-32.01137930944578
0,0,104.22090938858571,110.14444577770317,-25.27301454059721
0,0,89.86012990547846,92.91968466451898,-24.58840461446416
1,240,489.8883069536118,1.9966747869132089,45.39038200675968
1,360,238.74920162205788,1.8779416021028286,38.13663643486983
1,240,235.46618842720451,3.558292108659788,14.227726957502384
0,0,122.16010841182921,118.33980346140693,-32.58051375376512
0,0,119.60983535843924,99.9436529840331,-23.366754967016092
0,0,106.30587125371726,25.904336409160646,-5.841509144596287
0,0,121.97324482551957,9.61725316593677,-0.7123877368171492
0,0,182.95577492120475,141.04629368941946,-38.51889350975041
1,240,285.45392084590736,4.63970975815923,16.92426492455938
1,360,273.7348170548952,1.518235684882792,54.99747287874392
1,360,232.25536325210484,1.1837197856741664,55.610749456085685
1,240,326.2398119249901,2.5118970255026274,23.782231941548034
0,0,141.56140957260274,111.31977705037319,-30.77685795550471
0,0,111.7828651871273,49.973801056063024,-12.168343898340211
0,0,78.78766889254565,6.329817007114747,-0.31407816902179775
0,0,86.83319826939328,13.775056941533103,-3.072010371605188
0,0,143.3894510106461,33.72512434697545,-7.086534994640857
1,360,297.92793810857114,5.747503811072098,20.78288126689607
1,360,209.18478404329215,1.6271390287170264,54.56251910547691
1,360,141.42855096840785,1.2514125655215909,52.626785648965594
1,360,170.27380900364753,2.0931001584303934,32.62559099371029
0,0,121.0338710119346,119.98819984978364,-34.29711116278956
0,0,110.58570940601736,83.21250400401918,-19.87008403644647
0,0,87.78450328442153,7.7321590710684465,-1.9981739907562286
0,0,80.79814718610189,9.514099341087976,-3.179581061582468
0,0,113.50679626502337,63.38482708120207,-13.566377139566228
0,0,175.1531546032896,76.64971009825729,-15.968672968786763
1,240,552.3042816312463,3.937485113968364,28.86085990628648
1,360,413.020036793581,1.9124067917909935,45.64671707465327
1,240,571.1829451565419,2.045229614625239,43.36026660386982
0,0,162.22273629425285,111.05512049163109,-30.033564461099346
0,0,111.90164440681623,48.341479135143324,-11.399729707089818
0,0,112.71655963546469,55.23035406366004,-12.858597084955406
0,0,98.82767759053371,23.782685390246442,-6.533553590858929
0,0,125.28538035434707,10.098879839737153,-5.178478877460549
0,0,121.22922530596966,50.011671533963664,-11.613074543445194
0,0,149.8347483786228,24.092148669695977,-5.332981626990744
1,240,421.21015759504525,7.806161002684366,12.185838910086076
1,240,401.6953144735536,5.004056081378817,14.464278909997859
0,0,138.52655403171107,99.65973449887045,-24.816697750355132
0,0,128.7865333205761,100.02322033451311,-22.675339311013175
0,0,123.25594250315295,57.25626399496393,-13.169795423997158
0,0,90.35658691413155,11.29085051455025,-2.685447028577485
0,0,74.01914459961085,5.453224730600669,-0.5825927457275526
0,0,72.27901429429204,8.233946513058235,-1.3614419515415506
0,0,100.32011502028436,36.49242351592965,-8.43415933605435
0,0,199.39165389865434,114.13928123804811,-27.682713186236747
1,240,601.2335662791575,6.651885278940538,28.7573261554556
0,0,179.56268859949708,110.82500977918669,-27.660325082619806
0,0,135.31993453426978,85.77739411408055,-20.215168358139977
0,0,116.925105316623,7.721091404950501,-0.6476910314393081
0,0,109.27012582302822,42.689276917764424,-11.659103047246745
0,0,87.17724197314871,12.8203660544776,-2.715517998056839
0,0,81.65549328126072,12.367289338709453,-3.1028369461865566
0,0,72.77916685797649,8.283500129051092,-0.9073180012808422
0,0,139.57888033097848,118.32711138245367,-29.36683542772999
0,0,201.01572563829504,79.54437045311278,-16.918125125150738
0,0,233.72825731721113,123.39642012742708,-27.580732917223997
0,0,155.1156965184367,91.02257984163666,-20.62684632389397
0,0,97.8772964642633,7.591061669741422,-0.2886306573344797
0,0,89.23973577057424,10.548837682861496,-4.565894497799675
0,0,77.33117243588374,6.679015229419234,-1.6809572306571994
0,0,69.63002684454291,5.238804492468044,-0.27760305000651897
0,0,78.88778329211455,20.83904898840621,-5.5824422736415755
0,0,117.55408651574885,109.02832254797723,-26.063742069972903
0,0,133.39988964642728,86.82950103886989,-18.300052881405207
0,0,206.3062414113803,101.57901797166429,-22.480102577347267
0,0,149.4023911120704,21.778374734942783,-3.8458926627626084
0,0,118.80939627634001,44.263686716202,-8.999362520262522
0,0,102.96095184405941,20.61968286441584,-5.053349615777094
0,0,79.22320025544401,6.154383128255467,-0.46769849860768886
0,0,70.63741700839833,5.4561346857048205,0.46787800042844196
0,0,101.06832888143428,77.41163913375857,-17.972167822698054
0,0,129.06857445303083,117.51208931588168,-28.850920945560723
0,0,115.39615444283551,65.58561768854966,-13.783235803843539
0,0,140.58293769367066,111.74796505414959,-25.22933739532988
0,0,211.53130278338864,107.67699155931028,-24.22633767180656
0,0,142.39135641466098,13.947596658190797,-2.318952134343064
0,0,101.25658680292447,17.669126463897165,-3.858241258031157
0,0,81.95555307850793,5.709656345686625,0.05513796037020313
0,0,78.26224258670655,5.030871076257777,-0.46283197903458984
0,0,74.00836967612217,10.450126627117287,-1.9478337823166214
0,0,116.29724638727662,96.97862306515175,-23.40300816005736
0,0,98.19493282002624,32.61591028650904,-6.462505575462785
0,0,121.85326398364252,100.71641143843648,-22.734614681882874
0,0,147.17156818378393,105.08660899715338,-23.916127431744364
0,0,184.26817307178956,28.36382198014473,-7.135422116345822
0,0,162.3260758024304,39.4982947832971,-8.1586488072153
0,0,94.83668787374458,9.392897387187258,-1.1069826865235655
0,0,77.96602004522042,5.312728813248499,0.4811354354001054
0,0,82.26192139224273,18.364270473029208,-4.9531130508459
0,0,117.7180059199006,93.35061612108392,-22.777858543105687
0,0,89.90248141958018,18.41900596596672,-4.219372941226823
0,0,119.59407823729326,107.59823280544163,-25.68383650616572
0,0,138.04350191209045,110.45369066387151,-26.421143283224367
0,0,113.11722128279106,20.753334137796095,-5.312627844802293
0,0,164.21647689761338,43.08872725358095,-9.327923924795257
0,0,168.58448691198072,12.945053276361644,-2.453592509198714
0,0,95.18137773282757,9.21646810424056,-0.21425375232807653
0,0,101.27634555267804,33.61459568785432,-7.9894196841235186
0,0,127.09403713256334,97.16394330101708,-22.9409688500567
0,0,96.1855597921619,18.33524221566213,-3.7604775825247287
0,0,121.25048041542917,99.48089025550858,-23.06051825867916
0,0,126.60046515076755,85.63051831531769,-18.5900308701695
0,0,118.7317556125063,49.10248045042533,-11.062819658772625
0,0,112.9939983282178,25.118716214907863,-6.703776096882024
0,0,128.62326007175193,11.438754205657244,-1.6128153887303256
0,0,180.52619688136969,44.12322554323547,-8.753970516468684
0,0,95.90159152978283,13.886660420480261,-1.3762475843795698
0,0,131.31785248435736,108.61563505245603,-26.48545954407531
0,0,105.13889206001065,43.361516705918525,-8.975584737332099
0,0,119.78116854477048,103.65565290110561,-24.497002816879572
0,0,134.62804954720215,106.37293459395731,-25.405662865638455
0,0,133.00539481485876,81.25860970841426,-18.63416771924014
0,0,135.9069723173955,77.20660213587882,-17.62574666120868
0,0,110.18637407752126,18.839763183473128,-4.409008686024663
0,0,130.8058934158718,9.45247092301928,-0.6882189414562987
0,0,192.29963440018957,56.96364226681031,-11.262679850230555
0,0,157.54239519944366,114.2718333254098,-27.234005286532415
0,0,123.43895182961394,46.57207481995455,-10.186555518268506
0,0,131.4540552257739,97.69085228750501,-21.985741334416502
0,0,137.89066917303276,99.03671802943269,-22.891426518333198
0,0,99.80086686626149,16.863397843646336,-3.6557338067402867
0,0,104.25959935583121,36.89520209315542,-9.561907876734253
0,0,88.15549846697162,14.311893797799536,-2.713399133400145
0,0,110.38758911373796,38.89539215456683,-8.492119002935226
0,0,136.07509739920567,15.864105994842536,-2.6355982276517693
0,0,268.8254422366087,137.89048550754615,-30.78727790838
0,0,159.3867152173184,102.85356116070274,-22.429593282451265
0,0,152.5768955561257,107.17237673653547,-23.867050087775944
0,0,153.9909101340145,99.26213599368619,-23.41149947053941
0,0,125.65031074566471,39.24349660556221,-10.295790653050929
0,0,95.85038655408758,14.943016989737096,-5.097745378484092
0,0,86.70477206402431,16.614682189528125,-4.5995321347185865
0,0,103.71266854724827,51.753533027078106,-11.602490788065268
0,0,114.11816122942918,49.76958348421354,-9.097823677401578
0,0,202.61043698673566,107.62084463210921,-24.772671864271494
0,0,168.97237282151463,27.380721917502722,-4.708798973211572
0,0,144.43625664948323,103.7123990561526,-23.22003019448003
0,0,137.82122447940665,97.9595590489165,-21.282463206707178
0,0,133.7727666146682,77.8792245635008,-17.030483075424684
0,0,109.82401697145552,32.84048716589447,-7.7684184016645474
0,0,110.46632937523437,52.18703827553543,-11.95346671597376
0,0,108.50001069709123,49.28017677538358,-10.388233389132694
0,0,117.60411254137276,77.40083859330687,-16.18371923760961
0,0,138.54630144540624,98.34881890154615,-20.863620202363478
0,0,209.82885353611965,101.57514103969733,-22.068482735062645
0,0,224.7711841500975,114.42651352539478,-24.447264978940865
0,0,140.24209642640713,95.47939831234515,-19.71492607689774
0,0,130.73939609742408,92.55584506785887,-20.483239082897683
0,0,143.43124705788728,59.23826785223241,-16.228516580650535
0,0,116.88268578617101,69.4813639659404,-15.753034897366533
0,0,106.67420246254842,71.48265501827352,-16.01702641136373
0,0,105.76355422089432,94.77943521180167,-21.25093386654143
0,0,110.00461171748191,100.00346025482308,-23.889422339537603
0,0,111.69917106811953,60.16655481110145,-16.68130897506714
1,240,516.8579234416771,7.129282613433863,18.24629908758797
0,0,209.2692830224448,96.20958271123808,-19.609854696104037
0,0,129.7987073010672,54.68422646842718,-11.349098881303277
0,0,90.03849711603348,10.712563154984457,-1.7787526098741893
0,0,101.23323452266496,51.13712611297692,-13.181155920286145
0,0,90.58893076665535,26.93425385461958,-8.588572258404596
0,0,89.45306905319747,66.13177416223293,-15.723576866291609
0,0,93.87438688208927,105.07953377680401,-25.87524765875571
0,0,141.2688259058561,56.98126895097663,-16.79224025836527
1,240,475.3413327116392,4.261471997842977,21.491364087091284
1,240,860.2616386852948,4.465618727243811,31.279599393391337
0,0,173.4093514150562,35.27984987165531,-6.544914087147916
0,0,130.45287722190986,66.26281735056092,-13.279971102193272
0,0,105.12963050031549,36.41765359802326,-6.445776584183292
0,0,103.98816877401866,67.7958804276303,-14.79968318460196
0,0,97.7035373614391,79.455778586881,-17.08371360547828
0,0,91.2082026317801,98.23594747813587,-22.917529240039052
0,0,101.2627649547407,48.27592866252892,-16.29867689215061
1,240,452.80325350909374,3.3992517138893477,19.085654825032293
1,240,585.7178124881664,6.591515780819211,11.751350124574131
0,0,271.8095008999067,107.207016437797,-26.439452176080806
0,0,137.63283052521592,13.437475075904267,-2.3787189127266544
0,0,82.592718911783,8.050246177770353,0.30983500321748636
0,0,99.42601742386273,58.46535778596439,-12.554949512982006
0,0,99.38279303326587,68.85441280763487,-14.05392736867536
0,0,101.21306767480976,91.12122140860959,-21.790124156223712
1,0,396.5166402524297,13.664779163949877,6.522520547040031
1,240,1033.9002165368208,2.945638941885546,40.78543918170605
0,0,181.33733720257814,93.67024281017308,-23.22646604772654
0,0,159.67997904756777,124.33999461597958,-29.44951870490675
0,0,212.44936480722222,97.44429529755462,-21.269485821178932
0,0,188.46890820872514,74.14996255269834,-13.970372239457816
0,0,126.21957358925312,81.89271550280776,-16.22869623501046
0,0,113.46155405603515,100.61457158308113,-21.946471004918948
0,0,107.16645946157232,104.54275557988996,-25.79872546933381
1,120,591.2068226434575,7.395303227731839,15.46236455838222
1,240,1095.67602132571,2.8455933858745475,36.632506726208206
0,0,286.19586586677406,59.956474913819626,-15.688750340226164
0,0,152.60405675200033,108.40524832163865,-26.347389884525924
0,0,111.31787140850346,22.429581986685864,-4.931956107989578
0,0,162.0532622214957,30.771295657045187,-7.3542147069681505
0,0,186.6555696383986,77.55671002937109,-14.551226488785986
0,0,120.52785203803931,109.6859787186765,-24.52535121808441
0,0,104.9458843300599,108.47610159970878,-26.48456127227572
0,0,175.37707576443827,19.898990451190592,-5.833086525487161
1,240,488.4583765497597,3.9305150292275006,17.284968607662307
0,0,237.20792845281306,39.78459213081189,-11.30410074809538
0,0,131.8302083148862,99.16848317902082,-23.080988287806377
0,0,120.33691880677182,56.2573295169839,-13.042658260644018
0,0,107.07172402170397,24.906954147889916,-6.125299625846907
0,0,158.7358214173471,40.366839447889554,-9.185320634633811
0,0,162.19464554159117,116.57346026196115,-24.69308498282745
0,0,103.22689577361682,100.012354817548,-23.62006761450165
0,0,118.81204891400056,23.871277256478216,-9.246175907080428
1,240,353.72533242985673,3.6519995216454393,19.103704804252374
1,120,334.1921475659088,27.086168942978226,-5.191863127274502
0,0,157.89453851691047,128.61056874040978,-35.411353922764974
0,0,100.40663181782836,26.290011724133702,-8.05991816853637
0,0,120.36295773286702,6.9275612226413115,-0.9691349529482096
1,0,388.7926581714855,2.766685953108871,22.352119829172977
1,240,1278.288404366516,2.7591552203269303,46.38307802434646
0,0,246.87772228229383,98.13613633392153,-23.838828501413403
1,120,677.0527069083835,7.522694645760895,15.212465343735118
1,240,1363.9082022831433,2.521012012024788,42.718086810388186
0,0,215.71646217611232,57.783086346100646,-16.01935135013916
0,0,128.58628184932155,111.1310058396844,-26.228131093250397
0,0,111.90510190462165,95.77965478082476,-21.923358999910576
0,0,123.47223449701293,37.755321469842045,-13.264589518613164
1,120,663.614489864286,4.998972120430069,17.508987026577557
1,240,1360.9549323544009,2.3937791998600697,36.17837220804398
1,240,1550.7998113290969,3.9021532323486907,37.02791540448604
1,240,846.3736068447422,3.6945198812871687,31.051565171136716
1,240,1008.3026712106441,2.528739479250117,43.38446710294123
0,0,177.89725158283358,90.88893759277215,-23.673900515056154
0,0,124.69154093619427,98.70256547978951,-24.315382826905157
0,0,69.87237476858566,8.723457003819346,-2.2790265948269877
0,0,59.857760715350565,7.560737040686607,-3.856687776213036
1,240,418.4928137132743,3.607585818598993,13.252806153644016
1,240,1009.6561058925587,2.3792461196934527,31.448284269451605
0,0,346.17191268327406,19.11640790893985,-4.645571206423668
0,0,263.77801689938997,110.84095068381058,-26.734037770781825
1,240,662.4583025981557,7.31238913558528,27.848327933783935
0,0,170.1266102856039,109.14052976702817,-26.37466035957125
0,0,121.54043411663204,106.45789499505058,-24.617836225780273
0,0,94.78395253016824,34.05886176889404,-8.839913991882796
1,120,708.3794961390065,2.117459131347515,34.735282710140666
1,240,1172.5192614688413,1.6627666888404635,42.230504877568464
1,240,992.948206858261,2.7335770353317472,37.11411779353651
0,0,246.0053445737252,129.79536492520023,-36.63865211464696
0,0,178.3614518373709,128.81774274361953,-31.412533204366923
0,0,212.79896884761226,81.17059541119059,-17.159448486087598
0,0,202.0863029915517,117.65149281560211,-24.632911340158167
0,0,134.69661002827476,105.46192055823713,-23.19760510320075
0,0,98.56132556287469,33.689022674162146,-8.412595528912334
0,0,78.3487820563673,9.403558950096373,-2.8780946258798537
1,240,868.5162843310488,1.530820710517947,43.83640349717233
1,240,1061.2173058863011,2.027252553634861,50.36989360434053
0,0,201.24106380674098,100.03608568416881,-27.467291756838783
0,0,149.24404904864085,120.61820490421957,-29.67401267948062
0,0,129.39041648645215,50.04965030605333,-10.229038490437546
0,0,171.72721638440132,43.67434973954977,-8.665628126954488
0,0,185.41609635136209,94.71739708071784,-20.935714440208542
0,0,90.03959671369618,29.7632861260252,-8.545455212024066
0,0,180.28168943820583,9.549770544499916,0.14457412789921875
1,240,571.6704410110468,3.261265739980632,17.93880479873161
1,240,902.9386336951799,2.462667164012366,35.65480656372287
1,0,325.96389226405967,69.80286775430592,-22.0454077177166
0,0,156.2476699638708,125.54322969135401,-33.92592940334197
0,0,141.16385400527207,24.85662081373611,-9.721446232293943
0,0,144.28793566166019,81.1072216517755,-18.845483518118797
0,0,145.89274743811595,10.678957663228092,-0.89822960424965
0,0,183.08842947634886,82.56181475948026,-19.277626229048252
0,0,294.79975279905005,4.431580509957151,17.244800006365153
1,240,803.0164483321528,1.8078335234208953,41.377801877972544
1,240,863.0514879964541,2.3288311136720927,41.838699854392544
0,0,197.15074187841108,99.63253821820098,-28.415084752349394
0,0,141.50682645151073,117.0184627434862,-29.190192920315674
0,0,120.95464329992791,55.58938178852133,-13.484581566285527
0,0,133.47842585887287,97.73284877400735,-22.543066146547062
0,0,117.96145910963526,35.69591614587396,-7.1513637988127385
0,0,170.73619548884432,51.82064293601441,-10.545150904618268
1,240,835.8366952377804,3.685063091230911,42.2400793981618
1,360,906.0297500938036,1.7610860806010464,52.984720541345055
1,240,983.1115915936836,2.2098042936804396,45.36878121195532
0,0,169.30984727943977,107.77579917737305,-27.16900739590413
0,0,133.93905525502103,112.80884380824962,-26.681589265589054
0,0,124.28109627048734,80.90951978029878,-17.696260997476827
0,0,121.94417917183733,84.82074490710693,-18.24513148678767
0,0,138.53223339695865,100.59128111282902,-23.43567354985202
0,0,127.84887125180626,49.674822459013875,-10.195300458435142
0,0,242.0458407590821,130.1946095020576,-32.4718122981107
1,240,650.2449693339618,5.4755825171498405,23.94440698903712
1,240,679.310849737362,3.748411807614784,28.74900921538172
0,0,219.64735377940832,112.1416721881417,-32.4575086406901
0,0,147.76989668105458,113.47791418647172,-28.68694407052069
0,0,95.3027869180603,14.930716574767462,-3.776524944026889
0,0,100.81882223652558,44.58558036364799,-11.572366979068292
0,0,79.71206777301276,15.00551356622111,-3.7738988200010226
0,0,111.77542873283106,104.10868359184342,-25.20554376054416
0,0,167.07099842182137,111.95677790941987,-29.62055493950124
1,240,1219.4638743600945,4.972406202185857,40.7854603175131
1,240,603.6315960685255,7.305659102963413,24.27542543113934
0,0,261.2817488281147,124.6971344121456,-37.14718491620426
0,0,182.56339993255298,149.8916330956272,-42.34856436433312
0,0,97.26001407738397,27.165108187161927,-8.994173679631928
0,0,140.20073114938432,30.27780264748283,-13.774522567387478
0,0,198.03728965995268,6.332833000278981,3.782421681654469
0,0,111.91421609555788,98.03723486089496,-23.997970560590915
0,0,127.24888769001237,116.41937928982207,-31.722907246933758
1,240,611.1735663961459,6.804677099004467,24.334214678446884
0,0,342.0894806515755,126.00618012980614,-31.512151546941915
0,0,234.10663227376554,131.7994283087723,-29.220174062615072
0,0,158.7075266156346,110.55189905408835,-26.026421518675647
0,0,96.75724855224328,12.943576865584657,-1.5451755222208874
0,0,112.4844198319917,74.51710151231731,-17.01048860195607
0,0,93.29818070274409,34.47152399577113,-7.717623773373376
0,0,100.29739755929404,62.89051464560945,-16.469977324333215
0,0,129.03526911351508,120.29827499140114,-32.92893224902064
1,240,967.8982384959947,3.38621783140199,45.351703479859495
0,0,205.30127716401788,111.82200218137694,-26.07319505967569
0,0,236.37182613105537,122.37960988864599,-29.195291933766313
0,0,239.69492362833478,141.67972805984104,-32.38173148846669
0,0,137.74191741499132,96.34925333662477,-20.16850049617517
0,0,127.20558394700686,83.92438668496757,-18.704808870350575
0,0,82.36936455355327,11.035608330640374,-2.2752010137510723
0,0,81.40671214408823,44.89964434122777,-11.21469628427694
0,0,101.25227910074068,104.04753347310957,-28.09264216395743
1,240,702.9517460431922,3.467668598319403,39.336875509776974
0,0,156.12757576140996,117.48508796475245,-28.47301799947146
0,0,146.05852595584176,119.42169850778964,-27.615157862955506
0,0,195.9714517253055,87.22292660797055,-18.54955579967013
0,0,167.34035450495068,24.938363072512306,-4.207779951060289
0,0,106.82977852773367,23.79958650334632,-4.182855550597438
0,0,76.70391431763142,10.472316106447687,-0.7669603906183653
0,0,99.33562369435333,97.79725493802444,-22.839025568706283
0,0,114.407604808005,101.18484878246568,-25.861488248366634
1,240,1011.8136752116039,3.045774066215381,46.047441408404
0,0,176.26646889663286,117.31826437637191,-28.711271384434404
0,0,144.61474288865125,109.43378321128442,-25.201416994217787
0,0,139.67202872267384,60.37710759300866,-13.08553224524347
0,0,166.7018850249621,27.699928064157845,-5.823300646823341
0,0,190.75815718189395,107.17120715929404,-22.67640666926917
0,0,111.24442508626977,57.208156106394505,-13.076147946913594
0,0,91.5451783031366,97.08852722778286,-22.365403836442624
0,0,91.54987709933444,108.76349993814529,-30.160611797272537
1,240,380.90330567091723,4.5370558914830825,22.27060958928746
0,0,220.5460991597651,56.14469995059577,-15.072509465945757
0,0,132.83880010092972,91.24812775891698,-21.94486996753497
0,0,89.87891942224066,9.170379902296375,-2.187239068763745
0,0,87.85275769191792,6.631756096556261,-1.3693150396673985
0,0,134.83367431012806,18.441321788517644,-4.616551743345013
0,0,247.1384289528804,15.55030553312271,-1.9415247439124101
0,0,132.28236967542566,100.93344743245974,-24.380333161967577
0,0,142.644467926134,133.24924203293492,-37.514408995781885
1,240,685.0018684529563,4.277419670853681,34.148880311462065
0,0,202.86368453090924,139.5447009036796,-37.932374864133045
0,0,111.60813118328255,46.835424628815794,-11.588387920811641
0,0,81.08712031825502,11.254406812589961,-3.013797075039733
0,0,70.88818195578705,9.659970711247675,-2.232548955125637
0,0,135.6372081361646,97.20459693957557,-25.569174752923402
0,0,224.79587408524569,118.10468955742975,-28.458397304945123
0,0,172.53675832137841,130.17206987151604,-29.730883852298454
0,0,133.83247363414725,130.2807250411671,-36.43601256456204
1,240,503.3268414073438,5.072291798655156,27.314374040298105
0,0,145.7191697122258,103.62550379888216,-25.446904109143354
0,0,134.39271297526645,102.84838469846753,-24.796370387925492
0,0,97.69222397517744,12.739590321338417,-3.8537287632261297
0,0,85.31984581193447,17.471520252287412,-4.450086127024932
0,0,115.88603086959995,94.81765584091349,-21.405928023585517
0,0,135.7851890422363,83.60668041283039,-17.805089267973543
0,0,230.79874776682996,78.41214748728571,-18.105149036700325
0,0,287.8697029026959,136.5339636174188,-35.92195803341311
1,240,842.3697110254892,4.0445235416225,40.9987734501579
0,0,168.32401829862008,101.39980552805974,-24.078582528676847
0,0,142.71025107290393,109.03205508769214,-26.888693754913135
0,0,101.1019743027014,16.385961252509492,-4.530787922290827
0,0,100.58680712969473,39.6468852400528,-9.80253903999025
0,0,121.72322805798383,96.29936581354909,-21.832612412344517
0,0,129.89117552925987,97.22714378972972,-20.903445346796076
0,0,148.49357931187362,92.58550323642541,-20.000772015383887
0,0,229.08917947489934,78.18319913247012,-17.573842403047436
1,240,813.065909428843,5.546591016890905,33.46288598996729
0,0,197.27659479852812,125.21697539789677,-31.097974272004336
0,0,134.75058100221435,104.65461625753605,-23.934980571632316
0,0,119.8795315233199,50.70348008207387,-12.676099958988445
0,0,95.11157028533336,28.01975690239984,-6.121030192822943
0,0,113.49510878883522,96.9546178532521,-22.551166444598692
0,0,122.30523263118957,114.87495976213071,-27.056554334498472
0,0,132.54215812528358,111.45782326292455,-25.94766950161005
0,0,157.53646644091177,121.98943314521595,-28.25302595179908
0,0,344.6840096768748,178.14785396956069,-48.09517630098447
0,0,233.1475563907189,129.05916658901032,-28.870741048621177
0,0,143.19861980390402,71.94820451726216,-16.11515996349351
0,0,105.21666875654489,25.695700434399104,-5.156217588685905
0,0,111.70209577118115,56.711699445859274,-12.82082739775835
0,0,108.23831778942572,54.0817786752908,-12.050712564207473
0,0,110.99125689450483,80.89559314759069,-17.768027630312645
0,0,111.68067062084596,89.85442486389243,-20.105917371502272
0,0,116.1019147653583,104.21969957481514,-23.991423744357405
0,0,157.47537642231055,120.31529883791525,-31.837299518636193
1,240,921.8652260752993,5.131966860289386,47.469130901669914
0,0,135.27231175302208,12.304094264706253,-1.8491929708176542
0,0,114.50832568669715,52.8920984225755,-14.066244260233333
0,0,92.77152443457092,30.943447319525557,-8.88420407555455
0,0,244.19352503522137,32.334110757644915,-8.366540605351958
0,0,117.9544987697909,83.06972172560131,-19.09931927682881
0,0,106.5914265642693,92.58255763448405,-20.799531151438316
0,0,103.93057026139797,105.1357456805185,-24.393315831447595
0,0,154.59878359243976,150.29741864150145,-42.969201486479776
1,240,677.4002704582654,4.773521216694081,39.759020983972135
0,0,319.08041089552404,133.64624852988587,-33.711448517357695
0,0,167.6182466400389,53.20292801370985,-9.42535471134066
0,0,114.43517410198129,39.142736082290774,-7.2221159129101835
0,0,106.61285171460449,47.889444750944506,-10.34593535527533
0,0,109.83019512327175,75.17591282103281,-16.143286438724346
0,0,110.87383800182131,95.02334260392735,-21.316153683143725
0,0,112.53317621907722,96.93563749172303,-23.216537502365142
0,0,136.60967190415616,131.68787085485548,-36.33313930770146
1,240,855.5997073492922,3.8121589563690965,42.98981931371718
0,0,213.16943123541856,130.09913734501671,-31.74500473320377
0,0,328.502942619655,171.87912210466638,-46.124851454261126
0,0,156.3083632204288,60.418966906871574,-12.103652476914135
0,0,126.09750691263444,104.37870432274836,-23.707834053273764
0,0,121.1592818257749,107.06650833734855,-24.34867172300776
0,0,116.05401991870954,103.75869121215278,-23.64025759418547
0,0,109.741977916971,103.11610959256522,-24.425532085342446
0,0,128.11592611508473,135.08123316976523,-37.37347543437732
1,240,733.1777586610385,3.3709388750084908,46.8024652757217
0,0,154.36740330487814,141.7347559470889,-37.122593404702435
0,0,168.04695369579346,166.03234771787345,-48.62874446599164
1,240,504.6498047643373,13.304820109063005,8.304924291312403
0,0,282.84347599464485,157.0182715259458,-38.231647324047245
0,0,151.55916690702915,134.02550921906257,-32.2162486871744
0,0,120.37814805109409,114.35375426959789,-26.485602210772896
0,0,111.70513383482657,118.0693639929711,-28.37031382906727
0,0,127.0609925223903,139.23850269402905,-38.88009388431899
1,240,712.0126575050521,3.557297607023945,43.11237529089239
0,0,130.2538387089018,118.9350099831041,-29.869265265001815
0,0,122.25627219505323,118.35437263963655,-33.09464754419048
1,240,653.7459069150816,5.686413705367995,26.94627282472794
0,0,367.3353587747373,152.59321213107089,-40.32603671617395
0,0,188.3060317219442,105.39952144652324,-21.201745559586
0,0,127.48476839275024,105.34713593748748,-23.354538470541613
0,0,113.09086494706128,112.75949053650646,-26.3332024740441
0,0,144.426303590227,147.53152729700454,-41.30425998988376
1,240,849.0276955207617,3.1897789409047257,50.10386776891484
0,0,138.25595098216013,121.88814198041833,-31.524024586551846
0,0,155.62697542341957,79.04629659935483,-21.487522806699246
1,240,709.6079621133575,3.7038264131561602,39.48938092554101
0,0,211.0770895962827,135.38015400991355,-34.291272396092204
0,0,227.15642686561463,116.90765612927993,-27.72268099736693
0,0,172.01712474137065,104.43451914776978,-21.45720877543883
0,0,111.18372049365341,122.26447150687886,-29.501211604997508
0,0,127.08347192615467,164.71972107236263,-48.440569733856066
1,240,267.9072668521913,7.401439898443028,14.588166443017172
0,0,98.69768700910853,128.0700941018438,-35.91449180957295
1,0,187.7827706032554,79.09049506770059,-24.32631532310139
1,240,449.73308614635334,7.355474429913069,12.53038426869982
0,0,149.57685305051407,107.84154818933399,-27.171321766776032
0,0,150.24150882535676,119.1083384424385,-27.40879312687815
0,0,236.58086304755318,120.93674865141851,-28.21486525217162
0,0,154.0446770589033,109.53968048892175,-23.166620010066516
0,0,135.1203972346931,142.76189023189002,-39.86804491322322
1,240,476.7029293555863,3.8744709815059872,40.103862243884564
0,0,108.1016842777908,129.9009156614327,-34.952104539294815
0,0,104.81981602483366,140.38315783275573,-42.528829020680504
1,240,285.46469010136684,18.19795225753077,2.2215528989690796
0,0,130.74926980427168,122.73133497536097,-32.74713260468631
0,0,130.98373349971223,131.7005196161331,-32.76798307834042
0,0,149.5010374920793,128.7449257309218,-30.886447115055198
0,0,220.01543559495516,120.34322429945746,-28.135003605235937
0,0,369.9149468750938,176.3473692221229,-47.660502577160855
1,240,620.4185301018375,5.012065790334281,41.029409802475826
0,0,138.3930492721886,137.11398729381523,-36.72393509609078
0,0,130.60329538053293,106.14665027619165,-32.25113862066099
1,240,419.26647702548377,6.34521869692247,16.936650507490256
0,0,136.21396411434114,122.09196608338102,-31.590422724397143
0,0,121.87923489338745,125.57817261634479,-30.697450728420584
0,0,125.64349777457929,120.86300752830782,-28.665681448629115
0,0,163.15125016391133,114.8212386247637,-29.98493625303073
1,240,1175.4063288166537,5.108027076128932,41.35161461303848
1,240,544.3788351208012,9.052401505422182,29.644174051339633
0,0,167.25307819149532,128.833582573667,-36.08271169787813
1,120,254.41189340174992,43.380475408609804,-11.325125592157633
1,240,537.3465793221075,5.316714039404471,18.84527729146089
0,0,119.39492636370143,102.36096699290925,-24.59216678811893
0,0,104.7035647461631,119.23433512155812,-29.268596196564957
0,0,91.91261963138506,109.77095355899498,-26.29501535465782
0,0,86.82650432692083,90.01719824960358,-24.1451127653162
1,240,385.26623713113105,6.110380491901513,12.632301130291424
1,240,995.1724322005712,4.184493780932131,32.90579895566604
0,0,246.2105045582576,161.08523813579134,-45.01028637322821
1,240,515.1181558902265,4.73303227554807,19.580211574178264
1,240,640.7024114237203,3.0930995292691295,31.96325820820718
0,0,134.92222026212178,107.00332950747371,-28.483496075816134
0,0,98.39026444194455,119.99145589506688,-29.996698329653654
0,0,92.7737463020131,133.79253232041543,-34.96645575228128
0,0,76.18040380565826,105.02970401062915,-29.342127669289383
1,240,259.1489147884511,4.889090519088345,12.847727843641152
1,360,256.99021186356805,2.55943501590233,37.58231819129203
1,360,596.3707146444559,3.2393909906370735,33.75331311463137
1,240,424.2571087102267,8.805164066984108,11.26874567431453
1,360,329.75693739747425,4.678026047138008,23.127233281091023
0,0,131.60947258614186,120.84861884039323,-33.27413810160468
0,0,92.90247291292907,107.21405556008335,-25.69095398918956
0,0,93.60967291486593,125.26938978538293,-32.18073524737985
0,0,86.12101606979911,112.55875642773715,-31.64572456354157
1,240,373.07219783829714,3.4263548164336823,22.79354115939708
1,360,316.9816077031125,2.1198646160211436,40.18860626224864
1,240,555.9304599853308,2.6748089375305684,32.78615971986362
0,0,269.41074560280254,115.19675233500028,-29.51659847252938
1,240,538.5946340053364,12.028736435185728,20.042789847258675
0,0,218.6437498590513,161.7618457895693,-43.69948589164631
0,0,126.34103945477773,144.53463722771323,-37.335631771855596
0,0,99.84477142036104,134.58456714046454,-34.543438426045334
0,0,84.47475966391188,115.59071937504605,-32.76283650932392
1,240,314.575234574778,3.8225127832910784,21.57140538838688
1,240,288.1715367930794,10.097354696575106,5.444890288825732
0,0,123.47079481759889,129.55264154954116,-35.94108065484094
0,0,132.2768830231705,119.92149784895932,-33.67180831123678
1,240,658.5849074829549,7.176053519994666,25.10708773481771
0,0,209.54638163344654,134.80944363377293,-30.111714107664042
0,0,134.18336998519243,128.87001273885366,-30.83574231394399
0,0,109.23437189490274,112.96988448693644,-26.218699239354656
0,0,100.80780358778176,103.80046389066447,-26.9438212236494
1,240,695.37581288467,2.6257108339702824,37.838716666606786
1,240,407.35105537547435,14.63538117472729,4.570248321512651
0,0,133.86936116811057,141.77831908952575,-38.53021701837706
0,0,117.68988115906379,127.24883428998422,-35.734985400303465
1,360,360.38916633125234,7.448426490930299,32.24394172582154
0,0,496.5905020765599,197.70861459489146,-55.30921825933225
0,0,201.96541526500437,119.25360426759126,-26.04588759696803
0,0,129.13107014287098,135.4361348860248,-33.34489549965389
0,0,102.58286028896444,113.07292279798361,-30.7646308911267
1,240,520.1835148717998,3.3076420495901906,30.88770982698722
1,120,369.5625995085762,9.232118419457242,6.233752583229318
0,0,122.24220414660563,140.29496304521703,-38.538798156039064
0,0,99.2146906235725,135.56239147119808,-39.322725239496656
1,240,294.49467679597035,13.325367126526587,4.833198897012679
0,0,261.8494359595885,197.33429212073412,-56.42340553781416
0,0,462.561196528525,214.60512158192782,-63.21157419399846
0,0,144.285713794218,130.47122173926763,-30.387066117950226
0,0,80.20058954080098,108.95164304253777,-29.881571588656257
1,240,223.0457453764371,21.046316846579785,0.14053718875280197
1,120,252.0363543522047,32.37859440068844,-6.461395945592699
0,0,107.04037982028768,128.14465826079106,-33.66823107589369
0,0,93.5731538027999,106.87460381479076,-28.63650875094936
1,240,362.3727498263058,4.4745566076443435,42.41096239815518
0,0,254.88807586999326,215.99504139994923,-63.68760805024163
0,0,233.55844316270262,214.7417455307967,-65.0500010368308
1,360,306.3846376588619,21.675641452528023,6.318412058365183
0,0,143.1480269753612,105.02380558713381,-27.163052382268
1,240,237.65454648080552,5.230398607271078,20.371610165427768
1,120,189.53382886885097,43.84213353640629,-14.252461288240966
0,0,104.9747572707497,144.73300330354928,-40.61503188991044
0,0,86.4401431172388,137.30727076237991,-40.05794485560919
1,240,183.17693008410907,9.606041107566798,14.064040699809269
0,0,167.45439525223745,213.93153172621726,-64.56940316725294
0,0,153.82581177979142,215.4151187981292,-66.80179749051995
1,360,206.40527321737406,28.128256850379973,-12.004145097326159
1,360,305.81824283804326,15.472631526047405,5.131012986240478
1,240,497.6098857901797,18.417085549014747,7.3735538178790705
0,0,166.5306425270979,137.1169473349818,-35.348036328797114
0,0,120.21733472693802,144.16828520586782,-37.31014727250593
0,0,106.91515038338143,123.33163132394212,-33.647644799827695
1,240,387.92218492072453,4.508135025853452,40.392302602686016
0,0,212.1182838862225,212.14853288050006,-62.96328658463887
0,0,165.1040675965258,211.54445345491575,-65.37996665154438
1,360,196.92553974266565,7.815179201275089,23.040396817829077
1,360,378.12463371331916,61.70980476155139,-18.338874075002963
0,0,471.24089901923577,211.23639258521405,-61.715151128982185
0,0,216.19887947646376,156.4645994355445,-37.749027021932356
0,0,101.71145748141639,122.63450553115099,-29.509068841268082
0,0,81.96295552462904,104.07317753706974,-28.405832552813578
1,360,203.53813466019088,5.206850035868463,29.038284438561604
0,0,154.05083253860278,209.84143347759684,-63.1844912992407
0,0,134.16191082668212,200.888218619899,-61.77413324052907
1,360,154.76160339892883,21.47103582650121,0.7960272567237183
0,120,222.5577507353635,208.34077924149517,-62.45353583220035
0,0,244.81383414968775,220.16611482350694,-67.96474639685246
1,240,424.0541025767862,61.44183440062525,-22.800621807297752
0,0,212.87142893276703,145.49929298506183,-34.05610483895845
0,0,132.62471863845352,128.3950055473572,-34.84424851592237
1,240,454.8254702911008,4.423975550533151,39.89783039676824
0,0,212.9842000415154,208.76887339030773,-62.16255917655299
0,0,135.76733475029033,168.19312001257148,-52.12211292670982
1,360,215.83338228222718,5.450483082715288,35.77915908449728
0,0,194.9500955375279,215.07054112788964,-64.9577194612778
0,0,197.64553815451174,223.40337467474924,-70.42800581953075
1,240,262.6704613237029,23.72586342926713,-13.146244850992517
0,0,171.00758072642336,36.658077527068755,-11.488035108941688
0,0,314.8762295968414,168.4154985199198,-45.56748172854059
1,240,259.8532921118518,14.701483947705704,9.259068596841317
0,0,196.07023413801494,209.83523904998484,-62.46741941545585
0,0,141.49720213794745,195.0931799770077,-59.62381321899822
1,360,160.581524434344,11.01848972671088,18.717849510760814
0,0,171.3108202880457,215.91558234365823,-64.78062913895162
0,0,167.95814701445704,219.95043611665272,-68.51154557707248
1,360,162.9797129285293,13.17118688471425,-0.17284342236679606
0,0,95.69212384306665,21.946422047659258,-8.007850107870496
1,360,342.0123727824856,3.6770391686631365,48.91438681979578
1,360,441.16919282803633,9.913212160015389,28.546042060287533
0,0,218.05441085607472,210.03239223090387,-61.658596993270095
0,0,102.48671917785718,146.26038454550135,-46.21075530003702
1,360,120.05993355635385,9.647302998486946,16.857750539775324
0,0,140.77075350888407,215.7471632208928,-65.84131244287624
0,0,144.07703963158832,220.83553174313388,-70.00420118448223
1,240,153.1687851722374,7.44064194364284,-1.529482185486799
0,0,56.21704953442498,8.235052016237825,-2.316204479426659
1,360,218.86074468853076,1.5316885305139247,55.0225610817114
1,360,458.65887179234255,2.3949027520711623,51.24425023825843
0,0,296.94682492803685,194.6123393385293,-56.05709558189142
1,360,176.87274397082675,8.712410996539205,4.807920471781742
1,360,143.1455557146347,4.169060505319277,30.43475891401775
0,0,146.77354783805973,209.9459445896147,-64.32534139831526
0,0,136.38908354417075,220.90704922556336,-69.98512479763231
1,240,121.71105313128542,9.889608539066687,-4.931020848527652
0,0,38.27853067468418,8.331247036990446,-5.357139854448064
1,360,80.66451206190804,2.3035408107293907,27.035085485948997
1,360,108.83518393516555,2.1974470242615696,41.69316925495475
1,360,214.89398579652544,7.149345465627364,16.85586945294793
1,360,413.35046022319483,16.362779076446397,15.584730313293989
1,360,254.83207574160392,11.51928808177428,17.390520828066386
1,360,378.352307109791,128.4672016733712,-38.84106133265074
0,120,181.10653505399378,208.61575984625728,-65.09680099758967
1,360,114.90916871095757,7.992445056831975,0.16465314459603064
0,0,32.39918885526397,6.17070667234723,-3.3335924035987716
1,360,65.96180871796213,2.0923046473668765,31.71556768539672
1,360,86.5172113101244,3.415599172947854,22.63058408704717
1,360,144.54118320583376,6.397350165839812,6.621055679503755
1,360,361.9212799653274,30.6454758584343,-7.768471241182169
1,360,495.80582011560665,30.141166064291895,9.817170149880937
0,0,285.0950439097638,212.07495058886659,-59.99386685474457
0,0,177.53577868932135,220.17064874022063,-68.27086157429886
1,240,148.06189087276553,16.675678891494197,-12.775417116312994
0,0,40.2264906062835,6.828210328730304,-2.8742848966592334
1,360,129.86172444959277,1.1889515230683492,53.75967547471022
1,360,88.68766405951669,1.8721961441494772,43.51466367436477
1,360,136.23682894409038,8.14095248804276,3.6280034753524717
1,360,212.6687628810779,14.249929667744876,-0.5256370296815192
1,360,297.1731833417369,12.63557646013848,10.593308688440871
0,0,416.4721386352067,221.9823672048662,-63.769958438457365
0,0,221.59436715013305,220.62425699996655,-68.6390658269284
1,240,169.07524755129867,7.810296035801818,-3.3203508204824033
0,0,39.84619985586311,6.358365160243831,-1.8545773176634555
1,360,96.34010427603471,1.2068884249636322,54.87768569229216
1,360,80.09329941627855,2.296013236527963,36.71802220152958
1,360,125.99009775949905,8.734828796118125,-1.6020044234246313
1,360,126.87597671359633,3.4053956042131386,13.738982555294953
1,360,167.36015859893774,2.0197299429170967,45.325790980417096
1,360,251.52902039553754,4.975507477023945,30.43711555650374
0,0,373.59152534472867,198.52977333217464,-56.706392858396896
1,240,191.07543078378876,13.157447059482212,-4.776063679145892
0,0,46.692632151603505,6.245916084170734,-0.8684439681654652
1,360,101.03581706600501,1.2045463375131595,55.140055033098335
1,360,73.03563951075874,2.2720953368182077,33.51854713783156
1,360,83.50814530204359,3.2461857741594593,9.727987612036515
1,360,97.3448871464631,2.1748940825592666,15.790297172655244
1,360,100.8608563409927,1.9719284366574434,27.91744202283506
1,360,153.93145250781978,2.033016060619716,32.85653138943418
1,360,326.32329065888865,12.09483379345469,2.6282269624041703
1,240,315.67020712566494,16.096927671818765,0.5685267135970804
0,0,65.19344501304458,20.356374568327052,-6.815970244651325
1,360,117.6129660029663,1.448695135435197,54.85461595889787
1,360,76.72106577395795,2.2357666974337533,35.510903421427884
1,360,80.87961943766749,3.50082466919133,13.13509027628308
1,360,91.64103034475521,2.442886327936107,10.039835877145038
1,360,92.5965183653251,1.9214369478650877,24.35501231258337
1,360,128.30395731540736,2.657848939465412,10.96768723870467
1,360,235.52944363295603,11.1279534929733,-6.267406224542697
1,240,421.578987590445,15.465816211751683,-2.7388043734733856
0,0,89.30948653777658,18.88662929867511,-5.984609126223404
1,360,94.68278954519934,2.7106270149363674,36.40341571360112
1,360,83.18878586540714,3.1186641774906847,30.455070424592094
1,360,120.43167691875692,11.215699762079133,-7.256350636378244
1,360,92.02340126188803,3.8019138748619232,5.65188381516279
1,360,88.67345431033937,2.4115085378930625,18.017715334350072
1,360,116.75953084794801,3.9925973804385095,7.71615468224428
1,240,212.72925208858507,9.31795239367528,-1.383174845139962
0,0,182.3148795247232,43.383857797113556,-15.900710781219814
0,0,145.85799108312776,10.48962963991742,-1.0950145357819139
1,360,315.4556382126785,9.918671992045196,21.955094261655887
1,360,175.0970977946084,7.893698805476334,2.6379811373574142
1,360,132.3787375077005,6.363496951126063,0.8597464310255134
1,360,107.41736044166157,5.191349527613259,3.4981239410346774
1,360,107.04077658233093,2.860284620679714,6.668368183583553
1,360,128.10933986516687,5.400564425060274,0.6550778434638715
1,240,205.08779651263572,9.887930881588439,-2.454073348809075
0,0,86.5460842508142,39.04016343625639,-11.731281828320022
0,0,77.03929727278575,10.038534707808356,-0.5028526296823941
1,360,467.949995927751,2.8571513088107063,53.50317132036021
1,360,319.41838414001785,19.856087903306776,1.1769103516069208
1,360,162.77259180589743,8.757366621756544,3.1951315790798134
1,360,102.40963398088402,2.8598234679247994,19.697198266195997
1,360,96.98508065353249,1.3293599026177279,45.40996433199082
1,360,114.78086720223078,1.1914375515450624,42.72982775120404
1,360,162.14603652326457,5.462919767872774,7.274088709905186
0,0,81.14367591350488,78.64095866946185,-21.07141688936842
0,0,61.11714578892875,10.359827322505284,-2.159625136853876
1,360,293.8837766099581,3.1589169019368932,47.546487955470255
0,0,441.82659352551684,198.85494468374168,-56.39771760632165
1,360,378.53570186223686,20.9096748486794,-0.5935463777308314
1,360,189.87956731333398,4.23339582688771,13.02401104233563
1,360,141.13414219626225,1.6296749176432679,43.15651742391479
1,360,102.58579632808446,1.6881788227458143,35.83013865110013
1,360,159.8032700184913,6.396306480593123,4.8842207352296185
0,0,75.56925989439083,73.31019887374136,-21.07619886571331
0,0,50.013459603192636,13.588354149854613,-3.9797140250950918
1,360,146.44491550566974,4.1419007739386,36.81038567833491
0,0,268.27108630978785,216.06000347413664,-63.85303008608865
0,0,427.0507215927675,221.08696197159023,-66.10000019029201
1,360,257.4416590524297,4.5225652265404985,34.73547293240411
1,360,120.66255841974991,2.5359087801762006,35.49581245519471
1,360,111.1015680785851,3.472783242621707,11.920193519187265
1,240,171.76925048886844,6.750213243991085,3.422943875360417
0,0,87.72894526230897,84.55450003359252,-23.95560383536064
0,0,58.17853338366973,9.115597481876957,-1.8132409630268427
1,360,305.10039827728906,2.6130494383705782,50.343040561484415
0,0,300.9695159320812,213.69666328906854,-62.669147483861764
0,0,249.37705108933125,205.93819324232587,-58.87016053716284
0,0,495.14959836819753,220.80841487820305,-65.62692930999957
1,360,268.32341355526256,8.984891810438072,22.013746126217626
1,360,158.2441425573005,6.855599282811075,11.95822740397243
1,240,216.6829291692217,16.469102311227207,-7.212784454097928
0,0,77.411885171538,44.608795027967794,-12.379865771337577
0,0,53.19975921599063,7.914374873515166,-0.9410348974762002
1,360,250.76941379571733,2.3067783557553305,50.881887394302154
0,0,254.626779724371,212.4392666799584,-63.03738608217775
0,0,138.68427261192983,156.84316704191147,-41.58248646992865
0,0,174.4534930801744,165.89453975253795,-43.70744088102448
0,0,419.4130295881998,210.7651107138199,-61.198578794818516
1,240,400.46267682971927,17.42651860203974,-2.6568872693021603
1,240,299.8275894273909,10.527603899749204,2.2271116162230413
0,0,88.75670632307038,52.325842547409934,-15.071885959637811
0,0,58.277916607473216,17.784842414672394,-5.609850131432722
1,360,150.53328763195856,3.0473292158923013,43.51225419236114
0,0,222.80714401968842,210.07415047019035,-62.77481330922873
0,0,107.42057988224104,102.55435153605033,-24.87184635489845
0,0,109.75462895812129,72.00609859071278,-14.251087460782756
0,0,140.58823163293337,97.12573711113048,-22.436990814918516
0,0,166.70945751195887,12.646316536334638,-1.1975813234402892
1,240,374.3344906108494,11.416840876508846,8.099156641784191
0,0,100.99687770547519,54.2349860743051,-13.894653210703794
0,0,60.08112640963867,7.983527932817671,-0.9881677471960728
1,360,216.2393718769914,2.338562249007204,50.57745779746794
0,0,242.8380498627986,209.86000232120765,-62.37970053224959
0,0,117.75114121854068,125.86538324485366,-32.031770079296564
0,0,119.74998304817147,102.80365919840186,-23.50621430587897
0,0,124.71082357149594,73.32676788466158,-16.482574265334577
0,0,91.06448975168786,6.573628288147669,-0.7087893656670019
0,0,120.4715345000154,9.684683445182266,-1.4981219317774475
0,0,95.67882664658877,12.203571086199092,-3.989410076578949
0,0,48.097376667753394,5.741721803829953,-0.08781935455931489
1,360,119.29142815070658,3.01391955612775,36.4499884644342
0,0,199.17273193925058,204.75833527255475,-61.59020680561041
0,0,110.95784953046368,125.06936319864856,-31.980631994140843
0,0,119.50973796295793,109.62643135394016,-25.59925100635452
0,0,127.77738606767203,94.3519258516098,-21.828469794162856
0,0,91.2702505473143,11.155155188352222,-2.91833191854991
0,0,88.26061206828538,14.021206023371516,-3.228499886998023
0,0,155.41640813904067,60.9875835953578,-13.745931104401578
0,0,124.43281807582392,14.617567683084912,-3.87544580496926
1,360,183.74393705208018,5.407986638040301,31.160086972431216
0,0,234.01145472762045,209.91007755421094,-62.510544387764014
0,0,121.21846738656855,140.41802856162047,-36.89500831834761
0,0,112.21329532375536,109.28991077136374,-25.734927035755575
0,0,114.84032482842552,96.43123925732625,-23.059419196712597
0,0,69.13328076640117,7.440951484533125,-1.6545955953149871
0,0,74.82102902915334,28.411083369136644,-10.624304502017793
0,0,70.16213575679609,20.41353765600178,-7.102011689352679
1,240,317.42693342044976,11.989449108312064,7.314901953317332
1,360,513.5545960302097,21.676071019477806,15.231054286034961
0,0,363.34626784772655,216.5101607590591,-62.810947613355346
0,0,254.95820072712206,210.24838860071253,-61.15236271072939
0,0,136.03938881531369,137.34504377551042,-35.376395297905475
0,0,108.42167853369644,78.21162274728184,-18.101867702655923
0,0,65.36688103820501,8.010441746144112,-2.201489886666721
0,0,54.23042797572611,11.070819283748975,-4.125957958020791
0,0,48.291143913615485,13.624352040736767,-5.845546083742704
1,240,220.34338776384246,6.006285861285598,4.496674577174133
1,240,526.443059587188,6.690051309732048,9.57919153040963
0,0,557.0661063136796,210.05546611277794,-56.755353955426536
0,0,221.6885697952576,170.99629343654206,-45.87982932709065
0,0,134.77609846962415,97.46541988402632,-23.32351110579328
0,0,77.33852386974215,9.191753565402818,-2.6157517048325047
0,0,57.32930390630984,4.825081884990125,-1.248375951731461
0,0,46.9942733289945,4.107803897299553,-1.2895379359599133
0,0,33.76041424329917,4.342019861959428,-1.2101835483934167
1,240,125.36329308358185,3.1835466103265673,5.756041072301613
1,360,167.39197891480592,3.8229107644357305,10.150925678996032
1,360,337.77397925961697,5.897637911247138,12.255756159805074
0,0,138.9112205006655,12.011476146358932,-3.0709694331080186
0,0,73.85295231575424,5.576350260033873,-0.07959752561714595
0,0,61.357385206113115,6.179467221013241,-0.7757951579649642
0,0,51.794354374440196,5.214310151814646,-0.7994672618601584
0,0,42.42709727096235,5.9665346743022925,-1.6158800807524756
0,0,32.17377133440937,4.382203774473029,-1.1290643209382978
1,240,120.96074209933549,2.7047949216317995,6.844207530329996
1,360,149.5434003422394,4.408265673512506,3.8028494391675878
1,240,260.33185515235454,11.159078145349508,-3.925278754039681
1,240,496.044920258924,24.903550100548358,-6.348113303760357
0,0,130.51734538590787,14.755732116792618,-4.0122526000474465
0,0,69.90136673788844,6.08254482429103,-0.7584902159433682
0,0,55.612202803586754,4.237419858461415,-0.4671436836726457
0,0,43.462617863683775,6.518735768636079,-2.6121269139235466
0,0,47.88684339154964,40.83678208114614,-16.477987795204882
1,360,125.16163594108839,4.294081634286136,12.530299725471622
1,360,181.58885032981982,15.72292466551902,-6.366084023704005
1,360,243.50841901106403,17.261667772802536,-8.76090834513262
1,120,335.57136044457593,28.747762783190304,-7.86859155917459
0,0,209.52169169829835,61.236089880710566,-14.501684157062485
0,0,144.70996577902986,44.693466644557006,-8.345045489582859
0,0,86.51362911567682,37.098062377835845,-8.271894461385315
0,0,57.839330176841884,16.3772291310681,-5.231508617347188
0,0,40.34780060100541,9.718279912422878,-5.400293888490921
1,240,139.2168633066641,3.7595245963114876,5.336463598662945
1,360,182.6601985350462,9.354233654352038,-5.262245364748594
1,240,246.22954913633333,5.424938288428386,5.481074790494091
0,0,152.29929815855527,56.34356778950762,-17.125213762619538
0,0,127.5191733299287,69.50120346136904,-14.19531534993149
0,0,224.8299276046144,105.53036970531099,-24.394430745269446
0,0,109.31418908194509,12.030261578347774,-2.683143225609115
0,0,61.61438498560996,22.418978180677556,-4.675927509298191
0,0,55.31330495232333,66.28316221887167,-18.913984668765494
1,240,158.18660072497173,6.489879879519861,7.028976755554751
1,360,173.48287708969855,11.596198614816986,-0.5740802994384495
1,240,236.67338795603771,8.047404357760128,-0.26782245529446413
0,0,131.53120843909736,35.50718825286077,-13.130065390696288
0,0,109.66040364087999,71.83895733937779,-16.97626444639154
0,0,147.4554230855792,94.82159774939385,-23.402030628981336
1,240,1244.9071586038579,4.27550466861116,45.755788406931046
0,0,125.55950891805368,46.06362999269469,-10.613889833094262
0,0,75.3992360228023,96.71611795096487,-26.261700038796405
1,240,181.98104394153754,27.1265283823232,-5.320500932928155
1,360,217.88894974798353,25.611815755583443,-6.873755541124041
1,240,253.85044110238425,18.697782282054003,-9.049972210242018
1,0,211.28073054899235,22.82304726365583,-6.370924123518279
0,0,105.95431741128613,97.94441952129137,-23.286211690303077
0,0,119.66117636683505,101.53070432413571,-25.92065265624931
1,240,661.8631595332894,4.289244945068986,47.164183477562986
0,0,417.5784925887056,158.17787126275738,-42.253617035116015
0,0,73.08462261901182,9.070791663621097,-3.930176977323356
1,240,153.30198385818366,3.4703260925953994,7.518460911008901
1,360,150.70055117333195,4.7608480892239,2.3485473956246494
1,240,232.56204897547426,4.5885908399092346,1.0576409924278636
1,120,342.7400570419122,3.486785906875015,15.231202236684311
0,0,104.43896980755272,71.51961221518009,-17.300741356212
0,0,113.29474395699691,103.23789723753823,-27.179823645161598
1,240,782.4234553704076,3.1738001333146784,46.526896623413265
0,0,201.21712205144578,123.71630672256988,-31.403809400007333
0,0,153.8613503228077,25.96168179205356,-6.779680063947723
1,240,392.46449816871825,20.020926098221928,-4.030434678061596
1,240,326.6468217650083,17.086242016007432,-8.852537352642983
1,240,350.4896812869083,6.84133513321386,6.010907201605292
0,0,137.56061983334547,53.694959051720424,-16.906167542312616
0,0,88.47301579412158,31.486102281097143,-6.992755418763224
0,0,112.92310261911925,99.597544755922,-25.649374572771876
1,240,1132.6335667855878,2.7190394429072544,49.85423275185586
0,0,194.90774402342618,123.33986168230771,-30.928243173495133
0,0,118.81255903662759,43.41595619473938,-9.336505062457263
0,0,210.07978852438404,125.41516820303039,-31.197148762631294
1,360,328.9400837028431,9.95665978865061,3.4722642811098865
1,240,305.84900890048226,7.523130529871704,0.22407646611506493
1,120,353.3121784461973,7.730778320158429,5.759285418683689
0,0,111.02628531489411,66.70331479382271,-16.535815363291704
0,0,116.45477225450294,101.61274800173801,-25.946073748177824
1,240,1130.637422937851,2.671962154036679,49.99179515203606
0,0,183.2053835906389,109.8252594849827,-27.889289280384595
0,0,87.77678342866584,10.719245808898627,-2.1411788612516176
0,0,132.25084409707532,103.15653942313305,-23.828001684252413
0,0,233.2911842503733,119.3224649325834,-28.190173345586302
1,240,525.4439900901823,17.371423933375308,-1.6853217748128628
0,0,148.93376979476548,15.52718833357303,-6.101310484845982
0,0,97.64822873261086,37.15113375006873,-9.572333113561314
0,0,119.53482466014934,87.82568484444879,-22.62153283021749
1,240,936.1950014387417,2.890442521806016,49.97254043181418
0,0,243.03779121142614,158.12256903023066,-44.055188314406195
0,0,96.04212464549994,18.914607102408684,-6.74002400597152
0,0,136.47410398200878,123.05470142377764,-31.264117567266915
0,0,161.09485516589336,121.36960052493541,-29.23393347300415
0,0,213.22230261169545,56.04598257769054,-12.709542089692164
0,0,182.86643544512455,106.24763821726003,-21.813965346575287
0,0,108.51499696626747,60.90313578675923,-12.003806924413368
0,0,120.32712445233288,102.33112833402767,-26.145844112455805
1,240,910.0490629524512,2.712682799624616,52.324258274765796
0,0,170.4134012265192,103.07630786829371,-26.75699125723734
0,0,95.41477583878057,21.10462063304554,-4.9505714700482315
0,0,124.16475430334975,109.00308278232274,-26.319273977198627
0,0,148.11632662509865,117.77387968842103,-29.83477691184916
0,0,108.3413738961438,10.909619773584929,-3.407012913336189
0,0,145.19130615383534,26.20817922019999,-6.825676864038712
0,0,189.65662105320587,99.14735859254914,-21.613159327751887
0,0,146.7674603747105,110.82320487603634,-28.13888730978124
1,240,1118.2497410957972,2.862563085294137,50.34911710601109
0,0,172.25599816352042,103.97587881804068,-25.634135655889345
0,0,100.29409876630592,19.039248299262393,-6.1366231344735525
0,0,117.10355754761588,102.49552613257413,-24.68369011659405
0,0,126.1170049330453,103.4121281484478,-23.722084871176733
0,0,127.34807820082342,86.28182844654033,-18.67227029539822
0,0,108.65820539176188,30.54498968044172,-6.073310824457451
0,0,191.83877828287388,108.45182204253028,-25.440050823707622
0,0,190.6088839651671,120.91932772621134,-31.15268430855138
1,240,435.35873740136714,5.205112365360463,27.105076710992677
0,0,163.0690524046095,120.90499679519755,-32.28017921954669
0,0,107.96136654718289,37.898865417389366,-10.4122383819889
0,0,127.87340248213712,115.4841939911124,-28.493657115055072
0,0,135.0947664066995,107.8385737089422,-26.251628826737424
0,0,97.36786533679611,18.782511655544027,-5.232116271799853
0,0,76.5903780249425,8.228446070707545,-1.08924974440923
0,0,129.67767220576096,104.84709112948936,-24.622390992199392
0,0,256.3720566001936,142.3223313382664,-36.06939613943709
1,240,846.9856633087091,6.195575079178538,36.60284262101456
0,0,215.290249053201,108.09248748413343,-28.266827633802258
0,0,160.75956856723525,23.47476710789361,-8.661025804969512
0,0,142.12126348773708,112.72900211249075,-28.676392018851338
0,0,138.2325080134336,101.26788876660697,-24.48683649368887
0,0,102.10875231940437,9.521127633955437,-2.623915410305287
0,0,88.38404473993866,19.746353401571806,-5.81487274376245
0,0,128.31575815217928,115.58586779537791,-28.23025740365525
0,0,153.12350895507404,112.46499531888277,-26.429861803632193
0,0,170.45139969420362,25.975983844616934,-5.706630991911354
0,0,248.06762298604158,127.70953220930471,-28.947020176262008
0,0,125.93868873475297,47.93931061518237,-8.82308460551981
0,0,143.33230594036056,114.44332078353085,-26.791278820223027
0,0,139.69095994016578,94.0918754057074,-21.91227326911323
0,0,145.6699372106884,24.21433519826521,-9.63058339778911
0,0,110.09457467677294,37.0720537234393,-10.797153132066768
0,0,127.66367406607824,113.83269316931708,-27.486324551086653
0,0,130.681695560278,96.33111045015745,-21.26969717924942
0,0,141.78251939127355,64.36748133276595,-14.810721359833451
0,0,186.5738820017238,68.96916133032151,-14.18486369334562
0,0,176.39881737820076,44.24919695371099,-7.970661655367294
0,0,157.91931914052566,120.89314941091865,-28.504943636019384
0,0,145.62865128607424,106.32648360647991,-24.91978236528621
0,0,138.5306803569608,44.53107950812003,-13.47670847815968
0,0,101.2211389483752,29.623983700881197,-7.255938488140785
0,0,119.34594325544833,102.5185278183222,-24.090994531366533
0,0,135.1294660813958,96.68287885454804,-23.076105916377998
0,0,123.52577470073415,35.501827690504236,-10.897484808129676
0,0,111.74927644615208,25.773625323012308,-7.867471361400973
0,0,128.63779289859303,15.390824290757797,-3.284900788109013
0,0,201.17093894961218,116.95588314145728,-24.28073595519963
0,0,138.94500195463317,99.07574003554325,-20.869707314793672
0,0,133.18143246541703,87.04743948446834,-19.300304950012134
0,0,91.49987941385649,17.601457034984247,-3.6195810087825038
0,0,118.4475492929013,111.45596782248599,-27.37055316797425
0,0,120.98585146864366,108.41266286378028,-25.491484810162035
0,0,107.69928821353253,69.37726437184082,-15.394999609903593
0,0,71.16965628532286,12.156900802988922,-3.092966524294553
0,0,71.28708084603558,13.311881792638749,-4.602279789634991
1,240,354.2357951386363,12.053261459192683,6.743336891187326
0,0,131.84902617179432,19.109356152331433,-3.1322421377438587
0,0,109.04552449837688,41.038866257471916,-9.649732438975747
0,0,94.8895932581966,11.919619210328177,-3.1126756643679983
0,0,130.73321794560783,122.55402128987059,-32.54590915367369
0,0,118.01850215539538,96.90534399724756,-23.42688105411952
0,0,81.21273518114613,18.637420905996855,-6.3281928056164105
0,0,75.15409376036928,39.991325737652964,-11.239134561177664
0,0,54.95617943719922,10.588136741605638,-4.329590891037014
1,240,228.61773547905818,4.67963602074812,8.672338593153455
0,0,144.23965538902655,29.247663198936404,-7.064796817090681
0,0,169.22487218583524,31.77354754701556,-5.7758771797565345
0,0,111.7094188648936,36.940822825183666,-8.43264284189857
0,0,116.43249689978938,103.26170030028504,-24.476770565581653
0,0,119.9918718618499,112.37044005264225,-28.033387928894783
0,0,85.10362750245395,31.621109036743313,-8.269796732535667
0,0,78.37279749604195,52.598960492120874,-13.387219471113056
0,0,48.11273702685614,6.293781213266437,-1.8645005790730949
1,240,178.19064010972508,2.198614570986952,16.62544688449674
0,0,65.73517257083184,8.367722324755867,-3.2638812279985103
1,240,311.17845269803894,12.389564550939495,3.033400383538762
0,0,129.81392029141102,19.539202862103004,-4.117630450043379
0,0,120.65896488924395,98.38966025003226,-23.892703673582005
0,0,121.41905893957444,106.11140412747162,-27.23802108987178
0,0,85.59783430351892,36.253656487976166,-9.336182741399767
0,0,51.28007141398706,7.431220349198013,-2.0009322135761636
0,0,38.87339033809103,6.319029100985106,-2.8074270550106064
1,240,143.0643441924118,3.7596976414010275,4.457372543966002
0,0,47.86978262369014,7.828981295665814,-3.315896449146763
1,360,172.9899625992887,2.3188441333154195,22.821598943254983
1,360,341.4336216580345,5.701024396370077,11.055316294730957
0,0,216.60350874422258,132.6564540814592,-30.092036671301166
0,0,131.76238467760817,114.89735500042025,-26.68606477273174
0,0,111.56759343852137,73.69902554961493,-17.50199122698342
0,0,81.74327404931391,40.88254720542641,-10.296995394052729
0,0,50.54267215253014,7.502315484290294,-2.7090187373891865
1,240,242.62112304966945,2.175031706424481,18.335101180905497
0,0,55.37645813354943,13.661334506287435,-7.485272562528948
1,240,197.6725406455691,2.3880944317751487,14.771593544494309
1,240,266.032464173337,3.3794929878766804,8.046433371099766
0,0,141.15492119126986,10.314276981699905,-2.058754497711206
0,0,201.5889447662575,100.69709175511512,-21.60989384556278
0,0,90.6459681443863,26.01105672263453,-4.819598157715632
0,0,80.28434600812983,55.69112778891285,-13.245313662584223
0,0,49.8054882761824,12.430003406023083,-4.707488553174528
1,240,205.3171703178644,4.155694746265149,6.5509587754248315
0,0,57.86629865972411,15.24566675979406,-6.933670270156981
1,240,377.24840174490186,2.699153696835381,15.112873420918945
1,240,595.3580418773962,3.020307333989732,14.444432387178594
0,0,110.82494558203524,9.00724102369728,-2.795712533953548
0,0,138.23141975182926,12.194903941271113,-2.513697460495081
0,0,122.19532954521092,13.810665875786356,-3.752493531411872
0,0,63.6708933442117,10.986945434352217,-2.903452310387223
0,0,46.56853915454969,5.1583103242203165,-0.8697385363472279
1,240,151.8904518770797,2.1274249040921718,19.53637591035806
0,0,53.07041478989302,11.600534894635702,-6.211454459331506
1,240,240.1938915739187,1.936815173931856,19.333958286247167
1,240,401.1369455820668,2.3731561508512784,13.23547479186361
0,0,86.5213603074909,6.262868637010395,-1.6841910091357306
0,0,82.11875264295266,11.181779314723032,-2.4305756153220415
0,0,109.39966296211827,8.517140329606004,-0.46358230018483937
0,0,84.4524389649648,7.967971472564805,-2.8189355019489426
0,0,41.845336423011744,5.10357979476647,-1.1843555921792017
1,240,152.59737981361545,3.114462588569564,8.975605720599972
0,0,57.90265906697285,27.480482524428858,-12.10811213220154
1,240,185.37889140776414,4.547361437245793,6.191650055587161
1,240,318.76195834355786,4.152388614919495,9.25796953487476
0,0,96.92556634704586,24.736179626513266,-6.997384160507011
0,0,89.42709814345254,20.902902852059288,-4.285004906066575
0,0,81.25775066896678,6.547105687579065,-0.2008166629965018
0,0,118.965414447802,12.452511450759522,-1.903036439275681
0,0,82.29883726635201,8.621286851187492,-3.287912640613527
1,240,192.7889893682686,2.359110394535256,14.452781030963052
0,0,48.582701667078894,8.682668899976164,-4.266268013117397
1,240,199.99167146862337,2.270031204452889,12.351057513790252
1,240,327.2135793396951,2.411977361486366,9.994996262490005
0,0,77.23987748973326,5.87933619330259,-0.8520637177022792
0,0,97.70996490653965,46.335426748299575,-12.30690496540349
0,0,82.45104085416968,9.363750006212257,-2.6152867170774243
0,0,77.88389030226887,7.133866616209963,-0.8510809026744823
0,0,128.534498734649,28.59327209803611,-6.499376990860242
1,240,391.05733057008996,7.545408449456472,13.049437418215902
0,0,98.06359324765403,43.85127356595966,-13.335959855066804
1,240,613.7638557356116,2.1096346505778545,32.825778790177495
1,240,879.5177022661242,2.313573816116398,26.379463319184026
0,0,108.98365229174753,11.902008770290214,-5.397440554539273
0,0,77.39799850002446,6.268379457554201,-0.9743132256752745
0,0,71.96647349677019,4.7486018213487755,-0.3074943651259474
0,0,69.7972847178871,5.820536058470492,-1.069746678454507
0,0,77.54501584113399,6.515137242980069,-1.3455953802063618
0,0,121.89347298271073,15.27197863791986,-3.8069974938401856
0,0,141.40695577719697,16.894187686488152,-5.562564047111735
1,240,482.3454750855546,2.502625463632174,24.015254214266292
1,240,567.4021883104094,3.2725578909279025,18.080129372566574
0,0,115.23895732130217,24.477547834487034,-7.967274642287649
0,0,83.3839361103914,8.479712955428774,-1.4497632052487006
0,0,77.5304206659718,7.592473104004996,-1.292380702008046
0,0,75.11272848334647,7.302718915731493,-1.36463345840599
0,0,91.25335982033049,24.24103513056834,-6.707844739739002
0,0,127.31275504291631,64.11530748421166,-13.611914235853888
0,0,173.10163411037436,41.01234862038697,-8.389768857299117
1,240,757.9495401506986,4.374465703441692,32.602193655306735
0,0,187.88577002968157,28.671108546394947,-9.783442838321221
0,0,124.54730092938743,46.89412729887778,-12.121919098156468
0,0,131.04775955743347,17.939706714778712,-8.578781095789012
0,0,90.18768531232249,10.664130383847969,-2.869222870870928
0,0,107.96799814133426,51.26786246776936,-12.52819158125763
0,0,89.41147138697791,13.951268733650185,-3.2771545148254546
0,0,91.87506893800658,21.82803845002781,-4.85561885687936
0,0,108.03415537803063,32.77240621906328,-7.07299751022579
0,0,135.11554540170712,12.595907396248517,-1.8323265967923277
0,0,170.64735479933273,11.28625523112946,-1.3200527573873018
0,0,96.40043477872459,7.057461907275141,0.30845060785576095
0,0,84.76812551868665,7.801315740177252,-0.9874174260458233
0,0,81.50849861226793,9.791429027300257,-2.2074343323993304
0,0,89.0129749268018,20.302059617823573,-5.027204622457134
0,0,101.3481254743301,34.781407817654696,-9.690445287304414
0,0,103.78322417459546,33.1393394197231,-9.503884802432239
0,0,81.71351689607059,6.418130467035578,-1.0329333865264374
0,0,89.23000376445638,15.472100884521202,-4.656191949465935
0,0,120.63922881160715,16.106388974132898,-2.990658650272536
0,0,139.09237071355244,12.47579199404431,-1.6684659686910663
0,0,102.80141949450011,19.385930486575294,-4.025795368414279
0,0,104.72446843781287,27.214775512053254,-7.255626734986819
0,0,91.33436162547338,12.737526414585993,-3.1031381314370066
0,0,108.8767305891224,53.74317162467257,-12.525967037565692
0,0,105.91376833046658,37.13057951299255,-8.193010345525664
0,0,116.5259853732361,61.83379438836782,-14.073858434722823
0,0,97.67659155067362,20.458797407399953,-5.222869356215796
0,0,92.80977229553966,11.322740445862205,-3.472248581793778
0,0,125.29000546616545,16.17619540837583,-3.5990158685235656
0,0,154.64298288405718,11.402348406663112,-1.1884770745538162
0,0,110.44565240475215,20.73077104351357,-5.429519425688312
0,0,95.69920887955315,14.585705727771787,-4.310711331390252
0,0,85.85617173790442,13.38035259855042,-3.0409195994357106
0,0,107.02589233768008,53.378422356824665,-13.32911185358283
0,0,112.9037633035257,45.84833031550206,-12.741663232455295
0,0,102.45324379746575,34.26239347754639,-9.055895520167581
0,0,119.94516730133087,78.76889020475865,-17.35108684860336
0,0,112.11591858228486,30.131612711917093,-6.188194503673785
0,0,144.18855243785669,22.281218947727105,-4.3174747896460275
0,0,165.53690097753008,39.471567777446715,-8.205158150627227
0,0,92.7935277238834,9.739649063271445,-0.4011946817271479
0,0,123.09750975125635,68.95296773925658,-18.260497218512498
0,0,115.10506713579481,49.09177376493746,-12.95133572233587
0,0,182.5940526344082,30.294133411187197,-11.938888293061524
0,0,127.7800727135077,60.2570851433167,-14.881489325786177
0,0,124.41775245423902,66.55820058053459,-15.522184328822604
0,0,100.29542508513619,23.374656349756304,-5.092826019393371
0,0,124.16863123531516,59.231820738179366,-13.561003360623943
0,0,140.88881855689516,15.093265250036394,-2.8502957556583084
0,0,187.9024567076146,80.9807917958998,-16.507551505315064
0,0,111.79562958886137,20.904992929907394,-4.533112861066243
0,0,104.23345840521061,33.775120164240136,-8.508715895420664
0,0,97.97671369624192,31.64809594864734,-7.763134449902225
0,0,121.88066323674313,95.05232212890937,-22.481238626976165
0,0,121.40203217989009,79.292803052017,-17.304519381722045
0,0,125.3843668161073,90.34652809802901,-19.70138330853092
0,0,124.36819120700862,79.82693887071895,-17.17596083534484
0,0,146.15385087074577,102.11214304460202,-22.778397506185442
0,0,227.04519746080572,117.5559917801108,-27.245349930966114
0,0,146.16146870197608,14.825167643438153,-2.2271381885210246
0,0,118.04725039944303,37.110617284149676,-8.791412598656478
0,0,89.42381635455199,7.173439117781384,-0.7100997857040596
0,0,78.36054888496408,5.507063186672455,-0.6481982908084944
0,0,73.47333039277818,9.549529589929344,-2.048477211533509
0,0,100.50693326236049,65.25190553527517,-15.45663162325927
0,0,119.56808465543158,104.39502786684012,-23.984829372558032
0,0,141.00606740870302,119.53760938810511,-28.02916076748493
0,0,167.12686251751015,110.7476877282257,-26.149146582307253
0,0,179.6243454210172,18.05994214304242,-3.4149229891243778
0,0,191.95150404738874,81.22238169238042,-14.915776888771859
0,0,148.2972387807596,84.95766486009246,-18.745394903836953
0,0,101.34237809273225,7.522157235847878,0.7084880278773795
0,0,100.023495716755,42.69113957781558,-10.745898799972267
0,0,116.22649804693698,97.80568744554287,-22.501127421409535
0,0,135.06283273024752,128.90299192921685,-31.97638369692394
0,0,133.60380266453805,119.06405333874152,-28.19778223612404
0,0,141.69736292073497,110.54936497006526,-25.777631933898633
0,0,120.18975409690336,27.613465983643486,-6.516185241416181
0,0,252.17093603727315,131.95511203490886,-33.6075396059517
0,0,150.51256531724283,12.939926448963075,-2.369683355213084
0,0,91.79592624643774,10.98231946757787,-1.6261309471713759
0,0,85.62625380187359,18.99507329465758,-3.8261888066409284
0,0,108.49807223110852,99.73951843772852,-23.280288380377513
0,0,119.37818300547653,121.76865739186516,-29.792441890329464
0,0,131.19500361971058,125.3801386426884,-32.26474479644896
0,0,126.25771942569645,109.84810233925353,-27.631723051730376
0,0,80.6755590507978,11.376568974966665,-3.9965011398439856
0,0,127.83942831517705,108.39488817755564,-31.62885818951625
1,240,584.3955292946756,8.67679484267335,18.279545712076484
0,0,153.79843519880757,40.585889713828614,-6.970589241120294
0,0,116.67687964631105,62.02979965088321,-11.847634446126278
0,0,124.81588616054701,103.85248119945756,-23.814041483696364
0,0,119.7303376590017,106.63124511322279,-24.2266969805264
0,0,119.49560189816005,111.86025890855176,-26.73506285742372
0,0,118.02451026633594,83.53800745776589,-21.780650030713872
0,0,60.88327156852386,8.892232594956985,-2.9172592763421648
0,0,89.37921463286216,107.66083406630835,-33.064846056251
1,240,382.08030594023035,3.9626648665931077,20.346532530363802
1,240,577.3710273599125,6.96610538064282,11.742737283201564
0,0,147.73120671380906,28.824651657395208,-5.00462101262498
0,0,123.89129456708747,98.15536938189166,-21.511221330353237
0,0,130.03181066950236,128.59127793553884,-31.57087738682833
0,0,132.39583228373513,139.52232010461526,-36.03697909537526
0,0,105.0280934254201,104.74559059592627,-25.917413593819013
0,0,62.19925758158543,22.118766834776714,-6.711855259126608
0,0,72.49227956056498,103.49555799166957,-31.09544854306195
1,240,235.6643200555423,6.7936216159827865,6.3229139852666805
1,240,315.5105500794635,8.353516834511039,7.4777216429214235
0,0,237.3126509601128,113.52770785458357,-30.15275456100197
0,0,191.80486079620567,124.05308721119997,-27.024528302867054
0,0,151.57727059225948,132.88730841400155,-33.82314597366135
0,0,170.379064305691,165.07329437990356,-44.137081640794484
0,0,117.19800958602475,115.36907004857049,-27.536183919915892
0,0,91.3482086207826,67.35505810180145,-14.778610784973836
0,0,99.47797057941096,106.4089315823879,-29.07440568534799
1,240,505.89504810508845,6.706486306593346,14.62001810424043
0,0,308.753103007979,26.23386299202947,-6.160057460539434
0,0,185.16303018412253,134.67218435899514,-33.70227029314655
0,0,245.32692682401114,124.99071273896891,-29.948598516761265
0,0,284.4754149588001,128.56755428853063,-27.799298297920544
0,0,207.46580682290744,164.4173492573908,-42.34639794411057
0,0,129.93500073095078,121.1694151067238,-29.317013046563083
0,0,79.3870459752163,40.238503614287076,-9.225198618584031
0,0,84.84576618252035,107.15118717355037,-30.24815102611887
1,240,418.43032935949253,4.411541121504603,16.518119256300523
1,240,632.5109756394842,5.033510295889376,18.05071889705752
0,0,150.15537745379766,100.31167273638943,-24.17548492004601
0,0,140.13930104903173,105.48487892630958,-23.315009227407707
0,0,184.13325130496978,69.68420620158932,-14.11733478982319
0,0,255.736013036698,141.35048484676682,-32.04288751380449
0,0,145.8530372256164,124.93708545656571,-30.279923428065693
0,0,81.03388052008083,35.61764110604958,-9.361122993717913
0,0,97.92138239529692,110.66231580921415,-33.478072219871365
1,240,378.99322517838937,4.260162540607398,16.99058908708001
1,240,572.8361959104486,4.854527977436508,18.18713996365706
0,0,145.8393999473872,106.23735026930304,-25.644840942159803
0,0,135.02044720797068,103.83703122849056,-23.269635933624677
0,0,133.52899601529896,55.80523737588427,-11.335788606813992
0,0,246.79100143569903,130.49471435867258,-32.40896497584968
0,0,198.7529576974982,117.63771779475863,-27.713323118795863
0,0,81.52897720172852,12.70874633140209,-4.713628505122344
0,0,93.73601895352245,118.63554767201065,-35.00480139022042
1,240,453.508038930596,4.49633908131434,18.77299283135237
1,120,437.97763895218,17.493657389426453,3.9103778575307757
0,0,136.564282326409,100.07446514475784,-24.540014184224844
0,0,95.4337637365644,27.324663430556004,-5.085840635163578
0,0,111.59773601774955,72.00376665584253,-15.529698108228615
0,0,153.10208380473884,115.24238028664114,-27.013009288025202
0,0,249.28194155953642,114.1031109789151,-26.312605630074586
0,0,103.29863035103537,23.406745722866372,-6.079815369076869
0,0,83.80170953783998,103.27881800176296,-29.983567709524287
1,240,261.39957581889985,4.547701661489634,18.314557176453604
1,240,330.89591652698624,20.158905529356723,-1.2968826289095432
0,0,119.0584948231471,105.97487403356655,-26.559445436651295
0,0,110.49974807533391,90.83436454111818,-19.83526279433279
0,0,113.81766499393439,92.23727244220952,-19.866110504721206
0,0,124.23843868280939,112.02545086448437,-25.654912154218785
0,0,155.58482795836866,120.60071178288636,-28.674859672840263
0,0,232.94631868238545,115.91506047116393,-26.76017748015002
0,0,244.26294705673072,133.7326672927246,-36.0669126821088
1,240,289.1607212471791,11.011046306118839,10.344318313496885
0,0,220.9137275329768,72.22875144333995,-21.995458521707405
0,0,131.553007679359,114.41643494620324,-28.01532209781942
0,0,124.22078843991422,92.04538235887692,-20.6678867772319
0,0,102.53616706450379,39.0464192305755,-8.676793117028268
0,0,119.65827433589017,106.99729391133894,-24.827302641542104
0,0,135.37837191521047,122.03227432639265,-28.68836016959299
0,0,155.74185503902632,124.80768112029823,-29.00096403980352
0,0,243.17824497473458,123.92888099600549,-29.298624894430212
1,240,558.49395088279,8.51886942682404,17.450990372034354
0,0,204.0049762163304,125.60495737909598,-34.50195412075937
0,0,134.18468496796433,111.06400061513081,-26.30139308443494
0,0,122.93636768140732,73.98462620451369,-16.653679191301975
0,0,81.53270109690583,9.15637746365596,-1.2183789575767747
0,0,103.5329580137754,92.78111863986032,-21.891169165774528
0,0,112.28411168044526,115.02826101610883,-27.171142112416113
0,0,109.70093004958278,112.18413794946314,-26.062859650028592
0,0,129.4932912162362,104.37807621645204,-27.267014133191623
1,240,710.3393645999323,7.382602124262827,22.720474674427734
0,0,223.21589961269697,125.81740169950476,-27.632151051823122
0,0,157.23839612190994,114.61031042300121,-27.616769468243014
0,0,93.82839082521889,18.65179334978309,-3.75700074226512
0,0,97.7586532772749,61.61388498852919,-13.928697711908413
0,0,103.81732303819771,105.33937485394097,-24.935739899608407
0,0,117.91815536662973,139.15508729003247,-36.25884694592326
0,0,93.92107443852073,119.12887102067687,-29.396319878563723
0,0,101.03989804702124,128.88852382556365,-36.48831840305723
1,240,269.5859783932159,14.765123930335465,8.573560398908668
0,0,329.453969901253,161.7067457061954,-44.75964740533439
0,0,297.80367223662705,151.8576491207899,-36.10656345613324
0,0,166.698257486281,87.87755054137725,-20.894135023790867
0,0,121.33538749268344,66.92499299874868,-13.528158316469373
0,0,128.7691097988485,112.25006023212651,-26.27771569658799
0,0,127.07820065900871,121.18500946994283,-28.82345496430019
0,0,120.1629556548968,117.95914938699813,-28.308560284821056
0,0,122.21463485262935,101.37002462607897,-25.32945771332229
1,240,1019.7299621868793,3.369259638239984,45.234970417526355
0,0,218.93089221777632,131.34118505773625,-31.80203442457448
0,0,251.5029474612672,136.2996294316026,-33.79111994202994
0,0,181.31107155531535,32.71802448714323,-7.092706650299249
0,0,112.19239163210558,31.466566009397756,-6.113896857943814
0,0,118.11753396138914,102.95467183518534,-23.834411117740103
0,0,108.68839331522358,109.51854868283745,-25.218690232528807
0,0,95.81363505282478,110.55869992915886,-26.126309342790513
0,0,95.07929652713003,108.37356866154371,-29.54545941705517
1,240,367.2449650452279,5.148564749660003,26.618963716762877
0,0,162.0770339359152,144.61712852129682,-38.179389041117915
0,0,176.498733396748,157.137900506751,-40.6520301201502
0,0,293.9080357748879,165.13343375287323,-43.83846174892293
0,0,178.2795714877037,98.61900568354092,-19.294767368565218
0,0,144.229033502326,129.46939941624703,-31.318008591290805
0,0,138.63219475973943,143.1988211865267,-36.27966571586679
0,0,109.44264929548919,116.45827134290582,-27.59254783336454
0,0,117.04623110039627,120.44218352938485,-32.29739433438832
1,240,581.8431930786608,4.0468455495254245,44.008110793640654
0,0,250.86089578683104,189.28277799850065,-53.35845988598477
0,0,141.08155422144483,140.6353244616974,-35.64021244149452
0,0,182.430359951424,163.4076286781843,-42.594030343451635
0,0,373.6336954818963,197.13256170542581,-55.541495494852015
0,0,221.33619975662324,136.32781479919845,-30.34136521915793
0,0,139.40118761589696,124.53954470828226,-28.52503322061972
0,0,121.30353316864012,117.79417401944356,-27.387815838381748
0,0,128.57020731854098,119.61768211146722,-31.94335899840945
1,240,938.7848826801057,3.5000496889011483,44.32920597433322
0,0,226.71667848899952,162.6079555080029,-45.17514038426079
0,0,130.52563204458247,122.46230333138242,-29.918876288098225
0,0,125.12557593938668,109.59497550183586,-24.72118503829946
0,0,156.96379144375146,136.1247559751715,-33.01022584688391
0,0,246.42949453401167,141.28305366506976,-35.75027187275185
0,0,281.8260420830661,166.5603468658642,-40.49301487581498
0,0,130.0094332902634,123.47478180260266,-28.988425222271538
0,0,120.25060605827863,117.3300395645248,-31.171474041018186
1,240,529.5700886187545,3.6789733480016302,47.389998440077434
0,0,204.70851467141102,177.4535293864589,-49.421495748892305
0,0,126.36447108744589,133.02345586843876,-33.646894478677446
0,0,123.5828630907278,124.78684531833059,-30.24420919810418
0,0,143.96794140575454,142.9031780504994,-35.98598896086889
0,0,190.23812683984295,167.83135966434057,-44.1926793812376
0,0,294.37174857891495,167.8103217132201,-44.63896987301068
0,0,222.82546309002794,152.1000259550441,-37.04697477103189
0,0,145.5154380710491,155.21886972039823,-44.39413532612776
1,240,338.7400834988582,5.199377285600227,31.218601454247136
0,0,182.7055654406766,170.96342975998047,-48.43303217666712
0,0,114.50490219706687,116.01783165654484,-28.270743042058136
0,0,112.13853401874978,112.88085222433598,-26.720991693880663
0,0,130.27505981018618,140.9768121377436,-36.25441371039467
0,0,138.3007397488132,135.30589307469558,-35.1929893322354
0,0,159.6647887293407,143.5326416339902,-36.24590654805734
0,0,231.43358970813745,136.00134391736316,-33.557172977753275
0,0,266.3008340193874,137.57738534824867,-37.01642296194216
1,240,295.5585885469005,8.622506063265552,24.838906047072996
0,0,193.7369559141044,180.5365783125353,-50.810194889330184
0,0,116.73725549323444,134.35984947863338,-34.25319623969293
0,0,107.31541526866457,127.86826261195908,-31.86341280824557
0,0,106.1083631085903,135.7988337838939,-35.43885689168784
0,0,114.93277038450142,137.09905713495556,-37.54862258344289
0,0,150.81776601696467,110.12098203674861,-30.92253650559183
1,120,502.93819598189856,24.288787453217143,2.0842546963769877
1,240,1374.2648252176548,4.518099896146533,44.524067547423996
1,240,795.5464393031184,7.566711721340051,33.7570541524791
0,0,296.8113590304149,180.26237742593415,-49.23678200516105
0,0,157.88200083634396,160.3152664518521,-42.59063540444434
0,0,103.83694575525072,119.39975088548138,-28.838841831832063
0,0,96.85324229459162,131.68307703208814,-33.45891789473296
0,0,110.09534552874266,161.7119438272684,-46.40323116890712
1,120,319.61370442587776,26.861897092225206,-3.4887345112922077
1,240,652.582101817721,3.0034691668872244,22.677727504670585
1,240,1247.1930521037466,1.8350481915412111,46.1591018770453
0,0,192.0759966405004,8.917026549533341,0.8872705357554338
0,0,263.3359332947489,153.02325557528582,-35.86082799547485
0,0,159.85720698425575,139.23947012211764,-33.46996135391621
0,0,122.72671861775707,123.50910384090972,-29.251444489144475
0,0,114.14449489304221,132.12431087583525,-33.497686248813096
0,0,111.4190684016475,145.07291710404837,-38.70707088386187
0,0,146.0303218425963,87.66705551637084,-24.926292193857385
1,240,629.6453107698901,2.986706580104138,27.14197983010071
1,240,1062.6626986737813,2.0081041104999056,37.75342311725943
0,0,118.07154357254795,9.43337685259173,-1.9182753561582047
0,0,171.59858612998153,75.70578184868731,-17.41439915861946
0,0,259.4320441825102,161.61823325570225,-39.29770572790208
0,0,148.8037792133403,147.83212308727641,-37.098012461104126
0,0,113.13786424509814,131.4802059179888,-32.59362852203919
0,0,90.17323750591922,114.46340574578794,-27.85905450840061
0,0,107.65631321621998,77.567633303237,-22.360310106943743
1,240,422.0501141766516,3.610842766333799,15.402740446696214
1,240,1335.839668295875,1.6066163774459734,49.41676381754998
0,0,127.18622195929655,21.640592038251377,-8.75233777537413
0,0,84.89480597106534,8.633934710013568,-1.2035204852211336
0,0,192.76058120597233,115.71082485028293,-29.7451241022979
0,0,338.6246144082158,191.16132119738475,-49.721381147210934
0,0,167.98088714756412,172.95888736533166,-45.99459675936821
0,0,120.44113119144451,157.74033386066216,-42.55794887884264
0,0,123.94622910598922,108.16176688665645,-32.102157600722414
1,240,548.2942189962356,3.5222601502306725,20.718237401035864
1,240,1123.767136741268,1.9249759117171361,46.43234559057832
0,0,127.94462693692864,33.364194254193684,-11.474920340667609
0,0,102.19726426322296,36.10602262989015,-8.58760001128033
0,0,144.42590682818374,109.50161869128716,-26.53800844435157
0,0,150.7729659142532,23.114524683212128,-5.101898564569268
0,0,179.18067476820318,155.56499238773452,-37.97050386004994
0,0,112.5825334172568,163.8275646647573,-45.60125410622945
1,120,168.26088778951075,59.416729456126404,-19.00894784983788
1,240,246.2796998585994,9.068729561771821,-0.4949214180871593
1,240,349.06607640363137,2.835706352029825,18.208296906513382
0,0,92.21249238366903,19.203072138607048,-6.918267550769812
0,0,70.92771079135254,8.371082151970242,-0.45296155714258646
0,0,117.62133201404956,97.68158952453742,-23.684315183979685
0,0,109.61738329933394,28.756328853541863,-6.064935760914167
0,0,124.43745452370068,10.550416070666476,-1.1424855584145917
0,0,297.45161960762726,185.79908389072216,-52.45822245633502
1,240,313.66721629866765,25.3015312452005,-10.7256876844814
1,240,381.7456201526663,2.751167395822163,22.681299456061907
1,240,894.7082018701221,1.6642051966512925,41.54262946924631
0,0,105.78317693794735,15.983464240175172,-6.5355984801909415
0,0,78.58457207063813,16.006808857521797,-3.7061321386492807
0,0,117.55452862202561,105.34128083166775,-26.41159518238986
0,0,118.0249523726127,61.78717734980059,-14.253787560133304
0,0,106.20411879371268,16.16614209782838,-4.811254797882938
0,0,199.3398027676315,108.44011905050341,-26.63062026688973
1,240,684.2505145036356,3.246873216646849,38.18176138292003
1,360,615.3804230046059,1.6672247996218277,47.60037369554239
1,240,945.0224354422398,1.631986096127291,42.52190424935681
0,0,116.25270701390787,19.17579824710211,-7.5749729276460585
0,0,80.44369131272589,11.46432426858825,-2.104059100121333
0,0,118.34048022151725,90.78643353305749,-22.74726446240186
0,0,95.98944598221549,19.509745037786143,-5.7512856682547095
0,0,77.58697626122166,8.097600519274508,-1.2478845442175555
0,0,133.67578663524094,104.64804641006877,-26.306481529982058
0,0,147.73120671380906,23.57517206524442,-5.321124439236101
1,360,556.5656873526232,3.7225143803748826,37.24598409371693
1,240,412.4443464048921,2.699107897417941,25.475252357809026
0,0,101.50121894273047,14.510843759804725,-5.5611637998947145
0,0,79.23867397513054,13.374048974297823,-3.5851137914368962
0,0,121.23082369020102,110.13031699584224,-28.41042430689503
0,0,118.55991230354805,72.07292332495133,-16.877074103909294
0,0,82.93509054692761,10.38369536176551,-1.898185771557877
0,0,118.47595745519757,103.32445317301641,-26.51098103108731
0,0,110.00059875281595,12.177051644211002,-3.710914114994182
1,240,856.8702527723439,3.8726936031286803,30.954002285797273
1,240,700.9728330041906,3.5000729270292092,41.587437380190764
0,0,120.09186723280582,18.225789278818617,-5.200523524212954
0,0,77.09100670307885,9.931049115398721,-0.9677030020206132
0,0,118.4717517775392,107.1802605534962,-27.844444381777798
0,0,87.33286905059666,18.610437603899125,-6.138002245883513
0,0,69.0200845554636,8.440299285334584,-2.6207027676338015
0,0,102.28991386834967,115.45994331238431,-31.197539775061706
0,0,78.4244219058972,33.09088498974881,-10.11167135389293
1,240,373.3162405030675,5.541247601114294,17.157509123251657
0,0,322.2236051463382,127.66494388187847,-34.49617876148316
0,0,181.83101120889933,66.6846520952481,-13.54426380144092
0,0,95.67034727492174,11.975521573152388,-1.5952673849276664
0,0,126.19971281497415,107.74190309620947,-26.336742721724853
0,0,104.72314211898261,45.19204587119705,-9.455018816534306
0,0,109.8419732879269,83.76944657892895,-18.802678224892247
0,0,121.16591341992627,107.40718741678339,-26.906701462519116
0,0,85.28166029928681,9.04849479255325,-1.055538132165637
1,240,736.6065535666382,1.917967924010115,55.245205673168456
0,0,206.7701582644582,129.55692999942642,-34.386240861116356
0,0,151.0517762700701,20.113250504168622,-5.9798852733478896
0,0,145.99294685812268,21.070650550852804,-3.429760325672973
0,0,141.2420501359663,95.94935899463324,-22.977428117216697
0,0,99.2682308272937,14.028807372989215,-4.187336341691875
0,0,73.99613806913187,9.675562367111974,-1.9832838146900116
0,0,99.64277419611624,91.43838620980166,-22.7669471827165
0,0,73.90685527334355,16.974052845987984,-5.409059964464618
1,240,613.3249235551998,2.367893278877752,38.78764042779453
0,0,149.05589315167606,97.72443070571413,-24.338891128295714
0,0,108.5316723081421,25.84775630520348,-6.13670767770175
0,0,127.19738797679926,12.381894615002084,-2.0458722233146744
0,0,213.0697872822724,113.39026086987812,-24.166713560120563
0,0,118.11615096226697,44.28529501671799,-8.590976456456445
0,0,92.4719407517756,26.771287344271343,-5.899875675762871
0,0,111.72213792239417,108.35022043439078,-27.254427760093776
0,0,93.85548967277246,33.69561779027352,-10.504633562504807
1,240,836.6464525598667,2.2116489047000973,46.771955738246064
0,0,238.51624562238166,99.2488230280492,-29.635471535326268
0,0,132.6473000667433,85.51423201514694,-19.71078345871608
0,0,120.9281962757311,40.71516409706927,-8.637686590035344
0,0,133.86948586475273,11.177001736084057,-1.0911096954295658
0,0,133.0406386203572,18.607827713943717,-3.7545754084062253
0,0,87.58969878921782,17.53564124160674,-3.301397285510973
0,0,115.40350020866472,106.35672656366717,-26.478912727841795
0,0,108.17202452002881,49.24593776262144,-13.163280311474225
1,240,836.6231456238407,2.7677007599051553,44.154212059868755
0,0,174.34639000061523,117.78434090708046,-30.613029031114017
0,0,112.58939173257573,32.859712994252,-9.379104281565077
0,0,114.30166934245881,53.247743758933034,-11.968869435360915
0,0,122.58167375080538,46.54164415283965,-10.14100785407733
0,0,213.26302173339067,93.14938385904512,-20.767304329639927
0,0,146.21896519007134,33.24829059349082,-5.6228116651056865
0,0,122.1969165933839,96.32376088452922,-21.531342618664155
0,0,109.21774189726162,55.910665378702504,-12.991747385414072
1,240,1178.0959673717477,2.1909651658228757,53.92491521422146
0,0,174.1013951069411,111.53005548700155,-27.585023486055
0,0,116.50070596305225,43.13268747471087,-11.650426798453026
0,0,107.14503431123713,38.40371487757373,-9.991334636457893
0,0,86.33272262804503,11.310528471146938,-3.097209537559692
0,0,86.77994713516071,13.892564258685056,-2.7114652070551415
0,0,149.0730899522361,54.16985433922157,-11.38586461766549
0,0,165.7288204458765,88.01888167766224,-19.534051124121817
0,0,74.4925780736974,10.359380608975572,-2.906305644338886
1,240,394.766987658073,3.3770295206893466,21.1660206091818
0,0,138.71879090969207,93.73352993423694,-24.33456357180237
0,0,94.95723551854054,16.289561375249306,-4.665084840281921
0,0,83.02075714009322,9.583899458169881,-3.560395465092782
0,0,77.79507795290326,7.263444674405668,-2.632412004739095
0,0,72.65069530837401,5.8992406652446485,-1.2889672691695893
0,0,81.3131216461161,5.950426364911207,-1.579584616097108
0,0,108.03497157423388,7.342460626973259,-0.1588092464860722
0,0,167.17468934780865,25.04616091316695,-5.328204934597608
1,240,720.7898047535837,2.7987556978971813,43.589378752283935
0,0,178.15558901721906,106.31698259629647,-26.3478707241363
0,0,130.21817546924336,66.96826735668147,-15.138447899987739
0,0,106.07352740119345,21.113636124281534,-5.9559172681540105
0,0,103.47682185268553,29.022528604477515,-7.982328620858496
0,0,77.22937463164567,5.976246406928538,-0.3965659399833612
0,0,73.8866714214008,8.056841293881732,-1.0788403594374643
0,0,103.01980865916009,33.33099847545245,-7.750220471795117
0,0,155.25162719445217,33.03335911654086,-6.853481018212037
1,240,541.5915250867188,11.46105107672509,12.653267850884305
0,0,230.53312124690717,130.77523962591255,-36.75549085601535
0,0,105.2314169684952,15.369073402892932,-4.767054541391147
0,0,91.73865081148085,19.959330168409938,-4.3890987557842465
0,0,119.65373991253881,91.1202756393588,-21.096378277493613
0,0,110.60538880336227,44.580588001534124,-9.50803270456565
0,0,118.26536749870193,71.74137705545726,-16.25086241265339
0,0,102.00779338348629,28.79964472424711,-7.769691834039264
0,0,101.83135897088478,6.122176887666411,1.1547758776745667
1,240,879.6448474968964,2.9317935298192124,39.512662017005795
0,0,367.20009692616617,152.17528319680108,-35.742699969876455
0,0,164.02007968620748,77.03030641576525,-17.034826483773315
0,0,118.44333227918453,32.977439607136716,-6.641071441318587
0,0,114.26573403739926,53.273283138510486,-12.209384351678139
0,0,77.56867986299892,7.712299721705147,-1.0949458444090112
0,0,69.17666952984452,12.75216237423218,-5.29406003830951
0,0,177.91808725813308,4.595672828645419,8.421139526372826
1,240,734.2915037246001,1.536373833479339,52.83485710146216
1,240,908.1814246624921,2.6380225295846067,48.276962582900225
0,0,463.5891049580453,155.71848135164026,-42.27947141108904
0,0,168.32294137307414,38.90652840700449,-6.9224524405655785
0,0,120.43775304604775,46.024156760796544,-10.00012184823862
0,0,79.02910993191813,9.236641506752019,-0.8458814941403574
0,0,88.82517044764676,47.44063392377221,-14.128309557633528
0,0,63.04253562829666,16.033275957318526,-5.660248463341716
1,120,256.7267618668539,2.439088586094877,18.916441553795792
1,240,370.7604127810721,2.1270828749451804,19.04303447011742
1,240,655.9414747018112,2.8589641084123394,24.726664343737824
0,0,159.89240544552072,96.31467861187666,-22.302725600638
0,0,184.8843445249478,66.86120772141531,-13.608078086874443
0,0,132.4567409254023,9.724742368152706,-1.1909869516409088
0,0,88.58736828301375,18.280272085315076,-3.7688473621162473
0,0,76.62215299657716,17.206148951897774,-4.315181554581173
0,0,58.87965159028657,8.039766910079422,-1.9043045876986326
1,120,287.1458048867677,1.780677401846519,28.46116065917765
1,360,463.4722982125142,1.3873021444211748,44.39791848305042
1,240,406.2468779451841,2.9156130243021137,18.30744497738152
0,0,139.76393014794758,85.72528295032366,-23.244737952920637
0,0,89.05125112791649,8.356886588692742,-1.6083557334429344
0,0,121.02386127238645,10.840651716855335,-1.442043351723953
0,0,133.05925242821456,17.93877899455943,-4.148890308669252
0,0,76.04019943563414,8.224418429327539,-0.6211180380266086
0,0,67.47779114096471,11.984301524527265,-3.731600786143659
1,120,618.7831449759352,1.9661432708347846,32.624185462541504
1,240,995.2278428539248,1.4392103693801084,53.0405085040516
1,240,1142.9037636110224,2.097872547972812,45.36613923607415
0,0,168.16691186555374,100.46054114823028,-25.04041498401994
0,0,111.18215611759719,30.696352468436363,-8.880732519246706
0,0,147.26082830745548,27.16861511398306,-9.85906675594353
0,0,250.8517362516613,128.91330153601166,-33.06877203241041
0,0,122.8551108149509,22.879367461559347,-4.994787578395304
0,0,71.94168720512582,12.627569007311953,-3.8131057420774255
1,120,253.03243112979848,3.330411354057641,16.261308632748324
1,360,511.05381620769987,1.4186868156574801,51.670453787407055
1,240,395.9256235128131,2.540651388816639,27.143026052549644
0,0,136.1461631491799,112.6394428181704,-32.791660466187366
0,0,71.0413887847712,15.456233980926475,-4.778880025435214
0,0,69.61098793449638,30.435699184881738,-8.415438294960467
0,0,105.20370030576,110.76376580548902,-31.681560324393615
1,240,445.22836326794237,16.170336692749796,5.087716285500036
0,0,136.28504120037374,38.64437705383507,-9.256680403183921
1,240,438.1499923837652,1.8015285454909356,48.55992876767591
1,360,268.7713012217934,1.5470413751301413,50.57925434106711
1,240,263.7785156859586,4.019073504750992,14.743377242083525
0,0,134.4864395059391,123.7380088780497,-35.75978826987579
0,0,89.20368143690173,61.157641570183756,-14.796227480149412
0,0,77.05976452618795,44.73450653238966,-12.408985629499725
0,0,94.18605480311597,117.53356766337085,-33.170345437137456
1,120,357.28297297498534,19.963393005401375,-1.2373589123070161
0,0,200.31028272540684,19.59120031696143,-5.408151124761488
1,240,629.1799882455733,4.286677921563401,27.583961259211605
1,360,617.7377336722785,1.6433364552011598,57.30495347754142
1,240,750.2524925444616,1.6880494337512237,50.759352552933976
0,0,145.8719797791667,108.90582016135667,-28.639451912080972
0,0,82.06689017587145,33.36086240297814,-8.554612300428175
0,0,68.6802748695125,41.302122211369344,-9.766391525984218
0,0,76.81131780273762,99.34788333255301,-28.3814154117199
1,240,267.9607730477374,10.078923928055309,2.2054157102869567
0,0,86.49923798956544,7.153911419371961,-1.4572875525582418
0,0,121.8942778428556,16.626755186700816,-3.5920991756666893
1,240,661.8812065382278,4.300951546902155,36.34117076184101
1,240,853.9841829976688,2.410563671093854,51.84182291096259
0,0,196.21406604672015,129.27140876026627,-35.047062436415445
0,0,102.77183238213247,60.192780053876035,-14.684350369485841
0,0,64.14632196457285,12.367426511348878,-3.66408773447651
0,0,86.17018622301545,99.24194995685268,-28.5463645338842
1,240,377.0719446601836,6.999399075379961,11.457689221431522
0,0,119.260764112793,44.18441176003233,-10.97876783808941
0,0,93.74081977424571,13.692734406394072,-1.7219818321398321
0,0,168.89444875622146,62.51556406515577,-13.667496124441712
1,240,639.5276783660828,4.920510273129635,34.484770557089135
0,0,154.28298367813414,95.20784702356872,-24.95412805174128
0,0,66.64455117394756,8.399317154402741,-1.8487491188696197
0,0,69.91872791129497,49.042907817044885,-13.881364072021569
0,0,76.53828316866452,100.9466448842951,-29.389868173461934
1,240,229.28919288892791,5.165619730753446,10.840301729618687
0,0,72.23002551800975,16.208911082879073,-5.136418621432497
0,0,60.98451957393059,13.54940885212794,-3.879498595970958
0,0,62.97310793875812,13.123393951744562,-4.806361858551028
1,240,325.12989844916035,12.219475892759975,4.714553044141567
0,0,225.1705761588855,133.1309414608484,-32.97093438157931
0,0,84.9102570186351,17.6073915565426,-6.1958298139703345
0,0,53.53185471421522,6.6859875702890355,-1.7231125978169644
0,0,65.6610744252414,87.82118702579811,-26.03554161941741
1,240,227.28021662310684,5.0644382138221955,7.714178484285171
0,0,61.7035544208145,11.220135311571116,-3.8169841626709626
0,0,45.79199648351213,7.509574353535214,-2.049745359956461
0,0,44.516188295358226,16.27999538855245,-6.349328612665687
1,240,194.863102625532,10.286349715254541,2.8932488469950215
1,240,463.5204537885057,27.0641003921589,-5.833921389865608
0,0,106.24377232592035,9.794549704847212,-2.7736203316353
0,0,56.52430772874248,10.113706216665701,-2.1952389717318965
0,0,69.37699468547851,86.93245271456584,-26.222625215514057
1,240,196.7584235700512,5.4053559916986655,11.095569439256295
0,0,67.93891365565233,25.000013149418805,-7.205027612910854
0,0,44.7515418713815,7.625355732049644,-1.488542127232364
0,0,51.16130919838569,50.06476095522806,-15.864362477046825
1,240,202.77889081423876,7.132133909185628,3.261709371285022
1,240,309.0576348802565,5.228324773551326,5.595662568411726
0,0,145.55019442603728,17.64149881137476,-4.811376328773463
0,0,128.97806736293765,42.93815140335986,-11.057556842817348
0,0,128.77782722774148,148.61351619835105,-44.88035664136868
1,240,223.22233849385591,12.85070467153183,-1.99959008982853
0,0,65.15535018886395,12.170069376373874,-4.46334884594836
0,0,44.87104093077746,5.608578159460732,-1.277453538279488
0,0,36.28723299190421,5.640794778242902,-2.132840785370675
1,240,154.8080585661635,4.076473937189993,5.996904729435158
0,0,143.01245905321383,33.1341773967131,-14.317157993618792
0,0,61.738135066897826,6.974910600661802,-2.49916130919695
1,240,317.61477190778,9.807301345604435,3.942779049737311
0,0,220.38106882189226,124.92664589674409,-34.675056380492926
1,240,271.4562013044853,16.481799804889917,-4.75996347812611
0,0,71.48741166969876,8.5583895862041,-3.4933896727948195
0,0,47.75166656341634,5.038097006020203,-1.004511009996932
0,0,54.82729412146593,5.531455550297858,-3.1882097548103445
1,240,203.93587160445563,3.046528741345121,7.0143402091731275
0,0,141.8167202794012,12.021074621312493,-7.2516214995509785
0,0,60.64850179950707,6.49138922977934,-2.624184891845161
1,240,256.4332032990867,4.137638043923261,7.480141692828553
1,240,505.747225903834,9.027291692794515,6.682391791560747
1,240,513.5297020460107,5.211786897210457,13.153700354389969
0,0,92.9165296253183,5.664839246786076,-0.8958940975707037
0,0,51.344148483971,5.431430073834407,-0.8732576482209282
0,0,41.08445168260936,6.642274169664925,-2.5083606692151363
1,240,193.93937257250923,2.6067415274729995,9.112502342858122
0,0,82.31189073757474,14.01970344149885,-10.530598901464842
0,0,38.512764814942585,6.4592402948653085,-2.553733962998166
1,240,169.35586034039773,7.8258209102495515,1.7602480582633717
1,240,323.145090659802,20.707695356736348,-3.6050712772431837
0,0,214.47062936032552,106.10489925651775,-26.564047758636278
0,0,117.7271994632455,13.61500715467583,-2.338164582950853
0,0,84.42909235273447,59.17182214765543,-12.447685292206941
0,0,80.50954247584605,76.30954361131714,-20.359187747373724
1,240,381.40639994175086,4.450962462437182,15.635149781010043
0,0,127.94444555999459,34.69508290977976,-14.732090873658379
0,0,48.153133070887584,7.96846060131855,-3.774342671949057
1,240,206.53978688609223,9.638179213061926,1.9756060802401976
1,120,313.1716491705973,40.60736806131777,-12.318619486460548
0,0,152.52149623883042,125.9930404348716,-31.430704714477535
0,0,208.41445353224594,117.88291749753996,-27.895096343371385
0,0,93.3400674384523,16.86208567905603,-4.350763685748632
0,0,64.53037061834567,57.43649079413896,-15.939373456264704
1,240,240.31759064294386,9.621020901263126,4.2736284053831355
0,0,141.36565851652443,14.912225341992128,-5.594125090988058
1,120,264.2086510850688,2.360744057499216,19.097173839874145
1,240,235.03063439218943,7.774334242982672,0.5321625575688103
1,240,303.18718903264875,15.430279473624445,-0.45653879248567364
0,0,116.68752420512838,100.24544722999678,-24.034593630255543
0,0,133.37493898193642,97.30845106684669,-21.848960959097127
0,0,194.566075223901,26.14306553414797,-6.366084023704005
0,0,90.10277256703904,11.404646048373507,-4.960214682014467
1,240,205.70121330360803,6.146838633087004,3.401057747160891
1,120,197.0868971976239,14.8083892637525,-5.664591871690348
0,0,49.97024654865415,6.605311558048911,-2.5632926317362035
1,240,236.087608475392,3.3577044226585504,11.967241825678954
1,120,267.2408879964751,45.30332176022242,-15.280966646920987
0,0,130.669622658105,118.47356122407305,-30.074187482248057
0,0,124.3928244618649,99.42220924428442,-21.650643681553788
0,0,137.45647546502306,93.2354777393168,-19.331802586467305
0,0,192.60251120794382,78.11421573406375,-15.905846782332787
1,240,380.1135451558104,18.48076975177169,2.4468500342108257
0,0,92.66615577194364,56.7376286845172,-15.929355083723351
0,0,47.70287616815568,15.335978698728116,-6.053141980580676
1,240,169.66159383486334,4.92703499801815,8.067537474438467
1,120,266.27630278905656,28.971309062876884,-7.317591637303522
0,0,123.17109210619059,112.21169521076267,-28.813452443614118
0,0,123.33571434596179,95.03835217852566,-21.871692519578616
0,0,93.06095667708838,14.065053438054541,-3.0175116931286396
0,0,89.56904826646694,9.59452492301599,-2.3131556392598043
0,0,131.9130749016323,23.248271616459355,-5.049761812530477
0,0,112.47010239025977,63.737411301816614,-13.048386064354375
0,0,52.03980271044944,16.813726908948706,-6.238555847920438
1,240,171.02311112640177,10.096047044242678,1.52363798229851
1,240,295.6720398191516,15.233841034352968,0.8519420342725681
0,0,121.16284134810572,103.24865446031431,-25.889165587697654
0,0,118.7105571833387,81.90312618417899,-17.74278619274405
0,0,110.7625519167205,36.72367131735877,-8.536329827330547
0,0,88.36199610639265,5.61991475614808,-0.5651768407189479
0,0,83.73119925472629,6.76962452614731,-1.3375584895758692
0,0,135.5114799126897,29.01523860065325,-6.648706751615137
0,0,86.70411457263837,11.049692892374129,-4.407280833798396
1,240,198.96145048319383,4.549603578184315,11.197919584892404
0,0,201.60651565674405,65.64344678548687,-22.799982449134518
0,0,117.9404874016352,108.57236791413584,-26.42401246903131
0,0,121.8862405774653,98.8056976458005,-22.358360328743444
0,0,124.6519440842785,59.67967135687567,-15.254964320298626
0,0,119.61000539931493,22.005314232552024,-10.428306879298106
0,0,94.18490986121975,13.539795937949176,-5.603884549893067
0,0,82.849633670842,8.104338222734762,-1.3981707002414225
0,0,127.54614181281093,20.973555785879732,-4.28270638704997
1,240,534.3064751861865,44.63483978042734,-9.035483614509744
0,0,219.60726947698228,150.7346095021918,-41.62539744219043
0,0,143.48460588467444,111.30838450168818,-27.112395136722654
0,0,114.8972431775435,31.798368575139172,-8.464790404420512
0,0,89.15545784455999,6.988071954434153,-1.699509185294687
0,0,92.66468208435444,4.687319042233372,-1.099516462683411
0,0,75.77944175278485,5.968896390074525,-2.1033457666334243
0,0,77.75985115149236,8.72056284161776,-2.884979615026168
0,0,104.1863230744732,44.95798242085338,-9.449370272100396
0,0,155.23727574454512,43.41930609498643,-8.597734630760456
0,0,227.27470729873494,129.93590190409907,-28.30754576608269
0,0,159.7632764045323,124.00822453849487,-28.519432231751665
0,0,147.39553468916608,109.13418372755154,-24.493663359365783
0,0,140.37425219498257,75.9765534193028,-16.977564298525067
0,0,120.97782553931175,38.12609189459951,-9.554890788793898
0,0,86.70770243511514,7.766369205380178,-0.4472390373839943
0,0,105.79265388275168,48.415043377745285,-11.904579594268782
0,0,100.25559017599447,30.170706914153673,-6.492222520174067
0,0,106.9102872143371,31.260417191177396,-7.420808351028654
0,0,156.3093948017412,47.5463579307071,-9.959377296199378
0,0,346.9784278926641,156.48035263024073,-37.83140911385866
0,0,166.88033725595497,90.87252019371657,-20.654608206453204
0,0,112.88305232486834,19.601111040160003,-4.285691819795673
0,0,88.22209780994476,8.282960463009136,-1.621787538822744
0,0,90.60982879027596,15.115013430546535,-5.841952996544322
0,0,86.3744166507608,13.207658562673371,-4.581445167836179
0,0,76.98911821037373,7.246183934353084,-1.6020625468940182
0,0,85.193261716052,17.78017493512559,-5.562400244607105
0,0,92.48188814300265,18.934592794992508,-4.0748251568168286
0,0,222.27020027853686,129.1183674123418,-33.36007629306703
0,0,147.61645179484447,21.72806125472363,-4.754568563376779
0,0,92.32515579986281,7.2373809704630405,-0.5994485518493491
0,0,86.88165425093177,11.34450306559755,-3.09943408125163
0,0,111.77626760115106,56.18859880501858,-13.471339983169159
0,0,97.21426174576872,14.33767774175386,-4.484928504945657
0,0,82.46213318729295,8.320493424020661,-2.5819079937948572
0,0,73.2031184372413,5.220630922647172,-0.8219557605605843
0,0,69.77268547120596,8.849791199828084,-1.752364554773166
0,0,119.09741151156017,102.07312103849145,-24.030350616990404
0,0,197.77497326907636,114.34898932528097,-26.49346473099522
0,0,137.26986127199774,27.827975113256265,-5.182452409185814
0,0,135.5402961730876,79.51679875258803,-20.081627045250897
0,0,196.3022832530209,6.934654492022187,2.888229092820822
0,0,114.94373235295333,44.67703119646992,-12.617923650085316
0,0,84.26528064113732,12.558553120648876,-2.965427780607456
0,0,110.56572393509623,87.20191031568788,-20.893870826202743
0,0,79.26918497625601,14.878505238885717,-3.2411073959029153
0,0,121.00711791416155,123.90873827684759,-31.74833362281403
0,0,160.28998368496818,126.57082603136159,-32.36217558299435
0,0,194.40079549274387,80.69934963785944,-17.028448753996187
0,0,162.96624569117574,14.735796059045429,-1.9306186674749881
0,0,125.38313118574406,31.603363228969073,-8.699841714615502
0,0,147.40383268389908,7.096330947843713,0.49092659801567606
0,0,118.00342519775211,50.16465873479362,-13.163222188004838
0,0,96.07976035931624,16.12929319511084,-5.411004458713151
0,0,81.61113528482602,10.168512100826074,-2.933338341554901
0,0,117.0663752761347,103.45198762962013,-24.853389511392677
0,0,128.82940629336323,90.25631903857453,-20.631015361834443
0,0,106.99064853218162,11.005189395395952,-2.654578182382025
0,0,221.093268025574,127.54905466040081,-33.182033538435704
0,0,153.26748823253817,33.79646494889617,-6.933163010787794
0,0,88.41981567215171,8.161629458533168,-0.2533655632727658
0,0,84.5783769055197,13.353399979806246,-3.1314231252207065
0,0,100.41765046657217,43.506685066301166,-9.85357144611072
0,0,111.16743057776364,74.02044270262924,-15.860959612111898
0,0,134.1729974917762,121.06073827823494,-29.498839110656228
0,0,130.06889091645812,102.76114289979222,-23.336372244382765
0,0,116.96704873262311,56.27789458347899,-11.719530319600622
0,0,178.54953971798543,136.60221783495243,-35.36126734400996
0,0,187.051379452739,38.18284526925911,-9.549168269035306
0,0,177.95597236523372,75.5034883035961,-13.861496413395244
0,0,129.81161907156022,73.43957433155845,-14.911792789143078
0,0,140.92215790458607,99.30786501990345,-24.6206367202143
0,0,95.31925821088413,17.980699675129458,-4.084484220638345
0,0,144.28651865436288,138.82174333700067,-36.741086803511266
0,0,122.41037457264929,102.9482680388079,-25.189665485498395
0,0,110.28814920964258,18.771550478711955,-8.209158102111303
0,0,110.35865949275627,104.35368836508451,-26.854934587103678
0,0,79.59208693113571,12.32130943095429,-4.839587347232495
1,240,394.1914333020846,20.634569705599926,-0.989330216583781
0,0,139.68986034250307,13.964239670140174,-2.146843257540823
0,0,102.71639905666207,25.591591815783776,-6.278581782520007
0,0,79.60991855096495,12.480990115117317,-2.2636397272951143
0,0,123.44800934025828,124.2941211975103,-32.52643779142955
0,0,106.66461215716029,87.517226896054,-20.17600899162943
0,0,72.18838250755668,19.02138336788023,-5.223561553896658
0,0,84.93154046824056,102.61852667246417,-27.3884393446897
0,0,50.31621738233391,8.84219075266196,-4.406778858380974
1,240,214.8984295314098,7.9220186383568985,2.8040663091506133
1,240,496.77224176448254,27.518623737802052,-7.055703136107724
0,0,168.9017265057004,64.11376970672757,-11.882719885828067
0,0,101.43565118106977,35.13361661841396,-6.723918520999973
0,0,142.25951805572012,136.72617858331847,-36.34331091484392
0,0,110.68738251361329,84.66232494779442,-20.709159724447375
0,0,64.29518708319809,8.91374252825128,-2.7950309041762154
0,0,76.81804008535602,103.83415060306261,-28.28544299586091
0,0,45.91027691663241,11.230776118094004,-6.3986807221257465
1,240,147.07086997720853,4.400258220685979,6.026970414962747
1,360,236.55887109429906,10.652824470514178,-2.861962721149496
1,240,425.54239100917033,13.282529555156184,-0.32528543070968396
0,0,127.41348725766682,20.44855097221542,-3.614946983086952
0,0,121.843991087889,107.18939336343698,-25.42103388131504
0,0,110.05339077668418,82.32169044435771,-19.594547087848596
0,0,66.43015796986596,12.369690762350993,-3.976860691143443
0,0,80.42942488325667,112.55419363257306,-31.075982464769567
0,0,45.14895006995327,18.982512973634297,-8.24376270220273
1,240,144.8897896730865,7.785348664457682,1.7223621241275566
1,360,177.4498173586379,7.991590435190283,3.12151556312719
1,240,291.0888260725286,14.810255533609961,-5.446782096095802
0,0,173.0655514365559,24.19395242698831,-7.1573716519665
0,0,258.51302992977287,124.43582775365056,-30.039429647555522
0,0,99.56190275564468,18.440200943661278,-5.767407005081537
0,0,63.76155913912219,8.812864686275077,-1.8683208761972452
0,0,78.07587778696555,94.91130865557884,-25.1781940262224
0,0,42.808062516856246,11.224754058732863,-5.18297023645853
1,240,161.3254986096604,5.843500743703969,2.322803982638632
1,240,227.06728010252687,6.1988757958147405,2.915230086326261
1,0,225.30792384219828,28.3241953314788,-9.26888633175487
0,0,104.72128300540855,19.469205108126136,-4.750225155028161
0,0,139.40209450056724,27.575999804048525,-5.296178902966204
0,0,129.65323166389712,12.63005165159526,-3.7818881550656442
0,0,67.54330789036271,9.145551654560164,-1.3186630780738113
0,0,88.13527493882454,106.51232365445253,-29.519932646091405
0,0,48.97765560901175,12.445202495452179,-6.636263045214875
1,240,168.22173304387172,5.892928918927875,2.6803372946841506
1,240,240.2168811003101,5.384378504833724,2.1411628568571643
1,0,243.05583821636455,14.040230605027778,-5.182996656217341
0,0,88.0952416486612,10.404270355227924,-2.0876947015134277
0,0,112.33915957993081,51.65642201797668,-10.77871742436804
0,0,152.7903875435662,25.584220591317745,-4.506487028135922
0,0,136.9235106803623,54.49444812178049,-11.737448200026648
0,0,103.408114002854,127.0980743396418,-34.04052774916313
0,0,48.748610549476055,15.400803600276081,-7.840311849342655
1,240,149.7292890275285,3.320980058258382,10.704926885468083
1,240,222.85022104152637,10.119854619247368,0.39496475006021114
0,0,148.79367878532514,66.43584258616606,-20.879752107093836
0,0,115.76407755356506,60.05474828054988,-15.522120921401452
0,0,83.03469482386947,6.857589188534336,-1.018185877157805
0,0,82.72755565816495,9.41841962018478,-1.9785652457662621
0,0,127.14133116811806,20.77333065979882,-4.36858645504293
0,0,199.55716035097907,131.3161185627842,-33.44601976848114
0,0,62.796832230973905,15.306082282945722,-8.609972263041982
1,240,170.87141199318194,10.540102854065378,0.054355935509391884
1,240,276.6435816184438,19.850082990525564,-7.069367435365081
0,0,183.02526495906437,48.74259359166447,-16.231961717199567
0,0,109.52473369420723,34.84879929148246,-9.240722868861724
0,0,95.80518968933288,20.83477858755248,-5.249701263264853
0,0,83.9809722970069,9.727099571667063,-1.9391205458605612
0,0,98.56267455382172,19.137875427010112,-4.518967722198525
0,0,137.85314681980026,19.795008175795786,-3.860988912947562
0,0,83.8368683229006,10.701833908207202,-4.759292416252293
1,240,188.2006743953753,4.4425376257571365,5.347443650425049
1,240,234.66488780466852,4.0307864237451865,7.216313981335986
0,0,168.95214929336754,37.37586946093139,-13.896180272763104
0,0,88.41337679099279,25.245075679560706,-7.927512905276203
0,0,95.70007041998991,34.39738940377366,-12.813414013435818
0,0,79.11898787077132,15.639009303349804,-6.854241907265802
0,0,63.54744366847086,15.676877976347296,-4.466091216913
0,0,53.04857020539784,5.567058618615872,0.3298770322519715
1,360,186.74842329257612,5.470753949996867,27.47668647053301
1,240,478.30539456795776,15.766096143972238,0.6327108756539701
0,0,258.60027223505307,32.31270821608807,-11.45082552063144
0,0,139.09535209690597,19.08606568207932,-9.06380559595577
0,0,87.30062363253927,8.213947283700785,-1.7804381904863646
0,0,86.27853060096707,22.224424060295046,-7.063909113194612
0,0,89.2706775419181,39.416817845284,-9.535297895659212
0,0,69.88328005674569,12.018906030177348,-4.27079107582594
0,0,68.2449702277817,20.063973038357773,-6.050315066387839
1,360,297.23045310866456,2.9064603604266894,49.981438606581904
0,0,325.67670456110113,166.31768124710598,-45.767262660722096
0,0,170.0355477286502,64.55467866790762,-11.449731742616635
0,0,122.88967445694666,50.30669739311355,-10.251690791642616
0,0,89.80521803869345,13.949520684949071,-3.547185585686975
0,0,68.29543835968238,6.324696948102992,-1.5150041576580549
0,0,55.916694999659924,6.653821488795076,-0.9720781140798209
0,0,68.3882410015972,54.643363461103256,-13.403013202930623
0,0,61.71722003918967,39.80152934197477,-11.278209384460013
1,360,219.95567189518422,3.007786043997074,30.14276773963202
0,0,143.17408857357316,107.20839538380386,-29.085713342119348
0,0,137.01846150533984,20.217877129988103,-5.050527985536007
0,0,161.52803996470738,52.84814542105818,-10.911254786422276
0,0,116.06639889445876,55.42120091297173,-12.24271023544307
0,0,77.67530116007701,5.49857653205951,-0.5414730331131778
0,0,56.86264372710438,5.254619956322985,-0.6373133501781183
0,0,59.81506911949749,30.022356509516968,-9.207729874057804
0,0,41.32231336154886,7.781924763181468,-2.6441318097479183
1,360,133.96392656710324,2.590560345117219,25.471659270610644
0,0,118.37152968541571,108.65635366752792,-33.86090509295487
0,0,220.48044070963738,7.058598545034074,3.2097047180402853
0,0,174.45204206470197,40.98767198451539,-9.416726018112783
0,0,143.63446857643697,26.764962963632517,-6.724964743448922
0,0,80.8312654806544,11.077717623589612,-2.7637393418397664
0,0,66.3846210233599,6.307017921745315,-1.229813429190429
0,0,75.28686734412636,73.58111483660888,-18.541497773232607
0,0,44.052141077608994,6.275535898545338,-1.0480719083254826
1,360,114.67968154514513,2.33514128069861,38.69601670423593
0,0,133.99710720997683,145.90025582971833,-43.20838748892877
0,0,84.54342783753907,20.207701086026432,-6.139280962209995
0,0,99.63823977276488,28.866056135664234,-5.807797532352694
0,0,152.34540190798026,39.76003822835453,-7.626327654824038
0,0,128.4971804304673,16.296095124653572,-4.084013948931499
0,0,69.72534042338854,8.086052748918569,-1.7625361619156337
0,0,48.806265742388625,6.5620426148255735,-1.1467074358726848
0,0,44.7198859283598,18.15096160401141,-7.565926802228972
1,360,112.52485555222748,3.4109971211402494,26.606366775761515
0,0,99.73057196825698,97.98299391142064,-27.159263788854417
0,0,75.23461945106028,9.410907613273023,-2.7606218102999946
0,0,70.63033197191182,7.166133772280343,-0.38741941948278225
0,0,110.81763382438118,59.506541436887815,-12.750085851564435
0,0,135.25224692969232,18.609101975567867,-3.170445108985419
0,0,115.62617440339174,19.390843432950547,-4.2883126598697885
0,0,72.15294598906578,37.4223637660844,-8.416674739672843
0,0,67.60712989903314,69.68141221151258,-18.991944093066735
1,360,154.20691872641504,3.4442427603310124,38.067892222442055
0,0,139.281478839421,144.31612843271927,-43.17725972909695
0,0,82.38874354535115,20.17782993888814,-6.565119918687017
0,0,105.80841100389767,75.80391082316554,-17.037420904088606
0,0,127.9552601596876,96.21919923522316,-22.248998379118746
0,0,97.48823160465804,12.618711445101612,-2.477523526730252
0,0,128.96146003741327,18.851305539119615,-3.75945249588284
0,0,119.39671746092522,32.112057132863676,-8.000970402675947
0,0,55.466194371672884,8.32398410671344,-0.9469423555464687
1,360,173.7799838437382,1.9540486148242902,48.62546033743219
0,0,139.6087281726888,143.65562051504244,-42.39754131321805
0,0,103.38331070712206,64.12395658010814,-16.21156037944526
0,0,96.43672150159387,38.20671330851934,-8.357938331882906
0,0,116.18611900699311,80.75784293915598,-18.198648563134554
0,0,124.06056459079383,69.49244607128354,-15.392600695803495
0,0,105.99702034319759,18.326544387380597,-4.47312415670865
0,0,154.29374159753525,29.84206834363482,-7.210269293059071
0,0,107.69671492828063,47.51735313708098,-12.053518342593264
1,360,130.59684516331563,4.830855770168094,30.968818486538808
0,0,106.5884338448574,97.7918979854742,-26.151746286574316
0,0,76.20403948737723,8.667887645626374,-1.6417767283396074
0,0,93.79681423460583,11.014756284544383,-5.532741423365209
0,0,101.33140478822195,34.78190958073049,-9.708923266617248
0,0,85.56717593363453,9.4733401156952,-1.60210481850811
0,0,119.99709778476235,76.80073717426596,-18.89218836774593
0,0,140.98729489602837,90.24851463735241,-18.920061213292158
0,0,196.4206090303747,58.600501714249994,-11.179927881680882
1,360,416.2886758664106,8.262295224389206,33.35267332410885
0,0,200.6226591500822,126.62002047162753,-37.869057270165186
0,0,91.35838273317722,17.73616237180431,-4.958365298897647
0,0,105.28009400317207,57.62765169659882,-13.21004856852251
0,0,84.57351940450455,14.917266436491055,-3.5295054830902615
0,0,69.86842415224079,9.118057564870883,-1.916024392707456
0,0,79.97372667250313,42.18089706701798,-9.292875472755796
0,0,90.34619174859856,80.81254594383678,-17.590206801655327
0,0,106.02816049556307,72.51753594739591,-17.60445233560654
1,360,440.352543182456,4.398405487602145,47.78531200722354
0,0,260.8914936823797,131.37110313235647,-30.648912347531926
0,0,130.20924265524116,52.48018703540895,-12.11875401105084
0,0,83.22228958594452,8.717937609985576,-1.2658394123059225
0,0,78.47977021092977,16.652188076992395,-5.170595221431171
0,0,67.48972801043718,12.34993880472514,-3.2676645374603197
0,0,63.3946109294132,18.355785623319413,-4.48580564093821
0,0,66.37951979708963,46.43154506066831,-10.891260312953662
0,0,50.72593654030464,15.95456413093177,-4.999495579415537
1,360,158.83176981546194,6.318709633127494,15.106120530566699
0,0,166.05784954030972,76.35050769321748,-18.452077457558886
0,0,191.6699843736194,66.12406361597463,-13.82653250458398
0,0,95.02249720662503,13.321254654698516,-2.0907541095838127
0,0,99.71275168448614,43.28900291695007,-10.21420643784073
0,0,73.5246090528529,10.778813930021197,-2.837561431911112
0,0,59.6060775472332,8.917013915211289,-2.4327948750622284
0,0,47.77727471929316,7.39237793095091,-2.1397099226616945
0,0,43.1661090867236,11.668720525849618,-5.0631354944409
1,240,149.14751117549034,3.2866609529189486,14.582882491254864
0,0,87.98212479013227,31.320755103493592,-7.344217470233843
0,0,152.81674387929598,59.32136920308082,-13.157584211474443
0,0,149.9737171182837,29.47676316561661,-5.602838327444118
0,0,103.88859283722275,36.324228201154845,-6.525939416369425
0,0,107.58584827733982,67.68248197250011,-15.769320036698005
0,0,83.2339487219867,26.31047571605237,-7.650131857513287
0,0,58.668574183280654,11.787703351326982,-3.9235614697169297
0,0,50.814085730255115,8.445945022388878,-4.230664746142892
1,360,147.08407648521938,1.851050350065766,33.59702438940552
0,0,77.67322099336458,19.88451873773109,-5.663022538016932
0,0,71.69698138094036,5.981861911855063,-0.21562229583452108
0,0,107.51461248648991,7.264548823907894,0.026641608516030146
0,0,165.011565360158,33.018338712523644,-7.2680070339659295
0,0,81.47955198719868,6.794856169737626,-0.5576736292164526
0,0,73.47852230751549,6.958422810383356,-2.5642754467640003
0,0,75.20724287007643,43.258106584822386,-11.22065129791308
0,0,53.46987481503129,6.429573553008796,-0.7194576642751258
1,360,196.73454983110628,1.55773993855384,46.27113222230999
0,0,85.59376465856108,31.98820828849297,-8.65438916155604
0,0,72.40560972623288,9.107610785436659,-1.0683781349480768
0,0,74.90867943253517,6.91745241132199,-0.5780115595496227
0,0,110.18868663343045,12.415277201219379,-2.2180762112486434
0,0,117.79531783804133,9.371117620871987,-2.04635306292505
0,0,67.69868557452634,6.966789438936803,-0.987803154524471
0,0,55.85821227448573,8.582956122983513,-2.645489785350833
0,0,40.422080123529916,4.8611154227094975,-0.05439835966265605
1,360,119.07526085348876,1.8687109889725986,34.2250748958747
0,0,78.52444561699907,38.61722048103491,-9.314349452717863
0,0,71.22502159444299,10.900797406986017,-0.9107842736369207
0,0,98.90722271217498,36.90829486060806,-10.748889516669749
0,0,95.08264066435166,9.650417358872874,-3.2458101129713697
0,0,121.37810176065327,10.31840930746263,-1.8010984418770306
0,0,119.51801328557416,25.01112954792181,-5.795723702575799
0,0,73.02844678171763,44.493320934214715,-10.14775546047781
0,0,41.34952556968622,6.7994329529011255,-1.3003647531209026
1,360,88.80759388913104,2.326781871757764,32.18069282322658
0,0,66.36001610864957,37.810002815685046,-10.575206022242327
0,0,48.11487954188965,5.955936283003438,-0.21372007320007924
0,0,51.245966882355624,17.60764785278995,-6.357450046524363
1,120,189.27813273606765,3.662474953917176,10.017474193286901
1,240,282.5432064803176,2.883192677076848,17.70749452638435
1,360,363.87788364144023,9.520893898997468,7.763023334376044
0,0,85.9625889859317,9.613266134877648,-3.1914752369994517
0,0,43.5848687512511,5.914799832852239,-0.45536047124268464
1,360,101.65195451098813,1.8778616223319786,37.14875938129026
0,0,59.6536889924225,34.251661523414406,-9.267533640103721
0,0,45.772974577553164,15.84111513851338,-3.056301183015819
0,0,34.14585439823794,8.670259288365934,-3.738337824640624
1,240,122.03042390398025,2.381176914838539,11.532943262430464
1,360,102.61037290264883,3.0894700946466696,22.036763020094284
1,360,166.6144726788062,11.414112765397093,6.359362684523163
0,0,235.5278339126663,158.79745841620948,-46.3734772365335
0,0,91.81680159794158,22.80865496593494,-6.565167474252874
1,360,104.42312199793972,2.474619232673983,38.5664647749274
0,0,63.709985741529636,21.76028419066683,-8.520271897924857
0,0,41.7023093744514,6.094200888835989,-0.9787200414450439
0,0,33.482505104123355,5.684462605062467,-1.0954583877299484
1,360,102.47283250634364,1.3875153486058098,40.042969983775606
1,360,88.97049304802873,2.7884221761356405,28.602030813161065
1,360,150.45371983820053,8.117447234315755,5.948641114038139
0,0,131.7931280679304,110.86178648577821,-34.07198839795598
0,0,134.52745336515218,15.896850547796184,-5.302810262427911
1,360,331.327956383904,4.532234995168499,35.10116466597066
0,0,78.35280635709162,15.327237552770972,-4.400601918770818
0,0,49.203583252493374,9.124582289759399,-2.4074900300724806
0,0,54.89402382911042,6.586083022336658,-2.2668999255324707
1,360,156.6408044684339,1.4827636976560725,39.53457984891588
1,360,110.81151235285682,4.521163268018465,19.81752441572752
1,360,198.6713834214072,22.95770747789713,-7.217154282205371
0,0,122.92745753952188,131.16091133107932,-38.418398031182875
0,0,91.82439108902592,26.21127101929654,-6.822363826283734
0,0,129.88536013131173,22.028637191060845,-4.367138652260053
0,0,138.95555582498346,69.1022043513401,-13.884444615899
0,0,77.48969587624738,51.24363705768537,-11.115257596061866
0,0,41.79082131826999,9.817474682211381,-3.6205162682444296
1,240,117.94021533623412,3.0095090496669763,10.25356115802731
1,360,93.84949289789029,3.709531712014416,21.19872827059055
1,360,120.19941241864176,5.86144824940526,12.721536507653454
0,0,89.7390041217052,95.46372453338752,-26.669483732101583
0,0,98.54020648611572,64.25456659168006,-13.911487881018544
0,0,92.38716970722189,17.178198221711455,-3.2872627145467703
0,0,128.93160085964456,16.556849482784614,-3.173483381248758
0,0,95.39399684377295,19.13714805104052,-4.67636079334271
0,0,65.86185869123972,64.18503450271598,-18.751429176749525
1,240,167.7414015782619,3.4631955970870485,14.48802498921772
1,360,105.14466211372525,3.3395768778680117,23.204368408917347
1,360,139.69617452701985,4.4701535464090645,13.059889074801774
0,0,92.8214597717278,89.30252157857845,-24.716825778095547
0,0,78.20751776488478,17.55127350779192,-5.065360038132837
0,0,138.52784634236622,38.28616514519774,-15.214077101561799
0,0,96.02949627646639,9.38610012192304,-1.8696577159931138
0,0,162.82729962363163,62.6766552811308,-14.43015530205598
0,0,98.54765427647034,38.737950452761815,-12.388494464565454
1,360,126.21697763188446,8.41481315040007,11.812200113068997
1,360,129.6568025222863,8.588430394238523,11.205877216246463
1,360,173.8965185238682,17.644774710592642,-2.141379651418589
0,0,104.29429903052751,105.9199255620573,-30.72621127786288
0,0,77.62840388656555,17.418746689074332,-4.005468005984639
0,0,99.19408166944055,46.77728508853673,-11.540325095581593
0,0,92.18564859742897,18.696845537318975,-5.411326779770647
0,0,106.49268949579339,11.798039129217461,-4.350853512928595
0,0,177.79500033626036,75.66587904983938,-17.18898049248719
1,360,301.30773856985934,14.759729074819068,11.417266990449775
1,360,164.0949203436217,8.510930560317226,11.492658414194537
1,360,130.71505758008564,4.565608556870043,21.204678000274924
0,0,101.82411522958098,91.31299597814055,-27.262876798961727
0,0,73.10586639241296,9.481761793794732,-1.9804886042077499
0,0,77.2678832219571,11.110663423244523,-2.726772815310582
0,0,85.42392216390661,18.835314097207515,-4.798324967920536
0,0,76.85917864121124,9.21634266347161,-0.7704530827332547
0,0,98.90108990459227,34.68538697005608,-6.47825703566626
0,0,180.36521351633795,89.99231224496656,-19.723068646563476
1,360,276.7855317414582,12.108747791840738,12.855643203381106
1,360,194.00382940044884,12.933471212845848,9.052645737294583
0,0,121.52175229242442,106.48900430575002,-31.95944863152571
0,0,77.75234668084585,14.018456253421958,-3.395071182353348
0,0,79.59448450748275,15.647160245976785,-3.571835220658201
0,0,99.76725545316951,47.16117715919724,-12.077914347879883
0,0,84.43504378338314,16.545503861581516,-4.131971095126303
0,0,113.90093967878217,83.13298719082738,-18.81097931311085
0,0,127.03003374695886,73.37564466197306,-14.771947721801553
0,0,176.42674942604515,58.08024199096795,-12.119805517451553
1,360,355.16854869412833,17.786293556805276,9.061850381264534
0,0,146.84506703036908,100.72618679389878,-26.711057864567508
0,0,86.05590741850274,11.036763468656599,-1.9903220384374265
0,0,90.25418263077022,23.274551006328448,-6.226730363876371
0,0,98.83858287869374,32.32122374915142,-9.196041772759557
0,0,107.24666207459954,54.35954605051704,-13.38213102556594
0,0,118.45728696704835,96.24547140547965,-21.55777294537927
0,0,127.23218967602098,101.00660376694972,-22.311407133383483
0,0,150.12506483369378,115.99527758677807,-26.335062425064436
0,0,210.79337072718795,91.16712370552928,-19.83548472030681
0,0,226.87536063418045,120.56207241624368,-25.9402719691428
0,0,147.69849084932898,73.07644947654585,-16.204321365530888
0,0,108.33188561528108,9.520556382108353,-1.894508141131297
0,0,87.46493979873426,12.70862811024574,-3.4105478770651843
0,0,113.0826576407953,74.4681020015916,-17.72800697966484
0,0,126.13814668192103,95.23012674805663,-21.43172956004092
0,0,129.28622677389623,96.97393753657344,-21.50196913081743
0,0,134.19764208269083,84.1747339715337,-18.564213481858815
0,0,142.0275029488893,79.97158380918798,-16.15656500950304
0,0,202.17919065390436,70.84550254736222,-14.238627902527213
0,0,175.0891625537435,36.22792939847108,-7.924342534218809
0,0,122.25426571272025,15.097104279037188,-4.84584354611907
0,0,104.20849640466136,22.923161631599434,-6.993014332399582
0,0,84.74202424427037,12.01680331800719,-1.7925807116361767
0,0,113.09291677362776,92.54115315621502,-21.065715505416875
0,0,126.61087165235892,111.03725195044262,-25.896700502910726
0,0,136.222228100899,102.67522950983556,-23.28886951803952
0,0,142.99247358229272,100.86421856722492,-22.133839934410773
0,0,138.15516208711773,57.87007906814121,-11.463839893822026
0,0,161.15926664959946,26.344081207808735,-5.159456651116201
0,0,156.33676004666668,17.966128691996683,-4.062534685017681
0,0,108.69774556338575,30.66245277746649,-7.167527407253672
0,0,82.2656679595368,12.251800805731166,-1.4753798033924284
0,0,110.31304319384157,94.29913604426838,-22.90368000247002
0,0,127.34617374301584,102.50065927713372,-24.96846869682421
0,0,147.55582655463675,88.00848543551622,-22.204592048508218
0,0,271.63619523941765,21.474726853443677,-6.242143651167055
0,0,143.6238466897364,71.59743241941057,-17.580922898408943
0,0,151.56804304073944,74.95795271659655,-17.270522436083297
0,0,203.0602517831908,70.39114344790575,-14.532177842682827
0,0,190.92298347071596,86.74216538523076,-17.19193422152233
0,0,132.05190760859267,89.2032085876336,-18.099976047925026
0,0,120.80143647094376,81.63317042978746,-16.55759052850422
0,0,121.89216933599721,102.44402141627575,-23.37739156191364
0,0,120.38484766159573,102.94602995890146,-23.47428338537928
0,0,116.71972994698143,96.218368979774,-21.84059117950561
0,0,108.36056584297846,74.20984201961434,-17.518984415851037
0,0,65.0509054149945,9.049057019884584,-2.6212734344241255
0,0,63.0769008892708,8.777534609558552,-3.346553937271736
1,360,260.3468414215308,4.284466012752647,24.094978478456156
0,0,161.22577530410558,49.56122546453715,-8.534063012024518
0,0,124.47768619488565,85.73104420117957,-18.22417533409832
0,0,151.2641799959063,93.02960326637529,-23.150234475651565
0,0,113.94416406937903,66.14675485838083,-14.65971658636991
0,0,96.05937812635186,48.654369925675375,-11.50184207489663
0,0,64.75244400197865,13.08904574234183,-3.299141038108459
0,0,58.44875100723579,31.54603589510766,-7.746209952407526
0,0,52.852138985816815,31.67496012713715,-10.890266930022335
1,360,161.23034373563206,9.888404668665405,9.631344134303717
1,360,347.1229172927553,8.750453842690703,5.2067003112839245
0,0,193.2298486786048,104.46347701391399,-20.832904590769118
0,0,126.3049454449009,81.84774453591365,-16.32737931812352
0,0,106.03512083540741,62.88676044705672,-12.759908717890582
0,0,103.22694111785033,67.57035416918778,-16.595983722009223
0,0,83.24652041072837,48.710892272731726,-11.744037287874264
0,0,46.27195669321005,6.187542808933694,-1.8366964248997704
0,0,33.693610851275224,7.032357058131137,-3.1548574512865883
1,360,99.72941569030239,3.1912533211656675,13.375710871635548
1,240,225.77728200329778,10.129657950708493,0.2397275312350473
0,0,178.24310338790036,50.73578423865882,-13.20136175182526
0,0,162.44968418298853,46.49268795978956,-9.570018742689413
0,0,87.7885049130291,10.96826739410082,-2.735665706126568
0,0,62.89256524397955,5.8900153540174225,0.09909515508093136
0,0,75.48350828078738,47.81506108231228,-12.32571054972557
0,0,61.1479345234845,33.9812906412983,-8.965265179540282
0,0,37.488200522643886,8.120383811741373,-3.8623204687916655
1,360,113.36007366143166,3.623480246966761,7.406800442367583
1,240,228.5585612543229,6.583515998831073,-0.11259052042106532
0,0,93.1598977946151,14.256079875229693,-4.722320605771358
0,0,118.65838864268126,15.478676146697927,-2.850422570500598
0,0,167.8033984815334,67.8191564586572,-12.574267640625038
0,0,116.09953419309885,84.07702373458636,-18.214933702466027
0,0,78.34373184235972,27.63927970849979,-6.578752514233798
0,0,61.22089339520792,33.09891319896156,-8.808025342997212
0,0,36.73902593054639,7.661322939578241,-2.993723342294672
1,360,93.81953736362536,2.2013151573256633,20.669572205304917
1,240,198.45806147484234,4.196540607009141,8.131431019148422
0,0,82.8165097082603,72.1656014919155,-18.089672341988503
0,0,81.2325959554251,52.325940012180055,-13.783642668129247
1,240,344.26931398927593,16.39741155809531,5.873566727399108
0,0,193.80744352510135,98.90044784158128,-21.783646031363105
0,0,107.10413381260784,61.41101387442987,-16.251554610334253
0,0,55.358694530070466,10.42274444142333,-3.888238252185829
0,0,34.00289820004246,6.7704277080492155,-2.046305507359193
1,360,73.83603891665365,1.746724127814372,34.01127563966777
1,360,123.08895102718066,2.8993869449804683,11.879190053511678
0,0,52.90476096880938,13.445069205909364,-5.27525973793918
0,0,54.24111787877694,6.535379231811242,-2.5371159347056818
1,240,218.04017276675145,4.112510633489878,12.650012936598714
0,0,202.57169033919828,83.83223554972331,-22.43052325796144
0,0,108.35599741145195,13.455432959798674,-2.8144494269027263
0,0,74.67735582526542,47.192073491324926,-11.900891395938686
0,0,41.36887622133816,7.379653814966731,-2.195075169227266
1,360,109.29684491262613,1.8333347744192945,28.815206563060045
1,240,160.221615916888,2.973608623554943,8.746070856044852
0,0,62.99290069668682,20.872982972535937,-9.748167176355992
1,120,179.68637633246385,2.9133749443956796,12.512683030296046
1,240,262.04425745887977,5.198214476745614,9.234582764374736
0,0,140.1565318577669,81.42433591567938,-21.579146530257844
0,0,137.65560466649814,15.395731822423599,-2.8171759460120853
0,0,79.60014120061358,9.259065623491965,-3.2006428933070765
0,0,39.941694811642805,8.89486143639547,-3.4019403196443676
1,360,85.01492284564291,2.333888903525161,22.606785168309685
1,240,151.86262185376071,3.112440420202491,5.552175645407843
0,0,54.89680116341313,8.254132549891748,-4.082053602827685
0,0,65.56194626275142,7.348640164134269,-3.763827607942048
1,240,218.01632169992328,3.9583218183875784,15.781441269501585
0,0,124.88066039812122,98.09094155903676,-26.025702901235967
0,0,101.20200368183245,25.70919750015742,-5.307586954821048
0,0,147.88606860731647,35.05844601200819,-7.176779606789495
0,0,84.9284173841573,10.341570727139494,-3.6074649073915026
1,360,118.96129945861065,2.423415935201708,23.158028151961815
1,240,172.14684325739475,2.8974859307373624,12.148608185968769
0,0,64.7904254655755,55.18336521504383,-16.025015746428366
1,120,190.68918860271972,10.328147662410343,1.2956830193203217
1,240,313.44287570335905,5.335352371786559,10.827736492327887
0,0,121.50011175698005,87.66693278295662,-22.22983877002858
0,0,82.83731137538467,8.665403196439918,-1.5437224354862593
0,0,95.72208504536079,18.849145070048646,-6.228865080388346
0,0,123.56813755089425,10.327082769551636,-1.4503497238943197
1,360,256.7538097021448,6.257892970250668,17.76226797035254
1,240,277.0391193673832,3.3268500545291073,14.123770490530518
0,0,71.69643725013819,26.378159584190488,-8.288206020475585
0,0,96.0143172942977,64.91894422171123,-20.897627715905756
1,240,413.37118253791056,4.807174087158141,16.970457230865577
0,0,131.89719308384417,83.3952107401228,-20.88000573677843
0,0,82.85001909682686,8.051625123777221,-1.2672343755711637
0,0,82.16434060172142,11.844933220418275,-3.2992731369025137
0,0,81.88656182721695,7.732414464864221,-1.4046646769573101
0,0,111.83138351698688,8.446174245088974,-0.43310975037155686
1,240,415.95834312526387,17.515350520390506,3.7869341764594964
0,0,109.29679956839261,81.93083505734316,-21.736983453350064
0,0,168.60536793151374,8.972530028761325,0.7895544158148766
1,240,326.5535486766708,7.503111446579599,9.50228889646084
0,0,127.80757399113372,88.62407292358715,-23.334100145124964
0,0,207.9172993560026,5.025686943184184,6.652030204734459
0,0,102.36931162123203,18.12025298181136,-7.297507336654945
0,0,116.73359394637822,69.20209491129306,-16.704014115789832
0,0,99.18904845952054,17.46357145881327,-3.818648607476092
0,0,200.65807299645633,87.58884545305988,-21.870413803252134
0,0,100.27336511553182,25.461891475399632,-7.8846759083390765
1,240,388.3841519717613,2.925626401367361,21.21970555908696
1,240,394.45715051047443,13.430192291692606,2.795939591340158
0,0,134.684185708292,94.21587225213644,-24.01906937997785
0,0,99.96093201056458,18.57905214301769,-5.796553283002481
0,0,91.41040957310491,16.48424544865864,-5.066633470507554
0,0,79.49790129009872,7.789077594366304,-1.6543842372445
0,0,77.99351565481724,9.788649476448718,-1.342773749965275
0,0,120.70216660772405,64.15444500412384,-13.595570973053029
0,0,173.63097135635402,32.0054054057095,-6.015504392177689
1,240,437.799753524106,14.22867061598848,3.9132100556753784
1,360,354.14036819920693,3.70521799348508,28.970744967135644
0,0,155.0580526615825,74.26267514463139,-23.070996335023835
0,0,86.14422098129971,6.906281414498687,-1.2451157534941046
0,0,73.47367614255872,4.8807830011130715,-0.19451819249582059
0,0,69.1678047321926,4.827199487611273,-0.2190304447212128
0,0,71.66492300784623,7.161786663042725,-1.6098933634057744
0,0,91.24470473975857,28.246180197708078,-7.036353304754115
0,0,79.91199049857433,6.355665927582482,-0.1524156648536632
0,0,125.4390179535496,17.030858562838944,-3.9217596421659806
1,240,596.5541774132521,10.28668271988578,16.261224089520127
0,0,197.16876621123274,101.990283203503,-26.418702097510177
0,0,113.35842993296679,20.282833789466046,-5.957238256094598
0,0,94.91992288238802,13.706790992128996,-4.58252309399569
0,0,78.59788060317439,5.595126667506962,-0.3872503330263868
0,0,74.20870616781455,9.727907265826845,-2.0580517321268275
0,0,104.03520208023066,65.38793025629815,-14.578391284796055
0,0,117.54044923751964,83.20272864855689,-17.136891296014255
0,0,139.03366126721068,93.44314267618346,-19.43299554666747
0,0,210.00050413208547,105.4235988545489,-23.323231056349876
0,0,226.0940794907407,98.27437025640052,-22.898390766755938
0,0,295.88109940776616,15.661566982922878,-3.5043380208463333
0,0,118.00475151658239,8.742369681480287,-2.056994941774363
0,0,115.87453610640425,30.576171187267164,-12.210948401399776
0,0,110.33757442417243,56.07701969226395,-13.404096413041898
0,0,121.47933276197243,85.56225687817145,-19.482722816702648
0,0,127.61016787053217,83.64915339376442,-18.801457632035152
0,0,119.12980996640565,57.695263368610924,-11.968948694637348
0,0,136.99048411326194,75.52592685956125,-16.182910792989972
0,0,154.9440912667044,19.149692127935452,-3.5116140224230463
0,0,183.7366366304845,15.089793518826697,-2.7057743910071252
0,0,94.28993844209569,7.098851946318963,-0.1164213854487457
0,0,74.20601385394968,5.705445957862646,-0.3579666723596233
0,0,64.98778057391435,5.781525784230406,0.02429553393355377
0,0,92.38864906284026,47.88715974355616,-14.813786051855587
0,0,62.56285031801442,7.192387893505332,-1.9040456740622886
0,0,54.328286499677695,15.287475536368765,-4.137656627222555
0,0,70.10898097905975,67.76277128424027,-19.34973631874861
1,240,278.72726250897864,25.589940329401205,-3.079656249805268
1,360,509.3709556693088,5.622824711252232,30.50571181828215
0,0,137.43847380431816,8.429039397031127,-0.9252992891280059
0,0,81.62853046640768,7.555837631084982,-0.6305234721635458
0,0,76.29167855470068,12.315323469656155,-3.035064980883064
0,0,80.5705191338635,26.85005873246206,-8.135790431891508
0,0,61.59943839263803,15.025534454416366,-3.2203678852358166
0,0,63.6769297952982,55.9797534614916,-13.11393348596593
0,0,78.58097854013218,103.00274001588545,-31.90902916380967
1,240,196.51227239842248,5.889019047478429,10.01518095822206
1,360,215.7399731611891,2.5424192914524064,39.92489479769483
1,360,307.3241701772642,4.6350932671264236,28.807914709628037
0,0,124.00627620721964,11.397245945457072,-1.6982251850164545
0,0,95.66428248368929,37.04899789059673,-8.634643033820254
0,0,87.02703919963483,41.437966442077276,-9.690720052796053
0,0,65.44879539604736,23.096603799832305,-5.231508617347188
0,0,61.130074563509325,58.71317098850743,-14.332106293154396
0,0,57.29024551716704,82.2880975869234,-24.333660016051013
1,240,145.60296377778877,7.325520708455651,6.202778057998614
1,360,158.23032390213723,6.989753221718704,7.06590101046983
1,240,285.3675400810639,19.600195954262777,-4.897689680810942
0,0,213.31541699521568,109.81108738544616,-28.376046916729386
0,0,131.62912931137,19.55967046382797,-4.2339355122837645
0,0,98.8919983857728,55.255575780283024,-12.171878862069192
0,0,66.20595907528704,15.835155348310925,-4.376787148178053
0,0,51.56219189885044,19.251714278508977,-6.153706150521131
1,0,110.46612532618356,7.181157786103855,-0.5731239041694778
1,360,149.1709541442169,3.434495380867548,8.31870483750852
1,360,144.75874483823213,3.1946548867653957,19.11035201556936
0,0,160.2835107956341,44.940882768406965,-15.253939233656737
0,0,123.30535638162442,82.67465730444013,-19.631830651483526
0,0,127.95979458303896,12.582794774861226,-1.7491624800051966
0,0,163.20418955653847,51.939582443816164,-10.630174972425735
0,0,76.33914829916026,20.982688595820502,-3.664737660543281
0,0,68.81974806377121,55.924920503783966,-13.637007722773134
0,0,59.290566702416214,15.11797888642256,-8.553444547088702
1,360,126.58166996597616,2.9324180263092336,14.370171729110965
1,360,139.42497066637486,3.8323328101063443,16.18538881382733
0,0,134.07816002738244,95.92578695948968,-32.73321995969612
0,0,110.13386545511248,92.96133460961646,-22.686705091253927
0,0,92.38448872941538,15.56015849942047,-3.0223623608464436
0,0,149.33055451012646,37.94106044323825,-8.273368683927004
0,0,112.12456799482759,10.488088252627021,-2.21369053128592
0,0,64.49707094685911,29.0472268991869,-7.849801826707775
0,0,56.499164351259175,11.559922768849681,-6.091334383918721
1,360,102.74144040961997,2.4091551697979,26.60463363958347
1,360,127.72483210102973,4.851084673451428,11.70244186706212
1,0,159.531397330402,49.8998902720562,-17.884570470382343
0,0,110.14082579495683,88.48375253306635,-21.55207684537949
0,0,95.50138332479159,26.95654260362325,-6.305344998196148
0,0,94.37159207059534,15.195282888352045,-4.251710726012206
0,0,171.6559352493179,82.47237097896152,-18.597618624900193
0,0,104.68864649333712,34.024290653952235,-11.91202468230189
1,240,147.56804682556867,6.465559712020472,5.294498453766607
1,360,115.24306097443514,3.027677656004186,19.651312429092016
1,360,125.93315673826432,2.5251195203691967,30.877490664278895
0,0,111.64753532220588,90.47832212606757,-29.374808910939322
0,0,108.80153851389844,84.02029201876456,-20.742591287247564
0,0,87.02850721919484,13.68084280198799,-3.0831330900648766
0,0,77.33236839004267,8.453161927635552,-0.7405089280962045
0,0,120.63385551993578,66.83113803493049,-14.886001820591204
0,0,133.5937022365229,12.03664010608111,-1.3770296092403953
1,360,273.7229822099481,13.41368013522163,9.151941758812072
1,360,133.89321223493874,4.772683741632318,16.385375820127564
1,360,135.7393006779205,7.29062019868891,10.027270639854251
0,0,148.70303566253142,53.76175129770227,-19.97532450369657
0,0,104.87430845745865,94.45069015199695,-24.1233217482484
0,0,83.27111398938031,14.358315906826535,-5.033587636186013
0,0,86.74161992178333,56.32790123016258,-13.122255709991578
0,0,80.76500055140343,49.97352671078417,-11.387550198277665
0,0,92.82280876267482,73.68400153579142,-18.56010256738773
1,240,497.5715245686272,22.740413382723364,2.6409295824407764
1,360,385.7183644834954,16.118277871184254,11.836421747947469
1,360,230.45361013344103,11.547081785386517,7.144874953509444
1,120,222.46114484586272,28.77100452105736,-9.996909205567135
0,0,105.80434135893982,82.26298777429574,-20.186730129755176
0,0,65.88056318756409,8.633129723208512,-0.8299873672393119
0,0,88.69995801482807,81.9929526041656,-20.65198736637909
0,0,83.2764759449933,74.40624436082281,-17.827873667972668
0,0,51.25888432087782,6.173041314572208,-1.735429489374937
1,240,193.0030141504529,2.900119058820829,15.9202084106836
1,360,278.3419952289301,4.861184460254998,24.499898269906154
1,360,342.9629692938652,17.176203803730317,8.79032923600603
1,120,254.94096991838688,83.87891756480396,-29.565390483102632
0,0,120.38670677516978,94.91869431927007,-25.178500495424615
0,0,76.91709456346652,15.299584631604462,-3.914679146804474
0,0,88.64108986366901,84.13575528309875,-19.99992129915016
0,0,77.33320725836268,70.56985773824078,-15.92979365171962
0,0,44.703380627360836,9.664026328626512,-3.6783121326206754
1,240,194.78082551382153,8.124597358145865,2.119118210104773
1,360,242.8024773116072,2.3446948586863052,34.17708604596933
0,0,124.84777449276547,11.733152860962383,-1.8652614681268602
0,0,204.8430736843627,111.21671708048821,-22.983087229554144
0,0,128.52748171451276,98.34584442115437,-21.09591328973852
0,0,101.72337167877208,56.84870242438973,-12.671730130881016
0,0,97.70734627705424,90.2241701036605,-21.50108142692136
0,0,79.2771712293836,66.20584016791068,-16.526055904386695
0,0,43.96464087700067,9.704634844606234,-4.2919374507787325
1,240,142.51573564718885,3.248694363925552,9.952164549504644
1,360,160.4063483242225,2.865780776385423,29.678699392154627
0,0,122.25317745111593,84.71941764424628,-22.611984729382982
0,0,180.77886628656597,75.44788284734013,-17.51205187113888
0,0,209.26590487704803,86.41368023147969,-18.644022289276876
0,0,92.35260039719694,11.729086414164644,-2.822132292765147
0,0,61.59516469862937,7.942257919833346,-0.8753765128776223
0,0,66.68152372834874,54.736510902886515,-13.079529676041474
0,0,56.711562409066175,49.59821153989412,-13.791954324251364
1,240,249.2512888576812,9.365519713751176,4.280560950095293
1,240,482.4035610486855,2.069556776124336,34.17367261313086
0,0,103.44899182936655,19.632963970957377,-7.405490174869698
0,0,82.85048387522038,9.81558585106454,-1.272291117407704
0,0,132.04421042495372,24.846953752462838,-5.3076028066763286
0,0,194.88362089119693,90.02031712224739,-18.08223782185891
0,0,114.87740507538129,89.62395317081796,-20.845697037985687
0,0,60.93951542216832,15.891554961953057,-5.294540877919886
0,0,39.16478938673714,6.288852925214407,-3.3709710783654145
1,360,107.41161306006371,3.0396683044706414,7.279224711018159
1,360,118.74508681715932,2.1921807680946364,30.929886329954044
0,0,84.04458458859733,55.9261406183136,-14.056675023591765
0,0,76.72926741219472,14.4467408195169,-1.9082516996650867
0,0,74.38234624202579,5.966164217930683,0.038123635695541225
0,0,109.46499266655303,11.439809171548623,-1.8189687667371999
0,0,111.50786374692555,22.530246850090325,-5.112577431080922
0,0,75.02915339295168,67.62777896781931,-16.00190374141998
0,0,38.93416011304306,8.327998211319816,-3.292097530409279
1,240,152.84274879721605,11.874428045249719,-4.557456026835254
1,360,157.36708305662162,4.464149536079426,9.055182034140486
1,0,181.53922106623915,12.995786396563252,-6.336853202554849
0,0,81.44866122811752,12.404766347723317,-2.7676811698544554
0,0,82.2877676053455,19.25085694951256,-3.597277448393754
0,0,103.75933909959215,40.39038982419532,-8.488272286052265
0,0,173.72888089256833,68.33494002212637,-14.715335462620075
0,0,138.64621746395352,54.214251346913876,-14.177904728874651
0,0,57.95737822076541,37.29767383684563,-11.969075509479651
1,240,130.1216602682096,4.994575827581604,6.746443854823568
1,360,119.38739922093816,3.017304877599125,20.415075952624605
0,0,56.260568662539676,8.268433700003547,-2.212115913660753
0,0,53.85820849887115,6.477346632043831,-0.6289699903454249
0,0,49.76854406192718,4.642903083057988,-0.011630054098446863
0,0,48.19864167724769,6.654524949797924,-1.1517166221433541
0,0,60.39215951139618,29.755839095626854,-8.905345166555591
1,360,200.6634462881277,6.646875770246742,26.51940349765728
0,0,74.00917453626704,12.265771658566448,-5.681347282728652
1,240,156.36974797654784,10.36821831725126,-2.9950601820905405
1,360,127.91752242134588,2.9199980365058886,28.772713022987475
0,0,75.02713557456032,40.67492558623537,-10.937341656272835
0,0,57.70916955454103,8.087650088206628,-0.43572002254214226
0,0,65.62438527229968,26.52504440746911,-7.316756772925075
0,0,51.497825759377854,12.625977082733344,-3.231532875309597
0,0,59.47270882041125,59.429775296097134,-17.51983513208478
1,360,137.33736749964115,4.612574844196871,26.377222923636808
0,0,135.35717348604285,25.26511190943274,-5.887210043388592
1,240,367.186221590711,12.33704999132849,-0.39736910065123254
1,360,210.60947718817343,3.0807039056583143,22.066279174638595
0,0,78.13226900936893,11.18462835434586,-4.954428754834723
0,0,58.04651931582401,6.801544689587035,-0.7091275385797928
0,0,50.391556826316794,6.255976163104997,0.009997160464720878
0,0,62.57416370427607,48.33533524481953,-11.391756223880478
0,0,60.447269759202804,51.386004208378665,-13.953114853002091
1,240,206.94815705311592,9.294871292188606,6.097278677112158
0,0,86.6826780862448,17.06961524818641,-3.4374907471012506
0,0,157.06860463951818,73.90474841069181,-15.915003870736882
1,360,308.5857147699635,11.116877704791177,17.444797580568917
0,0,113.54525951110129,59.63804307061601,-15.132360787557545
0,0,82.46097124130917,30.029785490883807,-7.068146842507986
0,0,76.24844282804544,5.632937583603642,-0.23458639870948161
0,0,63.20917568645923,43.174806694627435,-12.234424999079764
0,0,61.61522952195915,82.35888588848013,-23.169483911921695
1,360,151.8744907068829,4.077228837932626,20.06570106210009
0,0,77.31992139794318,18.380094058948327,-4.259203369611171
0,0,115.11475946570835,63.74256610521401,-14.509731615596493
0,0,150.55241156244293,25.383013597923043,-4.7234038158826195
0,0,179.61603609022583,72.42142846444608,-14.20550280892924
0,0,119.18301008837551,63.212415512668045,-14.619796330805585
0,0,69.6712957650695,5.902446624465457,-0.9666250758611028
0,0,47.901228849631835,5.973249816473169,-1.218870365090666
0,0,48.66564760623369,37.84173662287449,-12.384864389704731
1,360,111.65374748219725,2.8584576074657724,22.91808390243493
0,0,59.24293825313934,6.4183511164457085,-0.02804729222397384
0,0,96.85991923297651,85.81131185408194,-19.784082437562972
0,0,118.34391504720591,68.61243305207377,-13.87665078704957
0,0,241.9026890138796,138.6981291300395,-35.293162489745434
0,0,127.80798208923534,22.188936054552865,-4.32153286459949
0,0,89.54027735030255,40.50667251455975,-8.813119072496079
0,0,69.43853247838568,35.029372632062355,-7.958857307130273
0,0,70.21659418124595,76.0606619061091,-20.490832121580127
1,360,212.18859012028537,3.3034594121521486,33.374231847299114
0,0,103.28788376769263,85.02610678755373,-20.8737125502295
0,0,110.85318370345585,97.43475818930817,-22.05172732402434
0,0,117.36874196126192,70.54744084111344,-15.680734585402732
0,0,143.652923679477,101.97134615964953,-23.638080606059397
0,0,171.01004065109146,17.015119807367896,-3.508068490790535
0,0,114.32675603965022,21.011281871528343,-4.7361909791474375
0,0,66.56247244325871,27.749043088685166,-5.36555718960544
0,0,54.482604262382935,41.097590586371695,-11.523141684450522
1,360,142.6545003377989,4.540470768243544,15.467204658196508
0,0,68.9209167167693,18.319117210916907,-4.928146378768943
0,0,89.43453459774878,85.40496317842477,-19.97760188690613
0,0,87.65950056868284,65.35173111871472,-14.579416371437944
0,0,95.85052258678812,114.73114507911083,-28.889911225614874
0,0,98.10560468000439,82.72689842122386,-22.505898829850906
1,360,282.41850983815516,12.657724426696424,15.375876835936594
0,0,105.96295548777047,24.73916493632394,-6.734423017103467
0,0,66.13620264005552,71.89898841815842,-20.765708576207714
1,360,117.17921440123335,4.275424350420969,23.77879737290253
0,0,74.45413183170704,27.559681674666212,-9.086489600871403
0,0,79.8681199526499,57.00697077183761,-13.169187769544493
0,0,65.78395729806331,22.057156465739524,-6.301345046712072
0,0,81.05507894924845,108.1769497319572,-29.399712175595134
0,0,54.978233738774406,23.084601193882477,-7.91765833523948
1,360,138.12039439607116,5.477790364928506,22.373540969617423
0,0,166.15915989403754,86.58804109541609,-21.963591008628867
0,0,127.42342898086468,68.93835524335134,-18.8239989702532
1,360,147.84953249116288,5.229969040321294,17.808365165527007
0,0,60.19049103284434,7.880538354155558,-0.33436325983734605
0,0,80.01581178923296,55.58056303172872,-13.032888233835493
0,0,56.43713910784173,8.10764390285463,-1.2549174840132054
0,0,82.62228335203388,117.49404028437819,-32.49354519170912
0,0,59.26311076902372,44.768608372512375,-13.753386760338202
1,360,152.61030292016684,5.910121523886533,18.315360337121476
0,0,107.10167388793973,69.57459082346227,-15.171937586257314
0,0,173.379957015681,79.58259830183718,-16.759817930351673
1,360,315.441513483939,4.998770422503017,18.137079804660857
0,0,73.83308587344608,6.3230874257186676,0.3799847468140314
0,0,91.52063573674735,79.64166195252923,-19.068159813286428
0,0,72.1966124859394,35.27614260058449,-6.893977224518437
0,0,76.92546057454979,93.77360600378731,-23.442209798182006
0,0,47.11928738079156,13.879321684270938,-5.286662505842273
1,360,132.8844730801363,3.371887126001106,20.796038306784254
0,0,93.74755339292247,69.44979981964708,-16.113162629727356
0,0,114.45284701699323,70.37515200599364,-13.195015725758708
0,0,188.15581761237195,85.08225371475481,-17.55666427586813
0,0,157.84673435872872,70.48935183812259,-12.939341151835407
0,0,109.31823605478618,82.25843219874426,-17.002187513737468
0,0,90.44882842115663,83.25055858204117,-18.421847969526652
0,0,80.14630682525598,112.44201529197252,-28.618289685272885
0,0,59.11910881944283,73.61556682794276,-19.927124295720702
1,360,120.62139719177792,6.650327647521786,23.455239870688715
0,0,88.77843754698178,80.56738955873107,-18.98458883221359
0,0,96.76792711923575,63.05693393568431,-11.75137141292035
0,0,130.6412711761006,98.29350222979423,-21.18584614873319
0,0,228.2596974112346,116.27457551987581,-27.190502511673245
0,0,177.73698238947966,98.16392462282431,-21.1583326119068
0,0,93.76701173712901,47.4019007021657,-10.452068810373262
0,0,89.21156566550391,107.26269409017898,-28.76533677886645
0,0,44.964968676486336,11.460466288104376,-4.955004705576812
1,360,110.00214045675541,2.945111910165644,23.40836065065342
0,0,70.17642485838208,47.83660440631486,-13.539286318880812
0,0,64.36712004163826,51.12197575593289,-10.10659876020111
0,0,70.1421332817874,87.26331312086278,-21.80135255371863
1,120,236.1739665681187,33.43304769957323,-5.1806452976831
1,360,374.269172242473,6.093624222279452,37.393554298534966
0,0,131.35656512371963,43.28135734720519,-10.126540394152101
0,0,117.71216784983572,144.15604074289584,-40.25630440476663
0,0,53.6182241430003,26.73474527508936,-11.254405181770764
1,360,108.90538814470302,5.54611677858815,20.360133422200008
0,0,74.95226090897096,76.19200831816636,-20.57698695506474
0,0,53.6287723453214,24.55281771056607,-4.628852783047691
0,0,59.04748760260806,64.9662182450252,-18.357695511180353
1,360,160.2201989095907,2.7971310594489727,31.96499134438521
1,360,211.0804904137962,1.9742799998494556,49.68652012291987
0,0,145.5492988774254,19.854375050217094,-2.7456946465714367
0,0,182.2706802331058,146.3071820743836,-36.67840856770664
0,0,69.64886737356782,59.33201452186159,-17.592241123083824
1,360,131.4217247872787,5.794595539167877,19.208263641725125
0,0,73.0252160050798,69.06017176677476,-18.24403770877288
0,0,42.4011915435531,8.494326353785581,-2.033248862554501
0,0,53.02237257448534,93.67407642446442,-29.29340435008904
1,360,120.0180128124705,4.426820980349678,13.468623879424158
1,360,134.61568190751132,2.285854790372006,30.978688908430826
0,0,72.56755665622678,9.429679508488237,-3.3178832150094024
0,0,302.35280979176457,192.32037224363862,-56.040345454804864
0,0,135.43235422520843,52.754644218257454,-15.008224908805389
1,360,159.96035377944088,3.8122541650102773,25.97188041604582
0,0,76.85052922866852,22.529062833623694,-8.85030752499928
0,0,57.3366723442558,50.7021047458733,-11.401980670540567
0,0,58.83545796669836,100.83617037226848,-29.98758351286365
1,240,147.31949240956374,6.750549407202838,6.655359094344718
1,360,139.20344141354406,2.0819291616070905,40.24573634870282
0,0,64.93687600376612,12.88376688743994,-3.646227977519885
0,0,195.0501022445422,186.56527249765827,-55.3664381729664
0,0,147.44669432062784,31.3713501486042,-11.797352361156058
1,360,286.9559259089294,9.822157503434964,20.206021685100225
0,0,95.77096612908846,39.50393330073879,-11.539992206620568
0,0,54.204321033280635,10.580760102430158,-2.671264902047426
0,0,63.196581325600825,30.724732765572462,-14.650718016518681
1,240,187.34144651452567,2.9284806300867454,14.330510387182997
1,360,420.5344831714587,1.3912581537074011,50.99877897518816
0,0,75.15646866459956,16.720749128061584,-6.236637773430715
0,0,151.81235777091086,192.81728373976776,-57.85182150167351
0,0,66.61243612056154,18.255454666997768,-11.5327373408509
1,360,229.75050244857877,11.415064851808902,14.103374436727975
0,0,166.60334066947863,88.13952140423162,-17.695283466400795
0,0,85.6214189729752,70.2918160177357,-14.565324072087847
0,0,67.82422675303799,69.82568894973893,-19.764737890161115
1,240,189.2944906683077,8.90375870647512,5.359543899960755
1,360,185.70493911884387,1.7983525927850013,46.36829352731549
0,0,51.737696754664924,7.908375375443404,-1.8357453135825494
0,0,129.52097387079627,197.31705168584196,-59.60398519001012
0,0,52.686264111594795,27.562380004875983,-12.925476062411079
1,360,134.21641459536548,2.592998318047554,37.47562463730729
1,360,279.9903261335006,3.0272498939575527,46.12360428910604
0,0,145.48217807576685,113.37353302748069,-25.47117858353944
0,0,84.82777585787382,76.44732269820226,-22.50200984135384
1,240,222.9319313503179,4.893695278250675,9.851716626502977
1,360,217.1216799726995,1.5481281524395456,48.86582730310006
0,0,50.30748294935335,7.209510107241126,-1.372210645233153
0,0,107.1457824910901,185.41565026546184,-56.343765816852496
0,0,37.57073836369705,11.045545224934626,-8.391021153866788
1,360,85.0207099034451,1.9760510610657362,32.49155827330732
1,360,131.4433086424312,3.1884433125734666,22.694889779994583
0,0,134.11887914907769,50.57237191723245,-12.945264461760956
0,0,136.68128178493254,88.16604626092916,-23.64695236106833
1,360,158.79615192003698,2.9495905517203433,33.873523017224116
1,360,132.56768692875175,1.5140170621881899,47.493310264934266
0,0,49.60145056142947,7.475135447749176,-1.85502116961149
0,0,114.63430330345638,192.83488515528995,-59.41355949442381
0,0,34.07939108796535,7.951400656741443,-8.271630263797192
1,360,74.9293960792217,2.3863405171387964,25.080784222944885
1,360,145.3274068707265,1.9263532784337467,25.134553716078244
0,0,80.2717629833298,13.383101466048403,-3.788080946531082
0,0,227.92941001432138,146.6573766032271,-40.683057484898534
1,360,327.8382415005788,4.7989004111169375,38.21841087234347
1,360,218.55732374997433,1.6903882498147365,50.46487792121998
0,0,54.12568279630963,6.044159046540964,0.6111787722225159
0,0,134.8498168572589,199.65951275126682,-59.941106596397816
0,0,60.11744714068308,61.221390749454116,-19.441460437390703
1,360,164.25684460149887,1.9171712848821294,44.53271209250717
1,240,333.5288747901883,1.6199966885317514,39.40326307971874
0,0,94.6681150176285,22.72898473597535,-6.097167866664321
0,0,138.6283858441243,121.1167841308596,-29.577205399243176
0,0,223.1239188350146,125.49331328982794,-30.34197815756236
1,360,552.399776587026,3.6411653648725704,46.7006857968759
0,0,84.71234077540652,8.947559193676234,-0.9764109545249227
0,0,143.93423930419553,190.23059761926277,-57.392519278685725
0,0,46.26908583642572,16.95830326109803,-11.163346841050725
1,360,109.00446529493028,2.1636075719343415,29.162985700152333
1,240,206.72549419444726,5.341800839516972,3.5998188766522645
0,0,77.83401164540389,20.817417224149267,-5.7211935629682955
0,0,125.03427532520699,129.00034118553413,-33.24777118231071
0,0,204.04023135788725,176.81005975452138,-47.673926456613025
0,0,275.6396149442187,152.87642309419857,-39.510051897374375
0,0,125.8069637363959,15.324828007065255,-6.085564308594272
0,0,187.53210768039207,195.36070994156515,-57.92580475227361
0,0,52.60719510440541,19.206907557801543,-11.16093735904711
1,360,115.05393017644982,1.7122539746425436,40.335024565582486
1,360,157.57312725370753,1.651539514406606,31.002424419747157
0,0,64.69534427592662,13.40651286481159,-3.137679324107282
0,0,106.08267560030482,114.8800495890147,-29.17139790389711
0,0,143.8576642298494,143.81387442326513,-37.059228255168705
0,0,147.55383140836216,110.9618286575958,-25.73700891274993
0,0,168.2496650917161,35.91398093469292,-7.544685316144452
0,0,326.7180348837415,196.51830262607353,-54.85866890243875
0,0,64.12314539321821,17.720448884977362,-11.850043928129892
1,360,114.74150840754095,2.4759183117164474,28.39144419962561
1,360,239.7171196306397,1.5822904568177925,39.165347867668586
0,0,77.7066453614933,23.845144063764298,-6.566657548649857
0,0,97.46138781841798,110.77137527717089,-27.84744038242703
0,0,112.4015305731288,126.25681620087633,-32.12263819775316
0,0,91.05320470557216,63.0764918662215,-14.287224406885258
0,0,65.92116328064635,9.04911748414012,-2.9146490041715793
1,240,291.8307484212785,5.216990884218704,17.998016762180157
0,0,72.6673989903946,9.385914216898554,-3.077812150640213
1,360,102.62287657504021,2.524497731233901,24.405400076588847
1,240,282.0904443086841,1.3077123454582193,40.190677571339464
0,0,67.83254175185856,11.173686128996863,-2.4132812412039755
0,0,96.80062031159908,117.21436693142518,-30.79032674854686
0,0,110.20055548655264,126.45154359196127,-34.013325965490715
0,0,62.2308228361401,15.3745927967267,-5.207503624490968
0,0,47.56529609564616,7.199726178488866,-2.9385853056548825
1,240,204.634399521733,5.279803769979816,6.871705215301091
1,240,471.4961417096839,9.150233573332171,7.3969405883790955
1,360,329.7912856543608,4.784086217284654,19.88286576322035
0,0,215.33799653109085,2.656250020887096,16.35681077690046
0,0,78.98236569519477,15.151992286290904,-3.778310919722557
0,0,96.43622271502521,96.44396743434253,-23.27174423037785
0,0,91.11258864738744,89.3223394151693,-20.268493999325287
0,0,69.62320253739911,45.99575841462894,-10.942445953675232
0,0,38.4706003458041,5.48306203580489,-1.8603104053255777
1,240,156.19483259576904,3.761984228079627,4.146359143235927
1,360,204.36564424969777,3.427405270067186,9.014284247500143
1,240,429.781714088826,6.1802654394314835,6.568269001398193
0,0,189.95738935410174,78.409533987524,-16.01809905357149
0,0,116.5300210100188,61.85290470292372,-12.256184312436986
0,0,117.23425096466052,114.60932855568743,-27.57605133596259
0,0,102.99344098737193,109.49887523849864,-27.064136805277393
0,0,58.72614435575539,22.79960879134539,-6.0770782820639795
0,0,33.43733091148541,5.238053201531711,-1.8943918941925233
1,240,115.77576502975319,3.25793230947483,4.691451607036711
1,360,105.42799555683513,3.2658312424994422,14.89007031090901
1,360,128.68654928567855,3.9106642531541653,19.58512564931722
1,360,239.12508264576908,3.39371224050803,33.93336905488414
0,0,144.5945533686793,16.44636955604855,-2.8065023634522106
0,0,125.90669837800911,106.02915108110388,-25.586241917115693
0,0,97.01238921816606,83.15611882960226,-18.884848958748066
0,0,58.844458797050805,19.749172660292654,-5.363982571980273
0,0,35.85300810973397,5.170324210814833,-1.66796927722541
1,240,113.80402771570517,2.4100219745358555,9.597970694972915
1,360,91.52286894024789,2.115818474383847,23.851726475126057
1,360,94.63514975986409,2.8667829488596546,22.28660939522375
1,360,116.23829888370891,2.5158662331431407,30.5880463546426
1,360,209.77892953502115,5.875087000060879,23.852962919838433
0,0,265.7902126057905,143.72580958875324,-35.1827384658165
0,0,118.46233151302674,95.62795628084415,-23.222814837058777
0,0,49.54878890223259,7.058444677040506,-2.100111988154879
0,0,39.17820844584258,17.613087830885103,-7.585139250836761
1,240,115.13770364786625,3.4527934890057947,8.07173293213775
1,360,100.6964381502723,4.594219881609388,12.694429835112757
1,360,102.17594113741319,4.497362912626376,14.249665925219517
1,360,132.89805367807364,1.7638742047425493,27.786495130261272
1,240,272.38734513968757,2.2815681453899255,22.072440262393457
0,0,158.68467312194375,25.375492566495538,-6.180770551447722
0,0,98.61877670673645,10.152052286546459,-2.952751580329661
0,0,53.78241561255313,12.93504418594138,-3.238423148407648
0,0,40.63778547636882,22.41363386244937,-8.333832943943207
1,240,103.22085365450113,9.426058872768635,-0.4635928680883694
1,360,93.70720269312454,5.037569071848726,14.044109633761806
1,360,97.06370755444512,5.170777692731359,10.68831414112735
1,360,114.17920590379688,2.1523546776305915,23.591121974208505
0,0,107.49930880767907,12.142703434808269,-5.498755045629977
0,0,110.89724696237272,65.26777424377305,-14.527601940456648
0,0,135.18341438321863,18.689988710250795,-3.135227570489576
0,0,81.20065661094394,7.392795314804428,-2.804843202598832
0,0,37.795223493750036,6.046482408121252,-2.249431181006244
1,360,87.96967779803279,2.8991080874437394,12.662958618416397
1,360,90.59565871730294,4.415112122387571,16.163492117724275
1,360,97.74692045685326,4.973344300598251,10.959940965421112
1,360,104.74551949822158,1.7661066443266384,29.227576726494902
1,120,161.6072450045973,2.7398964524869096,7.961509698375792
0,0,74.66553798440593,9.75440504897713,-1.2394513572048993
0,0,110.69112341287816,59.122764880028924,-13.010500130218546
0,0,129.5279908909325,13.770358778632742,-1.6926770356660228
0,0,103.2926789203867,32.29372063494639,-11.87169227850012
1,240,143.0673369118237,3.875869330221721,11.719022907692278
1,360,97.78274240132902,3.412730956229054,19.031378072529748
1,360,78.52581728006287,1.814006066582198,34.81302020846789
1,360,98.87369065149167,2.4087025903329495,15.493286244095302
1,0,144.1478106440447,5.508524706998451,0.010768617422016291
0,0,85.30091459444253,18.72173695666545,-5.2903084325582626
0,0,86.64797274351932,16.156296351143222,-4.351318500683675
0,0,87.09054379867065,7.567699905814869,-0.8054909668692005
0,0,158.68769984953076,46.93896109313246,-11.316137590209934
1,360,329.79752048646895,17.977282993465845,-1.18277569060227
1,360,175.50129629214885,9.09495570699798,7.52985311100845
1,360,118.85500123919634,5.906333483399735,9.04552297031897
1,360,100.52324585036702,2.467092786537024,17.95176104845281
1,240,199.46597309738317,2.6857998952646236,12.743993302643318
0,0,85.73306781194412,52.70130933016462,-14.24141782905771
0,0,53.15385951561647,6.187246804817037,-0.7105489216038592
0,0,46.555451675151815,7.796674431726127,-1.3022511239000494
0,0,60.943023932236436,53.57901929295455,-14.993989942757707
1,360,200.9203667152159,9.022968949749426,20.564305318296007
1,360,272.5690168112599,5.379489022199427,37.95732024786378
1,360,132.94764893347917,3.916466114330965,28.94681923355587
1,360,118.25856586367489,5.363466445707983,16.006960330717348
1,240,164.0454271127416,14.2988118597658,-6.764678924894497
0,0,72.3258605555408,29.23078193977118,-8.011680972898176
0,0,54.81257991769076,10.63093911736461,-2.0036428808302276
0,0,45.80018961970512,10.253680065781634,-2.2645115793359025
0,0,35.894860837267046,4.976219511316758,-0.6278603604753386
1,360,117.45078101574644,4.609448300714678,13.890188118925465
1,360,230.2700340040611,8.105616996616787,15.027125451720039
1,360,284.19391795714756,12.957886137760632,7.9164587256502585
1,360,153.05056141940898,4.8494855292602175,11.951220883935605
1,240,224.40421326827175,2.802940591464161,9.697837383280728
0,0,76.65964700966374,12.562940840207377,-6.449639152921549
0,0,50.62392901898655,6.17590073238815,-1.1281184935728419
0,0,41.46934770674597,6.8931317925968125,-2.2423242658859266
0,0,38.26897437747118,25.51304604048685,-10.558064882725375
1,360,94.84920288219433,5.011580271386838,13.743135741380144
1,360,148.02085434143572,4.241938884724103,11.962951256847944
0,0,106.33884784754004,10.63407964884622,-2.1646026194139836
1,360,460.48842092615024,3.1287621593911044,44.34916874409127
0,0,150.14162681498465,3.3842220597434904,10.688388116452032
0,0,85.46364938049373,35.262039087367654,-9.874675549449421
0,0,55.959800361643815,9.00131733155783,-2.155973926186107
0,0,41.830180112959816,6.689351909761288,-1.9492340295336277
0,0,39.41951628652911,28.752572850085986,-11.351360412657556
1,360,110.69116875711167,6.256662477527917,6.638968275978016
1,240,201.99166957620875,3.5109488221874297,4.219880048056822
0,0,78.25561099255518,6.458441625221279,-1.4564051326139378
0,0,113.40258388035068,9.880306068229785,-1.1261422956137324
0,0,158.15162898487432,49.03335265976693,-9.377423984904667
0,0,108.53690956711293,76.25895578581914,-15.758620034379305
0,0,87.04687730179704,58.47547968283156,-13.139137935872185
0,0,50.517772500301966,14.103062893497757,-3.1489922648304116
0,0,45.28546455297523,48.71478364392388,-15.477365849974618
1,360,111.64303490702966,5.175467282341755,8.610220456235638
1,360,167.16119943833834,4.119390021847437,8.285817521739858
0,0,76.3543556214749,15.529740466627624,-4.376184777677139
0,0,95.72975955688295,30.473854837480133,-6.837581607359212
0,0,140.8858145014249,17.728356165679045,-3.7724563011699104
0,0,198.29983277199656,6.62113469274224,2.1962744737381428
0,0,94.13313808260557,10.232314524739367,-7.096558651133975
0,0,46.29898469039876,5.1090928714392145,-1.210104289116984
0,0,33.47240751012279,6.287224902572791,-2.727132124030419
1,360,90.60705712400242,2.4500411896369876,14.546296409252562
1,240,198.04202813235486,2.8135103299255038,9.383569068265075
0,0,87.5614606677972,21.16599094996373,-6.97337388369904
0,0,78.46976613941084,11.848829103868306,-2.1594613343492455
0,0,79.94449097794522,7.758766050859329,-0.5576894810717477
0,0,143.93705064667338,46.15479565081886,-10.210460116041247
0,0,99.21665176167195,10.124262192740522,-3.342627961112342
0,0,56.58797670062479,5.06945358845123,-1.4711579259343353
0,0,37.84714547513773,10.139436013525513,-5.423273794705253
1,360,100.71490458937072,3.290001828650246,9.148855930982876
1,240,206.01277353208013,1.7903830429246315,15.875168005861596
0,0,67.96287808306427,5.118262230668779,-1.0781851494189425
0,0,67.00681192351709,6.867258505936547,-1.5242722090491583
0,0,68.33434938006626,5.459851432517179,-0.35500237542096613
0,0,81.04657690546465,11.025848316854857,-2.584972685816993
0,0,127.80237074033803,18.49654821511205,-4.283874140389443
0,0,86.61816457801329,14.240308631501936,-4.293644167197968
0,0,52.01643342610236,47.35026964264679,-15.158061928929456
1,360,107.44302527783029,4.514260867145739,10.672663076007368
1,360,154.69292955727244,1.934253339522828,20.66813497042557
0,0,65.16527490797425,6.094981058222728,-1.5583959695302099
0,0,63.32856138527141,4.7024743627610714,0.11807510981118696
0,0,66.87707073537624,6.680747033991995,-0.6002887001795472
0,0,97.31867817949222,49.02189513456851,-11.981482228217573
0,0,87.13045806022103,13.438152817037224,-2.5532319875807445
0,0,183.7525978006813,109.7153986400272,-26.96699663607893
0,0,95.02768345333315,38.33778898510405,-12.698345395907808
1,360,142.14825464273608,7.704174950173847,6.234650855028917
1,240,235.5641092994772,5.276011217235144,0.529832334841629
0,0,75.12688722026111,6.8465864989298035,-1.9935928045782987
0,0,74.40561350184747,10.350375947158476,-3.02990256001128
0,0,77.8548983329661,15.013181697255371,-3.5637032188959807
0,0,105.85348317201021,64.53984958362435,-15.576772834479115
0,0,79.41111809518284,10.055227354594367,-1.2791074151811017
0,0,130.15201823254696,107.9613360016164,-25.60515846442479
0,0,217.25651105105226,110.85132526711878,-25.83787955189259
1,360,359.91915067876687,12.946279708052307,10.256277109233139
0,0,141.50082967662854,51.73357801784783,-15.908641992815063
0,0,88.10224166470987,11.466223026702417,-2.747438350653013
0,0,81.53231567092097,6.7955961800292695,-0.4163913269955799
0,0,110.20142836304778,87.11747694631451,-20.58688379671557
0,0,120.87728603755367,90.02545748641958,-20.342950163608123
0,0,105.7685534226392,43.581086783964885,-9.011874918035701
0,0,125.6229114925641,103.50043123017552,-23.330618020913597
0,0,140.39144899554262,89.17030881300903,-19.301536110772744
0,0,150.01876661427949,17.411023508493983,-3.4751389034077675
