event,charge_mode,duration_minutes,km_driven,charge
1,360,381.0454144987489,9.462303132930812,11.299540545185323
1,240,314.4590853206328,4.4044266445117115,17.085298638467805
0,0,132.12456040673987,76.65404186581812,-21.66745721606148
0,0,80.77450016832454,11.6577936421774,-2.1715245962226106
0,0,93.14773987200427,56.091278427151714,-12.976962888383113
0,0,109.44669626833027,117.80099655335188,-29.26165308394927
0,0,89.22581509088556,53.30467401410137,-14.326589847514526
0,0,91.82157974654808,9.745720757469222,-4.242521933897535
1,240,343.51378837047196,4.689740319809566,9.4046414678932
1,240,565.828063243984,24.792371676293108,-4.984663526818707
1,240,554.1278453262303,4.313256474129664,38.14326251037977
0,0,125.67925170270478,71.39675606754207,-15.468171773908182
0,0,104.29487716950482,85.18088806211513,-18.31155604439178
0,0,103.38131556084745,81.94872525736942,-19.56842851428746
0,0,100.23781523645714,116.94516923635679,-29.20608176326497
0,0,75.7588894789448,61.557694743652505,-16.151360317017165
1,120,150.682787569853,5.4259422658057685,4.709173981247531
1,360,163.06991394504627,4.440283301722349,6.989082919749237
1,240,239.75604765511116,6.77858902886931,-0.035777713652251464
0,0,141.34501555421735,10.588837946479549,-2.4427392722788994
0,0,156.25867727655623,85.78234676832511,-15.794455795231357
0,0,107.33763394308625,78.42933016527704,-15.680803276775634
0,0,102.86534352769594,103.5663679520641,-24.77762292707279
0,0,100.17921915069915,127.33669697534324,-33.430326431747055
0,0,81.53840880229936,79.63655768642003,-21.910291787202354
1,120,210.74904673892837,5.533327234864771,6.833481108252485
1,240,215.25390565003983,7.063442905089612,-0.1955432791377092
1,240,279.3875425652873,9.61085839407508,-1.30274781536572
0,0,105.55176264221056,22.075681991674713,-6.888629865334977
0,0,142.3171619125743,20.095706845547223,-4.808977414673379
0,0,139.00711221848846,22.463685631711723,-4.885954023946837
0,0,105.01456950777467,60.51941337699485,-13.093648395150396
0,0,123.2511926946924,137.54340985134647,-35.73385463462633
0,0,86.50025256679031,73.73279167775168,-19.40183079917331
1,120,264.93345598566736,3.651257029611964,13.845390775884525
1,240,238.41700976733708,2.2905421238534647,15.537734846319935
1,240,231.8414610885925,3.71844409815795,3.849823770334609
0,0,78.41556277627448,8.245615211925248,-3.198936176887841
0,0,74.25801235373143,5.991162126563029,-0.2248375077080027
0,0,135.61255220919156,23.79717154293115,-7.283362197787227
0,0,146.85278688612476,57.592813455990765,-12.257896312807986
0,0,122.81373420186972,121.68154554621668,-32.59710007834703
0,0,71.93554872951391,37.222055614458576,-12.180142962625467
1,120,220.85255816196693,3.9901318827351315,10.166418225563149
1,240,193.44385078867236,3.905427777889213,5.050369314443969
1,240,269.9472812458525,9.30546607368116,-3.8369733521878118
0,0,71.93961837447175,12.912287064570192,-4.468886427395262
0,0,54.58617615975724,5.349683754026124,-0.36879348952061264
0,0,77.93993577489171,30.764718589965312,-12.466025888773942
1,240,328.2368853295138,11.540466815340483,5.872996060608784
0,0,208.3948421512513,152.7222554867083,-38.47611463628268
0,0,77.24093174316245,44.61420973741885,-14.55183414323865
1,120,168.29940771588056,4.204033211212031,8.743016731926232
1,360,152.66331032914428,4.262689856243676,4.803027532449832
1,240,228.13470603155432,9.422745973036168,-4.846615003076366
0,0,70.90157550876113,17.677447067420278,-7.107174110224477
0,0,57.051598816184836,7.1284031743738545,-1.8832427559740381
1,240,557.9383479895477,1.4360763806724197,39.45327039919732
1,240,439.89910084731974,3.582767949055895,25.804907540356552
0,0,428.6949034999715,165.04588873046865,-47.60719278783082
0,0,97.08889627616193,17.155665810782487,-7.302336868565703
1,360,126.76871492921985,6.09026168771035,9.090795869018521
1,360,145.8324055993677,12.743164932027685,-2.9333277736513708
1,240,195.6648793625199,16.407641749151495,-10.529050703598486
0,0,62.85853439672757,26.748545564576933,-9.536571328033943
0,0,74.25986013124711,4.903533805323232,0.37432563447659106
1,240,179.97863125351753,2.104988829868854,14.40106171111347
1,240,221.8703548274137,4.065110718181177,10.58122957471221
0,0,151.62302292387471,131.34512696621664,-36.20096653831882
0,0,231.94480059677005,144.74367389097415,-36.866707472708626
1,360,332.2321204001657,22.459758162456563,-1.146924077894937
1,360,242.93141363960316,24.607675936917804,-9.243549783054561
1,240,222.2155831492697,14.824100043224721,-10.8125030119363
0,0,63.52451082237135,8.803529727181466,-3.789835218516174
0,0,53.980501896657394,5.499137856939269,-0.8979442708544809
1,240,533.2855497686273,1.3038690298124431,38.45968667771446
1,240,418.02558673114993,3.21306286838292,16.71644710174739
0,0,156.95186591033737,131.72558611108516,-36.340626667348666
0,0,156.7530994627304,110.6940099085343,-29.098056653436124
0,0,172.3727142205845,38.99384601161211,-9.09070619437773
1,240,367.1450716987974,17.31452436156053,-2.0737503528126666
1,240,288.594643835995,14.49908210842547,-1.7676298914145008
0,0,91.04012289420348,43.71286637277823,-13.27652596564424
0,0,56.8586931107595,5.696647506230478,-0.058070706137471007
1,240,441.0569205058566,1.2803051167330506,41.335995251629086
1,240,283.9018784212031,5.054297816697743,8.647430044545885
0,0,123.68063659424155,123.21071725209389,-34.08826296938392
0,0,123.11867417224883,141.51929382861275,-38.19714840299107
0,0,94.53698516233628,30.773082511164034,-10.412856604345095
1,240,486.93834715391597,4.893593752448467,25.45335566170597
1,240,351.9094545824534,12.786617072920784,4.890276143949237
0,0,85.3294361173226,16.17025366720488,-6.22565243771686
0,0,60.491718444104535,6.287653115845211,-1.616952722960221
1,240,219.1152165270092,1.7824693322554757,25.712649742586464
1,240,341.4051001351544,2.2887383487675836,28.18465146345551
0,0,145.14920403301795,142.89467334685494,-40.44372088982431
0,0,124.13723035360698,153.7375351676179,-42.34991177203251
0,0,87.18142497869033,47.58521388572783,-15.584017132345252
1,240,356.67205011685627,5.429590877524201,15.23465794113686
0,0,213.74500826352374,80.16865035475578,-18.142823612765667
0,0,91.17799770423083,20.999513902988063,-6.7147297288853025
1,360,175.5001173420775,1.8100801766172931,36.78475851228765
1,360,106.71194020089013,1.6278219589465401,39.60927379102803
1,360,135.5808792620823,5.26249880980005,10.245011724075866
0,0,146.2596616396498,182.49050870620326,-55.27782630191231
0,0,104.11140306465032,149.10164864555688,-42.7928205346777
0,0,57.5682850210142,12.538163129759374,-7.215981244914133
1,240,214.65164354051188,4.284737199450987,11.443792428296618
0,0,124.95633992385545,88.46732069478556,-20.62789254634292
0,0,168.87560822719655,54.430825285730656,-11.052616347919582
1,360,321.3980680309891,14.59439092173127,-1.1996684843864074
1,360,168.31617374622223,3.91863109565981,17.18129747408561
1,360,201.94646137539567,5.467613418515258,7.89419215292385
0,0,104.05773816428695,109.64173693265512,-31.003661016998713
0,0,97.98936473739222,136.50131652923528,-37.19754626045092
0,0,65.60086295116449,35.11433664296192,-13.328435507757263
1,240,179.64530579295888,3.883354263586222,12.615339645134384
0,0,69.7425315559194,25.425701362331967,-7.815958115670128
0,0,73.91653059916952,40.18925863673293,-12.082516669864859
1,360,251.8111068722258,18.929773703581073,8.577829831932632
1,360,358.8488000466778,5.872579538359255,16.88478323699134
1,240,422.658769823105,2.9059125723205583,32.617950399461975
0,0,139.49185341080747,133.44544222499056,-37.51127032843507
0,0,105.40472262898426,138.73746157949194,-38.82668898385723
0,0,60.49314678746021,22.468992046973753,-9.827040724312113
1,240,161.49517673146838,3.161135804747355,19.8690323775066
0,0,66.76572796998353,51.65847599776178,-13.241815686517569
0,0,60.022292266654745,52.715968753551756,-16.217277615252087
1,360,184.66567195882837,19.81323408780802,1.3484010060529812
1,360,269.9640812843693,12.454627699703307,10.642555118865673
1,240,540.7659426271363,18.156804075509093,8.900996321716036
0,0,255.34333197447003,181.02469632051591,-51.26357116041653
0,0,175.9699516176289,184.3315099195601,-53.747826365422384
0,0,62.15694574368803,15.15346869706789,-9.163545469421294
1,240,209.61571296648887,2.320537809309129,25.612931004927987
0,0,68.16820244044315,48.18414933733363,-13.01703637854854
0,0,52.59678293478485,35.782695889342776,-12.579932036914258
1,360,176.4761066242247,30.90167464101386,-5.185654483953783
1,360,207.09255576474004,26.0155328824474,-0.569705187379256
0,0,244.9844645003995,148.6148012893941,-40.90584474305317
0,0,258.9450017703404,164.52793928321904,-40.53591528017325
0,0,182.42256074325968,182.72595471236008,-51.48887357961003
0,0,73.91740347566466,25.638318953443182,-12.838840389316104
1,240,188.06100282009498,2.6966703757133934,23.543746062707555
0,0,63.42605715535489,31.60753255524638,-10.671923475299806
0,0,52.402182488631944,55.070334960156316,-17.829083692926233
1,360,132.98607817138196,18.9825382422784,1.1900409717362948
1,360,122.27693782947706,6.424807255014509,22.440900786683457
0,0,145.1664348417531,145.0498865398499,-41.59463427503022
0,0,149.69318368159327,35.05135996223992,-10.861601491711767
0,0,208.75294823542515,141.58643622580576,-36.91238723569387
0,0,69.96165756437398,19.452229993997094,-9.549966145751412
1,360,131.9674199654984,2.763919713418066,22.56632066571386
0,0,55.05546630450648,27.410676090185927,-8.82968954522272
0,0,39.83763546375823,17.197689370832084,-8.246933073260124
1,360,85.59759624629298,5.870474118834372,9.372768670862882
1,360,132.76802908847333,8.935016921684454,7.300138592093418
0,0,101.85643433201781,103.73368969371414,-27.63535841054285
0,0,94.96485334977083,24.71225383035223,-6.061701982435636
0,0,169.25154593119964,53.91378911947514,-12.73604639173196
0,0,148.6535877758848,10.547938841092622,-0.10748622301866817
1,360,134.15328408625615,3.611994520156616,26.690783189116317
0,0,70.27376759167744,70.03214099168855,-21.262944288897174
0,0,36.47676905397657,7.245276519294246,-3.4320377088825325
1,360,81.86257472768825,5.661113024232178,8.107790618963818
1,360,102.87488848885056,7.261277888173673,12.722910335111663
0,0,96.95313564102214,120.37004516027166,-34.096257588400306
0,0,104.16362828559963,75.32796508203087,-18.622986877311078
0,0,131.41332476802032,63.425516817823556,-16.111408357742278
0,0,194.8800160246326,94.56564082383643,-20.55761070395232
1,360,283.4867973076194,9.524083162864136,11.947532685605509
0,0,87.26377577478027,17.688233168646768,-9.311675773126126
0,0,44.994096678489655,14.148902018807194,-7.759821412147261
1,360,97.95993632984188,7.630143237655947,4.979131076784384
1,360,150.5120098503823,10.400347398230638,4.137376425239992
0,0,118.02961149260622,123.90198071945268,-35.74302229093395
0,0,88.58499904681265,21.051890387508067,-7.0499541965903205
0,0,98.22925840479604,33.72166976234568,-9.04757329614192
0,0,129.08741498205575,80.31042910702206,-17.775425162779882
0,0,164.3915396471511,22.284420845915825,-5.219350244342095
0,0,101.707251803758,27.101878819998873,-9.022479809222673
0,0,56.5714884037134,19.576966850717774,-10.105816735340284
1,360,128.90745505529856,16.187900205305848,0.23391518429649238
1,360,159.34675561153452,17.51562125586306,0.19291700257267053
0,0,109.66315830306594,120.38026813171524,-33.69545399537316
0,0,97.52616205599217,49.76389803928994,-12.394962021522531
0,0,92.78611960973312,11.681312432678036,-3.8520378986621893
0,0,111.93543719684226,83.78412405134759,-18.976795003364174
0,0,126.51210057570788,81.75416391737431,-16.627951630171253
0,0,186.79291732171137,80.2508167657723,-16.409386249474707
0,0,120.4512656276348,46.348779421805865,-15.992218257839653
1,360,159.99059838319448,17.89614357234187,-0.19208229073339567
1,360,145.69726844743872,13.201943336847789,7.4552120084139375
0,0,129.85859569748033,132.32788951196952,-39.84734767417022
0,0,80.93309729306762,16.456029397709223,-5.078210608818793
0,0,92.12583955342448,37.26931158874104,-8.142379519739123
0,0,112.0620836410458,92.07341611460815,-20.23065562075533
0,0,121.94962047985898,79.6193677888161,-17.818695443761513
0,0,128.71218011367213,63.60576166603009,-14.356428323116347
0,0,154.4308285515053,27.41083311676001,-6.330269398658999
1,360,509.02565933110253,44.506420921279954,-3.469532630587949
1,360,268.76094006443554,31.072295745622732,-5.659260364362169
0,0,170.31498156767788,157.6171095127815,-47.22211687722421
0,0,113.75489723869316,35.723848827028775,-13.217218891063979
0,0,105.46059806073143,58.32163334810204,-12.921507814637579
0,0,119.72995223301683,94.43295878344792,-21.57351912163098
0,0,112.20549611559102,49.28715814076913,-11.590443378047183
0,0,91.22361967117473,15.105895059830967,-4.111009658485187
0,0,104.04359076343069,24.67965366965061,-7.497272416981161
0,0,135.2149286255106,14.4152705281874,-2.7594540569605215
1,360,308.6961506506859,19.957864587051855,9.545448214455462
0,0,177.09024892293323,151.77393049306406,-42.217321570460655
0,0,121.45798696404589,97.87052678631603,-23.296171939375043
0,0,112.9435528684339,64.85762083227495,-14.177297074421972
0,0,109.1218388433803,45.604390435119676,-11.886603590373383
0,0,115.77942657660942,43.150545186480436,-13.49183114810343
0,0,91.94949016126081,10.458335326645077,-3.382685599422473
0,0,89.8990579299499,21.274904220765293,-5.233204765862894
0,0,110.63643826726073,42.394561501956396,-9.767443032384918
0,0,172.46551119447014,55.04776284135804,-11.904188581838369
0,0,253.5238946047359,127.42557040646648,-30.676616106621758
0,0,113.0080096963735,18.448853649364054,-4.997804714851597
0,0,97.42248246606329,16.841915886350872,-4.743609647421735
0,0,97.79710518729446,21.42841845331515,-6.828160321366994
0,0,115.5295571778326,62.882674146324334,-16.295971508848297
0,0,102.8739249238884,10.43580111081296,-3.1413411026785667
0,0,108.64955597921916,59.18110656946084,-14.18793366931952
0,0,116.84384845016659,59.72477588660292,-14.255076844363302
0,0,117.26955145045088,17.290667151719205,-6.364002146709652
0,0,147.71597105134848,12.068393767205215,-2.395754373208362
0,0,182.1760694898796,64.23122558413974,-13.224051040692657
0,0,123.5036467147795,60.75003668193395,-12.669225537745675
0,0,113.3616267014295,46.63869379523396,-11.45232616293194
0,0,123.57463311234508,84.09515940144108,-19.992972902582707
0,0,112.79821326396436,19.44391841498973,-7.714891970312266
0,0,83.66034888986125,11.084786526777958,-3.2707345134342347
0,0,81.68746096588782,10.853190379040814,-3.70733159569933
0,0,107.6682727578092,27.28383291148879,-10.7610109020125
0,0,128.71651048797267,100.91028691523445,-22.165031101663743
0,0,203.28420695251458,102.61524896834314,-22.25711981297742
0,0,172.8199217236126,82.71959217327124,-16.23846097786722
0,0,132.9620683997365,66.20867747566304,-15.73995183280303
0,0,147.20464680213212,49.2106482962258,-15.478454344037644
0,0,143.5268440381924,9.690798457055651,-4.1136886220286755
0,0,84.70752295059569,9.737571619745394,-2.891103715118689
0,0,79.12001945208377,9.520456209983507,-3.004328233481658
0,0,97.49802595909698,29.45338425511013,-10.447519327905908
0,0,117.34419939487267,55.2162216719928,-14.961171318361949
0,0,111.24681699458762,30.212466958343317,-7.545646995365189
0,0,138.65842639882706,10.914879261365048,-1.0171396547088705
0,0,155.32240954296694,12.720984477213037,-2.306878304566169
0,0,132.09617491656033,60.702647144818364,-16.308172153467495
0,0,99.13445400237013,13.546532738957858,-2.586811501030283
0,0,115.30194046165258,81.19909844174092,-18.57059121163593
0,0,120.49113454495165,84.56292532149834,-19.30360741986358
0,0,102.20103917066298,36.8094619739012,-8.498840189576896
0,0,114.68220948616352,73.852110215215,-17.215030374675422
0,0,110.31867721485564,48.52624346083834,-11.370097305606734
0,0,128.199574889859,84.46234889834825,-17.899830523071913
0,0,170.74846110400975,39.360208862876426,-8.99426350681189
0,0,162.60453474043757,44.02581492021109,-10.051857019943483
0,0,100.42758085371165,11.02023506805727,-1.9508086471588086
0,0,127.43270187661822,48.33294916285477,-15.203995321599294
0,0,121.05072773074328,71.05271264863498,-16.98907274546339
0,0,95.61790666886323,19.02330197992905,-5.073296533679837
0,0,105.2942980843202,36.37176935013506,-11.473086809406084
0,0,102.68283298780361,39.74357390181704,-10.31687362058257
0,0,98.23782846493012,15.513438581373665,-5.6149280090763085
0,0,112.61929625457797,44.56588165066508,-10.533372976140058
0,0,159.0917509783123,37.12328770426513,-8.049529919371665
0,0,173.09853936643708,52.0202182969612,-9.93440534017067
0,0,120.1484681722892,42.08738503479835,-9.669071702425839
0,0,94.28298377028054,16.171249973743873,-4.190924144938492
0,0,86.4442411023426,10.810702056430005,-3.5778166540531373
0,0,101.30018528344782,38.74498957504818,-12.514215528846293
0,0,89.56143610326583,20.84177980687269,-6.662751495399377
0,0,119.08896614806825,80.51678729400786,-20.831736837429645
0,0,105.09121259847106,37.058928467729956,-9.710471464483604
0,0,135.2102695055171,85.17221008776825,-19.722350029123803
0,0,179.34571644213437,39.825772801090274,-9.183233473687693
0,0,156.15623331699058,61.149216282277926,-11.163103779269662
0,0,126.40556429906762,57.182270185412186,-12.823596188481815
0,0,122.17394973910925,82.90047234738671,-17.94325932260641
0,0,125.50634280425895,93.20431067171656,-21.373421152343738
0,0,92.84365010600352,17.524564550973043,-3.5377378799359462
0,0,107.04675068509636,71.32076242529973,-15.754815589110436
0,0,118.54782806531666,100.3445797306266,-22.57374477047908
0,0,121.75940142026933,84.47200152039632,-17.878441086338043
0,0,126.35184271841236,59.807270789992806,-12.126780333777802
0,0,181.11683953105975,52.04463141697283,-10.339869378652182
0,0,178.59797869543635,63.80806965034651,-13.137373095983577
0,0,128.87962503197957,63.379953842696125,-13.85926130179979
0,0,124.47777688335267,83.77873822034694,-17.890145039491586
0,0,126.41410035102656,73.774679870065,-17.289925106954527
0,0,100.21351072729384,9.274243054083257,-2.6509903791354077
0,0,77.10563588641617,7.684581824025225,-1.4268097187931943
0,0,99.12319729640038,44.059277824618576,-11.869108426088346
0,0,110.57072313684111,59.06416328454337,-13.589610675465138
0,0,115.88090697121291,46.59848416285047,-10.20566228784105
0,0,196.5791551428551,101.75480109928316,-22.84971500312146
0,0,174.37376658159909,80.25722778176235,-14.941625980793134
0,0,124.99174243417121,69.87791562729747,-13.558271557562833
0,0,127.36112600401697,64.88567624684399,-15.142849431805743
0,0,113.91218504869354,25.76872862076541,-8.34432158819142
0,0,95.96742002078624,21.602828049636607,-5.971483790045809
0,0,100.11843520567415,37.428193603260034,-8.889308372956961
0,0,115.36554708521382,82.86366676234476,-18.2833820135951
0,0,98.46507109118365,24.98248753982891,-5.800114666490288
0,0,131.21666682727172,88.81856206745624,-19.576608071615524
0,0,204.74447264858733,65.1632775709804,-14.674575058725551
0,0,152.4349907773448,32.11337832196973,-6.358955972776627
0,0,120.510587221129,52.631972170740774,-11.479311304582097
0,0,87.77245872239448,7.371361638668236,-0.08965816977260488
0,0,79.99491943364156,7.814998710960054,-1.8093097029156695
0,0,96.75679510990815,35.732014208880955,-10.987798111651216
0,0,107.1664141173388,55.80773175203805,-14.088362882310392
0,0,118.80161974029242,33.10728433977289,-11.305036007557305
0,0,116.72008136479116,76.9645068665161,-17.142233371245965
0,0,127.27458653435622,88.51691943335717,-18.21972096276268
0,0,202.41053693329084,105.62602235266694,-23.176495715910292
0,0,173.33105325983655,48.01397223889974,-11.864717462173857
0,0,123.4057371785652,25.3224266089721,-8.506184882526526
0,0,114.11571264081944,14.512256096519874,-5.8222966959884985
0,0,118.71449079559599,76.35099140726177,-18.577851361357347
0,0,118.032570203843,82.83114962718807,-18.76764562470808
0,0,102.85154754464942,30.30076462536158,-8.76044864132929
0,0,117.9431627114125,87.28783814486974,-20.807066066651373
0,0,122.98375240542904,62.56568983544729,-15.270113410001187
0,0,137.22083281951114,85.58279667602244,-18.68681701459988
0,0,198.39709615288328,69.52637825051012,-14.675652984885062
0,0,167.9629421671511,47.95269577694536,-9.164596975821993
0,0,137.51438005121997,87.39049381644904,-19.12767296198541
0,0,130.25990350013427,75.95743588513429,-16.695031397793883
0,0,128.13364437433017,96.40190597132677,-21.847333501954324
0,0,124.21466696838988,89.97083389747739,-20.090821121317333
0,0,108.52968849792589,41.634859716942636,-10.926926987349304
0,0,114.1053401474032,71.28779045454915,-17.302363529403024
0,0,174.63065300051213,20.89760365640986,-8.783396843833046
0,0,108.8975776004803,18.932479253403447,-5.29925416289187
0,0,185.7840194620916,76.39373151386206,-17.2035219277371
0,0,275.521561232266,14.25505378778872,-1.769405299206639
0,0,194.2051804693661,27.133715506667894,-9.468514029335267
0,0,130.41532086050222,100.2584714111297,-23.633620950772
0,0,127.60320753068783,66.67398150782323,-16.95974681318252
0,0,112.65735140255428,100.74947726415088,-22.78150975377345
0,0,112.28948497211663,103.97517129600574,-24.827968419464163
0,0,260.9810485435691,49.8183772359801,-12.166874959750274
0,0,129.91229460601883,85.78385566735881,-18.566744494752953
0,0,132.26043440246343,92.49336654040636,-19.249711111887933
0,0,225.47415580225922,133.70126197790853,-32.13018368086975
0,0,162.21066339207985,25.71006385366959,-5.583890076424453
0,0,124.44405210967692,60.427464390903424,-13.31748187575397
0,0,90.36659665367968,12.654074010074842,-1.5788131591398127
0,0,116.21036683586452,94.91426869674541,-22.869033130764493
0,0,124.680238885991,103.37198710238403,-24.672805175963674
0,0,146.67470874505838,66.19220953931924,-18.665374738348405
0,0,95.5044780687289,12.233155253736477,-3.3169109678851356
0,0,112.85357857308449,78.78782002899952,-17.374574014186877
0,0,154.54972113177803,133.53633714764217,-32.3741014621219
0,0,203.1760609555846,81.70172787105034,-17.140658753620784
0,0,181.6249216675799,76.83056139392234,-15.036007927171667
0,0,130.44867154425148,61.09017429042368,-13.639829353014221
0,0,131.87360274635873,90.172087818354,-21.349558826185103
0,0,128.90729635048126,100.1784420054432,-23.46516328463752
0,0,131.33456183440714,94.227055432056,-22.107520570682667
0,0,126.11126888750583,81.592697281544,-18.642336708664686
0,0,118.77576219113128,78.99826451671771,-16.967503654369608
0,0,138.5612877145825,121.37182416561664,-29.47512473514694
0,0,121.62878735563334,42.19474789379377,-10.04245158580656
0,0,179.41958219852808,66.02695982648581,-13.832619617014174
0,0,150.82270853841763,70.11276962522099,-12.43770919127968
0,0,127.16815228224137,90.85623996730043,-19.45543648980204
0,0,122.98671111666582,85.31497792696092,-18.33910656888051
0,0,120.91618005384998,94.52026555863664,-20.419921488929816
0,0,120.6335834545347,94.28419866579608,-20.596653823524093
0,0,118.7224147004025,83.19072243280077,-18.571225285847405
0,0,134.76173568365869,126.90315923862921,-31.42193335455209
0,0,128.19760241570114,86.0737447721428,-19.580047924212806
0,0,135.72876947968697,67.17256795407587,-15.105724386723693
0,0,205.42096326837708,89.30670895388727,-18.975907299468105
0,0,166.0098753412523,61.67091992808025,-11.532784896416757
0,0,119.18273802297443,64.76936828783545,-12.703270038950293
0,0,123.34557671675101,86.16178794781686,-18.96860487813258
0,0,120.70057955955109,68.07390770891018,-16.0055602360395
0,0,91.22666340284934,13.640866002110892,-3.6591472395787434
0,0,130.00451344092716,120.03290369101151,-31.60351635686417
0,0,109.29780847758829,47.71613795044791,-11.750700351046547
0,0,119.1652691570133,73.86729306051575,-16.78092731764214
0,0,102.09501301664974,11.604066187649362,-2.9628809158580225
0,0,142.28369786824126,23.10554348513599,-5.4916269947025995
0,0,189.50046684904333,83.7377091619332,-17.30467261632316
0,0,130.18725070198707,71.58518073682599,-15.417905540793242
0,0,121.90643009743725,72.85833054063238,-16.547508748541716
0,0,105.7723283300792,41.96065195519339,-10.68609503392635
0,0,137.26882969068532,137.19568443001268,-36.016736276173816
0,0,126.98090326994685,113.34697207272013,-27.705280944213612
0,0,124.77088200878474,72.33599156892113,-17.09162368126647
0,0,122.8011965213032,64.2217245739563,-14.980193544706296
0,0,128.1636735929746,62.44887650355665,-14.195627103085457
0,0,211.0174392570955,35.49662234981863,-9.601685465600994
0,0,184.8539638884937,57.703627289809646,-10.749412627894216
0,0,131.35908172867963,86.41910216054335,-17.444031560102545
0,0,111.69072570462761,50.58768110575372,-10.726105116670624
0,0,132.15245844640913,119.19301727864031,-29.821905205356153
0,0,115.89524708506158,47.75201220546426,-12.89496124098369
0,0,115.63571936454636,60.13917082050434,-15.057677413348927
0,0,95.31034806899869,20.269824047558323,-5.845583071405045
0,0,93.64272886109735,19.20974486555389,-5.863432260458154
0,0,95.69337080948827,16.743951158059332,-4.1805041920631965
0,0,137.20790971295975,17.199649495653365,-3.98333881600405
0,0,152.95740169165526,61.569368857228966,-12.799638751191452
0,0,148.30814406891966,43.42142866109124,-13.193303725387722
0,0,149.27510984859768,127.08523786843651,-33.450859868295424
0,0,126.85101471304708,84.76526218426517,-19.475267160766023
0,0,122.4291017410904,82.35113924415883,-18.264676824356485
0,0,118.40762369529254,74.49552209025173,-16.903726356598426
0,0,116.52006795076257,49.51241005393279,-12.886860942932046
0,0,118.78204236747291,75.95414374178806,-16.540422969228445
0,0,126.76436188280255,57.210376137269435,-12.706329447020678
0,0,191.60468867735977,70.95094498940566,-15.151071260747912
0,0,196.3481716173367,97.67624701121238,-19.63976186307876
0,0,162.77751165523367,131.54241010016247,-32.38930339134209
0,0,112.6019634213174,36.78815328730817,-9.869782610117511
0,0,86.34035746336289,14.006379646442968,-3.554546130491886
0,0,103.82584775409826,43.759162138584706,-13.651586145685371
0,0,123.67953699657885,57.22583693765533,-16.480677326651914
0,0,109.18460659862153,54.56164105626171,-12.367813077367728
0,0,106.73033862363829,44.85418244067676,-10.745333417133708
0,0,127.5656851774553,88.08310735136429,-18.492816725646364
0,0,182.48588396536147,70.70342057136668,-14.13229365726231
0,0,305.30524085218684,155.4225494311089,-40.16368201432495
0,0,110.35274207028274,23.3240865732898,-6.852862795855842
0,0,103.58882210946418,42.26272776604854,-10.319003053142794
0,0,114.41704774463422,56.12805152393694,-15.101613472252609
0,0,111.52066215683476,50.70863127566496,-14.633228136185409
0,0,103.52306163481104,10.930565674644738,-4.792116324599817
0,0,105.98569562087756,35.41492521362119,-13.713070208391713
1,0,279.0463952244475,7.518755895861044,2.230768110842561
0,0,187.73112352128337,7.669920595734933,0.07700295276268321
1,120,523.8265159365179,15.519060854687003,2.4205253865309544
0,0,196.69548577393428,104.65099923162273,-22.551842790424274
0,0,147.88603459914134,84.25190441063006,-19.674038858160927
0,0,127.1736956147884,86.46455684148175,-19.444778759097446
0,0,104.0677819120102,24.94174004630661,-8.260232779845879
0,0,72.28817382946178,12.779100553751151,-3.1259859388572693
0,0,96.90751934210743,91.41965131510104,-23.6484001638512
0,0,127.65724652097768,70.7020632841976,-19.402380330156603
1,120,568.2528914753585,9.961349829486794,10.277518595317659
1,120,741.8836701187201,10.301093066638174,10.701915032963555
0,0,297.17486107837686,106.97815471833263,-23.754301125071592
0,0,172.39684868887213,65.28742602927406,-13.682074547353949
0,0,117.07623764692391,46.69265678962312,-11.094840406452263
0,0,101.6301325986097,35.67617411521543,-10.241276122719086
0,0,92.37632109935375,48.18580262861935,-13.124406278358848
0,0,78.58519555384895,36.62569395474518,-11.633153560142006
0,0,158.6775654133405,30.01159387203143,-9.326867134442793
1,240,484.6275143255947,12.125694929970948,6.219443641856969
1,240,712.0720131067214,8.966973634412973,12.552872767400245
0,0,203.6887908760399,78.94579959194334,-19.38755884546329
0,0,276.7349502489738,144.328141868088,-36.10862419732054
0,0,177.48554861464663,68.08397906848913,-14.29809349566034
0,0,122.40853813119197,87.26409283902373,-17.929848653033645
0,0,94.84435671723757,47.251541440322654,-9.986705894714092
0,0,96.86069008494624,61.67754031283573,-17.029056408448852
1,0,320.7632714339152,5.149928353990092,11.540066029406063
1,240,561.0778920295638,4.464404478649413,12.1101410171391
1,120,633.9320639178011,5.703945180893131,11.430624820504917
0,0,112.56241191363513,38.79538608081224,-11.30347724178742
0,0,143.25158186864792,130.51927548074255,-35.56798082090362
1,120,669.5409358402832,20.683726242899702,3.736641523585746
0,0,169.43110909591357,13.877503244346961,-1.9597807972512271
0,0,115.6107120197636,76.27654998172875,-17.147406360021265
0,0,79.45167284403159,24.605008290061587,-6.660183494842897
0,0,149.190429492511,27.224224180045336,-9.835288973013093
1,120,684.3950719200769,4.211864685981399,16.983931307859493
1,120,687.7547168695684,6.1968010596434135,11.74384691307165
0,0,109.09542582735861,37.99001302648204,-10.424359767331666
0,0,116.61191269574441,106.39498329084199,-27.627717816294535
1,120,657.8057121742568,8.238147425140676,11.226939047971058
0,0,242.1333551297634,11.731731499731483,0.4367291047895776
0,0,146.20521455125834,77.35876269106592,-15.075706256761961
0,0,96.69221358532637,86.74929114286834,-18.791634765709006
0,0,155.6948897491646,63.63837987576321,-17.10695770928072
1,120,438.9437431914212,18.481897816240657,3.387055274990743
1,120,436.004076532733,22.212706629042973,-1.378318893470393
0,0,99.33147469698683,23.33811969528377,-7.380232885445807
0,0,114.18514599838717,104.83421134060845,-28.372078668955886
1,120,673.2139547875871,4.7242396898511405,18.588498371619252
0,0,132.93772988239806,29.895228156122073,-7.994539833381211
0,0,227.30583611504204,125.84590473005508,-30.82707134910202
0,0,134.85579096002434,43.073569676924315,-11.90252413703324
1,120,295.7051184374998,25.793004568137615,-3.1418008064818963
1,240,766.3033082909135,2.9962768534459743,26.169627026798835
1,120,548.2397152275522,8.394627113566557,9.278841144335914
0,0,119.44394348012966,77.97996703774074,-19.310524112720458
0,0,107.55918586803381,118.26058987194438,-31.518560980429612
1,120,419.4355656722561,16.32173918861374,2.9135180859552747
0,0,122.24049240179049,44.51117864598427,-11.685168781290272
0,0,166.13615903158774,144.20805083207634,-36.62851221121507
0,0,269.9102576791886,150.36124001689782,-37.850996723041575
1,120,392.6245179687878,9.661850517878765,3.7404459688546154
1,240,376.0345139416254,7.946553589331179,3.8554353271061927
1,120,425.77346522315577,16.126914332758677,-0.28207327319744024
0,0,105.88622170860705,41.36191504293413,-12.761789804717964
0,0,114.03996509873492,107.66785152975692,-30.310734150791774
1,120,762.9682399159865,4.623954758559827,22.342164864052776
0,0,121.34461504420345,55.61115974993345,-14.564119331086033
0,0,136.12519144117985,113.9658950218129,-30.340725860994695
0,0,148.2136806944524,122.66459687647362,-29.531631315293176
0,0,207.80591124637638,73.91131103854649,-16.01301589197614
1,120,462.8179355786791,10.721547060415324,4.690341977166625
1,120,461.0494197831808,11.652722766776494,5.568503056353407
0,0,125.58523043451427,84.97149763783675,-19.747839812425227
0,0,130.52681099465383,131.01147978945556,-36.07102888053164
1,120,595.3312887796232,9.223134514026377,12.42709357965002
0,0,132.8794285341579,80.95057771716294,-18.35060973186708
0,0,123.75271125341146,111.73506360643088,-26.434612076266518
0,0,130.05396132757377,114.50790743786297,-26.62549483368028
0,0,119.88549429002694,46.771639351482435,-10.20181557095809
0,0,180.13043241126277,71.38994075324635,-14.755799965215914
1,120,520.8911116357799,10.96084021763713,8.229543435471157
0,0,130.25931402509858,88.72675025400424,-19.66403105352309
0,0,137.38570445256667,124.59816796260563,-34.22394428273674
1,120,767.1312939948722,5.99616125706371,17.791625606343985
0,0,164.24802514808047,34.16296858260622,-12.544434448974997
0,0,145.65518899873808,132.4396779934896,-34.20871593375774
0,0,134.28330867585646,121.57982120466296,-29.975171510173965
0,0,115.69756889905895,46.66994388837912,-11.957091506882705
0,0,92.12272213737043,9.734528553033902,-1.6049475845562426
0,0,172.6918809442285,90.21962174772162,-20.059762052858417
0,0,149.46971596277976,67.8382667732131,-16.139571820635425
0,0,148.24779089411302,142.25550660402786,-41.26100027680565
1,120,441.2036544455067,18.229817822650197,2.7481832353123252
0,0,125.26319568810052,62.54421148795812,-15.756712527793113
0,0,121.7902241630002,113.70902120545512,-27.89732617101508
0,0,133.3060724272876,115.49524721800515,-29.709811452670323
0,0,103.36915197020743,24.15953472881429,-7.569445914102673
0,0,87.42889113309094,8.896290017238972,-2.6814259412863635
0,0,94.33168347707417,18.911118224619056,-5.456668369843101
0,0,155.6834970104943,45.50360103339784,-10.763969914999407
0,0,277.8876006648901,142.7185147993808,-38.078444426650584
1,120,669.9789157917912,5.298100975666488,21.170607079311495
0,0,131.89227323450794,55.5588211683796,-14.006641284354373
0,0,136.33129231855764,135.57716279858056,-34.91193593799767
0,0,136.1973907969919,133.17447572483482,-34.62250748021667
0,0,128.54089227157442,91.81531496410813,-22.52481537716001
0,0,92.70629108663239,11.012096759752342,-2.5930201443510157
0,0,95.92490980186722,36.00179308276375,-8.722282657750071
0,0,127.79563712166126,103.85407673384248,-22.66460232103215
0,0,200.2787004667646,109.55562861315823,-23.78399693397582
1,120,571.2325517480058,22.50984963958822,0.20550865962226794
0,0,145.62194033951423,64.56423743499188,-14.608393562902506
0,0,146.61977420615665,132.8952066701875,-33.736615979601616
0,0,136.43415571228329,122.90012951798168,-30.815959198545862
0,0,103.56037993899275,30.90311856353414,-8.048658067330877
0,0,87.68846986586887,15.897401043257041,-4.252587862004745
0,0,100.87542317600895,56.83877906686911,-12.622288194240994
0,0,115.42122980396854,105.92643765262376,-23.610313439548413
0,0,138.72483302880775,121.5031777972865,-27.64128700442017
0,0,214.92370894159362,126.14068151257021,-29.0722022774631
0,0,205.4245227907079,59.76071150832638,-13.145568505166935
0,0,166.33473276620228,143.2318148161151,-36.288289125142896
0,0,145.29386347398477,139.94860935027748,-36.3821849479593
0,0,135.1653787143386,93.7900811597437,-23.843393835736045
0,0,109.42286787361887,26.860151750878817,-8.911960674162017
0,0,104.16060155801259,57.58756479762955,-14.154845563383887
0,0,113.76937338524237,108.20178519930602,-25.59130394290399
0,0,124.5260118117528,121.57457976591434,-28.7449407250639
0,0,150.67087337249728,135.90467330463042,-32.573195480574306
0,0,244.27537137671345,138.10594762602233,-33.19190924427948
0,0,283.45875189919116,163.12654028116143,-39.95417332694902
0,0,174.12317167508604,148.83943231587406,-38.38430597441239
0,0,129.5174937008741,80.53212897078583,-18.863977349286912
0,0,127.00903936684206,10.007521056975893,-1.7725069788911298
0,0,114.67196168938943,85.20002725512144,-19.69031342958887
0,0,116.53231089381124,106.75275119330433,-24.481129825785565
0,0,123.01323749327129,112.43786401472671,-26.747326909464057
0,0,130.12787242820096,119.42012463224253,-28.233158293172764
0,0,145.49389956013013,127.02662905333834,-29.352103770216644
0,0,229.64983825017853,132.74542858715887,-31.34784706689262
0,0,258.0371875432809,152.74169068383125,-37.416999345043536
0,0,129.92409544279076,56.362457905879175,-14.516997049269676
0,0,101.97943056542351,16.033925722452654,-5.574130617519444
0,0,102.72895940934534,49.174055689755605,-13.834373888999266
0,0,118.78239378528265,89.78064042310614,-22.60119489988432
0,0,117.01456948934539,121.55823456298478,-29.79304954478213
0,0,122.3237444145215,131.11301642108162,-33.19699768982659
0,0,132.72533749262024,129.92128940819384,-32.83837588371803
0,0,149.41335308052234,116.41832522638228,-28.337738266452575
0,0,159.1082222711361,16.891373842476757,-3.8613799253779746
0,0,193.9272656621611,86.11651375719349,-16.93958325325751
0,0,124.65205744486228,50.578512197749944,-10.33642424210315
0,0,105.31432889947484,41.07116680425057,-8.7654948152623
0,0,111.07206031862611,87.88645232371476,-19.186895493337488
0,0,112.48330889827061,112.52896108653117,-26.448128424874533
0,0,146.34034036712893,163.5475592096246,-44.476691788462226
0,0,136.08398486897434,160.6594109453356,-43.621724615536145
0,0,111.3464609477338,129.14037279155087,-33.160776200495896
0,0,87.85007671411142,31.04216469243079,-10.852264748947746
1,360,299.17229723676877,19.444396714324576,5.554881028710156
0,0,145.87017734588454,41.52355494946686,-8.72028004003215
0,0,93.48256169226886,23.722961145001367,-5.844563268714907
0,0,105.5538938211857,98.54908373549637,-23.047398206453323
0,0,113.29670509509637,127.83184688599762,-32.599129115823764
0,0,157.87543725854286,180.7625955046347,-51.17503062271124
0,0,154.31746796772126,186.63162073746514,-53.640179058144554
0,0,91.59568044321239,123.73377818506528,-33.42743082618131
0,0,51.862081655221985,9.631140993227138,-5.273700972169294
1,360,144.08551900325537,9.414415442545728,8.479400378504153
1,360,303.9298368891349,24.569173742914543,-1.7392656383543823
0,0,199.18828501134576,63.546134885555134,-14.703430719299561
0,0,154.9626710663866,128.97761384506492,-31.6041292952686
0,0,125.0599401613757,137.51923858835698,-35.075844121664794
0,0,134.55901295167766,169.04574182157157,-46.81730804876122
0,0,144.7717246250754,189.9284857103446,-55.61509565894935
0,0,74.32624408911106,112.83435791918298,-28.14271817480892
0,0,60.12261638330364,83.41621981279287,-22.536366095712438
1,360,157.57721957078212,24.9019635906792,3.8157105777570735
1,360,315.9204846225434,65.15618791140582,-18.340723458119783
0,0,256.12583741221465,153.21388222641318,-41.14596336298822
0,0,179.01124603967952,119.773380276829,-26.158662979431192
0,0,125.98347750140606,130.1238717377891,-31.799429436355652
0,0,131.5142270236465,161.58710228616502,-43.74934261849967
0,0,121.89723655409236,167.5050042963069,-47.12388293001094
0,0,86.47631081149511,133.0211600316315,-35.87610918397147
0,0,55.56191038059096,35.028083931213004,-13.482737467120486
1,360,174.40864763322944,32.52942654715687,-5.363982571980273
1,240,334.42573838485424,85.4727481211393,-31.738399793500875
0,0,157.30440598984742,144.56010802097097,-40.863795054928644
1,120,496.21146962861957,53.07227107465602,-11.48950404753161
0,0,334.4849806259398,187.49686242929246,-48.27857698270279
0,0,272.87368471623796,213.85870027429434,-62.51056816554694
0,0,211.35319063414713,212.94046662597276,-63.51420988920938
0,0,105.1875804307459,154.7236042959422,-44.05417115369195
0,0,48.57234050972103,14.546152177683444,-9.7223075164312
1,360,150.76114240536452,24.26028622756997,-3.7739886471809854
1,240,292.6861900586298,88.18901184861421,-35.5927202830548
0,0,137.01221533717333,144.56298142678634,-43.56047040473147
1,120,341.9758706745071,33.63442074405776,-8.393636709989138
0,0,235.33992740898583,57.54052541172513,-14.129810199934028
0,0,334.6665616090451,188.31303963388066,-49.09019989932257
0,0,209.27501906798426,197.8832137060437,-56.66286102180303
0,0,100.80577443333202,134.05986013582003,-37.19793198892957
0,0,47.23126779946805,11.161723230916344,-6.48161234503533
1,360,106.09877280320215,8.049784122563864,10.951867087128278
0,0,133.41009209896785,153.67486893023775,-48.56039654994605
0,0,94.89386128417607,110.44499825029942,-30.80617331988205
1,120,479.8901755292589,9.473239943570356,7.526608764626388
0,0,127.4106078988387,17.953687494581324,-5.238361902782913
1,240,1275.8127905936062,3.0343598586925684,45.12973523422802
0,0,250.83183013314883,170.33816799102368,-42.858957116910766
0,0,123.91326384822482,151.0147449103513,-41.19506712671544
0,0,44.65693679618451,11.244031326830173,-6.820630690105702
1,360,92.00555830600041,7.039971944522463,11.799370678190087
1,240,203.8901646170739,60.461537352575725,-27.618978160079664
0,0,110.79900868046545,138.33652761328582,-41.575770567238735
1,120,331.8415931890296,16.54568796170285,-0.7916205934931071
0,0,108.7156792077404,32.67597024374008,-10.10983253867964
1,240,624.2009193403765,2.713699862549838,51.66718830521795
0,0,312.13755125320233,129.51701998096587,-32.67108068697126
0,0,263.07595213189853,175.5709143260676,-46.10324273352912
0,0,75.84994636786935,58.31930863284439,-20.55881544495412
1,360,154.44466987878533,28.274800546963178,-2.0980935185816776
1,240,243.4795574064326,90.7338819729319,-34.4826412770681
0,0,101.10055729540409,137.08533987101288,-39.87599197667375
1,120,297.2924840201112,24.07807042512325,-3.250238064548199
0,0,103.2602351213077,54.46487658856516,-14.28791660456612
1,240,657.2320169318425,2.577406210957469,49.27001790920686
0,0,188.71617031407493,125.97789368763387,-31.27145697626478
0,0,181.45162734314923,45.661688890530684,-11.121704017211897
0,0,126.0285496695186,23.977891080666232,-9.047361938071433
1,360,157.77713096028532,16.541677466902772,3.849517301132394
1,360,247.21372305262977,70.98022051850432,-29.253626761222307
0,0,94.94269702367023,142.82854169542614,-42.657564579441754
1,240,243.46012740237202,29.287914344092354,-8.0013984027687
0,0,94.64345909065545,47.40236275737219,-13.641049945871316
1,240,699.6799782182503,2.3340675889370455,50.09633285370178
0,0,198.49075466720566,136.12338424877723,-37.13614145702102
0,0,125.17595338282031,31.453559877296335,-10.711431582626673
0,0,142.87690246712486,13.605018820641794,-3.0244442378407967
1,360,341.87853927727014,35.239791851136445,0.1621855391230156
0,0,188.8219244026871,177.31901356446963,-52.34794109910367
0,0,107.18569675264047,145.9134388423285,-42.289569042906834
1,120,220.9454911685531,32.27329996070333,-9.91161037226803
0,0,77.3381214396697,31.958163870652246,-10.268419782922109
1,240,328.4791595691771,2.494868666730652,39.03284749327669
0,0,140.92747451596554,116.82710691148611,-31.860369252030473
0,0,110.16625257389958,33.872509128426714,-11.271356099024288
0,0,94.74729738540165,6.267076768705436,-0.6903008184506518
0,0,118.95022412957495,9.976227646155127,-1.9171551583846025
0,0,212.20790676376217,160.39237191443502,-39.18873479070778
0,0,135.50035923942048,156.85848705985163,-42.839559729991294
1,120,324.64004469451265,44.93449341125473,-9.89647713442075
0,0,110.76636083233564,68.49824765917003,-16.772642081278818
1,240,900.2341222314934,2.481408375874024,51.92128297756433
0,0,180.1295141905341,131.07294757114386,-34.494096884488805
0,0,120.34630506310914,77.84327811235843,-19.308035371440397
0,0,122.93575553425488,12.64493578542462,-4.9531130508459
0,0,123.37893873655865,75.7170588835707,-16.569870432399853
0,0,193.5182153316347,89.83696784062225,-19.43529934963584
0,0,319.77193312872356,165.72903735326346,-45.247192350491765
1,120,362.6845594480622,36.540960971448854,-9.822892822178702
0,0,119.08037341581742,44.85104912880775,-12.956091278921946
1,240,776.1186117657394,2.354415164602514,50.05289877021552
0,0,168.2195905288382,113.5717041737765,-30.415435654962117
0,0,146.62278959768528,16.587444396086195,-9.079192463487644
0,0,88.40684722136682,8.3208228188456,-2.728870544160216
0,0,86.84131488719221,16.571974571184548,-4.809083093708622
0,0,118.55513982297074,54.62688830514686,-13.269894606182532
0,0,139.93816536522368,16.09901053005427,-3.0115249757819242
1,120,435.731104246981,20.77415189073223,-1.536837446339959
0,0,103.79596590421279,48.95072058373761,-13.920803487975505
1,240,389.8166216526902,3.9410516025934554,24.696355596429157
0,0,160.29515292758873,124.18725649178437,-34.304033139598204
0,0,123.80434699932509,42.9605394220368,-14.657518462436784
0,0,85.16602683579788,10.82724218889981,-2.7438928190204877
0,0,107.83255491582906,60.99641318156931,-15.83241042074009
0,0,118.90416572438349,67.0917082929402,-15.70423760284153
0,0,123.03872095250594,58.746110471001316,-11.846361013751562
0,0,180.06885494215126,66.60150381691777,-13.432555777233745
0,0,137.38398137169315,18.789029160819943,-4.7067646517830894
1,240,451.0843896492928,2.43163004943895,44.16426213612068
0,0,161.73750765142358,119.16371287109124,-32.50233240348985
0,0,102.70999418367826,28.576943139234892,-9.03962623269139
0,0,90.17501159905544,12.91470563479166,-4.932695861236311
0,0,88.8589008893517,12.414387383966256,-4.818039391945746
0,0,108.5538343022719,63.54465486497185,-14.781511674491355
0,0,92.75649282116116,19.8843328327066,-4.750066636475282
0,0,88.20037225406254,11.482597108082391,-2.590758612996737
0,0,131.01054327777717,17.25947481547486,-4.351693661258793
1,240,930.534680769236,4.847146374777364,42.995821882919174
0,0,216.1504518350712,120.53771344332657,-30.77995435123743
0,0,116.99178401200479,39.097010665879814,-9.557242147328125
0,0,117.6233611684993,66.8905265681896,-15.721664075753651
0,0,102.06314735654804,32.324212668768396,-7.169677975620942
0,0,107.56740451035816,57.461358749744484,-12.731475773457547
0,0,111.14058679152357,62.83199968547511,-14.13963835021194
0,0,118.40604798317796,56.49560200147419,-14.485710770884992
0,0,107.00654168602814,14.823802234204912,-4.21241397675584
0,0,174.40911241162294,70.92147453076674,-15.51653578438868
0,0,219.76069169107564,121.82351200841059,-28.372474965338057
0,0,124.46766511927913,29.627468968864523,-9.814538894442464
0,0,84.22155179594262,7.832665102995678,-1.0851071262275696
0,0,114.65007176066074,37.599839892858306,-14.18548719965358
0,0,128.41989118444332,71.79187824560405,-18.891897750398996
0,0,110.98668846297834,48.725692478564596,-11.30104662397676
0,0,110.90251822951868,54.06299324330196,-11.574871572203634
0,0,103.72273496708829,33.7919454714077,-7.494598737389438
0,0,90.73802260644815,11.936607861230845,-2.0116005121842875
0,0,150.90549577275513,37.36325679771675,-8.76531516090239
0,0,130.1506465694832,16.423598897903737,-3.0152078901602692
0,0,100.44633069426953,23.616775082859984,-5.149602081079479
0,0,98.75853897048381,30.22816420104191,-6.711030962651677
0,0,122.18656677208442,89.26337683905366,-20.862182967484117
0,0,107.97168236030724,24.576653261569593,-6.995592900859592
0,0,88.86328227591495,15.523356524184837,-3.864497456917732
0,0,107.10985852208893,63.32660090557178,-14.935644547398184
0,0,116.1466468517195,80.97934065376693,-17.39686172272033
0,0,127.14442591205535,78.12806295103324,-15.972614796801452
0,0,175.69650321742498,55.751148038274586,-11.519855066454369
0,0,175.99338325029706,78.01919841261673,-15.08267578913646
0,0,113.50024402328064,32.506294908381996,-7.821474561309984
0,0,97.77113427754954,23.404023928915645,-6.680838462281798
0,0,86.74177862660062,20.137394693610855,-5.071267496203106
0,0,109.5656908731284,76.49316001860853,-18.548271799391898
0,0,93.57856110264639,32.79022783276983,-8.489889175291523
0,0,90.86483342349818,46.93731863126565,-11.813463130079356
0,0,96.82919851477104,73.35530701327491,-17.895687904890252
0,0,94.63448660044895,47.172818784517,-13.192331478263455
1,240,443.4704580230862,22.924139889106925,0.982529618126506
0,0,157.97055812439606,45.165900044161084,-9.792346297040737
0,0,117.46522315412054,17.338753381450825,-5.441735922162792
0,0,99.04441169067046,36.84685595737015,-9.047266826939705
0,0,105.25276276642172,69.1316603707538,-15.901117645505522
0,0,109.1529676596874,64.29309044452113,-16.761191757809883
0,0,102.72240716760263,86.65972462893538,-20.392783112678543
0,0,87.55388818080043,66.01622426254752,-15.363084541259184
0,0,57.4801981793848,8.6951037802305,-3.196463287463075
1,240,175.08274634470135,6.450814555733688,8.51464433675882
0,0,158.0320562410989,39.246113715130214,-10.233350195075602
0,0,172.2211511200652,80.54946326064179,-15.895971076489019
0,0,132.5520771763647,36.99777834899611,-10.931339087070839
0,0,103.93705448679043,26.13032472280965,-7.866520250083752
0,0,93.52708406155006,27.671686744564322,-7.964194098410218
0,0,91.79536511154801,46.36309591359444,-11.933134069592356
0,0,70.76397843216404,10.265123151754851,-4.678606472841693
0,0,66.29770179574348,26.020265338507617,-11.434011986123735
1,240,226.47249979152866,8.024205035117106,2.5722382095306386
0,0,92.97740425881034,12.301491594363448,-3.7700151154557204
0,0,146.56401213499325,31.54859885758116,-7.970878297389547
0,0,172.19251623660136,60.707498724486506,-12.458549097030271
0,0,101.7167514206791,23.64321691401261,-5.487172623366973
0,0,73.16409405627364,8.878025299809007,-1.0082467638928847
0,0,81.34645532577781,45.75467028122411,-11.870011981839696
0,0,87.52756585324578,55.038178805629684,-16.875187733130133
0,0,80.9111676881346,9.90521643905934,-5.599107857499931
1,240,186.2918181971523,5.418814252039249,6.779236059460516
0,0,86.69245543659618,21.378854007903392,-6.94572296412683
0,0,76.70553537397953,7.696849750738152,-0.25181736540641
0,0,157.18349559118334,67.24039621446602,-15.119679303327985
0,0,151.4658598105165,45.71067035222488,-8.96031940069075
0,0,107.60252361921445,48.36589586496125,-11.196228872867636
0,0,119.33533270480615,28.54557211757866,-11.094010826025581
0,0,86.71931622692381,64.50277687291617,-15.988672726207142
0,0,57.67609093619284,18.150301009458385,-7.31692585938147
1,240,167.4917929088278,6.767304323147536,6.9672813347779226
0,0,84.81305598606946,26.809652365635177,-7.998455241637089
0,0,70.90444919956005,7.6397020047402,-0.32942804889134436
0,0,92.57156770083422,27.084723215554796,-6.180221020464444
0,0,192.73731961417982,122.95449320087022,-29.7298957533189
0,0,153.61365744723955,53.406087912313225,-11.093640949402229
0,0,103.39759414067885,80.09810752002751,-17.062250193419743
0,0,89.53159959761388,87.15834717325103,-20.22292519932705
0,0,65.34320001225251,34.84013936616708,-11.500864543820597
1,240,159.29906481393658,8.763782150004463,11.5586127000918
0,0,101.7752794900868,66.48354978623611,-17.294511577084222
0,0,72.27506367794716,6.762192386199957,-0.029252033225787955
0,0,85.28045867709871,24.965380667769892,-7.1780741749712575
0,0,132.27928626754672,110.39312533375838,-27.001405729955152
0,0,199.54598299741795,108.21591398116695,-23.69055024705922
0,0,153.40972175701202,85.58062357262942,-17.252667963078423
0,0,95.38464459561077,85.51132251126857,-18.708211735285516
0,0,71.62100144965909,41.2255437805063,-13.127846130956115
1,240,193.62334593703602,12.759020103751933,3.182133057744508
0,0,83.103612390781,25.02692064558422,-7.817828634593994
0,0,62.477931904701784,6.683967883663795,-0.36956494647790805
0,0,73.47925348328089,33.16498348368327,-9.578288127197439
0,0,89.51503761632303,98.84081384149371,-25.70947952406825
0,0,77.19073567666287,28.981293787104622,-9.165246901888764
1,360,216.60053869692743,6.438348089674221,23.94406881612433
0,0,134.58580005762585,23.239714570623544,-8.991008592526299
0,0,67.1183587379606,6.986734069973957,-2.861090869108722
1,240,193.78717465272075,6.484071249956247,1.9124575727287265
0,0,76.03733708089358,13.439432493370822,-5.113528542398129
0,0,61.234627029933364,4.775441633646053,-0.40474021335965915
0,0,54.83185688496324,6.069441678645277,-1.3341873283515042
0,0,82.73798483187308,112.7854378241959,-31.426123528299605
0,0,69.77169356609785,62.83585495860426,-17.72888411565738
1,360,156.11778140697103,12.651587755985235,13.446367874601279
0,0,184.97849048978048,118.62915831485842,-29.556539863900746
0,0,108.54137597411403,34.5926185579344,-11.460547991874108
1,240,197.02062660034372,5.868831656967554,5.515663538730223
0,0,74.55701789754946,8.099811525633687,-2.878633588959616
0,0,59.47094039530422,5.737464488524065,-0.660478194704126
0,0,53.457694220303694,5.925991134835983,-0.7388973228086968
0,0,73.24048208565652,98.70686836889995,-25.99628714177514
0,0,66.26597216834232,68.24195141182035,-19.08596673072543
1,360,122.76780049332042,6.479420916989371,23.376287063456147
0,0,146.5915474207944,132.03197203066335,-37.776112558666
0,0,142.93469369273797,20.66757055480092,-6.899953373961623
1,240,411.79855383119104,17.73854484396277,0.1387829167677097
0,0,111.16909697834527,40.822039632214086,-11.226822953571457
0,0,69.25373772273011,10.67696414769853,-1.5861472841859126
0,0,80.80723303689217,60.169431826723105,-14.80638851938835
0,0,81.06602391361281,111.54346230760235,-27.965837889565307
0,0,68.84943720066425,81.4672781714325,-21.91351499777737
1,360,119.13421969311486,5.172032551646639,28.997756528544627
0,0,125.56018908155637,117.76577206346965,-34.98299452129733
0,0,93.60242350553294,8.618050659838914,-3.3658720649147824
0,0,126.49859933017919,11.750819252998008,-2.300479438981995
0,0,186.39006781511796,73.86314900288255,-16.087635858763605
0,0,87.88927113595476,8.738497261771212,-0.4714606722624666
0,0,88.8928127079907,65.91725059339494,-16.131598337426084
0,0,86.72119234458543,115.95097082424329,-29.127229351115886
0,0,70.48919237707148,71.09530114337063,-20.145710812224294
1,360,131.1331654212564,4.315798680216933,27.713925336757598
0,0,109.4688355903433,111.64582919467759,-30.605029128145866
0,0,88.88871472288692,19.968659712794096,-6.552665644383225
0,0,84.97192517621363,7.080831793265871,-0.566371013817232
0,0,162.78992463915802,73.52053506727053,-16.658957859112533
0,0,156.76882257570125,70.06545228423141,-13.561832941050625
0,0,104.2438082265101,82.184864346336,-17.293153601481308
0,0,96.78953364650499,123.54791647825485,-30.7807152402912
0,0,77.32097565137236,96.25571603576103,-25.303598053397508
1,360,152.3257451827521,3.73845393132141,39.11615427676141
0,0,108.2886725607426,114.68157521898964,-30.774321658658792
0,0,105.1225341277706,27.319236086782904,-11.004923399312887
0,0,123.24148902872048,42.156187942889694,-14.519480506597972
0,0,117.34185283078834,25.894943693166226,-8.529032689946789
0,0,147.8920880543154,12.412790044678196,-2.4877374054868113
0,0,168.79780885854555,60.56426883008734,-15.570527203496056
0,0,106.04678563947878,129.00156851967637,-33.32838315039665
0,0,71.1338853531098,83.1320558608018,-23.291094061731457
1,360,114.9112092014657,5.981660665153799,23.974800279573984
0,0,96.19016223186354,105.84734679657544,-26.848297943690206
0,0,105.92234972665902,78.6705735203528,-17.82018023420673
0,0,108.83742847472448,39.03358275937022,-10.873067667035997
0,0,116.39582475093523,61.95292521590351,-14.970904357508132
0,0,110.54530769395673,24.801643463776454,-6.369101160160284
0,0,182.9886608265605,62.72438414003865,-13.948375148271282
0,0,186.14705673166006,147.0798827718862,-35.619034362831144
0,0,85.87288108795418,107.03832296975268,-28.02381869225323
1,360,131.65971399687496,4.287784778420352,35.110062840738394
0,0,102.29154626075616,102.65970734274255,-26.294270317459336
0,0,84.4048785320382,21.71360759029563,-5.526073076241161
0,0,94.77678814127309,27.89383061450308,-9.386285172010076
0,0,112.49378341621227,83.87968284373972,-19.176517812076284
0,0,100.92785244600908,29.04779183387296,-7.862689385056072
0,0,156.24974446255405,35.184644840280654,-11.751646178412003
0,0,216.42281197367078,69.67311687663357,-15.956160571013584
0,0,161.70362417293052,109.85332211916433,-28.729775783506042
1,360,168.6694279974101,10.10972821012233,16.321313188961213
0,0,122.42269686810661,107.41622637176035,-29.00175663256787
0,0,95.14689344324046,26.791283866274068,-7.656969291093716
0,0,85.53793457104743,14.02335024831413,-4.215964792340117
0,0,89.10314760317283,19.26347683233981,-6.344736858584227
0,0,108.65219728082133,69.25209794817036,-15.985861663869585
0,0,107.78861635355436,42.39643138162016,-10.301169715944965
0,0,124.2939740328052,55.071605611974164,-12.695560753329076
0,0,202.1509185243086,77.13740936870701,-16.98941091837618
1,360,258.39318512059634,12.834605837882284,16.722333424010614
0,0,128.85691890704763,106.55560523199792,-27.701244005067203
0,0,93.66976536032986,22.727943306857597,-6.329619472592242
0,0,83.99839581873451,7.426834885768451,-0.9726804845807209
0,0,101.58592197093391,55.568058662703095,-13.804588252915067
0,0,96.33173826495144,37.235310823194745,-9.347818003180393
0,0,99.43729680194924,19.391655639368203,-8.043289572340356
0,0,164.3129467544136,55.8347980796807,-16.942827599639585
0,0,141.93816347280907,95.84244375161913,-20.915867917389278
0,0,213.80003349089253,62.92677875970628,-13.94146373936617
0,0,226.56534210964782,116.65751099186663,-26.435605459197838
0,0,151.97599377360314,61.67089826924244,-15.867707218512379
0,0,123.84210740978357,26.93780590401947,-7.969108173549174
0,0,119.10529007213316,52.49235930225491,-14.187748731007844
0,0,115.50994579683795,57.551123803023984,-14.599891684516933
0,0,85.00460136448939,9.419501659623414,-1.8001209108009988
0,0,103.88064626029949,49.50093808950917,-14.143384672011422
0,0,93.0269258298364,26.27069926042496,-6.941051950768937
0,0,99.50042731105859,20.845467224008853,-6.204770260352177
1,120,723.3957378536115,4.1023427115923825,24.75632844893147
0,0,196.11548768306153,47.6036383370866,-11.75170430188139
0,0,295.31041955688045,12.141635834594837,0.650686879549383
0,0,135.35915729625907,68.51024665531357,-16.496703552347014
0,0,111.46496810202166,52.34821973666797,-12.493301647771034
0,0,118.14540932894164,92.62710264423468,-21.546290918199745
0,0,100.16507174984291,44.95108047120644,-10.711759187635934
0,0,111.37010796551115,86.62297680079426,-20.794558952829973
0,0,118.9509836454863,89.72159121163928,-22.192935650920546
1,120,853.2367286524302,4.871045999842722,23.905950388110966
0,0,253.81396166652254,90.24339593201803,-18.63923502898021
0,0,182.06782146842423,13.385994725798414,-1.943405830739792
0,0,124.4703064208813,50.63236328814378,-12.132032581829549
0,0,103.97505295447485,34.720759461996636,-7.7690049203101665
0,0,118.84881175132173,81.60410426945423,-19.103641549370394
0,0,97.33324501450846,20.55926553636103,-5.94306141351629
0,0,102.29125152323833,64.9713947072604,-14.960928256580871
0,0,108.02211648403276,57.75739174485227,-14.7500246059397
1,120,1064.9424253579123,2.5931939244264735,39.51492354836006
0,0,191.6454758154053,90.54925481987631,-20.877342625090222
0,0,184.23825721372896,28.701541018412996,-6.803827723501527
0,0,167.1809581880919,62.18926645402293,-12.189876001771651
0,0,97.52748837482245,14.626880080889142,-2.1299557477084505
0,0,88.58233507309373,15.420722511443342,-4.363735787325126
0,0,97.63036310460649,29.527598262846215,-10.038250844155513
0,0,113.96755035781368,76.87089014991375,-19.551408905661035
0,0,112.43712579643699,69.97491834220986,-17.352793565022594
1,120,1088.710058796413,2.555406472070749,40.44758330602339
0,0,162.23151040343774,90.20707406102039,-20.653672946991264
0,0,129.31760498348766,58.02301573168295,-12.94614159775351
0,0,152.30536294978774,19.497255107985723,-4.1668134730470285
0,0,174.98097121258002,80.34381259569093,-15.708765949501824
0,0,122.904513357364,69.15390399717872,-14.596018547875161
0,0,117.17712856649173,62.16737658861548,-14.926550866415226
0,0,116.47387351287057,101.75111187724384,-23.326253476757927
0,0,119.60994871902304,73.50976340526924,-17.810045614726604
1,120,1322.3311676898315,2.251687296897202,47.540707312242276
0,0,165.54134471241443,97.34304023082,-22.068493302966175
0,0,128.28569492535973,79.66765977750687,-17.315922149625138
0,0,109.61244077788095,20.83740111182994,-5.152106674214821
0,0,166.07257508014328,45.805514402969465,-10.032686842949786
0,0,155.37795622902112,14.674527719155229,-1.3790163751030207
0,0,117.19437071128529,45.45732331662287,-8.82353374141961
0,0,118.54452927232856,95.680847162762,-20.751241116282486
0,0,116.97105036123068,74.69432856245646,-17.662655064268478
1,120,1065.6784529563054,3.2232531259569015,34.92031613295353
0,0,149.6996338988106,98.52587990059547,-22.14960724646953
0,0,121.17232962896844,95.77504144837246,-21.885494201581793
0,0,187.35713561932138,45.475256834324746,-13.62711088112232
0,0,148.91947502515032,79.04222473784763,-17.956749251455605
0,0,175.85315620815618,41.58797194290285,-8.66523183057231
0,0,176.17186948946505,88.675931400903,-18.161909246531152
0,0,131.88990399830686,74.23594813878101,-17.006932502420028
0,0,137.70242258760095,88.79916296839629,-22.18801100787806
1,120,1247.2720417585274,2.738478475449416,41.34137431452312
0,0,166.32818052445955,100.44401545498567,-23.518097913392424
0,0,110.99855731610053,41.04812902043951,-9.726259912349406
0,0,106.88364747714785,54.8004550116971,-12.17178903488923
0,0,124.15515266190324,95.86374160879325,-21.49251085716287
0,0,133.72014463167562,70.9660845170308,-14.419148830535065
0,0,197.85870139625928,71.23576592614346,-14.730035416422837
0,0,172.51953884870161,73.80601298875507,-14.364090053171708
0,0,123.35759293863212,34.17982998783678,-7.791350752313008
1,120,1019.1083834338746,2.403548689387126,40.43444740194228
0,0,162.28170646993732,84.66004355021238,-20.554176135306804
0,0,122.58195715226483,14.80820967588904,-6.097685693937024
0,0,99.15118602453666,22.38095609091229,-7.613799405195579
0,0,113.87378981896588,59.28642266828375,-15.000631870122945
0,0,116.52546391455068,68.04957761444346,-14.545509252979144
0,0,126.54604073449282,44.42241350905007,-10.97003874977807
0,0,167.47232889659207,38.9597225126516,-8.628783131315842
0,0,195.10299629293584,85.75434911065689,-18.76087688250054
1,120,1063.7579432900693,2.9670570507320666,39.182605254124326
0,0,170.37846349459696,86.74456229661443,-20.620642964525018
0,0,101.70277406069853,24.904248598067543,-4.950201593424865
0,0,118.10629992753614,97.22807511975532,-22.0866489612215
0,0,123.31427785956824,93.32061863072511,-21.153518931851323
0,0,121.13782266726457,77.27951300354036,-17.034002187298384
0,0,124.37511753867783,71.02592066627119,-16.336504702817038
0,0,125.65973101017717,64.51361351143086,-13.046298903408257
0,0,206.55794725161442,85.11425103780421,-18.54528636664618
1,120,709.5780349192386,8.490485519881638,14.529472306841342
0,0,159.94188734034245,94.34583971818682,-20.697165153946912
0,0,122.22900897465317,62.45076082244561,-13.297587797368834
0,0,112.1879252251045,39.39135066183257,-10.623374526507632
0,0,90.22391535489987,15.231716663345006,-4.1013030390978
0,0,100.93135528804801,47.91090865920847,-12.064820715412864
0,0,108.9010464343441,68.32766987223677,-15.409662576044028
0,0,108.73755780041071,64.72236139018773,-14.244572348259823
0,0,116.26065359083113,45.08658538012211,-11.394974150503728
1,120,826.4680324630637,5.573855432654302,21.342007906577578
0,0,178.0234899289355,92.76324287905926,-17.657619458238997
0,0,128.6789201183899,91.3132197861312,-18.56771145792547
0,0,119.63785809475067,65.86918963230742,-14.799836419203075
0,0,119.38270609276951,86.5226097464096,-20.367562810917008
0,0,156.1439450297084,18.591661196426035,-7.548949465216637
0,0,135.12058994768552,68.02505981004911,-18.859290484073725
0,0,113.58385878987977,94.52497274605275,-21.416939779058197
0,0,120.1622188111022,86.68328944446635,-21.159669451702655
1,120,729.8184764654152,6.3648009936521905,18.198574435270714
0,0,291.7789653066059,104.03470422151688,-23.001808270648034
0,0,167.53847479723007,74.65673603964098,-13.781254321932678
0,0,131.98792689510495,103.1830714994432,-22.686049881235405
0,0,125.08674993944064,61.979341778412035,-14.852697072633305
0,0,118.26334968031058,86.58000566659074,-19.257848397601904
0,0,116.52926149410746,74.78076898413302,-17.581530552861608
0,0,103.9510885270629,63.31598085543512,-14.417843694449772
0,0,104.26110705159554,51.005018031790215,-14.075771225260794
1,120,898.009443446848,3.101753137423482,31.0905501672391
0,0,177.7100365787142,93.29819451398515,-20.4125767959802
0,0,177.3138413383889,28.641858285940376,-6.272108941611165
0,0,198.15402838913352,93.14731904984112,-19.782106239603863
0,0,148.31473031883752,82.86422267251508,-20.102926654804804
0,0,166.53999477526008,14.05592423792007,-3.3928624905167055
0,0,130.78002453065227,66.53034731511838,-17.90919896954651
0,0,114.40214082786662,94.95747807816478,-21.601397251128972
0,0,111.47121427018816,34.315883587310154,-10.65826974394598
1,120,958.4061487176539,2.7327869389776813,35.512182137754365
0,0,159.82596480736487,98.18151881873392,-22.41267935286008
0,0,133.91716532629232,63.10581793260839,-14.178205914125101
0,0,188.37705212768492,84.84396318123302,-17.2898299958228
0,0,176.51749457336427,66.45691663534954,-13.55711965607864
0,0,136.94611478076885,47.22072452393358,-13.35171659922203
0,0,100.85205955969106,35.29020279612571,-9.070833251799655
0,0,103.44772219082816,75.51784089344768,-17.73252475842162
0,0,105.09898913451865,86.48486561172949,-21.16122821747254
1,120,552.236174592509,8.765734152761565,10.97288664723878
0,0,139.87023970342028,85.17200071900281,-19.05523526727579
0,0,112.00794262623054,44.07494799376992,-9.18210270801056
0,0,111.08048301000126,30.400305034103376,-6.449977325834325
0,0,165.6330194165206,35.38357765570591,-7.441838479042687
0,0,181.47428812384766,75.65708556169088,-15.447189201460006
0,0,129.70840426002482,38.42023335120573,-10.74294507093714
0,0,95.13220191158204,20.4551641373583,-5.97318522251328
0,0,83.75400173615446,10.70100004295174,-4.1616457682234795
1,120,583.2961130089043,3.4733120792447596,19.398739534853192
0,0,131.26730500004805,89.48790679095718,-20.276863778916805
0,0,114.10967052170375,76.06278447221392,-16.550087317001726
0,0,114.15292892047574,73.52166132683635,-15.850703461741233
0,0,133.50788827459834,109.9522235921909,-23.999909770887683
0,0,244.8350099067386,142.91184158562106,-35.1823316015308
0,0,162.32444341002392,41.530471338339005,-9.247687117284457
0,0,116.37653077957519,81.21671429648833,-17.963496857856086
0,0,85.32285553543394,20.926767281513214,-6.258127605248063
1,120,478.15798046480495,9.811717041161765,8.477973711528335
0,0,131.9810232355525,95.07055165072791,-21.70864033609699
0,0,122.8120111209962,98.54261496260551,-23.44349908241201
0,0,92.51889470557896,20.829943252012693,-5.536117868541325
0,0,108.34827755569626,102.57946856829061,-23.355700939929328
0,0,145.9501078935107,118.24999148064552,-30.59182453269183
1,120,903.6879018097591,7.716721734423504,20.554276377851124
0,0,145.06582732364475,48.601955538189216,-9.222382272294709
0,0,120.7847724651275,87.43039661529697,-20.80350468316358
1,120,709.5304688182828,5.050869854389441,20.954165847223393
0,0,141.89464434469437,73.38490020532804,-17.939011025389505
0,0,121.4647545908978,77.09213517808364,-18.620640802728616
0,0,103.73576009816507,60.33429890008866,-13.903620076844447
0,0,109.4896259214093,112.16370644580117,-26.674318547964106
0,0,130.77753059780903,121.71019296901903,-32.60344610441358
1,120,826.4343870417965,5.163535067614792,22.413720138818093
0,0,234.9594666176898,39.23790501560242,-9.39201297572042
0,0,289.9466728466707,36.75564698157037,-9.862305818373827
1,120,720.8158323436204,4.223082610286611,23.16566874621013
0,0,153.3589702236519,83.1744133279342,-19.984555567425332
0,0,114.60531700218279,66.6867530025151,-15.318879000815627
0,0,92.77792930755471,39.546951362424224,-9.63743139927307
0,0,101.28076661544561,111.78653944427887,-26.92114778663729
0,0,124.14419069345132,105.28249874586714,-28.586548987036636
1,120,851.5543669006078,4.193757446351301,27.669899450673952
0,0,157.53799680879285,69.8559463461514,-16.050273035852243
0,0,270.9120931744386,153.03474919854725,-39.70350793929639
1,120,735.8188788862731,5.103532867284561,24.331276801267038
0,0,156.0037293236259,82.39114311758318,-18.16240593799681
0,0,106.97731732752861,43.623447860903596,-9.471578721357417
0,0,110.40911628859855,95.1803980564582,-20.884597490859875
0,0,108.31169609530914,105.7222742278688,-23.861010530911614
0,0,124.15172917227297,118.71226327551312,-31.43186718386525
1,120,878.7357863034152,3.3634706369981306,34.15992377064532
0,0,138.81150853116907,64.52406751047769,-15.81852947946048
0,0,139.32658501570867,122.50930300941752,-28.71393449612261
0,0,214.29424029195752,126.89266192190678,-29.705187994878294
0,0,176.22724613464356,112.00348880295091,-22.75757873624191
0,0,120.31481349293394,84.04016039264361,-17.352397268640416
0,0,102.51655568350915,50.74846548819318,-12.103272032387252
0,0,101.67212135884331,106.7722080492651,-24.991057590608122
0,0,121.30188944017524,130.02405337396215,-36.37127358757011
1,120,610.1069793354385,5.259626306436268,16.894717066304494
0,0,106.61978938233207,30.524626763099473,-8.779951707284013
0,0,118.88976893024291,117.80192788337746,-28.208329003841634
0,0,147.3168964521951,140.1266594362532,-34.50893950498916
0,0,233.12735553468858,137.5589175792143,-33.96938990658704
0,0,170.17871080991108,46.88773433191923,-9.51369181690309
0,0,125.91592592952914,106.09542712478472,-23.1707309245376
0,0,125.24008146506695,119.46969449236374,-29.22035900092675
0,0,133.59573139097262,127.56210771998414,-34.758822867780964
1,120,894.8796030728037,4.558000890091318,23.70516022114286
0,0,132.5681290350285,48.582805515764,-14.115754888246258
0,0,122.13684682003672,115.07912318688568,-28.622083562638224
0,0,172.65722661376572,171.25182440495598,-46.59583121064363
0,0,183.86374785308155,167.90546176808135,-44.52458288526
0,0,227.55491198973237,134.81995538972058,-32.64051302602624
0,0,165.00781312483474,46.5888423702213,-12.600148436356875
0,0,113.63247914426475,114.4920820470407,-27.683759408685688
0,0,129.28941220630057,135.35201195999332,-38.831153923096394
1,120,568.0203209016672,12.22344938704547,8.423950588710383
0,0,111.9576218630888,47.93321726214679,-11.89855588925974
0,0,117.79063604593105,127.32790348719475,-32.06720425981467
0,0,143.2623171159323,160.88682874227968,-43.617291380007565
0,0,200.98559439512525,192.76401743799462,-55.44014665807486
0,0,237.25771642121103,195.54727917041052,-55.30896991359942
0,0,256.9162780908241,151.20391319973317,-38.79164053181778
0,0,214.39757980013505,141.06523795288552,-32.847258206630485
0,0,135.93193431794478,114.10574613751461,-29.365530291644696
1,120,808.0679773225045,5.108645706683715,19.809524512759367
0,0,142.18150330195994,19.15158727624332,-8.237379688473851
0,0,115.38395684402035,118.01269003405012,-31.01567672330622
0,0,145.10154724359512,167.7979761756717,-47.56188025949306
0,0,155.54146753507123,174.78198393943705,-50.16996487404885
0,0,156.73471237604062,169.37804615038877,-47.222404852595254
0,0,189.8225469396906,175.51356172356208,-48.012006900245574
0,0,226.64956902339935,133.87349305612753,-32.45612952928013
0,0,302.15102795262897,147.76786853512394,-39.61302026536668
1,120,640.4017338112914,7.333932008362068,13.588284251033627
0,0,124.96562415566737,42.506285006963054,-11.986243068755414
0,0,110.86617482635751,114.79565953731694,-27.785401504785646
0,0,148.40543012192313,169.85924776949724,-47.1056876421174
0,0,212.05033555230233,204.5712173531517,-61.086683190323775
0,0,222.6476230061875,206.16919196712024,-61.18519982895633
0,0,150.60674529025064,162.39728721229406,-43.966890838481966
0,0,151.3391793581378,124.7471952059237,-31.912712078188
0,0,207.09595658225356,69.77211220462395,-16.23067771692132
1,120,756.4404387151317,5.002858528138559,20.782046402517622
0,0,124.75596375595876,31.57543415762056,-8.630891428069006
0,0,142.63909463446265,140.93843267715457,-37.61529548677983
0,0,237.29680315049978,205.48510479468723,-60.50888042313835
0,0,283.9085213514128,219.1104197512547,-67.02495330431
0,0,272.0169280961148,217.36068888040475,-66.31027372968555
0,0,185.3527731292603,186.73675273616672,-53.30392950379764
0,0,137.9606353253443,127.94359204984208,-33.03209083927639
0,0,137.015740851329,94.60065594495322,-20.385797728448765
0,0,159.08694448955984,25.399183725247028,-5.331343601944425
0,0,175.26072246124232,66.51583589378957,-13.390870681780811
0,0,147.80170566086437,132.68040875607065,-32.15273030303956
0,0,200.95841052713382,185.6887248924972,-51.90754749749735
0,0,205.16154890844564,193.46391556202468,-55.50412210403714
0,0,214.47155891711253,198.70987378812916,-58.07377125347382
0,0,166.8178529021732,170.91212719283493,-47.54468099650671
0,0,131.56985306210933,122.76747635604357,-30.64209076580677
0,0,115.57359776463271,48.231307846845965,-12.173020195649855
0,0,114.61647168362714,23.64193182296956,-7.504627677834321
0,0,147.62570201848123,19.644647109049593,-4.413024489364034
0,0,352.4616339860655,174.49819540730124,-42.80635009316512
0,0,275.2365500525161,201.35031714406415,-56.51753913845987
0,0,225.71967215461873,200.34485613629246,-57.826593273984315
0,0,167.36519180885776,176.44738973510266,-49.157461963281
0,0,142.1636830181891,155.91436388074143,-42.28026400385339
0,0,118.67293280558076,118.04933678761482,-30.195253385026298
0,0,70.18526131588804,9.598798933676019,-2.998854059455894
0,0,60.22434617119145,10.477648692805397,-3.635966543197455
0,0,80.75903778469639,60.81743176556802,-18.581999263490772
1,360,223.71164811770143,9.662559844816853,19.266577333374073
0,0,300.93521301942815,170.0420772390151,-41.92793538429375
0,0,180.31815753800916,163.8352463325652,-42.4992415327874
0,0,178.9386045775907,176.09969319221926,-48.45061716813212
0,0,144.8415547446864,153.04647384941194,-40.834442702888964
0,0,119.4488519934075,117.87535856314629,-29.59007182178442
0,0,83.0498511339214,24.04501001411829,-7.11748310011275
0,0,57.15269378480346,6.602890731698504,-1.9736511706273063
0,0,45.105952400523975,5.29081367919695,-1.3418332065515841
1,360,107.23882885826006,3.5709413211632275,16.631861601936194
0,0,116.28289493736956,14.45778682679704,-3.798421640129945
0,0,233.92797599372187,150.68335025272188,-35.628128043814094
0,0,157.758188406735,155.5411676661499,-40.08745572620174
0,0,143.46886009958683,152.8187239502882,-40.278507570071895
0,0,116.31574683455018,117.33735303209001,-28.98246492468364
0,0,92.07462890970004,41.36346364983713,-12.455991664377308
0,0,73.88889328884297,19.018399862972704,-8.903818104496281
0,0,59.08313950620814,32.25031993379308,-11.580203079531813
1,360,138.84405435477345,6.71309541070414,12.748188760342586
0,0,97.16209320511129,39.274909139990896,-10.119533874115263
0,0,164.8048863438029,72.85980334160305,-15.417694182722741
0,0,295.4786920074495,170.56600452549864,-42.39197731201233
0,0,161.95845876527707,155.68134366441868,-40.11135504002271
0,0,119.77122682157261,121.82267453334883,-29.775332454523074
0,0,94.08463675683356,61.32223429827046,-14.7261569958293
0,0,71.15627973643635,27.175823897165557,-9.805175731919647
0,0,51.562486636368284,23.351035582227674,-8.53474464180185
1,360,103.40148240870265,5.071968720991243,20.954577995460852
0,0,82.6253214156793,54.91574139552255,-11.890915295011425
0,0,111.21607360426538,72.88400348304295,-14.938323510941686
0,0,183.58263627741385,93.69606014483568,-19.76110253134864
0,0,226.62261187657552,142.3145630351073,-33.203269740568466
0,0,127.50758787826597,113.33825078069765,-27.111512716778343
0,0,74.3128335320494,12.526454723023054,-3.7697667697228923
0,0,75.1779221550807,70.39232024475977,-18.128641486235594
0,0,47.603090514279764,14.436671264841099,-6.276642572223238
1,360,90.79541707001802,4.652170358283459,20.221366281018007
0,0,67.82675469405638,44.15231336240651,-11.86496052395492
0,0,77.33815544784484,77.03219795426682,-17.300973850089534
0,0,104.73133808919019,69.40975984815972,-19.910326613068293
1,240,351.5915461612894,14.38726565090657,7.169931452766363
0,0,245.56897434250686,147.59246082736036,-36.37491423033435
0,0,126.1720188243557,53.75836890919851,-16.49745915744903
0,0,87.89946792046614,68.96864151821421,-18.31144508140477
0,0,50.151187044461075,12.314306406730932,-5.300226410016137
1,360,82.55445971475588,2.7651226813677745,26.433275083931477
0,0,49.594342852826216,17.251953784047352,-5.064007346481688
0,0,61.28071377527077,70.46290639716365,-19.05538850187689
1,240,225.28677075726418,32.800205337384966,-8.459421909430006
1,240,346.51582602235817,19.37069168927689,-2.833122912430767
1,360,573.3057354484822,40.628795871518726,-7.357390361977309
0,0,145.46494726703168,64.07211976163009,-15.18647902150721
0,0,79.07512866090528,43.83220295927306,-12.672998279303968
0,0,49.17098641662627,23.706496818463876,-9.336800963755962
1,360,71.79203989847248,2.7972603356371164,27.365195088348088
0,0,44.393778702973606,7.5561309278469135,-1.3581289137865724
0,0,59.98622659692385,74.88641357532929,-18.942195687224512
1,0,145.66346432135433,45.404894489911506,-12.388124587942087
1,240,301.9288865526457,22.16895216687219,-4.48258771431496
1,240,361.87793087808836,19.70820496858601,-1.1527681285440678
0,0,181.0606580257364,51.84290461147083,-11.730811556613176
0,0,128.4407948760931,43.864615410047044,-10.017918197774108
0,0,75.24046885718354,40.57312182894304,-12.674488353700937
1,360,133.79978044178392,2.7333399161803698,26.5479791087879
0,0,51.7852175113872,11.172082472547778,-3.5512912162062946
0,0,72.01409627801787,28.59610399107901,-12.83887209302668
1,120,191.9678959878039,24.901824613136622,-6.596459036589323
1,240,276.30801161832625,8.163371190073256,1.6436735144830976
1,240,330.8671002665883,9.429219258184897,3.5986775430716023
0,0,130.95126702851647,47.777028163128115,-13.574561980846056
0,0,261.6303779674842,150.16618052363322,-39.33902623068341
0,0,109.72505318181203,28.551373076303886,-10.191136704446436
1,360,122.62972730227143,5.497139377926044,15.87345600549061
0,0,63.344494215322264,24.249830423619994,-8.801969934277594
0,0,71.02916284581009,41.564161660543434,-14.938677535709758
1,120,228.6741663776659,13.739096051165532,-0.0804535258026533
1,240,273.78061473074393,5.092195368145639,4.446054319291122
1,240,279.4939654813437,6.060033169748291,8.758329624133438
0,0,109.47327932522764,71.03431707572662,-17.22427729025948
0,0,135.570325391732,128.9801262702502,-31.29595866058665
0,0,221.84335233635636,136.2707365419718,-33.123038217009416
1,360,261.41669326705124,13.323638029308553,14.998961988826878
0,0,87.66852973918125,45.21558541808391,-11.74133190457195
0,0,72.60836079835987,80.00438250923614,-18.3837559612721
0,0,89.56594218647126,59.498993331913056,-19.322275621439843
1,240,209.90124560492416,8.43397490469576,2.8134506074804904
1,240,285.76790699087246,8.009596149018174,2.147323944612026
0,0,86.13693756379159,14.88429897799834,-5.353208594336905
0,0,112.15855349784604,116.26761581332806,-28.53420616087911
0,0,165.77976469222904,158.42596603019186,-41.375794128842024
0,0,229.61716772993196,130.95304424505983,-31.850435422717318
0,0,131.69159099303502,25.275553274157513,-7.043402096405046
0,0,86.76172442131742,71.99890785656179,-16.89546225604215
0,0,139.49806557079881,55.05667906292077,-15.546178753775294
1,240,357.747842056967,15.769079648879767,1.4270737638421451
1,240,404.2136425144332,10.2340327925385,3.555359706524115
0,0,89.27319414687811,16.074835657258483,-4.698305045011608
0,0,116.65418485743749,120.47131466623149,-30.52481345644211
0,0,183.61572623182042,178.95174339350132,-49.571419954220445
0,0,165.5076539469138,149.34066114033882,-38.38862824695397
0,0,228.1669457815825,98.63366149712176,-22.8269781586882
0,0,113.78149163164889,82.27951346754034,-18.32508824485508
1,120,185.31621434098994,44.03165197699932,-13.347003314250045
1,240,278.82318823497667,9.742824790364486,2.338032331617626
1,240,329.29540111665585,20.390537775156872,-2.541919046857629
0,0,111.6098882723312,77.85043274844642,-19.296125344168132
0,0,124.47847971897214,132.62161223104485,-33.84276528655484
0,0,158.95303163193574,165.0408927585485,-45.16274687540227
0,0,135.71389657109452,123.95058315148529,-31.153424061798106
0,0,131.49031927652644,71.72975347916902,-15.566532535963745
0,0,165.03781967136237,32.590688569886055,-7.595120635715787
1,240,475.91294211931194,46.27323700535112,-17.936406037170684
1,360,267.97544190727905,10.290373746828246,-2.9227493022232096
1,240,253.8507358399021,11.099750978797507,-2.7123317751441647
0,0,84.89389341836588,11.327227435093976,-4.533303083329685
0,0,112.2827286813231,116.98911501826151,-30.45302040384749
0,0,133.6127014703651,141.9828507145234,-37.638898899302106
0,0,122.34352583639182,109.78135702075359,-25.977650643909442
0,0,119.60757948282195,76.26681794394206,-16.611703478502122
0,0,128.64715648281359,59.3233293279021,-13.810928995029855
0,0,171.8673300659584,48.31429368389276,-10.162883414373326
1,360,338.6768509652235,16.030712994845032,-1.8318246213749205
1,240,259.80175839046353,10.040226804511809,-0.5000257154895564
0,0,85.42528249091202,14.275313825651397,-5.149691908259442
0,0,111.60534251292145,115.79608847510546,-29.258657083300037
0,0,136.06759292855915,142.86735433277124,-37.988722925726414
0,0,127.81841126294347,108.80256526193146,-27.088934390897954
0,0,125.51630719957357,50.88102840497378,-14.128462792234629
0,0,101.94430012050884,18.570870517037154,-5.582088248873504
0,0,97.13492067317826,10.069985145203201,-2.2918824494647083
0,0,140.4035785780075,20.68202421922892,-5.049487047038838
1,240,404.39887370833634,20.90033086507004,-0.9903394513703887
0,0,131.2307462117777,28.553695986658386,-10.90431695775834
0,0,144.47745188563036,142.90671566067408,-38.50709444546516
0,0,165.97661534597006,164.6348906242962,-45.488341341020465
0,0,126.68927183210398,113.38514938415634,-27.340682988661868
0,0,114.82571264917576,47.71373742925795,-12.830528733193972
0,0,130.16828547632,64.748474728967,-17.658681532543213
0,0,128.9480041361181,76.66466191595478,-18.111854371486714
0,0,131.3148484288871,74.29966843960096,-15.106088979395295
0,0,191.64241507964311,87.38101446510339,-17.83525006463286
0,0,188.85617063504824,93.18250022204774,-18.969254804199338
0,0,153.00952488807917,141.59756886843712,-35.62154423991825
0,0,148.8515606994053,120.69310838495907,-32.088276659442805
0,0,124.75896781142903,106.51235253290294,-24.661217469748912
0,0,120.05477564979168,97.07926446481527,-21.35423512349476
0,0,117.9297294822341,91.87996659495366,-20.126223598124866
0,0,117.34926661296782,91.18403925785435,-19.81981780333153
0,0,138.00339493754763,91.89230491288944,-21.81404460585172
0,0,142.27290594066503,111.10905821737614,-24.155754644165512
0,0,223.34973311791245,109.0916241112663,-23.821608102620004
0,0,272.6015059545724,150.11847332356317,-35.536467332593155
0,0,152.87887681526803,118.07067074285196,-27.499492158878354
0,0,101.67808412555036,29.281142347472244,-6.3649743938339185
0,0,105.05074287006016,59.16327773614168,-14.057689542330138
0,0,114.49082281256089,65.74174181105492,-17.317660569754935
0,0,99.80876809895123,31.868102813256087,-10.991232680296719
0,0,90.42027289010143,39.514242907533585,-12.378608190818156
0,0,100.29335058645295,83.84978642795731,-21.436891980912705
0,0,109.938828570712,101.78929640829264,-26.586087121436904
1,240,408.96404045002095,20.2794947186379,5.018042097562102
0,0,164.61725190552352,37.83521009308283,-8.783233041328415
0,0,118.23098523364023,57.78887647540697,-12.78525055054267
0,0,109.81229548709224,41.670095036243765,-11.237480684276065
0,0,109.73270502121746,86.20664340090936,-19.52039739276799
0,0,104.12388406492494,72.98650032314502,-16.65784294529068
0,0,87.0913599948739,53.58836508146706,-12.319549461970709
0,0,81.89038207889048,94.34744969179694,-21.96462137922252
0,0,64.4522991842936,35.79986412810891,-11.793294286202595
1,360,222.2340609244265,25.22689308522408,-2.715533849912134
1,360,425.1036402056925,29.93338380872047,-6.199132283821783
0,0,191.18511848465823,89.21314277457313,-18.23713158381952
0,0,122.98558884688636,58.67993911170319,-12.950384611018649
0,0,116.39061016408117,32.688979985647805,-11.516129880461932
0,0,119.50191608267683,13.698286288484548,-7.7559535594572395
0,0,98.39030978617807,5.401236300257992,-0.03759539305848136
0,0,77.7325822630631,83.28510442833885,-21.45384289816623
0,0,62.48421208104342,57.118961402510514,-16.588586189541985
1,360,164.403249795456,11.692373781634954,4.884632883467077
1,240,313.5278734690803,31.334277437896013,-8.986696887888243
0,0,277.80994866499805,142.59409199580827,-38.200218378964976
0,0,164.54066549511901,44.37885036661322,-9.421449870988297
0,0,103.87593046001406,35.94866756343635,-8.180434540331333
0,0,89.800201832861,22.215603498599286,-7.280767777471922
0,0,84.68092288961076,11.45586468752256,-5.666166489315515
0,0,80.44600386863509,83.74332602053708,-20.29379356036327
0,0,54.49328849740458,21.750117171220907,-8.106342968720114
1,240,203.68860949910584,14.965923015618186,-1.088911571496439
1,120,322.48304217838637,59.76936782383546,-21.560420205212196
0,0,131.39272714994675,99.03022759770403,-24.42626127068565
1,120,568.2929757777846,21.326768112790596,2.70295260822688
0,0,131.99006941013846,19.5244874867182,-4.840110458456962
0,0,97.65698016967899,22.360986642456815,-7.853564000362553
0,0,64.81111944014528,9.571612579973873,-1.7792545852916106
0,0,73.51996693694694,70.59445495837376,-16.855811482017714
0,0,61.83583488603212,54.89576833726078,-15.552656878635887
1,240,197.9478708314638,17.307763194359318,0.37004563354911113
1,120,333.06108100514496,76.23794671314907,-28.00168950227264
0,0,130.6599530003082,111.24562440934422,-30.545151386775274
1,120,716.5318905381873,6.2172438439500635,17.781448715249766
0,0,251.43071409728,71.95909891267767,-15.189253096182426
0,0,156.83921949823116,51.00886247550046,-10.995517965175964
0,0,74.05366856540229,11.569093481756608,-1.3913015629504173
0,0,82.41714603961825,88.8750699752874,-21.13050732192643
0,0,71.23391473224085,79.80109987721853,-21.3069860268361
1,240,205.87295458804087,15.904192893811807,3.918863884061068
0,0,224.01064799349027,139.04441062885303,-44.50410757218102
0,0,113.53046595491747,111.10536899533683,-30.832931251606432
1,120,665.6988735904403,5.536668110596069,16.844551228273048
0,0,144.13697337223493,42.68719766933522,-11.497482814692702
1,120,863.0964694760995,4.963436735980193,23.74160892039933
0,0,114.66642969290078,20.368274294797306,-5.113364739893498
0,0,64.83476078989344,15.737026373832704,-3.8313565114644774
0,0,59.481414913245864,22.634442104056873,-10.325164140897655
1,240,209.91992742913177,6.508701409571708,5.805889873227329
1,120,216.45425819961247,60.401166952002825,-20.890526084737203
0,0,102.43071904946785,111.98370706442309,-29.965501878448926
1,120,501.58507870961853,9.4631469251536,11.032405079889543
0,0,131.87153958373383,77.97595293313435,-19.1171578979784
1,120,978.8840580147414,3.3947588587223394,27.9306730380479
1,120,1402.5719605616716,3.713878144413352,35.67319471585574
0,0,141.94247117499287,72.49644745898723,-16.468925817932515
0,0,83.56640697407941,57.61454809972728,-16.99318894388624
1,240,235.30530708669818,28.384309435804354,-3.5185571350387335
0,0,163.57425518230153,145.8501517182646,-43.57366971623374
0,0,113.14527802727763,112.03414327805646,-29.743042225303547
1,120,658.6088038940167,3.91746016474102,25.56478363646974
0,0,125.89088457657124,89.76588353494887,-22.476741984026432
1,120,796.969704104644,3.503006797100103,24.99707585912624
1,240,1394.6476023128307,2.2265348434326078,38.377996783469015
1,120,828.3386634724347,11.325739292446512,6.537262772456899
0,0,125.97283294258874,80.60869296242367,-20.758564673425056
1,240,247.2772276516656,35.317456833696,-9.076983771650987
1,240,302.9424208601422,46.93833659664244,-16.01913999206866
0,0,115.98678575646721,115.09382231814213,-31.88639799841166
1,120,535.6756443171304,6.9764980129825345,12.809493168689016
0,0,106.94339984086042,49.60343131980493,-13.944893024059922
1,120,636.9077338978991,2.456104987383482,28.8016373749344
1,240,1096.0668886185974,1.5397194470814064,45.69550908522653
1,240,1063.6949148054855,2.244171003340464,38.506544761942706
1,120,485.41020114027333,41.360348386999625,-11.0310472568258
1,240,394.1781474416651,22.838020740191133,0.609968747268951
0,0,166.43475080927496,158.2440173534114,-43.829862117429755
0,0,112.24599985217706,125.07668388582637,-34.36828070907623
1,120,515.5772209103184,7.474450938229406,14.767472062119694
0,0,115.53451103534395,99.48938051992783,-24.227109128763864
1,120,388.5859791551304,14.4705989318098,5.362693135211103
1,240,1250.6726778951152,2.042902417625757,38.73045750182271
1,240,1421.9403871531476,1.7858253240506574,39.3194701726719
1,120,661.9289993603511,6.3529955733715395,9.119709653061932
1,120,799.5000937116383,10.412655935264448,7.742849206547518
0,0,231.37663735084433,145.5115663264842,-34.27566360258631
0,0,162.6774369318691,144.66259764146042,-40.35153178342714
1,120,496.97701632303006,9.334238937252463,9.922384197372224
0,0,112.65129794738021,56.93652901168576,-15.840479015081144
1,120,661.5651118864043,2.587239774546363,27.689576887036836
1,240,1023.8510275055315,1.8296286314129449,32.76854302468806
1,240,942.446610913265,2.213026722642496,22.2235718506993
1,120,717.9924282996611,2.6837490740600387,17.645482068501778
0,0,145.84454651789096,11.694700301795756,-6.061812945422645
0,0,144.55952494829003,14.930555035935505,-3.516285035780939
0,0,190.6345941455693,131.2207763587701,-33.512032177847786
1,120,365.40856893215965,28.577271631608255,-3.188024816498654
0,0,108.24014289482464,65.56733762944292,-16.38835083750891
1,120,791.1541247795877,3.1161770209495026,26.85984850970347
1,240,1377.690128617274,1.6076090741786657,42.880272425780774
1,240,1430.2580612834856,1.704021585760904,35.39005944462366
1,120,865.1328790031963,3.373044520146268,14.992578975097999
0,0,129.72082858000755,11.330763240365512,-5.5074418623272265
0,0,126.94397039175,70.95432376810311,-15.910036956080305
0,0,168.27716636934213,44.751894969340135,-9.685668594911277
1,120,489.6695663711421,25.750968373765968,-1.5876479264864116
0,0,137.04429638238423,99.13194471964515,-25.36918774662317
1,120,455.40673802051197,4.993204552413125,16.09029881791264
1,240,829.5117187934321,2.71517424281078,21.97615609338048
1,240,1396.4081375232306,1.690073745440788,37.296223907073056
1,120,966.5604929188759,2.2425122973452924,28.35134957365314
0,0,125.86279382390954,33.41357279458096,-12.203429338042
0,0,92.73402475345516,28.547252482411636,-7.735171777176035
0,0,98.78156250505036,21.54877661499308,-7.689766779682429
1,120,553.885571086567,6.585839811637149,13.253154894460337
0,0,174.74748241816,73.56703659203615,-18.21972096276268
1,120,572.6943138037844,3.228141706139624,25.604941669863365
1,240,1192.7458730237963,1.489650644045573,44.435064663939514
1,240,1127.495520997692,1.8946885087897964,29.48700819012123
1,120,716.287847873417,3.625855273899728,11.857557554996745
0,0,109.54458313242782,7.657335006067543,-3.93655470710047
0,0,81.11051227471886,21.410779134826782,-8.284195501087993
0,0,82.22327110120156,24.601524826981414,-9.534970290649952
1,120,442.5672915799619,6.8145232969154135,8.782752049178868
1,120,741.5730621191518,8.729757018265643,9.829217559899021
1,120,483.4825270851422,12.996612139754538,2.176269432366013
1,240,552.7433951885923,6.945585436726493,8.267577320256322
1,240,822.1021082834379,3.304966957508478,19.73316084189034
1,120,461.6497774349011,9.811164740797757,2.221098479117515
0,0,126.82232314929134,25.350621001083717,-10.750548677523113
0,0,95.07862769968571,25.88274074296671,-10.078646655378435
0,0,71.91196406005763,19.427416185486084,-6.857438698082007
1,120,314.44480188707604,7.508649791896447,5.674044708853955
1,240,1053.4334240728854,2.4603993032039515,30.85187406613518
1,120,747.9257892344106,9.255426938740861,8.272850704115129
1,120,611.6560743849643,6.706015678096893,10.686612708659894
1,120,802.614426357821,3.070226894096321,20.352292037784736
1,120,732.1300348014728,3.2817856838969597,17.712345194102156
0,0,123.016853695894,24.834581141367188,-10.520791886993976
0,0,90.89723187834367,48.89993060908677,-12.826338559446455
0,0,68.32394287847488,16.739897345583646,-6.47502854113948
1,120,408.6898892141976,4.07498940434883,13.016211929534435
1,240,742.2518652948507,2.7356759120827103,19.50551763206613
1,240,1164.8383110655016,2.4543898781648616,30.418072194352348
1,120,621.2262469334157,18.933500828586546,-0.8876775525802998
1,120,834.0163056391425,4.123199721172037,19.92955476099219
1,120,888.6831321862329,3.043946376162758,21.200619925321462
0,0,164.83299976858135,17.87892479628753,-9.564037309294463
0,0,75.99359689964051,10.766192242290801,-2.7846056673491546
0,0,75.83683621635471,41.64574689274555,-12.389398020316804
1,120,415.9003025063664,4.24574001075874,14.863101021114147
1,240,744.2132301154826,3.064440374596299,18.1976655955676
1,240,854.5842685839881,3.7142652961391023,19.756410229644544
0,0,251.32472195144192,62.417759973244614,-16.59755305568264
0,0,251.09135785366405,122.739738604429,-28.810821035636486
1,240,557.8417194279301,5.800550817112456,13.43921340391509
0,0,131.56653159700446,20.71688592357793,-8.611034337346211
0,0,82.5960233728003,51.8608092507223,-11.883126750113775
0,0,76.98716274030345,76.63317718540007,-19.01041150447604
1,120,277.54776830682226,30.713282459986644,-3.679284379744942
1,240,483.5651896228375,8.994907218019362,9.252717286823014
1,120,417.23442054480427,47.32987423704784,-12.926332062596572
0,0,150.60005701580738,116.75251387408845,-29.267217085154996
0,0,158.08010979256497,137.71907746516374,-34.062334618086226
0,0,190.66656183019643,73.01353055272466,-15.26974353337782
0,0,148.80406261479976,35.22546813973527,-10.049294303338755
0,0,88.99695707631312,28.09714032006794,-8.038930312136443
0,0,68.03145556822444,18.697977211594242,-7.297554892220816
1,120,349.0236568731794,7.224396948425212,7.8217069026483586
1,240,502.486930169971,9.327430842569342,7.821115100050974
0,0,256.9296773118274,73.41281844725765,-21.50715268749626
0,0,157.61774597948494,139.77279734420821,-37.89796048630507
0,0,132.84544303113944,121.69926247554051,-29.673558259629054
0,0,123.57633352110184,53.88855296362695,-12.034036412445587
0,0,254.3481847536633,144.81445497291827,-36.86665991714277
0,0,120.70721115370245,33.65904323283484,-8.839274633719555
0,0,66.79063895827008,11.954436694550001,-4.292735327494853
1,120,221.22050394481323,4.671990902229026,7.0492776982255805
1,240,346.78040962491013,16.303767767945708,-1.8731028525421465
0,0,238.5592772999861,91.18803892323554,-29.377160269473556
0,0,180.8161732546893,169.72806740852982,-48.419854000971895
0,0,154.17116479828954,145.6504139160343,-39.83779428938395
0,0,110.46139818983977,19.535692325475573,-7.865024891735018
0,0,192.01081430482455,149.73606488329224,-41.11429135612488
0,0,168.18094590582623,24.03618584261623,-8.01517894896483
0,0,191.7415829183374,66.76917931958528,-18.136160549593384
1,120,592.3567977495965,4.138708802717206,20.116448134825404
1,120,508.45667988897355,12.275297937393995,5.0603771190818065
0,0,266.3797103135844,102.39333251620133,-31.611363025231213
0,0,168.68464098775394,156.67171568185344,-43.27595338011354
0,0,132.2051711178687,114.18558061366089,-28.432722583332016
0,0,118.19291874960554,53.78673476710941,-13.484993714523
0,0,131.85787963338788,107.64688577476245,-25.83223629141043
0,0,100.0327346043334,13.992736383529472,-3.151945993865553
0,0,139.89067861667652,18.898041701294773,-4.742605696586892
1,120,564.6969966832203,18.90634245088323,2.4796528067512895
0,0,173.97957782360677,134.28759559571859,-35.46212741524909
0,0,179.5039338089218,176.51740553811103,-50.24043693870289
0,0,178.06948031777668,180.20827364909925,-51.54482006086946
0,0,135.11788062973307,128.33747967414922,-33.76221144193829
0,0,133.38999326746293,93.07567161438483,-22.80405637594326
0,0,141.20890350126786,124.22693548264166,-31.047671051227063
0,0,116.98798643244803,44.43795372517458,-11.769822972474373
0,0,92.94799285534756,7.182201922576333,-0.2939515967591291
0,0,154.70253119871893,50.638265321445424,-12.015167420702355
0,0,231.34618869803995,144.18240676811615,-33.19097926876931
0,0,216.7933650499441,185.4573074301719,-50.741854899212235
0,0,184.83922701260175,177.35953003038867,-49.36075672338445
0,0,128.93293851453322,124.8317513087113,-30.93031976653773
0,0,125.40296928790627,85.83168560084307,-20.3789074553507
0,0,131.3645570448764,118.03570615902338,-28.890809497414466
0,0,118.13399391815459,50.7660632939091,-13.508428040588882
0,0,110.57421464282166,4.98183772359801,1.2932576854614126
0,0,85.15525191230921,6.424248637489476,-1.083469101181251
0,0,148.98431727907482,39.481408109422425,-10.055164773746696
0,0,282.54186882542893,167.15810191080968,-40.875218958638776
0,0,192.0954719887945,165.20385385418726,-42.95359533494977
0,0,174.14930128964826,151.79602250762434,-40.566313854661864
0,0,105.59629067952093,25.059822225111947,-7.600726908535606
0,0,146.3470739858057,123.71757737438773,-33.67229971875067
0,0,109.23815813840112,9.970502493362218,-4.358177070071164
0,0,78.46230134496865,5.358640585909735,-0.49213149155664837
0,0,84.69429943849728,14.590003202172769,-5.878544362498388
0,0,125.83775247095164,87.96207054610183,-20.305539785130904
0,0,193.1305221350932,77.91094032165876,-16.46390077980655
0,0,270.83620959965356,150.61226594704848,-35.65427303713405
0,0,167.56005865238257,135.22338734188676,-33.06300724103772
0,0,115.04318359310709,44.19699193499027,-9.881243501489976
0,0,136.5186093472024,121.21940370437589,-30.300398741144676
0,0,131.54875665746712,64.53076009135918,-17.701101097291115
0,0,93.99351751958794,5.964426096196896,0.10813071259450169
0,0,171.25553433133422,3.328000003448774,5.771988038720295
0,0,99.96407209873539,15.064560972784806,-8.226114303316578
0,0,157.61566014474332,18.731055671630706,-8.896309609042035
0,0,178.04677419284474,32.26649908563281,-8.680919883354633
0,0,310.2229590094399,154.56623118045692,-38.584097474497426
0,0,118.40474433646443,24.72888781778585,-6.768129345395295
0,0,162.96252746402763,129.3630112049528,-34.25152122698428
0,0,118.29445582450093,26.02425958917934,-9.873914660395641
0,0,139.96404558650158,5.180020150538512,0.6401401118317835
0,0,84.50677836080169,6.641188520419989,-2.014792019048727
0,0,93.029550127351,23.37806400690416,-8.335566080121254
0,0,107.31687762019538,11.094836227519105,-5.680301060279717
0,0,88.51136001158653,9.509892111844511,-2.2888019055872775
0,0,157.0268652725689,51.574006530325406,-12.178795554926069
0,0,170.05252914410104,84.06016593916209,-15.724512125753535
0,0,142.4053111025248,117.14679135747608,-27.01909640045539
0,0,118.6528566461926,54.34555444129553,-12.627751800363228
0,0,96.4631571897323,16.86838479105075,-5.32613890945855
0,0,79.99642712940589,8.66760247092862,-1.7234983262956263
0,0,106.24695775832468,76.76113759914728,-17.717000508143926
0,0,119.48779135393733,97.84375646279005,-22.136751391831808
0,0,128.5435222371182,94.6304151880962,-21.649655582574226
0,0,111.35974680815329,17.407606826830374,-4.641206662268004
0,0,172.91275270567337,58.70906302893724,-12.602203893592417
0,0,266.5462143390464,123.36602555837518,-28.725590893710283
0,0,139.6260610059494,56.776946694744424,-13.34302978252478
0,0,94.98869874856982,10.365027248481441,-2.2296480656081172
0,0,102.87266662140838,8.091580264816516,-2.842110914378466
0,0,111.28554097000826,70.65499862964909,-17.326342102500433
0,0,106.60810190614393,47.69089818479342,-11.556414728697845
0,0,116.6837833058635,82.87115350061242,-18.442354986316218
0,0,115.74750423621583,49.31603298136843,-12.06958683990247
0,0,110.34769752430435,28.199761698487382,-6.425406950139546
0,0,171.18708721084542,38.84340733403045,-8.479590753306766
0,0,157.573501343634,40.848340680920984,-9.454146964493532
0,0,106.39665040921153,16.624259005643882,-4.012923661921263
0,0,113.72099108808335,87.55360652395245,-19.767374582090525
0,0,117.35140912800134,75.34784067552253,-18.045075789114534
0,0,121.29185702851035,73.38245275665616,-19.08503675521527
0,0,254.31798549414322,16.372373941593658,-4.09350392629662
0,0,132.86855725417303,87.91870233320522,-21.195515780458237
0,0,122.49808165632301,36.92157172818203,-12.032731276360295
0,0,139.0860905372108,15.809215280234097,-6.855193018583023
0,0,146.46316655965896,14.046314031096033,-3.1960669910809116
0,0,168.77722257653036,71.10021047993959,-13.949585173224861
0,0,130.60065407893077,73.18017365079015,-16.15414495959591
0,0,121.06481845130764,69.34172221900413,-15.575399007020906
0,0,102.71432455797881,38.615848754640645,-8.452610895608373
0,0,109.26194118887902,68.36743549844527,-15.722055088184064
0,0,114.00777069294026,89.74328614750648,-20.09790161667884
0,0,123.19978366994633,84.29731577389286,-19.944001237649545
0,0,117.99711101323534,78.02083004506466,-16.766702919497973
0,0,104.97033620798213,27.10877715983951,-6.588332318778882
0,0,210.37865236747234,99.32335830854605,-24.24699263924547
0,0,155.73601696896145,37.68730188971796,-7.676625591649554
0,0,127.97416870506278,73.90603350173485,-15.870254083261813
0,0,120.48958150495382,76.89863512114093,-15.992884035761705
0,0,123.40801572629927,86.27396628841741,-18.996646810135204
0,0,116.17158618015199,60.98855824305898,-14.611912674776207
0,0,83.9803431457669,11.696640572682382,-2.039938345485595
0,0,109.122099572723,94.66485995981746,-21.46776611105993
0,0,124.05173380131704,97.03630055022434,-21.70519519954796
0,0,135.1437381788942,86.49668411755798,-17.84550093105176
0,0,192.0331009955965,73.61297498701884,-14.88768740120338
0,0,173.18249421478754,60.93123451900387,-12.857376492098311
0,0,119.89720443833184,23.276772842106528,-7.08861687163521
0,0,97.4864064992591,19.721323004682755,-5.981079446446174
0,0,84.08218062620931,12.935814879586578,-4.325432421000073
0,0,76.15561751401387,9.475990615971488,-2.844340742022169
0,0,104.5629296059206,83.74063310503676,-20.82088888446161
0,0,109.74203459726289,101.9376811060892,-23.483160424339978
0,0,106.69434663828685,88.50737510549813,-19.211513424598124
0,0,94.6782494538188,29.039828601173618,-7.868359065297042
1,120,460.432783551629,26.910125909305705,-1.4997124012579093
0,0,168.2232634117528,53.77194539069544,-11.078507711554948
0,0,116.95094019366739,59.87156505001457,-12.589554113073433
0,0,101.75266405362188,46.321727533388426,-10.103502364468383
0,0,115.30611213113583,91.11390794104436,-21.699483247692896
0,0,120.14854752469785,94.01209868646194,-22.487753739499112
0,0,123.38205615261272,120.40080792956623,-29.635059387088802
0,0,113.4068235661842,105.54986987894738,-24.58008767439027
0,0,94.55371151647363,30.32159681752292,-9.118473360888714
1,120,414.6241797425925,17.331481426658065,2.181035556855619
0,0,248.16901269217803,113.91613023215146,-26.0051271930735
0,0,152.7551664101845,35.759679764369515,-8.313875458136934
0,0,94.99056919820225,16.788377044202043,-3.8312825361397955
0,0,88.6001496888354,19.188822428235035,-5.924239977338914
0,0,102.60229029302504,81.78368491330143,-19.248427111609686
0,0,110.65643507424024,105.46800669166011,-26.169262586666406
0,0,118.3008720335431,87.3784154045669,-22.629812782629045
0,0,87.33451277906151,37.19225305364,-11.351925795496115
1,120,382.27038896711946,20.562967392722395,1.6181256077122868
0,0,151.03836571300843,116.39995853192431,-26.281414462821616
0,0,219.88133002433864,126.3134179636713,-29.338349643779324
0,0,150.72682815665308,26.793341455865466,-5.9028082689909525
0,0,123.20616587081338,69.42107298110611,-15.681659276961142
0,0,117.56493512361699,92.98821322733147,-20.799531151438316
0,0,113.24932037107463,107.67780015592164,-24.6102326191943
0,0,106.6272825169202,99.90774985056633,-23.472856718403456
0,0,69.65970464537757,11.671942277972994,-4.138232577964658
1,240,393.29076079180345,5.826406505967006,10.657963122204592
0,0,149.2645559782474,115.55338675828422,-29.691222510370487
0,0,149.05121135956577,106.90178565623502,-25.028367574001855
0,0,214.98932204748783,71.82609920933469,-15.86188958762206
0,0,173.3420945806971,57.46381702783526,-11.173719238360164
0,0,121.24184233894482,88.77336007295888,-18.466946497818043
0,0,109.69689441280008,110.7229316766155,-25.741278345773885
0,0,98.29098324266647,102.15245014175564,-24.078217936005245
0,0,70.59767845575283,32.89332390071781,-9.602430502799479
1,120,278.07582457820513,22.80106715309087,-1.618791538173511
0,0,119.0338729043492,120.82440425972813,-30.691971270443062
0,0,94.74263826540813,86.85416323551627,-19.581907875233142
0,0,81.41383685677906,26.835845120153056,-8.100620448961521
1,360,230.67980984232372,5.265882551981168,33.711347969735044
0,0,176.1037057704357,104.00062043042567,-20.615427704135612
0,0,129.10999641034553,123.20771389325171,-28.362773629902442
0,0,106.26543553348148,108.34645901622545,-24.615173114092066
0,0,91.20249492638658,72.85024457451881,-17.1229892189276
1,120,282.15061610655664,42.907554685155134,-8.958131844661153
0,0,121.32198827168015,107.93338888123638,-25.985798497526936
0,0,95.02380085333854,58.8394059148429,-13.085949677432694
0,0,89.7159522469927,25.250793612741017,-8.321907064815662
1,360,412.28287558935006,1.9730077687413525,55.97888237536641
0,0,160.55330898504016,18.259797263977507,-3.5404168434794485
0,0,165.21140873331092,104.91533090779778,-21.45552319482664
0,0,113.63364675827773,112.77080366945285,-26.072819899100566
0,0,83.0140461935332,44.202641281850866,-11.951971357625027
1,120,279.32970599544063,26.585385929591606,-3.4241382009978594
0,0,111.54138447155049,119.57315876055439,-30.160912982522987
0,0,78.12899855652677,73.96945779843816,-16.92275915084629
0,0,70.52581351366292,95.72514670568418,-25.972731284818728
1,360,132.99206361020575,4.331544204074797,29.67981958992823
0,0,88.57218363281588,72.26084262135316,-19.60258397847909
1,240,362.80098076760845,17.026846263135717,3.0319420128523547
0,0,165.9455092017797,115.35638518922983,-26.089342816261336
0,0,82.13964499854406,32.43344540742757,-9.617875493800739
1,120,305.510242131902,14.911634236210388,2.611550810642285
0,0,102.23507001791495,97.38211999383137,-22.986807131594816
0,0,68.40359002464156,38.32960194441406,-9.871642561137847
0,0,57.665463381463084,26.36181618616407,-12.193606471715853
1,360,92.5739936173272,2.8028467365003427,22.1361541527435
0,0,53.12769022484992,8.479462073890875,-4.089826295870054
1,240,162.44417485861663,5.903733520411657,6.509881334424563
0,0,154.8961057315886,27.749530412535762,-8.18341997307705
0,0,115.82241290998033,12.180562180838432,-3.977008641792793
1,120,255.11953550996353,21.172356843375017,-4.794393707809377
0,0,116.96754751919175,117.18156823137701,-31.103717927569974
0,0,67.09332872106108,32.96092835311732,-8.298340639955711
0,0,50.76120868594904,27.58017093522898,-10.006578837292182
1,360,105.4723648893282,5.49175174202225,15.717241255589414
0,0,66.40529232581292,83.8011623370869,-22.56666955906934
1,240,253.8710500565162,19.642172586830462,1.3124278624551096
0,0,127.66290321410851,83.22822832026503,-18.844114974612353
0,0,222.80848167457708,136.648538869403,-33.54534749370921
1,120,467.5884210097134,19.097667599529768,1.376057209576956
0,0,140.2413709186709,103.60375110611415,-26.759855159092517
0,0,69.03359146902146,23.5118723068585,-6.506304251620648
0,0,40.39006142664011,5.586665281538123,-0.4620023986079076
1,360,69.79685961569791,1.7673645490159853,34.79968351421981
0,0,42.65035527269586,15.313085307169079,-6.925078564591445
1,240,146.2629150884044,8.077761023845861,5.068377022049958
0,0,90.19848290792793,49.164753218918705,-13.688103536314756
0,0,148.62336584424799,125.75723344808469,-34.71279964793117
1,120,863.403903379322,7.510849517610937,20.355863989176058
0,0,229.4568758644613,147.94011405256813,-35.99331780196322
0,0,90.60096966065322,85.98898652020237,-18.97771441097082
0,0,66.63264264462104,77.36578015451448,-20.96220289039306
1,360,112.14188949202979,10.112229805888715,16.290867058906727
0,0,64.60884448247019,80.9498413166776,-22.14489924544931
1,240,208.88544408575197,15.561929109410963,4.568420074202891
0,0,96.68822329277718,86.92596228283719,-19.78997932772971
0,0,118.89807826103427,106.92528549525258,-27.500300603497983
1,120,1203.9172411460806,2.9769434077381076,33.191164054541815
1,120,1387.622601591499,3.830807666944299,33.39521970369904
0,0,90.95168463476435,12.370446114319414,-3.742797479928015
0,0,46.61258540937898,12.197582417546231,-4.415127502165433
1,360,73.89133054139432,2.8771690384254494,27.93576676754678
0,0,49.90961564041725,26.96216487693659,-11.250357674720831
1,240,161.1639711138265,12.578959355666731,-0.3791236152159456
0,0,79.00132525283266,19.90806189442425,-7.760534745635169
0,0,113.06778473220284,111.35058313734336,-30.93788638546137
1,120,716.9973490952046,4.241131641790109,20.590894163563988
1,120,1269.8109371572762,2.173401202041034,41.73287286849681
0,0,258.3937292513985,38.40673267564111,-9.886448193975866
0,0,101.81164556536473,25.653057792568937,-9.174330014968177
1,360,101.41097258197998,3.1017371189080225,28.09202378906207
0,0,51.92019595849888,20.650234460041812,-8.943257520450231
1,240,172.78996052131848,10.363532788672952,1.974559857791263
0,0,79.0975343802902,36.387800499916466,-10.9206602205592
0,0,138.08082021627214,139.5600931177458,-41.44992797206736
1,120,916.7643625588848,3.7249079075651403,23.249345406318213
1,0,464.7384905891486,6.173863447957193,8.59913472543829
0,0,152.72527322424062,82.6053418038541,-17.94686826166007
0,0,204.9458010453878,102.37573110067912,-22.077164267808143
1,360,307.5564006692042,13.463397997401168,19.313963812778553
0,0,121.93964474848597,46.7430966130628,-18.761743450589563
1,240,213.25751240901877,18.53555397709426,-1.7006346670200685
0,0,88.26932382914919,36.65678882621941,-10.131322370496989
0,0,113.36798623017978,103.72182065059744,-27.253788401930535
1,120,885.178295001031,2.429146277091175,32.721727212073915
0,0,259.35727154144627,10.752789031496304,-3.748905728165255
0,0,128.93679277438187,68.2891171409453,-16.900540133685737
0,0,111.7308326791704,32.985420888867566,-7.6296248407237215
0,0,167.1110827242474,51.69651252675225,-11.231895547263292
0,0,117.88243544667938,79.26199696504683,-18.45102066720642
1,240,245.45175949887414,20.593026249788323,1.376057209576956
0,0,98.13971487966502,54.75054582978363,-13.99139179956832
0,0,116.52470439863933,109.95347258517096,-29.66622941853472
1,120,826.2453015880448,3.8666904952506167,21.630849845712973
1,0,508.45368716956165,3.009038421170523,23.701873603146694
0,0,136.02375639080987,91.91235377708354,-21.271456735186277
0,0,124.31217974256091,85.11573827800011,-19.01421594974491
0,0,100.12980527222769,16.132009574352114,-3.9971880535730833
0,0,145.7937609763557,27.818694301257167,-7.47570332588738
1,240,369.8630277277207,13.242726928433093,5.811385183060139
0,0,99.80417699530797,18.975020820657193,-6.022331257854603
0,0,128.24156365009262,110.53838393929853,-30.57809682601333
1,120,940.4245301639584,2.3060171378516707,34.8077468246091
1,120,994.0731972917339,1.9577825082165765,36.25607800266063
0,0,197.76531494733797,37.40537601763331,-14.679726911693805
0,0,119.17666189568361,50.182094099226,-13.524544093463945
0,0,93.88157961113036,17.097358414510435,-5.083092980247173
0,0,91.69212762789587,16.947074958599703,-3.9581924895671676
0,0,158.87540230416042,57.55417408934807,-12.500287032000827
0,0,164.49723705547135,26.531471667587507,-7.928553843773372
0,0,151.9920909765005,120.26531024026316,-33.33040161996985
1,120,947.6339912272234,4.061481509171612,21.976473130486227
1,0,729.1880555868753,2.5542574256026573,28.472066735615073
0,0,124.35771668906698,38.799923607332225,-11.864828425160866
0,0,90.47083737849832,11.823737340272142,-3.7099524357734452
0,0,102.01922013033172,43.02671439114123,-11.578158190199787
0,0,104.6893379928982,46.349501383066006,-10.193276704910176
0,0,118.17968956947794,50.153944829693145,-11.418413760521375
0,0,161.39478459846922,33.92776443347152,-7.958640665108021
0,0,355.9148694335291,147.9523729547653,-41.43604703078775
1,120,786.9163434038716,6.334020175326124,14.482117531147438
1,0,511.4662673557398,4.650236404557859,13.939392277736175
0,0,131.06904867506813,50.56829283611266,-12.906379860742064
0,0,117.73465858965848,70.43911055402944,-15.691038291339254
0,0,118.18946125180013,77.12839929218046,-17.622861623546456
0,0,120.21575901482342,86.35410398829295,-19.57342184870285
0,0,122.51038127966358,60.89246519933436,-15.53393583754199
0,0,114.85889329204934,24.459973492512077,-7.537974697406312
0,0,170.2626883303783,59.536791613687676,-13.260547295514982
1,120,601.9953947464198,6.969312693540992,10.512316275828042
0,0,127.96762779937843,25.908926277871984,-7.5455043286676045
0,0,110.7569292317648,60.29950397715622,-13.16055907631663
0,0,111.66189810817133,64.66636607485128,-15.633511908502896
0,0,98.66745374141333,44.86252470303768,-12.290524714940304
1,0,368.0859872163218,10.767171402249867,1.8903759383139942
0,0,140.498348026051,21.27363717875375,-9.09254500959102
0,0,124.13491779769778,59.82689369704341,-14.890234265952813
0,0,106.37282201450012,16.35345314186854,-3.47949816361168
0,0,186.84174172514716,69.89896079803054,-15.77403332166999
0,0,257.5512787369489,12.891639874981765,-0.17142732329449473
0,0,128.70874528798348,65.28173697454416,-13.76569836794441
0,0,123.43344250524203,95.02378300029604,-21.30666898973037
0,0,112.97889869845775,47.17684371854227,-12.017635026175356
0,0,122.6329467428509,95.51928667196789,-23.07632255840025
0,0,117.24427204026702,97.9946535857719,-21.883047731915838
0,0,112.55276492795511,95.03507447440462,-20.656230379644228
0,0,113.0362591538525,100.50386604345128,-22.677437039862824
0,0,169.6621379656655,58.92210657719193,-16.194535486867068
1,120,817.3639079466653,9.383048030695798,13.628907272182332
0,0,159.34306005650316,50.74640067898918,-9.59744245233584
0,0,123.72531200031085,41.49633340015329,-10.825549088837462
0,0,112.3594737965449,42.103441453223866,-11.456083052634938
0,0,102.17349254880345,19.930208056079042,-7.3614907085448635
0,0,104.46976987816686,26.695230530418748,-10.339758415665173
0,0,95.34963884733826,38.29322592632191,-10.153118671516566
0,0,76.25156024409951,9.591627151008103,-2.987049711218873
0,0,228.0066312439951,5.596781763695834,3.272985324345811
1,120,574.8967285697747,4.333301277291663,11.450968034789852
0,0,215.89523181673977,14.373927416625486,-3.27487184766413
0,0,179.71851405796664,64.50979433636472,-12.687238529303414
0,0,122.52636512197714,68.5244187548501,-13.681091732326166
0,0,123.12340130859263,86.66720414759044,-19.295026282201576
0,0,126.71790671556784,80.91127414616092,-19.725869140997503
0,0,90.58008297309101,14.235383953256207,-3.87039963103625
0,0,96.06028501102215,72.77895811969259,-18.4969329240692
1,120,447.44166064997586,7.101430250469239,10.440380556535843
1,120,859.3754309855045,3.8891200267000143,21.67829973253859
0,0,159.98478298524634,64.59658851905876,-14.542138091754794
0,0,195.1178692015283,77.75736472240179,-15.852526425099228
0,0,153.315983890281,24.122445773977752,-5.106944738502278
0,0,110.77024910035944,37.52651028766589,-8.121433934953288
0,0,108.41076190947804,45.971381392680314,-11.66978719771015
0,0,96.07168908575082,32.90485001223595,-9.453475902619715
0,0,83.8012787676216,22.209715904522845,-8.118247712040613
1,120,429.99043359568924,4.497092628379612,11.917329617332086
1,120,941.8989432608873,2.5695241988998916,22.694910915801643
0,0,105.68543744260873,11.931381764159008,-4.089873851435911
0,0,98.52180806336757,20.679459451852274,-5.70055444738469
0,0,246.05876008080426,141.08093339068097,-36.6589372054625
0,0,135.4965729959221,18.464801773600545,-4.585027687131031
0,0,140.20749877623624,53.77047619953106,-16.69755712673627
0,0,85.39340549475195,13.879502174585973,-3.986297828990942
0,0,81.55643880315021,33.54198443411575,-10.574751602390776
0,0,144.03612779690064,60.336562248639204,-17.968891772605417
1,120,497.5936525545818,9.641818800264607,8.005672967205243
0,0,125.426627641742,59.68166757975996,-13.943767542334541
0,0,118.37604143665031,89.78999704103754,-19.6193816611315
0,0,151.77396254118318,135.02678285152547,-32.6595616721294
0,0,202.50455820148136,101.1726404175567,-21.467697419687028
0,0,134.58354418200852,26.854210009707867,-6.194741319907294
0,0,78.21222789714102,11.855454000881664,-1.896896487327865
0,0,84.55248534818342,44.77113523692286,-13.056787547656455
1,0,309.04525590450726,8.284690462678746,5.1566507201912515
1,120,609.8912768166141,6.3299068010464765,11.72475071140262
0,0,128.1015066488274,58.72250594760104,-14.717956302694176
0,0,100.86284015120891,38.62630275368747,-9.641774807621701
0,0,132.7549699492214,126.99032884117851,-31.258865319215175
0,0,142.22206371883786,112.91734736603605,-25.406349779367552
0,0,190.74464460030688,49.885786758839366,-11.29372835078594
0,0,174.5261005340881,70.00124826936717,-15.358815108235234
0,0,110.88784936997702,62.47121398494538,-15.313510505825107
0,0,166.19732840259763,53.36564364252019,-15.03135804962082
1,120,607.8502875219324,8.378981310607749,11.596234436639506
0,0,126.09960408343444,46.99660248014204,-12.809398210096461
0,0,111.38926590417066,46.685592398692656,-13.58919852722768
0,0,126.22868778018935,124.45168202292322,-31.057974757163585
0,0,123.70498644763836,111.24028911563178,-25.635129038820665
0,0,128.7081558129478,67.68540591560368,-14.86677352012812
0,0,195.63712869160958,100.44409487072429,-21.668482302703367
0,0,152.29909410950447,76.06822084050276,-17.462160798599072
1,120,332.89890735398353,22.170047743084456,-1.7488348749959357
1,120,661.9020195414106,6.083428324383125,12.517533698013864
0,0,111.78702552055216,16.061773573159403,-4.80899326652866
0,0,99.43286440312329,42.273080690518945,-10.4877513366242
0,0,110.6716820727592,108.60462514323889,-25.315534500428583
0,0,112.81754124349953,108.05694533129673,-25.318588624547203
0,0,118.85731379510553,43.389615438163176,-13.364345243933968
0,0,119.06570455627576,78.94064478854595,-19.04374267219275
1,120,526.9027594265491,40.67348888332769,-3.8333696970859137
1,120,408.583012855806,16.842134279632063,-1.299640851729464
1,120,497.9632987461849,9.35140176130914,5.820959703653472
0,0,117.98023162230989,31.34885022593194,-9.58517311634374
0,0,100.88271226154626,52.60545453365584,-13.543317974075464
0,0,117.20439178689179,113.70623443499098,-29.15194239350825
0,0,113.46962532960058,108.83344354502765,-26.3631413447294
0,0,84.96153567870982,25.0312000709537,-7.658718279127044
0,0,95.74917822488517,99.4190903716406,-24.3302412992608
1,120,370.90331513299026,37.54208299204711,-4.510243917838935
1,120,642.0819190399052,25.281388526042594,0.9714386033774076
1,120,586.257454211212,20.086355642325262,2.2377429271688243
0,0,144.83780250936312,68.48384453203025,-14.717417339614428
0,0,99.24685102119203,27.646988449854934,-5.72867035471198
0,0,111.31628436033049,106.79187427399133,-24.914186660369914
0,0,113.66215694509941,116.25412957698865,-27.57003819885707
0,0,101.6569083684995,89.73996512570984,-19.89023702846795
0,0,99.89967195108767,98.53566969528298,-24.367820764194406
1,120,460.8100022302288,4.812775152859465,16.31829076855317
1,240,656.0512984353812,5.270466103531482,12.042664953134292
1,120,751.683329832984,15.420182845401389,3.7520600948281952
0,0,169.07752609903272,60.99478876873399,-12.567387935430503
0,0,107.80552975265495,32.69915241980318,-7.3499664097512465
0,0,129.82863449518618,132.33743383982858,-33.72930827431433
0,0,114.4932260569371,117.89503922709771,-28.870196801589657
0,0,88.84988305491169,58.77014095154507,-13.121484253034282
0,0,88.34809243079154,99.37381618101723,-25.40359684049939
1,120,556.1681091131758,5.132839982188367,16.730544685049253
1,240,594.0923482873304,5.817518260403108,13.083360388529982
0,0,272.7426398813836,69.10644226393713,-17.847899845151844
0,0,225.52358101678905,118.25907375329808,-26.90660106743563
0,0,154.47543594122433,54.66743364951632,-11.065894918698291
0,0,122.50881690360735,112.80668514408181,-26.808647169665768
0,0,123.21319422700799,95.36761705043769,-24.818837750818872
0,0,179.31332932334726,17.502755906207366,-5.552027847297666
0,0,98.23874668565877,70.58956728064261,-20.302755142552158
1,240,420.5636848578415,9.140294874134769,8.786397975894872
1,240,472.0658466595491,19.512602199473147,1.7662770472241789
0,0,182.58230847792817,129.21233788996162,-35.24967556674155
0,0,154.66367119059777,132.86702130259164,-32.035162376327975
0,0,213.98952704274595,98.5115634088069,-21.499438117923276
0,0,242.38048120241265,132.5754644672967,-29.81481942604288
0,0,130.34727050205663,101.77012833683592,-22.83657381508857
0,0,81.14997876196328,26.720491954911047,-6.117976068704323
0,0,83.67164527203533,88.6099152632758,-21.970291059463477
1,120,332.5398036966724,17.702970202869373,3.2378787488369625
1,240,435.97374124051237,19.528025096892886,1.7131521962058258
1,0,264.864963520945,83.48968659062471,-25.369985623339275
0,0,137.05499762149344,116.09251854890633,-32.22029091027257
0,0,85.81920485153243,12.245116346913845,-4.980901353163944
1,240,352.98243518008627,4.349736725378748,25.725426337947752
0,0,266.78803513637456,121.05364139904776,-25.74330209929885
0,0,116.93543246580573,85.52929212703346,-17.705761542745478
0,0,88.95857885067302,74.27317968096642,-18.295186361832123
1,120,355.15304096626664,17.283398806732748,4.472283855839265
1,240,419.7884798416926,26.871372833764543,-2.1815218329569177
0,0,192.7046264218165,96.71225545822313,-28.347196540107127
0,0,103.9280423203796,116.18242438463155,-30.514552022119688
0,0,63.193424233342434,19.474876113824536,-8.246605468250863
1,240,211.82844354560342,3.2640466445095337,13.622228357154768
1,240,392.20036800850136,6.338188147926069,9.799807084389954
0,0,125.40700492468898,49.07642125874058,-11.348174189744867
0,0,90.65520703196471,99.63441531747735,-25.68521033362392
1,120,297.71411737543764,48.456837715094785,-11.890112134343553
1,120,408.43782062009535,33.48971443888161,-4.12301479688918
0,0,163.64747478336767,132.75936243947956,-37.12411518280998
0,0,112.85423606447043,134.91697254385818,-35.65621753138258
0,0,90.1243677582499,72.19904273748519,-20.339901323441268
1,240,415.05037019338704,2.6504612452581364,29.6553971648828
1,240,441.3124352617059,2.9638262740929404,22.368965067391258
0,0,184.44359857519538,26.220723297094924,-7.462393051398095
0,0,159.4667817976451,112.84658072331715,-26.458189069029984
1,120,293.53190535789236,39.055681993543104,-7.290400421534628
1,120,344.3471473661021,48.80916924926828,-12.544598251479627
0,0,156.0299722987719,151.64745731951274,-43.644302941416534
0,0,128.22063728632608,98.80686722304193,-28.0448699560743
0,0,90.78527129776934,92.77799254760393,-25.68874529735291
1,240,340.0631375443187,3.38479173230032,21.739815498955494
1,240,440.14876619704575,5.159520963008414,8.030454700970523
0,0,162.50732803984275,22.68686190625248,-8.975521329910947
0,0,199.64934517771226,71.37555206533176,-16.71650537775595
1,120,440.8810755682908,31.861821750292872,-5.934316473349654
0,0,169.6704359603985,155.69994138647988,-43.331244651354446
0,0,145.3494895124476,163.32350575215278,-47.686280335833324
0,0,97.1665596121124,114.80696545065074,-30.83733806737621
0,0,72.55781898207974,51.431682697307714,-16.163354887517627
1,240,251.79437485005926,2.99688081916266,18.03796343750328
1,240,416.6777293899575,2.409293019276008,23.859610131155435
0,0,124.40997591819144,39.480866638477316,-13.136828848952064
0,0,123.50620866397303,74.49612131809764,-15.310942505268628
0,0,189.54430338679262,82.62710893584732,-17.560537412509916
0,0,259.44483125636106,158.08684638707894,-38.53357761169789
0,0,160.86226192008525,155.80508782440666,-41.90267809486986
0,0,109.45094729022217,121.99002515344927,-30.958245451601584
0,0,70.12729438137006,17.643866844308018,-7.47645364703763
1,240,459.8583174572449,1.8101126648739996,31.60027185794293
1,240,352.0741221664581,3.1328617712842304,15.156709084739134
0,0,114.35804356077462,39.83286607047115,-12.831913128555698
0,0,111.41620037887776,76.47191991833522,-15.929687972684377
0,0,129.8447430341419,89.65174145972074,-18.680513260147436
0,0,194.98614420317122,93.74304538364558,-19.372705657059413
0,0,194.3269070642334,140.54841476520176,-32.46105417232262
0,0,136.76548602656734,148.33430490060454,-41.08975268414067
1,0,180.9750707849794,5.3703255289051,7.054455970952645
1,360,242.4876069540886,2.1548849262344882,22.95230277404771
1,240,288.4540313678692,4.308786180252036,7.706030630667684
0,0,112.43814604169104,48.430157636726314,-14.557783872923011
0,0,76.13808629973167,7.394133650490413,-0.34349921243439496
0,0,81.81791065767733,16.378958228286134,-3.5932299413438216
0,0,93.74320034650516,19.719227512125197,-5.032921858263961
0,0,167.3044305359495,70.42777576224525,-15.083579344887823
0,0,283.54853348154813,165.61460649353128,-44.2744326829042
0,0,75.51337312658528,17.80783688080785,-10.557763697474925
1,360,135.7521217599465,2.937790546149144,18.075955050674352
1,240,358.0599464162413,1.9515206223493313,30.699939317161466
0,0,117.7895591203851,59.9893530296064,-15.679519276497402
0,0,90.68851803950966,19.087334528994013,-4.5442408634776825
0,0,80.26715487559898,10.335175955277805,-2.1681798547570708
0,0,81.32892411149561,10.040719543071853,-2.3711311579959613
0,0,117.00239456264698,54.86576362728937,-12.678113144609895
0,0,139.7852986179909,13.255811573821555,-2.033306986023888
0,0,152.84449455020632,65.45458171983427,-16.328726725822918
1,240,733.6010470808882,2.3653858171761284,36.98314976515567
1,240,898.8141222147807,2.3106058784985413,38.238785790338966
0,0,147.67374423388893,73.73583835426946,-18.06531332436421
0,0,123.05511289292112,91.35325975761856,-20.87235985857835
0,0,99.12900135829013,24.125967140024084,-6.495482718411424
0,0,106.64217809762943,57.49744598333258,-13.396239176771331
0,0,88.19639329757172,16.776910494487872,-4.319725753096776
0,0,151.30529587964475,51.87756958137645,-16.427441512646553
0,0,175.83925820058425,14.494625802547256,-3.109938577355109
1,240,529.3458160397961,4.652391007693589,22.73868317220068
1,0,272.04875974804133,13.740336019629822,-5.274858157605252
0,0,123.99964461306827,9.702267714124549,-4.511427523033689
0,0,85.51979687764198,9.157159889171638,-2.6195350142943283
0,0,83.55508791978858,14.98046241294583,-4.255404208294067
0,0,100.9572921896178,45.67593679599955,-11.318805985849906
0,0,105.5028135421326,46.149102986282664,-11.41506901905582
0,0,93.12412119437286,10.113528433705392,-2.6497803541818286
0,0,121.65937204113827,71.20015157718076,-15.443691225393351
0,0,183.35003169554733,53.012795906045696,-11.640572228416303
0,0,162.74668891250278,25.2723838642255,-6.856323784260155
0,0,104.37492107771473,18.41144342176675,-4.346203635377748
0,0,105.54029055113162,23.58806268354422,-7.995691734865389
0,0,91.87533533537848,12.651887369908193,-3.937151793649619
0,0,86.8769611227631,15.034667264357136,-4.237502179723336
0,0,99.19980637892165,44.71823352558611,-10.666835029752704
0,0,85.44154973468504,21.0494790368992,-4.830430258828386
0,0,113.54642712511428,105.7677361284198,-25.20615669894859
0,0,137.67347029450252,119.82222095607747,-27.81841563539662
0,0,266.4539161517294,149.59380963659427,-38.117846854942194
0,0,231.310570802615,53.14432280841799,-15.334836535137825
0,0,107.85068127317614,13.336608965798542,-3.2857250845839303
0,0,95.0797839776403,26.800441944858942,-7.084865265883963
0,0,89.71312956845648,27.83310103820326,-7.43259684741038
0,0,108.95940446287612,101.31195006231331,-24.18149805715153
0,0,113.42569810338425,113.85378887733837,-26.940967889697752
0,0,127.11635783151043,132.52417633937637,-33.15896908899318
0,0,165.90028966490826,161.11111322735474,-43.08531368448085
0,0,163.39428391948596,133.22615371183565,-33.68801419129181
0,0,153.0969599063518,17.14173737317124,-4.643468193622269
0,0,135.77499792575412,25.63764030985865,-5.791850565934027
0,0,97.24022131945527,26.58740561621685,-7.69407320036872
0,0,77.370094792326,19.32463236578311,-5.320907797213849
0,0,142.1003144518538,40.68909768577191,-14.758832953527474
0,0,142.02410213137577,89.87883437409776,-24.656018061214787
0,0,127.5508802852131,142.52127498311057,-37.764028160985575
0,0,137.53285782637676,163.18120718777922,-44.84691715264084
0,0,112.50329436919175,127.06236613571528,-33.013015773414416
0,0,204.5430082190863,25.676878904347255,-7.898356059451729
1,240,584.0191721565125,8.57822637427802,12.55957281823487
0,0,183.65313522446914,66.27549499028898,-15.320421914730218
0,0,103.23865126615522,14.876290622720237,-4.154095001155127
0,0,83.71242107402246,11.103471786641954,-3.4317840791979393
0,0,103.02362891083362,102.08228994649524,-25.25061586907674
0,0,121.70869523114271,143.96729119104486,-38.35503288164915
0,0,133.7665204465017,166.05380440652482,-45.88161001883455
0,0,92.67821733805826,118.77277084872544,-31.12043635094595
0,0,97.83987613555618,11.389746572867368,-5.4178841639076865
1,240,213.55853010319896,4.318380594173508,8.815692204465165
1,360,359.00965871506736,11.006479901148452,3.8308438156043536
0,0,159.2387343112467,53.52050794262651,-12.348241320040103
0,0,108.58673154368603,71.45631065189102,-15.343063648031759
0,0,103.22123908048599,102.7765278942458,-23.954996180907976
0,0,116.25711674061706,134.7494630922805,-36.71731958848436
0,0,167.9393178214905,195.61860894291235,-57.46623833169771
0,0,111.8949901405481,160.5680250890271,-45.825164204133586
0,0,58.675358814220125,25.57174690564568,-12.67706692216096
1,240,157.5349247369723,4.2943893702732705,6.294190423486725
1,360,165.01578237387477,4.706976242443832,11.560525490629757
1,360,339.4979670178049,8.42129185025825,4.63424754525785
0,0,157.9381483334922,20.34955203441873,-6.461031352921097
0,0,151.30589669073882,138.82161338397384,-37.39886482259526
0,0,175.61132407476964,187.91935415872635,-53.55759089209951
0,0,175.4477220802525,196.92989274047932,-57.62218095808314
0,0,99.81303045690152,131.2500013505806,-36.386739714378415
0,0,55.84696690457435,13.654048112269473,-7.163458764396694
1,240,237.955722879803,2.0458177874393595,25.624830464296735
1,360,185.36172861537923,7.578414713366921,0.6688478217564722
1,240,268.4051918804044,8.150533816416393,0.8330413388187594
0,0,189.50629358304982,68.52579048124437,-16.46519006403655
0,0,315.7946090303096,179.11965714338464,-45.178524755364556
0,0,263.06101120695575,209.16460923544085,-60.50754886729425
0,0,228.93772973496382,213.34231026336664,-63.91334639545552
0,0,94.58273749395153,131.61303235062937,-35.22845521646408
0,0,52.15664346415567,19.204689331829762,-9.162747592705188
1,240,153.82957535117305,3.4838328597081487,6.954980295075231
1,240,195.57541518979752,4.319869639272547,3.102028349027748
1,120,229.54468497266043,15.187913468789166,-4.650786466813088
0,0,128.0188327750737,73.0488633367959,-15.54467282752303
0,0,189.4248893478345,83.09049977066813,-17.116162353250687
0,0,291.13349014253953,171.4907213859363,-42.65332156617661
0,0,218.1654588839496,197.57789628913054,-55.822424716223324
0,0,124.21196898649582,158.2110092845978,-43.75524479261818
0,0,60.50128607737591,23.575592607678452,-11.331381791044222
1,240,199.12464437960938,4.188534959085764,4.983506188843592
1,240,288.5906081992123,3.3447727428120815,6.500666122551081
1,0,235.46299165874183,14.390369181873599,-6.102932658037005
0,0,98.2808374704178,19.271163914857148,-6.1156616978324365
0,0,129.46996160809343,104.33202230766771,-23.551909920719503
0,0,287.3769471171034,160.73771486361036,-41.930540372512574
0,0,361.6125084072164,193.05919851881544,-50.93325812587459
0,0,151.17659760887472,165.4413069126473,-44.78316891660435
0,0,70.56873749871275,39.86588135889735,-14.251811362174195
1,240,271.3515014693024,3.0345599773293634,14.632932082347537
1,240,243.52347329659057,2.8758771789955864,9.492598128928748
1,120,380.3687425020251,3.9886838991827633,11.13849626337337
0,0,119.58960049423379,86.6995480120447,-19.706260396007536
0,0,120.06782345298522,110.68512978503458,-25.39064587472994
0,0,187.9922156178548,171.0110647639245,-45.77411066220606
0,0,264.536149811621,159.33179638406426,-41.52559944525552
0,0,209.9774465893438,159.41010030233903,-40.65376854028
0,0,75.92327366149006,40.9361059015099,-14.932331509643205
1,240,194.08420205435175,2.568482092943458,20.457410974144295
1,360,184.28519983147393,2.472156216712437,10.309930355427724
1,120,387.3413706336485,2.473430703949478,12.498215570370817
0,0,82.75195652382446,9.24215909568264,-2.2692988396325546
0,0,110.71597205284363,104.83592960840758,-25.477979029457543
0,0,160.20588146785877,155.2982998982388,-40.47410361245765
0,0,207.5407381687887,176.2545683217445,-47.18217020190108
0,0,301.7566011374107,170.1333908991976,-44.7757026927642
0,0,98.52203478453514,9.657531384639977,-3.3940989352290813
1,240,167.9973697764463,3.004551431938753,11.367872609375624
1,360,264.48561366337003,1.68367164116005,26.575561336987192
1,120,257.9091354278384,4.266423749635962,4.4812982775457755
0,0,94.44298656626255,25.649825211026663,-8.123510527995876
0,0,108.56689344152382,104.71023615301722,-24.99721867836299
0,0,135.15712606383912,144.30913984772113,-37.75725413482628
0,0,141.91010672832252,143.1972906286552,-36.67696076492377
0,0,147.84675515686016,120.0700124997827,-28.20465665736682
0,0,201.88767257664526,68.07683887162635,-15.081888480323869
1,240,405.3165503061851,6.796627682179694,8.119774621560751
1,120,332.6564517373862,4.996097360937349,5.260638890873679
0,0,97.69657702159475,11.297746147036161,-3.8200277188860667
0,0,92.95558234643191,42.84298607985452,-10.678216661848737
0,0,107.73759275479316,107.96548727886221,-25.578701717950864
0,0,140.0757851139375,147.92776851501975,-39.93025816127276
0,0,146.99772972855106,143.17746557245175,-38.770240527180384
0,0,137.3051164135546,99.74803036098557,-24.113831770883273
0,0,123.77186919207097,34.39988377992744,-8.584043911744288
0,0,147.20510024446725,15.631948522225636,-2.9574278776393186
0,0,171.35679934082853,41.45916322467498,-10.202946336635222
0,0,137.0189036116166,16.45936846853737,-5.8654612979348855
0,0,130.4147994018168,78.43176317472371,-20.506604717590648
0,0,128.59582681047618,128.95134889442102,-32.609163340220405
0,0,132.28095266812835,136.9619711308802,-35.446127609312796
0,0,142.23617711151897,142.3248582026769,-37.505806722312826
0,0,130.44574684118984,101.26718124457203,-25.150728044961866
0,0,89.18880286028006,9.877481394799487,-2.5027913840576588
0,0,109.70056729571468,13.094155423160469,-6.133199133731566
0,0,189.20648884711613,29.655807753228167,-9.704172993982922
0,0,140.35881248347118,23.62867661423339,-5.797403999236224
0,0,106.12607003177736,45.40823356073965,-10.62650262595092
0,0,110.18063803198179,97.79577491744115,-22.056699522632684
0,0,150.13398631163759,159.10260256242023,-43.56199218283901
0,0,143.28336817634099,150.33923463768878,-40.53546614427345
0,0,115.47829552184544,93.06645216909284,-22.72281561759761
0,0,94.32751180759091,16.62337279819706,-7.564780184696545
0,0,68.93582930156609,15.423514696616934,-5.217976416883886
0,0,68.85904451013995,19.78657566827735,-6.373233210438414
1,360,204.2145799357471,4.516544069630932,36.78331070950479
0,0,158.4004668023387,46.336715449148926,-10.151813535431273
0,0,125.62965644729925,117.42259499807474,-27.282543667421074
0,0,129.76897281994064,138.05175721383623,-35.0646949834463
0,0,120.60736315150545,132.17388073595646,-33.27560175624284
0,0,105.94825262005368,102.34014563016682,-25.12114848299641
0,0,169.7407648665781,14.51358270033538,-5.121655260208584
0,0,85.5116009074344,83.91209890431999,-21.11614025708468
0,0,66.0706972267159,76.402734370776,-20.95018190013377
1,360,123.6732114760037,4.731454790194665,29.162478440783147
1,360,213.3058947061778,6.6094348592958845,25.965740464098005
0,0,356.18854455490055,186.8512702312501,-48.34597642940704
0,0,177.9610282472705,161.99079414438486,-41.90021048939686
0,0,126.53317430823333,123.56873784099729,-29.76081743903199
0,0,110.7291105445042,85.09655576731818,-19.559604314844393
0,0,79.31366766933287,20.741001234569755,-7.366848635631854
0,0,53.76406253403849,7.369686688544712,-2.618705433867646
0,0,52.391730642807055,57.6167139835077,-17.926192158414125
1,360,94.91025889262043,2.950317476464147,29.662467092340776
1,360,125.0093926770664,2.8594383467150934,32.48943412469886
0,0,140.50882254399264,23.17241153705015,-6.610255434640749
0,0,244.29242080851458,154.67491522855838,-36.72730625731514
0,0,138.97430566554135,127.43804589704169,-29.997010082807627
0,0,106.66146073293109,77.69381769228427,-16.88171869750836
0,0,95.70114734553586,82.98850830344817,-19.351543430251326
0,0,80.47393591647948,88.87364049199232,-21.10828830476588
0,0,63.637310271265676,80.01353697801471,-21.807413246390013
1,360,117.44111135794967,4.838157505862835,16.661853312139115
1,360,191.3253455267991,4.182484472500004,14.98252889884607
0,0,110.54704211088863,53.19009515231086,-12.429408103061078
0,0,187.28523100102714,85.51267257882505,-18.3031545610897
0,0,167.50991926617488,69.37422491493562,-13.602672604221596
0,0,123.55189297923799,95.04229408700603,-21.895824327277126
0,0,78.04533844569413,21.89122449951526,-5.233505951113344
0,0,53.86750406674144,11.276851685716135,-3.079936299248672
0,0,48.01759915691537,33.757836411672386,-12.19899610251342
1,360,86.69420685761564,1.9202229248835836,42.526416744161835
1,360,117.58499994694677,2.821724895388533,22.322973551252034
0,0,94.1665681187635,67.61158537675436,-17.37587915027217
0,0,99.98766243622086,34.80553937277487,-6.87512936858225
0,0,174.50307699952157,66.48798984798597,-14.237095556516138
0,0,155.54353069769613,40.06075314223432,-9.382142553828416
0,0,96.48004791671613,58.01891499172536,-12.176185282755483
0,0,67.81962431333636,33.29779547709862,-8.774562076486447
0,0,47.61728325936953,21.791084862927548,-8.18263266426446
1,360,91.2765477277435,1.7504235024339077,35.342398199727555
1,360,114.19278650173422,1.5472157738970438,27.762981544918958
0,0,57.50254721847782,5.548981611113543,-1.52769092583938
0,0,63.73524247959672,21.059277856102447,-5.911357702942382
0,0,70.31584704037809,17.7902769780581,-6.78723611496784
1,240,269.81537487056136,7.431844845688035,13.193689301327197
0,0,142.952309927458,84.81406676545063,-17.727468016585078
0,0,82.03512087226596,56.44779011702142,-15.397218869643766
0,0,57.78690090684176,81.2067728899362,-23.54734987034862
1,360,89.07970463444629,5.8590075691202,18.34845901096064
1,360,112.0999914202632,4.87847543243535,16.37533631177915
0,0,74.47233754146276,48.2717087989634,-13.737677571748833
0,0,54.059032441073796,10.867638628759366,-2.0057247578245807
0,0,71.09896462527512,60.189812793096856,-17.846557721404224
1,240,224.93437804651305,6.260630105878174,18.333473723762708
0,0,312.6218049950111,157.08437429892422,-44.12644504589694
0,0,113.77616368421104,19.64991020663601,-8.172233847196225
0,0,51.872403136375524,22.369610469709187,-9.92401709100595
1,360,85.67271463713749,3.945283198029451,14.356074145809103
1,360,174.0412006369518,2.0243347020794267,25.16287569752427
0,0,86.63734518878955,48.648226035351584,-13.617071372773907
0,0,57.83698361275756,8.338968412667644,-1.2870174909692906
0,0,71.06827224721559,32.03360521253057,-12.075927582017258
1,240,345.1075474900088,3.05515301982328,34.27317999271885
0,0,196.8434213357725,153.97038211323823,-41.60582040091104
0,0,294.6972521591925,172.74716500618302,-46.483433630731476
0,0,139.2350236721863,55.977176059792896,-15.334646312874384
1,360,151.97025772806367,2.4999214931000564,44.360814573775414
1,360,141.03202698238957,1.9892225674183082,30.880756146468002
0,0,67.96406270116482,16.644639972017632,-6.321159865820761
0,0,52.13477620754372,8.759899803328059,-2.142843306056747
0,0,48.93141582688623,5.546383904254402,-2.4630137951909177
1,240,157.85769632718066,4.9371641144979135,9.076624310391978
0,0,140.1596946180545,140.74204477517128,-40.32711464233346
0,0,142.67606152083465,136.1883174445142,-33.57986226662067
0,0,225.324542503781,137.35663847334828,-33.223216658471216
1,360,303.25234869620783,5.358879284351369,25.074052468399685
1,240,327.4929678344893,5.045251190882402,9.061522776255273
0,0,105.25868018889526,53.15039450261577,-13.585362378248234
0,0,59.269799043466975,6.704291544362521,-0.8599051021175512
0,0,56.197925603940604,9.519060117396712,-5.290762852409827
1,240,233.52203174319118,3.3737044378606145,16.40433463905076
0,0,112.62801368347097,106.56977733153447,-26.955393078008882
0,0,119.20115911783934,126.44043982778032,-30.912544552809287
0,0,145.44355612487163,137.9206201705444,-34.06806770574834
0,0,231.4962327667365,131.82287761050162,-31.87065182215995
0,0,161.35372539502265,83.7707605484224,-16.841539528307692
0,0,100.27952059523129,39.64126477164261,-9.86365851002499
0,0,62.60612572087398,10.073168091908844,-2.7257477286686935
0,0,58.17457709929567,14.9465139895909,-8.15469112734533
1,240,184.60584024270713,5.431648918341387,11.940325375401699
0,0,109.7106337155547,114.50821788120483,-30.043065006367996
0,0,107.67855456275842,115.18512875871204,-27.31096075999882
0,0,124.58791802655726,130.55335205222116,-32.09191201825528
0,0,176.20804285175055,160.35504651728579,-41.65031127474977
0,0,276.6004592523724,160.21100080666267,-41.25552081882813
0,0,126.97041741594683,42.59823399305448,-8.724776682981883
0,0,82.60783554563059,51.60783041536296,-11.1686942002342
0,0,76.64845832004426,86.20698272270162,-22.274361347577866
1,240,235.71186348438133,12.041762421221803,9.743353343761342
0,0,108.85577021718073,117.96174844753465,-29.94265935498042
0,0,107.14272175532793,118.2514787208414,-29.75090474552588
0,0,123.43982470610908,138.9690378732944,-36.793387358054694
0,0,154.09447636335963,162.2645040973291,-44.25264694978816
0,0,151.73105556022094,130.7166885677152,-32.41854478039476
0,0,232.04541945093678,65.82450023030476,-16.15162979855704
0,0,120.27395833853815,13.841343814632852,-3.638360173345788
0,0,77.45774519570784,13.38249592104146,-4.697253538610909
1,240,318.4889633856891,2.3420125469919917,40.12345513701925
0,0,126.10670045597932,120.42116001748957,-32.52230574115141
0,0,121.8338566516987,137.63567650039235,-37.015012146821626
0,0,164.22839109496908,175.00127245259196,-49.26546329532692
0,0,173.12521311180146,175.66214135089885,-48.783794104529235
0,0,140.0652425796456,140.50342213946985,-35.55276832377991
0,0,138.72848323960562,99.7611050794067,-21.88219701568211
0,0,239.53127628958413,139.81540749778168,-34.23408418616863
0,0,139.93151109895555,30.189248684217215,-9.544011132115287
1,240,334.22740270746567,5.368859496321229,18.748654949535137
0,0,150.21401888378915,131.72082116676825,-35.60174527266484
0,0,124.21267182211527,139.85765667072505,-36.394168950556235
0,0,146.01448536904167,159.72455774880558,-44.46971697213597
0,0,149.05333120248255,161.2662338237084,-44.233405439445676
0,0,123.82825474644515,124.01538639419546,-30.72007660986683
0,0,123.04877603628759,87.43259137752779,-19.79227784674633
0,0,169.71999720762886,139.18904834770947,-35.262431026295786
0,0,332.2113754133332,168.29498874637724,-44.06311160007379
1,240,520.8698905344955,41.52152262851957,-4.916452993518931
0,0,167.67782896287582,131.53273581927658,-33.2849754866692
0,0,130.79594035661557,134.7680463751165,-33.591132935729696
0,0,127.97491688491574,136.51406636508935,-34.71480226564909
0,0,145.34679153055356,151.63385556937172,-40.8029556343373
0,0,120.89781563927697,109.10902337763567,-26.180934836109365
0,0,99.03637442528017,36.090684562918476,-9.893116541099914
0,0,138.4959240019726,147.12240629010844,-38.69621764694206
0,0,188.3140803233929,177.69475108269685,-48.91043721839261
0,0,287.5545604797762,132.0831590840073,-35.06479537852979
0,0,315.20091698091574,167.02186782102126,-40.82606235539392
0,0,166.79638240760448,146.7961808751016,-36.4109454974016
0,0,159.60356267803894,154.9077044172779,-40.34758467146069
0,0,200.30658717037548,178.78073964942456,-49.57955723993442
0,0,140.68520027630225,124.32005404597452,-31.375524406223647
0,0,100.73805282057943,21.007572795554378,-6.408947440399928
0,0,132.3097462564095,131.7840505339313,-33.788028830248976
0,0,153.70174995689814,152.8601356481698,-39.649997359799386
0,0,143.49136217546797,127.55803585847696,-29.642620722060684
0,0,212.68168598762927,123.87346324967714,-28.27114462239207
0,0,338.41752729375906,174.7522535747445,-44.43484289050467
0,0,238.64264267330088,191.26708852199528,-52.81939112719303
0,0,187.45159899378862,179.17669208293572,-49.81176842605716
0,0,133.34965957175257,131.52288826768827,-32.97874934623578
0,0,115.25607476945355,80.93169843021029,-18.56615797610735
0,0,114.08984375559992,113.24391210283515,-26.699301071896343
0,0,121.93320586732705,129.02943622431775,-32.02420874432469
0,0,124.27970193530679,126.03677684801087,-30.609906215622487
0,0,138.13472317386146,124.5774187959892,-28.909858143517624
0,0,221.24829995995708,128.91116453068165,-30.220600501630138
0,0,243.78513219608092,161.56626648419737,-40.30548214381853
0,0,196.3111480506728,143.69264268846243,-40.05970441154604
0,0,133.1645870826667,136.11222272769547,-34.86430639681213
0,0,117.37072577147813,118.83989158708066,-29.158520913452335
0,0,143.76335956019943,158.38598381560533,-43.10144558921121
0,0,136.19521427378325,158.18704017076115,-42.76190677489226
0,0,116.78112603915888,128.4243893706449,-33.36977234455089
0,0,118.53572115496853,134.60234182668918,-34.408137557219405
0,0,193.7424652384763,83.6825296628207,-21.552790178867397
1,240,1147.4339246044344,5.211601894637546,43.6782759567332
0,0,329.1213699484306,182.2761872865181,-46.68332552589999
0,0,185.63256972215612,164.82108443328627,-44.75586145389669
0,0,77.68392790050298,19.25858193499606,-8.789003116652864
0,0,195.60872052931327,79.84955791699913,-27.34650061955218
0,0,161.9239518035732,178.36273851902874,-51.16788671992858
0,0,94.03571032887237,124.7187643714994,-31.18431404380062
0,0,90.89501567893069,112.48259673440499,-29.64551632762643
1,120,370.9022495435027,21.310549253081554,1.5573971501079598
1,240,707.4305773642669,5.107414311509388,29.72109782109547
0,0,422.2248255083796,141.1568403975721,-37.218343894587406
0,0,238.99449125324983,128.83844859256035,-30.981098542973612
0,0,98.08742164236543,16.904509927605005,-5.018121509377707
0,0,120.78935223271237,118.45775027247599,-31.638538389144813
0,0,134.93156117422558,156.66055416077168,-42.241331847268626
0,0,95.92243854114072,117.9970956708311,-28.67350169723735
0,0,95.65219824545791,125.9135813785806,-33.94212471549348
1,120,403.12107320792245,19.10830750360108,3.5861757132019534
1,240,799.2376412880615,3.4283352464154038,40.761006188757094
0,0,204.92399046906775,130.88230648079133,-32.370714449042254
0,0,235.6715071165542,129.0585601415518,-30.651464496233125
0,0,171.7816521367344,82.36963589164361,-16.722344144453317
0,0,146.27997585626392,136.96754467180844,-34.26178794525846
0,0,119.41834666031122,135.54584411911569,-33.709171134148136
0,0,114.16053541564766,145.17903097006374,-38.13637767377264
0,0,97.97024080690785,122.23090030828236,-33.395822226739114
1,240,486.8129250040173,9.017241992053368,11.03478285818258
1,240,1018.3515881765322,2.696291571664714,47.52473921001656
0,0,179.21943275179893,132.2683565864584,-33.19990914724763
0,0,153.12663770718646,136.79579008802116,-33.0543996836169
0,0,266.9894315495253,159.9985420470287,-41.39334213264469
0,0,287.7949756058655,167.78986133110774,-41.83919669839737
0,0,129.17036092121054,138.34202895808806,-33.70533498516869
0,0,112.34012314489297,144.29426744576224,-37.325106139945056
0,0,115.11777485723701,121.73778632838157,-35.250531566927044
1,120,473.1349729973333,7.144636022082313,11.370895029783668
1,240,735.201517146985,3.2924680031923055,32.77652179184915
0,0,170.65973377508197,132.24203387891367,-35.160191843646686
0,0,126.14969812540862,121.14915687376428,-28.496721807077215
0,0,141.6744187385771,123.14689587669751,-28.176450922859566
0,0,224.05835012714658,125.90194336306715,-29.159979284138736
0,0,273.68795378955883,179.56720092854542,-45.82584319193504
0,0,138.46204052347957,160.88763733889104,-42.29357956229443
0,0,104.60479366951205,130.31917669788217,-35.69009294613081
1,120,483.8320404370652,8.992548209601855,10.625498522576905
1,240,791.8020938764975,2.879139090214056,41.56169396720476
0,0,158.23030123002047,112.44288886509729,-28.801066860683243
0,0,123.04212177001946,115.04062821249502,-26.85526219211294
0,0,136.04981798902182,132.95316572015153,-32.28090312093813
0,0,138.72121682618504,123.1298287125078,-27.89092202147915
0,0,216.57648358104845,125.12312043407857,-28.795095995191822
0,0,324.46245400395657,186.76209357639763,-48.637309751798355
0,0,154.1909348841015,157.85771032233572,-44.56235257245706
1,240,393.285863614584,17.08113053028564,1.776559617353655
1,240,946.7907698608041,2.7853418832966748,47.33325936605364
0,0,169.7103275498321,117.85103568829219,-31.096024493804038
0,0,124.80982136931456,120.96655121223708,-29.20424294805168
0,0,119.42144140424853,113.28201721814534,-26.054743500121674
0,0,118.5535867829729,104.33955236361098,-22.70470751490815
0,0,142.97220470991212,129.31121770415038,-30.26016144847462
0,0,248.01504634728252,148.86379128879116,-37.448137672778884
0,0,243.05588356059806,143.01737788262832,-39.070421826797705
1,240,510.01121624652114,5.432786007326108,16.495831547767068
1,240,791.3057558964573,3.058124792860331,34.575665095304544
0,0,157.96333705520902,114.42682396873664,-29.181368720872605
0,0,126.36537797211616,124.83933190194277,-30.484845645311935
0,0,121.02617382829565,125.58916086672411,-30.557610945030824
0,0,135.08077771066056,141.7645151902319,-36.13958287069597
0,0,153.95634649201875,154.51570833147233,-40.429089627394454
0,0,202.90356478428447,167.32860028200432,-45.539186166853376
0,0,175.25504309599472,31.565864561117404,-9.939525489428348
1,240,651.8178247618488,4.609376104588663,30.8438635952635
1,360,383.0980572614436,4.233463510755848,27.4392338204417
0,0,140.6243936591605,118.67519056480494,-31.400501646204127
0,0,117.37014763250085,125.64834725083038,-30.9164969487275
0,0,113.9509997125812,122.28503296356766,-29.598911873082784
0,0,163.7321324673376,173.13508923048144,-48.12403460353437
0,0,232.74610121930604,203.81532391378516,-59.93354261945005
0,0,183.59313346747226,174.36161477610798,-49.00615600456701
0,0,117.5652411971932,40.523938218096,-12.195936694443034
0,0,229.3987672292136,135.1796364895223,-34.066096791740996
1,240,482.69947751659544,7.976133244610687,29.52719792722543
0,0,171.72718237622618,127.63232567214536,-32.764152213312734
0,0,140.70686348386337,144.69664533448864,-37.14347558206712
0,0,123.62024941125978,128.90752584593054,-31.617946829127057
0,0,137.6936258062993,147.6856515868192,-38.54101741577924
0,0,178.9823844350481,178.24228650238697,-49.95042988820392
0,0,146.0534587377466,144.29029665883147,-39.20029079321197
0,0,109.0198369900914,29.127231036229308,-9.907980297407306
0,0,142.387672195688,127.63854897820775,-30.92982835902383
0,0,222.5772714278911,133.03751967378628,-31.73208018719314
0,0,236.7136763075146,144.78037840143966,-34.22937090119664
0,0,211.5554259156179,190.12651968400098,-52.63198521003887
0,0,273.36020566972235,218.67631888475776,-66.29177461456567
0,0,248.86531874201324,217.68093645617762,-66.8354496583062
0,0,188.79536401790648,183.5333384287998,-54.763972560930355
0,0,154.11761325850995,151.09742391386254,-41.30423885407671
0,0,103.93733788824989,38.530863084903274,-9.726127813555351
0,0,153.93220068767275,141.36444757753793,-36.2815996422118
0,0,168.53261310884113,137.9571658495327,-34.44544225666137
0,0,195.97131569260497,44.26087828690006,-11.223324977504802
0,0,323.06732529932617,183.71104197337064,-46.79930826708288
0,0,300.61247543739495,213.99660931420627,-62.677136818926385
0,0,317.1676324211021,222.81338793296288,-68.48993553535254
0,0,248.41536791285756,210.12927943201464,-62.83979534800173
0,0,148.74849325662882,151.9261776836024,-40.70579432933179
0,0,115.18172156254958,75.45561505243622,-17.38311816418654
0,0,124.88562559169095,115.1555716647219,-27.099703084589564
0,0,129.83694382597756,103.43851583250591,-23.43230767257942
0,0,118.03709329113597,36.07969631253915,-7.720450687566213
0,0,165.74853385139653,27.949145481351852,-6.521987020451206
0,0,318.8836169220749,178.2541988631793,-45.129188497759785
0,0,218.66288512559404,190.27267352150372,-52.60244791968751
0,0,162.999176940765,173.00730208743667,-47.98696625284395
0,0,139.28949343269454,132.70050815755295,-36.9641699629646
0,0,100.38317751304344,37.79369732062478,-10.241661851197733
0,0,110.57386322501193,107.87589910609144,-25.625205777411033
0,0,137.6531560778884,110.65763750024844,-29.750487313336656
0,0,127.44240554259014,21.22452576403273,-9.093739182689305
0,0,123.84520215372088,9.199875629579394,-3.7359864661063824
0,0,177.21010506816813,12.864263103997258,-3.698813865458476
0,0,359.0509446396815,192.01750949500993,-50.48200071944493
0,0,217.7709640523811,187.62001458104714,-51.56890431300211
0,0,148.50343034660446,151.87240600894717,-40.406854758378614
0,0,121.99080437994772,104.60931318846227,-24.41194704536153
0,0,127.06201276764435,118.68705238830904,-28.751339590648065
0,0,130.80040676361665,113.25939095225256,-27.457315655911522
0,0,102.73743878101239,20.280805078325052,-6.492565977038623
0,0,83.91247983228457,9.474353568814122,-2.468118092593315
0,0,87.46810255902184,9.03105762321772,-2.3045850695013286
0,0,166.1714595173781,49.98574951491834,-13.415826785954238
0,0,324.6564593070446,179.08361683727847,-45.33395748040492
0,0,199.9713345798925,170.12469848562552,-44.71105882690399
0,0,125.42476852816795,108.59684962046718,-24.61893000379507
0,0,125.90505464954424,120.06508872398855,-28.652064704937622
0,0,135.23882503657228,118.66684469263772,-29.73711891537799
0,0,122.46406214512942,49.06683722301222,-13.397871917865885
0,0,113.01076435855946,6.288056060473528,-0.5591161480475648
0,0,88.27227687235677,10.143034990407312,-3.4675088770629827
0,0,110.96974105570261,35.39952577994241,-9.770962144258633
0,0,203.13522847330557,103.21014504669846,-23.57894790188729
0,0,282.6389508293816,151.91205612135403,-37.33798841434159
0,0,111.53373263214507,31.120995642425473,-7.883825192105348
0,0,141.17890829079857,132.6064799230323,-33.82142340538683
0,0,126.78084451168475,113.48817325597831,-27.624235692083168
0,0,99.75742709055542,32.024826163607266,-8.460351884940167
0,0,100.13721905440715,50.21688541235215,-12.474205446102019
0,0,65.10911040673844,5.663432324780378,-0.3151138235672164
0,0,57.74011132588489,9.493955719478496,-2.364547354100111
0,0,90.1079361416304,70.92210263706306,-19.918733380322138
1,240,374.86619709303017,12.155402733374132,8.933450353440193
0,0,189.7784496725986,80.22876806888763,-17.031798779413506
0,0,133.3592498771407,117.99450382990719,-26.94420166817629
0,0,127.14392712548671,114.75297718761747,-27.285703470574937
0,0,121.6369379816074,81.1283101401842,-19.56627794592019
0,0,76.09736717803644,6.430389820458542,-0.5644159516651683
0,0,64.27917490073858,8.455895453456758,-2.0671454131097704
0,0,57.505698642707024,5.178852829426024,-1.1961969280785638
0,0,63.930868839032875,22.57018574700127,-10.180917541738111
1,240,218.36891845972522,5.558856236249107,7.169804637924059
0,0,153.49507094054303,18.70724358436814,-5.21628026836818
0,0,315.16879059147135,166.46994287686948,-41.12754350714477
0,0,141.25162910529605,108.7852093132377,-24.82760911074432
0,0,122.26276775650406,84.01440081488182,-19.419299543699537
0,0,73.68055920796462,6.509917011843469,-0.6438284627010518
0,0,56.54958147089714,4.627802812076372,-0.41732658645750575
0,0,49.68200459226642,6.645105160256248,-2.0612907945571237
0,0,61.86458879810894,7.7159149427152975,-5.50174047837568
1,240,145.96365448327288,4.899564823295613,8.757568735079658
0,0,87.34724317262047,16.83129042150476,-5.98050877965585
0,0,233.7341520675679,142.24763722629234,-38.51547479296019
0,0,180.7215851835799,45.961739600051146,-9.024149537979568
0,0,118.77395975784911,51.832844081310775,-10.799277280675213
0,0,97.47542185869044,41.41962140645712,-8.801647613220084
0,0,69.2168898649711,12.974684371380937,-2.4830928118877296
0,0,51.54854328456285,8.297955598382243,-1.6412113455010342
0,0,71.2924201295318,89.73063738622884,-26.584417392680017
1,240,220.20658421133186,7.575663138514212,6.3718222427787055
0,0,85.2799372184133,17.33577890105905,-5.295497273188857
0,0,133.72826124947457,116.25119841427248,-28.871491369771427
0,0,180.6443072736143,53.804303694374916,-11.843623926738672
0,0,172.2852451941367,37.98637795153723,-11.285680892251932
0,0,87.7265136777868,14.027670284004493,-3.208679783937555
0,0,61.119685066005516,5.829177934754368,0.07310339636208596
0,0,57.27414264624051,13.709854815226715,-3.309465879852027
0,0,75.6327361532807,92.873334751618,-25.33113800998271
1,240,315.8857055954385,11.286814751106068,7.212889980594014
0,0,106.30631335999401,56.48460292167596,-13.61810174336756
0,0,129.52413663108382,130.68695820302264,-32.75653275487147
0,0,134.63765118864868,95.17815275693916,-21.511828984805916
0,0,245.39777718887618,141.58480459335786,-35.465313638161774
0,0,174.98424733345138,91.47661405852607,-19.04929082154318
0,0,102.72703227942101,60.301251123405756,-11.44498146998231
0,0,73.81298704194116,35.33564303783892,-7.233841001870772
0,0,71.74358391693399,74.39073663295501,-19.577950195363158
1,240,215.74205899593076,8.25885507898464,11.264381130158853
0,0,99.04390156804342,62.10422663719104,-14.70142281762989
0,0,116.68102864367755,106.48387116119042,-26.182620416721548
0,0,93.00011038374228,16.76142984016732,-5.159652157331408
0,0,163.87342509896604,130.12288987047532,-35.59580611088399
0,0,307.2971676862068,11.695716462269402,1.3312440146807347
0,0,191.30095032916878,77.63091320768827,-18.223905852558445
0,0,84.2055509495415,42.8583602448892,-10.105932982279057
0,0,94.5190175098065,43.35920282007978,-15.653976653678356
1,240,180.93794519379014,6.81352518547327,13.158212849194996
0,0,92.74346769008437,55.21688948615843,-14.283425245568154
0,0,112.91742325387166,117.71796378882318,-30.320292819529804
0,0,84.4881872250611,21.465671654338372,-7.341073518935261
0,0,101.61463620680642,116.78953604750843,-29.85066575479845
0,0,98.90899113728202,62.19455121044715,-16.44337262720994
1,240,433.33506960388763,28.23762134696912,0.07076260573138882
0,0,154.94794552655304,102.51279544591668,-22.08939133218614
0,0,91.0514476165235,92.03543373271219,-23.927392816901623
1,240,220.943450678045,10.135045586612287,7.992875236036909
0,0,94.7529427424741,35.10044610831683,-11.403777214139751
0,0,115.51062596034066,133.20398950114935,-35.73929710494152
0,0,96.46016447032041,88.75342672256642,-21.40815785122922
0,0,93.32245120373226,124.26857820812654,-31.877325453235756
0,0,90.08461220151683,77.67755190509331,-22.36249237902159
1,240,238.8222738543651,20.89373935876496,3.059841278157407
0,0,181.09018845781213,53.68255575727122,-12.369968929686763
0,0,134.01975665461688,68.39550535223952,-18.755376288715965
1,240,186.5847532817087,5.406608143259221,12.521760859423722
0,0,76.7123256729482,13.99439599197622,-4.7064211949185335
0,0,105.03252582424606,116.4138274077316,-30.009379813883214
0,0,89.97587672955117,67.11510705738134,-15.765557863043227
0,0,97.62820925351458,132.94210527364618,-35.055812660533846
0,0,73.18119450033747,67.86893568754385,-19.652210853430788
1,240,196.62375119651574,10.273148653612882,5.50515904262673
0,0,101.79393864217766,39.86559257439329,-13.271844384382817
1,240,338.6506419982526,10.179503961011706,10.386061532419205
1,240,377.49350999915976,8.97400643953831,12.551086791704577
0,0,112.4643096644284,67.11416850774314,-15.726113163137526
0,0,110.05625879945391,117.38330586629792,-29.190214056122727
0,0,103.79636266625603,87.21623402708906,-21.609814586286348
0,0,101.91404418069688,121.40936615114391,-32.12024456760483
0,0,54.45650298796665,9.745488827414402,-5.214351625974942
1,240,167.79989563949448,5.104466002213292,2.9943414121116945
0,0,60.57130324195013,8.966009816130686,-4.184541131209613
1,240,254.7158584711085,3.513054467325207,10.940348072286426
0,0,167.89006264783632,32.0745079277238,-9.189378709587274
0,0,175.13119665821065,96.18082699424671,-19.863616479489394
0,0,126.07213681398356,119.10543615817274,-28.26586595458152
0,0,88.71059123758702,45.62078617533746,-10.93598368066992
0,0,84.3505958164932,107.42673090809538,-25.96371686311221
0,0,71.95005888423826,80.75076049919402,-22.03929418552761
1,240,182.84129206764123,4.662203363670466,8.03235692360495
0,0,51.5294590302828,6.223367880339201,-2.518236375058919
1,240,169.6750384001001,3.337441451828254,7.394742464445969
0,0,88.68295959528966,19.77413627576514,-6.391843288545303
0,0,198.2999688046971,122.85954085593661,-30.962197847519796
0,0,224.33769327770727,135.77893653156445,-33.38945506486552
0,0,93.50240546246026,20.271583828129916,-7.618792739610967
0,0,120.69000301708402,140.10466849626934,-40.97705656095394
0,0,59.77941154786821,18.52302794923083,-10.329655499895622
1,240,150.02892372258654,4.269016493011439,8.570326620430137
0,0,64.19040789560647,25.195998557999545,-11.586591377212457
1,240,144.81322593479874,3.8773827415132893,15.529365066728417
0,0,83.81984156321624,29.185247843094153,-7.9092779877444315
0,0,124.97664280441118,107.38648156784258,-25.21377615738985
0,0,159.9224346641651,30.5226955167286,-7.1808271138394275
0,0,134.32477597740467,84.67989026525362,-16.347167717473397
0,0,98.3146415965022,126.55361447491985,-31.348518128766436
0,0,68.51668987908292,72.86141331521317,-19.8802873472995
1,240,150.6079582484971,9.501649119156863,8.226510447159583
0,0,66.28369042758777,37.10520618450493,-12.901175168256174
1,240,230.69955725601892,6.525798805889186,8.15047438129983
0,0,94.06454359335784,40.13664570990023,-10.391541142935893
0,0,119.70582910078758,112.97407908185785,-27.09890520787345
0,0,124.53517134692254,65.90564145633189,-13.579143167023986
0,0,195.5256045492828,64.2651072260781,-14.538534436652895
0,0,189.13294050035702,142.53291299862403,-35.408965576568406
0,0,93.81386933443615,52.386360950041166,-18.269622603206017
1,240,214.6843367328752,3.6541234414276134,9.07775507606911
0,0,53.91238352186155,5.794069861125338,-1.9947499900142418
1,240,205.01692347565393,2.25483076134643,14.55018539774963
0,0,72.62642480738585,19.95308520350973,-6.992670875535026
0,0,106.12292994360654,110.19351026494228,-30.382321129267666
0,0,113.96125884541365,90.23735311627065,-22.759607773718635
1,120,569.2998444829547,3.198875427169595,28.016421007246805
1,240,1001.762128280172,3.3133635925767995,46.740241459768626
0,0,124.92721758988134,43.77773098219551,-15.209543470949725
1,360,123.64356768334416,4.901901270423741,13.139750721737457
0,0,46.40303553623956,8.609119999050984,-3.3421471215019665
1,240,153.29033039017065,2.844171122192072,13.361613288333686
0,0,78.55384001637428,37.04240638429165,-10.974043985213896
0,0,91.55442852677338,106.06481596735479,-25.62646335793046
0,0,114.88650793025914,80.24111360643603,-21.802763368839166
1,120,798.7451122236364,3.153881222147417,28.589275353606823
1,240,1129.0112880355855,3.104151402484509,45.554617795436045
0,0,495.3280279270736,162.41488862781628,-43.64856973246461
1,240,351.78369235080334,19.262938971201002,1.9383542203158441
0,0,86.90330612243453,14.10826552682864,-7.158697923858838
1,240,189.3406737701413,3.5871856751292697,12.765731480193494
0,0,76.71427547498928,17.30384474961991,-5.354059310570634
0,0,105.6931119541309,120.67220760647803,-30.755785555876578
0,0,102.04428415540637,75.57533066859263,-18.609613195400655
1,240,1025.9524606634868,1.9623202603494498,44.357126375445304
1,240,1195.9027385610148,2.1360857318591253,54.01567236969102
0,0,244.9889309074006,134.77906350394625,-34.18322615045631
0,0,220.96290335422233,83.29809251140878,-18.929625165981946
0,0,106.81412343111309,35.78710346283593,-11.15922007472436
1,240,163.589128090894,5.624809653491829,14.127796861773405
0,0,93.67965607126501,44.55851042619905,-13.623200756818193
0,0,115.14672715033545,131.4827327823993,-34.76219931295709
0,0,97.99717528161494,62.810550216436354,-16.890167736376313
1,240,923.2437814625805,2.1325600791678108,37.228346262734306
1,240,1091.8125112534153,2.18245707798502,48.761416416276646
0,0,173.052072863144,115.13664184048103,-28.23590066413741
0,0,138.15541148040205,94.90831973596185,-20.97870467174677
0,0,211.04711705793017,93.89649824948833,-21.043316833896412
1,240,356.8339517026167,12.869003682121653,8.387702679620887
0,0,106.68974419858522,43.13920317508364,-11.464516239647608
0,0,103.24039701914549,108.26378723232683,-26.325804941576855
0,0,92.26750627497943,56.55893244321366,-15.66677966879844
1,240,789.4619686733264,1.8006435789150297,42.38380288609686
1,240,582.9353542870698,2.763461268017877,32.08243245625451
0,0,167.26436890564023,135.26505894582206,-36.85036420990778
0,0,125.49136787114108,94.65511348280558,-22.706181737449832
0,0,130.95229860982892,88.8796833077397,-19.10667982163372
0,0,232.7643976175288,133.74609577216322,-32.72551595802666
0,0,164.3865404454062,62.85521073998861,-13.97799698185085
0,0,115.9846432414337,105.37197862444889,-23.98802087942247
0,0,109.41682575450318,94.61428657354466,-23.395954084454665
1,120,956.6710969664886,2.3979859778777475,37.63962793210614
1,240,1169.1349492563184,2.2212257208158537,47.68784423301581
0,0,178.66993999402246,119.25515648430056,-31.827497788117093
0,0,102.45492153410575,46.49155809041744,-13.447324422409423
0,0,71.50438741712043,15.674977413329977,-4.917874376542997
0,0,102.76947448198976,99.02209109430225,-27.238665731986778
1,240,457.58716083324805,8.365786566127117,16.03219648433418
0,0,264.94887302506197,159.05512638995341,-39.05744972522121
0,0,132.64300370061787,95.33004618646001,-24.751689291823325
1,240,906.9611206501735,2.27659022250126,44.695552917918306
1,240,875.9135612095274,2.243116488674872,50.35700076204047
0,0,173.43518629210058,138.0036745939109,-37.54653542249678
0,0,108.12644222928924,99.05520023769228,-24.982571564077837
0,0,91.48866238409106,76.79366195391658,-19.338872513925295
0,0,98.25275805381449,114.56203287353566,-32.56198821888643
1,240,350.4876407964002,5.93615319079824,13.843446281635991
1,360,773.2233824558946,4.380291930811021,39.684770893808036
0,0,162.01475363118425,57.65389859821121,-15.190563516219484
1,240,522.6395399358317,2.179239612506628,45.73439897019718
1,240,457.78526978946906,2.5895207209026174,36.91794580040866
0,0,185.1910755925507,152.8553418254025,-43.83369298245744
0,0,95.72711825528079,63.0259184799487,-15.132725380229147
0,0,87.28884546788412,88.14382429334205,-19.875505370954613
0,0,91.55860019625663,110.05048251969596,-30.152775696809016
1,240,449.1192159130459,3.0303992243420197,28.771444874564523
1,240,669.7299306055679,2.391664530206541,35.9927364147302
0,0,227.20777921006882,20.429671685262758,-5.8281196108305835
1,360,480.28281124725333,6.510619119168956,27.309829841782516
1,240,634.799000318348,3.229057694488427,40.95808702158804
0,0,238.1740553641711,163.61542356807777,-46.28267780944982
0,0,114.56479059347998,104.52002823942075,-24.861590204527793
0,0,90.41917329243873,66.5232576555438,-15.19473783811172
0,0,103.89097340948221,121.84385687672133,-34.52901852168596
1,240,600.0046015182378,3.100290489033017,28.532039588117385
1,240,798.3625882697155,2.695967365936332,31.59943699356448
0,0,155.62474221991903,54.407863307851905,-13.654730096983954
0,0,197.7942218962029,74.8349088590309,-16.117986877686363
1,240,524.1103254940797,5.485448117769653,33.7031789803105
0,0,151.217407419037,107.16649997187794,-28.08394477935665
0,0,100.01865521982741,79.3206635370458,-18.67499681450758
0,0,88.53856088366553,98.36820356138091,-24.22153984360638
0,0,92.36331864039371,131.0735828970528,-38.51227800214399
1,240,229.88989062239966,4.036689359498406,15.85526864352471
1,240,611.8919550877023,1.722781072266959,37.41714185920195
0,0,83.639071108285,12.854421869569975,-4.641930563659429
0,0,74.6696529735973,14.331568144589925,-5.500445910193918
1,240,296.36800578723546,11.02879752860253,8.514665472565866
0,0,281.8890705676501,154.30469349435862,-37.23772542965159
0,0,133.71895434554588,102.71882153072282,-23.005861061649732
0,0,101.04566810073585,82.00296620684374,-17.517494341454068
0,0,101.209689529413,109.11035900596693,-28.762620827660612
1,240,786.4078531692497,2.828712126709325,31.73530852918074
1,240,949.5682855404476,2.297649155620861,39.252575343360945
0,0,119.21935349153668,76.00431282975518,-19.636623195731943
0,0,85.14196605188971,9.20886133991341,-4.17084512824168
1,240,245.11331013992847,8.472840786683818,5.374074767307135
0,0,187.85015213425663,83.56272741131308,-19.09467468322974
0,0,173.46318635629524,83.61617420340123,-17.062524958911382
0,0,90.91038737409181,43.72246123792549,-10.163998328195177
0,0,99.08377048536028,117.38138544934596,-33.55246497673305
1,240,426.1660102526832,2.7575987169726472,32.400906796872974
1,240,593.4733994998695,2.362073143056555,29.17567775228541
0,0,102.31408234481243,63.32865849516318,-16.989812498710123
0,0,54.43447702653741,9.327389329796885,-3.923450506729921
1,240,199.36471942394726,6.2538378040976195,7.477626531789696
0,0,126.56543673037828,98.38648362048765,-23.681504121642128
0,0,170.50889618229888,61.22120303952648,-12.604512980512553
0,0,235.80205316483995,143.38004790204704,-34.6667024527567
0,0,169.48897967393535,154.92487265604404,-45.83798042913308
1,240,327.6444402465416,4.282593876959946,23.359653183308367
1,240,714.3609446702555,1.9235904229363487,46.98693859964776
0,0,110.15114160808118,64.14892200048378,-18.16547063001896
0,0,62.92987788013207,20.28656091447152,-8.540461877608678
1,240,194.5441512869972,8.279403901351372,8.650716662542052
0,0,107.37927128551013,95.38560110542777,-22.181347944705777
0,0,118.98212379785178,84.1164355997774,-16.876466449456615
0,0,224.33826008062618,137.18614010215362,-33.6610924570628
0,0,249.5738223906636,156.7128530344562,-44.49774833623507
1,240,239.97667002327168,5.940748474219031,12.377963396163977
1,240,294.1452314603976,7.5964601350641185,6.043202714776584
0,0,94.3898828007889,78.57643699164315,-19.39510961253164
0,0,59.63791486718895,18.62598864944254,-6.7827289041145775
1,240,214.290091294591,8.914737932338697,6.657937662804741
0,0,98.47231483248744,79.1219653590301,-18.16179299959238
0,0,97.95828126531863,86.13492376932706,-18.053852432991746
0,0,127.9639209082887,101.86973733189743,-25.31149227733041
1,240,794.4742295574553,5.504139694794676,42.817995770310105
1,240,369.49533133815873,7.789447599512126,15.800865076179875
0,0,191.2960531519493,19.83645777664357,-8.182548121036263
0,0,73.02077793822464,24.121065023067732,-6.929004540750853
0,0,67.23386183677817,52.00186965153474,-15.498216323628725
1,240,224.03366019199842,7.563640227403944,10.002742535773564
0,0,96.90383512313446,90.4078298286275,-21.54137684306079
0,0,92.66268127005065,109.92235605485892,-25.62916345728101
0,0,109.03158114657143,121.56409688841711,-32.85718146804012
1,240,415.6869578876848,6.4943614540421795,36.620290229733726
0,0,505.9096036040463,192.39173089459086,-54.232066198752435
0,0,164.4416110170085,77.20947554169419,-17.219881042393226
0,0,93.63547378373518,61.957437473779386,-14.768893597682933
0,0,68.463727814339,40.73509022784913,-12.810322901654871
1,240,210.32884172695762,12.502132750620515,6.2709938752501415
0,0,96.34123788187254,81.44133088374306,-19.193003741574728
0,0,92.36886764096994,93.10784942774926,-20.408265091342145
0,0,115.16358386914415,122.9347980976936,-33.33341347247437
1,240,726.9859128862862,3.90154182140651,46.54911035662205
0,0,363.15235323310554,192.2324951190544,-54.98866996764707
0,0,206.31145599823438,57.312306237782295,-17.08016807384577
0,0,149.19607484958343,78.94599452148358,-17.97665918169602
0,0,85.77621285013234,70.16328525459298,-18.0757755488536
1,240,238.23561016116585,10.626904256372002,9.88846122705813
0,0,104.6489136087208,101.5687733413829,-24.80322895731298
0,0,93.94153602389376,105.45208022626142,-24.26371106262144
0,0,101.53487570005595,112.63751518160582,-29.835960517043922
1,240,568.282319882909,3.918695169721647,41.68207295625389
0,0,300.36358093963867,198.001283250527,-57.55791753674983
0,0,141.46929276221982,95.84683327608077,-23.95156689621423
0,0,351.94910811466104,188.84366672085832,-52.72460495850468
0,0,135.89817553609387,73.8340900621619,-18.647763327124594
1,240,280.1293968976869,8.319247138395346,11.279440392681465
0,0,104.9982795918849,91.89065884121632,-21.360126729709748
0,0,95.41957099147464,107.05967136421503,-24.92198048921933
0,0,119.72536112937358,137.37416769274446,-38.9433903424798
1,240,510.9401835585147,3.736627369333256,43.9216970465197
0,0,197.74967118677577,170.7756909538937,-48.47587974150776
0,0,96.06326639437566,53.19896083658538,-15.64950114653567
0,0,180.10425745246704,156.5105739285902,-46.228934736075274
1,240,731.4193999738472,7.356314161103769,32.72149471819637
1,240,416.5726214566729,36.02384538945472,-3.9700760970806215
0,0,132.4837207443429,111.91839122921823,-28.746457219219685
0,0,95.3759158306594,113.09885564644784,-26.838438089701718
0,0,102.98422477191028,130.39270123261483,-36.82157724070667
1,240,334.4693822096111,4.76701815064337,28.884553145988704
0,0,146.76019396128996,148.80994741800993,-41.26432916641592
0,0,93.65060175364115,82.18248909379014,-20.491941751450227
0,0,161.61770818648057,176.1050212663191,-52.78638756448559
1,240,444.8655187113664,5.226915144190903,28.828427010369367
0,0,236.84943694265436,62.080892849263314,-15.844220052928875
0,0,240.0236919934253,132.03920608248995,-32.9321501756439
0,0,150.9634683753023,162.56907067453176,-43.04516886096663
0,0,110.79948479491735,133.75181370534352,-37.31700584189342
1,240,373.3924188153704,5.089839969534432,29.217273020558395
0,0,208.87626187846544,182.97435270352383,-53.87988288786625
0,0,84.96444904571307,43.45206147735898,-14.671431107426969
0,0,144.14255071295713,165.32535993426882,-49.48086094694195
1,240,488.8660212090471,3.38910567644255,44.678728815507085
0,0,133.01936083878095,47.5200713212254,-13.08964844366632
0,0,220.08966410521697,136.84312186823593,-34.4178283247515
0,0,273.47875816824376,171.37959710877556,-43.295300569491275
0,0,196.11730145240207,165.10877155622683,-47.26973320853034
1,240,792.2052041124335,4.996293192929162,38.06495434526221
0,0,315.51787317317593,195.2225409955996,-58.05527742230571
0,0,95.84467318066486,22.416992787212173,-13.947799197529193
0,0,174.27759146231668,181.57533617362466,-55.994182210233376
1,240,404.0374348229993,4.272027071466223,34.6161401658039
0,0,120.66336327989478,76.69743173755253,-18.395047766188185
0,0,145.80321524904332,137.00674716823406,-33.70850007227432
0,0,257.34219647621757,153.6556070038172,-39.1001229196537
0,0,256.3517423835795,166.9312328044233,-45.984559892995684
1,240,290.29160643100886,13.197548397676686,6.603682046109242
0,0,169.41128232980975,159.22594242410253,-45.460560964630076
0,0,95.86108779319679,51.51199366788568,-16.495472391586404
0,0,172.72712474972698,177.13546213369165,-53.20713279146373
1,240,751.5081197146873,3.1669994838570537,48.208186666761875
0,0,125.0931208042493,74.74505356059389,-18.145492008405625
0,0,140.492657324745,150.61212155479646,-39.43673178272044
0,0,189.4766497903903,176.5387755914112,-48.08751192895323
0,0,245.5718990455685,149.7775343380747,-37.91766962637851
1,240,616.2701675546101,7.412553589591308,34.30362612277334
0,0,297.6002580050849,162.47735271604358,-48.38013981952631
0,0,108.86556457161967,85.77906184459148,-24.280307955106885
0,0,162.54560990898662,171.9340055996622,-52.5492887229827
1,240,502.1229066633236,4.54979715404719,28.99115158884173
0,0,132.44798948833417,79.27642897063703,-20.79445327379473
0,0,131.9234814032237,137.40792660126863,-35.09073958168277
0,0,174.5216794713205,176.00602593832872,-48.384686660017785
0,0,171.40828771798323,159.54377864926656,-41.36076128607823
0,0,230.48668875178922,136.03890034211565,-32.738424652182005
0,0,361.8107307240212,183.47322793428054,-48.45329084772385
0,0,110.91302675563546,52.95213672096874,-17.117192723844326
0,0,161.7047351066516,176.19295614780415,-53.20846434730783
1,240,322.5362082921811,3.948695818660975,30.534128910859906
0,0,88.66625024523988,29.53891500559891,-9.078812018960747
0,0,109.56283418641705,122.15571526265138,-31.29453727756259
0,0,142.36665514345444,157.4396947527147,-42.49035392592318
0,0,140.4583997563255,146.86286121708812,-37.64667159234448
0,0,152.8712816561545,139.777981026056,-34.05382217179713
0,0,229.37972265113788,135.42510331796987,-32.55985878632621
0,0,113.7612227592683,16.903416156295894,-6.0828642092437235
0,0,158.47034226618322,153.49479735273363,-47.46985495560052
1,240,399.7964340067036,4.129278634982415,31.135463757218815
0,0,115.43337072249182,86.49417169237269,-21.345231269691766
0,0,127.89282115013934,140.70009882595716,-37.23973861527303
0,0,150.11616602786674,164.96440818264927,-45.63952048489216
0,0,133.39162565986942,145.30306391455576,-38.12789693119412
0,0,123.57364687526616,127.47717619734128,-30.799700478973215
0,0,138.99314619456626,128.10282782537854,-29.985274425943516
0,0,221.4646826422841,133.50178408173187,-31.71610151706389
0,0,347.15830846701266,183.2744575601388,-52.67863722014838
1,240,363.9152246177387,7.913033830474457,4.882255105174039
0,0,90.03384366406915,15.72096634560089,-5.069143347594661
0,0,111.35576785166248,116.97739758700945,-29.152534196105627
0,0,141.02243667700145,156.58431505170088,-42.26978064355695
0,0,120.19115976814228,133.7283788428394,-34.35520292846449
0,0,128.95523654136352,111.76497446143848,-28.495760127856478
0,0,123.82073893974027,112.58920153407725,-25.897360996881012
0,0,143.174893433718,128.4486905866612,-30.035318733084438
0,0,210.31911538886894,121.07015265306717,-27.542455970657763
1,240,651.6982066738399,5.43001367608717,38.021002434503245
0,0,151.90407781925055,75.10542774320534,-18.742636681017018
0,0,132.03900717415803,129.6197261898334,-33.9800951928575
0,0,145.2926391796799,160.78578304431048,-43.6706989224452
0,0,120.21539626095532,136.7386973915693,-35.548683829067635
0,0,115.3125396762364,127.92639493262556,-32.24455481676514
0,0,103.99279388583705,112.20239634973207,-26.212390200950445
0,0,118.68841786132566,87.2402536782139,-22.609569963427603
1,120,406.3590595788968,8.50040346269281,8.117164349390166
1,240,1177.2938278808917,4.231621155865128,32.27185155903011
0,0,183.11051211807,67.29721456563902,-14.659320289987733
0,0,139.54896447291787,127.32026513706246,-30.618550760705645
0,0,130.98619342438036,147.37276801589977,-38.17228740994936
0,0,109.68077453778598,139.38142214508636,-36.22055414750174
0,0,88.26986229192217,122.8377953827812,-30.846817476837806
0,0,97.72857871439699,98.32495808189853,-29.208771294711987
1,240,288.1111382740392,3.758678096733974,17.834932874987942
1,360,298.65219887836747,1.9652275080988757,43.51247611833516
1,240,337.67589968252696,3.9766140605905864,19.036820542844936
0,0,388.8993078087096,165.70369651303255,-47.70299611723342
0,0,318.62218474375214,164.76467038041895,-39.67315163642186
0,0,156.3497738416851,152.1956136258866,-37.81657706126183
0,0,117.07541011466229,146.11732070219202,-37.2964935411521
0,0,95.54782715596792,133.9462667511496,-35.40823639122521
1,120,168.86941873932196,47.83927566297738,-12.594214558527796
1,360,281.3428312586282,2.4193968671116663,45.4902909666816
1,360,259.23559029081247,1.5254575536131294,52.76453827140922
1,360,212.20019824406486,3.9885548486075133,16.326766227179917
0,0,183.09815581443755,156.86834905066516,-44.58655307152848
0,0,216.20967140404,137.04547317022795,-34.31619679655506
0,0,268.32305080139446,164.03198077595331,-40.60658813499426
0,0,121.36462318724134,141.75806085656623,-34.99907887046183
0,0,85.13723891554592,123.18682033438326,-31.124061141854902
0,0,116.92208992509435,59.508115312434924,-17.88227723531749
1,360,196.02423241311536,2.76279954540038,27.962408452332383
1,360,131.81160584308722,2.013917252321395,32.14505785254151
1,360,203.42602104282844,3.6878776120809875,13.274227294088462
0,0,170.50236661267294,163.3731622476252,-47.45887490383842
0,0,140.97399769955052,126.01383291916363,-30.621663008293645
0,0,188.06364412169714,73.10165314413734,-15.974913315818057
0,0,239.2852838227727,165.83558439603493,-41.179167715862626
0,0,105.55117316717488,127.30754417965879,-30.89405072164117
0,0,88.7214681856011,102.41670240219206,-28.334631302816334
1,240,389.7141436849494,2.473475149689555,37.36270658814655
1,360,175.7633179455073,2.0627103272492713,35.40053223701658
1,360,195.11777851306127,4.409297626888718,10.118957770834001
0,0,134.5606680162009,139.16832805954346,-39.59816179301104
0,0,120.16563096467411,116.63220624969873,-28.079786309319708
0,0,123.09395022892554,60.54838207255796,-13.512073967304872
0,0,138.61392103363343,13.970999934889809,-2.401873189349132
0,0,229.11362001676318,167.4238702898924,-47.40163121242134
1,360,171.03128442449258,6.817566363626903,9.098753500372567
1,360,167.77561380244794,1.7487065883121375,49.60210370956507
1,360,156.25928942370865,1.2401674548626767,51.08353356145575
1,240,217.66941564142732,3.0169894707736016,15.867157534989929
0,0,145.15961053460933,132.74893731888312,-38.409235658827015
0,0,117.95234491869901,86.62131628989594,-21.067966468867624
0,0,82.3463523550451,8.762210981812082,-0.948966109071435
0,0,106.34328024636599,43.451018243338076,-10.18850001251704
0,0,174.57789498481904,68.84722929309648,-14.465637038139946
1,360,278.1517534972237,6.700256683369914,15.721257058928785
1,360,233.09019593532418,1.7788789286636422,49.93865973311419
1,360,153.37007956086273,1.374201593323701,47.611861006673664
1,360,173.56502950476684,2.7233179658251587,21.067242414937013
0,0,140.49367756999908,140.82120060773303,-41.14052617662479
0,0,112.97112216241017,100.46747197632762,-24.522334081628124
0,0,97.79609627809879,14.790064984518574,-5.604048352397697
0,0,100.58624032677582,24.71613798193178,-9.183349720626467
0,0,125.36251089555374,88.60949652574492,-19.163276228959916
0,0,189.06374520001523,94.56100583254634,-19.761160654818028
1,360,350.37985755333835,4.841552528688642,20.888285536650812
1,360,243.23837142837365,2.131165565871272,36.603423855708414
1,360,317.268704717604,2.3888782109681883,30.81106082272302
0,0,158.76608869321745,132.30221656955894,-37.74250134150589
0,0,117.40558415099174,90.2447893172501,-21.082349385564655
0,0,116.7354417238939,84.45596676080862,-18.80275748416868
0,0,112.62616590595529,59.098582787620536,-13.864714340018494
0,0,162.75956667482063,23.796935100618455,-9.51381334779363
0,0,135.80782715081799,81.57877064883591,-17.615522214548605
0,0,185.36948247931008,54.3293969482936,-12.147134115966253
1,360,351.8835176808836,11.010463322401275,10.076992625937663
1,240,283.32362608332056,7.203641464647763,9.12440180222687
0,0,135.87076494693488,117.50303592167953,-31.008215783417825
0,0,122.23695555157643,113.24248983915268,-26.68434748840898
0,0,122.1291949806313,83.50703531970588,-18.93739785902433
0,0,103.40467917716535,31.794722670775464,-7.900950479767019
0,0,79.25627320576301,7.4847790452814955,-1.033662571869641
0,0,81.77612594649453,16.23370503745543,-4.167225621284487
0,0,118.548077458601,69.75264090943799,-15.94369044485451
0,0,217.77796973645894,130.16158699401882,-31.48759173915066
1,240,472.8712962794516,9.283647501948156,21.055934758165648
0,0,180.0157001644149,132.49730494127397,-35.03125813669435
0,0,127.98073228286387,102.72150000699793,-24.92459604534168
0,0,155.73158457013548,11.669635611746846,-3.305798817328977
0,0,120.86502042238824,74.4365450749109,-17.599015149243115
0,0,101.478467473565,31.527604224136287,-7.188494127846553
0,0,95.8595574253157,26.50763611658399,-6.7460424270288115
0,0,83.84384566683251,15.725637434953995,-3.5281950630532037
0,0,151.16475142786928,134.67385930911865,-33.909802782563375
0,0,212.47391870966985,102.67466638005266,-22.648940688008636
0,0,244.25050006463124,143.78347985421323,-34.540886277344136
0,0,144.6625810550081,104.53142800771836,-24.43658082847746
0,0,92.43255928496902,10.565648550803854,-1.500061142074216
0,0,102.3774169029726,30.13685234576256,-10.565330316398558
0,0,86.94130459011895,12.387625182504443,-4.170823992434634
0,0,77.79928929859082,6.266399930024055,-0.6951462022166908
0,0,96.4473547243528,53.95173179350179,-13.529400045133514
0,0,120.7445067857674,120.64037633451846,-29.175915682653887
0,0,134.4597317523996,103.11879528845294,-22.72504016128955
0,0,206.10010652582736,114.9042930481302,-25.68738203779823
0,0,163.11643712863125,54.58677613753349,-10.56660903272504
0,0,126.70033582508131,79.1561069070221,-15.84572069522936
0,0,118.71866246507925,54.23414859924333,-12.381704586550867
0,0,84.74553275433848,8.600321998644603,-1.1991823608242669
0,0,79.26232666093708,5.529951614747829,0.2830295159272538
0,0,104.00800687618087,91.82721288567522,-21.725189673016573
0,0,128.9480041361181,129.59594478592436,-32.88470557277004
0,0,118.41133058638229,92.37419239519505,-20.18165225211159
0,0,138.85268109519942,122.294028600869,-28.222970834175015
0,0,212.01984155526443,118.54310053264973,-26.988206418452876
0,0,154.51364979401794,39.67635930849801,-7.811191991180522
0,0,118.66536031858398,52.73566746653468,-11.179795782886828
0,0,87.97468266780686,7.897441272158584,-0.699082746279629
0,0,95.52747893117868,5.769301626418874,-1.1205941462633007
0,0,90.34868568144181,31.113721882729564,-8.161898437549127
0,0,121.08283144807093,112.80528453923714,-27.44692740674681
0,0,110.24669324415275,68.72959292536927,-14.546264858081159
0,0,120.21955659438018,111.49386356903074,-25.468663422500576
0,0,141.5662160613552,119.00717001105508,-27.366616623911327
0,0,210.25177920210123,68.40996623628013,-15.620280893290044
0,0,171.1232085218831,72.37234953798178,-14.539374584983094
0,0,103.15738306364042,18.425700351751367,-3.8878525237071813
0,0,83.49640681359276,6.164396730933608,0.6475640640578462
0,0,97.96031041976836,52.33549155965171,-12.985491186527497
0,0,118.70686162830732,107.00458572006634,-26.168829302621894
0,0,104.51241612978642,50.2537920719705,-11.966301434804421
0,0,121.58067712387538,120.02083971835457,-29.196390995732877
0,0,134.48511318710882,124.7295360335007,-30.490953893549175
0,0,133.63108855705488,60.53587048391974,-14.140816671454928
0,0,193.02006358225404,79.69105854194801,-16.725535651317756
0,0,174.89169975285006,25.57717244451563,-6.87022586134681
0,0,99.4458781981417,17.14597709067141,-2.768077466236619
0,0,112.22553826680404,67.90678811641298,-15.398339067417382
0,0,123.75016064027632,109.77751618684964,-26.036133422014785
0,0,106.27757645200475,44.05210874930539,-10.336403106296103
0,0,119.25505073937028,111.59442555295563,-26.34112311773582
0,0,121.02852039237999,104.3102984933501,-23.43519799419341
0,0,124.66553601827421,86.70772783312209,-19.00203644093277
0,0,131.77141951613578,62.3397664983117,-14.389025021538089
0,0,155.07266484083226,24.04666150050086,-5.430253894983281
0,0,188.27723813366308,75.98819143481626,-15.017894540530435
0,0,108.69418604105493,35.46513400945762,-6.786823966730381
0,0,136.36126485691014,127.19618887489482,-31.764904095540665
0,0,110.98977187085727,79.32299547191606,-17.09336738534803
0,0,116.03028221246517,112.32656646686354,-27.27374060378505
0,0,127.61664075986623,114.81664695114921,-28.855142823018817
0,0,128.4174312597752,97.23146111806537,-22.94336776415679
0,0,134.4042984269292,94.31082459707004,-21.58569863044312
0,0,129.0740044249941,53.415668338235285,-11.880659144640774
0,0,154.64610030011124,15.267098179801314,-2.9965661083428046
0,0,203.11609320676283,86.90420959006917,-18.581830177034377
0,0,157.3993908230001,133.65063805434752,-33.07449455216899
0,0,128.18040561514113,81.19347436352443,-18.52412942378986
0,0,124.73959448766034,110.18660831529535,-25.568117962570938
0,0,126.66907097607367,111.03832045310763,-25.970586000403223
0,0,112.53263208827505,55.482065857007825,-12.099446451311337
0,0,117.84936816438957,75.97597585029469,-16.93574710427808
0,0,108.7748420964173,46.46099747027572,-9.824499143514444
0,0,128.96753616470411,76.9846640248992,-16.13510688139627
0,0,172.30639827907083,39.82240485181172,-8.662431336138283
0,0,307.9847903153242,164.81268080421825,-40.32680288917949
0,0,153.52970259888906,118.4588693124292,-27.945346724631037
0,0,139.7054814309485,123.10031493619329,-29.67084759237499
0,0,140.51707519449212,110.14168788568944,-27.311256661297513
0,0,129.43471780259497,82.90022688055825,-19.191587642502427
0,0,114.84368030170553,50.260686802004834,-12.765657657407985
0,0,109.4753538239109,54.11935675888108,-12.731274983290575
0,0,117.88923708170643,86.15120399574322,-18.679762938997186
0,0,132.0646380021516,90.98991109461532,-18.448658740768664
0,0,222.84659350284528,125.14613655905184,-29.013074857242756
0,0,185.69201601229247,56.775138181787774,-11.65845840513174
0,0,146.35133634375597,121.85223162733897,-28.525625023217103
0,0,129.24701534796532,111.63928822566072,-25.452177493002146
0,0,126.16826658903246,98.93987414599752,-22.181131302683525
0,0,117.7186407391698,72.11356252428462,-15.876520850051918
0,0,116.38610974890494,84.47950269788917,-18.502681863586602
0,0,117.53230994760393,86.49734832191731,-18.77254384799174
0,0,120.8253555541222,100.99656850543379,-21.982370173192137
0,0,137.13888445349366,112.10126401641168,-24.586380860939194
0,0,209.29365554795837,115.47480849473058,-25.508462147174363
0,0,249.63324600868322,137.10718641874473,-32.17268250489408
0,0,134.7940661221539,113.85555046281311,-25.11474433346048
0,0,120.50768519018413,106.01955621595661,-24.372623876346353
0,0,152.18747927871067,75.24511280781722,-19.90301362382924
0,0,115.83308014091442,91.63606642244058,-20.705423970551422
0,0,107.26686293062986,93.67092867337021,-21.18839829743439
0,0,102.07663726601835,107.52406572518744,-24.83785997716322
0,0,106.28803963388802,109.82455196294777,-27.31469651389478
0,0,115.44598775546699,82.09591149947416,-21.96042592152324
1,240,395.4792095338715,9.900639204670052,14.836839780855414
0,0,209.24461575941336,114.86374048414814,-24.783931965476995
0,0,132.0095674305493,89.1557179759416,-18.861641842607966
0,0,102.04218698460637,28.537282197409105,-7.31249262385289
0,0,107.72471499247528,81.25245859847786,-19.113982242969243
0,0,105.95540567289046,68.56392447500497,-17.438795163906093
0,0,92.53697005066333,93.53930791603409,-21.795999910583404
0,0,87.90281772571696,114.06865176796862,-29.049586963920376
0,0,160.77606253217584,52.74220482574524,-15.73031390478856
1,240,314.45987884471936,5.463402579465492,14.56994737734071
1,360,519.8855125691483,5.512046524270571,22.767036857357283
0,0,185.34624355963433,75.07016715526011,-15.079341615574435
0,0,132.8454657032562,94.03144724823369,-19.58692762940734
0,0,114.92371287385707,73.95150984151107,-14.849257220036037
0,0,106.62483392831047,93.04262022789561,-20.452671421952672
0,0,96.05257649132483,99.91302738737795,-22.282794534590536
0,0,84.9713640413239,107.58855130494314,-25.738609950133913
0,0,139.05614067097505,44.025313157135294,-13.390463817495117
1,240,299.1670146335644,4.1589016079375325,13.414907225808435
1,240,432.77865051444195,8.782594655540558,5.48271281554041
0,0,274.4836090550224,120.2717212562532,-30.47173616098962
0,0,145.60333786771525,34.336051575112165,-6.982192799190344
0,0,87.24860246064077,15.949905675900718,-2.4126947225583564
0,0,100.21361275181924,85.73285632394253,-18.635272065158475
0,0,94.73754837519623,95.60144586337181,-20.914948509782633
0,0,89.63475772885737,103.07448852591816,-25.628978518969326
1,120,342.345811603628,13.535993007011388,5.335343400889343
1,240,544.7214561492301,3.295441129906719,32.92455698442227
0,0,169.17505020926214,90.60759650930822,-24.645635096001833
0,0,156.68475436676698,138.43481541924126,-34.30166592920868
0,0,208.0101643462385,112.94216117454707,-25.294097508128857
0,0,182.01624240280248,96.15261996781305,-19.56336120454739
0,0,120.02430432487053,103.52536055248815,-22.015088402504418
0,0,103.38229046186801,112.71128518316692,-25.71668155032029
0,0,94.72012485346862,111.41296059021946,-28.57587012052499
1,120,513.019352697815,7.9407327766713,12.851637967945265
1,240,708.1203991887096,3.3303971404453323,26.74492255887303
0,0,278.0707006798181,59.82559055696886,-18.472299140953282
0,0,146.08966610820724,122.54382719687742,-30.233599022965443
0,0,127.71956083388378,64.04364560953017,-13.325170025568141
0,0,205.31617274472708,71.76029244047294,-16.004350211085935
0,0,207.4617938582415,109.92442086406292,-22.937920009889844
0,0,119.51326347711361,126.10812105973791,-29.34803512735966
0,0,101.53544250297487,123.03497744215062,-31.793088694240872
1,120,306.83862412480033,16.66145986447574,1.8087018959238321
1,240,430.1696793507686,5.651152214971185,11.880648424198071
1,0,275.9763412222909,40.80635502383755,-10.745069219545584
0,0,128.9113093151472,109.80339849802566,-25.85587669159505
0,0,123.10508223825313,87.6674092773883,-19.684474662891503
0,0,125.01552548464912,62.94840149944747,-13.871356267383732
0,0,188.0330594361922,78.7805210006595,-16.864112570236315
0,0,160.01235227922263,132.56895237673024,-29.860715831050385
0,0,97.02081190954122,118.05781983242147,-29.574854040708942
1,120,188.16404759075468,23.461955905332424,-5.468847878655254
1,240,269.600239154656,4.9737102447119845,12.065248562966431
1,240,321.00359587153736,31.87954950903561,-10.66122347298112
0,0,160.0706989716963,147.32360245408424,-41.60346904237681
0,0,103.8413668180183,60.386363136363656,-15.974199982330148
0,0,179.05048013772716,9.12668048967168,0.07316680378323781
1,120,909.0676323622823,2.1795371959135417,32.22620878370719
1,240,1460.523886138357,3.1741586322029165,41.44218154624464
0,0,242.81725953173262,120.9630641393506,-32.01630395248826
1,120,536.458421820276,8.817030402746084,9.639502555824734
1,240,975.8224153679015,2.872882844669156,33.93351700553349
0,0,265.29317179013094,50.51831145807317,-13.98911441635876
0,0,121.22929332231993,120.20148886486679,-29.53354410583114
0,0,96.12368758553256,102.8544852711157,-24.416491243877125
0,0,171.18554550690595,26.79440273891787,-7.984685263344488
1,120,510.7228486472839,4.256985008611207,14.677264437633397
1,240,855.066277786238,2.473648871617776,28.237607228017467
1,240,988.8849100931051,4.15559728149503,27.37368111487838
1,240,490.48363139541215,4.36474043404182,22.69920148463264
1,240,584.0476936793925,2.818768915254048,30.104427385644627
0,0,177.83600285941503,88.09623982668623,-26.111075709859747
0,0,115.59310712110194,106.5034002132772,-26.798068698237607
0,0,68.36863528863174,13.91484849543085,-4.456437437043235
0,0,74.72911059979204,8.71012418424771,-5.090876241193072
1,240,305.01499241346613,3.4183525527037126,9.155175537290603
1,240,649.8939596223328,2.583488057735467,22.295349051438635
1,120,423.59540031056235,21.395561996366183,-3.6542965718609395
0,0,300.2804196153747,130.3306703211436,-32.492430277887266
1,240,443.8793723209121,10.079543912287454,21.67701044830858
0,0,162.62056392698463,125.76159409409594,-32.924150272675746
0,0,110.61007059547256,117.93958423684835,-27.948923959974124
0,0,96.53693225765898,67.83324192284253,-16.820287474319656
1,120,800.5551633370333,2.2045524767387095,34.88517785373412
1,240,1056.926653134308,1.697106550566126,39.754138612543755
1,240,694.3688988352666,3.1123567178188933,25.834539941839637
0,0,286.6568580167903,128.42537123795867,-40.047540754589185
0,0,183.41134843531614,146.60927954407657,-37.50972741452047
0,0,214.95662885512453,105.76191712066307,-23.30168310106314
0,0,220.4751354343163,139.35738083512368,-31.73971549748969
0,0,126.7579796819355,118.63029901364943,-26.65856708776063
0,0,103.26135739108717,73.27724856182857,-16.895065959659988
0,0,102.8267782570926,12.330029820525205,-4.226537979816527
1,240,832.0367577808718,1.676651921582552,39.457201659308495
1,240,810.1880016162004,2.167735159826298,44.43924955373528
0,0,213.54889445357733,109.89598281002601,-33.18407842776772
0,0,151.91357743617164,140.7989208832451,-36.260500822824866
0,0,137.59278023096502,90.57254529012843,-19.40353223164078
0,0,199.47522332101994,86.95706437392401,-17.951005595889967
0,0,181.36623281538468,117.56601260240154,-27.18360695462342
0,0,95.58523614861666,66.56784598297006,-17.337084376433225
1,120,297.18080117296716,7.4700343402205,7.594909125106113
1,240,421.9913933942515,3.3589173175755858,13.226153900954884
1,240,505.97934303519025,2.672571985688603,27.621477316724068
1,120,309.0563879138349,87.3939375716599,-32.739867171013124
0,0,158.55251735336827,148.7906999308146,-42.25639110979124
0,0,168.53912000635034,48.29703880977541,-16.22975830931469
0,0,145.93210623280578,97.89946299362245,-22.603466999142128
0,0,158.96026403718116,13.248607302896934,-2.1825680554058664
0,0,195.89808475548045,96.62925157214484,-24.41554541651167
1,120,505.7593781584157,3.5779493088702483,23.688727131162054
1,240,644.8898153560028,1.9823704782208986,34.500326511077404
1,240,526.2585085567875,2.6170324083976126,30.28441991847626
0,0,219.19864991667427,104.5527258648925,-33.94207187597585
0,0,148.63699178641883,140.66737954164762,-37.66835164642527
0,0,126.35617309271291,87.9083060910592,-21.551622425527924
0,0,129.63662433837274,109.98681275616421,-25.66357783510899
0,0,131.13726907438937,74.52913660652383,-15.271571780687594
0,0,194.6070890831141,84.44084889202128,-17.34179766140521
1,360,548.6576530278472,4.3522897608849185,38.895760648755086
1,360,567.5255699698,1.843950650717418,47.89449958644009
1,240,565.2311064097772,2.3757606260972333,34.101853140777436
0,0,161.059974114263,118.6595384446851,-32.57675158011035
0,0,130.7101377307494,128.26643868615147,-32.15729563736221
0,0,119.68587763804159,100.43849967095821,-23.048613515358653
0,0,117.28834663524226,101.75539310751647,-22.759010687169493
0,0,134.24871102568557,106.33122689195903,-25.388278664340426
0,0,136.51135426984024,85.90600429296188,-18.186838930945783
0,0,252.25371193555227,144.69300664973753,-36.1226108176354
1,360,378.46233489241183,7.3622279262758905,20.624817133878082
1,240,330.63505115158233,4.898402916892575,17.24149225256194
0,0,237.60886216554053,114.9528449428746,-37.9505410902919
0,0,145.7676313617935,134.9599436780617,-35.9412550252491
0,0,102.74611086567187,43.713913216605434,-10.974117960538578
0,0,109.63492018164533,81.64710428210816,-18.821399265986145
0,0,92.67978738214367,37.1752328169322,-9.414163301508069
0,0,109.29904410795154,114.07894693553821,-27.925870078435125
0,0,154.83644405634305,126.75459405051761,-34.84499355312086
1,240,936.1619908367437,6.223647640327505,33.16755535806779
1,240,437.6522487324862,10.678490193312152,15.93426372237137
0,0,278.09885944883007,146.0227870947893,-45.19978737725612
0,0,188.86162327912825,175.91339830865277,-51.12433374752767
0,0,99.12007988034631,64.75138423284535,-17.321174397676884
0,0,156.8874997708648,50.59150750043246,-16.235073964787574
0,0,274.71057961587485,8.153484833067214,4.162284973847562
0,0,112.79654686338273,110.01297663223168,-27.402119495802346
0,0,121.14271984448405,134.5326148081849,-38.272545110687595
1,240,337.06456872629633,9.435503930954416,15.90738954370822
0,0,334.75607112600096,151.22395484431465,-40.3774654186766
0,0,288.1342411610144,163.52148196890838,-40.085759577686034
0,0,160.8326181274257,131.88441758831596,-32.80444762945218
0,0,94.97132057107571,22.807660464299097,-4.84812092932863
0,0,107.71579351453148,93.43962672484658,-21.03326147369272
0,0,98.92717417492098,71.93564961094833,-15.542036135593634
0,0,104.98646741905459,95.14931040459658,-23.465179136492807
0,0,129.00992168698096,138.43855517856878,-39.25689776844169
1,240,609.5132872860446,4.159581605199427,38.641412346724124
0,0,194.86491639487255,131.74864555373404,-33.046309953468786
0,0,234.34412269679316,137.50478492392898,-33.57140794380096
0,0,278.2007479415352,168.95268101513952,-41.93943854728032
0,0,130.77996785036038,112.06424184299169,-24.782716656571665
0,0,117.32542688219803,99.39538838347022,-22.597332331146077
0,0,85.29726438364469,24.207025340506295,-6.557484608390467
0,0,87.04659390033758,86.9368350194149,-20.27117296286879
0,0,94.11210402628444,118.09119610147773,-32.79485725700357
1,240,314.64279748271326,4.301606275519944,32.15361785439646
0,0,142.69406318153955,136.85071690069262,-35.79484200586701
0,0,141.3560795471947,135.898377802442,-33.06879845216922
0,0,195.60284845107327,103.70777850408771,-22.684908547654743
0,0,177.4193120255416,61.55579598553833,-11.199858947728345
0,0,121.07157474210118,64.04722653738047,-12.548429116507307
0,0,83.90723690528456,21.068379982689663,-3.9753336290841332
0,0,95.86378577509085,108.4354335219251,-25.769927932229173
0,0,104.48416667230744,110.82165987893964,-29.70558957521223
1,240,627.2362623317783,3.7043622437789203,38.275107674753144
0,0,164.43840291248742,132.73610084767785,-34.65564842566993
0,0,133.92921555634857,123.70131880680938,-29.683016533283606
0,0,140.01279063752872,90.35488840942143,-19.8083516280073
0,0,193.96970786472986,63.25212338197574,-13.698724279357023
0,0,200.30409323753224,127.74056210426554,-28.95928422830235
0,0,118.2987748627431,84.48652738095033,-20.126757277252864
0,0,86.81311644197594,109.80731152805562,-26.020381961811317
0,0,83.88628220137208,124.25834079745775,-35.767323185088856
1,360,176.59592876128445,6.067864644517659,17.32689148094454
0,0,187.90801137622,64.17258067097856,-20.470953895050286
0,0,122.45476657725912,103.86233597065846,-25.328744379834383
0,0,97.53636450853274,20.928059592168864,-5.980202310453635
0,0,100.47639392108907,12.809211753008437,-4.264471469518199
0,0,171.46204330681363,47.634184518003124,-12.081660669679366
0,0,327.29488155038507,23.125942500541242,-4.263425247069264
0,0,141.38534924992774,126.49000968790153,-32.43269520321425
0,0,147.86958597843426,164.41921191744197,-48.41281049327273
1,240,331.4792020747887,6.2262900185396175,22.58952778185396
0,0,195.80945945107808,167.12259585603599,-47.85303921147622
0,0,114.15385847726277,90.88546495911088,-21.35377541969143
0,0,95.24283050529691,33.48109783124185,-8.674584425191611
0,0,84.15440832216733,24.036413260413173,-6.751231267659406
0,0,147.2773109363377,100.85928757181817,-26.91809366251867
0,0,237.67279753479474,131.64375902186092,-32.19851574506006
0,0,195.3209886955526,158.92508672777703,-39.638874641339704
0,0,134.2764163523624,158.8193194031665,-46.122745799483845
1,240,232.95853895331737,7.800374483184344,17.75881226589999
0,0,125.54089511019633,120.61621229114158,-31.917980178095036
0,0,121.94226337797139,116.60202104941229,-29.170663434602147
0,0,109.63002300442585,29.187117722757918,-9.939398674586059
0,0,101.67426387387684,50.03410648012252,-12.092260276914573
0,0,114.36510592514436,106.20838518354621,-23.9843009773818
0,0,131.74063078158002,105.1171623976825,-23.247290101621836
0,0,229.04481014240625,98.10835526463134,-22.516963424841208
0,0,340.18110056780444,156.86790143468386,-43.26025211745181
1,240,685.9991695248549,5.1275349206037015,33.737524666765566
0,0,166.2757739265762,117.60150421795002,-30.134583050891358
0,0,133.16439436967428,120.70010418956984,-30.405174220639694
0,0,107.77896936787434,40.46290000335747,-10.828206916573905
0,0,110.7164595033539,76.21847541796309,-17.3815805342237
0,0,119.95772765401415,108.89645632381266,-25.4056840014455
0,0,122.15953027285191,110.89799284297423,-24.93012834283683
0,0,140.15339176959608,109.65118018593776,-24.701269824107285
0,0,230.85787664733172,100.26236278232186,-22.63117075823196
1,240,541.866628551446,7.685246930836128,25.47079270252162
0,0,205.60277097264995,152.2440283479916,-41.06856932152554
0,0,125.07598068398116,117.21734141181695,-27.847160332983627
0,0,121.45732947265995,80.12352777599703,-19.000530514680506
0,0,106.6865474301225,64.27951757283049,-13.720457172955435
0,0,112.36042602544869,106.56098384338597,-24.972738129848167
0,0,115.97564241108124,119.78710476038427,-28.674051228220634
0,0,125.6537795795285,116.04159140161605,-27.864423003391124
0,0,152.34030068170998,132.4883237431978,-31.62365349703036
0,0,361.0880570023978,188.08000497833268,-51.63886119235933
0,0,252.57084950474655,154.3732220571711,-37.26050982965071
0,0,140.5342493229354,98.47145846080612,-22.51873354868158
0,0,114.03817400151114,65.14566893584558,-13.467392871202705
0,0,115.475586203893,87.89220635495808,-19.452783946017362
0,0,113.63888401724856,89.74200827607604,-19.996687520671628
0,0,110.13363873394492,101.04327217935223,-22.74903458624224
0,0,108.28607660337394,104.05143206391432,-23.942230153450218
0,0,111.08026762489207,114.30515183756526,-27.184034954716168
0,0,160.5265558872671,138.2007700179291,-37.98947324687666
1,240,821.5033830241241,6.2268035134858915,43.79343440144116
0,0,146.97164545822235,25.37242784094624,-6.281799709143257
0,0,119.94579078454169,76.45747347351981,-18.679081309219853
0,0,105.08352675089051,68.79191262134455,-17.005051415592646
1,120,400.5426640576373,28.873555508253936,-0.9204010658443451
0,0,122.29700265280684,99.25999176874357,-22.3838606799484
0,0,103.72044508329586,104.71074874551192,-23.9736009750631
0,0,99.15686538978424,116.43410729952893,-27.88091421684132
0,0,157.00485064719803,169.13896145948084,-49.881228613948714
1,240,453.7736654505188,6.220427693107281,31.0609071978525
0,0,336.92046475219,157.04021914825407,-41.70307153309652
0,0,175.16647447188424,84.18732497591054,-15.81669066424719
0,0,123.09457371213635,78.60848485198076,-15.5867172316958
0,0,114.39697158524606,86.81315583594032,-18.59832139048457
0,0,109.51738792837801,99.34090918678005,-22.062073301574955
0,0,104.90114090764034,107.27685175049032,-24.921372834766665
0,0,108.9318578410166,108.25107349453576,-27.298844658607827
0,0,144.55756381019054,156.30458394184706,-45.33235115906918
1,240,577.6490781998181,4.759259323225804,35.391317025143096
0,0,211.8426816349267,150.93697524340902,-39.20644131306331
0,0,340.9078325983273,184.11398299187994,-50.44464318048534
0,0,166.69341698935344,86.31069245772073,-18.18344663391437
0,0,120.29572357062469,113.3674324548325,-26.39546856161126
0,0,111.86197953855019,115.38324214810704,-27.304044067141945
0,0,106.16957782383368,113.6356555021997,-27.119010644329073
0,0,102.5682367736563,114.8237582695616,-28.546771398169902
0,0,137.24462720604743,159.69720985627148,-46.400742427627065
1,240,535.3313455520614,4.065318282043468,41.73656106682692
0,0,165.71875402603646,163.31900071388952,-44.94582744567969
0,0,186.6162901961174,185.22945645647175,-55.26363889143049
1,240,432.3481977056971,18.33611037407745,1.2544364918636717
0,0,332.3772672916428,175.84821964608733,-45.63812552162691
0,0,154.39824871972579,153.08691811920497,-39.11696287392021
0,0,109.00033896968054,123.62632147110604,-30.23361487482073
0,0,97.60219299953614,125.43031495026813,-31.56574138571535
0,0,119.97370016026932,160.45396964915017,-46.998684976954564
1,240,306.95384382215843,4.230925365700669,37.01268705550703
0,0,110.1358492653287,136.87685189830967,-37.16932467408838
0,0,103.3658078329858,132.36095533768392,-38.722727232933615
1,240,297.2131542835791,8.150554572802621,16.28590014425015
0,0,347.8591262680825,173.71170524973,-48.236022677184955
0,0,198.25770797906242,126.3536456450863,-27.782759528904492
0,0,124.20161916519633,119.82783059506876,-28.189518135567774
0,0,107.50026103658286,124.99241656754285,-30.707337002167883
0,0,153.1755527990893,170.68644210291518,-50.029480448544085
1,240,596.7715123244828,3.7719360128248685,45.84902901972892
0,0,139.59162206059582,144.86079044659405,-40.264494529998224
0,0,129.42154530275926,88.70011710311769,-27.271801393488282
1,240,364.8587474286902,4.801388921335483,28.968102991254497
0,0,201.9831448603082,156.57263371851184,-42.395055213913885
0,0,232.57696722830022,139.33502891450976,-34.568864801925606
0,0,202.2078708816017,133.2935126974067,-29.838824418899094
0,0,133.8765482291225,154.00505069295014,-39.55637101852286
0,0,154.81151606396892,189.9454229215075,-57.00694667661345
1,240,223.25423816213276,14.003874440870282,4.327376762709434
0,0,114.91994930247544,157.9668853040941,-45.98670781938707
1,120,211.03575832743502,97.89966514277529,-33.44136460697854
1,240,326.55699483841784,11.496351372539634,5.245304862859427
0,0,142.32012062381108,118.59011464991005,-31.329284544351594
0,0,146.79611793029113,135.56216044359485,-32.85264783742805
0,0,231.74122766041063,137.7628427567534,-33.35992834241769
0,0,162.01453824607506,131.26994192058567,-29.72459594970129
0,0,154.43836703032696,172.40218303763777,-49.93315929186878
1,240,304.440435630615,5.49943882453959,30.71157457894209
0,0,114.26616480761764,153.02198492346798,-43.19730175813143
0,0,125.98253660856065,151.96740167155636,-47.271196863168505
1,240,265.08338669378014,27.173796990927713,-4.484659023405783
0,0,142.9416540325823,141.93492692607532,-39.793958625563754
0,0,141.512766546101,155.73140445819678,-41.37098573273832
0,0,147.7992230640795,143.27713954402668,-36.2280467911007
0,0,221.46291421717706,135.70450232564403,-32.723973044112064
0,0,430.69381334595255,188.16440224964305,-51.73617573196595
1,240,426.1047501932063,7.339960384884237,33.39732271650044
0,0,159.60759831482164,171.63869456581457,-49.38937724810505
0,0,161.97243612525764,111.12900600699382,-36.56958029720993
1,240,284.3209044831025,9.982031312235078,8.250932872205027
0,0,135.10901583208116,140.4326121790753,-38.49757276438946
0,0,121.0448443164449,144.28577718134298,-37.57948086173484
0,0,113.98661760800616,132.08538272468851,-32.86969386581329
0,0,145.631609997311,128.62131152396066,-35.09024817416888
1,240,856.4622453591883,6.572691994638425,31.39184109672651
1,360,417.78970602841207,14.532230057233221,21.227409560756413
0,0,195.22216093860965,159.57568933696473,-47.25540313135093
1,120,252.92779931096578,51.772004405918786,-19.23372715780691
1,240,374.5980086239138,8.448295006290634,10.10850611424813
0,0,115.78716910448188,113.43147763821952,-28.234706491039127
0,0,110.32474200608809,138.5644219046616,-35.94349013684456
0,0,92.97260343808708,125.09441525437542,-31.320914764760083
0,0,89.77404954618203,108.88089083904404,-29.517697534495944
1,240,328.1456073874509,9.406052423798583,7.207458078182341
1,240,790.4204550813373,5.793176885291702,22.376658501157195
0,0,283.5906129302488,179.7580152896004,-51.741908819628065
1,240,252.88209232358406,6.876702210444965,8.861028510585854
1,360,253.94355548590448,3.863688941311585,21.640952761482524
0,0,121.32478827809962,123.9991567050675,-35.83138053230344
0,0,100.10556877941465,140.16469235543738,-37.257323606738034
0,0,101.62098439949833,158.19577590200885,-43.94579201909503
0,0,76.69036772786922,118.73411704285756,-34.119887420681394
1,240,193.56999844630724,6.297372970535633,8.623366928220292
1,360,190.93957946018196,3.0870783723595623,31.82105649837966
1,360,373.1896167309807,4.242042215429461,24.75586346117639
1,360,364.59468528482364,12.94900601426091,8.294092190199649
1,360,265.16917798358793,7.102733841769579,13.495741119868384
0,0,142.9863294386516,144.6047685445232,-41.40305931993559
0,0,92.30303914996654,120.9893651880575,-30.255860311740093
0,0,93.28717905808784,139.57691481510705,-37.651590951435196
0,0,82.371183990923,124.6490951098959,-36.14835951457317
1,240,227.33871068433942,4.463529100621493,14.26519017549721
1,360,209.26499799237774,2.447214260077752,31.77361717945756
1,240,382.1043837282261,3.4420495773904434,22.316780759786596
0,0,289.5988825756212,133.79362970153085,-35.90240212794077
1,360,405.09939677188834,15.96951955843557,14.405225465102191
0,0,220.70428251837737,183.03615258739183,-51.91220001702407
0,0,128.00668052049204,166.3699945600157,-45.33481348059041
0,0,98.37493809101694,154.97545326192943,-42.11772436369271
0,0,79.09381048511288,132.55861389148504,-38.985445314556095
1,360,163.49655783817593,5.33749749918075,14.406049761577108
1,360,205.5869458351537,15.269301966547891,0.4033133938446696
0,0,122.20251660622283,150.06146726246254,-43.168279653076894
0,0,129.32746735427688,143.1523990774997,-41.40927853115984
1,240,392.70414244283774,10.045182166111093,17.34903123882866
0,0,244.87618247076898,162.05786434545186,-39.570421046258865
0,0,135.2083763837679,146.10088886391122,-37.00952740489234
0,0,103.21852976253355,126.46656038617219,-30.998657114679794
0,0,96.08295712777895,114.70041118826668,-31.09784745716204
1,240,591.2982819624544,3.1078126485249937,32.948472150098524
1,240,387.5880432639626,18.447512606323343,-0.6600977501772434
0,0,154.6838720466281,165.35240460307367,-47.094300726069605
0,0,127.41802168101819,152.8172078316419,-44.41746925711016
1,360,284.93758605888775,10.306971636198863,22.302397843089565
0,0,503.1567098432007,202.55545819716536,-57.91436763868408
0,0,222.62343185760798,145.99519373542674,-35.054861549216625
0,0,131.5800101704164,159.6240029844933,-41.962867589394435
0,0,91.24731203318561,128.21028453933778,-36.56774676594841
1,240,247.06181987035913,4.452577399530957,19.452561867504173
1,240,279.2664281175724,12.665751733457604,0.45621103493724036
0,0,146.64984876903455,172.68519185161261,-50.360099952288245
0,0,116.46754799229541,167.65263093478032,-49.97316144868542
1,240,232.77031504000232,22.855654643970052,-1.4275600399434438
0,0,308.4083054563414,213.48414677253373,-63.48838457497105
0,0,509.76436223927294,220.57574120328513,-65.98584437543094
0,0,180.3915811881261,161.16485602355957,-40.30329987174069
0,0,98.41939811197705,142.56493920012383,-40.137579292619094
1,240,209.94123921888317,36.104405436667435,-8.496922115087173
1,240,251.68441508378874,36.0588027536707,-10.239585258155145
0,0,117.16672206490036,154.74342935214565,-43.17709064264056
0,0,88.38915730226732,126.45383942876852,-35.6428649852792
1,360,209.87909494685275,6.175650753301826,35.35308235019096
0,0,236.09366193056604,217.74542203593333,-65.48693100805693
0,0,246.1314922313601,218.40559785143049,-66.63302146629178
1,360,304.0628541981471,30.98054890868415,-0.6695243201212122
0,0,170.3364520622466,132.0837510922406,-35.58388023175644
1,240,224.29262110959473,8.714794371149242,8.755106413558423
1,120,245.00802082970984,40.79693703919902,-14.239499754567987
0,0,131.01427284098366,166.74609305887302,-48.2100044987073
0,0,102.18005612660454,161.4477493237328,-47.739722223957415
1,240,186.02287021212462,17.353017531048042,3.814981392413884
0,0,200.3106681513917,218.50283159394613,-67.10313993853703
0,0,184.395295630445,218.84489683900043,-68.31171180537336
1,360,223.64102447400396,38.67194875435982,-15.165369634216745
1,360,299.8581967850126,19.760909945479376,2.838464835123304
1,240,423.6055574188694,32.42556881007945,0.368534423345082
0,0,178.83280514474504,170.01574009224518,-46.67879982121556
0,0,128.2575248202894,175.98712499253827,-48.909026403272065
0,0,98.35302549017148,144.61432731160747,-41.40519403644757
1,360,213.2128710111246,6.321609210038531,32.57310021690341
0,0,201.91551393602262,216.04264752544287,-65.65533583467379
0,0,175.09654232774787,215.73686805332318,-67.1697031998749
1,360,180.2465363211744,13.587892997099699,11.919802506756852
1,360,408.95995946900473,94.00933357483561,-26.825117247308917
0,120,514.1423026407798,214.53669409369175,-62.716763815167894
0,0,292.17883342984584,185.34229900143163,-47.998548675106946
0,0,114.31147503295612,147.47745239862004,-37.494002374075805
0,0,89.66728654837421,128.14396517798133,-36.13628040084451
1,360,191.19718005077286,8.702528249339464,16.951371597100078
0,0,189.06312171680443,214.77811793908256,-65.9048255430593
0,120,180.94865776895773,205.81478118451753,-63.540801376453246
1,360,190.05427864506197,40.01540314567863,-9.88440330464384
0,120,258.8347245944353,213.42702519763145,-64.47286668954332
0,0,282.03591786788394,222.12749585737953,-68.31053744709418
1,360,431.1966355513851,83.85608914975833,-25.511341900884823
0,0,260.04308040122305,173.38846875434015,-43.7881532441939
0,0,152.89263879013942,156.43299197157555,-44.03871559478716
1,240,427.8562165569035,6.4019264977775245,27.952781092221443
0,0,251.449826691706,211.89502340361452,-64.61938802993653
0,0,176.72409423731074,172.68377680754276,-54.42992377249245
1,360,256.6667261016819,7.159493533590206,29.75672222387702
0,0,245.4015407602578,215.39410972545915,-66.22326685897926
0,0,231.12606511644805,224.40949988688027,-71.06157541361569
1,240,263.72838763580927,39.716482305530285,-16.689065816254228
0,0,200.42287245722116,71.01839061032793,-18.863517645483583
0,0,379.41850874451364,187.42216831731838,-51.192150626421146
1,240,262.63253087236876,29.40200227222597,-3.3269874638958754
0,0,223.64111516247098,215.24740719739873,-65.2578901929916
0,0,175.60366089930585,203.01205537652825,-62.53424819536977
1,360,172.10517190679573,16.72257749495289,10.25980678901037
0,0,194.9892049389334,217.85549224965425,-66.57007374894728
0,0,185.11802603236026,221.86410995045526,-69.6014095046045
1,360,159.13508872949294,21.207357525266602,-6.365909653295844
0,0,103.71349607950988,44.722659148110765,-15.396246622519499
1,360,374.05197336394275,4.6521866024118115,46.53588990931273
1,360,393.4995709871337,14.872520180039157,19.56372564467982
0,0,246.51469634878376,212.20132268784147,-63.389339541162265
0,120,167.953952672857,156.09159093088059,-49.68690864591357
1,360,141.964973250874,17.72281150320117,6.202545564121067
0,0,173.80760981800634,218.86729207729,-67.78468913561176
0,0,170.86260387582192,222.71429153039608,-71.11084430083548
1,240,165.3289069784031,12.62701219469007,-8.462137860635835
0,0,62.994153331137625,17.466843748224854,-7.507475727834205
1,360,181.933545856932,1.9212523965179644,50.600136518431796
1,360,309.6447973600244,2.9068998543438,46.79762517590741
0,0,363.5223621785767,196.40112831355282,-55.89290206482913
1,360,171.09141087813165,14.695928455808927,-0.7399911008234881
1,360,130.60794316446808,7.095872502443524,20.21299650142649
0,0,168.0201099095534,214.03791993751148,-66.208866769439
0,0,154.36082839101866,222.6484053457957,-70.81484657002598
1,360,121.52515310993795,16.06698432855446,-8.797483859231377
0,0,44.10384767388749,16.886538506936972,-9.78709404898899
1,360,82.06808046200118,2.796305767483475,26.45354432289173
1,360,111.95012872850067,2.6172830643226175,38.61443248902573
1,360,225.66222101075698,9.751070490406859,11.00894433406485
1,360,493.49321886217837,23.79511395333975,10.847392792883724
1,360,285.1666424544818,18.070926783615448,7.886963706912994
1,360,424.1528169731453,141.06741827589116,-42.9327263674645
0,120,208.371376510408,211.35977576457196,-66.29109826874009
1,360,123.09320204907256,12.606778327923074,-6.864846798452774
0,0,37.803175738702485,10.213955952345584,-6.38902165830423
1,360,70.05490798059475,2.4748189000849905,28.1545329384103
1,360,90.11673859096123,3.7481952192367416,20.050895429262084
1,360,155.2617956388176,8.87757948873087,0.8664411979083724
1,360,397.19186123368104,42.25277913988381,-14.187130508651649
1,360,558.5104108395554,43.04777761090581,1.2200485337944968
0,0,333.87238003117074,214.99682888322934,-62.04316828648341
0,0,209.6358004619354,221.49416256153435,-68.8311903130063
1,240,158.49826297796923,25.9352995227049,-16.49446844075156
0,0,44.11019303256481,10.128834914871934,-4.812438403077692
1,360,122.0881471132431,1.36025939332593,50.98925729411248
1,360,90.20772179550633,2.2168506355794055,37.587633846764916
1,360,150.50382521623308,10.767338355791274,-3.262967104343616
1,360,218.57630031169978,17.305155109307062,-5.632153691821472
1,360,286.0882186564127,14.070193802226736,7.200504397663138
0,0,479.35978402985,222.90237687788772,-64.2967023797635
0,0,247.29405036229915,222.29901941356357,-69.20199691187878
1,240,146.70065698268655,12.493487264530339,-6.788002287973384
0,0,42.53622383694207,9.928243393451503,-4.325612075359999
1,360,96.9560943522589,1.378507866627542,52.056520438969116
1,360,86.17569554738736,2.6739412303410375,32.28142607962343
1,360,138.468105314712,10.928256301063865,-5.1230026679079685
1,360,125.25692684781727,4.882295961178853,7.807345121758374
1,360,153.82710409044654,2.4937175897465162,40.73813724552977
1,360,241.1794484893373,6.209885253806087,24.401352569538915
0,0,408.7763606675081,200.35255224332556,-56.536619488273594
1,240,173.40481699170485,20.788291502012072,-7.733718690441407
0,0,46.060085762117644,8.595239391373218,-2.9377451573246702
1,360,88.42189017083497,1.3562168614949337,52.61413586844658
1,360,75.42807495531697,2.501456563229429,30.27693784278081
1,360,86.7686110767823,4.411638135048935,9.301879174019618
1,360,85.62918417296441,3.1785860596307245,12.447553040873714
1,360,87.20277077661687,2.5074639577524747,23.51696699517612
1,360,126.3206345496966,2.5770441022629305,23.51480057495357
1,360,312.04500367260107,15.537534038430834,-3.6832420596149262
1,240,305.41297875101526,24.251895232823994,-1.5006265249127893
0,0,71.84412341869206,39.96071097041673,-13.166709596167976
1,360,117.51604270383093,1.8295386118683212,52.099859411323635
1,360,81.75496152550204,2.676495845137464,30.33816827580256
1,360,89.15197767463782,4.533849029810699,6.4920638490820295
1,360,89.88680931887204,3.3546539107215656,4.669068787371529
1,360,83.57914870369673,2.4842874220117257,20.100036180651642
1,360,113.86043594219612,3.527938601154567,6.169457458185434
1,360,241.92014654378235,16.002803777431172,-12.680342972253598
1,360,408.9635870076858,21.34416376935367,-6.98576475058168
0,0,104.35130806811252,36.304749686356274,-11.757606475999893
1,360,102.27207091246207,3.899052859962177,31.22591444348619
1,360,94.50161666019565,4.147816344013871,24.26081002056476
1,360,149.0423238897971,16.970192158149384,-13.59470440496402
1,360,101.24909366833634,5.630352511066553,-0.5263556471211928
1,360,84.1598269580722,3.2640852243143725,15.129760930751317
1,360,106.5182409713783,5.534242771987786,3.8589121673658013
1,240,204.09444038905278,12.398188378191866,-8.200059137176595
1,120,256.8685986292845,35.87861205255867,-14.286659024046685
0,0,169.5642170933928,13.042990931105928,-2.555287444816287
1,360,399.2492651408947,15.328298835823377,18.043701809117152
1,360,220.91649353122114,14.995087543173113,-1.4515808846549447
1,360,166.76215884736007,13.58204420844099,-7.523243039892961
1,360,125.06064299699517,8.918183492452716,-2.6968550804323286
1,360,109.30488217801641,4.323814255107636,1.423459540836717
1,360,128.8406516632746,8.253615445139173,-3.102731267151313
1,360,205.95473291318268,17.425789421166996,-8.237289861293888
0,0,94.78070474944282,67.2888037169584,-18.51274250774206
0,0,89.37829074410432,22.896019498024476,-5.842735021405147
1,360,470.70860306201934,3.573124802749363,50.10384663310778
1,360,388.9317742799053,29.454283096879003,-2.0644664495662823
1,360,190.59333089307194,14.162440597337968,-2.43924658016401
1,360,104.05017701334855,4.072290622913269,14.713871655442745
1,360,90.06400324738489,1.7082778858087697,37.467001228031194
1,360,98.6560269945679,1.5053643564854127,33.13256502949771
1,360,151.65940033521102,7.623975883591202,2.8719862251034556
0,0,84.23256477665724,90.18610830602593,-24.235124883587297
0,0,67.92052090093335,18.085472498104117,-6.010648440508106
1,360,279.4437920869609,3.693878012604326,42.7359888389589
0,0,489.9491135707535,201.81982299075835,-58.07256915444789
1,360,470.32122727511245,31.627325123193117,-1.4030002321521806
1,360,178.7349069445891,6.758598824027611,8.115219855141632
1,360,122.26777829430732,2.1795547937192574,33.78929682613277
1,360,94.03287631427776,2.143315271427852,26.97256576869725
1,360,156.6259995761917,8.91704730591957,0.30008611221600745
0,0,80.07291151528499,89.64556147133395,-25.10394922001006
0,0,58.861859646661664,26.973826356191,-9.065406633339748
1,360,136.49602791891263,5.887766895917874,30.3311089162481
0,0,295.0320059631068,217.6834921990385,-65.17416465632971
0,0,474.8809073645419,222.64616726588926,-66.64790371643035
1,360,229.34176952768698,5.75528971203692,26.075160537192104
1,360,112.49642471781443,3.2841699609585717,28.02730594787718
1,360,105.90884848113035,4.944327775101652,8.894338542495518
1,360,157.3701891366173,11.190499704293948,-1.4600721951369877
0,0,88.3018129724617,97.52379045190862,-27.975058385390554
0,0,62.130254994236076,13.644931546457055,-4.683161239260812
1,360,266.3233020870934,3.0251995239787552,46.36892760152698
0,0,320.47397522409824,214.52024781618576,-64.05742919211042
0,0,294.33415820933214,216.6577007621813,-64.23867402150972
0,0,540.9334895699691,223.32930144945888,-66.94727128747627
1,360,272.57665731460696,10.951711919954237,17.385892086322585
1,360,156.02334070462052,9.015955998558743,7.583633172045339
1,360,211.30961482574054,23.13288776786379,-11.095728110348333
0,0,82.3463523550451,70.39030597284398,-18.820870870809912
0,0,55.91432009542965,11.316003644853526,-3.290945628925101
1,360,176.7110804422923,2.701156462493588,46.13670848947659
0,0,254.37255727917687,214.55433882688956,-64.9691882785779
0,0,164.04030321435457,186.41644740349304,-52.37552861125474
0,0,218.34225605041922,197.81010790884193,-56.03481315730972
0,0,465.8304704206237,217.65842570408645,-64.5934160860368
1,240,436.53868504585864,30.24142121468123,-7.628562766419492
1,240,294.2540122765968,21.257476075945515,-3.6506083735308437
0,0,92.92791669595941,79.93275673261765,-21.23567909780361
0,0,66.85300995146807,38.77946322521986,-12.599604189325362
1,360,130.9491585216581,4.2137440413867004,38.0399823892335
0,0,230.64045104763392,213.46527470519368,-64.98541793641587
0,0,110.45945972385705,126.9783876019358,-32.133063434580215
0,0,115.74490827884718,105.24622019254511,-23.35427955690526
0,0,140.03872753909852,110.57716769819325,-25.835433082226636
0,0,186.12041699447082,16.09808641964129,-2.973987782462416
1,240,347.067846721153,18.395011583485967,4.486656204632766
0,0,102.41352224890781,78.05756343398058,-19.174990750016974
0,0,65.9349365915761,12.380595987185407,-4.201027060708043
1,360,180.47812065778686,2.80895768734164,45.63581099821583
0,0,253.51902009963317,212.6409826560415,-64.63837987355825
0,0,120.34356173698157,141.7192049015455,-37.374421261742775
0,0,116.45362731260673,115.87303510621118,-27.478097438192727
0,0,124.04034106264675,93.24645877008354,-21.27077510540893
0,0,93.51715934243975,7.391410502862322,-0.5500753065822437
0,0,137.07450697796267,17.343646473891425,-5.207561747960355
0,0,111.45073001269839,30.456271470989424,-8.142094186343954
0,0,54.173668331425425,8.283738376266937,-2.052736076653929
1,360,111.56947522421218,4.161266482290278,28.186141537852478
0,0,221.95755178846042,209.81918263155933,-64.48118891356897
0,0,121.85062268204035,147.73727181691922,-39.70973243447239
0,0,118.96889461772417,124.8580162593552,-30.715722633614682
0,0,119.9986961689937,105.4493367734729,-24.559131521700913
0,0,101.92799886856069,27.76479267357512,-7.645196646567271
0,0,110.1964858415948,45.261065367666426,-10.269122548506502
0,0,177.80994126120308,84.23781172683213,-18.010196423531468
0,0,129.5085608868719,25.327642779076612,-8.550834274918117
1,360,158.57262752093158,8.546905889909999,21.247414602128558
0,0,241.81043617079612,213.8026905197327,-64.97976014506636
0,0,139.5078485891794,170.5259645540113,-47.45834122471042
0,0,111.8303746077912,125.3048380832558,-31.124510277754702
0,0,110.62081717881529,106.6132971562957,-25.86813545968363
0,0,72.49993139997041,10.3345036288543,-2.921391326620295
0,0,93.33756783757985,56.67872025549608,-17.5493777063879
0,0,92.300176795226,51.63116420329068,-14.853621764191715
1,240,329.8129375258636,19.351653570847,5.48378017379639
1,360,558.2712200077711,34.83566320635421,4.526317546560733
0,0,403.46646023459573,218.61947165513433,-64.3057749249394
0,0,299.42735855028286,220.23922062070872,-66.41966738302082
0,0,143.91323358802035,159.28050825614392,-42.88356448026788
0,0,108.5778780820925,98.9918770155654,-23.371737733527965
0,0,74.75297867070776,16.63756475166826,-5.030232326816943
0,0,71.48121084576577,36.61164819842916,-11.297236894756125
0,0,63.96121546731187,35.92124747477624,-12.345520084882509
1,240,206.4221639443579,8.999217326742398,3.435762742335797
1,240,437.47554225448357,9.808187553051257,5.05327548791324
0,0,622.994853417381,215.60882100422478,-59.83269047413856
0,0,255.6642557871627,192.08413208009563,-53.76575481375193
0,0,134.67686261457956,116.7460884188732,-28.624630427387665
0,0,89.7742195870577,22.10800239238803,-6.489643951714058
0,0,66.91827163955254,7.475454915606788,-2.758090797405842
0,0,58.973735206798146,5.970276238532968,-3.59884678206717
0,0,41.054343111556314,5.394659684403905,-2.716152072268315
1,240,122.56718626819777,3.826104089334487,2.895563217866922
1,360,158.03748621306215,4.656164157729395,5.73654329029867
1,360,303.64006456486607,8.278634110157748,6.213567887497263
0,0,156.6047444667322,27.109051505118362,-7.103517615604943
0,0,83.66440153073154,9.411792015816696,-1.1031623893994151
0,0,75.42530328904346,14.288969722886943,-3.752477679556577
0,0,65.31321613784164,10.72751948493983,-3.4415171183441373
0,0,57.619098902695406,16.03452134049227,-5.917365556096144
0,0,41.07920025356557,5.535877563016215,-2.3987081022435035
1,240,125.55097286609474,3.6022178110169585,2.938352659238177
1,360,156.90897026543348,6.383631548219791,-1.0153272592543914
1,360,270.40169848200924,16.094341245604316,-8.797932995131177
1,240,499.97748959886,31.60701635294538,-9.984296412710478
0,0,148.3449635865327,36.070740383107115,-9.086283526752666
0,0,80.98414356394558,11.7233080167288,-2.934506094894374
0,0,70.9778671816478,5.238371766937748,-1.2552028174083745
0,0,58.78535825669499,16.926432281269154,-8.988208098092272
0,0,63.72992020018806,60.62575105100086,-21.432421757721784
1,360,132.26275829443102,7.843369081128828,7.301015728085957
1,360,213.30235785596375,29.69911098961136,-13.743574461915586
1,360,268.45155635917206,32.35007332110661,-16.69070912525231
1,240,358.795543244416,40.60966750793132,-14.138925016724016
0,0,233.48267294850135,91.8260721868842,-21.665475734150604
0,0,157.9254519481084,75.89576595429314,-14.434905574690305
0,0,101.0961929129284,71.95535193373755,-15.446893300161321
0,0,77.53705792815235,51.997205781794236,-13.748583648186255
0,0,57.5818826230391,27.39387424675932,-12.148058807524663
1,240,150.2929858664531,6.561150541443513,2.8990506260300464
1,360,205.55976196716227,19.150157792948242,-11.666167690752971
1,240,238.0188647249707,10.976427361243553,-2.001983719976863
0,0,208.11407065733496,51.82119884618472,-15.52402314403588
0,0,136.71803328619532,96.40562407181649,-20.850537137799975
0,0,234.24794757751076,124.57777977661927,-29.607709652767042
0,0,120.48861793999166,23.598379509951616,-5.185992656866574
0,0,77.72808184788687,54.94956167075381,-12.405688443600027
0,0,63.037264361150704,88.53680224646143,-24.405923340352487
1,360,135.88815446048739,13.18820351161575,4.116388568840051
1,360,182.4591308675884,24.597137107422913,-7.6126369358078705
1,360,210.48063154864448,17.452482133857522,-6.684553080370705
0,0,152.6775710905843,48.96544137383187,-16.007758359972627
0,0,116.1207099501497,91.95367162000134,-21.985984396197566
0,0,147.6666138531689,108.91583376403482,-27.713619020094548
1,240,1244.1653269435749,5.146973276307182,42.039838762176956
0,0,144.1656649359907,79.30845517213685,-17.84149569561592
0,0,86.86822102175336,117.10267230486892,-31.741892485615764
1,240,195.5730572896548,40.01851840851614,-9.770777205946942
1,360,243.30953920287328,49.92610107560558,-13.965991843446858
1,360,238.05738465134053,37.0663574490968,-16.942040290826995
1,120,213.30943155639187,27.54977997598339,-8.758477727321946
0,0,101.24562483447255,108.71953249740277,-26.772140346939906
0,0,111.98086078276454,117.56348573799104,-31.509942855105265
1,240,468.56645078236875,5.210120971602684,42.980265928930905
0,0,426.9069350282958,171.03500499931076,-46.9274731590538
0,0,79.2470343181846,14.24835037748832,-6.549902137611539
1,240,133.8809466197733,5.1850734281337045,3.5612460287873375
1,360,142.02842116961793,8.046001948012306,-2.749847832656627
1,240,202.83228364920106,7.828293627565531,-5.328780885339711
1,120,295.57006063797945,5.243870404385289,7.958709203941751
0,0,103.39527024871128,91.07364416156636,-22.32107676510853
0,0,106.53836247499999,118.1668432023152,-32.494300796811125
1,240,444.7458099348904,3.883810001631685,41.19184904755302
0,0,194.51202489755278,147.04446335246374,-38.83611555380121
0,0,173.9813009044803,57.30490974467216,-14.011988643537848
1,360,394.38351147524827,32.98154034709431,-7.901938578746581
1,360,295.7711849857291,33.45015457163225,-16.21678092378643
1,240,256.5900716749271,13.062717620087676,-2.874760452317844
0,0,149.16194197780604,57.50929336761148,-18.050269913696894
0,0,95.85591855057623,65.04441386911095,-14.523543865503186
0,0,110.53255462828102,111.16262052326593,-29.267766616138275
1,240,815.9254074826791,3.156995356920452,47.895862845994756
0,0,200.4948791000408,145.4044128362542,-38.28944847237525
0,0,129.2489084697145,75.79217173307566,-16.623872419410745
0,0,225.54777216536857,140.03206807194968,-34.84774120803726
1,360,308.40417913109167,15.580830055201428,-0.21006886253232437
1,240,269.44874407048695,13.451898959430288,-6.511783709598177
1,120,321.558994715729,11.135798504516295,1.5923082194016018
0,0,110.42294627982021,87.10425783564135,-21.119897146787693
0,0,112.66323481685268,112.96483797772807,-29.886010108136603
1,240,825.6600889103179,3.0412814366612664,47.11809685029205
0,0,182.53008325697886,128.96138415593697,-34.43429311844288
0,0,86.93144788735891,14.441986704618879,-4.265729050037635
0,0,129.90099255581555,116.32502617273438,-27.602962502288072
0,0,228.7541082613504,133.60635295065055,-32.28143680006612
1,240,522.7290947970212,28.015399866194894,-6.280705931128452
0,0,227.09532551095504,23.390920332044104,-7.454937395461471
0,0,110.95200012434042,74.96617585534955,-17.74261182233589
0,0,118.8562255335012,105.28290304417283,-27.894002565356587
1,240,736.3655943097468,3.414709806920519,47.00069801003683
0,0,254.79366917581788,174.12938871717137,-49.950561986997975
0,0,102.38548817653802,32.5749209359646,-11.465853079443477
0,0,141.14883372792067,138.05044324434274,-36.46949168292809
0,0,152.56770201278079,132.4129076699636,-32.689093678529
0,0,220.23335998122164,79.30227518375004,-18.202484712114
0,0,177.58956828632688,119.56684159952817,-25.521666742628398
0,0,110.30811200844695,93.640974500687,-19.888773373829792
0,0,118.90227260263428,116.31777046206999,-30.940412114403756
1,240,702.1914139356359,3.2145313827086235,47.94225594246792
0,0,174.01902730676363,116.78934833758079,-31.880844565109463
0,0,103.40889619088212,41.915540205853546,-10.662322534947677
0,0,126.64483448326064,124.28619406287395,-31.105065335269366
0,0,143.67871321228787,129.90543513892115,-33.644384601590346
0,0,117.40961978777445,19.580314946061673,-6.98332356486749
0,0,174.6429526238527,58.680263994270256,-13.91361202962699
0,0,187.96803580533367,113.85480684271518,-26.779257829963754
0,0,139.8400857881337,127.93009137427747,-34.1296468795864
1,240,780.8409416207822,3.3623116635627124,45.85713460173231
0,0,161.31226942953282,121.01357254911,-31.24399627895601
0,0,115.54107461314506,41.296696672499394,-13.300488686886354
0,0,116.8644233961234,113.29967639056837,-27.97092105116066
0,0,120.56275576178642,113.82740841289286,-27.06302189145555
0,0,121.61015087565923,100.4122130614765,-21.95032828970544
0,0,122.70091774888782,66.14638665813816,-13.494245914058808
0,0,203.8079555217137,122.28129320424013,-28.391370376840108
0,0,214.30188079530456,144.35948942600328,-38.743873607886414
1,240,319.1571786828626,7.3853798702112154,18.943347436169518
0,0,165.851181860013,144.16985908141493,-40.17858804224645
0,0,113.93729441800171,65.679234405152,-17.774067187176968
0,0,125.91149353070318,127.94337546146404,-32.66729209355768
0,0,126.85592322632493,119.24504902665859,-29.678324384118667
0,0,108.30530255838373,47.51633517170418,-11.794863619875997
0,0,82.90646133149295,12.615120590283992,-2.8092553023203664
0,0,132.9490432686597,119.44960953010664,-28.65249270503037
0,0,263.0532119987914,155.64097159075163,-39.996672150973346
1,240,696.9597323055344,7.6431953947877025,31.618776257014574
0,0,225.60452047361088,135.1766186914549,-37.50664158669127
0,0,176.71197599090422,42.13652171816348,-14.960109244057719
0,0,142.9199908250212,123.87544142352994,-32.96027665087472
0,0,127.8661700768917,110.49157919080366,-27.388053616211053
0,0,110.57758145216005,15.942503768081133,-5.988799299970921
0,0,104.00800687618087,50.89233431830757,-13.279252484753599
0,0,131.33601284987958,129.22448127835716,-32.21703599598698
0,0,146.86130026596695,125.35471116710627,-29.7672797120373
0,0,185.21931371397133,52.666629921033795,-11.953598814767815
0,0,280.65160376294654,152.0827277632511,-36.712659143029995
0,0,130.22528317784662,81.38002193353199,-16.788102924135373
0,0,141.36275648557955,133.51815816311185,-33.101115101147556
0,0,124.41994031350605,109.32148213726965,-26.36388109797612
0,0,154.67485988021724,50.71843189977136,-15.692390982990403
0,0,123.44155912304097,70.60308239543242,-17.804391786340915
0,0,128.74588221523112,127.40460465147201,-31.746019251942137
0,0,123.60903804952353,111.2089054596535,-25.51415296322238
0,0,146.22552876787245,90.84083331400903,-20.77451692379549
0,0,197.84410055306788,95.38355073544898,-19.82104368014039
0,0,191.17371440992954,79.30211635227282,-16.15087947740679
0,0,165.26107200506672,145.7927413588583,-36.663307033569936
0,0,132.63047735610974,119.43014545453327,-29.521486127909526
0,0,151.06603703151012,67.99417430734033,-18.561624345495275
0,0,110.18794978963585,65.41664265561391,-14.593133510212922
0,0,113.58516243659328,112.24516533478277,-26.7542066146586
0,0,124.32283563743663,107.58035704464055,-26.390269153077142
0,0,137.49271684365883,71.20337874401359,-18.38844811043704
0,0,135.04990962369615,66.54582616453578,-15.936092122220302
0,0,162.03646218297888,38.20147908938333,-8.716866607193694
0,0,208.20768382742384,136.64475579239988,-30.668177635657337
0,0,130.57198518729177,112.16055147509437,-24.697359699803165
0,0,125.50147963521462,101.16155109260096,-23.025744572131337
0,0,102.56218331848223,42.45282377564969,-9.86960823970935
0,0,122.5397643429804,125.75759442871477,-31.758785279399902
0,0,118.80072419168053,121.26055549620388,-29.55251349265786
0,0,107.74611747069372,93.36956038454998,-20.813015796335748
0,0,87.9271505750262,43.0801972812924,-10.085790558161094
0,0,87.7838854692399,32.84261334180558,-10.164775069104238
1,240,361.74550304411184,17.070265013320533,4.963194678269232
0,0,144.62790405242856,55.16624751356591,-10.161203117712901
0,0,119.4150478673231,75.37259672713273,-16.868582793427237
0,0,112.95249701849446,24.75715621092663,-8.636085552651366
0,0,142.68104938652115,143.1143372798651,-39.50552355071407
0,0,115.41645732339124,115.02980601320553,-28.62705047729481
0,0,99.99585840642844,56.61236118627032,-15.116218314923657
0,0,89.73807456491816,75.51205076414136,-18.504261765163548
0,0,69.4535924319414,25.89843618076215,-9.546362490649514
1,240,206.95534411412783,7.783883083099598,8.748966461610607
0,0,166.41476533835385,62.09632838100511,-13.948200777863136
0,0,182.0026844769819,63.9452639486109,-12.335073712248402
0,0,124.190135738059,71.41059606489895,-16.08307580839272
0,0,118.5529519637037,118.27085616106356,-29.15091730686636
0,0,118.13576234326162,124.91216335386568,-32.0440077115781
0,0,97.4257245787595,71.03451922487946,-16.874162646488244
0,0,86.505665534666,78.17026158668841,-18.974179447241823
0,0,51.62510135482141,8.948656574791647,-3.667168278353941
1,240,132.51258234897432,3.0232186427712464,13.702554991845531
0,0,76.36891678846196,21.364582638693577,-8.941006556999483
1,240,296.54922401647264,17.90373860479854,1.9161616229141174
0,0,149.26226609445493,47.66547792882389,-11.009668387995461
0,0,132.14109971591395,121.60986923230998,-30.77413143639535
0,0,125.85253469107708,124.65801855107122,-32.917117332880096
0,0,99.81710010185935,77.23867887466685,-18.098338022878707
0,0,67.91751684546308,24.934906682979385,-6.981981441119856
0,0,50.37311872736432,13.840934101617723,-6.735955363114542
1,240,146.42793409021888,5.532385977871864,4.479871610569958
0,0,58.48144419959912,21.588621656940205,-9.069285053933285
1,360,170.0918085863822,3.2449701718876987,15.260771230746244
1,360,353.95672405347676,7.436440580334613,5.961629067469914
0,0,256.4593669218241,160.19407803472498,-39.48502181787627
0,0,131.71909227066104,132.45971963807108,-32.42312596657269
0,0,108.80062029316979,93.68406836830475,-22.61185791454068
0,0,87.21043962010987,74.13184132506883,-17.467074873738028
0,0,53.376471362022414,12.37638875794194,-5.369779067063533
1,240,158.3952748876014,2.880866608141835,13.69882452190133
0,0,62.60865932992156,33.61328893797347,-13.618772805241377
1,240,167.42454741052708,3.3629077328281154,10.473732860059599
1,360,212.2410760705774,4.615619264585724,7.860417133259105
0,0,148.07714920734287,17.679463144239218,-5.401334826988105
0,0,231.8446578570552,132.1218417683256,-29.9185856707513
0,0,111.19408165101127,67.86966486841659,-13.857417202634736
0,0,92.77718679573094,86.86375088105093,-20.042335579946297
0,0,64.41679464945243,31.422613007880436,-10.311927841733052
1,240,216.59858889488635,7.162259998893904,5.960043881941218
0,0,68.78565486819816,39.098382392274075,-13.220130348485014
1,240,274.3622225419064,3.443549903134172,10.844507755221485
1,240,418.8305829087173,3.899413840592247,9.849328280306409
0,0,121.29590400135145,23.496012622876375,-7.663436848050807
0,0,179.87254841921242,27.737572929164692,-7.870916497950006
0,0,140.31459051973704,38.62585513770618,-9.192897821460974
0,0,81.28539931535171,40.167733361761854,-10.165356303798092
0,0,54.41804540991791,8.007761464965844,-3.232114110003451
1,360,111.19436505247073,3.012487816703735,17.506165396336485
0,0,59.078230992930294,32.3742409742898,-13.437876716658394
1,240,193.67404079010427,2.685645350432375,12.203307654612303
1,240,296.7292406235217,3.1276002529880667,8.469931536946078
0,0,93.09067982215656,13.122047493994401,-5.102231453530294
0,0,103.41844115203673,35.237496014329196,-8.463966107945595
0,0,131.44343333907335,14.172101341450215,-2.7760985050118308
0,0,94.97639912522924,15.896011267831271,-5.2113609092774595
0,0,47.202587571770685,7.130360140614621,-2.397609040276947
1,240,120.58924813021676,4.446869393317976,8.854973101866236
0,0,63.40687654457863,54.57686360943177,-18.78476034446622
1,240,158.03180684781458,7.516452839441198,3.073442169993612
1,240,276.74723853625596,6.090309517643834,7.531660222511164
0,0,109.78690271632462,58.96788975050371,-14.25076513972526
0,0,109.44008734629567,56.33362277314919,-12.119768529789212
0,0,92.13605334202343,10.56310544226501,-1.4063766773283106
0,0,148.40998721739126,29.940534835002158,-7.21713843035009
0,0,86.48346386433188,13.09438374340899,-5.454110937190137
1,240,122.01625383100725,3.1941977950425695,14.749601737259539
0,0,52.1128466026107,22.01225228026197,-10.058113218830073
1,240,134.699852140971,2.9525848860467736,8.449313557169518
1,240,227.8769013919126,3.0933454473233644,5.694092021840191
0,0,80.28181239908226,9.241728626281281,-3.5140974797513422
0,0,107.158331507715,72.78040926182547,-18.28260527268604
0,0,106.92105646979658,26.665534458886043,-8.982702220355932
0,0,93.58817974818047,15.342165906727516,-3.741022072135877
0,0,163.83060880647082,63.73590240278292,-14.066180852812181
1,240,309.07534180344356,10.102056469281768,8.83539077663508
0,0,91.21715244986986,63.632690821033314,-18.566115704493242
1,240,321.43506892553626,2.683159321955662,21.96696201731406
1,240,500.9669914625943,2.752250563325267,17.975063275724636
0,0,112.38112566804766,31.668675454367634,-10.431598781246038
0,0,84.50256134708492,12.122237637986451,-3.210809216497779
0,0,77.67044365906187,6.444658031087845,-1.2312083924556845
0,0,79.87078392636883,12.987788870704053,-4.143358011174101
0,0,92.60417020473051,14.520269866507427,-4.767651627940282
0,0,158.99831918515747,41.08881153744839,-10.620864649420525
0,0,148.49565381055686,32.56281003582575,-11.851576274140967
1,240,277.57699266532177,3.4029404847028752,15.60787402201295
1,240,339.9018934499443,4.488010806952839,11.855222048317799
0,0,115.55072159882508,56.39863538462479,-14.175669617279183
0,0,94.43878088860416,23.502255782873437,-5.922876717784234
0,0,90.21408132425661,20.841133651544865,-5.626040159632467
0,0,89.63025731368114,20.07980384388949,-6.2310684882732374
0,0,111.20638127435184,62.90463620785779,-15.274240176327567
0,0,137.68090674879875,94.64535978618109,-20.729761852368654
0,0,201.59350186172563,78.86734406180393,-16.652812623212967
1,240,573.0177995656707,5.947640045672855,22.47212894159877
0,0,218.606953013555,41.615641108197714,-12.779623141915792
0,0,129.2793117782854,77.59767411127143,-18.402915570362268
0,0,157.24213702117484,40.099583828610946,-13.665504074627322
0,0,105.64022924179564,29.665287104573803,-8.342355958135826
0,0,116.29052410465823,82.33153077633342,-18.520583892157347
0,0,108.94399875953987,46.13467459049877,-10.702052568248547
0,0,113.89145139791944,64.89332903620146,-13.660769653848291
0,0,129.94200641502863,75.2280600828527,-15.729103879834994
0,0,172.5485818302671,30.479601649110847,-7.215030133596912
0,0,168.16414586730943,21.52085837306347,-4.585952378689427
0,0,100.22432532698683,14.474832332148946,-1.8464770196118252
0,0,96.58640281642234,22.458680635275805,-5.534611942289061
0,0,99.30901796533921,34.794583610652246,-8.825668457931584
0,0,108.15227710633363,60.549955948105065,-13.59087882388809
0,0,118.3514761981443,74.66235289824486,-17.764085802297956
0,0,122.2740357985322,71.5795277801591,-17.580753811952547
0,0,97.54831271406358,13.520201006897404,-4.261581147904224
0,0,116.63228359265041,52.45294382725757,-12.945222190146865
0,0,161.09776853289662,46.687094078113745,-9.740309940085425
0,0,143.9931527995881,32.69029395514126,-6.301466577602611
0,0,119.18376960428687,58.49826478020157,-12.41144795102096
0,0,121.42756098335825,67.78829261478622,-15.51931514301566
0,0,111.60026395876793,41.31367359153158,-10.74253292269968
0,0,117.17611965729604,86.2253999544478,-19.13806121115013
0,0,118.34894825712593,77.7424706616051,-17.0204541349798
0,0,120.29940778959768,90.29546377809932,-19.99885922484593
0,0,116.34787322399458,62.623966548365786,-14.043628946690603
0,0,121.79503065175265,37.438160278456266,-10.45352189710789
0,0,167.07621300867544,46.96567365975764,-10.732778747746437
0,0,156.171763716969,22.61235189439974,-4.687705437776401
0,0,123.09760043972338,55.399964422504716,-12.8623698265137
0,0,113.93340614997791,49.177232319300224,-12.235302135072303
0,0,104.25021309949389,46.52621223090416,-10.711183236893845
0,0,115.32673242132616,85.59385712252778,-19.84179375871102
0,0,126.03019339798347,79.38310596643531,-19.658102459645775
0,0,119.63198601651065,73.70596359732488,-17.211395015862948
0,0,122.24560496411915,96.63864428813926,-21.012495543266795
0,0,129.7841177939342,71.72786916028005,-14.733411861598967
0,0,180.9816456988389,59.64002485427509,-12.32540408052337
0,0,172.9754071003308,72.65556050110948,-14.764481497961398
0,0,101.11107715757925,20.983224652056155,-4.5670146955732775
0,0,129.08532914731413,82.06291786988575,-21.279313971456844
0,0,118.4583072123024,83.31352804315057,-20.11399124979509
0,0,246.4437552954517,43.64914607195828,-11.696661376373314
0,0,133.8324509620305,87.13478957733267,-20.2533766133333
0,0,125.94538834525461,90.2221269532943,-20.492057998388987
0,0,115.8725636322464,62.0111369523086,-13.252378306090435
0,0,134.63564470631567,86.5101992323478,-18.926782399933828
0,0,174.73017225701616,37.1159056503802,-8.792464105057178
0,0,182.6389434255867,100.0907237123362,-20.683046434838005
0,0,124.01256771961965,60.030620335236,-12.973591727158748
0,0,117.401457825742,77.39078889256572,-16.995017191196
0,0,112.78119784033836,72.70689194670543,-16.300262077679307
0,0,122.70770804785649,102.30874753496333,-24.656741962606226
0,0,118.8286108952914,95.05629291584015,-21.473266704844505
0,0,119.3160387334461,102.98116059381987,-23.24342753288358
0,0,120.6909099017543,99.1843013502305,-22.084498392854243
0,0,140.35273635618037,110.8354060213327,-25.382107008682034
0,0,222.7534564472083,129.0709345575506,-30.33258329132896
0,0,161.31249615070038,40.740234201827626,-8.326234621308998
0,0,128.05777213560353,72.56352487966683,-15.829594074450767
0,0,97.56520344104742,15.329842028016927,-4.107981954125378
0,0,86.06788396417953,8.329580208931098,-2.4083671660650197
0,0,87.41504980581091,27.959346793957632,-7.9372565123259164
0,0,107.47221562815467,90.38911659276468,-21.105160205322576
0,0,117.39318250312576,114.56136144956373,-27.179089175866636
0,0,139.77790750792815,135.15016603088338,-33.581505575618756
0,0,157.6778270888905,123.10697141901177,-29.988751266203124
0,0,186.94278001347388,25.470717451804845,-6.408619835390667
0,0,192.58058727103997,101.14897452744933,-20.13519046426552
0,0,141.33254589000111,97.27514699391644,-22.033386727457327
0,0,107.42676937011565,8.315694186543881,0.447529502191756
0,0,109.00784344032705,75.2089208898464,-17.811752331145826
0,0,116.36711051506273,109.97047477284725,-26.038188879250328
0,0,138.9311832994699,144.07915186869093,-37.52879719643067
0,0,131.2647657229713,132.83070665120658,-33.09723668055402
0,0,135.29009802861782,123.93234641005417,-29.738244397103358
0,0,135.72974438070753,58.25462451374215,-13.76878947972537
0,0,283.65561388899056,152.15053436480346,-39.15449478328796
0,0,161.4373741697969,31.57528615556223,-7.10113455336014
0,0,106.816367970672,31.212507841954512,-6.886727642700535
0,0,103.42726060545515,50.12243844030064,-11.370361503194843
0,0,111.57097158391814,113.32950061022474,-27.163723444141816
0,0,125.47794597802104,142.99310554506243,-37.41118171415322
0,0,132.59836230272373,145.0616833868406,-39.91816319568881
0,0,118.71707541690627,119.98298728948544,-31.555400692116493
0,0,85.80742668687728,13.618592594784,-6.12096150145004
0,0,133.08618690292167,128.6650046194243,-38.18554484492102
1,240,395.5255966847559,13.70275793603954,9.343833751012426
0,0,168.58317192920882,76.81301773530093,-14.407323346490998
0,0,123.57639020139374,90.65060374157476,-18.699984622391582
0,0,124.14413401315943,115.29343016734563,-27.673978813973633
0,0,114.32931798884374,118.02928070380814,-28.1062483397454
0,0,115.76193503853153,127.01094805476811,-32.23077427056901
0,0,109.62336873815774,98.44629811089024,-26.082949234628927
0,0,62.565446275383074,12.07252248316164,-4.510291473404791
0,0,95.60502890654536,124.2106047189373,-38.43175586123802
1,240,293.8733701083667,5.7858191975993005,10.636034722390974
1,240,506.06332055565747,10.142285955599917,5.793472586585892
0,0,167.53737519956738,60.828672702388396,-11.942999207532608
0,0,134.3104245274976,121.13470320933628,-28.044436672029796
0,0,152.49481115740764,159.9238334958294,-42.53078144085668
0,0,153.09325301526206,168.9876528185807,-46.843357930949445
0,0,104.28827958352858,118.00591803743,-30.017231766202023
0,0,77.28669541083607,56.72568022566188,-14.58101212487017
0,0,86.78472528376722,122.24783751944524,-36.38790218376613
1,240,230.09414372226178,11.343911057364235,1.8447648667016665
1,240,309.31793345274144,14.573262725453274,2.5644179609224125
0,0,271.32064471839635,135.56276689105337,-35.97495606958917
0,0,237.24604028108126,155.80573758954077,-37.72338400402982
0,0,173.7998672901339,161.0835631856678,-44.111079314172116
0,0,198.87250776915687,193.2461720459665,-55.362760542539824
0,0,110.4155551697575,130.67199916571255,-33.04768906487875
0,0,87.03374447816566,92.07273747102361,-21.110338478049655
0,0,92.15794893878133,123.16055538373936,-34.96775032046304
1,240,282.7490919725862,10.125161034509397,5.960963289547863
1,120,364.1138550326452,23.35802958193528,-2.8848792199426754
0,0,206.433431986386,153.4692976810255,-40.49833053128788
0,0,266.1798329322563,147.9017923488799,-37.210956930023684
0,0,317.019878236198,160.43602169222308,-38.39646434741749
0,0,233.34716170664586,190.26932362125666,-52.30072106417971
0,0,125.59330170807971,140.43249666527367,-35.73495369659289
0,0,83.63957556288283,74.63874476503828,-17.11229978451243
0,0,82.57535773837647,120.53263805566777,-34.65416363522472
1,240,231.11642946682642,6.422501491239937,8.336332100587612
1,240,361.8015711888514,8.095036654349435,7.7376392301098775
0,0,137.0184841774566,108.90709803278713,-27.699384054046867
0,0,131.78501145013146,115.32815650395835,-25.883247561723856
0,0,190.82231927231572,95.49388085522357,-19.950283856294945
0,0,304.7054500033854,172.2145597453526,-42.72603666835376
0,0,152.73450077576067,152.55595893004764,-39.033312633570944
0,0,88.39896299276464,72.34112471348072,-18.421636611456165
0,0,99.42237854912327,128.2305138938469,-39.50396478494418
1,240,202.70819915419102,6.3762264818196925,8.605190134157908
1,240,351.1520471779586,7.798486554489078,7.836755597267441
0,0,133.87243323993113,117.18140939989979,-29.704696587364403
0,0,126.72106947585542,117.29802058263759,-27.230200841263546
0,0,141.70079774642363,93.0038509082261,-20.28757434913902
0,0,271.5791295215408,151.13466267566056,-38.320290898811905
0,0,244.49118725612155,148.79100315454386,-37.71775131145119
0,0,90.75397244058657,21.354348837831093,-9.88179831642502
0,0,100.74513785706593,142.59556479677897,-43.20286311736127
1,240,243.12847967845337,7.014609896679534,7.593302803770371
1,240,348.49256253815105,20.95550314456993,-2.654911071343051
0,0,127.9660180790887,111.93698173166683,-28.211346140297913
0,0,106.51564501400965,68.83096350590553,-14.15709124288287
0,0,115.65920767750643,97.01503157150061,-21.48119263248799
0,0,152.14778040226952,130.3209527225821,-32.00117071464098
0,0,249.555979434776,131.4800904041872,-31.65623434359682
0,0,117.57299506112403,51.92227703241061,-12.33396936633008
0,0,92.24259528669288,126.02861868577129,-36.61864178932306
1,240,189.66813848851834,7.9309249329522995,8.729732877195758
1,240,313.7136034495521,27.952776946490356,-8.335354722050766
0,0,119.88981332826911,117.21260534595044,-30.33477613131032
0,0,107.42877585244862,103.4858909303963,-23.389602774436362
0,0,109.41333424852263,103.69543296653931,-23.097077920922644
0,0,119.52926999154391,123.49896750481736,-29.53952025527432
0,0,147.62487448621962,130.74549482199478,-32.561364712578474
0,0,224.33603821318403,128.48471645354218,-30.396418712569528
0,0,288.07502159204563,166.45287571267977,-45.96040166553836
1,240,266.2776857881787,22.95465719157304,-2.7056687119718816
1,120,291.72484696390745,70.89949081039548,-24.24623175019169
0,0,136.76784392671004,131.02174607857475,-33.896904656311555
0,0,116.87568010209316,105.94575733594512,-24.513018474671156
0,0,109.52618470967965,76.40857503737054,-16.814538534802253
0,0,117.3746820558522,117.6571602114942,-27.963629197728658
0,0,133.83241695385536,136.98875589363138,-33.98291153914681
0,0,149.69669785969057,137.1479050338166,-33.3594210830485
0,0,240.7942945698726,138.07510544098915,-33.68277251114359
1,240,395.3897000169156,14.743710559359712,9.197647941556127
0,0,224.86005884778422,149.81620258316778,-43.94502056213773
0,0,128.74748059946248,124.9906405428429,-31.0199989958478
0,0,118.16882962555142,94.69280708019748,-21.7795509687473
0,0,86.21629564046962,15.549089028399374,-3.853025997641737
0,0,105.10963369333598,105.60386536159324,-25.364654116011096
0,0,116.49677235079494,132.33432940640998,-33.079329368031516
0,0,106.02165359805386,123.82292596146735,-29.88604181184718
0,0,122.29448604784685,114.39190270258368,-30.391848094295128
1,240,557.4444132538837,9.563571736439066,16.027620582108014
0,0,265.220348951108,155.692404110924,-37.59858763130738
0,0,162.90189088776154,139.26161989357874,-34.99871956174199
0,0,107.29635935453047,55.78572637282899,-12.124037962813162
0,0,105.69240911851145,90.11847497517601,-20.356228734386832
0,0,107.27319978726338,120.95866017566375,-29.83769365322196
0,0,131.14633792109208,163.75525302494168,-45.18081534845352
0,0,94.19671069799168,134.14604787105554,-34.51571881510021
0,0,104.74871626668428,148.09096063826178,-42.48292997369712
1,360,218.16124187023283,25.013012061907624,3.1108842521813926
0,0,350.02497090974396,183.64098285268665,-51.498154840880545
0,0,356.943185961151,177.9574583460366,-45.47177351026971
0,0,165.60829547319727,107.26251359986395,-26.679967092398023
0,0,119.09053052412447,94.00458306974389,-20.193350921313353
0,0,126.56254603549178,127.54476621051558,-31.620113249349608
0,0,123.50938276031897,137.6013111444097,-34.96157338085289
0,0,108.91135091141005,127.44227659002611,-32.108635725583014
0,0,107.02584699344656,109.92768412895876,-28.626511514215053
1,240,651.4442789661636,4.1783805739618955,37.356682883137495
0,0,228.93516778577032,156.91500218729539,-41.182116160946
0,0,272.8890790835158,159.6204364958682,-41.34875086372248
0,0,202.68246630167206,68.55888518540918,-14.963660059641995
0,0,129.94071410437348,70.0875803968547,-15.219456164455835
0,0,124.23042408953586,123.50276502104569,-30.178334171483357
0,0,110.01869110198788,128.39426914687184,-31.635796018180173
0,0,92.55174093473039,125.18431387048804,-31.200646738697948
0,0,89.55718508137393,120.16882011784546,-33.982483539054066
1,240,218.00142611921407,8.182080816129783,18.601433485533406
0,0,180.69136325194305,178.67339844926695,-50.463374789482764
0,0,209.37606869236936,190.27174941109072,-53.16296159670662
0,0,325.5823432111593,186.25599873303955,-51.50456691634412
0,0,184.4736731380733,118.2819021683437,-25.132905275667568
0,0,150.46883080401895,149.44605304509403,-38.50939296448176
0,0,147.4648773582668,167.44132731316256,-45.382918577434566
0,0,102.26834134925558,130.82662882840933,-32.939188399391305
0,0,109.35248228714734,137.43085609089067,-38.805997028755996
1,360,322.4260444768597,5.369811131507251,35.9933387852311
0,0,250.70760960543825,201.27822209262658,-59.29024262819481
0,0,149.03903643286736,165.07703413923107,-44.41056313215681
0,0,197.84836291101817,184.14276036770912,-50.56179895895947
0,0,392.3436104421709,203.60048268199273,-58.364193094186135
0,0,276.73658264138027,165.62257694584324,-40.4370472587485
0,0,151.82047438870978,149.62719312526315,-37.0387423741862
0,0,121.8462923077398,138.27390469358127,-34.61285370034691
0,0,128.09767506109552,136.48172250063507,-38.50410372876768
1,240,722.2629482119742,4.6187354298748025,34.20614778066208
0,0,247.7693259458722,174.85070021217717,-50.64528275482822
0,0,131.83884639137054,136.64287869312352,-34.831392661284646
0,0,120.82754341338922,122.73918991387129,-28.87125359194212
0,0,170.36073389929314,160.10861226074962,-41.46321711074959
0,0,260.1476215315887,157.7502969260521,-41.06488112319544
0,0,344.34458541690856,188.60687786675763,-48.8617508868546
0,0,135.64915634169543,147.3734322202591,-36.99013001797287
0,0,116.53536029351504,135.85973843579933,-37.83618052230003
1,360,352.8512316404146,4.650702972022224,40.4839157583411
0,0,206.23534570228176,187.6085787146865,-54.25084272133983
0,0,129.65489806447874,151.45336525433672,-40.36696620652487
0,0,123.62160973826519,141.40681226428293,-36.267840231822724
0,0,154.37779847041114,166.02843468784351,-44.61164655844773
0,0,197.31323293920715,182.28298816158863,-50.02327444719924
0,0,299.7902937953259,178.79270976711769,-48.50006174674802
0,0,279.56445309234067,179.7869226184564,-46.73891269843958
0,0,164.8382256914938,178.52063144662134,-52.187433138395605
1,360,249.2646880786845,7.868559211946685,20.138852090297632
0,0,196.43035804058013,186.21200241384662,-54.8156390412623
0,0,116.87463718472235,136.2661448683573,-35.29101192137817
0,0,109.16307942376093,126.99832817194086,-31.59444909564003
0,0,143.04325912382797,166.8564231786476,-45.942277710993615
0,0,147.11807332429623,153.08652826012448,-42.65380240578698
0,0,169.24416615719528,162.6915875003775,-43.375038043560544
0,0,254.16259080589202,158.60213901689121,-40.918045387672365
0,0,315.68675777089743,156.7009551128891,-42.953497581842164
1,360,231.25221277408295,12.920846817760726,17.145271490970117
0,0,212.6299028729567,199.2307255196445,-58.54636525711972
0,0,127.2897655165249,163.55912502901205,-44.675537461181804
0,0,110.14477074327252,150.8955491063022,-40.236669240017854
0,0,111.09693163070833,160.14130266660877,-44.571787068328675
0,0,122.15185576132974,164.18900735003376,-47.76065195688796
0,0,157.77818521371452,113.94638040895133,-34.50854320860698
1,240,466.84804036490294,23.66373866283209,-0.5969967982316291
1,240,1218.4098023078368,5.058283494079503,43.26222816287175
1,240,560.2883128913911,11.031669129514736,26.004197065024158
0,0,316.69346777125014,196.59784831771577,-56.324201985452504
0,0,178.37748102391797,185.94808225558984,-52.32332316784303
0,0,103.40448646417292,135.36649450287172,-34.438869020669046
0,0,101.43113942983517,151.05303773558913,-40.39911376904682
0,0,125.62514469606465,183.67013564837112,-54.73770603671987
1,240,280.271188315884,31.585321417078177,-9.980026979686528
1,240,401.12066700223545,3.4960058033927894,16.787410573915338
1,240,993.5454811021024,1.9853361597098174,42.37806451448297
0,0,192.3619373770373,14.991411857907426,-3.072586322347277
0,0,338.6430921833726,184.0642976179571,-47.184331338171866
0,0,193.42777625789176,175.8573307971903,-46.56201127738891
0,0,126.77386149972365,150.02398303383606,-38.75430412866523
0,0,110.1651983204704,152.61521751027993,-41.1726790230985
0,0,112.14417937582222,169.0773204070901,-48.21473891948634
0,0,152.17218693595822,82.13178575449051,-26.60370381661248
1,240,295.63018709161855,3.4783913023227377,19.02668592336481
1,240,502.26011831393583,2.1525764551051907,31.39999951824754
0,0,110.0220465752679,19.638479754984846,-5.832505290793307
0,0,177.39149333828098,91.96726615052978,-20.64211166053532
0,0,308.6086362800046,185.64851165030737,-48.406533158579094
0,0,172.91307011530796,177.19641010327265,-47.74139459469019
0,0,119.14419542448785,153.61194278680395,-40.513675127205644
0,0,90.97539400086278,130.71216909022672,-33.62245091782496
0,0,144.25918741761254,69.49313915409329,-19.915991009357498
1,240,426.83719559715183,4.562153069788698,12.946326383526014
1,240,1313.60512339247,1.8782259871554554,49.830201339240844
0,0,148.49614126106712,53.983841020546514,-14.58450481698506
0,0,93.64928110284008,11.910178664400272,-2.6889608564994347
0,0,217.54895868509837,134.10378425888695,-34.758167657762435
0,0,428.6986670713531,207.23513888926644,-56.73619434633637
0,0,209.6056692187656,201.53098072980157,-57.29108854065626
0,0,142.4137564660167,190.50401878770296,-55.19953398865004
0,0,148.0975087681905,105.90091632207782,-34.255743104442374
1,240,315.83457997215186,4.26137227694392,13.04680601023827
1,240,707.3572557386753,2.157187757041441,40.50310707114184
0,0,130.12231775959555,65.26007813673996,-16.79047013452488
0,0,116.36559148324002,72.72922220848154,-16.601029895942233
0,0,151.77671720336915,129.8175002574361,-31.793876003053455
0,0,179.0604331969834,51.65639674933257,-11.732417877948919
0,0,235.72050156086567,186.57237659645807,-49.028092330308276
0,0,151.16812957326604,194.90809798835824,-56.968270791689164
1,120,214.58693731928796,69.43251606707933,-24.86759277372979
1,360,225.3561020903065,13.364630989659299,-4.481884948730567
1,240,266.0768335058301,3.7611873633387476,17.782452666084595
0,0,104.08407182789998,49.61087113059068,-13.515772733538498
0,0,82.13945228555163,17.454933192335695,-3.688171986609163
0,0,123.24333680623617,114.9729371247443,-28.13300627146978
0,0,125.43944872376798,63.10233085972191,-13.601510134833887
0,0,145.94708116592366,19.45886481797778,-4.236772994380132
0,0,359.22515718484084,196.09360169518362,-56.093684305869594
1,240,275.88402036285714,38.489195090774295,-18.760142413205585
1,360,234.39329851803868,3.526577704179203,16.672230993400305
1,240,491.2081415584928,1.926906481249329,38.11572255379457
0,0,112.04169007202306,46.16564311875247,-12.926559272522354
0,0,94.7203969188697,47.010218669508276,-10.92986486452915
0,0,120.58420358423837,119.32011133887535,-30.338728527228533
0,0,119.91304091188647,86.86364980647451,-19.96566015592329
0,0,127.54254828230498,37.3655959521996,-11.159151383351443
0,0,216.6580805292562,123.80054516240301,-30.170291996901106
1,360,437.66548924867215,3.8699176620834423,33.003330137294924
1,360,410.81159124453353,1.8195967540904066,37.392180471076756
1,240,584.1751109755659,1.873740013181708,35.12836644964307
0,0,122.41995354197904,52.65386925576082,-14.31904436439794
0,0,94.75854842334222,33.676312546177385,-8.405810934849512
0,0,120.21961327467207,106.64037792316356,-26.658297606220756
0,0,112.83100848085307,51.350566739924695,-13.522631302925987
0,0,89.15473800485296,14.612958862890494,-4.1306870948480565
0,0,138.95193962236075,119.09460673927063,-29.555911073641035
0,0,174.73709858868537,53.74958625046891,-12.064984517917495
1,360,378.2638178380892,4.327069397939292,32.642869515973075
1,360,281.61337762788725,3.359226858465871,20.721925599365974
0,0,107.07569164213642,41.01566242257102,-12.451098725045398
0,0,94.27355783773889,37.235621266536604,-10.475608815474388
0,0,123.58619589189105,123.1071158112638,-32.442232736145236
0,0,115.08619259859476,88.2390076658789,-21.06783965402532
0,0,85.3752167890838,15.700175666212012,-4.840253125154547
0,0,112.26304928397819,114.73991690842153,-29.81232540081107
0,0,103.65857287666651,18.331118011963582,-7.667119762429138
1,240,550.6238243372316,4.654114238976385,23.67196643617197
1,240,488.72817473916575,4.566021879691473,36.52701791322528
0,0,127.17980575025436,45.464694541088896,-12.00354801077701
0,0,87.34342858897614,22.777774877935606,-5.231624864285962
0,0,122.30769255585768,123.2959086807904,-32.1779241850423
0,0,101.18326517733294,46.39233534463011,-13.313582319353372
0,0,80.8373529440036,15.96817671049171,-6.572829204308235
0,0,104.12496099047088,129.39476306117376,-35.08182027110798
0,0,84.00325331974966,61.72570234849967,-17.127480577925567
1,240,267.95821109854387,8.067284463509656,13.44195049092798
0,0,333.46022362064866,151.22819997652428,-41.685613356473816
0,0,186.34428147532756,89.31369753888542,-18.489350453290285
0,0,107.6733173037876,29.117148847231455,-6.932682171177419
0,0,128.7224279104462,123.00224371861587,-30.65341955838518
0,0,109.5641718413057,77.24143676668058,-16.762470474136364
0,0,108.05161290793338,96.55256484709277,-21.905610205940945
0,0,118.01673373028835,113.8271196283888,-29.49963698737234
0,0,84.10780011814451,10.495278986778015,-2.792425915957395
1,240,661.620703916692,2.018772441795836,51.399767506527
0,0,225.41974272204286,147.84524834298574,-39.955758512477715
0,0,172.62006701440131,37.09503736015586,-10.686951034111843
0,0,159.2581076350154,50.3368645443685,-10.176114429586164
0,0,143.26905073460907,116.98099295408494,-28.46130876236616
0,0,112.96798207423936,35.83139939595182,-10.901426636144365
0,0,84.82965197553544,23.93822291922784,-6.651686900409075
0,0,98.84730030758674,105.2280700864652,-26.00361069891771
0,0,83.35758544269079,43.03036390531124,-12.781852969559495
1,240,492.0204835018894,3.225390808125597,29.367781102556265
0,0,147.9110419439241,111.65446385134886,-28.07826981516392
0,0,126.397277640393,64.02659288456566,-14.172229764681916
0,0,160.2846670735887,29.466634049136847,-7.087100377479416
0,0,222.32774211086564,138.42567538968788,-31.61801023654821
0,0,122.1412678828043,81.79554673680553,-16.8804241293266
0,0,103.34411061724953,63.936622072327026,-14.261692351969728
0,0,107.83860837100313,120.96067444757955,-30.846040735928746
0,0,100.02240745515067,61.70971090658757,-17.74290243968281
1,240,678.036223333294,2.7728916613655614,41.239954144397174
0,0,315.66326945793736,97.94963208158957,-31.858773498598254
0,0,134.41706282866326,99.75220329706917,-23.2045957713823
0,0,133.18765596146676,75.11953486622848,-15.977063884185327
0,0,155.36932948859516,18.554146284446013,-3.6443627425477843
0,0,149.150526567019,52.3163704156769,-10.303420679395714
0,0,104.44763055615383,49.09240187123378,-10.707067038470996
0,0,116.2944237087404,123.43888588874852,-31.47192482217538
0,0,105.76455179403162,76.77085519770877,-20.586830957197932
1,240,580.6780729985281,3.6663518858841275,35.236211905111986
0,0,170.2578024892172,134.40811980848633,-36.24314832523741
0,0,123.45222635397505,67.42518219899884,-17.32306076845603
0,0,121.79657235569212,85.34016715532721,-18.89870876422063
0,0,137.07463167460483,80.91304295124827,-17.77767612623063
0,0,223.54865827033672,109.4517744858871,-24.4597826606658
0,0,160.55914705510503,69.21566056337109,-12.777314054995657
0,0,123.80905146355214,112.85536699185305,-25.60949130486989
0,0,112.76617756298698,82.6255061818498,-19.315015471718425
1,240,1083.7838612674932,2.631961439192838,50.57887389654023
0,0,180.35978354437466,129.7400193749979,-33.30317341653862
0,0,123.87826943601068,76.45088196721474,-18.857488656522776
0,0,117.92968413800058,75.29056748875563,-17.279848610943787
0,0,106.85751786258562,37.26308106306603,-9.667016245190297
0,0,110.6779282409257,43.01990268665181,-9.287924409954513
0,0,175.24075966243794,83.138264727639,-17.084389951303862
0,0,177.3951662211956,112.07784359313273,-26.369054086751433
0,0,78.1208365944943,17.783923718968865,-6.78021374307572
1,240,268.8811476274802,4.3478916631333036,16.479483001014458
0,0,129.34536699045637,106.95734057520279,-28.27147222740134
0,0,105.93644044722339,47.12027444400401,-11.901097470057422
0,0,101.22972034456765,30.847715256431,-9.794650100009108
0,0,95.64133830153139,19.81580607479727,-7.385395306317591
0,0,86.20409804165445,13.053992718258884,-4.3289515328737735
0,0,100.88667988197871,10.81714826803148,-4.600303591675896
0,0,127.01777946785181,9.50960422979203,-1.3586784447698506
0,0,186.47812631660142,52.75767284574374,-13.185937896631046
1,240,558.3587343784524,4.043460002441156,34.408692219615276
0,0,181.07296898513533,128.15797122642803,-33.761128231827016
0,0,127.07172776967464,93.0167162578818,-21.315810226279183
0,0,120.72373912681816,57.31433494892329,-14.064748901884599
0,0,118.96514238240093,65.95829409103389,-15.522427390603667
0,0,83.64649622652284,9.498297414006663,-1.3165283615618364
0,0,87.47048313128131,22.20551589489198,-5.257584919294231
0,0,121.5281685014666,70.4022833101497,-15.515262352013963
0,0,186.15762193806873,68.66193071606897,-14.637175248151848
1,240,463.76454179750954,16.713995180472974,7.055301403234623
0,0,237.47303351405048,156.46374752125752,-44.605773446063914
0,0,108.60025546133147,31.9496663866204,-9.664781133594829
0,0,102.32626860756923,48.336721410439004,-10.941473706550966
0,0,114.77857731843834,99.78931932545296,-22.94805462936997
0,0,111.74987725724613,73.66590918661231,-16.15819775059761
0,0,112.30364370903126,87.89964977555013,-19.741990477824345
0,0,103.12073358690304,53.4611699466556,-13.462584475099007
0,0,109.18108108446584,6.282688278504387,1.3549900939005823
1,240,524.0731432225984,3.286871224135964,33.23913176864015
0,0,404.55191049644486,173.83426539325134,-43.363624707753935
0,0,158.27346894032544,101.0116719349959,-23.065104728808848
0,0,122.75570491903066,68.55901513843601,-14.505641836932455
0,0,112.99076755157995,81.11009505759087,-17.791572919365535
0,0,77.02668023981057,14.179533932623356,-3.5914016940340616
0,0,77.74934829340476,33.69867890601652,-11.358472611729638
1,120,404.97229688534964,3.3981410216132013,18.836284005561424
1,360,726.8448923200589,1.6723668558907276,50.15825020045263
1,360,640.6638688252336,3.025145376884245,42.03447026718645
0,0,503.26521859399884,173.0338269441342,-48.80911744335015
0,0,177.47413320385957,73.7628180465609,-14.117657110880685
0,0,126.64249925523468,78.19622331360306,-16.90157050427939
0,0,86.11243467360666,19.465017732817323,-4.268598235844578
0,0,92.73558912951137,74.11719995071319,-18.650648364786818
0,0,74.98584398191697,44.35375138340446,-12.920736357680283
1,120,431.28093048148696,2.386643740868055,23.77569040926629
1,240,305.710867693083,2.2966271292119753,16.930013864076784
1,240,448.2594892456276,3.236878565451786,16.44009642457813
0,0,151.0888225088507,106.33820103773198,-25.284184814622748
0,0,195.28922505997627,92.97901544087729,-19.69935427105419
0,0,135.43071049674356,18.27409931654088,-4.038154531586343
0,0,102.96834295412214,54.84145158185415,-11.341585101897266
0,0,92.58661065030236,54.50660955920755,-12.436684104637791
0,0,68.38504990116367,18.3108435348757,-5.990706806557128
1,120,470.29996082959457,1.5604040884102033,35.45981817578979
1,360,339.19184809735447,1.4626215425304026,39.40360125263153
1,240,255.53645306500454,3.219848853002448,13.032222303374269
0,0,134.41564582136596,99.9293148334067,-28.27006669623256
0,0,94.10777932001308,13.532702668568302,-3.4305370665820334
0,0,144.42919428511348,22.271819012120083,-5.703534596178628
0,0,145.78666460381083,48.770565980688595,-10.246501951012021
0,0,84.37725822579921,20.010497367819205,-3.5581180818832223
0,0,80.00846602340376,33.747591781391,-10.009617109555506
1,120,728.068597149891,2.1730643619905994,31.21125676129752
1,240,998.2264570161807,1.4853639990634921,48.50781843539592
1,240,798.3677575123361,2.349678196284421,35.28550060715091
0,0,159.21339822077096,116.37603995537587,-30.494081992992463
0,0,114.652236947811,61.55205622621081,-16.139661647815387
0,0,161.01138776805317,49.748393921228434,-16.020260189842276
0,0,278.13842229257074,150.52693012609996,-39.313578718996084
0,0,129.00892411384368,56.404508539476026,-11.374773602916378
0,0,79.13179194870973,32.39037680845392,-10.046942944804528
1,120,281.24141888037497,3.10961258819168,17.936712353833727
1,360,335.2159296701794,1.4743871421352988,49.79665881345365
1,360,238.47192163412208,3.012097732010366,19.096412950820365
0,0,139.3199080773238,133.24688843922686,-39.52287076434976
0,0,85.27488700440571,39.90075208776211,-11.223261570083665
0,0,90.2507818132567,68.44423773729896,-17.489045545165737
0,0,129.26797571990699,135.17267678297455,-38.021044858656516
1,240,476.550527386747,27.21593606477893,-0.5782704731859667
0,0,141.07315420218643,61.512521627605544,-15.292633612412189
1,360,298.4397384722394,2.2506835451327136,46.57200043565639
1,360,177.41667072393943,1.6552424988324426,46.59162503250165
1,360,198.05157309350946,5.0494376637396385,10.016153205346328
0,0,147.63430608679045,153.0680027341893,-45.48297548800583
0,0,94.88981997936416,90.11898756767071,-22.48984618439698
0,0,90.34351077079207,76.66352121716376,-20.144564194691867
0,0,104.54558543660164,138.0284378651337,-39.25994660860855
1,240,315.3635667465291,26.976477758918865,-4.1483354937342085
0,0,227.00125889853103,40.10743515731497,-10.841998030673565
1,360,437.0515283268977,5.446339476307872,23.117183204839094
1,360,440.7995919806668,1.8221527225641958,52.3276928434113
1,240,652.3067262875927,1.882178386635381,44.2909818672846
0,0,168.30576724463086,132.4556622157891,-36.40456248367272
0,0,99.10813167481548,68.84697660665543,-17.246654825972897
0,0,85.17151348805304,75.88137004676595,-18.00652936100842
0,0,88.54430259723418,118.04142409220368,-33.20314820967793
1,240,260.30072633604743,16.251956218111765,-0.9334999822631289
0,0,90.11385923213312,10.895601090816161,-2.5031559767292606
0,0,148.65141125267616,40.57546820303849,-9.7279296411063
1,360,487.3203723212683,5.411066705266372,30.029522085462006
1,360,534.9725819765016,2.856157709626439,46.33293332212206
0,0,204.65584734418493,152.34973791570127,-43.43651418033924
0,0,105.54256909886567,88.29498854199015,-21.502930810038166
0,0,73.92879054630576,29.30702285374511,-8.900404671657824
0,0,88.96442825679628,112.94984284235495,-32.35045577798552
1,240,308.069924113746,11.139498555974512,7.453647958692301
0,0,120.89080995519912,75.28517443814239,-16.978763755575116
0,0,106.36166733305576,30.75035156088853,-5.969766505723058
0,0,187.59997666190358,87.7979182143838,-19.062511268852504
1,240,439.2261017335105,6.879040462476244,26.691670893012386
0,0,162.59290394454132,120.58608484775594,-33.60693723545079
0,0,71.84178819066611,13.8552614228252,-4.8533626094768465
0,0,79.71578033213169,75.10039567322217,-20.668742777417407
0,0,83.37546807478273,122.74002738893304,-35.64549639325684
1,240,179.5235111817413,9.657891462818473,9.456561577909739
0,0,84.73811330412981,49.80516173511324,-12.468879222725604
0,0,79.89785443377646,42.72129228984533,-10.840497388373066
0,0,85.27167889988462,39.713998758795405,-12.071774395932067
1,240,356.813320076368,20.330596941533752,2.4987912800344105
0,0,269.3626126989278,161.24097961882873,-41.34775748079117
0,0,103.46295785328874,46.18109669952576,-13.439694396064638
0,0,65.84325621944075,11.759200320776657,-4.848670460311908
0,0,73.32896568932918,108.1877719312467,-31.61762450806956
1,240,182.8221568010985,9.538734464187101,7.299758147566521
0,0,76.5039179076904,40.689805207806856,-10.721523930492694
0,0,62.371611013170714,24.68688591657406,-7.3715196489897465
0,0,63.883008000559244,48.27721736337827,-14.791186590168152
1,240,230.04387963941193,17.398898169129936,0.4401795252903611
1,240,497.5416880629752,37.68446458196561,-8.468061170561398
0,0,121.69604418999242,21.789969432780634,-5.7545987060096735
0,0,75.21765503969701,31.090637171436587,-8.320559657116263
0,0,87.55908009553774,117.51812491201646,-34.37591601937278
1,240,203.9698571074741,10.484266370206154,7.683383613414378
0,0,85.82800730086328,62.31074365565407,-15.41233625563575
0,0,60.01450439454878,20.13732971709744,-6.000952389024263
0,0,65.67396352361764,79.05399270638792,-22.410327994325854
1,240,226.91317772493082,12.75049554617283,0.5712902203687804
1,240,308.8950531309934,9.143375843812416,4.344021210760744
0,0,179.28057945069207,43.59333485674316,-11.013795154321826
0,0,148.61085083579823,83.33414003712757,-19.276543018936977
0,0,152.89099506167454,176.39484539458968,-51.843690940449726
1,240,206.86461030286705,29.36758818385825,-5.8396227738171405
0,0,81.72013148613439,43.365440565367386,-11.981661882577484
0,0,57.772985895182266,13.603144428720155,-4.241216797812243
0,0,48.05295632299761,12.03942326673895,-6.049945189764472
1,240,178.40836044694075,6.672632640653809,2.2607069815278606
1,120,209.33664188132926,26.47720544946909,-10.590540050256578
0,0,73.67310008155164,9.825865676957358,-3.6411923714903907
1,240,313.5336095146198,12.934678693053433,2.2389053965565324
0,0,290.4700586620017,158.0654041376528,-43.43742830399412
1,240,261.4636472208546,34.57499909338068,-10.259791089694247
0,0,80.40043858198308,23.63723546497235,-8.313679951921728
0,0,52.5854695485232,7.7365955230120065,-2.1102730273938164
0,0,75.35845455278599,10.541496239297448,-7.176695063561297
1,240,217.17944852619587,4.527896007995057,3.707484677761272
1,120,233.24137360985858,11.003979207833643,-2.772309911598242
0,0,73.08864691973616,10.114607765789302,-5.314656882279024
1,240,213.20246450953323,5.399382664722583,4.531305597024357
1,240,421.78698158957206,12.857596694211441,1.4673850318368693
1,240,402.9389254218982,8.042847879757069,8.255635589273496
0,0,93.04470643740294,9.72791177808472,-3.5769078143500224
0,0,58.510226451821886,10.374444330668391,-2.6928498449964877
0,0,51.22787453318369,16.140312128843725,-6.8307177540199575
1,240,180.5299151085178,3.934246666490849,7.070117603976158
0,0,109.03633095503199,24.939274548603233,-12.409815209926407
0,0,49.12419116764021,12.258100820177463,-5.45695370323827
1,240,174.51487783629346,12.470433236590921,-1.390693908497738
1,240,342.9117529821116,31.494921037889753,-10.013189060946843
0,0,234.69034859178643,121.39651524071343,-30.31435365774896
0,0,129.7011265105459,29.268681296122228,-6.677303498552803
0,0,91.44608981685094,85.39211948760688,-18.424769994851218
0,0,82.51644991101308,94.89123813254695,-24.979966575859017
1,240,292.1666358310307,7.813448299153904,8.731138408364544
1,0,196.99525650169286,29.7385264646087,-9.559234197142516
0,0,60.69401607389637,14.136284843334673,-6.726512941315278
1,240,218.829207774122,15.44041219991051,-2.967916521887517
1,240,358.8765733897049,53.07340816364074,-19.51352825547697
0,0,170.86593667698517,145.996565461821,-38.02219147618894
0,0,223.5148541442523,136.22918045183812,-33.20054322145911
0,0,108.37284279420227,43.7751210922401,-10.02594452050107
0,0,75.05261903379498,86.47433219694405,-22.20524725852674
1,240,247.4725706096423,17.6032691577472,0.1622172428335915
1,120,252.9098429944944,16.573972598971984,-1.3038363094287462
1,240,349.5061421898811,3.5577204055869145,14.180805465852984
1,240,268.07188909196253,12.435616654820672,-3.7259522417097486
1,240,324.76766603973675,25.015632781281933,-7.459159272919564
0,0,119.87857929441611,112.84777195939637,-27.645033326219654
0,0,129.6545579827274,111.43402741979034,-25.45904663029316
0,0,252.00137127604896,48.99006747241524,-12.1375648793247
0,0,113.26004428230061,23.155120564869797,-9.673140345282818
1,240,205.79548396508284,11.130034546305652,-0.989943154988211
1,120,215.54886988904596,17.974750714345905,-7.016448658465464
0,0,54.65498603411416,9.28910823642954,-4.436147062275936
1,240,194.21175538322555,5.217151069373297,4.77318377289626
1,120,336.5804510171881,47.92316756140564,-19.85171173616888
0,0,143.53640033540538,135.66553085682168,-36.08198779648669
0,0,122.18590928069847,113.18739697539141,-25.75146052081987
0,0,133.77971561845416,106.65121456167826,-22.762154638468076
0,0,199.22991101771126,99.09909548230878,-20.702776710718496
1,240,335.23737749263137,28.88842430040652,0.9334100025439938
0,0,92.86989308114954,83.0102970942792,-21.177444665431096
0,0,60.82234025473993,41.79050012540361,-13.185837501547567
1,240,177.8801227986238,9.631677049462791,4.0322046493627965
1,240,303.1914967348325,38.97401734560237,-13.749170166831874
0,0,129.81797860031048,124.42431969116393,-32.66396320394741
0,0,119.29425082924281,107.31702889461711,-24.83220086482578
0,0,107.32144605172188,41.956460970078275,-9.266994677023959
0,0,109.6573542411762,27.262448418963448,-7.387561726540142
0,0,170.0772190792492,59.60404591487602,-12.766196620487747
0,0,126.20094844533739,93.67879805110573,-19.101295474787918
0,0,71.81653712062821,48.02377647281244,-14.428327054746205
1,240,207.97973836555084,20.922805519098194,-3.2309727764227887
1,240,327.4831961521671,27.443731086481435,-6.398268573888288
0,0,130.0601281433316,120.1019881639943,-31.019396625346893
0,0,117.57843636914568,101.41755855544659,-22.7404164609179
0,0,121.39800787916575,74.49972390478574,-17.055708661138
0,0,111.2603635843498,7.494368946945092,-1.4738368894778233
0,0,99.93032465294287,12.259887674296309,-4.55333454446064
0,0,169.76216734479655,62.56020292987022,-14.116906789730436
0,0,95.10023422695494,20.482022901138656,-8.181470194876752
1,360,155.65507751213963,7.406018937735467,7.08836837336321
1,120,256.10661145720485,67.7840908002522,-26.682186352138196
0,0,122.17291815779681,124.69974791190731,-32.19647085572804
0,0,112.52043448945989,109.45448184061263,-25.560894800511846
0,0,124.41155163030602,85.49481847686178,-21.186068074707208
0,0,153.00684957830185,40.05002840771494,-14.375867981649918
0,0,116.9352964331052,38.6594443853342,-12.015436902242229
0,0,99.70597272157585,20.433664131031332,-4.772771777197974
0,0,162.70496088161187,53.28914823720206,-11.356353747072944
1,240,554.2272852303256,71.10775497510805,-15.47832224524359
0,0,259.0006391448616,176.62155566949883,-50.73219319341484
0,0,140.18917970589672,131.9635156639769,-33.41263047729505
0,0,121.12520563428942,76.79042034785856,-17.862520539678187
0,0,97.8582405501292,15.182543881916875,-5.221886541187999
0,0,140.03383036187904,5.995494796575444,-1.8882730780517676
0,0,95.8146779701956,12.170752532216282,-6.462484439655739
0,0,100.36148029730717,22.684818755886287,-8.562110227978906
0,0,121.04696415936165,77.06249144874229,-16.037306218227513
0,0,184.56266119634378,76.60809625122282,-15.648486627797297
0,0,264.7978540553448,157.57961084492982,-37.878996383430106
0,0,161.230162358698,144.1970914601474,-35.54984629845535
0,0,135.87973176911223,122.00131662755786,-28.951670053812848
0,0,131.7391230858157,94.99171348112063,-21.816866236092807
0,0,125.23547902536532,71.77233475429207,-16.822744511889127
0,0,92.08769371698115,12.538834553731304,-2.2966538579060796
0,0,113.48456625454331,78.53363912814206,-18.223604667307995
0,0,115.15052472989221,68.88791181010536,-14.656107647316247
0,0,127.65304084331929,70.35497318877273,-15.407485587917947
0,0,184.7331101701215,80.57668841976167,-16.624733703548003
0,0,393.5705347125825,176.5151385797542,-45.06344028598126
0,0,157.40959327554063,111.67057802667519,-25.819935251707754
0,0,121.1709806380214,57.81194674747474,-12.48249068246534
0,0,99.43212755932869,23.21343879056075,-6.283506425562479
0,0,111.81481019963765,46.969951280223974,-13.563027114148909
0,0,107.54639879418296,43.272217317651815,-12.041782685729146
0,0,92.472252493381,18.01847449316313,-5.808537285599428
0,0,108.79288910135571,53.93792789420792,-13.82102662684764
0,0,119.30127918543742,52.15788547985098,-11.755218129803325
0,0,276.1489667192772,156.60682580379205,-40.97356915279081
0,0,160.00171905646368,59.806003747981265,-11.878904872655681
0,0,101.8295111933691,18.142148261928252,-4.322647778421327
0,0,106.1104035990984,38.172734201810854,-10.71853849774699
0,0,117.33252325474291,84.35711582507025,-19.0277217304494
0,0,113.97397790291423,41.94189540165495,-11.854434892044381
0,0,98.19976198089543,21.806338099451157,-7.399704247689954
0,0,85.06357720820304,7.469903484742099,-2.288273510411045
0,0,83.16023033435194,20.419046220416647,-6.119334044307237
0,0,124.65240886267202,116.01146395823041,-27.72677077603096
0,0,206.78462307494902,129.3452798364038,-30.595333076662016
0,0,147.57151565943246,68.76488961137751,-13.427245405712611
0,0,135.10029840318816,92.84376321840267,-23.397507566272793
0,0,277.74372341195135,10.170048073407022,1.5206419816492769
0,0,126.46141705869802,76.46032522049737,-18.278758555803066
0,0,99.95901621669861,31.212323741833174,-8.562971512116164
0,0,111.78770568405487,97.9719406845279,-23.078097966192395
0,0,91.03634798676347,34.235283832228134,-8.427765754421955
0,0,130.17636808594378,142.13236889149837,-37.540876310159334
0,0,160.48870478834164,144.28154648835857,-38.39853565650832
0,0,197.08107046361738,100.39647430600546,-21.691145171811954
0,0,169.345952625375,31.02315906225761,-6.5088986719359525
0,0,140.68663995571632,61.89129860273797,-15.464330340976971
0,0,181.6381508477075,13.347189308065891,-3.2805520958086163
0,0,123.47243854606376,79.91089574566061,-18.556741974066895
0,0,114.61123442465632,47.959843193420745,-13.174693647280833
0,0,100.8151833617861,24.820984805935602,-8.415322048021693
0,0,124.1490878706708,119.9477411407654,-29.743602324190356
0,0,127.07884681433627,104.04037161740898,-24.5154807961924
0,0,127.28100274339839,14.65570799400653,-4.859893573855075
0,0,265.4949309571498,149.18337466020472,-39.62624599662776
0,0,162.20967715500092,69.97326505092414,-13.600532603757856
0,0,97.27302787240238,20.4861182263868,-3.488671103871056
0,0,102.16329009626288,42.01469075551486,-10.26432472030632
0,0,112.9689569752599,78.50112199298535,-17.612230312600673
0,0,114.48597097957493,94.8683086429249,-21.172107874151166
0,0,132.9193768038834,134.32884846212298,-34.17302283960327
0,0,120.90635169123591,112.1787882165255,-26.17941834195358
0,0,119.27417466985465,87.34999178975518,-19.01851180252767
0,0,177.17601754062426,150.57699091987806,-39.340558576694484
0,0,204.60762375184322,70.865031599449,-16.524919854757798
0,0,174.8034372023158,98.16873288481685,-19.386401660027346
0,0,128.89718458640772,95.49011221744563,-20.7510984495849
0,0,136.2761423945467,103.45212480225956,-26.32427259556578
0,0,101.73406158182293,34.55880911212204,-8.759412986783872
0,0,156.59962056834516,159.43892099584383,-43.8819645237821
0,0,116.1576201562298,114.06416838854315,-28.69521873898048
0,0,147.26960241664037,35.687609981576045,-13.007461857955207
0,0,116.71882306231116,119.174910490236,-30.393692193460176
0,0,94.73960020176273,25.62663942515727,-9.698064745745683
1,240,423.670762426662,26.205365376188595,-2.3168438375899
0,0,152.82537061972195,34.57978569653541,-6.670767250222809
0,0,121.62835658541495,63.533450026214474,-14.253238029150026
0,0,99.09846201701869,32.96480889489057,-8.19180560452385
0,0,140.01612343869198,145.91379982295857,-39.27312478430377
0,0,109.07978206679641,106.33594129898775,-25.22994504978255
0,0,89.44865932648827,48.04348962502056,-12.823379546459563
0,0,92.04013328405455,117.76866712812281,-31.29708942626379
0,0,57.531476839459515,14.038678388318477,-7.316730353166264
1,360,184.2302539565138,11.10406559977842,1.6152617058571224
1,360,438.87350497370863,36.35195151354422,-10.628008552203184
0,0,176.82530256651313,91.65789131133461,-17.826705914633195
0,0,116.25770621565275,74.25118152136996,-15.501154200808571
0,0,154.37041869640677,155.95410062849953,-42.73041178041296
0,0,112.41920348814072,102.61098217729571,-25.714763475830566
0,0,78.4342446004821,15.974753777571584,-6.605605557089902
0,0,87.75137932183982,124.57107997612518,-34.15753029303615
0,0,60.28826453635809,25.813381924705066,-12.82572033709026
1,360,144.6458490328416,7.637787002497679,4.139067289803933
1,360,243.54999967319603,19.47558724566577,-7.877923017986831
1,360,380.8833542081712,22.57805151493049,-4.259536258572197
0,0,149.13974597550114,50.90466541663076,-10.252969507969098
0,0,134.99326333997925,130.82662882840933,-32.28632445544626
0,0,114.74382096345015,104.04884022299042,-25.38801446675231
0,0,83.51831941443821,32.789256794874944,-10.135158519476434
0,0,93.940045332217,134.12167445891322,-36.79314958022539
0,0,59.393821190155926,47.720123176603884,-16.01639762110402
1,240,169.60745282004805,13.884716539787334,-1.365515878350294
1,360,185.45758632502705,14.647260144811318,-0.016237660035187673
1,240,289.1653690311142,24.873868468240854,-8.859897897447894
0,0,197.88928608176423,51.34590647999049,-13.777798617480116
0,0,319.3964375309973,156.9279541723023,-39.21238575879592
0,0,122.40733650900387,47.50049895146301,-12.930532804247619
0,0,81.1833521178293,20.75324389263858,-6.434616878061277
0,0,90.79186888374558,118.00051776720416,-31.444062544532677
0,0,54.60805475242756,26.043411416507702,-10.848217241897814
1,240,164.0434886467589,9.28730513818234,-0.04256230771505898
1,240,227.4597797878208,12.118775833744081,-2.779025814288147
1,120,273.9700856104806,29.360354132031645,-8.30837486435236
0,0,126.14605925066915,51.01707478483455,-11.702885871549327
0,0,174.69971226815338,62.40607864005555,-12.610837870772059
0,0,152.34016464900944,29.559806759564207,-8.715984187249376
0,0,81.89554565348185,20.255897414850224,-5.2651251184590535
0,0,101.96198437157915,133.1888571931368,-37.18108146675954
0,0,59.18771464474894,27.187877040403592,-12.950664660462053
1,240,155.60691060008978,10.149679741355325,-0.9511853688116076
1,360,211.80318680753632,10.750299167600396,-3.3658879167700633
1,120,291.4810763645382,17.70407660850054,-4.442360989548419
0,0,104.63194352932832,28.229603967175265,-7.416597041474091
0,0,124.36991428788214,82.60489418787282,-17.087597310023583
0,0,187.8256095678674,59.35990388534079,-12.23831398757683
0,0,153.19730669511745,89.58876477899874,-19.37856027561206
0,0,114.45495552385161,150.7897673424665,-40.46230454817238
0,0,60.79507136631067,40.23492629624308,-15.539859147467553
1,360,137.90978176745875,5.998598778768257,6.8749601295866825
1,360,225.9168062098192,20.056471860864917,-8.250700530866652
1,0,197.43183078196202,60.571625615328166,-20.411821190878186
0,0,124.33555469493719,79.30311987842441,-20.25252061314781
0,0,94.0352682225956,12.333635114568029,-3.3967726148208186
0,0,103.68851140684389,31.320978911484236,-7.847820344796915
0,0,166.21898027410037,56.77179550115332,-12.155725821531789
0,0,278.703547474851,166.29815941463178,-43.680746356721244
0,0,79.65675914418452,31.125312970761108,-15.268565212134831
1,360,173.37605741159882,21.55521289962723,-4.520711426280087
1,360,262.54104888125505,41.82899148998797,-17.046519869023314
1,120,214.90017528440006,46.701923162397016,-16.237673669054644
0,0,116.44197384459373,67.89426930816217,-16.307152350777358
0,0,111.20032781917777,58.53739147069486,-13.309830713602139
0,0,103.39546296170371,32.114255504900804,-7.948009354162238
0,0,124.47945461999268,58.4545139278371,-13.17278614069464
0,0,177.040392938185,51.82329253383912,-11.252328588728176
0,0,97.26389100934938,20.345402562076075,-8.643197751723449
1,240,160.41888600478902,7.883899986273084,1.7989899925846942
1,240,200.3048414173852,7.454453513775104,0.5760616288101517
1,120,223.79984265188543,33.81507350037628,-11.41487879679238
0,0,104.73629194670156,59.629271241305304,-15.573681722698154
0,0,130.28001366769755,50.50650017185728,-16.34449932183344
0,0,110.79999491754437,40.90548391466106,-14.055819023406272
0,0,85.9871145482334,47.67821332545276,-12.35687529721973
0,0,63.5559287081671,8.212580069564394,-1.7275564012490747
1,360,184.91660694709276,6.688508568764287,23.07593667738243
1,240,446.8330956919895,28.325285492981614,-5.04877899750268
1,0,263.5479856027753,40.950194975501525,-13.869718242337413
0,0,155.45814750598996,40.66869506056036,-14.155162600489632
0,0,95.62333664082648,17.533753312911475,-5.0209748433293555
0,0,100.5688734853401,54.056733839176545,-13.887747085750448
0,0,99.00164074240872,72.10437917705563,-16.257102759684685
0,0,82.87784912014585,31.436572128845242,-10.017955185436449
0,0,77.90585958340623,43.50150860406596,-12.406042468368113
1,360,235.77085633218257,3.920408925262904,44.41628549937623
0,0,346.80208416852963,179.15062928144465,-50.05636255313488
0,0,168.5835913633688,91.32324782803454,-17.21281111493525
0,0,128.03003280075157,84.59760834043547,-17.71498732252249
0,0,108.41258701487696,45.00065033132765,-11.256814663774378
0,0,82.47004575604107,14.842980232628955,-5.202240808535706
0,0,67.30419074295781,14.945475267827872,-4.454033238991386
0,0,75.89003067029539,78.877956892328,-18.82921951459437
0,0,67.48438305891176,65.61303777720977,-17.663526916309266
1,360,138.02342575270228,4.420672577768011,27.822563384990872
0,0,146.45268070565893,139.66713109417412,-38.53497257496315
0,0,154.91817703725135,44.41545741230862,-11.424009465437663
0,0,175.74759483253646,79.75578958853215,-17.030520063087025
0,0,123.80315671319536,82.28806870847299,-18.265559244300803
0,0,91.09102179632252,7.906497373715465,-2.2733040750683955
0,0,65.29873432326322,9.059218624621053,-3.2905704683499692
0,0,72.5230909672375,61.068002860124786,-16.390585949104377
0,0,50.36316000007889,17.27248094757628,-7.257555377380058
1,360,103.67669923401358,3.6038070282408414,23.59005461595251
0,0,126.53075972779874,135.66117021081044,-42.16179780534221
0,0,264.97485527086525,12.384357405350736,-2.141997873774784
0,0,202.40618388687355,74.0444695733667,-16.300283213486352
0,0,163.42209127068818,62.814246658088265,-13.846405447162056
0,0,101.43441555070652,36.29603922375268,-9.314840860231755
0,0,89.82391686698864,11.35381907320808,-4.580420081194291
0,0,83.04351994531706,86.9332613111772,-21.760824643701653
0,0,49.94196308300003,9.477596979775301,-3.8722490141530557
1,360,96.20501246833925,3.1927671836830234,31.21816817020263
0,0,148.6587343463886,169.14605111905541,-50.264780104471896
0,0,99.3441937544874,49.99512779168756,-13.431266493003733
0,0,119.65709538581882,68.0084980187415,-14.364422942132734
0,0,185.16917432776364,78.51872340850757,-15.946226741700428
0,0,152.52812783298177,45.731484495354714,-10.006520713822795
0,0,90.56208698041529,25.41879219307243,-6.994832011805812
0,0,62.6220755550124,17.2240878843091,-5.01544782978597
0,0,59.35146400802501,45.55822462234003,-15.475854639770589
1,360,112.41491845807369,5.476863547160801,22.746799322107606
0,0,111.77634695355971,124.3498999244687,-34.88311198113422
0,0,88.78828291368342,23.509897742812015,-7.976912570302119
0,0,81.70591040089867,13.921954399133778,-3.182038099151953
0,0,121.65945139354692,88.03703900335475,-18.839068800679343
0,0,170.29318232741622,49.497201939987946,-10.300229172531274
0,0,136.00813530236442,49.76853664038634,-10.488834546735475
0,0,85.4896032861511,73.36395610917138,-16.381148811256878
0,0,72.1183426708657,86.74783278112287,-23.43634461172583
1,360,123.65837257558636,5.297567175559772,30.6274223631754
0,0,149.6517617242786,163.59526640969466,-49.023854600994895
0,0,98.25197586578638,46.99080513122311,-14.161281416630388
0,0,111.22129952717782,93.35401655861918,-21.28360454028784
0,0,124.770530590975,106.91997186037796,-24.511549536081233
0,0,112.35014422049947,32.98329832276276,-7.062878742600958
0,0,162.0883699942936,50.03120419585675,-10.370178125960848
0,0,128.64459453362008,62.99743710823618,-14.37563548777237
0,0,58.861553573085445,16.810212762514976,-5.06329929694553
1,360,105.67745685751032,2.6994857990150454,40.90746676370503
0,0,144.84275636687448,166.8229097369519,-50.293043962448536
0,0,103.75345568529377,88.03223074136223,-22.202874764185466
0,0,105.49233902419095,73.15032777229598,-16.021538906168757
0,0,115.59416137453113,95.86356833809081,-21.63431098665646
0,0,123.96614656056008,92.19146400025363,-20.438177542268633
0,0,126.23908294572234,51.36304945011251,-11.877155884622354
0,0,194.6497126626169,67.65483085623674,-15.047294448135972
0,0,123.89323303307017,74.3117468514831,-18.902275431660186
1,360,129.29425270322812,8.625597862362103,23.13093204732465
0,0,115.56694349836458,123.59182616209655,-34.21831159015811
0,0,79.49872315433116,16.070467791634638,-4.8867994562288
0,0,111.82341426794684,27.183559712067954,-11.50151975383912
0,0,114.31433171966749,70.81473255845505,-17.360238653055703
0,0,101.08017506243972,18.074883131321016,-5.912129159899678
0,0,129.27711258296,86.20487459582202,-21.746959554277325
0,0,138.46904620755743,105.28558874006055,-22.655101775763498
0,0,206.59358781915614,88.36269406896608,-18.11281605070745
1,360,407.0757251895796,11.296742620884567,25.718028805480515
0,0,228.48104528713137,143.19171708772691,-42.93247802173166
0,0,102.22691939194088,37.11466387701276,-10.004803429500043
0,0,110.58389563667681,83.22789621808538,-18.371196007933065
0,0,102.19922540132244,47.41857078766233,-11.031232195137477
0,0,85.47678787215432,24.42641131843132,-6.520692452269444
0,0,92.97068764422113,74.33531166701407,-16.127651225459644
0,0,93.94952794505053,95.90624346817769,-21.211161561626454
0,0,104.85322338887481,85.69336504301286,-21.175986294744703
1,360,344.7714560312058,6.04256621951078,39.88691375242729
0,0,293.7003365132787,159.8840678696209,-39.59539300228758
0,0,137.3503586225428,88.76486258892703,-20.020322636904467
0,0,97.36061025943394,24.099666091317186,-5.426835178193059
0,0,102.95951216464536,58.76488507357126,-14.065081790845625
0,0,93.74249184285652,48.53136577597903,-11.608931925263533
0,0,87.31645443806472,57.54957880592728,-13.331743261560462
0,0,82.49832355366601,81.53472379235477,-18.804326817842096
0,0,67.51840823813454,44.54818638017905,-12.72502406835575
1,360,150.46584942066542,10.267279108567944,14.834049854324917
0,0,172.5270546554065,95.17996487970211,-22.4954524572168
0,0,196.16854043627248,93.87051486373589,-19.539282236366518
0,0,113.7894722167473,42.54104744163879,-9.266709343628804
0,0,114.08318948933179,82.21790851321259,-18.236328423151647
0,0,97.6310432681092,42.41944750659342,-10.891598485866439
0,0,83.17666195097144,37.004452880846095,-9.808615584516915
0,0,68.65039301962702,31.501443957875118,-9.393693272380844
0,0,61.25572910260476,37.48028671798543,-12.998394596731075
1,360,138.1020526536149,5.419279014600464,16.30774400083557
0,0,101.51877849715862,66.27898928278806,-14.949837241831773
0,0,178.7924941211514,84.47620333493033,-18.55474992425249
0,0,168.2745590759151,68.20573061539913,-13.184257599970636
0,0,120.33636333991127,77.58090295119838,-15.414116947379654
0,0,114.52979618126585,89.70150624938219,-20.553188036327256
0,0,98.51399751914485,64.14630128110947,-15.644539515830843
0,0,76.26897809779793,43.70193587929971,-11.911776336569062
0,0,69.01591855400953,21.050222656997143,-10.268213708803387
1,360,123.84167663956518,2.7686598403166727,29.15204792000432
0,0,91.93437352741321,49.206908536898275,-13.13333615683716
0,0,80.20304946546909,8.940126602503094,-1.1251172089718438
0,0,126.35186539052911,9.862567480068147,-1.9352157055081989
0,0,173.26920372532396,67.11212535737695,-13.835203469425949
0,0,87.53504765177551,12.407082038465216,-2.3813608886078157
0,0,83.81144721198703,16.03984399988265,-7.108981221727177
0,0,81.83927345969144,71.76146201771436,-17.378721916320288
0,0,57.594987106524535,11.400439721581616,-4.8506889298851235
1,360,117.25913361280111,2.156736080028066,37.652605317634396
0,0,89.75659201627928,62.18548337701979,-15.495442248953509
0,0,87.07810247460036,25.059688662278823,-5.301954262242418
0,0,87.86721683437956,13.988666326925433,-2.684268707334482
0,0,141.65172394970352,32.727879258344146,-7.894197589414773
0,0,129.5997934847013,21.78015617435218,-4.872215749364813
0,0,83.24644105831972,20.410992742559788,-5.028478054831851
0,0,75.65653620784617,32.34263351032087,-10.23517315843361
0,0,49.273560740863275,8.396025913508078,-3.1341020887641946
1,360,107.23108633038761,2.565395031717679,27.93814454583982
0,0,87.88088245275473,68.98417090491982,-16.584242781193353
0,0,85.91124230950672,30.020872879127378,-6.131180664158364
0,0,115.08038853670502,65.45704360773134,-16.979218175426666
0,0,121.29478173157199,23.822889607920487,-8.800664798192301
0,0,151.48331734041923,21.934542175123656,-6.238048588551251
0,0,140.86625980072213,58.735216075585804,-12.64507259424012
0,0,85.94157193369814,78.5436816092706,-17.601440483102024
0,0,51.94970938648706,15.380274631844003,-6.243152885953663
1,360,84.72708331932763,3.1071863471318224,28.837451999979407
0,0,72.6952743579471,59.99050094801002,-16.24949915309871
0,0,50.392463710987066,8.266797555297753,-1.1735499108252583
0,0,57.73433560414109,39.01591275752829,-12.88885299274645
1,240,181.94018878714175,4.459521764401929,7.430567657394491
1,360,197.5794035899321,4.178811494589042,11.583013989330198
1,360,306.2883718511125,13.639718986158845,3.959455201499196
0,0,100.33616687894818,26.73743638568653,-7.244879177102263
0,0,53.07543099572547,13.616571103255607,-5.088635845645854
1,360,95.56882153608473,2.767263747729877,28.975690745985176
0,0,71.53862798145241,63.30337541183308,-16.504476245389384
0,0,61.37308564696721,41.13508203461076,-9.286550582496304
0,0,47.233795740486435,22.28274409088915,-9.406781620896098
1,360,123.96465020085414,3.226835633097452,8.952335197038721
1,360,111.61633848954851,3.8926120630701537,15.151330021845098
1,360,193.5343352066488,19.620004766337864,-2.383347654470441
0,0,308.90294302762476,178.47649073517638,-52.06783617420728
0,0,107.32677399915973,49.794112118026796,-14.044088650493933
1,360,96.62149925316187,3.8105674830162757,31.949023242159484
0,0,77.45475247629594,36.15050266312737,-13.780815753936395
0,0,48.761199242305274,10.851371036665263,-2.9933270459125083
0,0,37.98309882326995,9.913563213678131,-4.954624261049929
1,360,80.66758980175779,1.8695590678403693,31.25160501695457
1,360,87.33796460883774,3.520264604185067,22.253035165725976
1,360,155.08581466855122,15.152818931933764,-2.020155230087468
0,0,150.60106592500304,139.19534384989788,-41.97520561675945
0,0,157.02199076746618,27.033324988542283,-9.874929179134014
1,360,248.99271336606975,6.440395301072506,28.87650040350293
0,0,84.44314906512369,41.07842612472128,-11.249644341232923
0,0,56.321891070337664,20.513883051548632,-5.873160015652587
0,0,66.66196902764598,10.944474258321334,-5.9938930294698025
1,360,127.15496844634727,1.928992272452452,31.677523232708026
1,360,107.34814246920303,5.194396655356837,15.633818225165939
1,360,206.5258888785203,34.28843101039334,-14.58158807561226
0,0,137.53152017148813,154.84300224914415,-45.121759261581964
0,0,108.34462734489841,57.287561015590995,-13.78575096488241
0,0,163.09712048515445,50.790209288254474,-11.034143652558512
0,0,147.80304331575303,93.12183381735817,-19.57583661465823
0,0,86.26712652623839,82.04642827470416,-18.168767815918642
0,0,51.56341052512612,23.18742472145476,-8.847491178709973
1,360,108.32194389208323,4.033556047629399,8.582754474975104
1,360,94.78167398243417,4.563792373075002,17.373950355339744
1,360,130.88328468642118,9.381675401849957,4.591880820027583
0,0,101.39827619659617,114.56598200162863,-32.478454225475936
0,0,106.35428755905143,87.60274320731757,-19.750011516599542
0,0,113.46967067383409,51.14229535559952,-10.711975829658186
0,0,165.21665732834012,43.321224047990114,-9.72594815919544
0,0,109.99724327953594,43.13091145001093,-9.810538942958388
0,0,71.84023515066826,85.6516789998524,-24.307752800560365
1,240,129.84676085253327,5.299471348383391,10.104617125751062
1,360,99.99286568701655,4.604765479491094,19.733086866565657
1,360,129.318364499399,9.267527911912381,7.747372269256061
0,0,94.84235023490459,111.20115881533219,-31.037356777387018
0,0,89.21457538900337,43.09112416496462,-12.445761933765453
0,0,177.70197664120715,43.910308338201304,-15.05992309284791
0,0,111.15099329311495,16.379763215091188,-4.861388932203809
0,0,182.27693773733068,84.13267250851794,-18.819343808750602
0,0,125.33414807749097,68.35744355460494,-19.36342175381303
1,360,156.8663353498723,15.243816734064952,7.302104222148998
1,360,155.86300349491634,13.56481460296775,5.5559378190626205
1,360,192.153784673093,33.9462141534744,-10.426272557869623
0,0,118.25412212879056,140.11981524350708,-41.17509378905388
0,0,88.31753608543255,43.42973482538915,-11.314880009690498
0,0,106.56482083525518,77.409711497194,-17.911074772422126
0,0,110.57880574646491,54.62366835792664,-13.599539220826543
0,0,152.39066678908523,27.38581715909616,-9.695480893333908
0,0,206.98808265072466,99.11902883270125,-22.18612992105068
1,360,362.2625406667509,20.564876980255466,7.933103173701554
1,360,182.5113674245961,11.46267819691513,6.681947939612712
1,360,128.6855290404245,7.425417585569639,13.27783094919036
0,0,110.42597300740725,113.14368944070253,-33.72597938470407
0,0,81.63317258231363,19.23955284108192,-5.423131128007668
0,0,94.65523725531062,32.246305829186696,-8.761183110624259
0,0,105.27978792959584,50.54285814091793,-11.83103755364084
0,0,91.3268968310312,21.50222996764871,-4.210976741876493
0,0,119.8633663040723,78.73368015410163,-15.930031429548919
0,0,196.15670559132542,107.27015916960883,-23.21758900876584
1,360,296.4774440948206,17.832204878240724,9.03115062152547
1,360,197.42346477087875,20.495321427550433,1.8200359724540078
0,0,130.37837664624698,132.19642036649805,-38.8633067695701
0,0,88.47293644171293,33.838252066633075,-8.34217101982415
0,0,96.14656375134018,44.95069061212597,-10.380687906016092
0,0,110.207935260557,75.67898986632352,-17.410161429306086
0,0,101.80745122376473,45.81248132912981,-11.071696697733316
0,0,117.10005470557695,98.91885785371484,-22.173860585058577
0,0,130.45021324819095,99.75361112152645,-20.842410419989534
0,0,193.83226949295005,90.71471390147519,-18.887200317282293
1,360,367.38560018547037,31.90344642674624,2.464044013245399
0,0,149.0133942688154,123.09591097250643,-32.85448136868958
0,0,90.37339828870672,23.31128800505067,-5.679846640428153
0,0,103.67189274526113,58.465653790081056,-13.669657260712512
0,0,112.99987040645782,65.70235160470169,-16.004249816002456
0,0,114.46623490193812,80.2069864976692,-18.729701567102865
0,0,115.52646243389529,106.05604413804409,-24.22173006586982
0,0,120.86058802356229,110.36360433783125,-25.17473303781808
0,0,139.50144371619558,122.41487047659122,-28.250838395769485
0,0,206.78643684428957,102.63438816134945,-22.40319994339849
0,0,240.68465221323663,144.13093093026816,-33.57330488248363
0,0,141.05376954235936,94.98276116149489,-21.523733728126416
0,0,113.2233494613297,22.520383054373664,-6.794792165987957
0,0,101.98326215315542,38.52562525596095,-10.28772205870986
0,0,116.76960860384641,91.30075151516859,-21.70453470557767
0,0,121.98538574404284,107.85008899104145,-25.48556150023647
0,0,121.50295710763302,108.62834879024709,-25.066797755169198
0,0,130.25533506860776,101.01796743718432,-23.1300233601607
0,0,140.4476758450995,102.6367345354449,-21.770277633404433
0,0,213.1778652628521,99.259096536781,-20.916169102639728
0,0,177.67698063248275,74.04335053341347,-15.348854859163268
0,0,145.2733678804366,42.27311678858196,-12.099441167359572
0,0,125.55411295426555,61.08790011245424,-15.213273940893927
0,0,99.3408382812074,28.975187799746987,-6.537754332509962
0,0,113.97531555780289,105.82479994642127,-24.617672423275643
0,0,119.63491071957228,118.42187601745964,-28.509947538338302
0,0,126.11991830004855,111.93824516387207,-26.684569414383
0,0,131.67467759393446,112.65614900173003,-25.58701337407299
0,0,139.12413434912872,90.82816289389358,-18.72895652990438
0,0,192.1050849662994,63.69257750756192,-13.161240706093977
0,0,167.98878838025388,43.62301468414751,-10.693392171310109
0,0,118.99637322323343,67.46953949882183,-14.64030334759515
0,0,89.60706373823892,27.554014278774112,-5.9113048634247605
0,0,107.18790728402426,103.31344326379927,-25.76445375820341
0,0,117.16394473059763,107.08860035190884,-27.411704584299187
0,0,136.04582769647263,96.67269198116746,-25.196096054793138
0,0,274.8464082673649,36.9126374575878,-9.246920944278912
0,0,144.40620475872208,88.55252656270727,-20.991248773230524
0,0,157.99783268085451,90.41252979643102,-21.08527669484097
0,0,213.16691463045856,94.55378621994494,-19.973142231618723
0,0,196.41666408205901,101.17767970715249,-21.471792482302817
0,0,128.5756032823291,103.60161410078413,-21.85381162681493
0,0,117.87001112669665,102.24902689952455,-22.159007396654687
0,0,117.12508472247646,110.83622183755666,-26.05819920457423
0,0,115.23348200510539,111.36328243590923,-26.179243971545425
0,0,111.9557854216315,105.00722213698839,-24.37664496363748
0,0,107.86301490469184,91.72060086639036,-21.533250125250348
0,0,76.31395390941425,24.782663102247376,-6.958821880545614
0,0,78.47770138027572,21.695865392327693,-8.858925650323627
1,360,241.20840078243575,6.657588321669856,18.440283524686222
0,0,174.89347951401547,82.76643301982912,-15.769510258961446
0,0,127.30382222891413,108.07391864052262,-24.155818051586657
0,0,149.74777813874368,108.22206509110335,-28.210527127774753
0,0,116.29678160888311,95.54688725094303,-21.40095054102541
0,0,108.44270692198839,86.67771590353807,-19.67808636521086
0,0,88.9991676076969,48.42461297424844,-12.071341111887563
0,0,77.10276219561725,71.64325530059165,-16.75833842385822
0,0,71.44662453165326,61.79280142801708,-18.789267555319483
1,360,180.52016609831236,16.308493004393323,6.558609937576676
1,360,333.0501983891017,13.4291346184465,2.3871308113930922
0,0,203.72517962343457,124.23080519499601,-26.64737039397628
0,0,126.27012107356242,104.55887697482889,-22.17517100509562
0,0,111.40855987553071,93.34198146441264,-20.032512713620136
0,0,110.77099728021241,90.93222638993015,-21.924510901394754
0,0,95.65853510209143,80.997288610694,-18.916357163106767
0,0,58.40098652525838,13.998298192587276,-4.935496355670338
0,0,45.01292303744159,19.171432186381416,-8.62626797027697
1,360,99.04445703490397,4.569535123673628,12.060376759441581
1,360,205.02157125958908,14.182702440103794,-1.0216045939480267
0,0,187.45956824282865,77.36682699834168,-19.240115455487555
0,0,173.75826395588516,83.65507347609757,-16.628627975996835
0,0,109.92094027059089,39.71335621327388,-10.047339241186705
0,0,74.99431768555483,11.300549161628654,-2.3005375624513817
0,0,89.137813269694,79.40459153353707,-19.770555521051435
0,0,76.77743432424457,70.70129800526186,-17.66216894070635
0,0,50.484557849253235,20.469164771095564,-9.560227580073843
1,360,108.15804716004823,5.738188254687356,7.329918944225838
1,240,211.65223585416948,10.166173848794797,-0.9434707992386251
0,0,109.73309044720233,39.96202493991018,-11.067569931406936
0,0,153.3629151719676,43.71155240328478,-9.56851281643715
0,0,179.6371098227513,98.43613289634747,-19.682308242668952
0,0,119.94923694628872,105.46062824758148,-23.14238780728452
0,0,97.66119718339576,70.9949629674364,-16.14954263761092
0,0,77.1169606087362,69.24100862321461,-16.595597993530575
0,0,47.95328969773467,18.20387594967022,-8.05565930341595
1,360,90.78825268112287,3.0290166685288513,15.549401811811137
1,240,178.94001024882962,5.987353329690003,4.7433611491497345
0,0,88.8364328216457,89.05383480291064,-22.194975256300793
0,0,96.14620099747208,82.27578814743802,-20.952263777128124
1,240,378.31371916707093,24.276353475414382,2.754016718057926
0,0,209.09436764166597,120.04759560265536,-28.23408826868293
0,0,121.38590096881761,81.54535828171663,-21.505113082115997
0,0,71.33933440713083,31.797191778285143,-10.352941875312169
0,0,43.37246502541491,16.568095834314445,-7.37041001911966
1,360,72.7647247196024,2.614130575357638,25.41529007321023
1,360,109.49452309862878,4.865964746248699,11.107299812168648
0,0,64.57763631375444,42.012362430450914,-13.30863125655209
0,0,92.28219780663784,10.66888630364914,-4.678648744455785
1,240,231.12434203557453,6.270706428940789,8.318778812833202
0,0,226.79077096656079,99.19225736331724,-26.223798252805295
0,0,117.33110624744562,30.62314198685187,-7.124938756049389
0,0,81.29503496497335,74.31810733018493,-18.22281207454364
0,0,46.04648816009274,14.32903676792156,-6.508232894013901
1,360,78.83789329919118,2.5939856000707957,21.66465656908828
1,360,113.04934096522118,4.158741422782939,8.73299835938488
0,0,65.12941895532335,44.767478503140254,-16.14360875978184
1,120,178.08077103192159,4.043402696766132,8.448182791492385
1,240,221.53938726699778,8.183483225877604,6.439002405484828
0,0,137.72735057997508,99.20797445995049,-26.056619302997298
0,0,153.39321645601308,28.003953170415375,-6.5359049493931565
0,0,92.3765024762878,21.30567962438191,-6.009718464997945
0,0,51.62132077935221,25.627792758270342,-10.139723853799083
1,360,87.18441769810224,3.63878356955279,16.846474586714535
1,360,137.21634374039328,4.79615244607053,4.2147334790403335
0,0,61.96315582570918,22.728782586822508,-9.94787413321282
0,0,106.35538715671413,8.88191125629171,-3.1177376901562894
1,240,179.918640832579,5.945129876616506,12.178568192461128
0,0,124.45047965477747,117.16476097324096,-31.516484387387017
0,0,116.00374449980131,61.08914188582168,-13.092559901087355
0,0,180.09059750212106,71.59410417800132,-14.990708608713305
0,0,90.03405904917834,19.290386133408372,-8.325077435873055
1,360,98.2626204246037,3.4314211795767147,16.8715522217785
1,360,138.94255336602342,4.121325329250399,7.810695147175693
0,0,67.08908903522756,73.33704139339336,-20.92066574558946
1,120,185.97386443175478,12.445540012341295,-0.8305844537884468
1,240,270.86754246501147,8.187255473461835,7.138481371877035
0,0,119.52694609957635,98.06033040160683,-24.938794023727027
0,0,88.88198677223933,14.919257244665891,-4.009552500696913
0,0,115.78354156580077,40.9397518058736,-12.153670364296246
0,0,152.3639590355457,20.1745233563167,-5.3289235520372955
1,360,237.02739038707858,8.24637236879682,12.030606975212677
1,240,207.3023408610908,5.093867610914438,9.294671863815822
0,0,76.46192914745677,56.647480991769825,-15.575594513236112
0,0,129.53974638347088,56.53398507186953,-18.104927110726308
1,240,327.2088635394097,7.260384461114249,11.368696905850541
0,0,124.93926781993758,92.89232955237229,-22.949956852004405
0,0,88.1495753764689,15.458659770760546,-3.8268070289971234
0,0,97.34091952603065,31.625346949340333,-8.618849302002673
0,0,96.54878977472278,17.54064082333321,-4.643642564030429
0,0,127.37450255290348,12.48397632737957,-2.296453067739108
1,240,366.7803680286473,26.51677975594366,0.006948320297865962
0,0,106.86972679745917,97.88324052410711,-26.78066864508429
1,120,246.56602602112116,9.23457850245117,3.7564774785014805
1,240,281.0307722435875,11.813180461745747,5.749615786958643
0,0,121.65984815559017,98.6116272394623,-26.376372359942245
0,0,189.6710291834048,6.679532785397597,2.2106679583387034
0,0,111.8044943865133,35.757329780467764,-12.16018019286743
0,0,116.88833114324346,84.92836767215599,-19.81683765453758
0,0,108.75896027862915,36.798621725580205,-8.80385630505674
0,0,201.64340319070737,96.41165966795126,-23.19404900366471
0,0,114.1789905186877,55.87147010188951,-15.298895095250543
1,240,255.52974211844455,4.616742816796816,14.690104440415823
1,240,320.2351018019485,21.674926710880484,-4.767165504378156
0,0,126.84905357494762,110.20037611652621,-28.894930979789073
0,0,112.47273235580356,49.16089433598326,-13.38867784179945
0,0,110.08906535240102,48.6772163897525,-12.601860436727875
0,0,96.36231161439801,21.67192515694145,-6.159872522227758
0,0,96.86223178888571,29.470433370268335,-6.963492893903506
0,0,132.45129961738067,92.3801052579156,-19.78815108041995
0,0,210.61578003663183,65.97310873609197,-13.934177169885942
1,360,376.80264525734617,20.54808416134461,0.7641914473557421
1,360,231.19600859664283,5.248464334128717,19.420012724648288
0,0,143.8109936775055,92.39056647657503,-28.515543243254598
0,0,85.54063255294149,10.249714693560314,-3.0871594613077633
0,0,75.33669498872864,6.17846685344216,-0.9453413181624768
0,0,72.43294096298322,6.492318303675983,-1.0950145357819139
0,0,85.6008950392811,19.320518991503462,-6.582144811265209
0,0,110.12142979907138,64.38094591026756,-14.684530023845753
0,0,88.16204504068514,8.965755324786487,-0.7597372285592741
0,0,159.0924198057566,46.41763647699171,-11.368015428612381
1,240,507.7151202940918,17.941829280883525,8.204138195397931
0,0,192.12487772422807,126.70931264028164,-33.4911922720972
0,0,119.4405653347329,48.64244673546416,-12.730466538670939
0,0,106.22829860623382,33.98356120946144,-9.773730934982083
0,0,82.62656271407172,7.7208314988968505,-1.0712050491409144
0,0,87.77967412355233,27.44675429925827,-7.695478731537506
0,0,111.30670539100073,89.64530156528029,-20.253905008509534
0,0,117.7576481160499,98.38080900498295,-21.02462749651309
0,0,135.77105297743844,106.53938276248257,-22.990754243561263
0,0,205.47836906800532,113.1688136925554,-24.864147637180757
0,0,242.70580340575614,121.99158458977118,-30.35915628474166
0,0,289.14843295989687,28.954954835431565,-8.87413814744734
0,0,126.10899033977176,15.815624491320989,-5.648016115011956
0,0,127.60567879141432,58.17349411713392,-17.100532423937736
0,0,115.16690533424901,83.13651036177686,-18.918919879711495
0,0,120.4804559779592,98.79169159735379,-22.995250886511002
0,0,125.72982185913085,96.76412837476418,-22.437550913805325
0,0,123.21111972832473,90.45198497929766,-19.386285413088572
0,0,137.61778757574777,99.04589415704906,-21.18794916153459
0,0,188.46063288610893,50.50262323989033,-10.917711775475823
0,0,184.19524820824128,31.863269282619452,-6.949707063755611
0,0,100.53521672801462,15.51966369233922,-2.7142762693926983
0,0,82.25804446027732,11.218671535116183,-2.6294846954627644
0,0,71.21270496701486,9.735782058271822,-1.9502961038378572
0,0,103.46901130846281,71.34698405826802,-20.030092663713006
0,0,77.37085997626654,16.40427921458239,-5.869355570383718
0,0,73.3835998226839,54.93193859639379,-13.330697039111527
0,0,86.57602844902075,86.83839560159481,-23.847631565049426
1,240,323.4092208200189,32.15772479237383,-6.472941380193362
1,360,442.1056872827932,8.547088185128183,18.921662098136963
0,0,132.22576873594227,13.070207065710052,-2.350566017737023
0,0,93.77467491259281,21.805253352657797,-4.867602859476307
0,0,97.94216139030453,42.85222718398431,-10.719436769546576
0,0,103.9732958654262,67.89473858298125,-17.128378849725166
0,0,80.96185120514444,46.30323449570994,-11.055094521296112
0,0,74.73178590956934,89.43462604995887,-21.24082038286835
0,0,95.14376469112803,105.48894356820416,-32.83342482091673
1,240,192.8725587906342,8.355159296377856,4.132451782197506
1,360,182.2286347925803,3.6548494637198417,28.727630346551365
1,360,270.2611993744673,7.062524660611873,20.021199620357848
0,0,138.6296781547794,26.20857990869937,-5.816912349142697
0,0,114.28433650919823,72.00136252484626,-16.44665396125434
0,0,104.29961564190698,81.53648537782951,-18.531880981025182
0,0,84.18417114343983,60.42954002952633,-13.66588980310597
0,0,72.42127049088265,87.23930790896313,-21.016474358943825
0,0,65.91204908971011,94.98808923559471,-27.803139730851754
1,360,138.1589029863826,13.363174432816965,2.9309656946744553
1,360,155.02386310951323,13.362382982785537,4.305638585159258
1,240,271.8768597587912,35.296180635359676,-12.527657902129633
0,0,237.21602239849526,133.91863007411146,-35.323048520913105
0,0,154.72493125007466,50.368504496594134,-11.253226860527775
0,0,108.07378623812154,87.08314768839486,-18.902888370064616
0,0,83.83801326479683,48.430598033094995,-12.36818823794286
0,0,66.56366839741763,57.101623502848255,-15.181681193307028
1,120,139.94656538448208,11.9464355588845,-1.8697528271248416
1,360,142.22832122306275,5.784516057524748,4.669100491082105
1,360,140.43700861416542,4.919215255119259,9.701779211295417
1,120,212.7230852728272,39.94266554871953,-14.432258314857378
0,0,133.83690603297322,97.69379788944639,-23.478188225731635
0,0,144.8739758716486,19.71016328850414,-4.15389421098817
0,0,180.24590150190522,86.66736297906766,-17.61784715332402
0,0,91.1906714174979,56.024941016763755,-11.176472177228334
0,0,75.97878067133993,87.43919010344547,-21.113831170164545
0,0,100.16934544385157,24.11423887935311,-9.666577677194027
1,360,118.49639636845384,4.783574076015742,10.859588153551144
1,360,133.8506113275527,6.329321109974188,8.870106339713516
0,0,179.39731817987288,97.44655503629886,-35.04991577036709
0,0,113.97957791575317,107.00872977769956,-26.182409058651054
0,0,110.2070397119451,43.862543381230445,-9.46124331171032
0,0,181.87106150315023,72.7841634603782,-15.57139905553683
0,0,115.56731758829106,17.39165328788443,-4.70067225540113
0,0,75.48414876808576,64.47673573026292,-16.246629967291767
0,0,94.01328193737069,19.558107417699766,-7.80136384090261
1,360,107.3874219114842,4.284166850055477,18.664502733768444
1,360,132.62174859115837,10.187384168166133,4.330874738776089
1,120,200.3968675393011,60.21023707714622,-24.395661906030064
0,0,112.81785865313412,105.33133942511562,-26.456794105764736
0,0,109.47945747704387,65.20745438048836,-14.653111646667014
0,0,116.32132417527235,39.644874577943305,-10.633704652202965
0,0,187.83209379325982,99.5851631203106,-21.918006356775336
0,0,137.5906943962234,67.6952967848676,-20.488274688927177
1,360,147.67179443184784,11.839928223982355,1.8526273869239986
1,360,102.55641326476763,4.714945341078414,17.173424385959763
1,360,100.6364363932754,3.89581847351675,21.906989164811733
0,0,126.5445330387285,94.3482727276335,-32.89398947601643
0,0,108.78447774603895,101.57317008545715,-25.634463260898613
0,0,99.31643174751868,36.73710701640998,-9.191671944652114
0,0,89.65190351715471,19.50011948928533,-4.641423304290257
0,0,127.62237680540571,89.28297086765386,-19.737520254633424
0,0,152.54125498858397,20.585710977319955,-4.508368114963304
1,360,298.1027174566494,17.934716157567994,6.077104549283618
1,360,136.9941796682933,6.767235736827822,10.794870312366271
1,360,148.8033144349468,12.56048075721345,0.0167553347687317
1,120,195.21050747059664,57.63868326465376,-23.510938158754485
0,0,113.06514343060067,111.96710917505247,-29.226525372633375
0,0,103.13465426659172,35.408351756347614,-11.799693151786755
0,0,98.51556189520106,83.96966087559095,-19.108941352987998
0,0,94.25373107163506,82.4206496742851,-18.641269350408706
0,0,102.59767651726501,90.84138922417934,-22.271497445722687
1,240,463.81981641816265,28.97905570719819,0.3580140753863077
1,360,480.60833749964763,27.850301765226092,6.656458156311288
1,360,263.0141706137362,23.740542706588926,-1.7312445995791848
1,120,204.22648279704444,51.8257327628984,-20.920042239281514
0,0,103.55309085345544,95.15382266247245,-23.72934502089816
0,0,68.66673961580868,12.125110141350234,-2.6616375419364715
0,0,89.0166478097164,89.78144901971748,-23.000249504878155
0,0,84.09419684809042,87.60496684799881,-21.45864072636641
0,0,52.660366886229326,7.379993136758997,-2.823078120130603
1,360,129.30901225123682,3.6089250567365525,14.008855107603623
1,360,208.74913931981,6.235146227072597,19.38077409886131
1,360,373.0541054891252,30.145429245533023,1.24520014418313
1,120,293.63408858811533,109.49127298642937,-37.574260317393666
0,0,125.57384903190236,113.30649892447668,-30.451503909691702
0,0,89.80906096248374,32.366086421856515,-8.917265761731386
0,0,95.86707323202059,97.19315385360234,-23.122609975838166
0,0,85.31683042040582,91.82596389269519,-20.971111633064325
0,0,57.33561242279742,22.45850194986392,-8.258811396821812
1,240,228.06467186289254,10.474431452939898,0.9737107026352021
1,360,227.91351686047486,3.459894429225059,24.03338873671457
0,0,149.92650243513762,29.881205863547006,-8.351433787263488
0,0,213.48504977279015,131.98699384415664,-29.409186301104967
0,0,124.8899673020499,114.32205295066514,-25.453450925376863
0,0,107.71664371890986,86.27944597438187,-19.618964228942275
0,0,100.72180824892317,98.79954653586412,-24.009938711332566
0,0,85.82138704277028,88.61729370735443,-21.864099480896172
0,0,55.15626653560727,23.505224848555763,-9.49242391105976
1,240,142.3321821899257,5.001189443950273,6.055239556891152
1,360,147.0185994120257,4.1366742256409745,21.144800258904326
0,0,122.49434075705814,98.80634741093463,-26.14690090280827
0,0,190.12571848496268,96.54052975288624,-22.3134942943296
0,0,228.7572143413461,114.40369954957437,-25.505751479920292
0,0,111.64255879257776,33.7903752056669,-8.52206315757229
0,0,78.09770536737318,22.77031521321521,-5.431136314927585
0,0,78.04239673854494,84.11777122810867,-19.583741406494653
0,0,66.7780786055868,77.00392595131974,-20.37512942984064
1,240,226.86150797084204,14.868041312871563,-0.2956477452748345
1,360,283.29503654409024,3.1066570592829823,24.326542380488007
0,0,111.61165669743824,53.250761557000416,-14.215352095014197
0,0,99.39771128609185,27.78755972191363,-5.540609227539292
0,0,170.22713845130363,64.8067947595611,-13.951207346415885
0,0,206.1936290074492,112.59031335441787,-24.120822439064824
0,0,118.35113611639295,110.86711455987805,-25.9843876824064
0,0,78.98895194511263,50.62450834963346,-13.921818006713877
0,0,54.98200297818523,13.354489238857482,-8.016558060374791
1,360,109.09491570473159,4.393150060854113,5.1162284892095045
1,360,117.13568393706028,2.9573825442332975,23.412228503343442
0,0,92.58156043629478,76.5012387651095,-18.8325959597705
0,0,94.29674574515191,34.946043863417,-6.983101638893473
0,0,82.0443427557568,8.17587375419573,-0.3319167901713911
0,0,135.09709029866707,26.86062102569791,-6.67537485615955
0,0,136.45673714057307,60.26571979998797,-12.613717624482518
0,0,86.1705829850587,90.43148849912228,-21.00598043074386
0,0,49.645593172754985,16.888541949433858,-7.203849291667851
1,240,158.74058256186603,18.17324313340248,-7.892670527355463
1,360,136.62973672748592,7.791248892856175,8.210954493171329
1,120,177.37442123436313,26.60924133452978,-10.757824679099826
0,0,94.15762963673212,33.214935983272355,-7.459006038318449
0,0,100.06557516545564,51.35669980082958,-10.421104853046074
0,0,121.86437332085336,76.91560843036682,-16.20546269911155
0,0,198.61107559083408,95.75525970984462,-20.71101967546771
0,0,154.12754364564944,86.68110190184812,-21.264397375631816
0,0,72.44976934164596,72.81226941223545,-20.07298250016774
1,240,152.69361161318974,9.931614952536355,2.3950250353260003
1,360,136.5191874861797,4.9966293561409145,15.650853685647647
0,0,78.19080841483502,32.38854663665947,-9.682915656043107
0,0,71.89312353103273,17.60223494824205,-4.306484169980408
0,0,58.95630034901216,6.902075990158371,-0.9205595843972105
0,0,61.6490619881895,15.808720736770901,-5.6284337897808
0,0,78.51387474256121,65.51508929304659,-17.983781948671634
1,360,226.36922829970138,10.578800880060454,19.632924276959145
0,0,90.16628283410407,28.15688261434452,-10.512390403691882
1,240,173.66845970141142,17.240149717444062,-6.863076674612401
1,360,124.35637903417833,4.331479678787172,22.27995161600323
0,0,86.08516011714822,66.78567613437947,-17.205757039332553
0,0,70.81244574976091,17.95491663362671,-3.5315873600846146
0,0,82.68876933442323,56.896961924823785,-14.371978993152851
0,0,68.48413838744932,36.29763475813759,-10.096886856861971
0,0,69.65592406990838,83.05964314640975,-23.16207581155092
1,360,131.71579347767292,7.209457313823978,22.012404002469992
0,0,152.13115040462839,52.98811566036781,-13.111661386708136
1,360,346.75626382056413,21.76463039745287,-3.0336118941484216
1,360,163.90529075906775,5.4399789976060395,18.45103108257078
0,0,93.29385032844354,36.06212016566104,-12.171863010213912
0,0,72.49808362245473,16.094297927928707,-3.361385989868566
0,0,61.97596557167678,12.031162225019798,-2.142600244275684
0,0,75.2092606884678,75.53848898548769,-17.953668707578174
0,0,71.68788986212087,82.52137770929983,-21.42640862061627
1,240,195.93465487980922,17.376876545792516,5.819839505879855
0,0,99.72786265030454,42.86969142686709,-9.136037216546654
0,0,172.26318522453235,95.68297694847942,-20.322591097467907
1,360,276.3078302413922,15.774117133572393,13.912581506494178
0,0,114.45546564647864,83.96841188261091,-20.823715798654447
0,0,94.63435056774841,61.588666881712506,-14.137852374516271
0,0,92.4960865561216,9.228453563610458,-3.280710614361496
0,0,75.47768154678087,70.14955355142511,-18.467131436129733
0,0,67.24720437748957,96.97190882543245,-26.64072318265928
1,360,129.14984265554563,6.478788298435173,19.071694624476237
0,0,85.27849753899923,42.82955399060961,-10.526667641353669
0,0,120.2282626872148,90.81447450840132,-20.36998286082415
0,0,178.39898552666182,56.97062363219586,-12.044334834430344
0,0,186.80635055088976,97.27900948665818,-20.345158855444765
0,0,126.5139256811068,84.94714588453222,-20.162170321963913
0,0,84.34258689124886,8.066021933755986,-2.2419966608766657
0,0,59.194754337001925,12.471767060019028,-5.250636522726779
0,0,59.67526151151661,70.90274685567871,-20.76698200858243
1,360,106.49758667301286,4.690049860699851,19.578298783640307
0,0,69.58205264548549,12.375311230761183,-4.095585803290973
0,0,102.25894375685988,100.18121433668213,-23.384736254863263
0,0,129.05448373246648,97.8981779025794,-21.361252211435115
0,0,273.5410384729747,158.38464096766145,-41.06274640668346
0,0,144.50986167653423,55.855406463851395,-11.088045244485926
0,0,102.10391182247679,74.3437152960821,-16.261958711354254
0,0,80.80263059719054,70.34181905461298,-15.95606545988187
0,0,70.93536263075796,91.98467263651175,-24.60483242049321
1,360,133.9960869647228,4.862322451691294,26.96140606257522
0,0,95.49107884772562,94.22614576086823,-23.38583003287807
0,0,106.77940108430002,107.67107147697715,-24.905129967049298
0,0,118.49013886422897,91.19306377360611,-20.608627258217496
0,0,141.2181083806711,115.34235026233272,-26.920719786544545
0,0,200.46270736636288,35.218302674228376,-9.19309332767618
0,0,137.2699859686399,57.269663595952125,-11.6653645300851
0,0,84.57555422698347,67.26107318495643,-14.028226227303449
0,0,67.81168907247147,79.28931597913054,-20.375060738467738
1,360,138.23852746043252,9.683948849600073,15.34364473018644
0,0,82.7791233877283,47.13446459257206,-12.192496841845767
0,0,95.98317714193222,103.86118805225485,-24.759852997296107
0,0,98.43546130669925,94.33973192592605,-22.344479387463835
0,0,105.23782184147899,133.06385682055617,-34.717782414443036
0,0,108.00966949193328,103.3373185226721,-27.97337280477837
1,360,292.4989863905688,19.22412994366218,9.666725475304204
0,0,122.25432239301215,54.47731598107737,-13.324821284751835
0,0,72.16852173327771,95.83075519881746,-26.32713649742096
1,360,104.63096862830778,7.213364477918698,21.44626027484813
0,0,84.41272875246524,55.07168502771278,-15.667942138186163
0,0,88.87000455853335,86.52955501373215,-19.82524442179144
0,0,85.33905476285668,60.46800612546658,-15.684655277610375
0,0,91.6237655278449,128.4606029474535,-34.973425284655775
0,0,67.49896122998639,54.66819892845207,-16.246513720352993
1,360,131.56327814824985,8.805317483751889,19.283739608698085
0,0,173.255215029285,105.58240145332928,-26.399373401963615
0,0,138.38750593964153,99.12276137241616,-25.70026431219477
1,360,140.01428699723468,10.296619614180031,14.437774607958062
0,0,71.01898873341547,21.93750041138708,-5.203043969203577
0,0,92.06355358066433,82.808075745314,-19.461201281174723
0,0,69.17513916196343,15.225841703590618,-4.7920740529857255
0,0,97.37883864130642,140.74896116404344,-39.30507684061051
0,0,69.8904614497284,77.30238473626159,-21.949609672265765
1,360,148.5458158688813,10.658680478785486,14.653190753404274
0,0,111.97588425313641,95.11913242392272,-21.332248600211756
0,0,186.39011315935147,104.39034233826182,-22.722340061939008
1,360,276.40173814899896,6.876633624125252,13.644917646022165
0,0,79.82156842891898,9.762277134067382,-2.23401789371556
0,0,100.17784748763536,97.7598501251366,-23.624490282126708
0,0,88.02496942277347,72.59878546761206,-15.679799325940806
0,0,84.73031409596547,110.72119896959117,-27.501304554332826
0,0,60.81748842175397,37.068407819075595,-12.21077403099163
1,360,129.9868065177401,5.374766944332324,18.677997946569405
0,0,97.3734426775183,89.11848643375617,-20.59088374819963
0,0,120.97093321581768,92.7788661207287,-18.84307403611517
0,0,197.4435522663253,106.17897248180812,-22.69258084561362
0,0,166.46883833681883,96.10024889800249,-18.994860834439535
0,0,115.59433141540681,106.36989513705213,-23.435937747440136
0,0,96.67941517541715,103.50040957133771,-24.03241664212947
0,0,85.51239443152089,125.27578636214777,-32.61549879838343
0,0,65.25301033179392,92.84319286900717,-24.77197966659063
1,360,120.30776246462256,11.176764391319786,18.801674121518232
0,0,90.38995460196838,96.91257082946156,-22.977021252931003
0,0,102.0384460853415,89.49838244884182,-18.506222111267363
0,0,128.96955398309547,112.2288706691414,-25.02978895702592
0,0,227.04467600212033,130.18284153351735,-31.190126390739174
0,0,191.99011466222558,120.75435957826936,-27.51757912576077
0,0,108.06493277652801,87.63862468194652,-20.157895604988198
0,0,97.6783373036639,131.62335639664937,-35.58157114483631
0,0,55.19902614781061,31.759967455712328,-11.709585922383937
1,360,94.94207920848862,4.848906606574743,22.560508318775305
0,0,77.05584224998903,73.84403146871404,-19.761530531441394
0,0,74.01443446735462,82.89596730912344,-18.184878584841954
0,0,75.67320588169162,102.89588974938474,-26.286999599834388
1,240,241.29804633209218,36.07767121120445,-6.909226709304491
1,360,318.27128839270694,8.064531083753797,31.845859367951974
0,0,159.1254417438129,88.1032500705222,-19.60429069489831
0,0,140.77020937808192,172.15252883388138,-48.055086958963756
0,0,65.2034660886511,60.860576170473976,-20.379007850434178
1,360,105.91262338857035,10.405785571422642,17.36997682361448
0,0,76.66531503885294,98.30363134627399,-26.24087598490111
0,0,62.003965635871445,53.97235822670399,-11.995405441111274
0,0,59.75051593506166,88.72202862736293,-25.122696680862767
1,360,110.73384901690638,4.43563161507811,24.888163045401328
1,360,139.84330522871318,2.6857367236543617,44.19137937656491
0,0,149.66738281272404,46.05570646786466,-11.30410074809538
0,0,230.39123914024304,174.17303849495943,-45.54151903155644
0,0,81.37925621069573,92.15295458663778,-25.870201484822694
1,360,127.53537255735144,11.142803333642803,14.750626823901428
0,0,78.72388089205037,88.90230235401988,-23.11081619550467
0,0,50.46832461365536,15.02110070982753,-4.644123403640805
0,0,61.31804341551086,112.18672979038703,-34.57160188893849
1,360,112.83145058712984,6.6004378683171785,8.087637626942325
1,360,116.03326359581868,3.082820605827887,26.9025851115571
0,0,80.61746741963766,14.959049944421654,-6.285139166657046
0,0,358.5546746759917,199.87794935013477,-58.26278084998784
0,0,142.84341575067504,82.9087604626531,-22.035706382280992
1,360,133.45558370124039,7.242669336693566,20.0902820056984
0,0,89.60659895984541,53.81162077174643,-16.95166236698617
0,0,68.20350859426269,81.6416245961437,-18.926391387503415
0,0,66.09370375719487,117.58565716828994,-34.34981858161869
1,360,134.36614125442748,11.069960149849408,2.8701896815042574
1,360,126.67263049840449,3.0215024054881576,33.999841168054104
0,0,80.80783951601542,35.81088486674494,-10.868840505626139
0,0,231.56966775291184,197.34644994835486,-58.44274960503653
0,0,183.1636328876312,63.744955796985074,-18.484129908949114
1,360,272.22299496531747,14.43694561011995,15.435807416824801
0,0,102.61460125242398,71.90244661259449,-18.76343959910527
0,0,63.71747887611776,25.580756982172225,-7.026768216257267
0,0,79.78063392211455,51.84264109561087,-18.967770013754134
1,240,177.30079353519537,4.463599040618569,9.594652373266172
1,360,343.9979287516969,1.8260950822703474,46.68594357145905
0,0,91.66457533800715,43.26352851388604,-13.72767505106276
0,0,177.37467062764745,200.8851286257056,-60.40727003074897
0,0,78.84175889509822,32.378514984949824,-15.9131227839095
1,360,233.14760173495242,13.729133888227176,12.309039529376292
0,0,189.90189934833944,116.35165210400835,-25.031744019177978
0,0,97.64818338837735,103.89091841694741,-23.29928418696305
0,0,77.47010716736949,99.55586593237412,-27.715378576031405
1,360,163.34245546057988,16.432110821160787,1.1858402300852475
1,360,150.73052371168444,2.5345235170083074,41.262611729553996
0,0,59.6787303453804,15.693114885087843,-6.1001585833617895
0,0,149.59188466392385,204.81802702954312,-62.333835830952665
0,0,61.674987553700916,52.51279802552948,-20.050673655827225
1,360,128.33567560675013,3.693716473772369,30.149541765791312
1,360,243.79723910642906,3.9788846287537263,39.781329828312636
0,0,167.53019947461382,138.4195387189767,-33.22541478240434
0,0,95.99273343914521,99.08599188543724,-28.797257131462615
1,240,196.7276575076122,8.807826299130875,4.3580448187379375
1,360,158.0722198959336,2.1600941023392917,43.41774543114032
0,0,57.99730381837416,14.135638688006846,-5.422359671050373
0,0,132.165426897194,198.18154253795873,-60.62386185546229
0,0,45.19719916842636,22.203756114320388,-13.670238495406366
1,360,81.3052487535723,2.5984362656266646,26.273520086349535
1,360,122.87841775097691,4.203891526314728,17.01224272140199
0,0,149.39465992025634,70.99676065097414,-18.11933644718215
0,0,148.17680449654745,111.63325262952596,-31.123173437958833
1,360,125.69935053420969,4.649900241346106,20.814331347785398
1,360,98.89576195715442,2.1136372489266493,40.097341847409865
0,0,55.84643977785976,15.201538682671156,-7.194158524135759
0,0,137.93482312041667,201.25192826353228,-62.3966250297443
0,0,38.37696450359847,10.162849217191852,-10.286105169470588
1,360,70.83107089367664,2.7482960205228504,20.66615877246646
1,360,120.231833545604,2.6295938574853666,19.242006957679294
0,0,89.80155082380804,28.049958346814645,-9.220548741033184
0,0,260.4707445396068,165.66027776284776,-45.65995088438117
1,360,294.5322898376699,6.609564361096922,33.63038726083279
1,360,149.53522704414857,2.2331263497376854,43.61339959699545
0,0,55.042854939560506,7.994774284347501,-1.7525019375189856
0,0,146.98512403163429,205.72911326138933,-62.73579660941577
0,0,60.648558479798965,83.83222111049811,-26.04285989260822
1,360,116.48481280920572,2.6486782265584843,32.87025909611269
1,360,173.1709654434167,2.1921611397728764,32.024087060894985
0,0,95.62729292520055,48.611470987597855,-13.047360977712486
0,0,152.46376169350918,146.98634547102245,-37.77217601460307
0,0,235.745735626816,145.4228228483878,-36.38574104749534
1,360,466.14416182807093,4.508542933965431,41.36024859021812
0,0,88.70688434649728,14.556036729786335,-4.996547134332161
0,0,159.2763246808295,198.7519496903701,-60.27996906489119
0,0,51.89254164408476,32.71303934464197,-16.533913140657262
1,360,90.16937191001217,2.8972921292615936,21.963337226405102
1,240,174.88605439577762,7.155680675685092,2.7031851021044133
0,0,88.34783736947803,40.30679392988371,-11.382435332971752
0,0,147.84746932853798,155.84580643947854,-41.957102798021744
0,0,242.28351255904377,197.6871723454653,-56.058456199470214
0,0,294.4289276573756,170.14393153359563,-45.24842086927651
0,0,141.43909350269976,21.64311709775872,-8.156424263523363
0,0,209.063601579227,202.43582921636016,-60.25658757834293
0,0,59.63239987478785,42.553201659453244,-18.596207809779642
1,360,92.23397988232529,2.4787969066283617,29.70281534799784
1,360,118.35144218996916,2.3424118818140065,25.23419847841204
0,0,75.7889697098519,33.724232724819174,-10.189181642294386
0,0,120.9388521706068,139.82778191378048,-37.19734018633219
0,0,155.46435966598133,165.5103986052427,-44.96844804317417
0,0,139.6020285621872,124.4458485759413,-29.493090171138824
0,0,186.20628763668722,70.86636000816766,-14.949356402221397
0,0,361.1866807102899,204.12046805999591,-57.46302304705034
0,0,69.22012064160894,33.39409788958868,-16.938130166522882
1,360,97.75911805566842,3.340595971309278,21.350916649248845
1,360,177.96696834186076,2.1559076294820554,29.582267272492302
0,0,88.84708304849221,50.96519464868089,-14.010746914873693
0,0,104.1111990155995,124.21115340949501,-31.686374004449085
0,0,118.33010772810101,142.55265141947626,-37.42011159263154
0,0,96.22538336524524,91.90322096714276,-21.238210110697764
0,0,77.05482767276416,19.47460718325513,-7.1790781258061
1,240,270.5424243107188,7.117781319334045,13.983344188495138
0,0,80.90659925660809,19.59046572137924,-7.484833994532664
1,360,96.21345783183116,3.3045692019767197,19.90953915171653
1,360,212.65785759291788,1.7702573575402085,31.50728487482965
0,0,81.04466677962789,30.30162736906745,-9.529390437588944
0,0,107.960051564411,135.74764673055,-36.387389640445186
0,0,116.31430715513612,145.30752563514343,-39.744944689016485
0,0,76.00934268472811,47.17914316515582,-12.55490195741615
0,0,55.09581133627523,13.702184879289304,-6.2545186661944
1,360,163.98014275254036,7.318405780236971,6.037411503645089
1,240,394.92528437726907,12.890605665476615,1.7390065721788517
1,360,281.4417723761549,6.329588686866228,17.448876791329425
1,120,351.47553293984475,2.4177539540190605,24.995384994562286
0,0,104.30641727693403,40.677463280064764,-10.855118082899395
0,0,108.376549685292,113.27004710045222,-27.81213301675122
0,0,97.11833601977065,104.44039591242732,-24.1685312395268
0,0,82.56385730715157,77.19662463126369,-18.11303797668147
0,0,46.215452110222884,6.793275074577919,-2.774819788685349
1,240,156.84199683253385,4.632833979607973,1.7572573415659036
1,360,193.38701179196303,4.553256250934836,4.760238091078577
1,240,387.7426217560106,8.907018361564651,2.228094431250824
0,0,191.62878913747227,98.50131877852552,-21.355867864589314
0,0,125.3218484541504,93.04441069182077,-20.1886482042449
0,0,128.95031669202731,138.52435305472383,-35.29802372536677
0,0,109.81885906489335,130.37644266503645,-33.329381817279724
0,0,75.28583576281392,62.81301210433343,-15.005979229306405
0,0,40.240439626118125,6.952753158362319,-3.1369342869087973
1,360,102.61854620073966,3.8202584592562916,3.438700619515643
1,360,99.26836685999425,3.6492544895666508,12.012165983562184
1,360,122.75263284721011,4.562118776628841,15.880610476176784
1,360,204.56570300795985,4.414304428227789,24.8100873741613
0,0,176.554064697693,32.511572445193615,-7.445753887298565
0,0,151.53685754414045,135.20971339561973,-34.18323671835984
0,0,103.2151402810784,105.80966763840873,-24.579929155837398
0,0,76.50820293775743,57.93000546253913,-13.896233112280726
0,0,44.3276356363502,6.9566607736828265,-3.162487477631373
1,240,111.4114505704172,2.9213336648371473,5.91001542665559
1,360,91.78579747827663,2.4542939926849994,16.446859882833905
1,360,93.8117948357529,3.2611324027604,18.032542102995137
1,360,112.49573321825335,3.0123375585164687,22.71617353769321
1,360,205.90625992755662,7.057142890643316,18.200540065326294
0,0,325.02286338595144,164.90777754140387,-42.43324761725192
0,0,125.11281153765259,113.32593412159966,-27.887233823149053
0,0,54.416730427146014,10.01041882898378,-2.8656667713348867
0,0,50.81002742135565,43.07272498224995,-15.115034709728903
1,360,117.1462264713522,4.968350584807021,5.816225282874427
1,360,102.70680875127394,5.354901277807998,9.940096003679514
1,360,98.80956256924502,4.990897886186978,11.158543576359605
1,360,105.28886811235695,2.30746399333957,18.504853415221746
1,240,203.98808548934656,3.3159439272431186,13.0058131124662
0,0,174.81877488930178,51.56165377316441,-13.584437686689824
0,0,114.17780023255797,24.291810665993978,-6.554065891600246
0,0,69.48411476912526,38.54676067185155,-9.706006525244447
0,0,54.58241258837561,53.79499400392541,-16.73990271615949
1,240,117.96274008423201,11.587299539834186,-0.9439463548972356
1,360,100.4104407334435,5.963098589929814,10.759182502163569
1,360,99.57530197664796,6.036656064144959,7.591284334197169
1,360,106.80641491141577,2.928493038795904,14.828543976588577
0,0,140.64424309738106,17.742248505227288,-8.028811544511612
0,0,122.48090752787972,86.72359654161997,-19.3637757785811
0,0,166.4470617686739,42.744889593633005,-9.225536791496808
0,0,89.35821458471615,10.130252666296533,-3.729117328815377
0,0,44.05447630563494,10.36228560059606,-5.553956489690918
1,360,80.11414075960725,3.873365478326398,12.218419756652523
1,360,92.81670996326724,5.1549166550718715,12.36139292343735
1,360,100.71414507345938,6.01715769541173,6.172279088426507
1,360,88.51434139494006,2.331303605375178,20.910700060026556
1,240,190.1628780843271,3.596976146655449,5.0779726784503225
0,0,92.16799268650459,28.591353485987288,-7.703124609737571
0,0,122.69920600407268,82.63186666055164,-18.05026462974513
0,0,156.08580238628554,27.0042570233059,-5.657706882544048
0,0,124.91208395194616,61.64869074088054,-19.229378465506528
1,360,141.03879460924148,6.531356102689113,6.6946188559387565
1,360,102.08041217345836,4.6259252615742215,13.88453429053979
1,360,79.18346170279851,2.4570315795382927,26.178387818820752
1,360,90.05216273440865,3.1572435311036253,11.152572710868185
1,120,182.86040466206722,7.389632673259228,-0.6662112823662341
0,0,105.24338784614278,52.06940912742083,-13.531846514799469
0,0,108.53181967690104,45.65831372163953,-11.658241763109487
0,0,105.1498313563458,13.38723198690798,-3.8479692558051966
0,0,184.3500987656903,77.32359595808451,-18.024204179653367
1,360,338.89003687908775,25.100412692060164,-1.5546337958754464
1,360,186.69464503162897,12.795736346087926,2.7098006097108396
1,360,120.46502760250618,7.11663204725306,4.088404760306815
1,360,96.90761003057446,3.096362794164962,10.71199681292606
1,240,192.5487102748799,3.7377224943197307,6.638228522731282
0,0,96.93299146528372,70.0927568590899,-18.429684069990174
0,0,64.61695543223995,11.538186320210016,-2.5333062054850473
0,0,61.03708487663126,19.0544979259797,-5.47439074405392
0,0,75.55858699542756,75.44711756840438,-19.897116733662486
1,360,221.19853466367587,12.869117391020124,16.170551477278735
1,360,275.45227524345717,7.066527033347773,31.00966343366153
1,360,138.13346487138148,5.029459641994204,22.37539035273423
1,360,119.72831984061034,6.672327612021401,10.372143603477255
1,240,172.65494806603166,18.312966100980514,-9.2086545656162
0,0,87.37713069053514,57.68348457065174,-15.087891049525865
0,0,73.61617606440447,31.269268436226714,-7.764899289790847
0,0,63.23709639824524,29.49429960462541,-7.855143901939485
0,0,44.04655240082844,6.754250812338418,-2.105221569509041
1,360,120.97121661727715,6.260426603047971,11.01641584185677
1,360,231.83572504305303,11.617093978588587,9.047541439892186
1,360,312.0038311085707,17.61863790807243,5.5726245387280215
1,360,150.47922596955195,6.82656696441191,6.609156220135006
1,240,192.36186936068702,4.675392693441648,4.349093804452565
0,0,96.06696194940702,32.75933511044844,-13.000640276230058
0,0,64.15967584134262,13.959990025672674,-4.129751835386131
0,0,55.065566732521646,16.893449481099662,-7.014366781471111
0,0,51.101035375987706,56.012364451612115,-18.80307980522619
1,360,107.52886191187157,8.67529677305856,10.173498720924655
1,360,157.5502510878999,7.280075052032991,6.523852102884135
0,0,126.76327362119822,21.37521532315229,-5.918501605725041
1,360,309.2193777611996,4.128411379018672,35.69222751010362
0,0,189.0428641804822,3.9043782267072844,10.140104145786793
0,0,101.49907642769695,63.687581535641755,-16.14358234002303
0,0,73.21226096832349,26.661061908879475,-7.342109173480679
0,0,53.86070809974359,15.080868272748216,-5.780828242557831
0,0,50.41305566103144,54.57681668194986,-18.396051717023013
1,360,110.95784953046368,10.98255681234214,5.3858579797370965
1,360,160.48143837492105,5.978179458202562,3.4361326189591637
0,0,80.83598128093982,11.69113652052539,-3.4654481358756755
0,0,131.18232990644353,18.683965748438077,-4.921636550197775
0,0,173.9397202423483,83.0567913994322,-16.750370224600644
0,0,115.40934961478798,99.06428251034484,-21.193328224428626
0,0,97.94964318883429,87.40089005859505,-19.970341737184697
0,0,67.49383166357016,41.35075713165867,-9.929205931636545
0,0,57.38419310097808,77.76326314589713,-22.17440483209009
1,360,118.61244359807358,9.402681767165305,5.8623013422418495
1,360,168.63013721907055,7.724870872147334,6.717604046104839
0,0,92.35737287777424,43.99196215672313,-11.275060149209665
0,0,115.42916504483344,66.84130324947326,-14.596488819582007
0,0,179.19360921081292,43.51081468470917,-10.555486314265366
0,0,317.58019692972584,7.265705766827269,4.770393846365749
0,0,151.5905904608541,17.33155903749353,-9.493227071727631
0,0,57.34477195796717,9.256027971489928,-3.1984711891327606
0,0,43.81900936902788,17.379587510324342,-8.818012011827989
1,360,88.11991457972181,3.787637993394231,11.200677807712339
1,240,176.06939152172427,4.952927687387281,6.287426965230949
0,0,100.74187307225296,53.78324408441664,-14.27792993573533
0,0,99.83091875702263,40.256617622303985,-9.19197841385433
0,0,96.32848481619685,16.138155269579055,-3.7208585122108673
0,0,171.00580096525795,76.75744115749536,-16.64221829992951
0,0,114.06424693578147,27.459027640680652,-7.554069614474329
0,0,73.4998794415004,9.392878435704178,-4.360343490293715
0,0,51.54627607288717,34.2619530811777,-13.954657766916682
1,360,101.30365411731161,5.978014309564305,6.3499361145791795
1,360,150.56993710869594,2.818483289330505,10.92777226709211
0,0,72.29250420376233,10.088631599649466,-4.081958491695957
0,0,80.81125733761651,18.26434742481954,-5.870523323723191
0,0,78.57916477079164,9.980138871281936,-2.3255095184801036
0,0,103.87997743285516,37.15607196508809,-9.408599300302342
0,0,168.73187834301675,47.45938325769804,-11.34888752323279
0,0,105.6513272429481,32.72709593037689,-8.943579841507727
0,0,62.64371609045678,74.12357486864022,-21.792755564201343
1,360,105.5069625394991,7.892587887587293,7.818800729179088
1,360,120.77250684996207,3.0171076919299495,18.19447408870316
0,0,72.37999590232687,14.304361034501552,-5.34052182615558
0,0,69.04195748010473,6.614269743609884,-0.9532566779024307
0,0,77.64386060216451,14.382195677957238,-4.367931245024408
0,0,108.92385458380144,77.29349739314927,-18.008151534199442
0,0,108.26944660573282,34.06129838814701,-8.461741564253657
0,0,206.54901443761224,124.84027045158095,-30.35061741869375
0,0,119.9209534806346,76.74942738750781,-21.491892634806675
1,360,165.35025277632963,16.848852129157667,-0.44559572838591066
1,240,231.2944055833674,9.693200783148766,-2.000218880088241
0,0,86.22488837272044,16.61258669697057,-6.0698128483907965
0,0,93.60229314086159,34.33934732826471,-9.834073664107763
0,0,99.3019896091446,49.069385746260515,-11.627209114409396
0,0,113.50629747845471,83.75649459392203,-19.49730652356665
0,0,87.4747965014943,17.615946797475257,-4.140937961266957
0,0,134.80842890811934,121.62152168704864,-29.64459163606803
0,0,221.9355144909728,124.84971370486358,-29.846702790976714
1,360,335.36744742646516,23.213278154180372,6.212003837775612
0,0,141.59879589313474,71.57266192857517,-20.769830058582315
0,0,98.03525310170801,29.589968496109705,-7.847408196559442
0,0,91.99346273171065,9.94056546725894,-2.627735707429437
0,0,112.38632891884335,95.90142076695996,-22.923294031411743
0,0,118.39458722815738,98.37935786285007,-22.440959062692016
0,0,113.67941042595135,73.04580222105291,-15.440055866580877
0,0,125.23160209339991,114.7252899732911,-26.293123699926916
0,0,137.1952813439262,104.3309682442279,-22.68415294255273
0,0,173.67540870519738,35.737497504651714,-8.142131174006295
