event,charge_mode,duration_minutes,km_driven,charge
1,240,998.543775962309,3.263622943494989,44.266749664502626
0,0,159.099142088375,7.62703609688262,-0.5336844882155276
0,0,92.96745686758328,9.336450846063217,-2.3737467141183117
0,0,134.98413781298464,102.15739557638759,-27.232182323174413
0,0,93.2298242707223,9.631566047919046,-2.7752002332122316
0,0,84.14206335459323,6.924345336453175,-3.329904205268676
0,0,69.64531918729539,4.883979935818129,-0.4983084311668051
0,0,66.57728867155929,4.816351568451883,-0.45940269434085224
0,0,85.34090820840154,5.255078401723174,-1.3857005740823496
0,0,113.30269053392017,9.309701278923455,-1.5720814045946128
0,0,205.2393142689215,13.702718228170232,-5.36832069637714
0,0,151.44321036587644,5.372103809733983,0.6779150829806042
0,0,65.21897381651276,6.322077582406047,-1.9303861735974408
1,0,210.41150426465296,16.91259769862172,-5.1111824678156665
0,0,109.25267962918386,11.127578073118027,-6.483572691139159
1,240,568.8126660380842,2.561524868137541,20.148363203469813
1,120,733.89156758501,3.1797872226772825,22.628164037140024
0,0,136.1895235724773,62.807424124179946,-17.03807611410714
0,0,88.41333711478846,9.026057139039676,-2.4463799150431385
1,120,468.0843962358854,8.454570654544401,8.173776608571643
1,360,372.7016674341406,3.634994852227312,43.457036896444905
1,360,167.99860540680956,2.727590848420718,36.92172910987048
0,0,96.72665253067997,38.73432981704221,-11.742689880174865
0,0,114.48339769432303,82.69312507347452,-20.262073997934067
0,0,89.20435026434605,6.475992503455281,0.17290139329701049
0,0,87.91847282233753,17.65534241853794,-5.696121211856095
0,0,72.55221330121162,5.745048240336048,-0.5528810849680355
0,0,75.48787833129225,8.160485149935846,-3.1359673237362955
0,0,99.61996604665887,6.244000179476638,-0.6564835271718152
0,0,158.10705560333045,57.13606827456953,-12.909883120760469
1,240,568.0104812029947,4.935884438164315,15.768347637034566
1,240,753.2450305794266,1.875419813982449,43.70199033224249
0,0,89.7187295812954,11.133199443979791,-2.71096323163772
0,0,94.26261854140373,77.52435172569162,-17.466150182179618
0,0,93.47549932789912,71.86779969172038,-17.451101487560535
0,0,140.77320209749382,7.356062828340083,-1.870508432226842
0,0,55.113932025593115,14.630360836614592,-7.010604607816333
1,240,235.73904735237275,2.5103066802142755,12.794285955517054
1,240,635.9191842630686,2.3527426962208215,22.451299603751707
0,0,164.11250257016664,11.571612224102921,-2.034094294836464
0,0,151.86794980119856,15.47111901720741,-3.741323257386327
0,0,137.5483768902968,49.0259742156883,-14.7281754654025
0,0,106.01162118638898,24.023612887270893,-6.259607111741516
0,0,101.70449714157205,27.58407855054949,-9.941623218277996
0,0,82.93282900328111,6.115303365244092,0.19626702798997542
1,120,839.3714596171014,1.5599193591078875,38.28087775007759
1,120,631.092608015178,2.4179800181386417,33.24639191836158
0,0,149.4549450787127,100.52242766744948,-23.028434103578363
0,0,153.9855141702264,109.36087234362289,-25.300464670002455
0,0,207.27302581412425,36.058726947738386,-9.46585091764706
0,0,224.79900283735813,126.63220717769869,-33.107920831017424
1,240,861.6375641070322,3.129325966012695,36.892392609686084
1,120,600.4607191631512,9.992392358769662,12.043288459442238
0,0,161.32657553520636,120.1695853967812,-29.6384675359755
0,0,136.0393321350218,117.61926446494945,-27.92567457221992
0,0,138.462233236472,96.2622425655527,-23.355996841228013
0,0,133.3217161878498,13.422449257177606,-5.742614703412741
0,0,109.45136672438218,51.39860604217441,-12.39646794777478
0,0,142.76674998786189,70.94672873564643,-18.08080587093133
1,120,831.8396917420216,5.885252665829437,22.928620102248985
0,0,112.07456464132044,6.855432329269668,-1.6679587093218942
0,0,55.938862661818895,5.1703521868136635,-0.6099953195669343
0,0,41.195652747272334,4.979938514258055,-1.1929314458894424
0,0,33.29105608219965,3.555132400082207,2.5152560737257943
1,360,72.36236266351926,1.170780886215096,51.66630060132188
1,360,86.66141164072691,2.550299498606834,31.71850556257658
0,0,97.44177643742333,102.48554140834639,-34.92264650821989
1,120,427.0462778578832,2.263617255495227,25.561983142035714
0,0,90.82292401567322,5.158850441488059,0.31014147241970136
0,0,134.317566244276,6.164061921399218,2.1949217820869933
0,0,137.39803808408237,9.720330282401676,0.5947615340970032
0,0,133.9412204421713,86.00211177591171,-20.08287934181857
0,0,170.59270366189045,45.440411374104094,-15.101835398226626
0,0,107.39154823673394,6.155174127061107,-0.3240119983349672
0,0,91.24714766033911,5.257672047550226,0.9044433789829611
0,0,103.42639906501839,86.00699223403026,-21.058423651984867
0,0,112.39250707065958,82.5908953590387,-20.274042148675733
1,120,910.7531682104508,4.070271387513816,28.125703697595085
0,0,193.7606936203488,76.73313994147905,-18.959632728040162
0,0,153.96928093462853,9.920131256242254,-0.6297044596403794
0,0,124.84460039641951,8.229091323583795,0.8522115158124421
1,120,924.2860640141247,1.5596465931192909,42.78628149183267
1,240,1348.011239521003,1.572691981864232,45.55181730100203
1,0,536.5996237634375,4.843916049364026,10.8266268624578
1,120,683.5303573869721,5.270439029984226,14.349057057868734
0,0,153.57538691415405,67.52015620277024,-18.493519491230742
0,0,131.3605100720353,5.763901356193027,1.468954365510271
0,0,97.19317667718488,23.047118770159162,-7.738442543316907
0,0,84.0662818043336,5.903521895517279,-0.2221215565021737
1,120,470.3969974893137,3.6494616022031536,21.50557791733192
0,0,194.05484166315168,86.92589008671118,-19.588475827273697
0,0,89.3767773803108,14.149977741084802,-2.6762001129934276
0,0,106.56941193889844,89.09432239037929,-22.19550893542879
0,0,97.09372543703113,6.657966448879854,-2.3137157381466125
0,0,47.91301268231619,7.664426470545267,-3.6423971124922048
1,240,239.02099495773857,5.4119687056157595,8.665110147142613
0,0,107.47982212332658,87.53715302683386,-23.239475136965368
0,0,258.98769336619347,30.997767684738488,-9.036529836958678
0,0,112.53715517556805,9.7189007991066,-3.390014440516808
0,0,125.01391576435938,14.93772320879712,-3.1089451944237965
0,0,147.97191657741612,6.725784782302675,0.42678470757289233
0,0,96.40527527565216,5.556733218918508,-0.398769347868253
1,240,410.31702168960044,1.9765280067232163,25.086353508102377
0,0,133.04849450881346,8.875351335791763,-7.757591584503558
0,0,66.8928391925806,6.869457329199461,-2.1273032039237734
0,0,60.29874472232893,10.132485331493516,-4.1501267533816275
1,120,338.8341047670487,12.124045248491528,3.9997717534456854
0,0,131.8371799907889,88.95909182674248,-19.84742645128965
0,0,133.75492365878057,71.0729492227567,-15.254013208981405
0,0,132.09389636882628,10.213478555462316,-1.0415884995131108
0,0,121.05763139029573,7.628207479027197,-0.7912982724356112
0,0,74.96571681026612,5.9546399113157,0.4653786912448652
0,0,105.93689388955852,44.6501128708856,-16.269144885751004
0,0,74.55393448967052,8.630737324082723,-1.5372654464326985
1,240,835.366022093909,1.4414680776083022,50.8394889653613
0,0,199.22140897392745,6.458333331032258,-0.9590109013715988
1,120,685.4825626724343,2.9369230645725066,19.17863124024204
0,0,116.78825641987889,6.474789535505573,-1.4568172808513964
0,0,125.44677181748042,30.46160676470186,-11.900241469871915
1,120,1191.1268118219589,3.1598701164131717,40.398569369476135
0,0,332.1348343471622,155.4019879744201,-40.2771601623725
0,0,134.2204955763817,57.312724975313174,-14.93143323784362
0,0,122.94445029103112,106.68204952709883,-24.817633009817065
0,0,119.81804474267543,108.88910675818444,-26.798919414471335
0,0,64.56667434530252,8.355169223345184,-2.759353661877043
1,120,393.4662883197347,4.231049904018042,10.409627957279142
1,120,521.102733173588,4.8020765894357655,10.539729417570953
0,0,108.76700888007782,23.513505744209567,-6.411827194110387
0,0,130.82298819190643,90.68092611450064,-19.590399185715185
0,0,207.17927661133484,100.46229551409242,-22.12489948802893
0,0,143.28709773954748,12.911351222286736,-1.8730658648798055
0,0,101.65290673989192,15.769413555962581,-3.6300220974648454
0,0,98.67125132097009,18.88028506410163,-6.44830231312568
0,0,120.82068509807029,95.88896693522254,-21.94964137597634
0,0,129.0862813762179,100.083590735086,-22.40576794395497
0,0,136.7220462508613,95.0235158746298,-22.51711665944231
0,0,107.20120448050213,21.928697898722824,-8.30613446880514
0,0,78.76935549023534,6.880989306652834,-0.6512682667824095
1,240,852.1305107316318,1.5304218269217198,48.16406566954653
0,0,198.5165101918414,6.248646902637213,4.937588648029035
0,0,264.80089211899025,113.94134833896814,-29.493840492289074
0,0,356.08135078687434,4.755808799628122,12.221304794314747
0,0,282.60340095030693,3.30776455739152,13.38818099779462
0,0,89.02334742021804,13.478827211981933,-5.203392710019884
0,0,115.97819302421638,84.17430079477762,-23.375663709687366
0,0,74.94636615861418,13.473561407040787,-3.5829473712143454
0,0,96.1155256235001,67.02540337080895,-19.489391163826696
0,0,204.0359463278202,2.875538534042002,18.756443494432787
1,360,341.4771747943243,1.4246598042142224,57.19645281205395
0,0,115.16307374651711,6.6972388853025295,3.332450917478937
1,120,998.8243660792914,2.7644814895236127,37.49858869166633
0,0,124.70607376303539,5.947628765028165,0.49854077250518003
0,0,187.08713338086451,3.2296957277520755,12.099382891351013
0,0,107.41096690473616,44.00918815239007,-12.51013103413402
0,0,70.5535415124565,6.438010121559318,-0.9772299670480749
0,0,154.9572637665401,12.195088943844024,-9.84960319833722
0,0,73.87556208418997,8.98656224830372,-3.5125281460779263
0,0,136.1687332414113,110.5294244000602,-33.635607957713134
0,0,230.62002347043602,11.379305208142595,-2.8125736240271095
0,0,160.91223126541723,15.820365971896958,-3.279997280873573
0,0,179.8988594107087,110.53061563613942,-30.11331514504802
1,240,430.4229722391757,3.4623412010582517,27.272282080559478
1,240,480.9047074098927,6.150939373044599,13.374241933045624
0,0,124.80521892961293,69.20300458248084,-16.32025655114792
0,0,117.53412371694448,69.13116221748432,-16.599962537686253
0,0,285.7521271976097,3.2898750342039342,19.945142418691034
0,0,116.63441477162554,48.095766839867295,-15.262921951652672
0,0,72.12728682092626,5.589091071372192,-0.6835056564843143
0,0,71.3800875370012,7.468866116656436,-2.4546070279370724
1,120,426.012293301072,9.438630925662398,5.789932338905132
0,0,156.6979268666027,14.16093621056215,-2.6215957554816214
0,0,110.85989465001586,23.03476781790132,-6.336636560532597
0,0,85.85995798140281,5.985638220471383,0.07892631120417093
0,0,141.64262109482564,23.815561701130065,-14.140504918300948
0,0,84.95473971171197,6.071428425788024,-1.1251277768753738
0,0,76.00934268472811,7.407611313539863,-2.932344958623588
0,0,114.60351456890062,30.52042133875916,-14.558919922551922
0,0,118.4143119697358,21.582602304933786,-10.829733978633215
0,0,90.29548555947194,10.051092321476915,-2.4354209990880946
0,0,147.09512914213832,30.814977923089955,-8.5215717500584
0,0,115.91918884035678,8.674983622361975,-0.5269051781044709
0,0,96.23323925370148,40.20999697393045,-9.776779775148938
0,0,77.8961049051716,4.234040628538172,0.7919110583008688
0,0,48.79463494649238,3.9379801086573476,-0.5193544110361188
0,0,38.40872530516017,3.7798888673310977,-0.20338994750474626
1,240,159.90290263557912,2.375649624553487,8.937730354367673
1,240,408.1882459588364,2.400083500951348,14.426308432633832
0,0,82.25073270262324,7.759690161272308,-3.00866107392676
1,120,374.70141614844164,4.906428418750606,7.633439701356949
0,0,372.9844567464483,4.5362770757737065,14.90521411665982
0,0,137.8825752273506,37.30632654254841,-7.293908965504812
0,0,121.7289187592898,101.90572710071541,-27.87197905441124
1,120,522.6051690068284,4.6396781723541,15.864124546678354
0,0,88.62413678836411,5.984571973935314,-0.9065095566612058
0,0,130.32925750529336,11.806948131167587,-6.611909311542348
1,240,511.00770112221653,2.670065200825661,22.50828173955655
1,240,736.4410471143135,2.049435490191342,48.21568987826437
0,0,171.27746960429644,76.41622060711542,-22.138172774855875
0,0,119.82314596894571,25.238827104854195,-7.9830630901534505
0,0,132.42569146150385,9.867127567877505,-0.9636396431153855
1,120,619.8565336716697,5.958581368570275,19.15814007530777
0,0,284.35495800247116,36.45097211017871,-7.7599323751342695
1,240,1140.0025488623537,3.047133835126276,36.84022943788848
0,0,174.4456145196014,82.55149793307287,-22.071832760479964
0,0,359.09166376137676,5.198334502805112,7.324856918437547
0,0,74.51784047979368,7.777372797436286,-3.499851945800131
0,0,49.71754313528273,5.996108012420775,-2.0751030444638303
1,120,279.11565854113957,5.48318747657384,4.156831935628844
1,120,433.0778771113983,3.585557878100548,11.68560719674737
0,0,149.11871758720918,8.97355792110545,-0.8913393311515847
0,0,157.0721074815571,8.244636954417759,-1.103220512868802
0,0,79.50485596191389,4.574725573908247,0.8532207505990499
0,0,53.730604157734625,5.182339902312499,-0.5938686987883415
1,240,503.7664537512584,1.9398665883204163,33.12592838608424
1,120,382.39485888811436,16.54805418973296,3.582698872942359
0,0,146.13902330638683,139.91480712407775,-37.27465496851844
0,0,115.77135530304399,106.13462962121032,-26.381894089533866
1,0,472.4743528592733,17.776440590507516,3.1720195740714274
1,0,709.0223413375292,3.7453649054840996,22.113094987252737
0,0,196.56541584010046,17.89212766283234,-4.15891396516237
0,0,141.12050491803302,30.27686770765095,-6.350549205522782
0,0,135.60688418000237,119.25831867461997,-32.33644273791186
0,0,62.92160255751583,8.633468142549203,-3.0640421723476123
0,0,42.106388843378866,4.074698814941624,-0.6957802764281809
0,0,31.730945217944516,4.790765261392523,-1.111711823350845
1,360,101.7121263088607,2.5327662181785477,21.418984515851037
0,0,108.40350683211585,40.98649518766136,-15.78201737278286
0,0,83.75635963629716,11.641988105289787,-4.313126097345631
0,0,87.18547195153143,11.081070231191386,-2.9224269811657138
1,120,717.6594202487371,3.484590919031296,29.393926095876225
0,0,120.47392640833324,9.505423171644244,-0.7342685810649101
1,240,458.7979425565288,2.494696749705581,38.21455358755698
0,0,125.74576035721088,69.27581437556596,-18.733495444468204
1,120,451.5996361747081,3.256995790352692,29.450686305707052
0,0,178.53077854136916,132.48508935675238,-36.29851885575474
0,0,130.40370140066435,111.60228049146595,-26.779109879314404
0,0,135.16151311843154,98.38199302144959,-22.719016456280507
0,0,138.68277625222387,92.42039069623141,-21.168942787045523
0,0,120.0566007551906,8.440355237332245,-0.06309574426343545
1,240,1224.501618703458,2.7630080117142457,43.38014483039966
1,360,421.83468372322835,3.7150188432043736,36.72886487054585
1,120,415.0910893150823,1.9884633800306921,37.59331937886118
0,0,94.95797803036433,64.32793229493548,-17.749137502762352
0,0,52.49474140529163,12.706238418474678,-6.175687389852371
1,240,178.9784961670243,3.0937445565324855,14.082037839511727
0,0,87.72614525588949,38.33722224551484,-10.25088234702298
0,0,68.73718755060129,5.976597009365492,-0.34088365631204454
0,0,70.71179855544824,5.714370752715339,-1.3591275806696501
0,0,93.80277133328369,6.094482904953231,-1.5843084689726226
0,0,143.03623076763336,28.525988918397367,-8.32645126333125
0,0,127.17853611171599,19.080378432252566,-4.713057838332006
0,0,74.28134196187419,12.356702679281074,-3.4226586945044204
1,120,539.8963762610455,2.4633160266949172,21.215732027361696
0,0,82.84066684866468,7.4603023024338135,-1.2404024685221202
0,0,100.76346826346382,81.43025599801253,-19.10058214130001
0,0,82.67966647954536,31.769385440350852,-6.350364267211106
0,0,86.48931327045514,66.52157548580769,-16.05382385143652
0,0,121.7197818962368,126.83828379979303,-36.44041409638005
1,360,538.6855038492977,2.843906929493439,48.54355908511626
1,240,937.2583237146362,3.4967649907804055,41.267166495973115
0,0,101.84430474955292,9.643796974117391,-2.336045718294173
1,120,338.54122636278424,13.517924121573236,3.1755809575592338
0,0,145.06441031634745,86.33348477470335,-21.416686149373604
0,0,107.38077898127446,33.743162549060045,-6.936122023774686
0,0,133.71602964248427,102.98457547058032,-24.73384538672198
0,0,114.94153315762793,37.49614098725811,-9.392536086944887
0,0,142.65499912436758,11.816548411024298,-7.336978456319471
0,0,94.7529427424741,11.414950240458854,-4.691821636199251
0,0,83.10048930669774,6.0191399302966015,-0.8494006060140578
0,0,236.80547570826292,4.517964528410257,11.51307560380414
0,0,385.0920245859717,6.14570786126331,9.786850834668755
1,120,657.840944643697,4.131384505733086,14.106565943592415
0,0,106.48905062105392,8.673805020604796,-2.056704324427429
0,0,101.02937818484608,37.59758015411407,-10.603152843113236
0,0,136.91631228329203,22.265319555875674,-10.667289449604255
0,0,131.7243068575151,92.0623773269406,-22.051299323931588
0,0,161.67180385706234,20.2717805625733,-10.01325246836798
0,0,91.93999054433972,5.602862482409362,-0.7357375196548332
0,0,103.95673388413535,5.253138130836548,-0.7711717001729426
0,0,179.68791803640332,9.050448600213503,-1.0080671095329734
0,0,248.9143131863247,5.351293276410448,8.38704746960235
0,0,81.31783177837234,18.74542270070749,-6.148802643285691
0,0,48.23216806990183,7.480294312178663,-2.4387393207948236
0,0,36.80387952052925,12.968785947885594,-5.445138787097719
1,240,126.74638289421439,2.263234390414459,12.3700797401346
1,360,153.60772868870765,2.5309049118047495,13.39063275141234
0,0,64.83616646113236,23.499882335230726,-8.050570857868834
0,0,66.32231237848299,5.817236244285866,0.0602950972902363
1,240,398.1715687429764,2.2541257210533248,40.243929237200106
0,0,191.26469761447464,65.88167956210785,-15.02614807318318
0,0,120.34966053638915,13.374979401871828,-3.9548688839086736
0,0,87.74296229849386,4.877035119721371,1.854925905940604
1,240,594.2056181826474,1.7908032469393222,30.91174123960225
0,0,75.4680118889841,6.17418742807268,-2.1047882854645366
1,240,711.2655205694481,1.2798625770418741,42.06444084158231
1,240,653.6670079487678,2.000815685965899,27.63775188815201
0,0,96.59266032064721,13.535030091180678,-5.812463261758822
0,0,88.66350125108312,25.607039981847617,-6.800736611720566
0,0,79.4906745528825,10.036766805172588,-1.4668039496821876
0,0,168.2340326672123,84.55229083213649,-20.878446971008543
0,0,136.76893218831438,6.67937891740403,0.41353784050475895
0,0,94.90686941116529,10.585600852679397,-6.6828516479032345
0,0,211.53182424207407,2.216947874736631,17.0666779924574
0,0,43.9714510140715,4.998651298895094,-2.0054394244294116
1,240,160.68312952558966,3.3447682305542057,5.125316886240697
1,240,380.3876510474003,2.361666137396151,15.20704400922699
0,0,187.6611233607967,15.83069543262641,-10.065922899534783
0,0,134.8709245979595,7.41329766091504,-4.263657740946812
0,0,85.42151325150121,7.318007799092319,-0.9933143162125759
0,0,135.06254932878807,30.62112771493608,-6.118129303305437
0,0,136.0060041233893,7.600204406649519,-0.42696451447197603
0,0,89.65030513292335,5.990265089697305,-0.3399008412842477
0,0,340.5519030373621,3.1637177187039303,12.294371279284093
0,0,113.38649801351173,9.662258425990744,-6.942362370805995
0,0,81.45008390344401,10.234405505039048,-4.458218128787138
0,0,102.91097116266903,84.33455453569088,-20.59682819393224
0,0,78.19275254884691,13.243857700256788,-5.599329783473948
0,0,57.48038522434804,6.783230788546223,-2.3140010715417816
1,240,394.63308613650725,2.4423247774434547,22.495948996143298
1,360,686.0091906004615,3.1537505922819107,41.160673732155345
0,0,249.4644747715455,137.29564718609166,-31.479850749818866
0,0,156.57129175845753,112.38936987688312,-28.3739280520727
0,0,94.09532099185522,8.138846166066303,-1.611790302088437
1,120,482.92388612825437,4.243198707123048,10.311948825000925
0,0,89.4927906017554,8.820673599755064,-2.074252328230088
0,0,115.16080653484143,95.00936543393104,-22.778466197558352
0,0,111.69018157382544,46.22340723917627,-12.119160875336547
0,0,130.85968301287733,25.604646680270253,-11.329886432695488
0,0,122.83003545381787,57.12674053508852,-12.029978337492125
0,0,213.36234827690228,113.55291874178765,-27.04352410945259
0,0,100.54369609968165,6.571804884740028,-1.48092795274286
0,0,42.79539447161837,5.791508252329203,-1.8135527161808227
1,240,138.32328716892786,8.140061768338063,-1.1376031869862118
1,360,188.51498928603337,2.2036202442615536,20.883963264109227
1,240,572.8958689217525,1.4598566565169604,32.86988921948932
1,120,409.7818237014391,3.4443544387134404,10.45971981998592
0,0,70.64081215788266,7.241838630018617,-2.507895681460056
1,120,510.713144981312,1.5485902076460352,33.73656298754483
1,240,534.7089052586199,2.1222394173412167,29.62662076358521
0,0,252.14663152810985,7.089824723212489,4.857927791260323
1,120,502.4117494308054,34.444757282051434,-6.369682394854138
0,0,174.23446909624522,75.51869280773465,-19.865228084776902
0,0,89.78556698149448,7.564285480280194,-1.133222790975239
0,0,74.85482748720855,6.447630706576471,-2.1707372874100344
0,0,89.76342199145228,14.433221192469205,-7.608404490446247
1,240,836.9316677886675,1.7170746453442343,52.05168033915483
0,0,121.27158815612977,38.8998791437986,-13.839652556809824
0,0,172.85456471801703,65.53826424949708,-18.095822861839835
0,0,141.34791758516224,27.598449189432575,-7.917563224107752
1,120,753.1155274485118,4.530097087386909,33.60162142743873
0,0,145.70747089997928,23.39559142139721,-3.8725766191623165
0,0,124.01783898676561,55.36098934387606,-13.381798136604914
1,240,996.4773485526263,2.182094066838906,51.7081283634724
0,0,180.7107025675366,66.50057363275022,-19.00420286115532
0,0,100.34887460039037,20.785782686633084,-5.185786582747838
0,0,130.6070816240313,86.71369123313085,-22.604978209346143
0,0,88.79862706695371,7.496288010219701,-1.4531924899424524
0,0,73.48115227305928,6.55530626504268,-1.1487153375423702
0,0,116.59455719036707,23.819074042660645,-10.041548030055196
0,0,190.08385442137123,74.31506787327974,-16.612813108372208
0,0,194.10000451973124,104.85158172852742,-22.144270455189584
0,0,176.9166711970431,56.58474255826366,-14.879883004450434
0,0,131.07003491214704,90.95372639625711,-20.0019767563857
0,0,125.9659746272698,91.64935772923975,-20.800371299768514
0,0,116.77184180734696,94.70079919134723,-22.07231888404209
0,0,96.85664311210515,14.537028392258426,-6.79902461134958
1,120,367.2873619035631,22.7630522829382,1.0905652958588803
0,0,141.2584760845566,102.53973904014511,-23.47714728723446
0,0,161.48193621528242,84.35778724904219,-20.786152185576114
0,0,225.22152040523807,7.905789851680527,4.557418886633741
1,0,374.5033752085709,4.49984781303862,15.5566830973396
1,240,744.2865517410742,2.815141736760526,27.930440544170366
0,0,179.7148185029353,54.38455478856829,-18.20785320710452
0,0,69.61283004398287,5.798219784693779,-1.0800503843910292
0,0,52.97464776871225,6.537965658025693,-1.739672502640076
0,0,45.572842134911596,5.114529690953855,-1.55381478335228
1,240,289.09662717310755,1.8969854736615106,17.14289371267708
0,0,81.89515455946778,6.091256640571981,-1.5178839113685143
0,0,105.5700136961998,60.34662638860556,-13.051640978639952
0,0,190.69462991074136,95.31786670000145,-22.02308830547257
1,240,1011.900282697615,2.983232592765502,41.34851821730577
1,0,425.2812989125989,3.155046512743862,24.522735509422887
0,0,159.44587810599532,56.83895233757154,-17.132849072916088
0,0,125.85743186829656,96.98129432181427,-24.164261806502843
0,0,66.85795247292106,6.649940495796036,-1.552261301534159
0,0,56.40624834876057,12.81296324420644,-5.563224541082022
1,240,325.86930419295027,2.8365228450924644,11.648323633112454
0,0,79.34267664272322,6.518440666970997,-1.0484259330935544
0,0,113.72514008544984,65.81577171866967,-16.58714367071086
0,0,190.52889673724906,102.67452198780063,-23.61318262535535
0,0,108.14437587364388,7.350924269071037,-1.295677887907729
0,0,67.85864869430402,10.472116664649574,-2.8357067648425414
0,0,135.39519462584403,70.78004231990532,-23.494320130461993
0,0,78.91511452886489,14.574127274062292,-4.4383187664502515
0,0,96.03346389689884,30.06901145105036,-13.391351521391186
1,120,536.3159048943428,6.121744162136115,8.157692259407156
0,0,91.66874700749041,7.032046163563489,-2.2584033310986626
0,0,72.60306119106795,8.014690488160037,-1.0935138934814148
0,0,106.84440204304181,50.478004360919556,-11.168044274167428
0,0,125.52163514701142,14.122435821462037,-1.8398984996677399
0,0,160.71547130014326,27.117164544779186,-4.329210446510132
0,0,134.3963518500059,54.63144388069835,-13.087149134482743
0,0,135.99386320486602,69.92939868475804,-16.9635776782102
0,0,107.7485433871867,6.086852676885127,0.4383090063665094
0,0,86.79471801922777,12.349782680602633,-6.193504875194904
0,0,100.9852695816957,49.96843327409388,-14.14100689371837
0,0,114.09546644055561,87.56320860871232,-20.761766748193025
0,0,90.28844586721895,8.502418637060176,-2.693024215404648
0,0,200.58259751977292,3.9351603987107135,9.308082533388585
1,240,704.0421388264944,3.3834152680352845,34.15034925005199
0,0,149.97217541434424,10.219648616881786,-2.281372669409464
1,240,212.95624532155426,4.56386592287838,11.232170160215759
1,0,215.95481413957668,16.637073818011366,-8.028161618444841
0,0,81.21796677208776,4.771449187877479,-0.03343163906977509
0,0,57.574451836772056,6.086737614309292,-1.3457486148074622
0,0,53.72756042606002,7.221493310482086,-2.44046188906934
1,120,267.8382756009003,10.460244011726573,3.2704067558858014
1,240,995.1364288791614,1.6889113878119626,51.71255631504921
0,0,135.14727502910827,16.158223987707796,-6.399288376578411
0,0,127.26082455948483,7.851448730081369,0.4862978562718894
0,0,225.4281767494764,82.72432823913776,-20.40443951026623
0,0,108.27198588280959,26.598942557153887,-9.215787900495343
0,0,66.66875365858546,15.735291861905218,-6.3185178899396135
1,240,423.2136925528447,2.41310159053614,22.46443550783283
1,240,442.28361805510065,2.6403115980050376,14.763065246349925
1,240,541.3626727401755,2.611941679062051,16.6304032312498
0,0,76.25543717606492,10.44887492678252,-4.9469308272839925
0,0,57.15609460231698,7.231810136889486,-1.803132763305527
1,240,448.88233763717074,1.4352856074796727,49.511135196024995
1,360,434.75579512833644,4.036125327263922,21.384934730694653
0,0,135.55634803175144,23.52434960233687,-4.040680260528731
0,0,94.52335922016543,36.484146230082146,-9.305181796410238
0,0,68.8516704041648,13.626753464378307,-5.916921704148109
1,0,173.58042387204472,6.910295970330853,-0.1639029759849393
1,240,423.6244206200111,3.2980911789572205,11.022534657997525
0,0,117.39902057319064,9.78571831373255,-8.027828729483815
0,0,74.43712774413943,9.881585744563383,-5.80906568077566
1,240,526.0539607194075,3.3377491878153887,19.999905294755706
0,0,164.57587529244233,75.1165676054493,-20.15167639376395
0,0,523.6201089855639,6.989891296809706,13.003033753839219
0,0,87.18883876086981,21.553048820749957,-6.650033023507476
1,120,137.12240182461144,25.55123418134195,-8.727777967582881
1,360,148.98799016198942,2.667938122462974,27.73291585939137
1,360,305.38184993470816,1.8047074311644893,39.268649124621916
0,0,104.08246210761024,79.96381550602888,-25.230388901730585
0,0,160.9540953290087,62.46863658324668,-19.553834239519944
1,120,359.25435887122364,12.952390207667817,3.568622425447529
0,0,116.02550973188785,45.719265301026844,-12.609807500178405
0,0,82.68503410318755,7.007349222531465,-1.1581102037757631
0,0,107.49970556972231,9.665350225087293,-1.1479650163921207
0,0,177.37631435611232,82.2483752783905,-15.680322437165273
0,0,134.72095988167158,95.61950933410051,-20.404249288002788
0,0,165.6155845587346,132.09234243123626,-34.48269940053748
0,0,98.01276236188525,13.252916509168394,-3.829021004785531
0,0,79.53569570873233,10.481000397955595,-2.937491527640077
0,0,110.1419367286779,85.6894736718207,-20.86048153501666
0,0,78.0478720547417,7.046979481003697,-1.087727966301685
1,120,408.2511837549533,4.487805047993699,7.200134521039772
0,0,107.07498880651696,6.889137993150876,-0.9563847773457326
0,0,155.73328497889224,36.694551009931025,-9.04071472675443
1,240,936.535627320896,4.194685166570581,33.51125528439955
0,0,268.9977049797269,25.296950401004914,-6.276700695692611
1,120,1100.47226228138,2.160957748496734,39.92154477227753
1,0,371.2485207827295,13.246057877197064,-0.0986937272861752
0,0,161.2270109344688,62.07518213569561,-17.92298479969439
0,0,99.39356228872536,99.07960252828501,-23.821824744642264
0,0,97.3773762897756,105.96156828754218,-28.638257738982688
1,120,432.9265180599299,16.62549175449557,6.7693127980508905
0,0,132.44447531023687,65.29568526609006,-13.705392626481071
0,0,188.41676234018448,96.69991714028734,-21.547976498811934
0,0,195.23306622676967,107.45269985462261,-23.913522443525537
0,0,178.51620037029454,28.11627951307425,-10.114429576712865
1,0,609.1443666021777,3.5938344871093713,18.823845583112927
0,0,100.74126092510052,9.256673224366178,-4.349093956991737
1,120,531.6502099869584,3.5124353855446366,19.097036457128326
0,0,137.14538001494446,77.40331492042915,-19.20319648452424
0,0,83.151274848233,8.353224440200682,-2.3863119514090982
0,0,65.37696446213259,7.58602328259722,-2.218461939727291
1,120,368.3529287190165,9.743525092786822,3.773312148816231
1,120,880.7330184127563,5.748822744049217,19.689325178070135
0,0,207.2809837271059,49.3370528834574,-16.828535723020636
1,240,360.4617397769909,5.9894515296022846,4.53386302967732
0,0,91.63388295994763,8.597220272580726,-3.5058175273397865
0,0,109.32248707667809,13.696829731642215,-9.579498152151018
0,0,82.24376669474971,12.373093907240976,-3.789835218516174
0,0,114.94970645571875,68.08268675783349,-18.55857550532842
0,0,157.49351411571598,8.131492990631777,-1.8426303027288498
0,0,107.38832879615447,32.573722480272764,-9.624459297696589
0,0,88.54804349649906,6.963529783847271,-1.0468671673236685
0,0,298.73710595562176,13.694518553158192,-2.1008464574498475
1,240,923.3530610653484,3.544181150217459,28.13720157662989
0,0,147.47201907504518,5.218699676276297,5.444636659141139
0,0,93.64171428387249,92.62017181613733,-23.892074883322287
0,0,210.12991657453335,48.24113012979017,-10.06108808367226
1,240,812.1815154983933,1.898461658825603,50.9831807495858
1,120,519.1465375955768,3.5449841065064707,14.125355676059215
0,0,77.31143635824694,8.428275922998528,-2.847024989517422
0,0,90.06472875512111,97.51192140879193,-24.89694512576947
0,0,188.50086455729388,99.56733067718514,-27.290326928366966
0,0,325.76387885003106,154.68363652058088,-42.532781416598716
0,0,158.41000042743497,38.399559990521624,-7.432020896668291
0,0,156.36774149421487,123.92031853546023,-33.6916759698631
0,0,94.93908082104753,5.486465631920662,-0.4574212124299777
0,0,45.22142432518101,5.192423896213504,-1.635208776299038
0,0,87.31121151106471,11.010611324459603,-7.559342998333122
1,240,201.5096377018422,4.552367336133288,4.037446329511013
1,240,279.3003682763573,7.357998586968833,5.108492783829476
0,0,129.9861036821206,88.48989642339014,-24.797115425123984
0,0,213.48105948024093,38.42685373596121,-11.405653017015368
0,0,219.18658835055965,99.83517108508445,-22.75476238995259
0,0,198.96258408903168,8.943397989463103,1.3459386845317312
0,0,109.51317091466125,52.96412127788706,-15.229791574102933
0,0,68.8342468824372,11.702297139155577,-4.124626402176688
1,240,518.510040589746,1.9184868336658407,30.269994730165124
1,120,801.0912228656314,1.7884163753294315,31.269369662779496
0,0,152.00966186698702,3.9877430934156437,3.6307722660759225
0,0,76.97890442177479,14.385526626721209,-4.4969442112531794
0,0,120.59307971794865,102.61690947924146,-27.711109143007448
1,0,442.6985177917503,5.7769702086789225,13.358960744548995
1,240,1399.6501595309878,3.4324262850185656,39.173844462102394
0,0,188.40999471333257,57.58171691142242,-12.368848731913147
0,0,99.73824647977916,9.746044737584711,-1.8478772668288315
0,0,80.06239732113902,7.3458105272203085,-2.2581285656070236
0,0,154.60708158717276,4.622636276808496,2.3943592574039485
0,0,132.8763904705125,14.08225867733525,-10.678121550717009
0,0,97.25094523068124,19.885238894088076,-11.20875183854433
0,0,119.62386939871172,84.83428168073455,-24.67694251019357
1,240,841.2741943438001,2.7631616540949193,36.889074287979355
1,240,671.5792498251875,10.556216126940125,10.29800976025193
1,120,576.8652577793016,40.11917063759854,-6.502637189097598
1,240,667.0732573082382,4.418567609468916,25.165898117932315
1,240,1169.655773122456,1.8012446116640963,41.22660688224555
0,0,215.80708262678928,7.736496253338737,-4.102761409784208
0,0,91.69402641767425,7.1348918011993625,-0.7680700204884516
0,0,117.95363722935414,71.86282537863801,-17.6275960443255
0,0,100.85153810100564,6.623476554579819,-1.4610074545989136
0,0,74.27102048072065,6.7375739584549725,-1.224677428077456
0,0,89.20431058814172,28.672603006203435,-7.468834188596375
0,0,97.00127988095524,27.6119859630602,-5.311671449533321
0,0,163.41669530690007,57.147760437177496,-13.015128871962332
0,0,131.6566986053463,7.790908668612334,-1.0635380351337886
1,120,338.33128256161615,5.789796752916884,3.8324607048436263
0,0,80.73555513976552,6.565672275060927,-0.011017115694016866
0,0,112.98899912647292,81.29480884599766,-21.19025296450296
0,0,77.52162388467015,7.301499703653431,-1.4516601439313774
0,0,77.09641400292534,4.905112644354,-1.3380868847521015
0,0,86.93758069494164,8.138082692033704,-6.237023501909363
1,120,470.05705177066204,3.532284356714822,10.437432111452466
0,0,103.91012001208334,6.80413607928515,-2.1545102715479487
0,0,108.0422039794793,7.000256855602165,-0.07734656216641156
0,0,182.5578225918308,66.51328015092868,-12.809324234771793
0,0,163.5574778159015,79.88574983496994,-19.07445828378711
0,0,150.37791561582412,98.84159355965467,-22.941344010631823
0,0,110.63765122550721,24.292862924530635,-7.404253730157308
0,0,123.65640010142852,14.926210634052614,-8.648983678903178
0,0,134.10712365653927,91.4804404532048,-24.095575717544463
0,0,89.45155568940395,8.080212984775612,-1.245950617872552
1,0,563.296630719619,1.9421536262248031,29.931800681569683
0,0,119.78979528519645,7.175192129966161,-2.6499811443488
1,120,590.1968705304085,3.152891458382344,27.77817819018739
1,360,331.5312799269791,7.892850500995669,24.640028670642835
1,360,202.65133748536496,12.555448687230275,11.067532791205437
0,0,92.56321869383852,98.53697644516382,-28.134612592805524
1,120,326.9036288315128,14.25683793455284,3.3745957167352003
0,0,125.09989976715958,49.36229625891819,-14.819577262987096
1,240,1192.9272499578508,2.114394631411115,48.85905327694077
0,0,183.93279578466442,69.22926231351212,-19.860023392291012
0,0,215.7464347144648,5.963079187220948,2.8231413750125824
0,0,149.71954001732308,5.809266243199708,1.9544174336732993
0,0,188.84526534688823,88.46831700132455,-20.9796822028228
0,0,129.58548737902777,7.962030633845429,-1.2075415725122554
0,0,70.41136466827453,6.508055254243883,-0.020766006695495776
0,0,77.23326289966946,52.21222028428911,-11.653956478230256
0,0,81.59416520543354,82.30792986273944,-20.995465366736852
1,240,462.98589061961354,8.30162586893848,15.4578097919631
0,0,136.63056425974756,90.80147198610621,-23.005707827048624
1,240,1227.0086106859594,2.666408692655946,46.42378558872336
0,0,182.81451629775145,101.2344908387129,-22.760912909803928
0,0,156.6689405653291,84.85981023089309,-18.955733171639565
0,0,142.13426594669713,10.115742147419295,-0.8421034686302988
1,120,771.923453969526,4.360058515269812,24.7257977756488
0,0,251.4717733007266,10.990914416379836,-3.7949236640632904
0,0,95.044455151704,13.4964520912451,-6.814178985003906
1,120,681.7198074870067,1.7458651067212523,36.844900451246374
1,240,690.2318723464176,3.143084968340706,19.506003755628257
1,120,542.4266298353392,6.986087012194556,10.244906045040622
0,0,135.3588285505661,103.84035946989981,-24.730146620488355
0,0,157.47793837150405,125.5173979174662,-34.422277412135365
0,0,195.68936524861726,10.007460592720356,-1.5909398284343297
0,0,332.2147989029635,15.302301010845738,-2.3465449304459014
0,0,315.1438512630388,7.3855567507199495,8.586136204103
0,0,119.48954844298598,36.17272463071448,-9.273805690845592
0,0,94.46307406170908,41.20198618458793,-10.647257988473314
0,0,105.69390547821739,88.28768951365014,-22.642478415003325
1,240,789.9338207672691,1.7369600529967668,54.70509069192779
0,0,72.84025120854854,5.61947706713412,-1.1105704897701827
0,0,79.83208262306495,4.503005942325945,0.6749666378972279
1,240,391.70797497677694,1.839583236319359,31.038682896740184
0,0,179.4100145652567,10.531486246425608,-6.610995187887468
0,0,127.7460645383725,9.163248729949343,-1.1763398373557692
0,0,115.5327539462953,16.572519651935952,-4.428881628602753
0,0,73.08813112907994,21.922631619234497,-6.229219105156417
1,360,354.8905205263395,1.5033683592140195,56.83834883321809
1,240,482.3022620310161,2.42550939724322,32.59876965456476
0,0,141.82500693807583,116.63523126737871,-31.31229135548398
0,0,94.17734871028135,57.82097126322649,-12.887933585139805
0,0,70.97081048530724,19.71180575037096,-6.039636199876199
1,0,256.94303118859716,27.1329664718605,-7.039645206702033
0,0,90.6594637218858,9.02891430072668,-1.6921592083933064
0,0,170.55789062661037,90.37500946974154,-21.773326473571302
0,0,140.31400104470134,20.17555034620925,-2.254894787128478
0,0,133.5525296724925,84.79756273104383,-17.658528297942112
0,0,130.3857110760178,64.17195978429484,-13.274634310913328
0,0,91.54161878080578,11.574750048229804,-1.6074468937398194
0,0,101.24225802513416,46.16285634828833,-11.408553906532887
0,0,120.12244058225238,94.31745942105073,-21.991067557792917
0,0,80.92034422739191,11.020307264183284,-2.5612107547418503
0,0,131.53021086596004,41.984043500021926,-15.744385068331624
1,120,797.5774982106607,3.803462932990711,27.882578509107276
0,0,273.1918878749198,90.77744511536875,-20.635469733170083
0,0,142.94864838060178,10.16802477697548,-2.3342755944537856
0,0,138.39496506605454,4.91001476131035,4.47746212856633
0,0,123.78164087439315,49.360170083007084,-16.257329969610467
0,0,111.83946612661067,8.12738322615843,-1.205850707948315
1,120,766.5292132622783,2.1612754114511956,28.833245974376595
1,0,681.1802111081946,2.335728099835367,25.232317391584658
0,0,159.26416109018948,8.076392907257896,-5.8265872648195085
0,0,112.81484326160547,44.632951851732074,-11.679113372570654
0,0,94.05601320942809,10.742110322007258,-3.1150428747575205
0,0,120.9496667702998,13.71748684819797,-3.0081273947987626
0,0,192.24032414275376,23.724511556807517,-6.671924435658767
0,0,132.86916940132545,33.515044449693626,-11.103675173798862
1,240,585.1005867815788,2.328387784335788,45.59661464404296
0,0,112.34280979072865,71.0409230212569,-23.72771756375537
1,240,252.76560298768757,7.798008255154236,3.0095274894765964
0,0,75.60588669901145,8.089287135363996,-3.081817386076054
0,0,75.16383143451633,31.69111040052648,-7.967195383011216
0,0,77.78742611349783,34.59701530200865,-9.832499046482596
0,0,61.68937301178311,8.296346527223706,-2.7910309526921395
1,240,364.1067586601003,7.290279523219282,7.005040454071448
0,0,150.33429446318402,28.905854250129448,-6.689477723413191
0,0,72.02024042165898,16.830014354977465,-4.284967918404234
0,0,50.954120059403564,11.983850298739677,-4.654110072471582
1,240,183.02339450943194,2.4809997909233634,23.394220795737453
1,120,239.45115302896554,14.539607598860275,-4.747509203822318
0,0,102.62845391576239,5.367640735468955,1.5002089401843932
0,0,104.442393297183,72.02847938977712,-17.0818325186509
0,0,87.18478045197034,20.92158901437486,-4.921039463648626
0,0,112.59528648293251,5.016907894260883,4.349019829127897
0,0,272.6423611089682,42.81654063889559,-12.428282621335711
0,0,160.44139941672853,8.396280404852277,-0.9405223541552488
0,0,81.38097929156925,6.090672303177055,0.01082674089140312
0,0,76.11019392809159,17.318740615319747,-4.674204941023675
0,0,61.73254072208808,10.949730136295154,-2.55431519769202
0,0,92.93576691638646,88.08424805015531,-24.92441639098176
1,240,825.0131173865456,2.6949911389448866,28.846476989589448
1,120,787.5423658917606,2.3306606086278663,32.05414217851906
0,0,188.80291383278652,34.34825633021483,-15.53139425674432
0,0,94.99984209395578,10.713522461008868,-2.42625334278047
0,0,160.4384407054918,73.35976151424997,-16.15336821868685
1,240,735.6481125028607,3.8159343625338407,39.905893707157546
0,0,125.48696948049026,7.259721610432283,-0.4139924128954817
0,0,133.61654439415537,5.659347377725348,-0.9194341026718291
0,0,130.48138740873156,12.647328184550409,-9.323960960973523
0,0,88.905673466221,13.031416989654309,-3.7812752166612142
0,0,112.94744113645768,65.89266781248718,-16.168950592433916
0,0,79.37243946399572,7.517706795904903,-1.3635185445841387
0,0,118.0351888333284,12.119898483503599,-8.308448839677027
0,0,118.50564659209063,54.53502234460036,-12.349636283305358
0,0,154.76200016097206,31.577022472392866,-7.081388425624354
1,240,446.9598781688936,6.080796324364128,10.694644315338607
0,0,77.12829099908542,6.465892716651711,-0.5304929813510881
0,0,86.18832958445009,114.01236044851551,-32.929851656627285
0,0,70.01565687845952,91.44436404903561,-26.1886705414894
1,240,246.85062910276943,4.277764407355398,14.287689242101166
1,0,255.58123049559924,29.173649535450007,-6.062653093752857
0,0,108.3185997548616,56.097469244957416,-12.447706428013987
0,0,127.5278907588217,102.51018916576757,-23.672045847987576
0,0,145.93862446637337,65.36114549354694,-15.72087148298931
0,0,444.2481569720784,6.237785446704195,14.943987754691719
0,0,268.8682698651623,72.14299688486052,-17.875540196820538
1,120,762.8678477829873,3.101673044846185,36.8339309673878
0,0,140.89340966053842,54.51033126950357,-14.014234323036831
0,0,82.46705870465837,16.3388117675129,-4.292101253283363
0,0,60.141122498606386,6.681928794329687,-0.11434479240615758
1,360,434.131858475189,1.4188757664560325,58.17083465283257
0,0,89.50182544028299,30.13289599805699,-9.846274308726962
0,0,251.13640734965983,4.1160974272754105,10.969568325532052
1,120,779.3917399176868,2.6321414782820853,29.338402330757773
0,0,214.2059550693065,25.774235380277126,-6.821359875448891
0,0,460.98784231406927,3.9376750800249387,22.559504367940463
0,0,167.4880066653294,4.743033243904159,6.960729234592634
1,240,954.485504911132,1.4369691308931616,53.70362331441554
0,0,105.45981587270332,11.482362470672847,-6.052624153307974
0,0,72.53772015057483,9.543677191464335,-3.6115018465379194
0,0,155.2931851844674,10.406628461193856,-4.597682751601781
1,120,1181.997294534793,1.53490407828272,44.139543809776555
0,0,259.2986641196299,3.74439499565368,10.516162992711017
1,120,922.4002880307601,2.536028355009911,35.299577054645724
0,0,261.30623471421205,80.41702668708172,-18.250927981870944
0,0,143.75160406766105,22.346117850304235,-7.440316700935128
1,0,255.04442278714822,33.80264854708928,-11.807037844736385
0,0,88.0521929669692,12.87520442689468,-5.160365490819331
0,0,239.20015002435088,7.819788923921083,-2.342412880167757
0,0,96.00579257839715,5.932042975099106,-1.8278352377943605
0,0,90.98608390391362,66.9261192583145,-18.448922938356773
0,0,55.226550097553385,9.973693562132036,-3.1917552864428558
0,0,76.76268611229426,101.72998729077214,-29.74997477001571
1,240,299.79410271094105,12.409251532051936,5.948028175633709
0,0,261.4736002801108,115.1606903700563,-30.44223585830059
1,120,678.7000175676999,5.228210162201278,26.732748334012655
0,0,181.4903739906866,62.4300838519552,-16.78006603350488
1,120,1107.281424451187,2.9794219909893256,39.55267209975007
0,0,163.5755815011318,83.53575493863424,-19.720505929958748
0,0,83.42677507500339,6.664497039703607,-0.8750119202060205
0,0,76.60173675543766,5.267269620052212,-2.050294890939739
0,0,60.14929579669722,7.777629093683635,-3.3522236175127063
1,120,496.1850792847146,2.589109202984338,17.693777387609373
0,0,103.4997206906099,10.388712992523482,-2.8571965966598896
0,0,150.93827965358548,33.05031798654154,-8.739598167675183
0,0,209.85132160382565,33.55221101536563,-10.136828248233329
0,0,102.99841751700005,22.452294887929867,-6.279036202371557
1,0,437.75839958314157,2.396014572411778,27.133123926947064
0,0,164.98718149858604,12.646195607823564,-8.227937266674587
1,120,490.4746078929429,4.570970021678156,9.74222257808421
0,0,69.28358556444044,8.633780390794213,-4.377828086675223
1,0,175.24259610389524,18.005818512272878,-7.17662637218838
0,0,68.25259372704119,30.048410286492267,-8.715455792073143
0,0,118.8657251504223,51.64627124265911,-16.486954661345536
1,360,327.0587287822461,13.268181477562477,9.133141458441742
1,240,465.54108352233976,4.43517723071001,20.838320488786323
0,0,124.55938516761881,7.166818733025901,-3.303500298312372
0,0,46.05398412869547,6.514516356296348,-1.9073798476243127
0,0,103.84155953101074,39.04802920418562,-15.176339118075319
1,240,241.9668964485349,14.530185101963875,-1.3031493956996485
0,0,66.61404017282209,31.30329808022341,-11.649856131662688
1,240,368.2127470211091,3.473814744772132,13.574672791293892
1,240,687.4252003246248,1.741872096920444,34.45744195857442
1,240,494.50289890982623,6.504131846020811,10.50297424911227
0,0,261.7168947650282,97.08546611203987,-24.62092205360947
0,0,153.76819059505397,56.616043188697034,-14.371529857253051
1,120,904.4307310431792,2.380008014435794,33.738782247285
1,240,871.5043786311296,4.094744069329409,24.354050633362633
0,0,146.30910952629642,92.25493883424514,-22.219212743034547
0,0,283.9846316473654,41.22059834587434,-10.360888938762685
0,0,107.37489556697606,8.085982357695706,-2.812716290724694
0,0,80.46102981401566,14.075455094910007,-3.753798667497165
0,0,111.27284458462444,83.45420219468883,-19.53557290222936
0,0,180.31123120633995,42.96235515460606,-13.451033756546579
0,0,209.62097289757645,53.390692088440744,-13.601198381679907
0,0,186.51374421202635,18.76426408469399,-3.7711723008916636
0,0,146.57172065469058,87.11554930974994,-20.880343909691206
0,0,86.01840773738698,7.262804836238868,-1.014862271499311
0,0,66.95318103132885,5.0396568935678925,-0.720012479210169
0,0,62.64108612491299,7.803740627559747,-3.458985862870364
0,0,54.39469312965839,4.947953825530704,-0.7350928775398273
0,0,62.232851990589836,39.8687439352938,-11.001816435676645
0,0,41.53314420928504,5.148750654684489,-0.8943617515596287
1,360,138.17650788504426,2.2431015982238818,19.907742608117346
0,0,102.82165435870556,5.853399735032062,1.514845486566017
1,120,510.31130438391426,8.917753925502932,9.809688074185487
1,120,794.5335398148911,2.462243011772034,41.912992216170736
0,0,131.42537499807656,62.25593957639685,-17.71909295304181
1,240,607.9384820561164,1.7615805112577954,52.742641575306166
1,120,600.8149936595933,1.907582511283002,31.1586603054554
0,0,72.10305032811323,6.140835073983153,-1.933382174246674
1,120,477.8311845738723,3.451991660781252,14.99583388938359
1,120,770.2634015805922,3.525946439302368,24.298611411472393
0,0,208.19061172350595,104.49735143623975,-27.6822429145299
0,0,479.5670525212408,10.610050070754035,6.99654385963764
0,0,291.4310390028559,9.404520061023936,3.8727878246936456
0,0,140.72523923449478,80.31891937144131,-18.934100673124632
0,0,88.44196066219394,19.870157123363754,-5.496784131622633
0,0,63.790845845942805,6.753209834446453,-1.4700852837265757
0,0,85.71590501955922,91.09072576498127,-26.730365424307017
1,240,518.1928123320847,2.9454185180883097,27.379662548273316
0,0,109.5130348819607,23.34792753900277,-10.730263586707565
0,0,122.02449514544834,108.69811912642702,-26.420873801684493
0,0,130.93473905540077,47.60407873345529,-12.251386484236804
1,120,1202.5719684261985,3.2685733416106113,38.50542456416909
1,120,889.1452806142038,4.529538018636088,34.07712424652978
0,0,215.5510464122546,52.9648432391472,-16.167534493361615
0,0,96.94567651460915,7.067130773451565,-0.8545735947893718
0,0,79.40121038016012,6.992422673478071,-1.6784684893771384
0,0,131.73678785778975,71.08640658064571,-20.927529598928714
0,0,105.90166142011844,11.162909052286125,-5.026639239618561
0,0,105.81099562520795,16.938353666577214,-9.30979997025051
0,0,97.79517805737012,22.913454862456856,-6.689789476567157
0,0,97.8490583428427,13.15164790566014,-3.5188266165786217
0,0,164.83157142522566,60.18243434901823,-12.808098357962933
0,0,193.6894578294989,85.57014069513218,-20.921458338353816
1,120,448.59258798501867,14.93251786811151,2.354940977257044
0,0,126.6909949129775,22.412861363901023,-8.116445884489664
0,0,137.85658164548892,29.59887388825353,-13.423974639571739
0,0,111.65721631606104,8.025705812086622,-4.3117575538392
0,0,81.2497644158392,8.63961293532457,-3.5067739226087724
0,0,70.06910639371371,6.465647249823263,-0.49307203497033925
0,0,92.5328890696471,40.975221762584276,-8.801034674815668
0,0,117.56736104010997,61.436730134516054,-12.534643286359412
0,0,124.53820941056796,11.65437876541694,-1.1751509482092501
1,120,690.642600413584,7.417443523451393,13.152009489826028
0,0,147.41485133264288,35.85056746740853,-9.01566879540104
0,0,119.58711789744892,54.47914976267813,-12.480102336268772
0,0,85.47229312500727,6.510202637767012,0.789749922030083
1,120,988.7274749143459,1.3725463843283834,43.1081269936755
0,0,176.44504582426788,4.090590084728879,1.773257147502207
0,0,75.03572263878196,6.062347958038615,-0.6013032189179199
0,0,96.51237835521134,52.24584202017383,-11.588329797342254
0,0,113.69300235994706,59.90147590502217,-11.600926738343617
0,0,187.91117413650758,81.06551394977723,-18.367127365076087
0,0,147.64269476999047,32.522914456590414,-8.69443094801089
0,0,234.68279877690642,25.2522628039054,-9.953612504826694
0,0,122.50626629047221,5.487314387627115,2.087509610662579
1,0,487.6997221788432,2.0834218165124296,26.829127614157343
0,0,87.75501252855011,6.284443095592314,-2.330259791114429
0,0,105.23362749987898,6.86383911691821,-2.321699789259469
1,120,906.2735206931728,2.1598982703474787,37.87829346530654
0,0,161.84580101711248,67.24612858687152,-18.97600241059982
0,0,133.06995366732377,12.243671521941991,-3.4332054622220056
1,240,1148.9019895086715,3.0585566159390525,43.39999135321891
1,120,537.286770278103,13.668859147521243,5.449635277508293
0,0,151.3787648739952,72.03795152151015,-18.540440982880142
0,0,79.37737631741952,14.32491256422301,-4.01280741498249
0,0,184.2849050939561,19.876245061689882,-7.958825603419697
1,120,779.3982694873127,3.7251177275563685,19.487023800898015
0,0,123.98917009512662,28.55122146443926,-12.10930102134806
0,0,73.9136058961079,8.373470941289732,-2.5973688366513983
0,0,69.00323350468409,5.8206213401443465,-1.8827777682189577
1,120,399.8108534729609,4.904447086317309,6.380149750756118
0,0,175.41378192146755,6.524639606840873,2.54385282066346
0,0,221.632501650518,76.72755196132557,-18.575256941042056
0,0,251.11316842998409,4.655982313736997,8.340347903926983
0,0,95.71911499806563,5.095957237536756,-0.359572993695366
0,0,85.55277913949395,4.320632210853569,-0.15587665325799094
0,0,71.54625148071187,4.887954332555199,0.17217220795380683
0,0,91.64245302008169,58.99299956313137,-14.932992003613506
0,0,67.42655215709432,6.912788992807273,-1.1550930673194841
1,120,625.1157392515138,1.8101213509704106,28.482919972534873
0,0,94.30617734572274,5.274648064130842,-0.10714276615412643
0,0,108.9901818613735,8.48933669902644,-0.8376649491499535
0,0,203.06970605587838,19.4463117165671,-6.956755855406541
0,0,169.17577571699837,27.43626781195474,-12.571710207972089
0,0,217.7552522754686,3.717098542859364,9.497691858427629
0,0,94.66669801033119,5.491657435832644,-1.3979857619297462
0,0,75.90004040984353,5.243068124934958,-1.0718391233523903
0,0,74.54631099041104,4.69426566323328,-0.8675932519317229
0,0,67.40449218748995,5.927910198110593,-0.6505496493427216
0,0,100.60293834076721,45.0597392506638,-13.372662184007865
0,0,92.6546270005728,17.795615881576833,-3.208933413622148
0,0,157.21069079523312,59.86534896356476,-12.648554718451479
0,0,144.06315296007477,20.00932959548093,-5.187355916421254
0,0,162.7713448394758,4.662100484190896,5.932514493259532
0,0,151.3388166042697,11.940242033724076,-5.680147825678603
1,240,1215.6554121872853,1.6288909128373348,51.29844244753279
0,0,111.62208587114637,19.98920131554823,-7.539660278018488
0,0,113.33997482992675,91.64195040671072,-22.565861114449703
0,0,262.4570940329046,20.703399687238516,-7.266395428678422
0,0,104.1641157361099,5.858450305272529,-0.8202120564790221
0,0,87.54998857671826,7.510337827567812,-1.6805080947573998
0,0,181.01819315105087,91.09942539816596,-22.86573594486481
0,0,195.57802248322454,49.6852981168985,-12.247032507984656
1,0,532.6140470145241,6.565628054933743,8.172677546605087
0,0,143.35403716427197,5.5575571572066425,2.7044321147203334
0,0,114.1682325992866,72.67812901010144,-18.00929815173187
0,0,71.21209848789161,8.137643198116594,-1.312998681784606
0,0,98.82207757769478,112.07730934180023,-29.438279739508296
0,0,189.75399779467637,77.7079536937578,-20.48356140395518
1,240,1216.8877777657185,2.654210254714307,47.188003532107516
0,0,182.4478628255603,65.55895565921269,-15.13387199776156
0,0,180.89269164874352,46.59542665691377,-9.223560593537712
0,0,213.43687152468192,110.15869729297833,-23.004651036696167
0,0,127.1128549894715,48.81864860061392,-8.990797234455812
0,0,109.2613743859601,43.08041747947674,-9.139725414876764
0,0,104.70925544746906,39.10867755984367,-12.46539709851423
0,0,70.60369790275176,6.8180721877347885,-0.0512649762676034
1,240,812.340220315691,1.6907964963460562,51.78392136755109
0,0,126.72424357220136,59.06920257413914,-16.876075437026216
0,0,132.57561083355824,43.53175517105952,-14.511866332108468
1,120,856.0882461211679,3.7147902973429603,27.885231052891967
0,0,273.2354410112096,82.52559396305904,-18.873425055037927
0,0,123.91461283917185,22.899930723151282,-7.57273253209884
1,120,455.9411651567035,3.4130824611175847,13.846088257517152
0,0,259.2800729838893,3.3294324197114706,10.244610143741937
0,0,80.8995595643551,5.698567020730875,-2.0176876246144673
0,0,69.40460365565912,5.270931768544272,-0.6298471263379639
1,240,646.0153499202779,2.1409989038472714,32.554965694455134
0,0,116.9860593025237,48.84561385368014,-16.766861438050853
1,120,605.0252510855667,6.569088054272964,12.532994540870405
0,0,134.96254262177376,35.425270918478994,-9.477364648537161
0,0,149.71121935047333,32.6987842195605,-6.84898437526229
0,0,188.50848238852416,71.99183263621242,-20.398912496722843
0,0,68.86784129144161,6.393328841620833,-1.2278900707489413
1,240,370.4283796311686,1.7530031602615452,30.100168520524207
0,0,69.28149972969882,9.429882560092652,-3.678671441340512
0,0,60.12040018389066,27.77774285367888,-7.198903512818319
0,0,42.383121866497916,8.432007560261878,-3.227892232545358
1,240,205.76415109972493,2.192663579687355,15.98272812793536
1,240,452.92967323212974,1.6646545047292827,30.023339861900098
0,0,125.81723420528674,4.826283950488258,3.135359516744458
1,240,830.9143066244756,2.638507822919157,44.18249176970069
0,0,158.0769470322774,23.67418183246001,-5.924187137821292
0,0,95.71668908157265,14.337400689120281,-4.122893265998641
0,0,214.4533078631233,2.6374316494157606,16.085902570046386
0,0,63.25162922508636,7.462831874199028,-1.5999225464302782
0,0,82.8366142077944,102.05507922660055,-27.926578127971275
0,0,57.74935588149248,8.221045065339535,-3.7633362004281423
1,360,179.65406856608539,2.133836596920896,30.25489319602842
0,0,70.5554346342057,29.061283484921827,-7.500342392955076
0,0,66.51609096040346,12.133610332736806,-2.975757906302789
1,240,349.0135224369891,3.750459019013068,31.804052741608515
0,0,134.92979274911855,8.569315567424743,-2.1163178682099044
0,0,67.71168803348637,4.020766052680232,0.6727790818676311
0,0,44.35586808974162,4.5222881739069205,-1.1563929194530118
1,240,207.17741749776079,2.2358235518829894,8.34436370726634
0,0,74.54006482224455,4.821195026055847,-1.4632055785320404
0,0,72.88612256877676,10.571870954414685,-4.147976185014372
0,0,70.41793391410482,9.82154654371857,-1.6193939086744251
0,0,85.8778066053196,30.60932003852649,-6.675480535194808
0,0,126.28822475879274,84.04180646431674,-19.13835711244883
0,0,154.95155039311737,35.31502382424932,-6.404397957932574
0,0,211.7065129016853,81.9109161461759,-18.48614309457055
1,120,1093.432297962989,2.7489013399168987,43.041084213715195
0,0,162.26761574937296,47.56167794864727,-12.331596871988808
0,0,108.36822901844225,29.14504723522641,-7.488390094068706
0,0,99.22246715962008,19.622885391765823,-8.71782828641443
0,0,136.96531806366187,6.125754205710405,0.8482009964248505
0,0,120.55156707216693,83.0743422776662,-21.761242075890877
0,0,186.63532343813475,57.546131440910116,-16.969892000566176
0,0,126.418906839779,8.028620730674437,-0.8846181445099148
0,0,172.18290325909646,67.54218324081711,-15.118094117799288
1,360,301.1293770273335,13.166819019090404,15.009054336692913
0,0,115.84489231374471,19.972868746940712,-8.691271144857012
1,120,468.22682247335166,3.1401303418835833,19.49973698883815
1,240,932.26184262377,2.55366586859513,37.228303991120214
0,0,157.94220664239165,97.54623622748638,-23.148432648100616
0,0,138.38199661526963,96.16321835911191,-22.781816222975664
0,0,102.38136185128828,17.832814935505542,-5.116159950375774
0,0,91.10950523950851,15.201901468204378,-4.502508212458892
0,0,88.0576569471076,9.000800226805255,-1.8564372686837913
0,0,134.21891986426712,25.796399590963425,-4.966449745093996
0,0,115.1024485063094,7.470611006777037,-0.8425209008195225
0,0,76.0024673653216,4.760727160712825,1.9832783781990884
1,240,791.976941240926,1.3936035125448338,43.90135383223476
0,0,76.63622671305396,7.967453465360655,-2.307163637961338
0,0,80.26911601369844,54.890108160981285,-16.678651147330697
1,120,340.5760488417081,17.147462525964148,-0.019482006417248954
0,0,84.87636787211285,8.276258857611888,-2.815511501206956
0,0,66.75452227627648,6.212521766082961,-0.23153227459086168
0,0,114.77672954092266,95.34854283394479,-21.56603704593553
0,0,194.12455842217886,107.55046784847076,-24.506260300367153
0,0,256.66303054665053,41.580301104513865,-12.017798828679986
0,0,380.06981064258656,12.872951907763042,1.7788264326596845
0,0,162.48213931812592,96.28870244573683,-23.656833350863863
0,0,128.39531460987894,13.422154155512523,-6.404302846800846
0,0,79.82359758336871,5.838021057739507,-0.826896255458351
0,0,77.9756386907545,12.780958701544437,-5.289637370684446
0,0,96.29124586442379,22.840917609747443,-10.608848943113017
0,0,114.38349301183415,70.28818455259719,-16.333307912000848
0,0,102.9084658937674,26.01429110907996,-4.5169651044806045
0,0,152.71980924410224,44.377052683075476,-8.57474944059436
0,0,175.21217012320758,95.19721253420686,-18.222991728903565
0,0,121.34928550025536,94.04068113275088,-20.23112060851041
0,0,113.93139966764494,83.24516553142792,-20.557579000241745
1,240,916.8344647438969,1.906146485214005,48.3471228944003
1,120,532.1148523477725,2.179332339405977,28.41833951409582
1,240,632.1587416335503,2.548503394359342,20.405480296224226
1,240,577.4913256114243,2.8553060209523675,21.44922985573855
0,0,232.74220161522388,45.955184191809074,-13.927001563392707
0,0,140.15309703207825,64.10862212294276,-15.114400635517427
0,0,132.0157229102488,10.127501091443825,-0.866045054065367
0,0,251.2091848444492,54.96839042041826,-14.201296783326427
0,0,132.71274313176184,41.70175303750091,-11.013023697364531
0,0,112.52467417529341,43.9165135952322,-10.508025859536218
0,0,115.39296901043119,71.78135927004382,-17.17278518033568
0,0,149.2619146766452,5.429250202054572,6.101960258373566
1,240,1188.045399089307,1.885709115616806,43.4935807068331
0,0,126.52094270124303,38.92262092349301,-12.966463676231385
0,0,105.27067373865961,51.245283129358484,-13.728546903103549
0,0,161.78034661603556,89.92674372332066,-22.395094361395095
0,0,266.8493632122017,143.4939011927711,-36.76351189479055
0,0,200.90286384107964,95.40666793499865,-23.10672113288887
0,0,238.06166968140758,6.7976591843301195,10.669873149476857
0,0,133.763833800666,148.7974863666599,-42.25516523298238
0,0,176.19844121030405,58.01331618215298,-19.47318528377167
0,0,64.65512960882923,17.835395947010543,-9.494785837497517
1,240,210.6586303373022,1.998136081626311,25.948916361686784
1,360,169.67897201235743,2.84273599857465,25.46727359064792
0,0,98.04813086402588,72.75716932886156,-18.779624343353248
0,0,111.7393914032461,63.5897991025684,-12.50418658840141
0,0,156.92416058366055,47.13849313640364,-8.84159428854322
1,360,650.8325852560648,2.711055228208788,52.48077949386921
0,0,88.24223631765399,4.477617272161549,3.358617046605943
0,0,63.79000130959361,5.413039915635492,-0.23229316364464125
0,0,230.20727758487826,6.717465081231137,1.559177841851863
0,0,122.90454736553913,89.55125167192186,-21.41423967970765
0,0,93.51451804083759,26.76636356847719,-7.184652694915343
0,0,115.54218554686614,94.50937838283373,-23.906394392598173
0,0,76.52992849363964,8.771491793811181,-2.080281317190895
0,0,172.31330193862328,58.11258224561592,-16.761049091112298
0,0,322.5602860801768,76.58907257201813,-18.630326286308943
0,0,102.25798019189772,6.807771605455742,-1.2988852466274636
0,0,52.245484153667235,12.817128058225872,-2.455024460126296
0,0,48.553437632375044,53.57074200710704,-15.209263421506321
1,240,185.7858105593154,6.784059239092233,4.817664078831456
1,240,281.9597622276978,7.2830639716499705,3.0788212328876483
1,240,531.1718283233897,3.547731845939985,14.063544008343612
1,240,1190.5160249965302,1.7750568206298827,45.67419362381732
0,0,124.89769849386396,25.05302135004143,-9.63060981754792
0,0,181.48074967712333,40.499687539367905,-13.313149035308868
0,0,199.83659419000676,79.1689289390022,-17.348973267898444
1,240,437.2934851569264,9.273126721484767,9.5437045103739
1,240,297.2079396967251,7.415769927005232,6.97286118783893
0,0,93.35019053858422,38.449934837447884,-12.445444896659723
0,0,146.21845506744432,65.49472276589805,-18.983220288707145
0,0,97.22583586137307,39.98423246827209,-10.87055778994889
1,0,381.97052755089385,11.434359266486142,2.4775814976604664
0,0,172.60675848186506,58.64140442944322,-17.790156820293234
0,0,115.89914668914376,39.070359465961744,-10.59624671815989
0,0,132.0834445230014,85.42864350775736,-18.07919426564382
0,0,185.2068440497551,70.944526753803,-14.286484653638524
1,360,284.475981761719,4.858462666304271,22.922184249002484
1,360,198.46236917702615,4.491542099966498,11.687826456487542
1,0,194.80272677860862,25.17616447728035,-7.654702475787687
0,0,116.33609505933941,65.63081968304702,-17.948331916298244
1,0,603.9410251180224,2.343914463686673,30.381834853166367
0,0,90.83789894879109,7.203809771866533,-1.6767564890061522
1,240,1038.1061662606105,1.4160549284449295,48.9234540810199
0,0,112.26239179259224,14.613679019247483,-5.440335674945771
0,0,94.73738400234974,15.938449955605448,-3.7497088888331263
0,0,115.58980832811382,8.45033274194738,-0.18455265947208943
1,120,426.61895380125077,6.004406054654508,14.479486123169806
1,120,457.03586564218944,7.845133373958295,7.555755042547332
1,240,1091.0252446711518,1.672735056133399,45.44947772326945
0,0,130.54417783608955,4.29441554136895,1.6999528847035634
0,0,67.59693311452176,6.976677600845995,-1.277194624643144
0,0,98.06385397699673,77.8435885557003,-21.24819149557679
0,0,75.85830671092342,13.461279041102657,-5.113454567073461
1,120,381.39905417592166,1.7751038609182386,31.694727779646144
0,0,78.45499525534377,14.53286809049687,-6.017205824645146
1,240,336.24172959284135,10.048625921321962,5.83235190365302
0,0,240.39095761276891,8.531932413374696,0.18335304988286794
0,0,93.66972001609633,7.723416120208152,-2.102748680084275
0,0,96.11850700685363,22.810216207159993,-11.881340774418106
1,0,267.4770634367308,5.680961995402363,7.6987493451392055
1,240,971.3882934610713,2.1970402442140595,31.137957782450627
1,240,1345.9393708032985,1.9680226262400864,35.02005600641907
1,120,1290.0951358887935,2.322129508274844,27.792603378498512
0,0,215.70551154371876,3.612062429637648,6.084523217557916
0,0,93.17547353882703,4.637575008958154,0.0852353496083822
0,0,107.49381081936554,6.631270126383029,0.3396153553499204
0,0,153.99610204875182,19.162182057735873,-2.7879451248629437
0,0,109.46991251588925,25.976976541349625,-5.648835127535108
0,0,131.5377833529568,57.44041465358782,-15.747602994954875
0,0,97.1384688594507,10.810402442507046,-3.4263046212204102
0,0,81.35652174561783,13.835667394225002,-3.775008449871109
0,0,81.46334142371755,27.793465365021575,-6.73362514038736
0,0,94.03050141004749,70.86542145852948,-16.706634955863933
0,0,102.4067092778224,86.75357237314097,-20.625821237252083
0,0,216.09440636244835,64.38782620107669,-15.051664276243415
1,120,693.5113940352904,32.22185300130576,0.8177231626597887
0,0,197.77173115638016,60.62178026407009,-12.79452916983729
0,0,145.64207317919426,73.0885423276532,-15.946686445503758
0,0,103.23521644046656,11.745326030259918,-3.0956560557415713
0,0,81.63006650231796,8.318208416632318,-2.737774002879732
0,0,81.15318686648436,19.632951336635326,-7.019745844365147
0,0,100.34887460039037,64.5457624463449,-16.87788783248068
1,120,735.8716595740829,3.561904847928107,23.60119318626748
0,0,114.17244961300337,22.520661009458816,-9.307818488339635
1,120,894.9121602324664,2.970088159960185,30.428312492867718
1,120,668.938129599953,23.42396810872701,0.24306170479707134
0,0,196.1987623679093,82.74078895586895,-16.568887617372056
0,0,135.1763520188489,44.700985871081365,-10.740646551920534
1,120,961.0830908873642,2.1681500619379843,34.91078388397432
0,0,146.0773551488083,5.448053231849129,1.4111637850857903
0,0,104.2474244291328,44.419374052144875,-11.062497337715115
0,0,119.34900399121051,91.41004201072856,-20.42564400868841
0,0,133.24645609627555,84.3263530557757,-20.062314201559616
0,0,92.55522110465256,7.631847066229877,-2.2052362084662036
0,0,77.84603353531419,5.596585029252445,-0.7875096790220226
0,0,108.74429141908749,10.39492276181226,-2.038162937693457
1,120,575.1112067942942,6.359655665996331,12.855801721933972
1,120,514.7325938726601,8.41784087543478,8.188360315435645
0,0,136.63017883376267,47.207884442921994,-13.40550194421067
0,0,81.3406342598005,5.975393590189997,-0.27420018507157806
0,0,76.5535698433878,6.122277511017043,-2.0616448193251955
0,0,80.61909414401497,23.209170194610174,-8.739872933166822
0,0,63.86306220584244,6.855435939075968,-1.4316181148969065
0,0,223.92671581725654,34.05390189503687,-8.448452425571432
0,0,148.05803661291688,104.4784360512241,-23.68394002340456
0,0,221.55609661704756,108.25633659212218,-24.700604046185234
1,120,580.0225314146218,11.34727268948176,7.162142907868699
0,0,143.28719976407288,50.306509683185915,-13.081859898768656
0,0,69.39573318997802,5.216684050683144,-0.5221232017595696
0,0,47.794522532115906,4.850914561329508,-0.20313103386840226
0,0,58.868332535995734,53.33981547843868,-16.10416934382789
1,240,284.0111580239709,2.6074179149285928,13.614925935819244
0,0,60.03184856386774,6.799534027477545,-1.0591946267851569
0,0,77.14270479731356,56.26176957873376,-14.282991961523635
0,0,67.44365826918734,8.540186235481247,-1.9424018799049492
1,360,294.1401529062441,3.8219654464107347,30.961907077633697
0,0,189.3521798693954,41.17610387341192,-9.11099656914503
0,0,82.67185593532264,7.88361661647848,0.16690410804677924
0,0,95.20144255615736,58.46812289759073,-15.698631330021698
1,0,273.7256575197254,7.005599368927201,5.665283916832038
1,240,849.2341024717157,1.790418576955404,36.26916106722413
0,0,91.80511412175345,4.852424362814775,-0.5392960449871111
0,0,69.50960389638911,5.855885537895882,-0.7192410222528736
0,0,80.6304698785977,15.580081020394031,-4.068077550416348
0,0,93.05952266570351,19.47801664530614,-4.059005005240451
0,0,116.0674871560631,7.996524137951765,0.17125808429892686
0,0,102.38375375960612,31.323393871899405,-11.751033240007573
1,360,138.0056168049898,2.9663793095991102,18.247842001502576
1,360,233.3952265941703,2.236052774583084,26.85120396462031
0,0,91.2561881668959,82.71309452192999,-22.099441408438082
0,0,89.0320875212278,74.79593017059595,-19.953216449523026
1,240,708.8048250493642,1.7723207002603991,42.78295260222241
1,360,525.2558115211008,1.9085537747907841,46.76915524381205
0,0,115.62869100835175,45.007057737511396,-13.092935061662473
0,0,81.009859412377,8.108509353915222,-1.383428474824555
0,0,104.75263854288322,7.615088540478879,-0.11127481643225678
1,360,375.0110492469894,3.753953537125039,47.97852498736448
1,120,126.84642360940383,11.783753320782441,-1.2335861707487226
1,360,138.47282111499743,1.7928573395308673,40.20105525260065
1,240,194.02031202933105,2.5783316750478114,8.7507207335957
0,0,63.7059614408053,6.42998236357235,-2.5161386462092707
0,0,64.44220442430763,4.756584907982773,0.018794940148978867
1,120,365.6639023110749,2.710469762749393,20.66344282126063
0,0,123.87690910900527,88.07016980558258,-21.322980548820638
0,0,108.61521905839096,28.71657044694596,-7.281539234429218
1,240,722.2181481092628,3.4145189384123693,46.64861773621003
0,0,190.39544865801847,16.19435995368095,-5.7691771289219105
0,0,86.64919703782418,7.44077279912124,-1.2344316030306999
0,0,98.72671865461564,4.588725305193935,2.2216163063902314
1,0,326.97930835724696,2.408529770856304,23.051958104285035
1,240,1117.287083018303,1.7240238608924219,50.89680927407893
0,0,127.88172314898688,53.699482139015196,-16.340446530831727
1,240,971.4099680046909,1.8597216688322813,52.952572978823085
0,0,126.15817749707567,28.288041316474143,-12.02114357014554
1,240,724.8433978527675,1.990022139513913,43.64264098604811
0,0,155.9318473774484,8.382804997931766,1.045413928049868
1,240,508.416459553847,5.573297266355056,21.83398608726354
1,240,967.3816769878075,2.07160872539339,46.45210757016939
0,0,200.34433624477558,52.676863721896275,-15.631910871118905
0,0,197.27371543970003,64.70226198870543,-17.923069342922588
0,0,284.70034502914444,9.190906163373729,1.4934613337839124
0,0,145.92158637063062,83.52147454490867,-20.165213878179017
0,0,87.42654456900661,7.09941372242451,-0.718749614738968
0,0,86.63330955200685,16.264989423760444,-4.790198250110095
0,0,97.53535559933707,23.487298550466488,-4.801273413003912
0,0,132.83589806998484,15.272346838162532,-3.375150684209416
0,0,181.93624383882607,82.53889248947081,-21.83532307959858
0,0,117.30773129506935,79.17062554796352,-26.486886211051136
1,360,153.6211845900028,3.6012654989922552,24.930181029815287
1,120,209.6651381810187,7.207521555195227,0.9425829428033836
0,0,175.34455261295062,27.741399323843435,-13.1988730105452
0,0,92.22128916497067,5.068626491582583,-0.24932334017458402
0,0,77.3051051696426,6.779462601994079,-3.0172210757817055
0,0,70.30014093149481,4.654851090687516,-0.3249948133627498
0,0,72.97194219873047,5.831493625496266,-0.8143785737334213
0,0,102.36292942036499,8.159730700419,-0.5290715983270218
1,0,504.84804975325886,4.584138143837322,24.6346496077488
0,0,145.5196437487075,91.3658435423828,-20.831488491696817
0,0,112.27240153214038,60.878018754518955,-15.808896835397775
0,0,70.76680677872945,4.973393484209098,-0.0004914837834775199
0,0,68.15994412191448,3.583262943744878,3.4219716282361503
1,360,260.245111633643,1.3290581453722787,43.183169676603924
0,0,218.51608316959368,1.9629181345180031,23.017062886846674
0,0,102.93601251562693,39.98880609285507,-11.516018917474923
0,0,135.6491223335203,4.738681171182877,5.1201703172241935
1,120,578.1937984770173,3.251910024500794,27.529737346226696
1,120,728.4630466372261,4.0225276381549735,22.716670229158865
1,120,1040.8132170013737,2.3526127431939963,29.028477424090738
0,0,109.75739495636563,5.414365165773637,0.030789510649441354
0,0,76.43500034077887,8.392283446825827,-1.4122365798327223
0,0,107.09079127189645,69.0253443555856,-17.177107452877266
0,0,105.02155251973576,51.926013181931836,-12.019838434060247
0,0,87.65534023525797,23.31393760287538,-7.389564344258062
0,0,108.86779777512022,90.9340168538553,-22.289927869469665
1,0,511.75166396147455,10.453762604513667,8.07111999373332
1,120,844.3577835996606,11.209781484649135,9.529754877721373
0,0,306.20924616363124,5.0716041305548725,10.207220901071764
0,0,100.08271528572378,5.07983223279153,1.025662516362317
0,0,91.06022172570839,4.646844540312563,0.15525827836262351
0,0,85.39640955022223,5.336002136920685,-0.45057849489778334
0,0,88.46835100609886,28.483369740308156,-7.60159876057638
0,0,114.12678796985514,79.13317741740006,-19.042722869502626
0,0,100.06530310005455,10.111754213908599,-4.117292277130588
0,0,88.62996919039979,14.241081130050286,-6.286005734746055
1,120,885.3711893703978,2.4478728241147363,29.736040836679308
0,0,184.40991914575315,13.200136628794288,-2.4540152253396883
0,0,551.2845351637585,3.841070346257188,21.33610044850731
0,0,93.17153425854053,5.69078743692708,0.4590538009853731
0,0,63.66761722334034,6.829258075009082,-0.8580081634348744
1,240,608.0373324851761,1.2646972167404003,51.014535719343414
0,0,63.12973258934336,5.134914718359695,-0.6491969576915722
1,120,293.48785343503386,7.206189987896058,6.048000542976766
0,0,113.37901621498197,67.3280206526092,-16.428382056060244
0,0,132.17797591381893,64.091302272312,-17.661719804806552
0,0,88.60815294605055,6.628921947384424,-1.0249599033170966
0,0,115.15722434039385,7.072988135400238,-0.03215292274329329
0,0,158.9828227933542,9.746896651871676,1.0492447930775484
0,0,132.56197355532905,54.44075225305758,-12.917724505175755
0,0,98.84896670816836,10.990427092529242,-2.26135706013379
0,0,106.93683626305932,4.307434759018212,1.7181349627176985
0,0,70.28708746027208,5.232958862389848,-0.48552655185375215
0,0,76.59704929529818,14.96818546171715,-7.166988444173924
0,0,287.64896717395163,5.567086143388915,2.7498846677797957
0,0,93.7144124262532,11.685656834560927,-5.380970476896124
0,0,158.4390207368837,54.73042476946353,-17.333227091646734
0,0,156.76110271994557,24.983180622638642,-5.734805022708031
0,0,110.69197361725654,9.04393289984074,-1.9232528387183123
0,0,61.785417766394154,8.016260753900841,-1.6580671516228307
1,120,281.84483726785754,17.603110326269967,-0.850272458054846
1,0,467.23518943064227,3.140137787109078,24.519237533356232
0,0,141.55930106574436,91.98691071641818,-22.880182268982985
0,0,113.37355223484359,72.65938689578822,-16.36699310448563
0,0,74.42506050999562,14.745021821498442,-3.779906673154784
0,0,103.46596190875901,104.44924715747663,-27.49420820711603
1,0,329.58329165523384,11.815986183692965,2.5304210152836504
1,240,708.3451252100032,11.841002141356814,7.816127049587351
1,240,450.2756752445773,10.355715753128786,6.7568743756023935
1,240,407.80504184141273,9.384909788295385,6.47481703052982
0,0,194.0767656000555,76.75419955143734,-22.241526871326826
0,0,143.10701311614812,95.35389978649503,-23.538684189458422
0,0,94.65238623662846,11.525853416983676,-2.1933578849045148
0,0,98.2230349087463,26.532733294889603,-8.182437158049254
0,0,77.69666396209112,7.737588219744699,-1.6088894125709317
0,0,68.76331149713432,5.87795228381206,0.09913214274327231
0,0,109.52338470326019,57.63030129442353,-14.062540210047942
0,0,206.81538913738802,35.51333936279717,-9.70987966188622
1,240,870.773248209956,4.592033241442739,23.47007720723731
0,0,351.51715894621026,18.640528949221757,-3.308895213061703
0,0,126.4873086160343,63.893174443691805,-15.330826015750233
0,0,74.6014552463928,7.569386587808871,-0.9985559963607926
0,0,83.78370220910588,71.26355421504626,-17.473679813440924
0,0,129.46491706211503,85.56082739487638,-22.47894010795956
0,0,109.00911307886543,92.69317653876269,-23.738428133977585
1,120,592.6907126851908,3.3015459891998837,28.375867109830295
0,0,378.78545790042995,91.30906128927279,-27.017886375501824
0,0,384.21257317697496,177.2770676152555,-49.00931844969676
1,0,438.26720722739793,11.975133518975063,3.0814526408652796
0,0,139.57233942529413,47.705637023919174,-14.615167589061798
0,0,101.73205509948994,76.8597502876698,-18.800252891033338
0,0,52.91128487040615,6.336044374209242,-1.3702344472740435
0,0,55.876372640007936,64.33879059228798,-19.447616241193813
1,360,130.10136872371226,3.0747443410687527,34.81463709770716
0,0,87.52418770784901,84.98566973737329,-19.969300798687527
0,0,107.55627250103056,89.29385082384417,-19.619730401947805
0,0,103.9522448050175,34.874587747694655,-5.768949918996128
0,0,183.64472386915236,100.5705175069874,-23.20161562258835
0,0,157.13662098978864,44.88543614362822,-9.444329382119136
0,0,130.22835524966715,92.05856537148708,-22.000251065955837
0,0,131.82177428745266,102.7956165499639,-25.92211102693571
1,240,1123.9681930726672,2.527398661822301,46.41697985885351
0,0,123.04829992183569,64.05231636426446,-18.266203886415795
1,240,694.0775621349416,4.2483742669066755,24.031919798124648
0,0,132.89876784975147,78.14089220262592,-18.778678515987792
0,0,148.4013604769653,81.37332935265049,-20.481696168983092
0,0,155.78929644333996,80.04300021704103,-19.3996326752402
0,0,154.73528107137415,21.44565708330414,-4.509018041030075
0,0,138.75276507665217,54.24191329259614,-9.567371482856487
0,0,102.57083273102495,77.51453305255372,-18.974697274514526
1,120,578.1600170230496,5.723825286642659,16.8640067386619
1,120,519.8991158392024,9.310843782617628,7.225666575955302
1,120,1101.6558374645526,2.185335221671147,40.148712426443126
0,0,142.8894854919249,39.41007472711429,-13.261461419169862
0,0,89.82737436479405,6.384127445360349,-0.8199637107461939
1,0,357.1220689623623,3.929185718057268,9.61082126565887
0,0,112.87937944195373,17.250257175086023,-5.504218651752211
0,0,144.45861135660545,34.89694688792119,-7.079486202989926
0,0,115.85296358731014,30.4659457518753,-7.576484137850088
0,0,66.99465400090625,46.2039576028281,-13.808598772302673
1,240,215.32144588585837,12.80055182769306,0.384338723066179
1,360,285.4064454334186,1.9060156297356046,45.50862627929685
0,0,94.09761654367684,26.676010116770673,-9.59206867339357
0,0,98.89738301350253,42.22104533269436,-11.2562651327911
0,0,78.53294199275369,5.5061896135476855,-0.0053738552118574034
0,0,77.05787140443876,4.870463918576734,0.6095407471761973
1,120,739.5476258965654,1.4683105972603054,41.90005710225658
0,0,159.71937185043274,6.588104062639262,2.4945852544315983
0,0,179.76439108622404,8.615944337862455,-0.725491937187698
0,0,130.34318952104042,6.4375995060926146,1.0337575304621964
0,0,141.95432869205666,93.98745092904076,-24.25502424592419
0,0,91.04516177215268,7.442706301621053,-0.7844344190963568
0,0,72.01616510867194,6.4306569461247935,-0.030335243337049178
0,0,109.06324275762232,77.05061518601299,-19.582864270502114
1,0,485.84020050668306,3.048544592551168,24.09584504654518
1,120,1089.1568808734564,1.8025887004788723,41.782489175544995
0,0,131.6600087343928,17.195745490139156,-6.410987045780189
0,0,168.98381090441845,39.9172055848807,-10.733375834295572
0,0,115.44082984890481,14.101231819251728,-4.471856008285684
0,0,62.10966871222089,6.114154544388894,-1.0981162154664048
1,240,411.82326643845596,1.9951370094291108,22.066046680761048
0,0,61.33005396936278,6.319486643933719,-2.31685440549343
0,0,102.4987353997383,75.2078812656318,-24.93077298495183
1,240,539.8013347476009,3.267341946436285,20.60500231476938
0,0,102.38866227288398,21.092675783996523,-8.0235540125081
0,0,114.44250853175213,88.91034500245783,-20.388962815554393
0,0,151.74983940895393,83.37781869336602,-19.69412315880949
0,0,178.9317802704469,44.44276198716711,-8.716052878622293
0,0,353.7362150459,4.408744424073136,12.614240583167813
0,0,115.66943280216374,4.967396242266274,1.3759515305417125
0,0,86.36467330858457,6.2222226692903035,-1.6413381603433237
0,0,130.58117873063665,3.3475768854690435,5.753240577867587
0,0,81.38419306411951,4.544044476481237,0.20476890637554845
0,0,134.06766283732404,19.459978443221548,-13.13413403355328
0,0,88.69187540520427,15.261419954490314,-4.710606084714286
0,0,76.48345632231737,8.889934050795015,-1.870857173043163
0,0,90.62855595871707,20.021942258695574,-4.597302307074898
0,0,120.01053101394076,12.229400152732174,-2.396060842410577
0,0,82.81694047847867,12.955232027678042,-4.487750135186744
0,0,72.95640613072287,19.41939519588593,-11.446793865436788
1,240,165.04709256711593,4.867400546704803,3.3217139274979104
1,240,259.6427134914145,5.684847951885066,6.846712123465323
0,0,106.53801105719025,80.87327010542715,-20.806326313404654
0,0,131.5070399626346,35.553520116730255,-13.94253638157393
0,0,131.55451537512334,5.227333430495996,0.799778862474966
0,0,71.8728716627397,6.73286857594201,-2.1398050337934222
0,0,238.2567859182167,7.656982147501649,0.6654819444838722
0,0,358.9437055274218,49.53906125385086,-11.750224795387936
0,0,234.6235338637041,72.90452884166874,-14.57321301206899
0,0,171.1679746164194,80.2383629340349,-18.46527676906115
0,0,102.88505693321599,6.84192443409245,0.1552265746520476
0,0,81.60349478147897,4.9494329436624165,-0.052448581462357424
0,0,74.38770819763877,4.538138833373293,-0.3023530800612235
0,0,72.53396224722239,5.797126013384667,-2.001656114967602
0,0,72.31979009627916,7.640227231556952,-2.39034360660375
0,0,82.05750958756332,15.16790972717384,-4.694685538054429
0,0,76.34932241155488,5.199712546360405,-0.10863812450286048
0,0,105.08608870008403,7.729643938528434,-0.31673599675825415
0,0,165.76603672553279,32.87110554293701,-6.547661742064321
0,0,97.85985027041893,10.51053222330162,-1.8359091160871799
0,0,76.66968508935781,6.880961330654004,-0.21743469128900017
0,0,86.06687505498385,31.74583145423879,-8.84757572193817
0,0,73.04837557234687,5.836860053788044,-0.02806842803101972
1,120,709.9226057497086,2.0527657621166315,28.14081579963532
0,0,134.9618511222127,7.745160690911992,-5.370698474670178
0,0,165.91899416123263,9.344499811662201,-4.185914958667809
0,0,154.57834467918352,103.62901253060645,-27.3692850195513
1,120,849.8968537887507,8.778591380353083,16.370654730517742
1,240,976.5751296442277,4.0936692495033755,25.070491084911893
1,120,977.0916004639479,2.7393926588950683,32.4554371790601
0,0,179.76707773205973,26.000465550948277,-11.894661616810907
0,0,135.40472825094025,75.88874127123198,-18.704708475267097
0,0,97.70299323063693,23.04905001653004,-4.738632164861627
0,0,121.8461902832144,99.02830718075207,-22.625686016302666
0,0,131.5693996197742,91.24931899499622,-20.865834178151886
0,0,83.45702534678617,7.114008620524027,-1.0281197064709602
0,0,81.62922196596877,7.222514434439397,-2.1269174754451257
0,0,299.4402589847175,11.759915062424197,0.013082988293916742
0,0,143.65593907100566,16.565707947446533,-3.2802033549923095
0,0,91.28062304073055,18.670456048357707,-4.448976497154845
1,240,929.7430611405553,2.1702586400433805,44.389601542976536
0,0,162.92696624889456,95.127803178657,-23.75251514937593
0,0,116.82742250157628,59.88002643598341,-14.793569652412955
0,0,121.67102550915128,97.68079536715126,-22.318429505275603
0,0,114.11906811409945,67.3708401749481,-15.173580895255384
0,0,70.47145711373847,5.800969554643337,-0.6819310388591333
0,0,75.28481551755986,4.405954946254271,3.335811510799772
1,360,400.39583942952015,2.430439941424188,53.09160431759322
0,0,299.855544147352,37.45372937303119,-9.304251820900078
0,0,151.49448335792198,64.97990663051745,-14.333506540371403
0,0,107.29490833905803,27.122844574993337,-6.345207130291072
0,0,123.22043796831178,84.84896637276579,-20.906462483252355
0,0,261.3695125920803,19.29161707735691,-6.977912798262864
0,0,101.58125151488201,9.124881903682356,-3.5391486950564968
0,0,110.7164595033539,61.2404144286588,-18.39276509902686
0,0,352.46539755744715,9.033804685812552,5.241891430020971
1,240,1337.0826444249506,2.4856629838251862,42.06754780521855
0,0,250.936507296215,42.178817818588776,-10.155549289327226
1,120,404.8949849672089,43.33190907464019,-13.401517844581889
0,0,157.48283554872353,109.6585875084668,-35.670267559118585
0,0,66.61617701982641,6.815494334810301,-4.242949933990289
0,0,39.06014906586067,9.533585977950729,-4.887375406970904
1,360,111.71235490401361,2.2406877658731825,18.65517127495619
1,360,203.1915460113295,1.5008242354171546,29.112671911471523
1,240,621.7434886051055,1.5163863359923648,41.11918414291762
0,0,147.6394299851775,39.58040343741281,-14.566576368655518
0,0,144.1730560460534,85.37866212971787,-20.31937845479642
0,0,191.3340062754002,64.19627543953635,-13.437818593189007
0,0,178.6058685920677,23.447247749560223,-6.463387995407089
0,0,130.58727753004425,59.375245562118764,-15.197115616404758
1,120,1233.521040191653,1.8536253828290807,47.78200425342031
0,0,116.91556035546839,10.257879172960923,-4.036067370640225
1,120,1126.5047494954194,1.4423553003131462,45.42696808876197
0,0,101.86398414689783,6.431240381068144,-2.5278003277487073
0,0,69.69970959539496,4.778774387313174,-0.02513055085117344
0,0,76.10589756196619,11.824480960370087,-3.776218474824674
0,0,81.65111189469746,10.78155196810028,-2.602922269953595
0,0,106.22526054258842,6.998376597745288,0.1631577862472824
0,0,170.31514027249517,95.82087154916614,-21.284069528042934
0,0,93.18847032975788,11.556899556072844,-3.989996595224568
0,0,67.52397991082753,22.609742004444335,-9.854453866055024
1,360,199.675100702348,1.6944799652565794,48.05740381927235
1,120,222.4432565457416,2.691206933877284,12.638810958862592
1,240,286.4382534670211,4.419073884802589,10.994075293805679
0,0,89.86595097145576,92.09811440931755,-23.948470500481513
1,0,268.3859885975114,21.764193610890487,-1.3136644597066578
1,240,596.1201877542932,9.029830289075482,10.686781795116275
0,0,395.00223354154167,58.203834539091304,-13.508121571386667
0,0,127.66591860563716,21.068966576213526,-4.6032150490969315
0,0,96.68113825629067,36.86161645533371,-9.632527892037643
1,240,959.9151141205202,1.7732763964785094,44.58782370938813
1,240,1265.9048035054784,2.1732031139202825,46.537274304674455
0,0,167.23058745167256,88.99088700063905,-22.527166735694237
0,0,83.55398832212586,9.634014399042496,-1.3438886637871263
0,0,103.86527456513836,73.7421843937461,-16.827832957436243
0,0,119.7139117104114,94.83125759105452,-20.915498040765925
0,0,148.62133668979826,107.3216350074568,-25.23452623596048
0,0,158.07710573709468,25.774421285301614,-5.53001490425585
1,120,1148.9213968406154,3.328244116599859,40.6615833523973
0,0,154.43541965514856,20.1270616230751,-6.291173439569604
0,0,94.40317432923759,15.541040965251964,-3.6142125137919976
0,0,92.93288188952916,34.95909331319403,-10.331161426147887
0,0,66.9681162882424,7.424901834494427,-0.7758532814343511
1,240,832.417105211584,1.4337427537054641,47.12978495159028
1,120,575.436869079389,3.970281557887584,16.700415592100512
0,0,279.82876462949156,33.16487157968795,-9.477095166997273
0,0,144.02311400188222,70.88609120940728,-15.117079599060915
0,0,186.0333220579495,63.47074769077132,-13.004000869550893
0,0,193.50307035764115,102.20962947355872,-21.705987792312314
0,0,197.01162576999127,68.88319018346405,-17.84164893021702
1,0,513.0315049523965,4.518923383208881,17.28684969448969
0,0,183.54248395863752,17.355455955204164,-10.27704319219822
0,0,150.70906455317413,46.936394520852666,-16.634799631655213
1,0,502.2880050175467,3.312712248152417,18.99397826195606
0,0,118.11637768343455,4.816269445358542,2.4836686100906604
1,240,781.9383627602789,1.9129956414437952,38.306261854343774
1,0,369.53974601488534,33.27130310865778,-7.251679623020365
0,0,220.3615708014814,64.29319873871015,-15.053238893868581
0,0,131.6809010899842,19.343793217627226,-3.0940867220681554
0,0,114.69835203329437,83.91117479390701,-19.09847912849861
0,0,105.5924250836139,11.924046637755986,-3.4412000812383923
1,240,974.2833413939821,1.9125315557212614,42.737912197400405
0,0,168.9104892788269,18.021048285055528,-10.804170220007123
0,0,112.6208492945758,82.64311481698462,-19.12319745484274
0,0,103.08352864330512,48.78742377611287,-12.50223152624936
1,240,1072.7818992016155,2.8008552514868255,40.24459501512216
0,0,203.19975331759548,94.04476743348327,-22.44790745925947
0,0,166.94941919571298,14.87383414953261,-2.750423783398716
1,120,673.1754575333341,4.218241860037373,22.734783615800097
0,0,270.766991627195,9.698430490026906,-0.23758239935871472
0,0,125.09995644745148,96.61130361521776,-24.868987736995038
0,0,106.78680353042112,6.830163233938983,1.557624360033742
1,240,630.1399710132903,1.6362350637561083,40.735674924008535
1,240,377.4158126550342,5.495801944691634,5.891394780645172
0,0,72.64032281495777,9.144644690727112,-4.0347622345549325
0,0,173.52612415241217,11.444147256270488,-2.5238637836857833
1,240,797.0814322960216,2.3455289495546605,52.724898065288315
0,0,320.7024648167734,85.61207942473371,-22.16646833654309
0,0,135.32825520111953,35.77795260386366,-8.68783657621151
0,0,138.15120580274368,12.591500725206938,-5.3905291456341615
1,120,322.20623830490246,10.418940608033967,0.08264092929307765
0,0,89.73483812025113,5.722729259204609,-0.30340987041368805
0,0,190.42675885125962,2.9667159240366505,14.051253536544465
1,120,853.4760555169152,2.2076785689951155,26.720447294309977
1,120,1307.5650901115212,1.53990907471864,45.11838530584255
0,0,102.07194413784968,5.804573495008798,0.08724853522981846
0,0,115.62074443142849,51.99191741556371,-13.659950641325125
0,0,153.886822445984,36.39687916276273,-7.661037933950709
1,360,456.2188078985074,4.946675502874469,34.122767021852695
1,120,358.20432245574864,9.722447433797036,7.177508639593526
0,0,122.7457065155409,93.66145654163716,-22.209918271884632
0,0,114.91648046861165,111.34190516299648,-27.232462372617817
0,0,108.23710483117924,95.05007682939033,-23.971397567178215
1,120,527.7929574188886,9.633604686027365,12.461904253860169
1,240,1115.805324155545,2.792195326171447,45.76527838429617
0,0,184.86123030191425,116.59497470751332,-29.263391504079074
0,0,238.84859618191976,74.56512637534182,-18.638030287978395
0,0,205.36915748158776,63.51868591844461,-13.444090643930892
1,240,1179.1599244669114,2.768603888319012,39.7635968861983
0,0,156.11670448142507,4.61550961671934,3.66615360707641
0,0,84.46101469312806,6.273769800812721,-0.6980682275412562
0,0,84.04185259852812,15.147055876174695,-4.6098728283174495
0,0,88.41598975244901,23.35365630160198,-6.525775613864795
0,0,119.49529582458383,82.66498302355426,-20.59881495979488
0,0,375.36688811948756,3.5171861162492513,21.986671157387505
0,0,140.52450031272997,57.30383763220085,-16.354158385654955
0,0,112.76935165933293,5.476344186279288,1.0053827094985337
0,0,121.51848750761144,9.065894961374198,-0.9132201753993456
1,240,746.8331745836663,3.6251942281209124,30.348112673019244
1,360,637.1240712359926,2.2487164263117263,54.14096543387912
0,0,149.3242856698432,90.59414637103181,-24.992510677342764
1,0,466.7074732410107,3.2787333670568244,29.033349227615602
0,0,126.54207311406039,92.85613763440148,-21.256334065242513
0,0,118.01302683919862,97.02913147491115,-23.732705614218993
0,0,282.6237831832713,3.789522763508984,18.881895077173752
1,240,888.922821804586,1.452219208836255,57.30776453987896
0,0,104.2609143386031,6.3853669625988525,1.222727497337985
0,0,169.93360255565318,77.10611956769255,-19.445740438318182
1,120,563.7889330628764,37.660592932899085,-6.388033559324668
0,0,189.15486443726087,103.2165632823011,-23.94730274714204
0,0,158.93461053707082,98.26572116050404,-22.75796446472056
0,0,105.55799747431868,15.36489324719672,-2.6052841963913522
0,0,130.08904642825493,89.54310794890749,-20.86675358575853
0,0,120.10655876446424,52.13407158768526,-10.638000504985726
0,0,108.1061393487335,33.52782677380441,-8.225163191999371
0,0,92.21907296555769,14.44580948949132,-4.558037261529108
0,0,171.22815775035036,3.604383017958697,7.525224369264663
0,0,123.84956653619656,8.671775407012229,-0.724836727169162
0,0,277.680921648535,78.91871160546289,-20.238037301367285
0,0,176.53864765829837,7.830804247847667,3.5563953610695336
0,0,132.03007436015585,72.37269607938664,-17.599739050634554
0,0,99.56634649052901,16.316708923533717,-5.334149380330217
1,0,438.06773794417154,4.5317833181551235,9.374100226707
0,0,123.23201208391615,7.5666485497297895,-4.349532524988007
0,0,122.97199691289065,32.56079576390996,-14.896220983299528
0,0,219.6076775750839,4.1409301872694995,12.331348373716807
0,0,141.5360848181854,73.51276676411143,-20.152173085229606
1,240,1046.5164333157832,5.308808563605939,28.002651028954205
0,0,132.77806150013822,10.199781145454311,0.1611921561917029
0,0,134.13308323022582,73.33347490476828,-17.0338595206008
0,0,100.90513498501875,12.791712314514221,-3.254782263063788
0,0,80.29329582621958,6.429900240479009,-1.5431094970818293
0,0,79.48712636661006,4.054605730620354,0.2811959846657288
0,0,63.688792980391206,4.565791303314015,-0.5455152562113597
0,0,59.70537008256965,7.50878019614906,-2.221452656424759
0,0,173.3025090648397,33.870747542951975,-13.031625369364292
0,0,109.20260825932644,21.73753338645667,-6.253097283170334
0,0,189.34899443699106,67.5772272403843,-16.00477821117869
0,0,164.55234163524878,36.6696108581995,-8.934549567945922
0,0,143.44120011714352,4.7961434215547785,3.8196312699647166
0,0,64.39473467984806,6.094577662368624,-1.501313438641887
0,0,153.6806762243727,42.02918773761847,-13.949114901518016
0,0,91.92370629647914,69.55368282536861,-15.817599503950305
0,0,75.40058501374934,43.8886025729152,-11.497192197345782
1,120,361.35141631064494,3.783247115255217,12.843109669800882
1,0,164.56389307873638,2.3663733248122636,15.239984164513274
1,240,227.07582749054419,4.244119207729726,9.833391881791258
0,0,138.03478448319746,21.59871828516326,-5.852314825950231
0,0,166.15249429171104,21.258234135268662,-5.0546970234764785
0,0,101.89484089780386,5.422354118342873,0.7798583643310195
0,0,87.97645676094308,6.61623077088274,-1.8475126741572439
0,0,74.12636103975382,4.827786532360924,0.10912409552581437
0,0,68.8078395344447,5.577329419992938,-0.9649817668630192
0,0,66.19686755646755,5.0790335631475,-0.6086901834816416
0,0,200.55906386257934,2.9140542648188927,14.055639216507188
0,0,127.4610533586226,80.18812886955435,-20.230528805913025
0,0,91.28735099137813,11.843705886276037,-1.8384295610778167
0,0,143.5537104965492,42.457906382921074,-8.843855819897485
0,0,205.5854721475645,87.95638149137193,-17.412074219844044
0,0,109.77573669882189,37.38219745137652,-7.927792954719607
0,0,79.89759370443376,11.398618574302914,-3.898568377881162
0,0,79.45989715438513,38.26902939468832,-12.913492059814132
1,120,395.20845911556165,5.627773755690491,7.67917758781158
0,0,88.65979435999338,5.11290166831224,-0.7978292368138398
0,0,150.62369269752634,5.114248126062401,-0.24122304212295376
0,0,90.60590651407702,44.67197024803634,-12.345308726812021
0,0,66.17976144437455,7.1441635886827095,-1.8789363352877473
1,240,410.6034158684725,5.750226958700189,11.666606106210068
0,0,157.78415931647993,51.026117349617806,-12.441011661131128
0,0,119.17987000020469,17.3512667749922,-5.701294200631409
1,360,514.3266269500126,1.9956080891513521,53.33456041962462
0,0,164.19388413326521,67.9733457249853,-20.998387392061417
0,0,85.56528281188534,74.87650826684018,-17.403952785985368
0,0,74.8325918086993,67.97404602740762,-17.078567036461777
1,120,299.7931278099205,25.863615989185604,-3.9676930348358184
0,0,151.2984375643258,5.633956902657801,3.7612858746051927
1,120,848.4151856144596,2.8743315050602054,33.70182628865935
0,0,298.0450849358536,105.0506408871732,-25.245115275292164
0,0,197.47277662482483,19.843321823324352,-7.341110506597602
0,0,101.44769007506764,11.574634534428181,-3.7943107256588604
0,0,71.56176487660272,5.702582930240404,-0.2920176704141255
0,0,63.63337665900837,9.06776303613481,-2.673695519858086
0,0,179.66433903497622,33.97968427749449,-11.123505844762846
0,0,108.18044721140396,97.76345271182468,-22.818307193846238
0,0,149.39358299471039,68.85654259335229,-17.889299607209608
1,120,647.8653946476338,11.361838257905085,10.551882506624281
1,120,718.1325873254518,8.921564978504897,7.561271488187202
0,0,291.26519246877984,7.111565684110028,5.0233366172279545
1,120,561.3704076799603,14.113269620812986,5.60112617453396
0,0,231.55103127293773,156.84456764675613,-43.420609485534655
0,0,160.31588657836284,112.40273337980831,-31.398921744627188
0,0,165.03877190026617,7.168140373357744,-1.5040558096065269
0,0,74.7706572537489,6.264492147394135,-2.012245154299279
0,0,58.080113724828415,5.156036597476663,-0.02765627979356111
0,0,75.37921087567685,48.04543892042294,-10.628542231331181
0,0,74.59860989573983,46.98103699537342,-9.118515632502806
0,0,97.26289343621208,83.34418973786872,-21.972468047589558
1,360,376.21945039801074,7.107210452808234,26.209711084867777
0,0,604.6966414252935,3.296768184948014,23.38026059518141
0,0,100.58953911976393,5.211614077733811,0.8139874087638361
0,0,68.22280256562274,4.568704868224468,0.19428026212735006
0,0,59.56688879341905,5.496028911262791,-0.7977499775373929
0,0,57.1876371847549,7.4412235736830405,-3.4198793358774395
0,0,74.83886064898257,7.286609703888833,-6.517094081119296
0,0,57.029992288915594,8.43011060705086,-6.056629388743815
1,240,271.28305434881355,9.740130069961014,0.5374253735240728
1,120,434.9667365026418,5.463980599699392,7.046804808800815
0,0,282.35167243795604,6.049372509290749,7.584404629002634
0,0,302.4500731726513,18.731817340760152,-4.690822969316173
0,0,324.053698410948,13.371180983191918,-3.14099236186226
0,0,96.95241013328592,7.210986066792325,-0.8225686989650143
1,120,794.4404934477211,1.8540446843921965,33.20279931632244
0,0,110.85335374433153,5.4605783572609825,1.0272477018910138
0,0,111.80651220490465,83.343604949248,-20.680969841795402
0,0,164.9508267593665,16.938256201807096,-7.904823616408805
0,0,128.5456307439766,75.1449406829728,-17.129393368463525
0,0,103.90539287573954,18.45857666263499,-3.7915577867906904
0,0,128.29084149586353,15.496107901324004,-2.9476050113131578
1,0,451.7542600109896,24.714233809108162,-2.316262602896046
0,0,140.20037973157457,58.05518632543479,-14.379899636844556
0,0,185.62913489646746,42.59305031120667,-13.870035279443158
0,0,267.89291540228425,8.673232866306135,-0.4089673747695173
0,0,68.35364901945549,8.242395264705024,-3.874304471388598
1,240,459.1403368637902,3.66987798980123,13.612865194631937
1,120,797.2014131378986,2.635120245318844,25.296601948725026
1,240,1385.148892276397,2.1631249859545165,45.589798346269575
0,0,198.38483053771785,86.5757099970929,-20.10954744636298
0,0,146.00183432789134,15.678377850865235,-2.747153017257844
0,0,231.9616686516371,52.59067598666077,-14.735504306496836
0,0,116.53893115190424,9.064715457165445,-0.37516593534597575
0,0,127.71763370395945,78.21261905382083,-18.050787740969596
0,0,95.19541177310005,18.2409233917343,-4.262083123321631
0,0,78.0032476609351,15.7083771461272,-4.014709637616932
0,0,112.86545876226505,94.54120965479329,-25.19887541342011
1,120,638.6056940660503,5.6499862475360585,11.99434849821965
0,0,107.10880426865974,7.872379289464401,-3.4102414078629693
0,0,89.61711882202057,4.928523140665614,-0.2069301951855067
0,0,111.82208794911658,9.477529295907162,-1.5679070827023907
1,240,684.9656837546124,4.135573234719261,30.94364574034313
0,0,125.7171934900973,7.725046850204493,-0.330722617073107
0,0,81.24463484942297,5.087471485375386,0.7155579553353704
0,0,71.50802629185989,6.014256313597542,0.6654238210144854
0,0,102.34612938184819,53.701496410930986,-14.038265735651848
0,0,319.3246576093452,3.498906959594083,19.297572994411837
0,0,118.07891201049391,47.16167892227303,-14.711472893881819
0,0,153.85166932895257,15.980796593318955,-7.562423542210553
1,120,557.9910379888904,5.244812563829772,13.361740103175975
0,0,215.3507155885914,45.4672863820128,-10.59517407595213
0,0,185.38703069767985,17.99926671383711,-3.0912862276341286
1,120,753.6856404964785,2.55422606541042,35.51113591530543
0,0,155.88095981138775,48.50402871286383,-14.896321378383007
0,0,82.4426238308237,6.499490086343898,-0.598825045541389
0,0,64.46440609464173,5.9769579899955625,-0.1408279586388943
0,0,97.88110537987845,91.22723420004853,-23.582546273037423
0,0,75.23979436171003,10.355846608607187,-3.677524823808099
1,120,640.5504175529826,2.887925584362853,20.05627449215612
1,240,1077.4241511402734,2.579179528302688,26.466891585043356
0,0,189.6426890374588,8.441375007612193,-0.1986396748704351
0,0,142.36963652680797,18.99486031608584,-3.6961930253843605
0,0,126.6707373766553,81.60325235516726,-17.957245942921276
0,0,121.63293635299983,81.25029993431004,-17.03905364518316
0,0,139.30243921136267,78.8780074296162,-20.16515575470963
0,0,459.5443086401631,5.138261911252018,16.9994661260407
0,0,152.6946318584438,117.41651608426436,-28.537609025814042
0,0,131.57583850093312,107.79527047255901,-25.042491577062535
0,0,144.54750872640892,83.85907806937531,-20.10065983949876
0,0,145.21266328782025,84.47664373129902,-18.48080101933884
0,0,155.27416327850844,21.57581225928217,-4.439750717377834
0,0,265.8341511680652,131.55878418154245,-35.19525086358967
1,120,836.8579380649743,5.6111885006419255,24.41840916582767
0,0,171.81317771508475,98.9500754586033,-25.024029449604996
1,240,1150.9781205843262,2.0218818386981012,52.24649964063151
0,0,114.04746956938143,11.417132368367627,-5.3759877103842655
0,0,75.72026186002039,5.884947637197028,0.29617598791189437
0,0,101.11800348924845,53.34929121997802,-13.722322407927535
0,0,75.03961657483495,7.341208024186916,-0.18205863424027768
0,0,124.6288525333617,89.31450613549677,-21.910793762619775
0,0,315.8599954150362,16.81961450302515,0.048760230593089204
1,240,413.34755819224995,17.838756676676496,4.489287612610411
0,0,102.42254575137703,51.93413524610841,-14.678427059560278
1,120,329.9033539274898,5.668204488709903,5.775929866734984
0,0,58.82526118218698,5.479856076584081,-1.4674644436524744
1,240,310.107059148579,2.1592958839210494,19.895124531308923
0,0,115.60497597422413,16.57545622936157,-10.252499236262253
1,0,429.40599176993214,2.864691291721293,24.29299985470081
0,0,147.66416526455916,91.97216104787353,-22.004034375417646
0,0,125.60405962748081,38.05620243481167,-9.329921258561413
0,0,220.1987850031675,23.275659216862763,-6.1769608222270875
0,0,213.91445966416416,6.95376119677179,2.9260516195354995
0,0,217.86741123706454,3.4967519052325655,12.628348734373205
0,0,113.2841900866466,22.35373634650186,-11.483480342522569
1,0,477.60940592775717,2.58113085422111,23.365053382009464
0,0,299.2471832384165,3.7304031608192743,13.112591209679138
0,0,181.85343393237181,62.921602297471075,-17.740286883560472
0,0,128.38366114186593,88.2054725653454,-20.08618709562178
0,0,104.49527600951826,29.539427598093607,-7.904173690342034
0,0,132.80931501308748,93.67485614262537,-20.66242845506143
0,0,206.54219013046844,99.9179222847217,-22.14358882541225
0,0,146.44982401894757,26.34350002899432,-5.768675153504489
0,0,80.76215520075044,8.557452841469068,-0.6538679710494648
0,0,124.0027847012391,90.76818235240115,-25.074464769176323
0,0,303.60732602826926,11.284737307580015,1.6586535177292774
0,0,136.37139929310044,106.6797970079672,-25.130770559155593
0,0,128.1535391567843,80.82990189253056,-19.180137319033477
1,120,1092.2579730034531,2.0767281075664634,47.359700260672284
0,0,189.77867639376618,13.688097610200822,-7.240879225618187
1,120,902.1602545826851,2.068123006184277,37.46436982005355
1,240,1568.2811016102032,3.0429473622690395,42.7021821155836
1,120,747.2973181579117,6.2521524757809805,25.504937598809732
0,0,195.72484711134166,126.59177734713086,-31.40285828869012
0,0,137.02414087058742,123.36364308621673,-30.371726805984217
0,0,152.32567716640182,106.00198367888481,-28.44437369696793
0,0,96.28731225216647,11.186390842272177,-4.530027033237047
0,0,92.61539857055432,12.155410855438307,-6.963524597614082
0,0,104.28182936631127,95.17031947726664,-22.903220298666696
0,0,124.66103560309799,111.61344923216032,-28.09217717620234
0,0,361.8077833488428,40.712778015104504,-6.704077282132474
0,0,197.69865892407293,40.49587558391436,-8.76610246971498
1,240,448.3872239514355,30.968488545833512,-9.68591165669234
1,240,503.2561950915296,3.5495457736060865,24.285919359339303
0,0,236.05475657821137,27.583241075487727,-10.95795963604941
0,0,70.87858598236973,8.298652290998279,-1.9275222717422622
0,0,79.54924796652372,50.65031124507086,-15.106443004163367
1,240,623.206112201321,4.117517886054736,22.22090873901108
0,0,178.579364887579,65.23481671224766,-18.19772915552791
0,0,144.95636634394288,112.12729071983972,-26.064862267746513
0,0,153.0573290462609,94.7723744306775,-20.91977804169339
0,0,229.5963093825157,24.184586784541146,-5.4248642641857145
0,0,131.9642231970357,14.440970544145232,-2.4912935050228526
0,0,91.84978952782274,20.775016439341247,-4.977620019119541
0,0,143.80158474905141,69.31416495770459,-20.034150738666455
0,0,98.61188438324238,17.921085528976555,-4.644900144549865
0,0,117.21524039475993,90.9980114999541,-20.765069218044474
0,0,123.99229884723907,84.07991879923952,-19.01883412358518
0,0,115.42728325914261,64.3858480272239,-14.34703345688294
0,0,190.76287298217937,53.84066888304817,-16.17825563148736
0,0,249.06474268100615,4.939785736323796,9.503694427629625
0,0,165.92187352006076,23.19748525161481,-5.738276579015874
0,0,242.72940507929997,78.33958316102904,-23.603333339270385
0,0,89.52050159646141,8.227042758508148,-2.75650032792538
0,0,69.60128426852447,26.801181955150586,-12.2912961718976
1,120,263.3720273046257,1.6448111738814426,29.12553305006101
1,360,170.56242504996172,3.765261255361981,16.96624063735925
0,0,81.48760058864734,68.44978961938943,-19.271280202981714
0,0,241.3987785468427,21.663317573817434,-5.755391298774029
0,0,83.63493911500606,6.346842207306209,-0.374468453713348
1,0,314.9261989421734,2.570616842144535,23.531994553988156
1,240,1074.2201276002006,2.513513316273766,53.49355452815281
0,0,194.0854943650069,22.511685226092126,-6.866284033332121
1,0,448.4609083308951,2.818746128351775,21.090470666884173
0,0,106.00978474493168,8.391543436534183,-6.2395228110929395
0,0,50.44539176755585,5.568717324611043,-0.9761890285509054
0,0,62.72266606903319,68.55561470090075,-20.687426830848963
1,240,256.23114939455,4.997053959607034,10.237297154502883
0,0,88.65970933955555,24.88060617170111,-7.286109852703632
0,0,72.76239515960565,8.781676862288606,-1.4398716475496514
0,0,75.68475165715003,7.966839798289536,-0.8608932010971131
0,0,145.53721463919402,59.623015446986194,-12.869999852858498
1,240,397.8158885752955,12.820922867099483,8.60403823267373
0,0,149.6016223380709,80.66880345694292,-23.33821105959605
1,120,464.1561345981332,16.82306728275177,5.504662351161073
0,0,142.68409878622492,72.52975875153008,-17.82196092595062
0,0,89.36073685770535,7.356075011436348,-0.21430659184569834
1,120,980.317389236107,1.4365448658463824,41.408956057563174
0,0,89.8628335554017,5.12719289145671,-0.5846957585289516
0,0,73.27848055334094,10.167251375975555,-2.4181530447288395
0,0,123.9340088350573,82.97146279809627,-20.70478461238818
0,0,135.06707241608106,15.355628679325974,-3.070816198506904
0,0,107.24314789650224,11.486084180968868,-3.6610124745508443
0,0,136.1735624022805,56.90662898609706,-22.477645539777797
0,0,56.671200373209864,12.62275172080367,-5.589940201192306
1,240,228.68341660130267,2.9904589737537153,18.677321600743824
0,0,97.3498750121496,71.00805934469533,-17.060078489245427
0,0,108.70640631198685,75.70869135256568,-17.723816805917323
0,0,119.27928723218331,71.39424364235678,-17.554762053233702
0,0,397.07695894595753,4.506387428378125,16.937960927527314
0,0,182.60017410593255,92.73121667755946,-23.554588884262998
0,0,420.09029105995927,7.796212376519637,11.38974816967162
0,0,131.4557896427058,6.691997897779701,-0.12224430029083067
0,0,79.90800587405433,5.0162193237090245,0.2371172590644619
0,0,67.7212273266118,5.174830602755469,-0.23448600362600303
0,0,63.19870116851758,6.807618188687962,-1.4879080530208881
0,0,165.90973260153748,26.71570896156262,-11.97117852228105
0,0,116.27718156394684,68.24088290915535,-17.191078221336838
0,0,177.94963550860018,4.84103677761343,3.4866154940963554
0,0,69.92489472705282,6.209719202716255,-2.118912288525209
0,0,65.26902251425342,7.863426067387091,-2.5644815208827225
1,120,388.77832939369523,16.989334960961997,0.6863218502344495
1,240,453.817740045494,13.301700333967625,-1.8308048186847827
1,240,487.0927896132634,3.205681942562458,13.831768748241274
0,0,102.67740301584035,6.7781048635992285,-3.43976813031081
0,0,73.80916112223845,29.49244416418685,-8.656756371945548
0,0,50.54233773880797,11.940518183906079,-2.9213807587167793
0,0,70.37685203854147,90.32123057547372,-27.432771699975554
1,240,308.1889300546025,4.553060418943023,10.315362257839382
1,240,309.19090158255307,5.513966941222543,9.176691788866776
0,0,122.28033864699059,75.3007615817488,-17.537457111212106
0,0,190.8150868670703,105.06154250220132,-24.93213624450651
0,0,365.74604339008476,23.907411417548218,-4.372332776842413
0,0,126.94780197948191,33.66382261637696,-9.959345592488816
1,240,982.8905837995381,1.881240852255221,45.20578186799132
1,120,544.298394450548,6.695410518411225,6.510695062995964
0,0,103.11436272209438,6.215412769704034,-1.374974152004853
0,0,79.14087779950003,11.088630970488202,-4.486212505223904
1,120,489.46211650281725,2.472404616508504,19.225288534303317
0,0,87.19072621458982,6.046040658075204,-0.9550690733569098
0,0,86.94796452441626,14.554605441588109,-3.8686506430029226
0,0,105.0342942493531,7.699185295414705,-0.20289853999085494
0,0,174.75575774077623,7.8888770067101746,3.42378930764238
1,240,871.4434359812873,1.476126053514214,51.78037055196681
0,0,101.85710315946214,6.273156133741602,-0.5743603488818536
0,0,70.31058144126132,5.936172593507107,-0.17585527487131003
0,0,127.10190435707796,42.51534562077781,-17.183252688776832
0,0,83.84534769456765,10.839016474601118,-2.110373422477309
0,0,118.22168966576993,86.68449511977079,-21.15199715374378
0,0,83.05587058092033,6.438783071333456,-0.6318391761523543
0,0,138.6566806458368,3.679286273085322,6.427895538880435
1,0,442.1403302771976,3.2260554637107135,24.354959473065747
0,0,187.34125380153324,98.10229079004617,-19.779543522999134
0,0,124.8858183046834,43.09719224935609,-10.490388028553596
1,120,920.2725552173669,3.7445071252618956,29.887056178046365
0,0,160.00873607659992,95.7138696708008,-21.330769093718303
0,0,129.6957645549329,82.75953828979479,-18.088488736793735
0,0,118.17944017619362,39.46419655298069,-12.196063509285324
0,0,80.15928094407006,8.95919901409284,-2.199096256518388
1,0,378.4850523534022,2.5058625574323266,28.161359804087212
0,0,130.64350437960113,72.67019465585251,-18.200561353672512
1,120,640.7772747532512,18.777161922606393,6.243527893989608
0,0,215.17541478182775,74.49064163213318,-17.3180304463783
0,0,96.65224264348412,6.6855453690172,-0.04750280261282569
0,0,80.87489796935289,8.730650445325065,-2.3695988119848863
0,0,85.82061619080055,17.646671663803662,-6.725207805229985
0,0,67.1052882626503,4.762333975742425,-0.26262833071210423
0,0,58.67250779553796,5.697273356397862,-0.7009638331070107
0,0,73.77912623556486,38.88023818771649,-10.100014956305259
0,0,82.11859393813536,4.5144007471398915,2.325276872063398
1,120,353.86070763901165,7.670444920100109,6.0957991706187045
0,0,210.1849644740189,68.47315228576757,-16.47131944808085
0,0,201.92295039031885,75.18599140022435,-17.357850306859135
0,0,163.6173662123146,7.222411103734039,2.0448892557477194
1,0,382.0506054672789,4.066469810253391,14.443407300536705
0,0,113.51409668661906,94.89344011439037,-24.341152659649985
0,0,53.465629461168575,8.185192469160986,-3.26815066102246
1,240,270.4954703569154,4.519323169256683,4.743160358982763
0,0,73.52149163679883,7.502802808140889,-3.29366158013093
0,0,66.3270338467976,5.914070651979498,-1.6601807323277598
0,0,266.8818296833975,8.989315628059579,-2.5776068570603314
0,0,137.11910303162333,8.16955930052423,-0.6947287700274671
1,120,948.5542977906159,3.228200816717798,37.95663333413468
0,0,104.75402154200539,19.218520304670893,-7.262332069773194
1,240,666.9545914491331,1.9311184483635642,33.79850147010272
1,120,479.6132582951912,1.8005329157906238,29.978098666911123
1,240,456.7796253786039,1.9917293522812503,34.2201819565428
0,0,140.50917396180236,21.97722271991998,-11.441774111262589
0,0,95.96737467655272,88.27125045575676,-21.352406876185
0,0,137.0924519583757,85.30240858142189,-23.66136698147593
1,120,715.0631908146811,4.911385134027253,17.29240841174365
0,0,374.2027882846091,5.825692215545255,12.389535250523451
1,240,985.0291992289747,2.5077387542571152,43.41804133243899
0,0,94.14278506828559,4.413088374730241,1.9933601581615932
0,0,55.49597986506215,6.371114996097902,-0.4127084126172491
0,0,70.80680606071766,77.43326909311236,-19.493385831359006
0,0,68.86755222195295,81.64293134602455,-21.343577392790166
1,240,297.79181471956326,15.807361644698688,2.112428727173679
0,0,99.24481053068392,32.16215402470478,-9.510389347051643
0,0,74.10381361963917,6.505947578590063,-0.10236607376099016
0,0,128.03848950030184,65.46742541065215,-18.083754316014705
0,0,149.47423905007275,16.82592263953562,-3.5852511741827158
0,0,169.2412754623088,7.079409529583395,0.4033239617481996
0,0,60.09230376319978,5.693275947145625,-0.9467257135242164
1,240,275.7526354462514,2.5274200950472117,20.949294043698544
0,0,113.36880242638303,66.88516961563936,-16.854221012537266
0,0,77.34249149017458,5.809795982274336,0.033685116215195876
0,0,71.6412589859813,6.640253580588109,-1.4092247273281941
0,0,69.33478487210652,7.047880578901508,-1.700185531120269
0,0,67.55277349910868,5.561200805441412,0.07246403819885927
0,0,122.50420312784735,71.80638966693287,-19.141310841483957
0,0,161.0054363374045,18.15043457229151,-4.184636242341341
0,0,219.9190790987387,8.491829270277073,6.250344191763006
1,240,848.0188770135505,1.9156754713962771,56.91250381225048
0,0,149.6464451128991,83.27029700289339,-20.885759960247583
0,0,74.81736181426793,9.77276632872564,-2.327765765882617
0,0,86.65917276919718,43.38058370279882,-16.041385428988022
1,0,278.07709421674355,2.31091564500172,24.45588295172604
1,240,399.0949587142478,3.635793973097129,16.913538502481885
0,0,167.7195796658835,66.44802207262462,-20.634365387251762
0,0,95.61858683236593,11.837123404486713,-3.1557662909897033
0,0,127.27873553172272,11.46545955266982,-2.127926710231719
0,0,198.30427650688088,44.354603297691426,-10.732075982162044
0,0,97.19847061644761,22.105027911996252,-6.508602770637253
0,0,156.20106742787718,64.26034228176117,-20.81066443780152
0,0,106.13934455613847,8.561947050313439,-2.3301805318379962
0,0,78.06286399194714,30.23142927084089,-11.520098128235432
1,240,651.094538893073,1.9342919193276669,37.50136805029331
1,240,950.9589024938434,2.3317550567756595,33.41408341149052
0,0,141.24828496807442,39.526054193749474,-13.982710266822835
0,0,94.94600148468754,9.522100476753478,-2.2378223389844294
0,0,182.53768975215075,88.46614389793153,-21.87168723562685
0,0,199.2327677044226,11.832434266102103,-1.8612879364016095
1,120,604.1878791252706,3.4322568497353263,17.034540997838974
0,0,245.47184699432069,4.305391157426228,8.294388091498334
0,0,113.03136197663302,32.0121232552351,-12.135710212256129
0,0,115.08045655305528,4.386070328246866,2.6745460835526558
0,0,84.71875698444869,11.172285524152192,-8.693405861368987
0,0,87.37039140382917,8.24805183117822,-6.324404212202836
0,0,70.62377406213992,26.586198136009266,-10.557642166584387
1,240,387.38186303417615,3.0443933153053635,14.882450852467755
0,0,140.12959738305983,11.127194531198578,-1.9991092502181544
0,0,200.8603082779271,120.81161832581105,-26.404292761054336
0,0,130.94241356692294,76.66154304331097,-17.432369878563108
0,0,115.6827413347,94.456104861448,-22.51796737567605
0,0,77.68579835013541,21.081270600989463,-7.059909161710536
1,120,484.04320853253813,4.135022739258404,12.40950858818502
0,0,224.19844113658692,6.9594272389865255,-2.7005961182800604
0,0,105.64974019477512,15.526473591925491,-8.867448664516246
0,0,95.49305132188347,8.407589025540794,-4.643922613473833
0,0,82.26168333501678,9.613312159907982,-1.9831992714618139
0,0,139.9849832863265,35.308327633561525,-9.14724447823454
0,0,243.49565460932993,8.634546572181536,3.8262996170887646
0,0,119.17020034240791,70.42872875110864,-15.545549963515569
0,0,116.3955300134174,89.41817977245287,-21.8221396199516
1,240,1111.3780038837417,2.9506773290297477,41.60956657017137
0,0,151.08525165046152,81.8748253027815,-21.07927940959074
1,0,529.1227677551426,5.654281014582316,11.062713827198195
0,0,107.47992414785199,7.564591862589966,-2.4684615494578708
0,0,109.91170138301248,90.0673240198951,-24.339382535809605
1,120,760.8620909577456,2.5326263381843956,33.77871835470461
1,240,885.7397473003966,5.951713260857407,17.36421731619356
0,0,172.090650416013,13.470824271413282,-2.690155029597719
0,0,141.6026954972169,24.47418529991793,-10.310453619191364
0,0,128.14008325548912,48.58959917122192,-13.306348589390765
0,0,90.47669812067996,7.966060080128585,-1.2108598942189985
0,0,89.07962528203764,16.686436114270283,-5.455490048600112
0,0,72.51349499382017,5.20094033172843,-0.3669493903555576
0,0,74.86505261186588,5.642587047071199,-1.3439837749188541
0,0,109.32008383230186,47.73295964780917,-15.211746878834617
0,0,111.0204585808876,44.57880836702788,-9.4939615410226
0,0,159.49228792899652,57.2679742066034,-11.452320878980174
0,0,188.22318780731482,49.56769423742801,-11.39108516200666
0,0,94.5999683026867,7.846271365394591,-0.6375722638144765
1,0,401.4806548721001,2.0217212023177202,25.452510229424007
0,0,68.02818511538227,5.79157819232628,-0.4669587453609694
0,0,70.43087402474377,70.44728315549423,-17.463973194053537
0,0,75.83830990394391,29.045127796823046,-12.016139667826621
1,360,205.77385476569685,2.2209915346320956,41.056273413235445
1,120,185.09200977838182,20.004266842144197,-6.366475036134403
1,120,555.9336794259103,2.7442180674675285,23.74276082188352
1,240,853.2129682740691,6.284984115311632,16.396144513819166
1,360,331.34861068226945,14.426562002295988,5.211952559335671
1,360,240.23241150028852,14.022519090413395,-4.586153168856399
1,240,268.57094772601346,7.969382906828379,-1.5528214004209673
1,120,440.3305512292019,2.381795319780428,19.797107226117916
0,0,67.75406788773404,5.968262417842965,-1.8445853648809134
1,120,206.37713712047886,11.06127405343835,-2.151361036297601
0,0,125.37622752619161,21.48207100436245,-10.999280138830741
1,240,380.7694948378185,4.135703187746086,8.918560177373976
0,0,225.0131409801262,4.390368253873637,10.989774157071153
0,0,215.6782596593771,102.17568285510694,-26.121654181287916
1,240,510.61243543867823,5.337889614390163,12.769049801900223
1,240,387.9342011426056,4.032054819434095,8.268327641406572
0,0,113.63073339127448,3.83040156373547,4.92643950981055
1,120,437.3351111632919,1.5656306367078288,30.91628543811784
1,240,494.03970756448456,3.202695053461523,11.822387572066745
1,0,477.3266846317997,2.415115185613249,21.25288877615432
0,0,90.24120284392694,9.713451796495692,-4.80747677237288
0,0,174.9611217743594,6.636026497409989,-0.8283440582412283
0,0,124.58276011999509,54.59268900025403,-12.383141821430215
0,0,154.00522757574643,34.98806200875715,-6.551238977407408
0,0,214.42913938666055,97.93777747769808,-18.91691197804181
0,0,156.48305188004002,99.18590410422802,-21.16842495977282
0,0,157.64292336514336,59.80242642993727,-15.956303237711168
0,0,102.48450864647339,6.885175779510071,-1.0810860389364478
0,0,76.11922309859,5.265757562438006,-0.7401390514728377
0,0,69.1387220744228,5.141418235636192,-0.7122714898783755
0,0,71.29624604923451,9.910216020785807,-2.5562755437958486
0,0,109.87645757751402,82.91042097355144,-18.25005084587839
0,0,126.08117165251116,60.587277735448,-12.324711882842493
0,0,148.6858728701465,11.129525563617253,-1.3070859397625725
1,120,477.8529044617253,20.39547599017623,-2.90228455704775
1,240,581.4751792794641,4.812004910440053,19.387600964538223
0,0,137.5889032989996,69.15002706521177,-19.192950902057106
0,0,115.449343228747,6.048737183381826,-0.40842312773800415
0,0,80.69787974974489,12.135079523901192,-8.272708189956717
0,0,239.16820501184054,57.46172334018085,-24.07408060177535
0,0,94.47021011045828,15.243970150832732,-6.657462259685303
0,0,79.14311667102976,6.05988922872205,0.024903188386218744
0,0,132.7621570102333,68.6544006601257,-18.000067088003107
1,120,559.8131960126354,5.449203857607477,25.730794832938273
0,0,201.37573618027645,88.487181849052,-20.682988311368618
0,0,141.76950559625516,7.862603934002107,-1.2694060797454796
0,0,93.27772478540025,6.703658925808323,-1.1740307504356338
0,0,97.2741161340067,45.69148062193036,-12.820494508797324
1,240,1053.4040410095686,1.663643420545746,58.666226266356986
0,0,131.6963294654372,37.14165078891679,-13.2714692238077
0,0,79.56530549321673,7.256740812879481,-0.4689613630788898
0,0,128.10347912298525,79.66038962761726,-22.712390380770557
0,0,183.66804214123675,5.329187273850751,4.645333276055197
0,0,166.6551691283847,7.530286068411266,1.2641959507686664
1,240,975.8292170029285,2.8122534404941786,47.77779822781751
0,0,103.12170848792358,6.407932764236101,1.262769283792835
0,0,65.87975265939004,10.946004816192831,-2.5068547429628723
0,0,48.98560218593501,6.290572095465115,-1.6322127756498048
0,0,73.84692720072611,11.523017011682901,-9.173310212278054
1,120,208.43581066623088,7.885646230071048,-1.3707628424502758
0,0,45.650465794657734,5.660044521567171,-2.0874833434429405
0,0,33.146218098313355,4.363764883889055,-0.9968175762309954
1,360,110.72828301224257,3.363750622599329,14.054962870681607
1,240,321.2468903564547,8.337517270534763,2.754693063883508
0,0,145.35045307740978,15.075919228309957,-3.7656875589623837
0,0,82.05005612917951,10.293810282426511,-1.487622719625719
0,0,116.43565966007695,95.26458595900311,-24.229264981082885
0,0,96.38595863217536,42.16955866542748,-9.57437271894156
0,0,110.18033195840557,75.4013380048989,-19.689531404728044
1,240,1126.7218576854825,3.1695507144600734,36.96494126738273
0,0,171.492820705311,91.78453775558836,-22.688533338563687
0,0,170.924079320408,7.944730637149325,1.9168274008361692
0,0,158.88793998472693,100.60626180897692,-24.57083019090269
0,0,306.8781642964242,100.76180114286147,-24.53578173886323
1,120,480.138435207746,10.144668427758377,2.757937410265569
0,0,92.18829556706032,7.33672780334196,-2.0066917209970825
1,240,398.3596566235909,3.6313327037352523,13.540707549365706
0,0,223.85432374845203,25.50722522782697,-11.092356949123982
0,0,96.42277814978843,13.97311528138202,-4.3787739140406785
0,0,110.92341058511008,62.21088919376412,-15.03793128561314
0,0,77.65427843981426,8.36799847493787,-0.5685955575091697
0,0,104.27234108544855,66.34984978047079,-16.305482622020477
0,0,128.17813840346543,47.324022741034405,-12.059394096952957
1,240,1093.1668528200003,3.594903215387272,46.07772901990559
1,360,748.0594186905752,3.437084514436725,47.562973884968685
0,0,257.2150285733286,23.065642491191205,-7.4359151691171235
0,0,94.82608865916077,17.983398005339232,-4.324090297252454
0,0,109.42666545317563,94.3998857381209,-22.576355042649666
0,0,134.64386334864002,36.107394356284416,-12.359961125048926
1,120,866.1208391629912,2.465404976478553,31.187489546270598
1,120,1281.1977810772173,1.9950729353672734,35.3087499949051
1,240,1420.6459906632679,1.918120212713426,41.09067193920815
0,0,119.03462108420217,7.777645337811989,-1.4834166940229068
0,0,192.56922854054483,110.58424291854261,-28.01814901201226
1,240,782.0207078883396,5.232666016853704,16.25853984202486
1,120,929.7171242389854,2.9174459034512936,27.453246860515364
0,0,147.202186877464,18.312505850677173,-8.5579464739902
0,0,118.9785982836961,56.574274119991635,-14.517108012256685
0,0,102.0114662664009,21.91356198090399,-8.76030069067994
0,0,87.27886973651111,5.1057768131262335,-0.40087236066965204
0,0,113.12634680978569,3.989467678375803,2.8027347533064955
1,120,575.9326629286269,2.271537396131856,19.371706837637163
0,0,98.35975910884825,7.158833841488753,-1.7801951287053015
0,0,117.66130295589181,14.491395928359706,-2.9948118363577123
0,0,173.6634264914914,96.53442196062545,-18.9752626573531
0,0,119.08727707536987,89.07407137703237,-19.862665368172173
0,0,64.1793212305124,7.3785844098501485,-1.457874071203861
1,0,221.42151493197912,2.3399166032086476,17.516828410992844
1,240,409.2613625891698,3.363945326526673,15.196814278615136
0,0,140.17347926504263,68.6781243071339,-20.297027338841815
0,0,77.74125434772257,6.692297511702659,-0.47477899396919554
0,0,87.96249073702089,23.386016410184602,-7.696155077363073
0,0,237.81549583766213,3.664031908497247,11.183737458362344
0,0,485.0905696382358,3.8174067122787387,20.500506884717765
1,120,1012.1761570143119,3.5719263470575306,29.78237052573131
1,120,1231.4356588923615,2.7981068352146306,40.53249641084386
0,0,199.5088007259368,107.43220337444724,-25.578289569713405
0,0,142.24941762770496,96.19065288699721,-21.338716157168832
0,0,110.04375512706254,45.14803872258522,-9.109490642892766
0,0,112.18299403970988,80.53898760275716,-18.67398229576922
0,0,111.92293352445088,64.92400517014481,-16.451494061068615
1,240,1051.761128740903,2.061762753095338,42.660290946011926
1,120,1028.5906788577765,3.751816306182131,26.978631745320385
0,0,340.4548210334094,52.24088214631667,-14.047782132775794
0,0,204.38428072967184,9.297897212320168,0.7403608249076825
1,0,236.96572222950005,6.6476988060833015,4.393880579589975
1,240,767.3795990175928,1.8164029779658626,37.38428624714385
1,240,943.898079828036,1.6778424808231014,37.45165663211341
1,0,218.21365980417457,3.2563033843816394,8.446291136761474
1,120,297.43368596327264,17.57478959093783,-9.178314114596972
0,0,65.07170708211888,6.324060719742493,-2.360362464304359
0,0,53.76723663038444,5.728712513148019,-0.812624301748329
0,0,120.97137532209445,58.0619330534108,-19.204189867455554
1,240,654.5255556661148,8.85552988939462,11.374033697130486
1,360,792.100096179149,2.6817034419520107,52.169892907981406
1,240,1011.7665172087497,1.4382958475151155,46.51946738723542
1,120,532.7315339235579,1.7635045380160683,36.013565752577264
0,0,70.0729436494748,23.957634652609855,-11.37041962666423
1,240,226.8737055696572,2.257532701362504,29.199888819260366
0,0,102.69746783917013,21.418688220431616,-10.894578634660391
1,240,202.4240041706444,3.2333641934051616,19.69026572148384
0,0,106.77515006240812,57.01409291966889,-16.40592526107038
1,0,478.4988330681269,2.417865858014382,30.029458678040854
0,0,160.32296027879096,8.951493882543998,0.39601625646091065
1,240,1069.927933144268,3.0504514727295127,42.621464468462435
0,0,161.37223717835457,11.87323049200946,-5.880996116116094
0,0,145.24845122412088,7.982885387296147,-4.602977271267619
0,0,83.15561655859193,6.1676405931205736,-0.7541098199324097
1,0,461.86489047868974,1.6388664997428715,32.34283616700509
0,0,75.10714547459511,5.389572564874643,-0.6732970616795058
0,0,62.354504901077696,9.692965243287647,-1.9277283458609986
0,0,87.83212606566921,69.47447645551865,-17.837670114540003
0,0,150.22194278859564,4.07790342048507,10.427519417946357
1,240,478.4354871739083,7.223055905384501,10.337047595871937
1,360,353.17621376200674,4.799917925267947,24.906836530929354
1,360,326.83384405613526,2.1888365081699317,34.69495559029065
0,0,88.03308037254321,22.273347765088428,-6.934806319785878
0,0,115.37866290475763,96.14743628596524,-25.010877693668583
0,0,105.77387003401867,37.16634186401358,-10.228161354445007
0,0,88.47167813923292,5.5587601251563505,-1.0966367089729516
0,0,66.94582392944126,4.8380230405781335,-1.2381726408784175
0,0,100.6570113392322,3.634789995719747,5.897703819049383
1,0,277.47816490837886,31.87425392319248,-8.784458918137261
1,120,905.3663639574993,4.09517228260183,29.167233997369237
0,0,351.33984032105525,29.222145478196758,-9.586029116529232
0,0,150.38742656880362,5.518129499113038,1.1390032816640456
0,0,74.54525673698186,8.77478393715742,-2.640596846018923
0,0,89.81455328276807,76.98290965903706,-18.912869754943642
0,0,50.35201665469292,6.013247372736497,-1.0460164510899403
0,0,49.898358934447494,24.443456823783226,-8.710430753947179
1,240,223.90685504297758,7.977790145702708,7.066080664829755
0,0,133.37823777492451,116.73181524476024,-31.787086125038876
0,0,113.76613127254616,49.09513449460341,-10.043592919387223
0,0,129.3488131522034,17.07556962367941,-2.847310322912591
1,240,634.0229337617624,4.119751453703294,43.30319992483676
0,0,137.43028917016895,52.82581515928205,-12.294572221990236
0,0,80.090017627378,8.275091085273612,-0.009611584525245576
0,0,101.11477271261062,42.25191639617795,-13.040328037916836
1,120,691.1613837892133,2.129113616602218,30.720462185806312
0,0,94.55636982216336,5.4121049758036115,-1.721469288818895
0,0,70.04024478908228,4.512841762043776,-0.7998160026764651
0,0,60.73632224376458,4.810729746364331,-0.8907052569401088
0,0,63.65211516350787,6.348933638831678,-1.4283367808525043
1,120,309.47384959967803,20.96653110281857,-3.556099612310007
0,0,109.82080886693443,11.451673702407447,-3.463419098398944
0,0,72.46898962862655,4.882527891233672,1.2460033048510013
0,0,75.88695859847483,98.4805912707469,-27.75353399170711
1,120,242.50669687639783,24.293344833671778,-3.1808756297642446
0,0,77.26122895568898,43.74758909958466,-11.157502790401608
0,0,43.85797990371825,4.900918500658375,-0.6459103396954191
1,240,177.49360855215366,1.5916445930073744,26.845285938646512
0,0,63.89561369747603,4.598093654995827,1.4671736737663679
0,0,107.26144429472498,87.2365427973368,-20.16269343318838
0,0,163.39566691860813,58.053933722648445,-12.263085153438581
0,0,225.31102992219397,8.283986550450111,2.8225812761257743
1,0,321.7184250407629,3.1673888917117416,19.208665222059068
1,240,824.9666848914276,2.4194733498826624,41.27670931285586
0,0,157.87312470263365,95.2020496746498,-26.064682613386594
1,120,732.1600980282923,7.194450446580394,17.43065772565295
0,0,153.52846696852583,88.7260355123567,-21.199806349289233
0,0,87.62510696756276,8.282531798510929,-0.7976812861644902
0,0,114.56903027931351,73.9408175952484,-17.460823958803203
0,0,140.33805616058032,91.73787017973291,-20.70586253854769
0,0,145.0284863473463,11.811596659231315,-1.5570908334449172
0,0,158.6480916615566,21.150788250728336,-7.942413649245935
0,0,230.7287589424017,8.69226286267185,-2.28505029983603
0,0,63.60126160562234,5.687377523650282,-0.9759142630592521
1,120,327.90136067362977,1.6482664353498935,28.72461849404685
1,240,349.18911798127056,10.007547228071575,5.104033128542071
0,0,116.25564305302787,72.27974356714363,-18.348395756078673
0,0,105.07205465981156,59.67676185299731,-14.07579236106784
0,0,127.39122323901164,115.74505303362616,-28.1189668116373
0,0,200.710218864997,73.5615785649095,-18.640360510705577
0,0,263.55904959575264,129.52340211850552,-32.11304254135279
1,120,295.346264173473,4.991456052486225,15.926158140367974
1,360,235.38075989126486,1.6628571596108748,51.21888726979931
1,240,509.9935773396843,1.241435963358032,46.53443153862632
1,240,564.9045372400121,2.6400252952428134,19.113469547109133
1,240,1231.0631106698136,1.6764131103344713,47.842051081247305
0,0,149.92967653148358,52.0965873590588,-15.436721693018853
0,0,81.45015758782347,5.136476410810535,0.014123926791086205
0,0,71.71252311697715,5.006392979732732,-0.8758732043432786
0,0,71.59367021290875,5.18741213139077,-0.22850457023105264
0,0,112.34699279627029,13.91632400375626,-3.107608354627928
0,0,192.2984101058847,51.60272975906007,-11.322885196610414
0,0,156.49921709928762,48.4698041393269,-14.52979478043801
0,0,108.29064503490045,15.089108558081138,-4.756365106975963
0,0,91.77399097347553,11.167261576233193,-3.616785798300242
0,0,126.05630034042893,87.12118782719163,-21.528647803265372
0,0,85.29164736671818,7.739043874135456,-1.1058202171358573
0,0,74.57602279942085,7.402086956222429,-1.5918962237033156
0,0,80.2276600482086,13.451120143720912,-3.024988484872324
0,0,80.02665472907191,7.657631912635775,-0.4617434849715636
0,0,178.5728013097779,72.62707190978435,-18.17273077974039
0,0,158.57053035013158,10.667344013907167,-2.0061421900138043
0,0,84.32719819200017,11.008088069855415,-3.0718518530523227
0,0,149.21600364021268,47.33883738609248,-15.368246962130968
0,0,99.87761198148328,66.61788511791035,-16.08318677137973
1,0,347.06746129516813,30.9591463671273,-0.972358163523225
1,120,1313.5672156132525,2.4585513079908874,34.072939356734025
0,0,105.91168249572495,6.462054138876704,-1.9565840064350226
0,0,218.8244466296031,3.3343322805388826,11.482587202135562
1,120,538.7777793644979,3.263563156078134,17.9500807517924
1,240,1202.7889859277946,4.229739995556677,26.27735623532898
1,240,433.4210876148629,5.2617073597686215,8.9026554825694
0,0,75.16234641086876,4.678336490479868,0.49798067361837184
1,120,199.62510868489923,1.5014303444563315,24.96598508695675
1,240,207.2159374241306,1.9004339667431478,16.614572511769893
0,0,68.552970933923,4.761591709321843,-0.20236486086285765
1,120,465.30678986777485,1.7145578207075183,33.748177113518395
0,0,112.37754347360008,39.97939532782915,-13.806950179352825
0,0,95.23460052691419,5.367722407336508,2.521089556471395
1,240,968.2506538788626,2.01463357325919,45.561645451279944
0,0,243.76103173596843,64.50143402497231,-14.67163189759394
0,0,208.7686146681041,51.183100606022634,-13.540786961181311
0,0,130.2858744098792,36.18542392928034,-11.002455793839886
0,0,93.57495056805287,13.706885749544389,-3.8377131054345455
0,0,119.73283159184496,85.6517728548162,-21.246220581569446
0,0,116.07807503458852,35.501365635297745,-12.110400083314616
0,0,115.47556353177625,83.65235890175944,-20.525500129092705
0,0,128.91355385470612,54.003983739704424,-16.652083437869763
1,120,838.5795679230196,4.477053239927065,17.765723674805102
0,0,129.5026888086319,12.712765850717918,-4.508056361809338
0,0,178.91835837732685,65.21705646524822,-14.7547484588152
0,0,218.02679621786493,13.017017472320818,-3.8686929146170144
0,0,119.41954828249932,11.460052062831371,-5.8183548679738095
0,0,75.96250209150854,6.104055660036899,-0.4579918792203159
0,0,146.4084587419248,38.047502801626976,-15.288343043581193
0,0,121.14799111163,74.99238304909264,-19.496963066702108
0,0,145.2545726956452,4.181416421060784,6.935493080975803
0,0,68.36080774032145,14.301972245182064,-4.778177259850821
0,0,90.17937598153112,87.08813644070243,-23.40980860597547
1,120,545.0686116010105,2.2425240292157698,34.614333054301184
1,360,474.3222210634205,4.481075466597619,32.76430529537467
0,0,172.14082381039583,60.46318342424885,-12.471346828198605
0,0,89.6437755632974,8.57366448156551,-0.3952660878498335
0,0,111.20651730705238,58.88471620352929,-17.37157272958588
0,0,116.1105755139594,97.68223928967154,-24.876866109072658
1,120,868.4878988408693,3.490055037706086,31.99675846238027
0,0,120.48259849299272,77.78603380404194,-20.790057025928476
1,120,605.9256061862131,5.2065698246543715,16.61662268505367
1,120,548.4951392949345,8.802477468644813,9.003536689615586
0,0,137.9693414181789,59.764703954094955,-15.41856603476353
0,0,321.10117666205866,79.39473676233617,-20.165298421407215
0,0,139.05233175535992,15.850607124181069,-2.4333761097560824
0,0,127.75478196726549,74.68456764621936,-18.370128649677085
0,0,112.32078382929942,70.02643749773345,-16.890859934057175
0,0,245.48835229531963,3.986426867793251,17.3970517924446
0,0,100.53271145911299,95.28984016388281,-26.04896814084546
1,120,567.1882542166923,6.025985476720091,14.872326800891145
1,120,875.0710653508443,2.228157451364772,32.27090044771289
1,240,958.4955675461428,3.2975422627866204,20.98677839750043
1,120,1313.8299401022305,2.853367780581786,27.82269019983316
0,0,252.26541074779877,11.910403374842492,-2.6082854809923504
1,240,361.94345329551555,5.602486160102514,15.59457959937896
1,360,185.93183032728766,2.8456522708398277,22.619360973504
1,240,202.35841373686694,2.179198550959957,12.587546058864575
1,360,168.68942480438963,2.2922477573305455,16.71884601584749
0,0,65.43314029942678,11.362447412718327,-3.7900201568278504
1,120,442.5774033440354,1.6193891130087648,32.89846483061994
0,0,78.04261779168331,5.893351266265057,-1.0648167514602704
0,0,167.19878980792114,4.838804112416447,4.693057928372454
0,0,139.25384152909444,81.0896057970281,-20.254438687637517
0,0,271.34395165442237,6.567572838078245,10.242940414985043
0,0,175.4586387044709,44.62889803925639,-9.221838025263196
0,0,85.57683425537293,7.346374559454793,-0.28516966893015194
0,0,70.91754801501631,8.758446856292029,-1.0371552639845305
0,0,83.17474615710549,36.40593977657748,-9.36361173499796
0,0,78.39533924812741,4.277864579480242,0.9893142121893277
0,0,50.55357177266097,7.942493459694467,-4.197138072210976
1,240,314.12417281190125,3.4804989779765587,13.336736443436692
0,0,127.09861690014822,67.8057857361194,-19.14997652237416
1,120,624.9321857942506,4.241978141367624,25.59725880400096
0,0,300.7260400702298,101.97917943932205,-24.06735941513368
0,0,210.5610948910144,43.49894925139877,-13.417570490035814
0,0,96.55731449062334,6.879201550082413,-0.9421233915392264
0,0,72.71133188464012,6.764472881330424,-1.8442260561610766
0,0,70.3074923653532,4.7202702565977335,-1.0713847035008257
0,0,59.85218904265758,5.203321450209529,-1.3590800251037933
1,120,405.2333889819211,4.757383126401015,12.525005205805783
0,0,122.6444415060466,68.28298047023411,-16.866035928677803
0,0,126.47834179385698,36.7852076853668,-13.089120048490088
0,0,184.71551660751823,4.652568339428111,6.580654584329068
0,0,159.12677939870156,21.829440859775634,-6.956021386111587
0,0,123.1392717903224,12.277045986095109,-3.8950809697180375
1,0,279.572342988972,7.665619511527649,-0.39754875501114384
0,0,72.37848820656255,6.6032580294895995,-3.01676137197839
0,0,52.661064053819594,7.419842690963995,-4.098993952177679
1,120,215.193665835817,14.278494967453888,-4.248804552542936
0,0,72.53895578093807,8.384895978231446,-5.423152263814714
0,0,46.988914207396114,6.06219544372241,-1.5713205155408474
1,0,157.6618545826353,27.41099014333409,-9.350597361807374
0,0,82.19964108751176,32.370273797165325,-9.777471972829801
1,240,397.6779967611806,5.574622516493201,15.299206695865351
0,0,146.81006128209657,6.596250493008366,0.650993348751598
0,0,78.40190849395769,7.047521403174589,-1.128985061661865
0,0,72.02706472880277,5.205570810760652,1.0161461192383854
0,0,98.4337042176506,82.3483957913703,-23.807425976089945
1,120,489.6780910870426,3.345952472633729,21.096156198980424
1,120,388.43693265957114,15.363568448284363,-2.4029722513156884
0,0,88.27915219176327,7.109716109606707,-1.4001257623934862
0,0,86.67729912654426,19.08541591694519,-6.196606554879395
0,0,116.4153227713461,8.81249558358083,-3.6576148935676827
0,0,207.92414633526315,30.465516184925516,-10.351187603327077
1,120,543.5431862413786,9.21092253931111,5.219582585680456
0,0,116.15633918163303,10.73641855992263,-2.6993596735676704
0,0,130.1291193946226,70.99435651997787,-19.654726014469645
0,0,521.1023704197199,2.7751527537871623,25.147288039825426
0,0,93.91869953429045,7.062642430542432,-0.9798085355080843
0,0,127.39776414469597,98.85075524804584,-25.69173073009862
0,0,93.49730990421916,15.267520527138496,-3.3191143757700274
0,0,107.7734260353273,31.381024429490076,-11.11188115088575
0,0,118.40330465705037,11.910073980017552,-6.081194480486829
0,0,118.64638375685853,7.908532402017484,-0.5017958393299295
0,0,166.93282320624698,45.79776414884186,-11.266611110341728
0,0,133.7308685429016,72.91698267340614,-19.845973364555007
1,120,719.29494140734,4.288702571672306,16.573294280602653
0,0,98.50391976324644,6.19715527188667,-0.34296024935463265
0,0,89.85684244854872,23.606449231936832,-7.736645999717723
0,0,70.5931213602847,7.477187622631124,-0.46155854665987306
0,0,107.73910045055749,72.37369960553823,-18.486645069987972
1,120,876.0184877658779,1.9130030866692902,39.426607578604674
0,0,110.88320158604186,10.010244655829771,-2.0306333064321507
0,0,158.24646644926807,59.449733915133706,-12.877117335882332
1,240,834.8016677635985,2.9941696290179407,47.430695436550806
1,120,497.09745060724225,5.6073481179637685,9.464677727816664
0,0,94.11873562043581,8.305168893822616,-1.371312373433554
0,0,121.36399970403053,66.01205132646392,-18.813874918676603
0,0,92.32450397650605,19.41790254098059,-4.212149779167731
0,0,97.78829706993444,45.73387418712578,-10.581198023540807
0,0,92.75335840101953,28.42379349712141,-7.861135903237951
1,120,867.2534474276945,2.266720335236466,41.04536733679802
0,0,169.389301712614,85.5376957561015,-18.862592953925173
0,0,206.67230540853578,96.78286326946481,-21.23075445476114
0,0,192.53515234905933,41.65773144966387,-7.764011585894778
0,0,118.68926806570404,22.18081218547314,-5.761663349515899
0,0,121.89352966300262,4.763615456979173,3.9475240384198713
1,120,701.5269395377272,2.4375061372578077,22.090701599684024
0,0,95.23267339698987,6.082864292148641,-1.3786940540455248
0,0,74.12517642165326,7.326308548680778,-1.216804339951608
0,0,81.48181353084516,16.283534803630285,-4.5992415173716665
0,0,78.9091744342746,6.677843847274657,-0.7799641959054355
0,0,115.94426420148982,67.8651020732525,-15.724401162766526
0,0,127.30765381664602,15.39506761806427,-2.5115838797901517
1,360,342.4434377383829,6.705264838386348,26.204596219561864
1,240,295.61565426477745,4.21452962548289,7.832824337156282
1,120,352.87596691979627,2.150268435201681,22.805451186669345
0,0,76.19948239190911,6.756594930304934,-0.9633226060096547
1,240,501.13317807842174,1.3677228934655203,48.1070518300311
1,0,182.07700367571073,3.076674459375158,9.585130692190475
1,240,544.4438587516597,1.8523145719161391,26.222086099895137
0,0,71.8137654543547,6.318604046293198,-2.8676165495351853
1,120,224.67804709446054,48.96833643848503,-16.69955974445419
1,120,387.2340861771553,56.697469589421914,-15.078411640064274
1,240,597.2996819564496,4.4759481879732625,24.287250915183407
1,120,408.44775100723484,5.054864105061165,12.312389554793597
0,0,112.62751489690231,82.02494992721499,-22.16632038589374
0,0,84.68203382333185,45.046068914203055,-16.099308108206557
1,240,330.3948627466607,4.1393080305631225,7.419566469825341
0,0,74.51675788621854,4.894284127903476,-0.681746100547457
0,0,70.7173305519369,4.599838545116428,-0.7855440489664431
0,0,65.95029695067885,5.321899074929639,-0.19550100752361743
0,0,86.27293058812813,22.981517760256548,-4.937609936375267
0,0,174.610248095431,89.40320629591757,-21.014281518962463
0,0,204.23890711702717,29.076359840936696,-9.02757353872154
1,240,595.6166853853579,2.180441678004761,35.785721752586085
1,240,690.0191172027717,2.298050746571814,28.645676254717813
0,0,105.9613684395975,25.619643620546512,-10.045130549350048
0,0,101.88958096671628,72.9316962438878,-16.746803557161087
0,0,121.07284438063955,88.17215405318994,-22.458126621967793
0,0,92.20036280120414,8.726603852461981,-3.320472351372942
0,0,87.47290904777428,33.48459573354722,-11.968816595843293
0,0,69.86298851224834,6.0398444255600525,-1.3767072881828852
1,240,382.535289979306,9.171029667430501,5.478633604779887
0,0,162.64995832635984,16.880273688102108,-4.705374972469599
0,0,211.60013532986233,25.981180160786792,-7.93996717957998
0,0,96.65695844376953,87.82128810037453,-21.521255554749885
0,0,109.04537712961795,109.68763922957483,-33.13409224409619
1,240,424.90276525122715,4.520247279669662,10.444248409225864
0,0,281.62976956830244,3.817571409691208,8.22579182971991
0,0,83.54180772739826,5.3651761402171525,-0.2560762305268298
0,0,209.5933355872499,30.029334265096217,-9.811896918561317
1,0,481.5768449832651,3.0300138775194196,23.22478559852695
1,120,1310.986040464723,3.151267045547029,36.074690506563755
1,240,479.45867980314324,6.875518193978336,5.376019261555669
0,0,96.6488871702041,5.539915582589336,-0.6420054993430568
0,0,90.83853943608948,5.935289093415011,-3.4620294190854537
0,0,62.88265186092763,4.475674745145985,-0.3843071718947755
0,0,101.8346577638729,2.7718996414715504,4.729231862137297
0,0,51.514773166653576,5.388817212906222,-0.4777168711490418
0,0,63.60414096445046,59.40857851349943,-14.646607102047597
0,0,47.56862322878022,14.36435240541288,-4.782705606511129
1,360,126.74353754356142,3.0195267133772057,22.950495662544995
0,0,129.31362602699684,6.404203834327478,3.118334624166266
0,0,335.7651390264964,5.598350224533488,11.843998934774632
0,0,118.93310668142355,33.42769074702299,-9.8396640850723
0,0,110.81332612219738,4.929918330800834,0.035687733933116306
0,0,57.68556788099718,4.560645975658155,-0.7150614164088722
0,0,46.03541566507164,5.521519558455182,-1.0847213977489218
0,0,63.292711100649704,76.71340874023943,-22.487531813525095
1,240,240.27129418052644,5.200212053307264,9.341582787561691
1,240,235.16684846966433,3.8189819415032065,13.647940066430209
0,0,98.87094732536409,70.18407773888501,-20.425326971582663
1,360,363.45942438245976,5.283845399359238,27.733539365699315
0,0,322.27688462071666,62.23773171341612,-17.4240846421998
1,240,876.7790012503684,3.2258429363647596,33.68714747066362
0,0,125.678718907961,42.87409178074765,-15.299666552207839
1,240,709.3688166258067,2.636482721584464,24.295948299784172
0,0,70.80316718597818,6.550161839838395,-2.0887039363000355
0,0,87.46185072282616,41.70684286438489,-16.784879713560358
1,240,533.9515658704754,2.147893633881608,32.090453495029706
1,120,412.3965082385352,4.327193485030879,8.233897411723305
0,0,113.33257238380564,6.651166927486699,-0.8759101920056196
1,240,790.459269745225,3.0675538325306526,36.95916062415475
0,0,211.28993542839564,113.12940182736436,-25.78988013408369
0,0,219.41997512045427,23.720390962915268,-8.777320299306382
0,0,204.99080519715008,8.840282067580466,-1.172133811752957
0,0,108.27604419170906,39.770232321347706,-14.183040729987624
1,240,886.9001062360102,2.2756054222198507,40.38263297096097
0,0,171.136687095295,49.27645867489386,-16.61470476310312
0,0,76.82864496796901,32.821514023978,-11.314800750414065
1,240,343.67757174192315,6.1415859136936986,11.97962740860983
0,0,150.7088151598898,90.66486969607513,-22.14168660277781
0,0,204.81718212702643,95.11848987840119,-21.818440853717973
1,0,514.3899274999977,10.49164391183321,5.727433757460432
0,0,137.8567403503062,32.558810370444576,-8.565048105158752
0,0,85.26490560500353,8.124684895948658,-1.3382665391120128
0,0,108.27934298469718,16.543078071747445,-9.881338612621704
0,0,125.6335673874398,82.48816749133339,-22.305267181435667
0,0,96.36279906490827,5.692615803818384,0.4055960610059941
0,0,90.20654284543497,4.849733703443391,-0.07539150001434791
0,0,234.8098986634451,3.421009821366815,10.829585875444707
1,240,824.7998181120975,2.7772110202172424,31.984647644941035
0,0,263.9832449002726,84.59306720410919,-20.24379680878822
0,0,128.2285498550742,11.871916522516006,-3.7508924940278803
1,120,223.11373905459078,2.6157969521911983,17.77848970226286
1,240,257.3009558958369,3.818200418439105,14.024728098697622
0,0,101.74160006064456,53.429490286560664,-13.306036836236785
0,0,112.79922217316003,86.31652590470266,-18.60466213259936
0,0,122.34346915609993,79.95429283700763,-17.04788841252976
0,0,101.3742664249507,29.799959953137158,-6.000180932066954
0,0,121.3862183784522,66.72070684057948,-16.035493822773034
0,0,463.68673109280013,3.719661279719967,25.481825593801346
0,0,228.29270801323253,73.99023584350498,-16.66985336764644
1,120,916.4974664004236,3.7083925925136514,24.95307110884964
0,0,262.9103776632235,4.537003098065935,11.739936788767523
0,0,134.87026710657355,111.10954915103304,-28.821240988511775
0,0,144.98056882858077,95.48801131017862,-25.289611433082648
0,0,101.79169410261873,23.994178526694988,-8.360627863329924
0,0,113.5802199151403,86.50509496623862,-21.83054110325368
0,0,343.7573775929071,4.566632839407866,10.072691489203137
0,0,72.31393502212671,7.36507470976978,-3.028095448508566
0,0,106.08694929431348,15.687516075515457,-9.484582526644488
1,120,456.7952691391661,37.6235202221909,-9.294460658284493
0,0,240.3673332671083,77.08928343110608,-19.28703166318519
0,0,109.51069965393475,13.279983739262615,-3.371420214265214
0,0,101.90019151735846,30.214425278261448,-9.284363026466707
0,0,119.01905667604862,95.71122007297609,-21.709348385633135
0,0,134.102022430269,111.26606313261878,-26.218588276367647
0,0,122.51356671206791,68.46732605839824,-15.276977263340441
0,0,86.10920389696882,12.445493084859386,-3.640811926963508
0,0,284.35350698699875,3.5636628235965477,13.317154118205536
1,120,848.4671501060662,2.9363642214345798,30.53057809527563
0,0,321.7808413781944,81.61085460723653,-19.981728653232494
0,0,161.82863822472757,24.675612491496974,-5.389192305838293
0,0,104.63219292261266,14.841734849455214,-4.930006329789279
0,0,86.34734047532399,5.4837686553882525,1.4367275437118963
1,120,965.4380417624797,1.3498166749237932,45.3172626822727
0,0,107.57350330976574,5.495169777363225,-1.753918036591287
0,0,75.13367751922976,5.6407658997924965,-1.1093287611060418
0,0,80.79422490990295,9.304965213056938,-4.251673738349865
0,0,81.93939352728951,13.86447996566561,-3.874278051629787
0,0,84.08925432663743,8.502222805068362,-1.982607468864444
0,0,163.21108188003254,46.6337375311831,-13.326665383916875
0,0,331.0526715422428,29.948420456866035,-6.199063592448866
0,0,132.31387258165924,100.88914788953755,-27.180637373733
1,240,654.3685285854572,3.9278442237907707,24.57248919921689
1,240,1222.6756971083316,2.117603297986649,51.997815734889755
0,0,166.27391481300214,79.61333941229394,-21.73186858804415
0,0,83.5404303963053,7.396105958407957,-2.704617205571182
0,0,65.46432579602578,6.069358653100361,-1.799159231580262
0,0,160.15304409975704,56.66484055026989,-16.67934334501156
0,0,133.37398675303263,73.964534022644,-18.51939500301083
1,120,730.8113791466631,10.043296944770553,12.411019798389049
1,240,686.7515663915465,3.147334838421098,33.79465475321976
0,0,177.65289150842867,3.180267552528169,14.874873665640592
0,0,79.61066673081793,53.027679137423476,-15.86373897073888
1,0,202.4450438949947,19.40639808830026,-3.1283425813432757
0,0,75.56886313234759,70.1664402252998,-20.715976022220772
1,360,167.08207375085706,2.504896483021102,25.91303832922064
0,0,71.0793929204848,4.624198871710911,1.2784626205269234
0,0,87.70858003343216,38.73879153762988,-9.607857121259372
0,0,107.57783368406629,32.99988538271447,-7.878969240435779
0,0,387.8513572279762,4.757560006909749,21.59481329469395
1,240,1068.5408530410864,2.600618844761225,48.019908897566964
0,0,109.65914533839998,5.590490773765289,1.9926943802395272
0,0,76.67303489460863,14.615545289104945,-4.3550859582902035
0,0,57.705513675713995,7.187448324808612,-1.5985751387308795
0,0,44.95462452321604,5.532089522529419,-0.4719996353422147
0,0,62.024364872923385,76.45821709361776,-21.949720635252774
1,360,211.53143881608918,2.678762352268516,42.64248402857292
0,0,126.18248200623897,88.93995263373617,-26.778491656958217
1,120,473.6561142731054,2.9934544361446145,26.940090601166034
0,0,166.08230141823194,13.545164622369892,-1.6022950407715513
1,120,521.8939447041672,19.28949270634895,0.37876943790870143
0,0,255.0766171929429,57.44820100577844,-18.020880573994873
0,0,125.22870006245503,8.28863237115911,-2.2711376548458446
0,0,169.0082401102239,5.506519008372624,-1.0893342876374277
0,0,89.0365992724624,5.234610799998206,-0.7038594386727652
0,0,84.3587351064089,12.576562444283066,-4.788903681928332
0,0,102.61672109534074,43.099950141369824,-10.386600648038126
0,0,82.0265961563654,9.088972453054572,-1.6698820677633677
0,0,92.65323833342144,10.058964406567165,-3.034383351105717
0,0,171.77421568243818,75.91293419305927,-17.10766575881688
0,0,209.27418019966424,84.47909839958349,-17.802663934114634
0,0,119.72224371331951,46.06802312696264,-8.464473367314781
0,0,116.52961291191718,73.76768406545423,-16.593484412825646
0,0,82.3613102840754,14.66543190972904,-4.637439204661462
1,0,429.1540138642969,2.20019634298534,28.82867007215043
1,240,945.6411121642997,1.817763310908992,45.5660416991462
0,0,236.1582094469727,22.33690201481855,-8.898238251435274
0,0,129.1408304891348,91.39431769448272,-22.21459456919429
0,0,88.58716423396294,12.757492253235162,-3.576775715555968
0,0,254.74850631923832,75.78815040885668,-21.27472750132715
0,0,211.0062619035344,98.34188807344881,-20.399240101732104
0,0,116.88464692427047,22.66946444478626,-4.518058882495396
0,0,83.15585461581787,6.627664832340206,-0.3978710760686539
0,0,71.21800457430676,4.843216649393265,-0.24401825260521548
0,0,66.68130834323954,8.170880489630287,-3.120585740156187
0,0,61.84108914909051,7.557814451260402,-3.322517240704954
0,0,51.05372433634543,5.740358650725651,-1.4546878482911865
1,120,240.6302391330203,1.9562512735063984,20.574291987126784
1,240,385.6561521951147,2.9648749228232933,21.188974095637306
0,0,199.33014444589313,86.73579768691633,-21.119363467659696
0,0,156.28818503651522,62.963035654190506,-15.443696509345116
1,360,378.33630059536074,1.982751989624304,49.0289745977134
1,240,390.69339775190963,1.9793727597010613,21.674040867418157
0,0,58.585571563833966,4.0869942664275944,1.5009434094793477
1,360,135.48406932353072,1.3932436599792328,48.06194801778797
0,0,79.23729664403756,19.92348479184399,-9.158953715339834
0,0,68.88797979915084,4.924860089721978,0.6443672732416417
0,0,87.95889153848573,27.9382781594836,-8.758514714984287
0,0,129.73218731050272,83.1491591230545,-19.742920453334506
0,0,137.19799066187866,11.190568290613662,-1.3498436774232658
1,240,872.1961502576135,3.077771163651889,40.12859113813222
1,240,590.3172141261537,4.103663900698439,22.229447605058994
0,0,175.69059713100984,79.81973369734274,-22.576233511759128
1,240,1175.897134800205,2.0610922315749827,49.87435404016678
0,0,116.77593412442157,27.209048554357196,-9.501174135178161
0,0,105.09141664752188,71.99152219287056,-19.45006271085977
1,120,465.31091619302464,9.527360866985171,9.950093240413821
0,0,147.2289059670619,113.33620041071885,-27.011804547023395
0,0,129.7342391370692,93.05165918287257,-20.45548248429023
0,0,271.3746723726278,113.72717131153503,-29.031964984793042
0,0,125.04641624373026,9.737235005307852,-1.7520369497639052
0,0,70.4341671497027,6.221537257318959,-0.47580936456284917
1,0,293.86783811187803,2.078061930994572,22.672422417101217
1,120,457.1270075515518,2.2067740869038963,20.00232534466285
1,240,426.22931080266824,4.0819391839292525,7.070466344792479
0,0,75.33396299865944,3.910535653804703,0.072242112224842
0,0,51.69454038041833,11.855822201124337,-6.2024453215767466
1,240,267.33112302116723,3.1967255619046346,6.7890113702208055
0,0,107.85497763930155,4.216013255872478,0.7364031450377126
0,0,103.05463303049856,6.704550096738809,-0.011672325712552833
0,0,152.33293224376402,73.77918490832828,-15.822571702558648
0,0,70.97549227741753,11.302382943229409,-3.4702459640758576
1,240,459.8100711927864,1.8533623181949173,33.997748723156235
1,240,455.6995710805429,3.723647182714621,9.69638958049785
0,0,315.773591978076,3.187081287533634,15.342048976754228
0,0,119.09682203652449,48.70666879935991,-14.964193738769993
0,0,75.32470710699347,8.33128945221448,-0.7529367826411715
0,0,117.04760276346006,102.83009741974818,-25.449757443095002
0,0,123.11290411853423,24.096417265646554,-7.365601623015948
1,120,915.8033368737971,3.8526614342887346,35.42459535334217
0,0,211.78618271996874,42.20277971281282,-9.987007079964542
1,120,684.7247698419545,3.6104170348032105,22.56344619595515
0,0,192.76971806902532,7.994520695454876,-0.8550280146409364
0,0,138.32426206994842,87.85340815683816,-21.374958782306564
0,0,121.84458056292466,56.79882212092666,-13.317059159612981
0,0,134.79007582960472,77.10889189893149,-19.29822835696953
0,0,82.60013269396246,6.1849108089146965,-0.18278253563171631
0,0,87.71105696218784,19.550044915327156,-5.020044867819195
0,0,88.95999585797033,13.021035186733497,-2.8957271729107106
0,0,112.93745406902632,8.434202322492704,-0.37033640343520347
0,0,230.4939891733849,144.2002247720164,-33.29647864965576
0,0,132.2081638372806,110.34381537969081,-26.70126670195193
0,0,108.75285014316319,34.073080795912496,-12.744025158893052
1,120,489.4975303491914,9.33489592199919,7.075169061860933
0,0,105.1162312793122,10.29139983426922,-3.8131427297397664
0,0,116.43461674270614,95.7453255229051,-22.308812713068193
0,0,128.90089147749745,97.9074551047722,-22.708126231698365
0,0,125.61757220906787,17.563081184201508,-7.050577702898281
1,0,465.3258797900841,4.534273182051031,11.498851205659975
0,0,168.25441490017667,13.830547786439034,-2.732199433770475
0,0,212.95760564855968,89.20639965640342,-20.30027696917564
1,120,1035.8935490420797,3.0455676304175596,39.355115711260495
0,0,154.0816892895088,48.837203004999516,-14.401067147604408
0,0,115.93620426398277,65.66953124581572,-14.798922295548195
0,0,128.25123330788938,81.33633605768092,-20.40052410201035
1,120,958.7805107095423,2.427250451944626,34.40256283557099
0,0,110.50023552584419,11.663564820000644,-5.533063744422705
1,120,653.23832356513,2.160497272580501,39.38206386524833
0,0,161.06506400447492,89.43512420322836,-19.69799101149951
0,0,214.55485627407705,112.69190774294476,-26.235391242971822
0,0,167.76628422640252,51.59685660420883,-9.588956425805563
0,0,150.78112787628564,93.55852652477903,-22.799094745238442
0,0,96.80352234254394,11.983459537207628,-2.357260784619882
0,0,79.6106270546136,7.5258789461439,-1.125413110270543
1,120,991.7674430175662,1.7288815321086946,43.862305428711224
0,0,153.84593328341307,53.73424096388464,-16.922505521161696
0,0,113.66664602421727,5.331325632858128,-0.0342030960270705
0,0,78.6157178910328,7.201610497377832,-2.0422897040198222
0,0,75.18393593405044,6.199382973599989,-0.24983588349553543
0,0,129.05198979962321,25.545545126612048,-5.315084882371778
1,120,542.389628940792,13.505987394588399,4.1008431827553125
0,0,151.9291871885587,40.213267458438885,-10.4310281144557
0,0,89.94223697631325,5.8317720318072075,0.6848634795480564
0,0,71.6443593979478,5.627549947699848,0.40762509848272543
1,240,952.56853209511,1.3492849053331213,49.69460456911621
0,0,101.53544250297487,16.060872926487377,-6.9254801449253875
0,0,120.61985548783845,104.40560459930117,-26.15209502739063
0,0,125.1373767761586,84.48307640612687,-18.37246415635603
0,0,133.11266793529362,66.21871273717898,-14.425024584894757
0,0,126.61107570140975,9.867140202199558,-0.9409767740068133
1,240,1063.7453375931525,3.6870363016000307,48.95053961775356
0,0,166.55695351859418,79.76907367571873,-18.296216732425776
0,0,89.87853966428499,11.636188951467714,-1.9118289350081739
1,120,765.5752612776187,2.1043562113146566,46.91174796606997
0,0,154.62306542948633,113.2879806181541,-30.240959567770354
1,0,569.7024105880886,2.992666595919487,27.545420115057254
1,120,931.8673477922015,3.1538721976316655,29.926728087877862
0,0,160.0762082960682,88.15639363888108,-21.62412881161046
0,0,121.54809729209585,55.48511975313822,-12.454702380147296
0,0,222.49639998741955,109.7220695620709,-27.740884211188117
1,120,449.46732359373,20.083996633907752,-5.722847439869909
0,0,132.81746563906154,6.105568620102679,2.271264317148976
1,120,675.6400073132666,1.8502402869705996,40.802643728644156
0,0,131.64795850433654,43.56110289628421,-12.727111229301869
0,0,85.16326083755355,10.291892572829266,-1.988314136767741
0,0,114.65023046547803,51.569436515548716,-15.694826884752828
0,0,123.03271284156538,74.06835205185212,-17.041500114849114
0,0,90.57531049251371,11.047948453479316,-1.7279157099689257
0,0,135.53602247907895,83.20822999335915,-20.18132993105408
0,0,138.9899720982203,11.25674867442754,-1.3006817902266476
0,0,127.58906012983157,10.000291517407167,-0.6730592838502076
0,0,106.51744744729183,56.63344606487271,-13.358094328999144
0,0,138.05619829747425,75.80973705053486,-20.8042444364103
0,0,81.49051395565058,8.32277933386058,-0.6391891530537492
1,240,822.3556732372462,1.2423862448666911,53.30220149903219
0,0,157.80680876111998,2.8133298396104687,8.639440709481264
0,0,56.568977466782584,8.047715703553562,-2.4819884659694083
0,0,52.835656356934614,16.263350571699924,-5.7631428560093525
1,120,275.1169546366239,13.530673957427307,2.353250112693104
0,0,208.64122004404757,67.94152167263832,-17.019941591658863
0,0,135.19276663138083,7.935377629024212,-0.3527672638254984
0,0,89.52840849718035,8.242687659015381,-1.2372109616576807
0,0,76.54304431318346,5.97504704878513,0.11766824552549338
0,0,90.11771916001098,27.25373795635986,-7.643347263450465
0,0,116.43344912869317,89.91208069012721,-20.421670476963143
0,0,127.55335154593959,96.13340135906812,-21.74967022153139
0,0,118.4071249087239,62.865621421359826,-14.178839988336577
0,0,166.45166420837555,53.235113046686884,-17.044992806964004
0,0,199.96870461434872,4.514610567131119,6.4279695142051025
0,0,132.604302397314,7.589402061294675,-0.2666388500997101
1,360,673.3656312486902,3.0981428798969946,45.614907685044116
1,240,642.3010677204766,1.7430647994834845,38.74107824486498
1,240,532.2586842564777,3.1335356769979925,15.80088621198692
1,240,653.738697181953,2.612738769415824,24.443761566383273
0,0,96.59792025173479,38.47849562489902,-11.072320204041262
0,0,80.78138115576022,62.66071437650691,-14.303055126365166
0,0,105.99518390174029,71.07513676537492,-21.381188561434342
0,0,55.19576136299764,8.398528411726039,-3.494340784112026
1,240,294.0449300158655,2.6373497519353135,15.265347132972408
1,240,927.7412039193957,2.737644835806848,35.602336922723055
1,240,1103.0678568961669,2.723030534998465,46.27120619763467
1,240,1019.0348350871155,2.4597375805864545,33.43725882392005
0,0,118.11154852256534,13.918851770618327,-4.088531727688277
0,0,124.3726122697762,92.82588023798901,-21.237496777209856
0,0,145.61737190798772,105.34560537961598,-25.242452163603957
0,0,101.61383134666156,11.723353139307559,-3.005834159733908
0,0,79.67962964196296,5.594786443263121,-0.5036240866396895
0,0,87.96608993555603,14.199952801963263,-6.100734534103879
0,0,97.48337977167208,4.785990390108273,1.2519900221977167
0,0,119.12928850772025,12.468689700147682,-2.4340418876781342
0,0,197.73182823088817,62.20037743781648,-11.598696910699928
0,0,107.80472489251008,17.119239255402128,-1.6147598829788592
0,0,117.27978791116657,57.016071093521674,-11.443396284453613
0,0,133.89390373449984,88.5202043570908,-20.485474194493136
0,0,94.45966190813718,6.436885215670864,-0.16470085270105983
0,0,76.959259032605,9.505649686989614,-4.524050883793876
0,0,80.4720881389638,29.382272875889495,-8.933984185107363
0,0,106.94460146304853,77.7801209413214,-19.733853192110374
1,240,803.8916827274327,2.2453311048403513,52.77036118625129
0,0,332.7067611644695,10.588976924022125,3.8166511211707643
0,0,175.9899484246084,74.31148694542945,-17.53828669163879
1,120,617.2747690481045,3.8533432364537794,25.041767523131924
0,0,110.80676254439628,50.31326363077453,-15.060789660936933
0,0,86.61470708020788,76.47042545852673,-20.850103853755456
1,120,416.0578737178262,8.286692100272486,7.194301038294171
0,0,83.90909035082943,6.838045697222348,-2.980867487656951
0,0,70.72430222783962,9.772642692859842,-5.441677798693405
0,0,227.10672958568372,25.69763890038258,-8.711804581405389
0,0,106.22700629557869,18.71359864836052,-5.071827595089914
0,0,127.45311811775773,11.361071174066186,-1.9534717588470158
0,0,110.51446227910908,18.67293057057684,-4.489736901049369
0,0,61.54273542862924,13.420548694160287,-4.046788508765971
1,240,294.25729973352657,2.756583684563469,24.697359547264
0,0,117.93503475755519,77.94676403938689,-20.139137576231974
0,0,116.71255422202789,65.95912434648307,-16.52243111347775
0,0,82.63751901449446,11.625903710865444,-2.0673409193249768
0,0,129.30019279781843,114.76055056123634,-28.81691343201844
0,0,125.12896542084182,71.48453933716249,-15.526432626039508
0,0,88.22976665343775,7.225677527210385,-1.0263020270647303
0,0,110.60403981241525,8.122203154116926,-0.43973582588149895
1,360,307.10778749493716,12.634595495276265,20.7917266021462
0,0,144.3671860457836,140.1503108871354,-38.82229801994275
0,0,103.85821220076862,127.90303226624742,-33.00576619159652
0,0,89.55361422298473,105.65855392704884,-25.210447267779593
0,0,93.27352477577105,114.70581145849253,-32.166140972612325
1,120,335.61550305590146,4.237155891375676,13.370807364400122
1,360,233.87603417423202,2.8250247095731607,18.83183491817755
0,0,80.54166886529045,7.751142139952251,-3.934155793000386
0,0,76.09478822475535,7.353120384979225,-1.2855274165723216
0,0,190.10793220936696,108.45621156699193,-28.98247549258717
0,0,104.13668247483416,9.162544817720708,-2.058088719789154
1,120,276.7762135014712,5.405750814262805,8.468800771268945
1,240,578.0523244684548,2.0786110727780662,45.87530082789117
0,0,130.30969146853224,52.33067246824027,-15.240269650447615
0,0,118.92928642975004,94.29901331085415,-22.220586570492756
0,0,106.80827402498983,24.761809251248234,-9.565189210778655
0,0,283.43750812579003,15.314265713829407,-5.016023780528073
0,0,133.00909036989012,23.995339079420663,-10.594508298030078
0,0,145.37572115153523,81.69709287976025,-20.323716579193288
0,0,137.93247655633232,11.258788214987435,-1.6326302078390285
0,0,136.90351387338282,16.859071490794946,-4.1370701085769355
0,0,113.98458845355641,22.96001775392958,-10.342141477909976
0,0,70.51823535863696,6.961589964186432,-1.0299955093465911
1,120,790.7763166259523,2.1197723403475823,29.446839588824076
1,120,710.8888460216505,4.134026883945198,17.930900006895172
0,0,182.0692498117799,56.180086881761525,-17.16299401772011
0,0,134.86387356964812,96.51521779110573,-21.81530747032292
0,0,124.7640803737577,63.82717274528981,-13.253287145793564
0,0,98.9004437492647,14.339840015727978,-2.9611372117764603
0,0,112.43535737132996,8.215710674078677,-0.4511597295916374
0,0,190.19604739114232,69.64477989717307,-19.56871384768263
0,0,74.37691627006252,8.441934527588801,-2.9868436371001366
1,240,288.2567612799682,3.672555563624774,17.382225023799535
0,0,114.2655526604652,78.43028315414043,-20.580284140964423
0,0,208.7527668584911,14.836330969423067,-4.2176081013382
0,0,131.09511027328008,98.94914412857771,-22.953423124360484
0,0,130.27219178741646,71.80611532165402,-17.19968049480589
0,0,421.1470837662278,2.7529684635533185,23.395288153993448
0,0,96.90001487146093,5.9027548116783795,-0.3804498871082842
0,0,110.67189745786838,8.603141257365449,-0.7238010726237576
0,0,229.01810238886674,102.8379451386459,-23.006674790221133
0,0,127.27630961522974,48.88933221778792,-9.612269220980906
0,0,90.19364807902953,18.20812649658929,-3.4493479348558935
0,0,83.7657345565761,23.141493546084657,-7.006609940284022
1,120,748.193682966009,1.9748674958248944,38.402302961575685
0,0,100.22950590566576,41.84802960841786,-11.967870768477837
0,0,69.20475461447701,27.376969523853145,-9.266476849751257
0,0,157.3590117830562,87.09553654361886,-27.615580579096488
0,0,113.87128455006425,73.33499102341457,-19.974309984958197
1,240,645.2191958682457,6.959356396537874,17.95203581394445
0,0,90.90107480213395,12.794988213732106,-2.869249290629739
1,360,188.7165670761182,1.6968783431240537,46.19638544068023
1,120,178.45224232892357,6.866299199912136,-1.815238296792998
0,0,50.810577220187,4.585700738739737,-0.7678745142732453
0,0,38.839331150693106,4.970140146280593,-0.7650106124180667
0,0,34.69583744053927,8.303742117882265,-3.340239614915774
1,240,157.01388548572564,10.461326953616783,4.297945151393321
0,0,103.10266390984786,91.73252044679528,-26.301630862264247
1,120,629.7145514144654,4.698500417249789,24.98681442480381
0,0,274.0242946416461,107.59743864805547,-25.60088903140084
0,0,152.39732105535336,51.630712977503094,-12.751834839597763
0,0,73.25266268038413,9.847262803804755,-3.541716695612976
1,120,368.84312255541556,2.3464859994501337,16.640284221045334
0,0,53.48332504829727,4.342304585431395,-1.1922551000638748
1,240,212.09851380041056,2.8958263222906155,4.811872867699961
0,0,96.77823159630172,2.8253308662700385,5.793715648366955
0,0,64.16448799812424,11.445237417773301,-8.591779617124317
1,240,299.4587821041078,4.865918269992578,10.35488621702153
0,0,135.44305546431764,90.9185235652127,-22.51322238699349
0,0,126.70770426302727,13.322725650766051,-2.609342271344815
0,0,247.5854324068577,70.38079774304794,-18.297421473427576
0,0,176.24656277812036,125.52274043079123,-34.273164293402736
0,0,152.1152459147235,88.52971258688686,-23.166715121198237
0,0,100.76436381207571,46.2756988932482,-11.728116741214393
0,0,174.63811212692514,49.69806961159038,-15.419511862128985
0,0,232.05439760917247,3.538134950276681,16.538060890251515
0,0,96.40586475068784,68.37101642629557,-19.913349033476337
0,0,55.0511529342935,12.621271700220383,-4.994253899267321
1,240,267.00194655797503,2.5138488026468373,20.29218180253659
1,360,297.65045407158453,6.258705627894113,18.651747274214202
0,0,170.07351218815947,65.8014263484307,-13.477342552371155
0,0,87.81420942540214,7.997554737650614,-0.8577228300397195
1,120,679.8961984477893,2.7130372374807656,20.953690291564783
0,0,176.19013187951268,4.937851331372409,3.509473869420134
0,0,107.95024587391367,40.03789945854459,-15.515463142180934
0,0,267.69852467321135,14.088765353192262,-2.9923072432223705
0,0,112.37820096498604,65.14220352179692,-16.23374240894347
0,0,108.54620513498323,36.31292950743366,-13.340319115270717
1,120,570.484281206564,5.082216058627354,11.17793567932732
0,0,168.4746745144691,7.6760229732862655,0.6147295878068064
0,0,110.9222429710971,7.204697784216505,-1.183631690787763
0,0,79.43066145982722,4.420339573136771,1.8868938141026348
1,240,529.3440022704556,2.0992900737845184,26.812578277237762
0,0,88.80242464651049,20.626514422839914,-9.584306548254716
0,0,92.3664814006813,101.24030262685703,-26.279713030354152
0,0,108.3626403416617,62.499204423001004,-18.809135213945794
1,240,614.1921320211478,3.0295186572175425,29.03174290627986
1,120,395.66357918733786,21.501753473217015,-1.4075444306677838
0,0,140.14376745603283,57.5300605832594,-14.133598793347602
0,0,130.6128176695708,13.467913865083343,-2.2532356262751136
0,0,145.7937609763557,8.032938961461648,0.8508535402095276
1,120,698.2147246564911,2.4392174110572333,31.820010275930713
0,0,151.97761482995125,56.11813538602892,-15.959838201440164
0,0,89.27412370366514,9.491919788724902,-0.6964777580607944
0,0,119.43648435371666,89.63981465970323,-20.30408141444451
0,0,129.68055156458908,77.4700530193165,-17.549319582918514
0,0,96.97351787398651,11.154582131601986,-3.539661238377434
0,0,133.0843844696395,4.8962316184027035,0.887180708575471
0,0,131.24979078985342,5.502459781187488,2.4668973471970617
0,0,194.01355573853752,86.41717452397877,-20.923196758483613
1,120,730.7017821342606,5.506888562292659,25.79581914332536
0,0,233.07267038907116,56.87298198156824,-15.14122725861472
0,0,143.77546647054757,104.52655476921242,-26.872472023002814
0,0,115.67805954258971,112.82953521796523,-27.15664294878031
0,0,112.76073625496534,97.9647066327013,-25.04360649088438
1,120,697.389278229609,6.42985150809395,18.64173946957638
0,0,153.5483730870383,76.1148523182952,-18.646378931762868
0,0,101.69609712231365,19.5528605642417,-4.9581486568753945
0,0,84.13731354613269,6.439302883440757,-1.008135800905876
0,0,164.74292344870653,5.263630935301107,5.612222473234837
1,0,667.5913605203649,3.8792932314979347,21.05280665872236
0,0,284.76260266175865,4.004852221603597,10.859905190656889
0,0,119.78901309716834,23.383760281246666,-10.58231822131441
0,0,127.76816985221038,62.659927438733355,-17.41797639396256
0,0,337.7504229303066,5.284336333016133,6.7410225203154255
0,0,92.38743043656459,8.317503601952108,-2.8517541263447015
0,0,87.53319420623065,13.603028012466957,-6.3801234835364795
0,0,114.26452107915277,53.716271348119754,-15.130157379672653
0,0,453.82204774767786,2.880543530477922,22.683413036766837
0,0,149.99731879182752,8.57100856657977,-0.1710415948158328
0,0,188.16642816301416,107.93164895459945,-22.950321444676007
0,0,176.4338117904149,129.97150903344917,-35.7550327132897
0,0,102.44453770463113,23.65623207062978,-5.737203936808129
0,0,141.22874160343005,104.64860232023908,-28.136752593269264
0,0,92.73097535375136,10.358553060881137,-2.9722916339467105
0,0,76.36064146584572,10.971376339777299,-3.8719161251920298
0,0,86.71344981671298,5.29473031903321,0.37263476991265065
1,120,815.0057357385559,2.283355676347453,33.042811824862966
0,0,195.64894086443985,57.646209710790714,-16.88346768554169
0,0,170.00317194592145,27.985467352349495,-5.973745321400074
0,0,128.19419026212924,45.603643205215434,-11.078983267213545
1,120,310.87312730167497,14.307410418374067,0.20601591899145433
0,0,128.27048193501594,22.724227011271026,-11.663018455502623
0,0,70.72613300126773,38.631316774639146,-13.285138807016821
1,240,311.095382062242,2.266870142197945,26.106082222905187
1,240,980.0999182921757,1.360297521904981,44.82579176095594
0,0,261.966673475338,4.447332350976041,1.1736078817554727
0,0,79.74969781879989,5.172398495760373,-0.19116288312675067
0,0,89.71134980729107,18.675556704660597,-4.776644913839746
0,0,116.90796519635485,7.084723164458025,0.634259073520326
0,0,137.25888796748745,8.650569599898768,-0.931978204155584
0,0,81.50823221489604,6.194435282839093,0.7446989493045493
0,0,94.71235398545022,36.590476684475554,-9.491911367738822
0,0,122.27414915911598,94.56168447613086,-22.030802875045552
0,0,127.30310805723629,77.22249972282711,-17.025114580434163
0,0,133.53896041061356,82.64626978769142,-19.01164794918843
0,0,87.26352638149594,6.545476762485874,-0.795588841266607
0,0,81.32586337573343,7.469669749784129,-3.18531414924459
0,0,88.33060656074285,16.092325168785372,-4.687758277294023
0,0,172.84555255160618,90.7818562986682,-20.862964992344942
0,0,144.53094674511806,17.06751253601625,-2.8946703825582603
0,0,134.92371662182774,45.61617284288516,-13.61719818761621
0,0,96.93876151899832,24.034702212226644,-7.413384398802592
0,0,238.79651832972937,3.644436300606792,12.034971519368355
1,120,573.7853414063558,1.991266845848973,26.766544489484446
0,0,79.3679900610822,5.473951787153499,-3.1314231252207065
0,0,121.02445074742214,2.937021431794201,8.403913843627677
1,360,199.6478488180063,1.7031414698622147,29.033539449879044
1,240,575.1916928087808,1.41609926137856,37.077489439920114
0,0,134.71804651466832,6.777983935088155,1.336601941767725
0,0,112.57034715450001,12.583445442446926,-1.9305394081985554
1,240,561.9476397725887,1.7501035833505083,49.944852524579616
0,0,81.35334198124269,29.746755018071145,-11.949905332485955
1,120,208.6032669205967,24.628098416064013,-5.659646092840816
1,240,354.8184231950529,6.853268250392398,9.803917998861039
0,0,140.74310486249914,93.04314004000292,-26.020635591495903
0,0,98.45180790288092,20.145462610692917,-5.8089864214992275
0,0,85.72001434072139,5.088294521211945,-0.2978405852561963
0,0,80.32881736514831,6.502664008533788,-1.6330582079317821
0,0,104.17514572091208,7.535581203028605,-0.25849099648220886
1,240,784.6218344996151,2.9745722162243355,40.11291893720518
0,0,90.81511913947969,5.998648864830679,0.29540453095459895
1,120,255.5312158060337,7.103514462382105,4.334584072913245
0,0,106.90367829230249,78.71952249379028,-23.13680267027175
1,120,504.10036868685273,4.087452260601996,12.956344756067367
0,0,87.09938592420582,6.0585468320039775,-1.3197885597991927
0,0,77.6667481040305,14.56387632661988,-5.021075238412848
0,0,104.59860418163744,9.145486678046751,-4.654331998445599
0,0,128.60843250739296,86.57761597481966,-19.71064607597026
0,0,146.75479799750184,24.244690059447795,-4.043750236502632
0,0,156.58580191318188,8.52412710970101,0.700435285391606
0,0,133.4747869841334,52.09523007188974,-15.573766265926352
0,0,102.87416298111434,33.40332094468697,-8.062919453137368
0,0,141.24453273275117,84.77634428960832,-23.143872597729732
0,0,110.78839812982326,6.190904441051221,-0.33789293961457645
0,0,85.02167346840726,6.14292289570232,-2.0206783413119496
0,0,139.34560692166764,49.89259846332879,-17.81266117084894
0,0,139.48311330979772,42.97263588295045,-15.143409530692551
0,0,117.37804886519059,13.8632553388781,-6.063081093845597
0,0,142.59186861525822,21.86780046643002,-5.691888766494486
0,0,200.05499469072515,7.331460193497664,1.7339075587282196
0,0,95.12273630283609,5.99960456104879,0.13431269357678843
0,0,85.35455115465996,6.9105585837392285,-2.4005891890708853
0,0,72.45663332499409,6.239585386370882,-1.239498912770756
0,0,89.08849574771874,16.183640633871025,-8.81838717240312
0,0,103.63340682706645,62.5647224073587,-15.979230304407878
0,0,127.92256696732427,109.9888198084674,-27.468475362033544
0,0,100.43479058684032,29.239274009093577,-7.541721019205795
0,0,132.92597438985965,83.73690778493443,-20.715130589938795
1,120,726.2577751845245,9.885819144902529,12.631508537527068
0,0,171.66062837748655,22.10296671259855,-9.178678707268574
1,120,359.7187518387534,5.741583277513164,4.537836561402585
0,0,154.7581459011234,5.9172048663000805,-2.2339016467767863
0,0,100.37249894605097,3.5797260104088737,2.649637534945086
0,0,56.73002318013541,7.12884718054884,-1.6733166364088845
0,0,73.10659190014918,81.90602846844475,-20.968105064511562
0,0,79.02408239002732,8.743347938987776,-2.710345009281525
1,360,177.68491587334765,2.3240485715494534,25.552440325152972
1,120,327.81670298965986,2.9277647603747377,15.89259447877373
0,0,202.99754070824147,17.102616097387404,-4.7699078753427955
0,0,264.8931676341905,120.58884273976967,-27.954868405706733
0,0,192.2424553217289,80.30438629127468,-21.563336946584997
0,0,105.41327001700158,8.951271879456504,-1.500367611276431
0,0,84.24598666977727,5.134112438909364,0.24543948309010943
0,0,86.55801545225748,16.804003895677774,-5.64081408875991
0,0,74.54981950047916,5.315028259862045,-0.4557620515766132
0,0,95.9704354123149,12.478828743594772,-8.703846950051329
0,0,87.34059457438154,18.206175396283765,-5.42624865954744
0,0,77.2881464263085,7.091764542873327,-0.39560426076261024
0,0,158.78072354458396,80.41292594712412,-18.74731826227844
1,360,475.91371297128165,6.72071706548228,29.312627214061195
1,240,354.8568070887222,49.89808175909955,-17.890499064259657
0,0,191.33298603014615,56.468420160029915,-15.618732695423688
0,0,212.34638805291277,49.382644737035235,-11.528335809032882
1,120,695.7200663055055,5.297058192871374,16.59354238375586
0,0,159.908321271484,21.40788948488307,-10.451984267145065
1,120,807.3639627529719,2.0080535732116958,33.433866526888636
1,240,1167.4807916177415,1.9103532632316829,37.34439241133835
0,0,123.5545116087234,7.1108545522687905,-1.3478674794641563
0,0,134.10292931493925,14.800140856355402,-2.791163051486194
0,0,150.5130981119866,32.076984254846074,-7.309100326821479
1,240,768.2963687307713,2.2912099380190942,46.81271614214059
0,0,187.2277798571654,55.8652431860208,-17.64163022020621
0,0,84.92790159350109,16.369108871794673,-3.9924800525528497
0,0,96.98189522112816,71.69486109146645,-17.357469862332252
0,0,58.441711314982804,7.386028281667979,-1.7987999228604252
0,0,49.23703596076805,9.62442043634681,-4.1610698174813905
1,240,274.14960343096106,3.754633985612721,13.627935025058065
0,0,114.74201853016798,84.97714337489104,-24.43485297625118
1,240,399.4289643383092,7.096752843955107,22.29943883010266
0,0,200.98570775570903,67.91319913240302,-13.85556781951793
0,0,135.54920631497305,6.826048054756185,1.4282362332298533
0,0,120.25648947257703,22.494681233512683,-10.558329080313484
0,0,90.8333815295273,6.4384378836059515,-1.8894038437288998
0,0,85.1611353266076,4.671597433342249,0.026208324471511446
0,0,95.11880269057878,22.451509755059462,-12.076255187026518
0,0,92.79609534110611,17.56895433905275,-8.295022318248982
0,0,108.36188082575035,79.81266569660598,-18.58894237610646
0,0,85.29895345634307,12.72495977640168,-3.2361986047157103
0,0,343.1526668947695,32.79167536509641,-6.61868333770164
0,0,230.36147065094133,115.14808492645426,-29.451304680602412
1,120,605.5345575163917,10.570880062585143,10.489214838723186
0,0,173.03688254491692,102.69613750792922,-25.74399958093148
0,0,105.95233360106991,9.11380701795181,-3.0145949517558392
0,0,102.41966639254892,17.844438511793797,-10.289449910936142
0,0,69.73230643126207,4.975948775844206,-0.6499631306971168
0,0,58.62697651706109,4.759052661815089,-0.6888794354265855
0,0,54.54641493499498,6.42504459977878,-0.7125356874664845
0,0,81.71559139475384,44.856203932205155,-11.595283477861472
1,360,391.9697472368511,3.255059580498154,54.16741689640129
1,120,500.11796603428525,4.818991690535057,25.495542732576325
1,120,324.11402891363787,34.17283779303233,-9.380393565795089
0,0,268.3212143599372,31.656911095633653,-9.037803269333395
0,0,108.1806966046883,21.478262658715213,-9.22744958203478
1,0,400.9049191391776,9.143040131826451,5.861276255599961
1,120,1135.9348990507806,2.7162486114110256,29.305092298848123
0,0,162.5261345606925,16.770080740966947,-10.46069221964936
0,0,127.45207520038691,90.68679565954558,-20.564379446159847
0,0,144.0802477361094,101.2881181211161,-22.267803963440826
0,0,198.2712432327662,90.79470720909869,-19.2039732254333
0,0,192.0504224927987,5.913503912390288,4.216773084420581
0,0,90.64447745270955,13.863678588666856,-4.1091549914166166
0,0,64.27993441664994,7.874498245762912,-1.6027758803819268
0,0,55.84965921843922,11.110085854236411,-4.140737171099985
0,0,59.0069895340512,23.539324883775322,-11.077065192723836
1,240,267.44223906539236,4.9087287678157265,8.697257709664555
1,240,388.65884733838686,2.825278975304466,26.359257487644925
0,0,153.118056310994,66.80742160753489,-19.519377590077852
0,0,167.24268302596232,103.16733996358475,-27.594598006648326
0,0,197.08571824755253,15.83739884292681,-2.4639596225563736
0,0,262.99254141435017,58.99103943831009,-16.406089063575024
0,0,116.40402072114283,9.021756957283968,-0.6526896498064616
0,0,121.2955072393082,79.20088294437599,-19.73148598172085
0,0,89.60104429123999,17.97802841846694,-7.430810871714726
0,0,82.11511943624238,4.566838147141218,1.7566285513061928
1,240,456.29707204555194,2.447080246018839,24.154095330772975
0,0,123.1731325966987,60.983352902373376,-17.00685852709536
0,0,98.59490296779153,9.542713373182048,-3.528395853220175
0,0,97.6307712027081,21.342819116506657,-5.069930656407237
0,0,113.4815848711898,7.90871830704197,0.06667282706735023
0,0,162.73774476244222,50.49480078963671,-11.549503319792734
0,0,186.04403463311712,9.908473386794144,-3.610101599320913
0,0,107.97279329402832,5.522088102947542,0.6260478124816871
1,0,254.11790406376434,26.82529365633611,-6.396699240214872
0,0,108.2706709000377,48.30759027359235,-13.203554591806622
0,0,205.4077227521911,38.438639753532996,-13.154065099600743
0,0,101.73920815232673,19.029090304332225,-5.93055429969489
0,0,88.8915544055107,5.661138292876283,0.643072705059879
0,0,130.33339516660146,88.3473451725755,-21.454255046403688
0,0,134.32007151317762,13.820194861968627,-2.214033988150476
0,0,130.27770111178836,11.843051608884036,-1.040352054800735
0,0,112.35400981640652,99.13998736808311,-23.846009391858395
0,0,98.6532950044987,71.61859310394527,-18.769442168307265
1,240,641.0080315576021,3.1382304557049463,26.56994978021561
0,0,119.52653800147472,21.429264952892666,-11.371270342897972
0,0,158.30721638611794,8.168590067532493,-1.6414438393785815
0,0,121.19957017725176,99.96152874483415,-24.736994621972322
0,0,278.2573828891937,26.71277418904015,-5.570849283475042
1,120,860.0709208391365,3.085512167650846,29.327538525934457
1,240,1680.4415142216233,3.2873551637931517,42.94459925453525
0,0,170.1856824858138,56.1954357781521,-13.35539422964861
0,0,87.36144725376862,5.847726473204726,0.4532784417091591
0,0,60.27443454513644,14.248980288687791,-4.402477721646449
0,0,70.45644250441626,83.51311423351626,-22.584074896174414
1,120,291.7163675922404,3.3566483287027022,16.78501165981524
1,240,256.5721380305725,7.513118280870926,6.787278234042773
0,0,99.45778105943903,76.62519951347554,-22.832875048854945
1,120,445.46587636308675,7.425558368015366,10.080638552653667
1,240,676.7213765940994,7.474744686217125,12.416853281134635
0,0,356.32775135178736,65.59945768590654,-15.9248742926289
0,0,251.5019498881299,65.96544150750928,-16.581632509022768
1,120,686.315581586313,3.44120668761923,31.19917764756886
0,0,113.5370181966602,27.56726768260713,-9.844630999728878
0,0,138.97240120773378,19.32528935052984,-9.189199055227348
0,0,77.69958299712356,32.11095614194196,-12.316870498427221
1,240,243.0553394297959,2.49670380200877,26.62359245850668
0,0,175.2174753985287,7.031034064121931,-0.22292471717004503
0,0,118.7260422390836,69.92690791841056,-16.856720321720843
0,0,97.80380479779609,8.231635334574213,-0.6331707319964579
0,0,188.51371964749498,96.27289871375237,-23.49352225374588
1,240,670.1207978984553,6.566190282265077,25.713748804553035
1,120,341.7367705311898,48.56974162676177,-17.539147975776046
0,0,209.4602049176539,16.62667757586535,-8.258510211571362
0,0,94.30299191331842,14.722511971858854,-8.319460595149707
0,0,84.69501927820431,50.39933585220841,-16.738856493710557
1,120,379.3675418260443,15.33150975852785,4.1995474016754315
0,0,205.06190495529944,12.888383829698533,-4.973672907153087
1,120,496.04233563761375,2.8100079153622497,26.823156748665923
0,0,147.55262978617404,70.55603939972171,-19.806845701755037
1,240,725.2706765651664,7.508236920300805,16.785730277254913
0,0,201.2547124210286,84.92213714648098,-17.205471705937384
0,0,117.25648097514056,44.873260266975954,-9.610150356324226
0,0,110.62408196362827,23.299025493047193,-8.509323549873343
1,120,877.3771823788801,2.3398437302439525,40.50590756557587
0,0,135.43461010082572,92.23548197828437,-21.929102655476214
0,0,151.04039486745816,99.61644570171246,-25.714192809040235
0,0,148.99673026299917,120.7669289238084,-30.176828245231093
0,0,108.30718434407454,24.700018391896005,-6.838839187878648
0,0,96.73255861709512,8.433628363290891,-1.544980016005681
1,120,643.7309981243286,4.200611114838968,27.773644559575317
0,0,164.88129137727336,68.72379557645036,-14.042862773685073
0,0,93.53620958854466,10.704470871709862,-2.2419491053107947
1,120,796.1047175061382,1.7067395442924371,39.41712816914307
1,120,696.4333764429083,3.4710126326312136,17.96769744696796
1,120,924.8625705990169,2.590059484492997,25.273468807909595
0,0,93.08438264172736,9.985234112875373,-5.321193130609018
0,0,69.97788513194267,11.479538699694125,-6.05875353735226
0,0,92.19179840909925,96.37285425021874,-27.47718331453784
1,240,434.2576887231893,5.503894679192016,16.079804889712676
1,360,665.1319346388194,4.172426198468892,40.454632097674335
0,0,134.77439806086738,8.22844877806227,0.23515691296064745
0,0,105.72589583496125,23.417060744370623,-5.311327992668765
0,0,132.10560651713118,93.06067647901172,-21.107791613300222
0,0,124.65261291172283,50.219325641411416,-11.434878554212759
0,0,91.46223803201099,5.8470175974924254,-0.08656705799164399
0,0,102.0110921764744,13.040409919600927,-8.825171766465928
0,0,109.19232645437722,47.551501904685594,-12.382264685437676
0,0,84.85334433754632,5.487287314079859,-0.18269270845175356
0,0,86.32839225374448,11.614675408367118,-3.2289701587048683
0,0,122.97367464953065,6.824514338304175,1.5340420833185107
1,120,1061.310352253471,2.9646572063807826,35.549190935897656
1,120,695.9142756576443,2.732305255449432,33.78325198531667
0,0,117.380667494676,88.6599616178287,-22.144962652870447
0,0,97.02259167070663,67.33764439620687,-19.998473496367282
1,120,268.5408844991939,8.999314791512518,3.73170631263973
1,240,295.50449287631875,3.303363301059392,6.985426425129717
0,0,57.319662588659,5.012926277911211,-2.2374788821198734
1,240,233.56980189319776,2.8925470388793237,10.653408355785473
0,0,100.00327218860792,29.727354114108035,-8.374746582438846
0,0,182.95141053872908,6.963334403081245,3.9869211827597297
0,0,122.87032380529472,9.315197209016272,-1.8287440774974755
0,0,186.0702889443215,3.203606980778237,18.159198426737916
0,0,91.41933671907792,95.78444860359208,-26.825502975787565
1,120,349.5798265693407,13.068788411833879,8.592878526551715
0,0,205.40550088474893,58.15454263405525,-13.862125203654955
1,120,443.5573375744983,14.907770841017063,6.172944866348558
1,240,814.8425871863739,4.840456050024805,16.625964711769456
1,120,812.626070363761,3.5471050933210257,18.804981875321445
0,0,230.0213662274724,4.755093155529009,7.572917317871344
0,0,217.48522736489497,40.63944480010579,-12.834137672247635
0,0,96.55178249413468,14.576857190077195,-5.21458940380424
1,240,270.943290007096,4.9808594660905205,9.517496109632802
0,0,96.82796288440778,38.58956214515895,-10.610809289216832
0,0,125.56470083279099,60.71022773804983,-17.52600150379139
0,0,120.64499886532175,41.14370586186313,-13.155438927058938
0,0,113.43463091738643,68.65092802646443,-17.471777590806482
1,120,912.2688445598772,3.590769987172971,24.144869550995963
1,120,853.4045930048976,2.867016683817625,31.608990378350754
0,0,188.95138218936847,62.8624086937522,-17.243938874767068
0,0,152.51051159826173,14.576015202757558,-2.4336720110547674
0,0,171.57224113031012,50.215196023003415,-10.192748309733943
0,0,177.1213890752987,59.993453769564,-17.897537288007072
0,0,95.40336042799352,6.236717395264976,-0.2510828961114413
0,0,122.46941276468402,4.4591138562899495,0.3213540180593526
0,0,79.96830803659824,5.831265756473535,-1.3387156750118123
0,0,95.40801954798704,81.46690997118982,-19.153020078589265
0,0,92.37536887044996,60.93384801876558,-14.718278623751686
0,0,113.3855117764328,107.07465206036294,-28.77482675623157
1,120,535.128702172489,17.6677547375029,5.401424501628895
0,0,209.86263499008732,41.2559708378149,-9.472307906700621
0,0,135.3542034387477,15.455228649871732,-2.2675339997439465
0,0,123.07577852734495,87.72230721160935,-21.164197798362963
0,0,77.89507899188835,15.397623360925165,-4.1990244429901225
0,0,63.8701699144457,10.99524347658595,-4.663240741116866
1,240,530.0323277351923,2.3769108006297937,34.75243441756115
0,0,126.80595388099292,93.73038218314274,-22.345118745627076
0,0,122.95184140109384,93.63545149704693,-21.733982168749066
0,0,123.2855749597541,22.328834097736483,-8.726858559976236
0,0,117.15959168418033,25.60106033771051,-7.3049999802539105
1,240,1156.2708808969705,3.235283256679771,41.86105097034714
0,0,146.75312026086183,27.497722959321003,-6.388075830938774
0,0,111.02389340657626,12.038799672700504,-5.363760646006256
0,0,190.29031805261712,4.013481914791208,12.289922191900217
0,0,137.41887375938188,114.15071710440873,-31.735800089233813
0,0,331.77806591787703,14.336576750832146,-1.409927492912587
0,0,134.98007950408518,44.268776543085984,-14.432929376731195
0,0,90.10971590279581,10.035470884710637,-3.2279926276288364
0,0,72.63029607132208,5.326751557049354,-0.45019805037088645
0,0,73.87225762317266,6.114654953787328,-0.06121994138780451
0,0,136.30823477581595,36.93659935181184,-8.062639403693964
1,120,900.8350240140159,5.074718039715013,27.451143847713965
0,0,195.31298543833742,90.0797128751191,-22.726831420936975
0,0,120.04171651053976,29.9337935217356,-10.764847050991946
0,0,136.52638588325,6.906076557991122,-3.308324546271365
0,0,62.555827629849,5.467769542637764,-1.2692475611926142
0,0,53.47235174378697,10.199452653080947,-3.4443915881028317
0,0,189.11336312753753,40.212332518607,-11.864162647238814
1,240,1021.905215756995,1.9156772762994274,44.35189526320063
0,0,139.6033888891926,6.493800580388208,1.4412823101310153
0,0,171.0065491451109,53.062549866288236,-12.036282091944571
0,0,190.62758846149146,9.126967469272586,-0.8641533993344552
0,0,93.83404185032052,7.110061748559999,0.21399997010432514
0,0,116.49748652247278,74.50386796241894,-18.496721565998712
0,0,121.23614030158049,93.72794195408346,-20.867757536593373
0,0,100.05046419963722,35.712557352920186,-9.322650540936465
1,120,659.6047899831434,3.312561313126469,22.880261375720252
1,120,795.1220172774309,3.636576398612806,20.489114684718203
1,240,1435.9588290092854,1.9718361609838817,49.36954642460189
0,0,183.51831548217476,64.4973260654021,-15.983917169621051
0,0,136.00176443755575,10.267931581056796,-1.009055208512521
1,240,436.2658941370407,6.8791618422131044,17.410261671850407
1,120,303.37654655180165,13.76921086022912,0.37907590711091643
0,0,243.6112143884394,40.585250778113384,-9.915319706405171
1,0,378.8453576329014,27.801605478229654,-0.8844279222464735
0,0,128.83187755408971,77.55658007634426,-19.169542995750035
1,0,417.6159922698214,4.843592520474326,14.812660417591047
1,120,1151.1907850395053,2.3223007484612332,29.941956436856856
0,0,115.3459243681608,6.167770094921612,-1.6429814693414073
0,0,87.90508493739263,6.134044125879962,-0.25794674945069573
1,120,769.5930324323268,2.76323723441434,37.865294943971236
0,0,145.65462219581917,13.823292075774628,-3.7019683846605744
0,0,92.65888935852308,12.358448020627463,-4.212292445865316
0,0,186.89192645558836,5.968016951014517,2.676902726038648
0,0,117.21681610687453,73.54296640362308,-17.039412953902996
0,0,118.22241517350615,93.66542010895535,-21.239203493629077
0,0,90.33035527504391,27.911033146429066,-7.296741163649415
0,0,248.37580506911692,13.303012498557928,-2.9647778545406993
0,0,147.61488741878824,76.71543023176783,-20.732335136876912
0,0,131.88609508269172,50.62746478099373,-14.513520209010068
1,240,679.3274910710614,6.460479812103812,22.971303864584996
0,0,170.82963861805752,73.5802123850337,-13.320948148110048
0,0,143.07996528085724,108.74127797055819,-24.962175510275287
0,0,140.41761261827997,112.23390273912459,-26.07380799808012
0,0,143.1332674273525,107.04710201867599,-26.059076340566776
0,0,215.3321017807341,12.065394920620909,-2.171138867743963
0,0,137.52075091602862,89.48524997351987,-21.621914835822054
0,0,86.93909405873515,8.375142281606955,-1.677390563217628
0,0,272.4379493042888,3.7933099015442053,11.83857760026649
0,0,132.4993531688467,60.08192290238154,-13.476402008957464
0,0,156.14543005335597,37.70908707074268,-7.100870355772031
0,0,186.51102355801555,50.614007423104724,-10.232673849250034
0,0,143.58616563168658,95.27344442366503,-20.09188319562155
0,0,142.289501930131,94.42739968174484,-20.01725794488233
0,0,147.1839698316499,88.51128813552808,-20.033300022432726
0,0,106.464757447949,6.335561111390735,-0.27450137032204225
0,0,78.52090309875582,5.028287808623839,-0.6330809048165094
0,0,77.48976956062684,9.020475476047219,-3.772324202375856
0,0,93.24054251391908,5.324598758816775,-1.052753489586891
0,0,88.24319421458696,9.52534839997253,-2.535794946765094
1,120,472.2562924403063,3.4769674593500057,26.289361373732973
1,120,665.992386813974,6.791972836954942,17.58900719206612
0,0,160.05792323390384,83.98199197391415,-18.565169877127786
0,0,118.62394969732767,60.573250028163486,-14.917710815116877
0,0,75.98185841118966,7.99216710174682,-2.19964578750168
0,0,140.05226279280234,54.62736118977225,-20.33174290192025
0,0,69.26960820445987,7.46467016805766,-2.8538729910013956
0,0,53.69247532537886,7.66590919848328,-2.8690907720768735
0,0,88.4622918828956,80.51410159812013,-24.3163445061259
1,240,537.5571125983112,5.141881644520045,14.01393826919896
1,240,877.6458923066818,4.594447299406332,25.9732436756005
0,0,192.3847681986114,29.023866037711922,-7.948299971509158
0,0,124.26939745824082,112.79096082783596,-28.04643928974771
0,0,84.64517462951446,59.823208084810396,-15.411200206006853
1,120,352.7582079453614,14.599398625521916,2.0639537537061585
0,0,144.40858533098154,10.057344505989727,-3.957458020272213
0,0,115.43271323110588,59.414859576462646,-14.603099043236668
0,0,85.9725647173047,9.08718469648415,-1.8232804713752415
0,0,112.95397070608365,67.51362245336598,-17.284514340349915
0,0,134.83276742545777,91.54953936541281,-19.820467729398302
0,0,217.12297228335464,117.04302386555617,-27.417379548491922
0,0,143.61945963514395,9.234512623486182,-0.9174948923750605
0,0,90.1031126487904,8.237790956768482,-1.4533774282541287
0,0,79.08276349622312,5.002030077592549,0.18764890266562873
0,0,95.7146712631813,11.103898646237012,-8.47084581314013
0,0,72.73929227263045,7.234557650710106,-2.983324525226436
0,0,75.27789485391985,29.02529732591015,-9.883563156313642
1,240,775.078777802805,2.360242294423419,35.19011470993753
0,0,130.67368096700446,39.00470069915832,-12.063536715134617
0,0,194.6848317714732,4.109945414887443,9.61739450165119
0,0,396.4951017415107,3.983462765594589,20.869717730158015
0,0,205.25260012934098,100.31417794196211,-19.388525808635805
0,0,158.65568682067016,121.5057912970482,-28.035168620638686
0,0,138.33354630176032,95.42373509918836,-20.845343013217615
0,0,129.99034336795415,95.10236126384967,-21.267002363850636
0,0,99.4785827265634,42.60109656945093,-9.579730646028551
0,0,129.82653732438618,71.77642827463707,-20.46242031295415
1,120,538.8537309556332,6.992014314140305,6.974953632736799
0,0,94.5350353602952,5.7134949234616315,-0.9190483741931814
0,0,81.38886918820062,7.595533317296414,-2.0625536590283247
0,0,105.99975233326678,8.475779169012586,-0.737655594144556
0,0,118.72054425077006,19.98524135803636,-8.730995894206131
0,0,44.755693702762585,4.881444046891888,-0.512305619385188
1,360,118.59397715897516,1.8749663320659236,24.974788150592772
1,240,342.2902195733403,1.968001193015176,23.371415259931297
0,0,122.40807335279847,47.153950326983235,-16.134155770079047
0,0,86.85246390060738,13.43343841000851,-3.247553817052946
0,0,70.9368703265223,4.671669629468263,0.04245647614064296
0,0,70.06105212423584,4.4687561001449065,-0.37452657718273485
0,0,72.83421475746204,5.450122553311005,-0.7957156561089107
0,0,100.24520634651985,7.052876099595889,-0.05786991597049962
0,0,127.1300744621483,5.35950017103509,3.2567635924354903
0,0,54.023686611049925,3.6319436634516453,3.6302650067067503
1,360,89.71106073780241,2.240780943998319,20.410700840565397
1,240,185.27631141549796,2.066024806271995,10.297502500882743
1,240,409.44614034073777,1.837102284132756,24.646084079362453
0,0,79.95739141237985,16.94921196392972,-5.314445524208537
0,0,121.04317791586327,128.8290775354037,-34.408343631338134
0,0,124.86268140953307,106.04298385884816,-25.60831826757866
0,0,92.78851718608016,15.238634857120298,-3.7487366417088595
0,0,214.23474865758763,101.85747842970025,-27.206660836162413
0,0,437.49798765007284,9.116751717441606,3.430024370721924
0,0,109.21482853025836,10.373596026187727,-1.0869195216820486
0,0,105.81252599308903,41.959511256402365,-9.275448999843675
0,0,128.31746989699442,95.6849551223322,-22.545385801370713
0,0,97.397849211207,15.589748081667306,-3.9848817299186408
0,0,392.2108878706765,2.9734096329826167,22.176956828252116
0,0,141.50801673764045,75.42280191316286,-19.953575758242863
0,0,88.56190749589585,6.769566769246499,-0.7310770742004564
0,0,380.24118917315127,2.4521075781312445,21.032474012340955
0,0,167.06366399205055,8.898995567061347,-1.316369843008971
0,0,145.37300049752443,13.507079360994359,-4.125535241879803
0,0,92.55948346260284,19.69425487213696,-5.7060022016516285
0,0,65.02641952889715,7.222327175737548,-0.6815241745734397
0,0,86.00211782149721,82.21546106454072,-20.59117964949833
0,0,98.8665829428884,76.7446985412539,-21.510090564676105
1,120,510.8319468731177,6.4133041560115425,10.879751713476153
0,0,123.03622701966269,9.931054530108172,-5.956662305352509
0,0,82.46418501385944,22.228026646983142,-7.656800204637335
1,120,448.7632183357304,7.314142598995844,6.29693807840313
0,0,377.203170871972,4.946465682883241,13.3777927486299
0,0,167.90394931934986,102.37194080406337,-25.686621148744457
0,0,70.54849129844892,7.167777136598737,-2.7005644145694845
1,240,190.20121663376287,2.9997034620769134,7.430123805446456
0,0,101.0158202590255,2.413622305095016,9.608475191076394
1,240,205.67808774451606,5.849122565791521,4.0121784721836065
0,0,153.656779813311,46.30350884098879,-17.55084136102606
0,0,83.67050033013912,4.945930529099162,-0.35442114072711206
0,0,68.78607430235816,4.774339289046977,-0.37015674907529217
0,0,80.03287255709246,4.507834960704706,0.07608882910780324
0,0,124.99381693285447,7.024441204139491,0.02979084376636365
0,0,149.68583791576407,23.814742275099807,-4.6575552090206145
0,0,89.25827022602294,9.522674435955288,-0.16384485251556669
0,0,129.62962999035327,79.25548487448037,-21.290431405964753
0,0,388.7379730258681,3.8386756910024613,14.114143130419578
0,0,95.30293428681922,5.254434953750074,-0.8868743919124285
0,0,74.07394310581206,5.2513151786546945,-1.1099998229798587
0,0,85.06649624323548,15.727384581203534,-6.960766374794147
0,0,104.56626240708384,48.44077768686297,-10.99264349541727
0,0,87.72226832392408,7.261013018636359,-1.1017991298447356
0,0,116.31803671834261,13.644651786468751,-2.5283921303460914
1,120,1013.3787767755601,3.3157302718326958,31.032976228836887
0,0,123.36277351731106,11.829909206594763,-4.082513306631
0,0,95.40317905105947,64.19168376592187,-15.495833261383922
0,0,72.56930807724625,23.202751959007532,-9.91454296549611
0,0,44.433914017662346,9.984449882456547,-4.914365832572827
1,240,168.31294296958438,2.268941945401653,13.940681561966187
1,240,548.1269894630374,1.858652038102805,26.311976687275703
0,0,138.04574645164936,15.61834857698775,-9.439209232861458
0,0,97.6686223016336,12.716605782170287,-2.903494582001329
0,0,144.51178880645855,29.68998900908949,-6.537305196610177
0,0,186.21067469127968,59.235903429105456,-16.91348581550342
1,240,506.1655264579972,2.9703665662711267,27.98125102431682
1,120,470.37092455504336,5.417460574676487,8.156022530650262
0,0,95.97606943332896,10.011414233071198,-5.2912278401649075
1,120,507.61418403029046,4.550929730774034,15.72997557933661
0,0,139.12033676957196,93.61808110912796,-22.583625760274614
0,0,89.40928352771087,18.397978844265143,-4.889156098714793
0,0,100.51842802555619,59.19003723024876,-14.23549451913216
0,0,161.58570649367834,126.48964870727146,-34.70209436166071
0,0,195.39177104406735,21.81003454110307,-6.609563236959872
0,0,142.3002031692402,10.691427739093859,-1.3903821553437723
0,0,88.48589922446864,8.030906640514354,-0.09408612134943439
0,0,97.95764644604944,27.268590504384086,-6.76859961710214
0,0,89.06907707971654,15.63289609637957,-3.2443517422849766
0,0,108.76333599716321,51.885251249184336,-12.956038439404324
0,0,92.64540511708196,18.170831782793613,-5.505803837280908
0,0,84.04588256728165,13.769126932232629,-5.889619525392206
0,0,73.13590694711574,4.8988333862939335,-0.43126565120650184
0,0,107.25335034904279,4.665151672966562,1.4386667540086648
1,120,652.2899489211926,5.181716308274054,14.470619652112646
1,360,707.4396462109696,3.049423129159601,50.15530175536925
0,0,246.81838935274124,3.382639159680634,17.19019564885336
0,0,192.21960182803804,38.01799624492506,-12.7172355234581
0,0,133.21685764784954,83.63484412158846,-20.38346222176982
0,0,138.40638047684158,97.34348784680128,-24.08695230826836
0,0,91.8381020516346,7.475089422718842,-0.17374169416638097
0,0,114.27137939447171,74.7594927857967,-18.87907359947185
0,0,75.92391414878844,6.878503955014803,-0.7790817759611315
0,0,91.6185169328157,18.591289386377063,-7.246279424319269
1,120,503.31935960881407,9.941264867229702,7.599305372972367
0,0,187.36169271478948,69.52662371733857,-14.538386486003546
0,0,164.06985631854707,103.73232518693247,-26.682170500282908
1,120,1081.5830335496757,3.029581377602017,44.859630188041805
0,0,178.955869394501,103.06924708716954,-23.988565126453985
0,0,139.7129972376534,99.45451701067567,-22.771750294868447
0,0,137.10160015748707,99.26837373897379,-22.85844409143281
0,0,98.15771654036993,18.78916633345937,-4.924690674316395
0,0,78.43217576982804,10.481241352526167,-3.2172345018407498
0,0,162.58533145754456,32.267202997861446,-13.69848121757596
0,0,203.94441899247295,28.011337029203457,-8.985592541969922
0,0,240.41943379141546,6.889136639473513,2.6027266111992162
0,0,94.38395404225699,7.616958420142642,-2.5107807191222804
0,0,65.1261881786855,7.283315304413657,-1.8897420166416907
0,0,61.780225851656844,8.660829571856931,-3.8194253483851526
1,240,653.7382890838513,1.6769114892168615,39.20738698788959
1,240,1083.2986779688972,1.780317549280918,54.07038240623807
0,0,150.48894097158225,86.62128741144554,-20.477358044586225
0,0,137.7100177467145,95.42848560428008,-23.052793121202647
0,0,253.26085270612336,5.784459654301299,7.312133162593881
0,0,186.67891058259974,11.109911681082401,-1.5578622904022126
0,0,175.0195138110666,8.712545461823906,-0.7293650738294701
0,0,115.43791648190157,4.473705144583166,2.2971451128808127
0,0,81.7776619824048,5.847037902652867,-0.8285924039740564
0,0,91.55886092559933,13.548465790231882,-6.9081382152414506
0,0,104.65754034914677,41.943028880833374,-11.33774895291782
0,0,88.17334709088841,5.85767780672418,-0.5322102656738394
0,0,85.27985786600465,20.709890118967174,-5.952683489675479
0,0,102.46663168241065,42.967481079553046,-11.35589932722138
0,0,85.92974275678027,8.698738855175305,-1.2615911150890184
0,0,159.08535744138686,75.29241570958159,-16.91758616207099
0,0,148.76614349952402,60.328324670661004,-13.2359082284473
0,0,63.26655314594153,10.03221213207268,-2.8557223741182014
0,0,78.4144518425534,119.64185337445672,-34.24360586724433
0,0,81.41789516567852,59.21054093003674,-20.599412046344014
1,240,186.37202081017952,2.791216391825276,13.077051350125771
1,240,220.14845290396738,1.977323517786733,13.730295738597704
0,0,64.35069409304795,4.294702972195643,-0.25731267523921986
0,0,72.4429733746481,9.581830136708005,-2.9218457464718597
0,0,92.8070743136456,26.57589574882707,-4.841119693243556
0,0,152.558871223304,56.06391609539241,-10.953478844954958
0,0,179.87772899789135,95.51634107002651,-20.8475886927166
0,0,408.4880620308284,15.855895490411594,2.7568594841060587
0,0,155.82751029613357,88.46952267662898,-20.52344995580893
0,0,108.96027733937126,32.87906877563635,-8.499125522972065
0,0,108.50711840569448,43.94930507566776,-13.3772275183305
0,0,134.67586504144228,92.4590950393875,-23.266312327966183
0,0,139.52976119002486,94.63033577235757,-23.36870474521639
0,0,85.8078347849789,6.455798344557592,-1.0408487462663913
0,0,81.10226529224857,10.801632418099496,-2.1579554080969814
0,0,178.22900133127763,103.79236348532571,-25.333093072134773
0,0,189.05892737520443,34.8459258856671,-10.504765661298862
0,0,92.84853594716462,8.781254514951424,0.03212635044530998
0,0,123.72212656790651,94.87562933010273,-23.008117309052246
0,0,91.20318642594766,12.365781342127335,-3.0344890301409606
0,0,134.7714393496306,111.2568797853898,-30.3474840352987
1,120,1199.461626072565,1.9207052852505144,47.3124828677242
0,0,132.9246820792045,6.252129914491601,0.08755500443203346
0,0,122.30754518709877,69.82613656572022,-17.69494529348802
0,0,103.34362316673926,6.514218096050753,0.43099073317569037
1,120,499.6023114107683,3.369674314738777,28.06527642524121
1,120,676.5255348495541,8.983070663159369,12.314714493569028
0,0,182.16378120259742,68.58453646898195,-18.400178483349393
0,0,95.35648582659881,8.217240329498598,-0.091734762815193
0,0,103.1902689689962,39.607108784425385,-10.133124198047952
0,0,81.76535669103504,8.780316867764817,-2.1674083977997753
0,0,320.6423610352511,2.278350228685745,21.507353325124058
0,0,76.19259573644423,5.513418250664837,-1.2810149217672944
1,120,363.2202788949089,7.26733649682361,6.522118966706103
0,0,156.2729720461714,86.93897924435751,-22.221236496559513
1,120,1243.2384001220894,4.840166814294961,32.960889436739976
0,0,142.15140606696525,7.125742747130238,-0.08199643971724413
0,0,83.85745460491579,5.212160060936792,0.8102780746266802
0,0,84.46403575268592,11.407849751465378,-3.281571898498754
0,0,77.34696923323405,6.757778495545776,-1.5905805197144929
0,0,70.97147931275157,7.833885217525315,-1.1908390009915735
0,0,96.4011149422273,51.98130097523335,-13.046642360272799
0,0,69.33125368992164,8.246889473549395,-1.1500733131452847
0,0,84.13992083955972,28.630642617764103,-10.724366696540827
0,0,211.63557184835324,3.1646470182134667,14.744021884198531
1,240,694.5933074469255,4.3373559922189235,19.734598076769686
0,0,115.41148079376312,7.773431791407496,1.3934783985373116
1,360,260.6982592312614,1.3391880514971706,54.42317072960104
0,0,85.6124408147395,3.342106224020333,4.107215628580676
0,0,128.67466909649798,3.3668694952431335,3.8093486998352404
0,0,123.51524350250061,4.6143368808974,-0.313116489801061
0,0,88.51809363026331,25.00792223502364,-10.667765005262865
0,0,68.09297068901486,15.70171705350241,-4.241359464509827
0,0,71.4561524887203,21.266401322023995,-8.432986298763126
1,240,440.35939016171653,3.2423686296093632,14.74048163651777
0,0,158.19623637459335,8.24978002594468,0.23758224681954232
0,0,98.0363073551372,8.497010244770152,-3.499851945800131
1,240,236.9907975906331,10.498236320589863,-6.054743017964668
1,120,437.64127542797587,2.6595805184252788,14.643034998117102
0,0,75.32492249210267,5.449432629081784,-0.6516434273575271
0,0,219.50615183624691,2.3468241931779303,19.622948176031898
1,240,1066.2456186290938,1.4572387573038248,48.47302889699283
0,0,115.18865923027717,18.946194712442956,-8.88333750746554
0,0,91.12902593203613,10.254134901375522,-5.017318348709836
0,0,77.57306124956217,5.571644877520911,-0.6222752234625659
0,0,112.1269145589119,6.711961480299933,0.3813902779828169
0,0,139.40541596567212,33.005339800034825,-8.507759500151693
1,240,869.4768565738015,1.7968380534289639,43.68406716786468
1,240,958.4506767549643,2.2341425102113326,31.888543130287985
1,240,642.3202029870192,6.499079470877193,15.543135045021018
0,0,153.39418002097523,103.50536222558227,-26.763104789426343
0,0,124.71553937178136,102.89186842516575,-23.429993301707526
0,0,118.43344723627855,79.41572417616844,-16.645901214307855
0,0,124.0926002917712,92.96128407232825,-19.866427541826937
0,0,133.37376003186506,83.62768226588787,-16.82580391995951
0,0,209.77666232334548,105.36135857431223,-23.924993902801532
0,0,122.77208552338746,23.191285409293357,-7.436929687855482
0,0,57.908757866380434,5.541511116974245,-0.8208249948834521
1,240,321.3616112672442,3.081413006983508,13.596421536747599
1,120,357.97340694658055,13.079440047775668,1.5845408103109975
1,120,1012.7055962848169,2.0736132959547473,33.49941923245197
0,0,111.21292218003619,8.7599783166151,-4.656170813658889
0,0,77.51428945489933,5.666352658077644,-1.064658232907405
0,0,72.90322301284057,7.67811305113437,-1.4676335301088699
0,0,77.14673476606708,7.327445637665498,-0.9180285715030578
0,0,150.20824883007452,26.47762960170942,-8.65165207454315
0,0,187.90101702820053,55.87161088433523,-10.764709668246127
0,0,99.86463219464001,6.961566500445477,0.026604620853689198
0,0,76.72359371497633,5.215685939241001,-0.12615442459494375
0,0,69.31472571680592,5.574481282821686,-1.480632051444175
0,0,233.23395982767912,5.384466042636516,0.24043029681944006
0,0,86.28635814927736,5.465006687140366,-0.02331287144492933
0,0,148.01423408334273,55.642922435573304,-16.733049430723767
1,120,659.1601897735422,6.63184047577854,14.375244322802786
1,120,1519.6815148841697,2.2887956544426076,38.013467519290174
1,120,1099.1477572204471,4.404105822976737,26.811331264621856
0,0,418.2804213234965,8.753698156103457,2.1775692844995405
0,0,116.04176563960249,5.258835307630627,1.0720714646907652
0,0,80.9364130901433,4.85314903142964,0.158756254429278
0,0,78.75934575068722,4.8429373406307485,-0.7932269148288498
0,0,68.39169283137342,6.0376762856506945,0.0669475925589893
0,0,113.0295368712341,88.86496973725804,-22.092387332835386
0,0,86.01720611519886,9.5513669813364,-2.625331509377588
0,0,82.3264065603283,11.496541789821995,-3.897294945506445
0,0,115.06789620037202,58.57821837995577,-13.171507424368158
0,0,121.45302177047616,9.81707850596988,-0.7138989470211641
0,0,144.41720073534913,23.629694579610188,-3.3776552773447435
0,0,134.75581826118517,73.49727347546883,-16.490907057263755
0,0,117.04623110039627,14.009353224383169,-5.800426419644268
0,0,84.10808351960397,6.306261667325319,-0.16167843229301582
0,0,108.98547739714645,47.0660479337549,-14.10785009640982
0,0,83.74304543573173,9.035452562388821,-2.1320746123651446
0,0,75.38397202019578,5.214506886258035,-1.0153272592543914
0,0,67.8344575457245,5.9098778619612355,0.0164488655665167
0,0,116.80653014598488,82.40852794472735,-18.719899836583764
0,0,161.94078585026514,29.916627087872623,-6.755236503095233
0,0,244.12129167123416,16.820439343764857,-6.220199399498142
0,0,117.52362652688608,5.800797637618267,0.39676129365939516
0,0,109.28512342826286,4.442079180356948,3.9738698219068027
1,240,656.6927833068985,2.004355552269523,40.96041196036347
0,0,183.51398510787422,86.33257510351557,-27.663078021487976
0,0,88.92622574006106,18.30995191271943,-4.727609841485432
0,0,114.01481038519324,85.60046306805806,-19.348737651865534
0,0,135.79839555024716,96.21937250592559,-22.31886278932012
0,0,111.26233605850766,7.7737819426186645,-1.4614301707399022
0,0,154.48530964807193,6.270116225610625,3.479143986304436
0,0,184.4116195545099,18.43734197707112,-4.986317403720307
0,0,166.45791037654203,107.02932011283875,-30.44830183492374
0,0,154.01514662682754,126.25234004106346,-34.64946091815626
1,120,1086.27634309527,4.233046578128117,30.392910016060185
0,0,174.8854989289171,91.97437024932955,-22.49775626018517
0,0,99.76927327156086,14.931587440537506,-5.169173838407104
0,0,121.73261431432115,105.07759892062683,-27.0023938289347
0,0,108.02616345687386,12.900581365188598,-3.392740959626167
1,240,754.8985080545009,1.6462958195290522,56.301140025446685
0,0,163.92086650327968,7.473090041254042,3.6457575532738673
1,120,733.1922688157629,4.168579949855496,22.7807222924217
0,0,92.78114874813419,6.483135858898578,1.2982827235873913
0,0,90.16984235643488,80.52916892961926,-18.64382678306167
0,0,80.20350290780422,79.81456445472014,-18.73814532201905
1,0,213.60598284357098,44.405368003698165,-8.409076417038634
1,240,748.1455273900175,1.9080535910052434,41.76981825921895
1,240,541.0234978734936,2.6746663501816905,18.27449425419171
1,240,807.051087541728,1.9370387563096054,30.42131654073441
1,240,593.8383298911871,4.558956586309428,9.195386410201849
0,0,168.125637276998,8.075890241730525,-0.11587713841723257
0,0,170.6577159566906,33.12257547926265,-7.771636328287798
1,0,495.71490492741185,4.810259117867877,15.856653038886435
1,240,1439.2486438391659,1.6738675200537965,47.44937948998235
0,0,120.87325040077096,8.467894449600283,-4.053779176947515
0,0,81.63874425500663,11.408049193263492,-5.064572729320247
0,0,207.59995773775748,7.9922537370980375,-3.0074933205872867
0,0,167.63886693022923,32.901680602303934,-15.187963811952429
0,0,128.72659957992946,5.119252671272533,3.0601794510701836
0,0,123.52704433927254,44.123759794567974,-13.1747676226055
0,0,169.53690852875926,23.730023731028684,-6.31885606285239
0,0,344.2476621177732,19.79498110224853,-2.671529099635535
0,0,141.07992182903834,70.89861001765811,-18.90589493861738
0,0,87.10360293792257,8.314633805943052,-1.9966574966004487
1,120,400.35385066928654,6.301852288929014,10.844856496037806
0,0,182.74810966777073,62.56643345554523,-17.149160632006357
1,240,845.5345571478061,3.3560723389848466,23.02292807330285
0,0,305.9838626509518,8.50184558030994,-1.3256009067377477
0,0,131.1796659327246,44.487415291106764,-13.947519148085789
0,0,98.14117723119584,13.658669566785942,-2.7946980152151895
0,0,184.02812069956843,69.98009480444507,-16.84617883795501
1,240,457.3280185387177,10.242287517096624,5.271333609240614
1,0,296.05086821804116,52.25457414161522,-22.326466395906095
0,0,81.90471085668078,8.050337325379447,-3.0455219214206863
0,0,66.50034517531586,5.501635391673566,-0.8208672664975438
1,0,305.25679053867754,6.147969856136486,3.7574180219151856
0,0,109.36970175982414,41.80039460447382,-10.549129720295284
0,0,124.82825380023785,97.17155999231156,-22.900076347368113
0,0,90.42813444658685,14.766723976978248,-2.834343505287862
0,0,146.29018964486286,91.57384780104172,-24.449426115211658
0,0,171.36202526374097,10.208354435418473,-0.3053966362763134
1,120,612.9754102032767,5.205810862879649,19.15075311074405
0,0,107.09651598137755,10.849342325524269,-2.003199028882193
0,0,85.4627254917359,26.836550837284843,-8.930422801619557
1,240,749.5330155913009,2.5997333141530845,36.15423511639371
0,0,145.32290645555025,81.98296787993786,-21.356406827669076
0,0,123.2556591016935,117.55330608422307,-30.552686301988338
0,0,72.8630480219475,17.918201293742293,-5.292400877456146
0,0,110.77689203056917,118.1792681556022,-33.79834310408902
1,120,563.2987165543606,9.106867165338715,11.577941395638362
0,0,396.4540652101809,82.25270704595134,-20.564902557384315
0,0,143.3359108069249,9.811831652511811,-0.23108842264282714
0,0,120.23632262472185,50.164175020749326,-11.648508723963303
0,0,81.61586242116981,7.6413354420912665,-0.11827605251733075
0,0,97.23670714135797,42.200335873947246,-12.308928718928456
0,0,80.81073021090191,11.652265223827879,-4.277897990946258
0,0,128.9468591942219,128.72147642919248,-35.02296761637927
0,0,134.30366823670406,115.09975683970049,-27.781565355806208
0,0,124.09340515191607,63.019290875580616,-13.170133596909949
0,0,115.33164093460401,30.492947103004532,-6.733841782409613
0,0,145.53209074080698,26.01955059686008,-5.334513973001819
0,0,124.3761264478735,9.789616904537306,-1.0055096768800098
1,120,844.738403095774,2.0432453492243234,36.15288242474256
0,0,224.7102415002552,20.967527409357565,-9.31104169891465
0,0,148.18721099813882,99.20223486793238,-25.43267971099919
0,0,103.81810522622581,22.18658607065111,-5.517682160842597
0,0,118.60151563779681,29.932183548125487,-12.90640099654911
0,0,80.29230958914066,5.989347296445351,-0.5622019758767607
0,0,82.0405621802876,20.407328789164577,-4.770552517457801
0,0,124.62813836168385,95.56331186961123,-21.427729608556845
0,0,208.1585533504118,105.86604559321306,-24.367059875140633
0,0,106.81186755549578,11.668994871128472,-2.828848195455052
0,0,59.33131416425739,6.7524540312522445,-1.51071887277881
1,240,437.75876233700967,3.0686532441621095,17.21692187686716
1,120,550.9604599268366,7.480294312178663,10.426483763400938
1,120,834.443992449643,2.9450828061023446,28.110760682011247
0,0,121.02617382829565,41.833525406701646,-12.562907144336066
0,0,126.79807532041993,89.99364065368522,-23.143064153110103
1,0,591.0203671552495,4.23280472110597,20.496131772658572
1,120,911.5577562899165,3.1333439060382675,35.74348184219811
0,0,338.047790413689,121.77810064514779,-30.002378577798147
0,0,212.80252836994308,5.252213117971993,6.113320754662553
0,0,54.45802201978936,5.714729477216471,-1.6243978109933295
1,240,176.31859209305676,2.524734399159491,10.076073218331018
0,0,63.98189243779408,5.516279022158142,-0.2679915417508596
0,0,84.58191375573377,20.73536452203121,-8.104424894230391
0,0,75.96433286493665,7.814514094464185,-2.001059028418453
0,0,68.1986227531016,5.574753823197389,-0.45643839740219505
0,0,95.51833073206731,21.561531865556603,-9.863177670414615
0,0,131.29010181344702,89.57818082692509,-20.508306150058118
0,0,213.01832157723442,85.17138705193169,-19.097327227014418
1,0,283.32149490434546,23.922137622351922,-7.297539040365521
1,240,298.82666081681117,4.651520593149333,12.260976704146245
0,0,73.37471802094443,11.90634865991523,-5.542453326704347
0,0,62.37316972119774,67.21109902652954,-19.557939870039263
1,240,254.66180814476027,19.555248451109613,1.4890703698694239
0,0,108.90196465507275,83.22897915997558,-19.57846802263586
0,0,89.99895127638041,24.429571703847582,-4.849912188976063
0,0,79.95878574756038,10.517272634116601,-3.136765200452402
0,0,109.93314920546443,5.134923291649659,2.0487571084377407
1,120,805.2580858601323,3.2113400883259113,32.70084503470923
0,0,159.39293871336815,13.39775818208082,-1.8711583582936129
0,0,102.22250966523168,17.099323954041168,-2.8320291344159614
0,0,127.03183618024103,74.61593078921786,-17.06005735343838
0,0,135.44206922723873,81.75877724982661,-18.466819682975753
0,0,94.94475451826592,6.296124428781378,0.23871301249668875
0,0,74.79390184145382,10.08849803681634,-3.7862685510766028
0,0,99.70013465151096,63.18633827195179,-17.169059994343257
0,0,156.05977479624872,77.51453305255372,-21.20831879557832
1,0,628.0941752298561,2.8361111015612908,31.54726325386335
0,0,174.86545677770405,12.42684121570367,-1.2335386151828658
1,240,742.0909839543444,3.2386442119586163,40.45404029507695
1,120,184.74062597682638,7.3667789895694975,2.147376784129648
1,240,260.7325848160312,26.279635335922343,-14.308434189259202
1,240,230.93911084167138,7.144085526621456,-2.4014610411116735
1,240,258.152497929106,3.255983239685346,5.00897483633797
1,240,551.3406713248484,1.687083246533552,29.92172946951071
0,0,83.53646844390204,5.468240171134218,-2.4481923104976175
1,120,247.78315593709385,14.361469072630197,-3.81264603827411
0,0,94.95393105752323,9.407003607758817,-3.328567365472807
1,120,443.383215717806,5.843238130295593,11.869182248873841
0,0,248.2420395802517,72.95709484101951,-19.79807434182959
0,0,226.8534366972766,9.08339891212629,2.578209075022059
1,240,1059.3780530865215,1.998469537483338,43.78642788140432
0,0,102.90122215246359,25.05250153793413,-11.339445101433526
1,240,789.5815867613353,2.3959965233802745,30.034541839636205
1,240,1121.650467920852,2.033486012277488,49.079256682683635
0,0,134.58000733179446,49.56676651720873,-15.353261674933037
1,120,1143.5555416235472,2.09011101320052,43.48039196323437
0,0,195.6580097111426,37.424157839815855,-13.9991909123695
0,0,435.98852346063785,9.474983480013593,7.6043039913395205
0,0,148.05725442488878,35.85539738823887,-9.885925082751399
1,120,498.4517468295936,2.640585717670997,25.411844936661197
1,120,630.3044798924777,2.6024253272018316,19.71711876433993
0,0,118.89269363330453,3.6855666592098584,3.941553172928465
1,240,255.21310333581891,2.7127112268492337,19.183777809258544
0,0,95.5244295314749,69.04532824326628,-16.590377449189404
0,0,106.56775687437519,80.54502319889194,-19.01766108629394
0,0,158.4628944758286,75.62373817108501,-19.251692593798793
0,0,137.80173779505418,70.69624427644088,-14.370710844729885
0,0,183.80231775272898,59.06431128660169,-12.148296585353961
1,120,328.45850527081166,14.892614166812,-2.0224907367664144
1,240,398.18403840719265,8.872825373832848,5.459801600698995
0,0,112.60254156029468,39.88765932030947,-11.307868205701908
0,0,87.96848184387386,18.1607080810233,-5.252475337940069
1,120,957.2204876997397,1.4541864404636895,48.38902463187547
0,0,91.1814268618903,14.077589392885296,-6.276457633911548
0,0,58.15927342048482,9.807319394635938,-3.0378284876547497
0,0,51.99548439021906,6.50162573799655,-3.035286906857081
1,240,310.96451860432165,3.5647845709044903,13.234312322475901
0,0,290.75402692438075,67.79444372472261,-19.189833370517334
0,0,138.4519514315228,12.300408652473239,-2.882829046658898
0,0,87.9459911040511,6.270122542771651,1.760744749729028
1,240,951.1486227668644,1.5544378682402749,55.795349594854045
0,0,155.6630694332964,70.1267684540551,-18.60864094827639
0,0,84.2960013593428,5.804736838743905,-0.11327215019841219
0,0,68.035785942525,4.905773690132816,-0.6149992218858529
0,0,78.71605901176926,7.765191506074574,-4.6214288308216425
0,0,85.85278225644927,35.92635535069172,-10.968738897644542
0,0,117.66952159821616,25.390218771299242,-10.54248779293006
1,120,650.6987290787325,8.214658415542022,12.69394371155063
0,0,181.55065914914297,60.954683820733216,-11.455448978423462
0,0,106.109462706253,16.119072028570407,-2.9474306409050115
0,0,110.4905658680474,6.680725375154191,0.29937277872809887
0,0,117.11547174497157,87.16536463669959,-20.9029645071857
0,0,92.30824240076223,26.906239952823,-6.898880731753877
0,0,98.26327791598965,50.516773680589075,-14.737232158723117
1,120,796.1866998803308,3.1858968198412168,23.090995939905042
0,0,98.54321054158599,7.268565184643211,-1.7614793715631691
1,120,747.8278910342545,2.8352332417915393,31.42210757242107
0,0,292.6084700423874,98.24425003262748,-23.27433336674138
1,240,1062.9540807183398,3.208748021789115,34.29994849234676
1,0,414.81467086758323,6.843359332096978,4.760322634306775
0,0,252.62644153503425,5.659967813183281,2.0806933128891814
0,0,101.87678255680706,6.379844410184569,-2.7853137168853124
1,120,399.25175907373796,1.646170265953656,28.35229011706683
1,240,311.7058741501527,4.213382609530843,5.390486721480897
0,0,59.316639636686546,8.801808752027608,-5.7566435953417
1,240,239.84338064885839,2.566718251339779,10.13695491053646
0,0,78.2489793984038,9.838639879003958,-1.9998120158025472
0,0,154.3904155033863,89.32796349338578,-20.933965452175215
0,0,194.63502113095848,23.856466221226444,-7.026519870524439
0,0,273.56627253892503,2.8014057469476823,18.007813208747493
0,0,66.2177939202341,6.861271190961049,-2.95822047040366
0,0,54.95934786551598,6.696348165597832,-4.408416883427293
0,0,78.6083211129409,56.9450156662987,-21.315926473217942
1,360,139.55621955028005,2.7372046650510566,20.471138680822804
1,120,237.44219943526122,2.0300621110012744,15.831406317366074
0,0,100.76143910901408,3.6137800205981,2.2258857394141813
0,0,97.11231657277172,5.2174375977484155,1.2796515096734424
0,0,170.96442435217676,95.71277950929799,-23.57466790095981
1,120,918.4750191124198,3.8033397483506994,28.55766675416463
0,0,126.93855175584513,13.835694467772257,-4.65924078963279
0,0,157.81461930534272,6.734148252275609,0.18337418568991382
0,0,126.73814157977328,78.21162274728184,-18.349267608119447
0,0,132.46013040685744,79.69806156617136,-18.817668796041943
0,0,106.53890660580214,5.169627969424585,1.0449595081983034
0,0,75.07220774267286,5.899204567181641,-1.5888949391023175
0,0,98.94550458131887,29.29143931994499,-12.013270482019678
0,0,78.15717432962629,6.484521573292259,-0.5291350057481736
0,0,122.96502523698793,24.497674309516583,-4.971406091847044
0,0,129.977397589286,9.96728705839987,-1.2588645959796594
0,0,113.52669104747747,23.833211849037337,-10.088321571055246
0,0,119.037761172373,88.77935957103064,-22.986865255064203
1,120,742.8227945390208,5.24073934864522,15.193665043364788
0,0,101.2612912671515,6.5596655573765625,-1.4198296185151662
0,0,73.78350762212811,6.021813443088058,-0.1970809091005492
0,0,108.48908273681444,80.93145296338184,-18.93077706746614
0,0,127.43630674318256,65.50214452765228,-16.60579073648009
0,0,142.37689160417014,6.221192520817242,3.8315518651405114
0,0,178.87456718381108,74.20057203703415,-17.313290741647506
0,0,98.8192889073337,7.120287427358306,-0.8442223332869929
1,240,163.1609084856497,3.362801694768032,10.033611381969024
1,360,197.8239450412711,1.293784471879204,51.404533631016605
0,0,53.837469180067856,7.064968950703234,-2.449291372464174
1,240,283.1070846961763,2.6695553156856873,18.684592318368786
0,0,83.20843125457692,44.581053666546914,-13.371975270278767
0,0,124.75326577406469,13.755527889446318,-5.762503497846112
1,120,534.7757880030525,1.9984846535472223,30.631977129594517
1,240,459.119750581775,4.731262116783364,7.801226305617618
0,0,190.07382200970633,7.448894863297815,1.5350883057674594
0,0,241.7788992563874,157.54534656352357,-41.231167085155604
1,120,369.7696186066826,49.410516051482944,-15.993565665539037
1,120,841.7539363343742,3.3523294210768086,22.269679613777285
0,0,122.65236541085311,6.681278126743986,-0.46797854805109296
0,0,123.24451575630752,76.41056043083593,-18.72497771422735
0,0,85.45854815422345,6.762682868631065,-0.3007678945325267
0,0,87.90355456951154,23.036769455495058,-6.276600300609132
0,0,113.94536569156713,44.562531750418025,-13.3132282945853
0,0,101.27933827208993,21.20322249214915,-3.7499043950483326
0,0,143.64590665934077,27.624791750911932,-4.768232862634136
0,0,165.1751900267919,59.94220534951296,-14.836707834600531
1,120,604.9708380053503,3.1431499448541182,22.50012331803552
0,0,173.00706871138172,3.9334588262657215,9.475235063437765
0,0,96.15360344359317,58.380906367559525,-15.375116099421987
0,0,69.7831089768849,23.65492893055523,-8.150516805453094
0,0,71.1551404625693,3.5642372340241466,3.132992306354936
1,240,227.83951507138062,2.739729724558396,7.673735117496392
0,0,66.72653921616939,5.765348888519608,-0.5406540205900257
0,0,110.93268348086362,56.47628592795914,-15.50325721360997
0,0,173.64444992976595,63.96646795082121,-14.224709973585263
1,240,739.744465214248,3.217217078596344,31.19250930044481
0,0,146.59494823830792,3.6569869202756435,10.797744782124965
0,0,112.98695863596481,57.02824336036763,-21.982888000464854
1,240,246.45663305776955,2.9694196689558745,19.559815520375707
1,240,722.3054357587765,1.3562619840736925,48.379925666940764
0,0,87.9298825650954,7.947838680374228,-2.1539290368540946
0,0,81.78688953392482,43.96868973550252,-9.828853119766592
0,0,83.69757650557594,49.07087298645641,-11.344882287796949
0,0,129.92925334935293,4.711081494659303,7.53398516128658
1,120,473.45360692623353,36.79187138779789,-10.17461907123743
0,0,311.14784534041723,5.180802124828402,10.433617098280067
0,0,85.27019387623706,5.456506044528005,0.8528297381686372
1,240,727.4602589130723,1.7885195932283422,32.42876379056392
0,0,221.4998470953739,5.079443276162629,0.434737054975173
0,0,195.88894789242747,7.549235746586789,-5.1643178867375354
0,0,89.2968184925387,11.095444479880772,-3.9565069089549922
0,0,85.27577121695923,16.054359031017764,-5.271597959367895
0,0,83.03266566941974,10.15781083004765,-4.100901458763872
0,0,87.69024395900509,7.925648298592252,-2.3164686770147824
0,0,137.01009549425657,31.57027213461056,-6.721509038996359
1,240,512.5475912923391,30.53980960840022,-10.030678941280115
1,240,408.11102472916264,7.963931196862747,7.318273114541697
0,0,139.47165255477714,80.77677276339685,-22.34727988189786
0,0,98.06100862634375,8.739489056052328,-1.6394042339983201
0,0,98.25405036446962,85.75327338837928,-20.895308061082105
0,0,69.96475230831129,16.026852307006433,-5.960144429563869
1,240,552.4597216637311,1.667782176275945,34.72059332424142
1,240,485.94762099587683,2.3041283067048295,20.610592735733917
0,0,150.07101450734555,12.029758010368827,-7.7456234337619065
0,0,165.71626009319323,6.941303755228075,2.5063790347651036
0,0,96.31429207110708,10.226064145129705,-2.997976923463341
0,0,96.66457627499982,66.16627669085501,-23.31842266024617
1,240,289.3054600405545,3.3958587215795837,11.279535503813179
0,0,75.61297740352715,7.8067683525944584,-1.6046358314022626
0,0,105.35954843634632,86.89175575833175,-20.102604333747294
0,0,119.86846753034257,84.00456770251871,-19.01291609761138
0,0,80.03151223008705,8.321832662158222,-0.7209107510097681
0,0,121.12403802027643,82.888567206207,-21.177492220996967
0,0,139.10542985280435,97.09162444158886,-21.168551774615125
0,0,245.72699899630183,128.3719605439335,-31.539760194900033
0,0,130.87830815679305,9.196995906603009,-0.36729284722011357
0,0,99.7922514618939,44.83432128641031,-13.047276434484289
0,0,101.49156062099206,101.11814678164134,-25.65362286998878
1,0,297.82310224068766,19.14654257193809,-0.17456599064129819
1,120,530.114219420918,10.424524978381148,10.654581393076711
0,0,119.72631335827737,98.69053038558299,-25.847036640296693
0,0,115.36802968199869,5.0094428148310355,2.4522925045260138
1,240,308.40816942364086,3.0815564967839606,9.006146961786172
0,0,95.3536631480626,9.4783676734205,-4.0690815012511905
0,0,109.15511017472092,7.318610636744536,-0.13387427811969133
0,0,147.6850462840922,46.521154892276876,-8.70081924569152
0,0,98.32053634685897,47.72937871995887,-12.528239136823487
1,120,620.4930306775004,3.7416375548657332,23.735490104258574
0,0,115.14424455355058,54.88494974777758,-17.03541300241892
0,0,247.25512233782771,45.19048282506885,-9.939256007888474
0,0,133.1526275410775,92.14990791011998,-22.15452660556025
0,0,82.72681314634116,7.838179082119997,-0.5500383189199027
0,0,124.27704929764624,71.86444979147332,-20.69882959875204
0,0,459.68551058332446,3.8342861665408106,15.95385661550604
0,0,148.5651325123581,7.688533659472915,0.3638686939389544
0,0,92.50681046734758,5.962600887886105,-1.390752031967125
0,0,42.66962373792455,4.775566623189214,-0.6382116219777174
1,360,114.80961544627841,2.587767031879159,21.573793734583447
0,0,123.240276070474,39.956014612419516,-13.72337919828
1,240,826.8293353157002,1.7153478042551369,41.318558210813435
0,0,95.83671526768322,5.566667405858033,-0.6111049494370207
0,0,98.75223612202542,39.31677928327271,-12.606013622813052
0,0,79.84015956465956,10.800133446033131,-1.904827698923114
0,0,133.50063319723617,101.55767679681455,-24.732804448224805
0,0,163.1478040021643,35.4046661441146,-6.966938030452539
0,0,367.58867433526115,6.30980378975788,8.509518903549377
0,0,135.70690222307505,14.730557327651539,-7.783245170309613
0,0,84.07600814242227,5.456464080529759,-0.3335812349765206
0,0,158.6710471797729,5.664612280214919,-2.9589602236503794
0,0,70.64144697715184,5.501284338010822,-1.989555865431882
0,0,79.98335665409559,5.844638735140265,-2.7725476894275403
0,0,71.74713210320643,59.88828567279941,-15.842777534097749
1,120,353.35895102306665,18.717735486381123,4.913219062501227
1,240,987.6656943423908,2.8873823085145975,34.67421079567178
1,240,793.5255375038832,26.994173029404894,-0.8751810066624159
1,240,565.1987306270485,4.893300906912323,21.984420193936757
1,120,457.6971205995186,4.608288650440578,9.468196839690364
0,0,87.53056424068686,6.321345242952792,-1.2540139282618554
0,0,212.3448690210901,11.095737776642704,-6.649620875270017
0,0,110.87603719714672,6.491398254295092,-4.692788599371752
0,0,62.04673658413317,4.496770453167274,-1.3361371065518028
0,0,45.59057456423002,4.147289312293969,-0.5895200064879447
0,0,41.48117404964924,6.425069868422885,-2.2976049692233005
1,240,242.46427734594582,8.982882953231732,3.2658414215631524
1,120,361.1505867004131,42.71770775218874,-10.108553822353159
0,0,162.66589682443987,6.563824956686544,4.45624177828887
0,0,89.90910734570235,35.839932978046676,-10.831958522325152
1,240,596.9695759364704,1.6018366554845063,47.65798990555869
0,0,74.95304309699907,5.478556095090042,0.06250378912687893
0,0,72.96575837888506,19.58979068760101,-7.085589167275401
0,0,81.2395222870943,46.87712150139518,-11.858820572007104
0,0,207.62185900254457,53.91802703207216,-12.872652396643176
0,0,137.54783275949464,97.16928581434212,-22.01498800742094
0,0,143.19040116157967,77.0651121681166,-16.551989539636153
0,0,191.9977778376894,34.303169849519094,-8.504129425290984
0,0,165.74173221636948,28.283150028936696,-6.406765168322096
0,0,109.58697999076306,62.900701518990026,-13.056798115559985
0,0,114.93519630099439,103.56906808717703,-26.215454892972595
1,120,516.8431412215517,6.882244616793902,13.428951969592674
0,0,126.31744911729227,35.194824494048625,-14.73854786271194
1,240,762.8812696761073,2.278054224569088,30.773122049069585
0,0,130.52496321713815,5.12050256670415,2.6603005496014447
0,0,115.86231583547232,81.22420825436858,-21.316830028969306
0,0,385.0988262209987,14.63528010015087,2.17038311010279
0,0,236.74448771418707,84.03312848996985,-18.84954687702401
0,0,188.27272638242846,13.396826852055238,-4.435729630086712
0,0,90.47211268506588,6.204767902149058,-0.1772555220883305
1,120,401.52423068050666,3.912572487009873,12.258493246817949
0,0,97.9980935023436,15.184101513335627,-7.829569575409863
1,120,858.6153709433491,2.0385979492250663,40.87037342233356
0,0,114.9139865357684,59.10314197297832,-17.38400586808261
0,0,63.258498876463676,6.026808061330863,-1.0615037137052923
1,240,444.11176151766944,2.357312034158826,19.93398271256902
1,240,800.2983335984121,1.7965465615701826,36.47375567946111
1,360,559.7689400407261,6.962201375128614,13.112316444187499
0,0,177.40899621241726,45.87132839144382,-9.573643533598357
0,0,150.61265137666578,5.591596276944879,2.996296474263758
0,0,94.48254374197398,11.716147063479788,-3.898034698753179
0,0,75.4619697698684,6.573684691371118,-1.3222614492239586
0,0,62.96674841000783,5.131963701708872,-0.43978338144736995
0,0,73.03179091893927,14.917560635704561,-8.058644736161654
0,0,75.90575945129542,42.58226420998018,-12.063948863372076
1,0,304.75709708535743,2.8333419289028665,19.877275342255814
1,240,649.6429339456014,2.774434402333323,19.472123056928268
1,240,995.7197370990806,3.823806447624092,28.426645886266172
0,0,184.11089659784756,13.546816108752463,-0.019270648346761732
1,240,1025.4650101532154,2.09237977646051,50.67605633735279
0,0,158.38686353228462,73.17851313989183,-18.786239850959674
1,120,1193.141002674634,2.2857252885709687,36.82700899057916
0,0,123.24070684069238,7.6582509944163455,-4.432871012183298
0,0,90.09583489931146,8.786476099765386,-4.286944116363344
0,0,111.08153726343046,92.91430605313094,-21.680360626265056
0,0,118.50568060026576,80.57870991129006,-18.118279656829685
0,0,121.74635361707578,10.197885094694868,-2.470559278307519
1,240,991.4214665158572,3.5478200605814583,32.776891668472516
0,0,183.40928527269125,96.2870202760007,-22.72517226008361
0,0,77.05003818809928,11.015025215113784,-3.1311166560184915
0,0,71.55299643544703,40.43114453733021,-11.048336346992102
1,360,330.2931102866561,1.5732963988067055,49.64383636058385
0,0,69.00017276892193,7.640852630498548,-1.6885661211949383
0,0,56.124751347107996,6.233794805838772,-0.9834650301276184
0,0,52.05422217670677,5.917927730011796,-1.2720057840125492
1,120,410.1187313564454,1.6250874178673131,30.561911929226184
1,120,524.9727274712752,5.639624749775688,8.941714453996468
1,120,617.8968465876778,4.91414076991205,16.737519501375516
0,0,138.83124460880586,17.333723116370802,-2.3313588530809852
0,0,135.4410829901598,96.06325560303293,-22.881862565643402
0,0,94.653151420569,17.22284430603851,-4.381315494838361
0,0,184.76555396920048,7.050523859565196,0.4688079759386028
0,0,128.20185343759306,90.87971814748018,-23.440899378144948
0,0,112.03916213100467,94.85416542183876,-21.96019342764569
0,0,114.15960585886063,84.49375421316434,-21.819381397131664
1,120,812.0912804737012,3.8647750417823077,21.109418917903838
0,0,120.22613150823966,12.191005350466357,-4.152678902082826
0,0,199.17037403910786,107.8916378615625,-26.72147253349103
0,0,108.83257664173851,7.806996672842978,-1.961334279069348
1,240,404.1551031089671,2.078348684982584,19.7225506667516
0,0,123.66154667193231,3.7029413337738073,3.0945568412358284
0,0,273.6461237341425,2.3678463513958428,15.383443454860227
0,0,86.86250764833065,6.421474050121601,-3.1945610648286475
0,0,75.60111421843415,4.457244879077763,-0.5926111182689056
0,0,85.36851151055296,4.400584456930405,-0.5827988198462748
0,0,79.382902645879,16.012014198207407,-4.110438991694849
0,0,91.92832574026833,22.173740574930072,-5.606198920764953
0,0,256.7466226411329,157.67114109349035,-43.02790883253502
0,0,134.46044592407742,33.50131274652576,-7.10313717107806
0,0,103.65440120718326,103.43091358043664,-27.639580288000943
1,0,215.80941785481525,6.352706337641696,4.651568339134741
1,240,273.22911549063446,2.7626224392787524,11.704301818082456
0,0,78.8899654833524,5.307062319807975,-2.823997527737248
0,0,67.006120423956,4.386290526431209,-0.7915888897825312
0,0,55.01240628675611,15.236837173582549,-4.8166391447287396
0,0,62.20260738683625,7.17122540406748,-4.253649936308975
1,240,249.4080438729378,4.093885837881418,5.690815971747554
0,0,208.9885795448787,12.30557609019269,-3.152728018726364
0,0,128.43027501391794,14.739663966496629,-1.876896729907486
0,0,127.3575891538029,82.1400666501443,-19.313731471440178
0,0,83.39621306161521,10.088612648166388,-0.7673355511934972
0,0,112.72596856391877,98.2221219200042,-23.592411410977675
0,0,148.21161753182753,90.87592785086443,-22.41384182224779
0,0,116.35261169639675,43.227322156690015,-10.64069532038451
0,0,85.32341100229448,11.754482303941643,-3.2180165267015752
0,0,120.92499950726838,94.10564320693827,-22.279978188301214
0,0,142.18481343100643,90.41390152282528,-19.84653874739358
0,0,175.6201662003048,21.110966672522167,-4.711990480076025
0,0,153.07194122551067,77.69703041989189,-18.387771764611472
1,240,571.516225272867,3.3815862243052983,31.816047312108978
0,0,119.3384614569186,41.4417134210174,-13.657398492623926
1,0,353.3264618797541,2.8391706380140276,22.908519949745127
1,120,788.5734937618604,2.923595885323217,28.7858489270686
0,0,123.91924928704861,89.50498839437209,-21.35328401217754
0,0,107.65425005359512,104.0993053150742,-26.316616149462185
0,0,76.08586107878234,23.226257212734538,-8.303133184204142
1,240,520.5429132666288,2.7969149222967182,23.784123596278945
1,240,678.6894070170578,6.46678118022747,11.956811304900128
0,0,130.5102263412462,22.540567286304025,-4.532811675815793
0,0,125.65012936873065,78.84866692400412,-20.157129431982668
0,0,119.69637482809999,89.63743940715737,-22.030443566325715
0,0,246.56378148156224,24.584919717998194,-8.809092701253192
0,0,69.41529922673915,6.801260868566643,-2.2697004199664974
0,0,47.70416281078163,5.271819329668457,-0.9845112525765529
0,0,68.71829600931368,77.74315652480223,-24.599928913257777
1,240,229.8579909541228,2.907228572330057,24.214237269731683
0,0,92.99137595076172,16.61413710877672,-4.456664646969017
0,0,108.02854402913333,8.29940944786985,-0.23523104082448754
0,0,129.0547331257508,8.398126820775085,0.19689581824968627
1,360,199.9520179364157,1.8789511069961085,36.33518932844606
0,0,71.46732984228142,4.054622877200282,2.0311087095515887
0,0,61.73702980120593,9.25998883145337,-1.5095986750052077
0,0,101.07277261631862,81.33700026204025,-22.09725385240847
1,240,1038.5296814016276,2.3714771396956653,39.447415780644675
0,0,152.47570989904003,21.19905316587184,-11.643087389455161
0,0,91.24672255814993,15.347867595779471,-3.8224530527449616
0,0,138.15944711718478,94.82452891211001,-23.592110225727225
0,0,136.12931776642958,11.682847502807407,-1.9708506761932796
0,0,116.63282772345256,9.069576061349336,-1.182125764535499
1,120,429.8591620396673,3.05993082407515,20.988913114012405
1,240,899.537362739323,1.7898872585905197,53.12625647325051
0,0,118.57798198060323,89.7371566964079,-23.98982799092518
0,0,48.315023320589596,10.629594464517599,-4.148911444476298
1,240,178.60955281104071,18.805825589537097,-3.778337339481368
1,360,363.38698696942174,1.8237347201754774,48.644651650232944
1,240,605.2680241117986,2.3401487588763614,38.74132130664604
0,0,227.63279071079202,133.6499449715378,-38.69426258479
1,120,811.4143817558099,7.530564474722207,19.02370577457087
0,0,238.4568446764788,20.257494754138282,-5.694419779388625
1,120,551.3416235537521,2.287037227548379,32.03471837184077
1,120,410.1736432232304,12.43974085851922,5.893719719420588
0,0,122.33200840107936,89.39699742908037,-21.51555417079834
0,0,112.95418609119284,100.41996692541042,-25.018909300347303
0,0,153.76502783476639,5.634195149873648,5.7484110459568285
1,120,347.62712249731004,20.139419794945546,-2.24578525429024
0,0,164.3504237634126,8.380834946143159,-1.8126808641400345
0,0,139.8534283288451,85.92797357410794,-19.659608385898025
0,0,155.2979690011031,30.697673657542417,-5.9935442886534815
0,0,133.9848869390449,13.23853052860853,-1.6081813630347739
0,0,157.19991020371526,111.68391987076258,-30.057712120653143
0,0,387.8170769874399,4.634907813327725,13.495392379052063
0,0,103.64564977011513,15.554283539666082,-5.253009017068052
0,0,121.09684281622664,87.1514668824419,-20.449368952101224
0,0,89.10281885747986,13.691275142197012,-3.7973701337292454
0,0,157.44071075578935,26.301976427117374,-13.939841566175147
0,0,97.7750338816317,14.79366215649722,-5.77177683318898
0,0,106.73069004144801,4.667197530687484,0.8843960659967252
0,0,107.90091134785085,7.642800120997776,-0.6320769539816666
0,0,134.98639368860194,8.27227092410119,-0.538397773187512
0,0,90.03523799924969,10.678220360291174,-2.3913951130044495
0,0,78.540860229531,8.005664167505136,-0.31835288599751266
0,0,112.6270501185088,86.19097684156432,-19.664622856120474
0,0,130.92706454387857,101.75685146926195,-23.825888103547484
0,0,102.73358452116372,20.47770918260932,-6.991851863011874
0,0,137.79116125258713,10.013032328745487,-6.722539409590013
0,0,106.54509609367675,12.251392897619187,-7.303964325708506
0,0,217.06019319205504,16.064159655124165,-5.797747456100765
1,120,1108.819863605837,3.0941143360654135,41.904125745113575
0,0,148.98805817833968,19.480857562864795,-6.134414442636896
0,0,345.4437749815123,13.886015167604011,-0.5128762861755121
1,120,970.9801953594488,2.538498364971165,26.931741957381576
0,0,142.48235095526445,5.191801655852421,-0.5543870112202853
0,0,100.04952330679181,6.4579813749179396,-4.220472003193379
0,0,79.20086822043855,4.736513933725095,-0.7085410199341737
0,0,70.69727139663631,6.3172115635127035,-1.7932570574617444
0,0,67.90054109804142,5.903229952432709,-0.017310302242947273
0,0,114.96826358328421,68.29388208526223,-16.917718260865044
0,0,127.0364159478259,14.705259805096235,-2.4943370612379425
0,0,156.8970447320194,69.95003233757284,-16.58782001653644
1,0,277.7038658306929,31.79640845031789,-5.033730302883598
1,240,1024.179047690769,1.669219443215858,52.74945787307958
0,0,91.3380855206507,4.945905260455057,0.512490405157692
0,0,68.35597291142307,11.77030047515131,-4.300914884822916
0,0,54.11695969938745,6.0339721731603895,-1.7564807531960156
0,0,48.979441038206346,4.423438140620134,-0.8487031243814442
1,240,318.11226616577466,1.830990318033437,17.47347887073478
0,0,77.2062547405829,5.353439306256215,-0.5586194565819085
0,0,122.70661978625216,16.63322756939797,-5.443796663350099
1,240,754.6698824291252,3.9716392962824347,36.36299348261939
1,240,685.823143210355,3.0684553816542524,35.360860327185094
0,0,159.03609093167432,126.01041082279056,-35.62622582117966
0,0,132.27107896128075,98.42268275807106,-29.499282962604262
0,0,95.10023422695494,42.310554089726516,-16.0603336800077
1,240,435.42711650550564,2.3188648897016484,23.96599721593796
0,0,82.220408746461,7.197694759993148,-2.4414711238559477
0,0,69.53831246423242,7.446132459026204,-1.061619960644066
0,0,105.6504316943362,50.13176978958795,-12.426221880148404
0,0,298.2857041109936,15.09231226117301,-0.8679895483139006
1,360,436.09045729757645,4.5501991962239305,36.39707497148635
1,360,546.6541180700478,1.5864078921295282,53.34359597713821
1,0,290.36483736813335,2.985149851136961,18.830862671053282
0,0,120.56218895886751,37.12167412084872,-13.87574723129822
0,0,271.5389091864142,7.6841098418514076,0.8415749209148942
0,0,270.35617287156157,5.745718310630615,1.1131964612568908
0,0,143.51243590799342,5.162635323394342,0.4808553859567013
0,0,95.11656948707822,26.936392664852747,-6.708906814043232
0,0,116.75561990780746,65.89618376382406,-13.02944309728646
0,0,186.6320473172634,86.6149413719689,-18.505936777872193
0,0,168.3530952883607,95.07368496259691,-21.14256529984803
1,0,363.62964663506995,10.211677262118267,5.411611960626644
0,0,349.6869749931334,32.00924262980715,-4.348782203837757
0,0,132.81505105862695,88.85229931714258,-20.018140364826635
0,0,121.24583263149403,94.39550343327186,-22.442856001374693
0,0,77.3927215648493,11.763512234402842,-3.794976503580912
1,120,511.7824073517968,4.810377790250012,9.389286304071902
0,0,89.82332739195296,5.732770386655793,-1.1216984921816362
0,0,83.46555006268673,8.739637960562233,-2.3109258116161016
1,240,929.5030087683341,2.8124601019048936,38.74968051833403
1,120,664.4729015489324,7.26987825168509,19.010178858059334
0,0,202.60646936630323,129.14864646759207,-31.86744974739198
0,0,149.4308559546586,120.32183980693212,-29.13708392115261
0,0,149.2525737645414,65.57997195149537,-17.394848537098895
0,0,132.96184167856893,76.4259093272265,-17.332154449438974
0,0,107.67241041911733,25.488629310668916,-7.738215333391139
0,0,89.2139859139677,15.877547108603192,-4.632387746776686
0,0,91.71796817296945,25.470026173898262,-6.7903536465076115
0,0,87.02613798299375,6.087632395046078,0.3020464583198361
1,120,949.4825849391068,2.619271390755622,39.04750517546536
0,0,143.65486214545973,12.313612421469623,-1.275350525478089
1,120,859.7274836145043,1.9990687653292543,43.5559841771461
0,0,168.4270630692798,55.58711122035819,-17.12790857801832
0,0,95.3212646932171,8.625149343929241,-1.6644290295446638
0,0,94.91276416152206,31.405899604708196,-8.735957524910944
0,0,67.21331523096732,5.645308841021927,-0.13730356281342893
0,0,68.82415779048041,17.2999154754616,-5.369049881720343
0,0,91.28671050407975,50.02544294500083,-15.363084541259184
1,120,624.9096950544279,5.142047695609877,12.729546978525136
0,0,163.31046510383604,9.668794882749737,-1.0195914083265905
0,0,226.06131828202712,29.196122384575013,-9.012033436588567
1,120,281.8661037133754,13.419213065829029,1.3252837170928302
1,360,437.9768681002102,1.7481618459800725,47.638788024854435
0,0,157.04867584888896,3.452009709812755,6.725508837941263
1,0,347.49396915559726,2.0464765770892375,20.257276017194712
0,0,81.45371711015429,3.893558283546725,0.551998512484559
0,0,49.06597483983791,4.177734418634071,1.1737558324048223
1,360,207.51822475684918,1.3280323963506455,47.35370825937382
1,240,314.8987883530144,1.8689983069928449,23.339373376444584
1,240,439.1406731975709,7.545995945431911,5.005741057859424
0,0,443.99672319724533,49.056004194303824,-12.711053299896193
0,0,158.17477721608304,32.7091118753868,-9.094642738440655
0,0,130.98808654612955,63.07226117323708,-16.23493129808999
0,0,101.40079280155616,6.532795964177304,0.7140150414207653
1,120,573.8034337555277,2.6917576549510347,23.121981033039276
0,0,105.9712874906786,18.813292473870096,-9.053184852913503
1,120,1035.255374299609,2.0563502997732264,36.79498824289951
0,0,124.21025724168068,15.728193177814891,-8.222885808789812
1,0,434.05137246070234,3.223438354142706,22.77228910540903
0,0,233.07713679607224,83.18605856306026,-19.280088550569502
0,0,230.0647379868282,86.18744645100224,-23.962388429423463
0,0,101.51410804110671,11.296742620884567,-5.067420779320145
0,0,67.02435447385767,7.960657102548013,-2.9394518737439057
1,240,361.14773001370173,1.9804317866245291,40.39008334294584
0,0,206.87009695512222,34.37294740531162,-10.684229798954249
0,0,128.18157322915408,106.72747532958684,-27.749814089666437
0,0,73.54802368143349,8.690710645962548,-1.3544301475529466
0,0,105.67102931240977,80.07099787470925,-20.710158391330452
1,120,1016.0599813032208,3.496102591324227,36.44687093289443
0,0,289.8745981875008,94.32678716053174,-21.056225528051755
0,0,298.41488983227396,139.93662479335916,-36.566658271885366
0,0,105.94051009218123,14.664137794170239,-7.324830651217894
0,0,141.41765701630618,4.723313774535011,4.393658653615958
0,0,68.23547627888979,44.29388635571365,-14.068394828600589
1,240,224.79689433049973,4.273692545848208,7.740069847920537
0,0,67.3767471846088,5.413741571735191,-1.567774983908322
0,0,129.29446808833734,2.540341171087672,9.209219795915601
0,0,66.91284166758929,4.341944507252901,-0.3333804448095492
1,240,368.5490652010797,2.470588658326358,15.793203346124514
0,0,139.88591747215762,8.833540754313908,-0.8499131493350092
0,0,137.77943976822385,17.75753603491075,-4.060458091975079
0,0,83.44219211439803,10.675501273695172,-2.9198219929468934
0,0,180.47089958859982,42.84835747162996,-15.157269336165115
0,0,93.06170485694135,8.749672319626603,-1.9705811946534055
0,0,108.69465081944846,56.50069904797078,-16.276748492336978
1,240,1215.3136073550595,1.6225962002940426,48.74293315301206
0,0,137.22164901571438,6.089938610046437,-2.248818242601814
0,0,84.87963832495502,14.579167466109643,-5.231598444527137
0,0,109.7000798452044,15.73602645748741,-7.275906541850588
0,0,385.0800990525576,18.855182471086565,-1.6915568378924064
0,0,169.59195642824477,79.2529941081329,-15.50708807863765
0,0,111.07051861468665,36.94481166114594,-9.26243991060484
0,0,334.2411420102203,6.497841758541841,7.750003677233693
1,120,988.0800499482383,2.642322485727421,31.61520430562325
0,0,131.2027121394079,27.79353214643814,-12.542939090626263
0,0,163.9409086544927,16.09085958742729,-8.220291388474507
0,0,132.11109316938632,104.95653323691397,-25.87700721469256
0,0,209.97735590087677,55.90110661161825,-15.317351938756318
0,0,204.4510274414039,11.78461606448831,-2.394533780351267
1,120,1007.4014092253273,3.4376839678955347,38.745981752100406
0,0,280.72259016051214,67.69801135920572,-17.67857561092835
0,0,299.7015551303398,14.45123683326442,-0.4430964192023339
0,0,194.53315531037012,105.5046101275492,-30.5464935105229
0,0,136.7659281328441,83.01200814246572,-21.442931537777042
0,0,91.57383019068801,17.988626809765794,-6.76356401107266
0,0,61.30099398370974,7.971556912672975,-3.5987463869836773
0,0,108.35964762224981,2.7929813614934242,9.163418502039832
1,240,280.41325179948217,6.252614982213258,3.7410589072590454
0,0,173.81633858295774,23.74712157857195,-11.33498544614612
0,0,134.11259897273604,12.338869333704043,-2.2202373475194292
1,240,510.6620873743757,4.616868257565765,17.748191522857724
0,0,94.80499225451855,7.7931223823262386,-0.988463648494772
1,240,854.7424292704836,1.545390114360465,42.33088939314901
0,0,99.89255290642603,8.013903550386484,-3.5027369834623556
0,0,84.09997256983422,30.406008528058482,-7.71869113162937
0,0,100.78166263716116,84.83953033909576,-19.602129558627524
0,0,79.13179194870973,16.896263325111057,-4.777199728774789
1,240,724.1919372498772,1.6668339252833302,48.542290936693306
0,0,112.81321086919898,13.043148860131582,-4.322410000592029
0,0,134.51544847932945,7.377702263435415,1.0409806925212735
0,0,135.91362658366364,17.169332537436937,-4.487982629064277
0,0,189.91538925780975,3.8881016100974293,11.350203074682426
0,0,165.70260014284725,88.43285426422648,-29.092978775792538
0,0,89.55113162619986,9.388200126738472,-2.5584948035360213
0,0,92.2967589736249,28.100721247918234,-7.1835747687558325
0,0,117.95830768540606,75.4570950730195,-17.738025352206193
0,0,84.01284929316698,7.966445426951185,-1.4846742745423427
0,0,77.64426303223694,10.640835401337977,-2.950336814374282
0,0,96.44559763530415,25.109854140439648,-7.280545851497905
0,0,161.33834236380315,71.26979196033386,-15.299724675677226
0,0,193.9039133819016,81.7572033742795,-19.32302065863834
0,0,85.05265491595544,10.981737386311883,-1.5903004702710888
0,0,101.86493637580162,100.87922814182323,-23.898854193433344
0,0,110.7626539412459,114.86631066623424,-29.529353932083623
1,0,303.420235720792,28.43434135113205,-4.691964302896835
0,0,84.2971066250347,28.457662504737723,-8.686626551257945
0,0,79.55942774694753,93.62384957959648,-22.170510559641258
0,0,76.8953690075843,87.55502156802233,-23.04360961303974
1,360,185.07844051650287,3.356727067602636,41.252699036047886
0,0,145.67065138236623,37.52030142082869,-8.006085267981874
0,0,196.49807965333272,74.80721442509194,-15.39687541277921
0,0,97.20636051307898,9.095922232634994,-0.183162980158599
0,0,96.13591919252286,25.532793485854828,-5.22820614749574
0,0,129.4271339795398,91.15598384328533,-21.452801959669046
0,0,101.94816571641587,16.295800925440066,-4.433991209956915
0,0,79.98607164007721,5.357730012270384,-0.3460196574250176
0,0,77.17136235289416,11.289945355620349,-2.998325664279662
0,0,92.67020274478473,26.73583363168902,-6.323104360069294
0,0,99.4915511773483,23.87471559697963,-4.241031859500566
0,0,138.75544038642946,28.41261573191129,-5.276823787660831
1,240,618.143609906459,5.02216602836364,32.2422508612576
1,240,386.2669843647767,26.97474866170083,-5.883083277062212
0,0,184.81301804563088,72.2316248491553,-21.251937817376273
0,0,118.30842184842312,97.25163271567368,-24.562085250736047
0,0,180.07885334564102,54.88992406085995,-14.808724026067296
0,0,117.07254209189256,117.27459293974604,-29.222551840908118
0,0,143.86039621991858,78.85815349496235,-21.166327230923187
1,240,654.6696142959876,5.847844694361074,18.450978243053157
0,0,171.51362237243538,84.45806044846302,-19.62158506901639
0,0,190.54624090656802,41.02885265479377,-9.662419207157072
0,0,209.2968296443043,7.668006495943986,3.521320489271261
0,0,89.75709647087713,17.420668910929454,-5.903743528452878
1,240,738.4654404195292,1.6711652416183822,43.15548176936939
1,120,356.7835969312998,11.242211082003045,-0.9051727168653372
0,0,79.32878997120967,8.045771822860637,-3.487767548119706
0,0,65.43888201299545,14.620077400915473,-7.134354758089842
0,0,48.57586035584753,4.860695331501253,-1.1324037784520868
1,240,244.18246104224406,5.046095885556766,4.887655303875135
0,0,99.3588399419123,21.519582306536172,-6.293144353576949
0,0,144.777403990323,8.29521214559371,0.40862904931756816
1,240,540.2843868672215,8.883380447456094,10.053024620743784
1,120,332.05772647807225,39.394639195372505,-10.45046777298927
0,0,127.71324664936701,110.59355621879843,-28.421229988248975
0,0,110.28048603417878,92.87295211215013,-23.20910826618732
0,0,85.59336789651783,48.002594129439935,-13.863837204025955
1,240,506.84841061471235,2.719570084433457,24.848057851525326
0,0,111.04977362785417,16.433787576187463,-9.09996896181707
0,0,95.49475173064023,33.47560731585848,-7.470683571713181
0,0,118.06925368875551,60.76340018485914,-12.364626854455054
0,0,139.62875898784347,23.93873731662569,-4.022477046707536
1,120,1036.4514644912313,3.820095115521185,39.82389734370989
0,0,163.7395802576922,49.17695436421507,-11.481060292615425
0,0,104.97957509556052,18.287498917529078,-5.848579072054278
0,0,216.12868660298466,5.123591207220187,4.323942194063932
0,0,82.69464141266324,12.858116506318742,-3.783785093748321
0,0,102.91356712003768,88.80503973305382,-23.151037636319437
0,0,83.83410799268546,6.359487358777561,0.21525226667198183
0,0,160.55867094065314,25.364715489784796,-9.670794270700355
1,240,514.4125089282875,7.180612705352449,9.875293619266444
1,120,624.8575038416536,20.65109359394138,1.0160193043960817
0,0,214.06060412877855,21.404041431366526,-6.8741518375062185
1,0,547.445420289094,2.5627591962794867,26.16645665574144
0,0,238.08828674648007,4.228652090182803,7.162449377070914
0,0,284.95196018091156,16.368231688863602,-6.551334088539122
0,0,89.93429039938998,9.049339487227614,-4.411851452072796
0,0,60.97038917716191,7.130371421259311,-1.5630088594187157
0,0,88.46645221632048,96.13029692564952,-25.088055093109006
1,0,338.60359735598223,19.774257204276214,1.3175532956645668
0,0,167.58441984183776,98.43969938497257,-27.30462001788404
1,240,780.6598367521289,7.34562868322791,19.910099250603338
0,0,108.0253019164371,12.878279981862876,-4.261480752820731
0,0,131.4476050085566,4.038274064464413,8.52226379520009
1,360,185.06154978951906,1.7451974053620698,48.182929377338
0,0,157.29939545204417,20.880032924241203,-7.511729309002874
0,0,100.1512190865045,54.69813505210377,-12.518294739606802
0,0,126.73504683583599,111.87417832164725,-27.164870061674236
0,0,129.10922555837578,67.61703618426843,-16.38931251672966
0,0,97.48114656817152,15.757726808064067,-4.05591389345949
0,0,82.83264091933276,7.545457633067319,-1.1643822545176334
0,0,113.91090407409678,11.531649863451024,-2.074812427116896
0,0,278.2969684050511,5.2004060803959264,13.836756798704897
0,0,148.14833965395925,33.192020932875515,-13.28140833707262
1,240,287.6331647085721,2.936740543741428,12.383818014716624
0,0,49.42345744080094,5.066235897359944,-1.5138945277879685
1,240,256.0976559710859,3.1414698056340367,12.079071380776668
0,0,138.53810547519868,60.532856295658654,-20.57029218818188
0,0,73.90609008940301,9.327691651074568,-2.604665974035157
0,0,151.85333762194878,39.116980114335284,-14.486783413092738
0,0,170.65080096107977,82.04998754371665,-20.669376851628883
0,0,208.02390364899313,76.59995252820843,-17.1589993501878
0,0,221.65719158566617,103.69711513627544,-22.522617253226883
0,0,143.97659081829727,25.885052823902306,-8.384252411659261
1,120,857.0051972112805,2.231110047305851,32.28750262415009
1,120,945.0134572840042,1.9322370370909936,34.88329676690674
0,0,107.83774683056637,6.157523208511288,-2.126552882773524
0,0,76.17609610347446,5.844975800803592,-1.2858708734368633
0,0,70.6460437488243,5.469819461390774,-0.7426225088011336
0,0,75.932858298849,11.535826409340935,-3.6794693180566185
0,0,202.65158687864928,3.3081550933106776,13.304831942695813
1,120,870.2961361849257,2.87474866330083,35.34649854629511
0,0,222.95405933627256,55.03816075659818,-14.953720946377075
0,0,408.1667981363844,3.7236489876177714,21.672339434950686
0,0,115.72355114486226,53.30776761810107,-13.493078160719335
0,0,87.82621997925406,54.29805300018462,-11.262035208115549
0,0,76.45969027592704,68.30170814532214,-15.404156698307688
0,0,75.3849639253039,98.86769967882132,-26.424746938326273
1,240,373.33415147530536,8.868073966289552,9.722597981238962
1,120,431.76284899526974,16.84707068974827,3.5860700341667098
0,0,142.87899963792486,66.16286181409455,-15.996228777227245
0,0,200.648596051652,93.36064416298726,-21.4065198261829
1,120,566.4933538380959,3.829714798086762,23.322665520972137
1,240,723.5626953214087,1.8141271078997183,39.48752097452068
0,0,209.9263663102907,3.0913219252789284,12.036070581334911
1,120,793.145371450105,1.8416518809425535,31.32178646426169
0,0,98.8157747292364,5.35714522364967,-0.7800434551818682
0,0,106.10260439093406,20.302384500390634,-11.807011424977574
0,0,101.56638994234793,51.1690079222247,-14.605043537485201
1,120,679.8270938359145,4.170148861918938,16.257715545549942
0,0,207.75315323068327,4.603133395817391,7.334325759995622
0,0,177.59767356806745,52.39462018685717,-12.780605956943589
0,0,249.79748282246956,49.47884968475519,-12.804182949707055
0,0,103.39963463118697,83.26397984186717,-21.7771679065025
1,120,334.65624579592077,6.907692397536473,9.346940714648682
1,240,290.7513742867202,4.78874963579937,6.950108491550381
1,360,183.0464747242904,3.3745881635656043,12.039727075954431
1,240,224.59320803355655,4.696312874631565,7.614893030671212
0,0,96.35308406287798,67.12691112398461,-17.95909532603808
0,0,71.34478138318167,6.180710348058045,0.695299284278633
1,240,787.9833839069141,1.5109946390564821,45.2412160485094
1,240,1235.2303364181826,3.270895800739324,35.11032703832652
1,120,841.0568140883358,3.595340904401232,29.748151654118544
0,0,143.9038133235079,14.730432789334165,-6.675031399295008
0,0,90.91862302050373,17.71923959986663,-5.971467938190514
1,240,713.348725345531,1.9001041206924212,51.90786174008802
0,0,147.38799621034445,54.27256776770168,-17.988389554608375
0,0,88.5497042290515,8.894529334215806,-2.5201227458380657
1,120,660.8189271797041,2.806015018367888,28.97154812780353
0,0,136.59669211731287,68.12856017630277,-18.290267002741402
1,120,996.1831551655898,2.2584958428061093,40.06333433386759
1,360,1255.9795856086155,3.3254907368440003,51.63151106291876
0,0,228.30247969555472,5.773247144705539,5.549015842253979
0,0,108.12471914841572,5.349051586697715,2.1212634945202637
0,0,112.96184926665664,45.80391886858455,-12.745700171601712
0,0,84.83889653114304,6.774829415607131,-0.4236092051029061
0,0,334.4065351019612,2.4083977873134343,18.74762986289325
0,0,81.04101090080086,7.606012584987345,-2.014136809030191
0,0,113.79490218871055,94.14882370990723,-23.240870100230616
0,0,124.69852394815537,89.13590013935075,-19.01880770382637
0,0,125.17929752004194,50.02907080033304,-9.619307444728321
0,0,123.71005366573351,10.278811537247105,-1.0012455278078107
0,0,160.24872043247078,8.29435391414572,2.3955322946951867
1,240,861.2934013746639,2.0937758690473056,48.60074201108806
0,0,175.21451668729193,70.56777127019897,-19.36530284064041
0,0,207.77514518393738,8.21691273957681,2.1076414668770127
0,0,140.6834998675455,81.493622537815,-20.409691758317976
0,0,122.64259372853093,55.749288988029726,-13.162345052012299
0,0,95.86892100953627,9.224788707763672,-3.6647218086880002
0,0,79.6286853956104,10.632293697178948,-2.109792187783441
0,0,111.92972382341954,53.13822584557611,-10.70504328494603
0,0,151.33118743698103,30.744449527586884,-6.021311455164465
0,0,186.5535677851097,104.49304854712932,-21.427756028315656
0,0,120.9218367469808,95.60249992681162,-22.936107614435365
0,0,78.78077656905158,5.837014373007399,-1.528636753204836
0,0,40.31899284265129,4.480911671636725,-0.8517202608377232
1,240,143.005124623443,1.7726956688898843,22.01127323679286
0,0,50.363732471027,7.29838398959014,-2.7015049579831754
1,240,444.94487112001525,2.182094066838906,19.205600530036918
1,120,796.1677459907221,1.6454117554047214,34.51339900773738
0,0,104.46810347758523,7.097251899676179,-1.3556824441206174
0,0,118.62985578374281,12.82923715346157,-2.0601705967835073
0,0,225.70990047229654,7.750011368128557,0.6813760713849177
0,0,108.04847281976257,5.169582395620039,1.113983770069467
0,0,91.90114187227692,18.67284934993507,-5.623313640523108
0,0,75.02438658040356,7.910748823086114,-1.9274852840799355
0,0,71.87233319996673,4.8815248163078655,-0.21432772765275843
0,0,74.08074474083911,29.90713149239863,-7.160092887124094
0,0,93.73760600169543,88.20262081836785,-21.399888466721194
1,0,333.3660436476409,28.07362062711573,-3.2130390441414676
0,0,121.54185112392933,22.951049190175492,-6.477739208393558
0,0,212.89371562353898,57.692880896452465,-15.259841407775241
0,0,221.871261712084,12.934349298228494,-4.434017629715726
0,0,112.7435847986388,12.178945890067295,-4.693792550206595
0,0,104.07631796396915,21.397018553208515,-8.199398643206308
0,0,202.19993564073684,3.7006574544499333,11.978771408424336
0,0,112.28622018730366,43.03212910059228,-12.439014327364973
0,0,116.85299664927797,65.77250458034949,-15.3784238532252
0,0,103.39343380725397,37.17826505422479,-8.45543780980121
0,0,85.65362471482825,10.093337884614003,-3.540041682904331
0,0,188.64730375942614,30.2732524866408,-12.205347412531722
1,0,561.9640543851207,7.875372721339256,10.220261694021175
0,0,217.7359809762253,29.406422480041176,-8.73003421498538
0,0,108.54362051367295,29.10598913105284,-8.970099995402805
0,0,80.59952243922464,20.61029736803402,-7.439672058820136
0,0,135.83409279808075,82.12891234867514,-23.91119750475012
0,0,93.52215854418463,72.29642809186545,-17.896184596355923
0,0,114.09491097369506,47.960666229257306,-15.318297766121773
1,240,647.9769868063108,2.6756037717554038,45.513371267979394
0,0,206.94142343443914,92.50970452372331,-28.12238552842752
1,120,734.8742678137172,5.818304746950872,15.128619597170655
1,120,1041.91217984481,6.940313765850108,20.03841473519948
0,0,169.5226024230857,47.69658001991072,-10.522398208329719
0,0,79.40046220030715,7.305734006444152,-1.0161357038740277
0,0,66.48698563051691,5.328355664724228,-0.717560725592449
0,0,66.87606182618056,37.16934883266206,-11.974935411984063
0,0,41.41706013747557,6.398757990297085,-2.298640623768719
1,240,207.2526435811599,9.158047901521611,1.6620775184712642
1,240,557.8728709163539,2.0707547805903808,44.68462570567381
0,0,129.65086242769604,82.84588485650752,-20.705128069252723
0,0,115.10496511126941,18.24754377648978,-6.307104554133005
0,0,190.81699132487788,87.15944455436644,-21.149386881573193
0,0,155.05274738626142,29.785870879145527,-9.639037720608826
0,0,94.53768799795574,69.82121278992607,-19.197230902984572
1,240,369.1255037696216,4.3823639596276225,22.13599563419062
0,0,118.16121179432113,88.36391418349572,-20.955365456812615
0,0,129.14662321496616,66.19381951292935,-17.234850477735876
0,0,130.55477705067335,94.4137979316038,-23.19265932435122
0,0,249.14182787797932,4.420226766689875,12.487880160723734
0,0,171.84805876671513,6.707821934924605,-0.3696759094649167
1,120,777.4203540214485,2.060738696170408,34.840221992140314
1,240,1377.2797633039756,2.9705793192299743,47.16794565121775
1,0,406.54859847498375,10.416037421316629,3.709534851045049
1,120,532.6383515236873,11.637337772322912,6.6787987043623644
0,0,138.0583294764494,53.97366497658484,-13.728853372305764
0,0,84.4716535839162,10.543023187362644,-2.9164244119637175
0,0,130.66853439650066,47.86011868455762,-17.42911496427753
0,0,81.09166040963557,23.56738390815066,-6.359140911088318
0,0,96.1462916859391,82.62874778790784,-21.217497019789477
1,120,456.72426006948376,16.553322702028833,4.597502944702697
0,0,130.69032230070397,30.9235500671961,-7.566407641839348
0,0,164.77626279639742,43.55577843199068,-10.073367987567877
1,240,565.002163374767,4.044584005878036,38.501778637453086
0,0,134.64484958571896,23.642413732110704,-9.994689945826963
0,0,83.74545434813714,11.36190052706377,-4.4494943244275476
0,0,94.25767035192155,70.80450236739887,-20.046853358703075
1,240,882.4407729353464,2.7468002070369977,26.6820223970944
1,120,674.107009466638,2.2923887653891666,27.206137572398774
0,0,82.05766262435142,6.171455255928838,-2.091007739268406
1,120,527.1031355944458,2.5133506493773408,18.62467230538408
0,0,103.85163728690914,9.287560531978114,-3.3336293912611126
0,0,128.24342276366667,6.831048990160016,0.7252698586745083
0,0,198.66052347748067,77.14426800067834,-16.99570938887686
0,0,358.60858896963936,22.163439992651025,-4.91692326522579
0,0,117.66211915209506,7.097751406623038,-0.48528877402445403
0,0,108.75661371454483,27.54219577294562,-11.067030968327188
0,0,96.2223112934247,5.710100351861611,-0.12472247366734734
0,0,100.9900533983314,26.775460280354952,-10.55470428940454
0,0,87.81746854218594,15.612690205611402,-4.052135867949431
0,0,102.41966639254892,27.13071214782571,-9.744954533684492
0,0,104.19476843796511,5.023553096434683,0.755383099767954
0,0,122.17816675282602,6.694888901400773,0.43960885850003706
0,0,115.26149340535844,8.8840491640733,-0.5433488359888088
1,240,791.045026553754,1.8983396022500605,35.179779300290434
1,240,1201.432649214935,1.6963304422114758,43.20563703949732
1,120,722.9580753117381,4.298264948562859,17.16840463178555
0,0,121.25940189337298,26.059457005514314,-11.38479725940951
1,240,1113.5081852857447,2.1319202410010116,49.08106379418636
0,0,188.55653593999023,111.79009871329136,-29.469967598226923
0,0,87.55825256327611,6.7104895817808226,-1.617290895873012
0,0,85.3470806921886,10.540374491989505,-3.081468645259747
0,0,117.24542831822163,7.285393199165497,0.4686336055304565
1,120,562.6233141961752,5.630680552214129,16.15436144907899
0,0,93.90767521751746,25.44382439486463,-8.27507011639446
0,0,46.2259974785294,5.956709232777575,-1.9125422684960967
1,240,214.53485946709756,2.7047976289865248,9.913538862122095
1,240,452.93710968642597,2.1232136138166178,27.365617804489077
0,0,94.66838141500038,87.68324188782317,-25.72454407054262
1,240,316.47538468016637,4.653947736660766,9.915271998300142
0,0,130.85054614982434,18.342691050963627,-10.602619163985239
0,0,87.83364509749192,9.569512575158441,-1.8852031020778526
0,0,172.42692325175003,78.5028907980727,-18.871956116448004
0,0,271.6495037719539,139.23011350418622,-33.550832235638495
0,0,139.0732807912432,64.66141342060672,-14.73931403571747
0,0,90.2012772463182,11.28166355751497,-2.8906387273636085
0,0,206.20337801765464,4.771369772138864,5.875500653744126
0,0,186.07350838490098,40.749504184407826,-14.602317018375842
0,0,139.456609605309,104.79084312771185,-26.362338184061528
0,0,172.24942324966096,19.503608367074953,-8.556805140409537
0,0,139.11839830358926,83.65384614195534,-20.166476742650204
0,0,104.2982439788432,10.550057797391132,-2.3734983683854836
0,0,275.06392455552975,4.653098980954313,13.133853831570704
1,120,510.60250505153874,6.5167490214933315,10.090022850983544
0,0,106.80316146266117,9.609568790774157,-2.3294989020606494
1,240,909.4320186227978,1.929404692822307,41.13224607167406
0,0,127.36648795962995,29.41537660457006,-10.059804083394013
0,0,86.84462501623871,10.202731259653557,-2.794888237478631
0,0,92.37030165235481,21.150642053573158,-7.712038636360603
0,0,76.26703963181522,7.669916985928632,-1.6901037511577641
0,0,70.72400182229259,5.128098501612398,-0.2957217205995022
0,0,81.71981974452899,15.030221787897824,-3.15000678356877
0,0,178.76018635477297,76.60551162991152,-19.264194423668442
0,0,281.82937488422937,6.479572980079787,5.374867360071477
0,0,107.89696639953517,8.297420444598165,-1.9838333456732897
0,0,81.24930530547488,6.703278091243599,0.5885106191621787
0,0,118.73614266709875,74.2973437243433,-17.63126310684855
0,0,85.45131574897803,6.75160753167473,0.011719728739237212
0,0,83.2103867246472,11.954331107715706,-5.305394114839686
0,0,161.61326445159625,3.5787912961898862,8.30602335327896
0,0,107.09445281875269,37.10579819273824,-10.838832943567937
0,0,129.04474605831942,48.00449649736041,-13.438225457474715
0,0,132.80160649339015,11.78550046703198,-1.5985381510685528
0,0,130.79095249092907,23.39378471334371,-3.1987512385761647
0,0,115.03858115340546,90.67100636678632,-20.24373868531883
0,0,99.57152706920795,33.72699783644551,-10.268541313812648
1,120,828.1535683112321,1.8200126714601155,43.11483761241364
0,0,163.45065813780178,15.83378903662611,-9.057322187143399
1,120,227.14944385365354,30.03536986123099,-8.781616152089143
0,0,74.61670791294095,35.214609842382764,-10.823884644032333
1,120,329.7733520100062,4.335648102612905,7.604082065365503
0,0,86.08540384240335,6.513232618930662,-0.7963920019344783
0,0,125.86031122712467,23.35162578555784,-4.9299429223681415
0,0,365.40251547698557,4.478254402973622,16.759405629575042
1,240,1007.4219955073424,1.9828544178780863,44.271632035931006
0,0,127.38592929974891,26.646413314911236,-10.690422590419686
1,120,540.6049252539293,4.371497991436729,18.226642787032148
0,0,154.31925906494504,83.17587168967968,-20.59517431703064
0,0,95.80842046597071,6.6813958966745455,-1.2991388763120568
0,0,80.67943598276322,6.321742772871657,-2.689425844254515
0,0,72.57854129679546,6.9677135493497815,-1.1707229966324206
0,0,79.78637563568321,9.770974962348918,-1.8521202800939847
0,0,104.31242538787458,7.154894640363114,0.2085152281750311
0,0,190.41501469477961,62.215365353576985,-13.535001034001581
0,0,166.40247705107163,7.448876363040523,4.39067850482202
0,0,130.10534768020307,93.68221292786619,-21.85673893609126
0,0,136.394932950294,109.08168270471417,-27.13433938839156
0,0,330.7351712191804,19.023352517217262,-4.590813614310761
0,0,103.87315312571135,10.362232355953125,-4.116383437427459
0,0,240.6773291195242,3.457152104500996,10.028993208128767
0,0,102.84123173152507,18.421281948839308,-8.383406979377284
0,0,96.00638205343282,24.544991650506155,-5.460488666967265
0,0,194.2906316774225,115.5914557755314,-28.63658272627403
0,0,187.77286288823265,56.800948296837774,-11.291989930656143
0,0,112.96052294782636,6.946885418220532,-0.3056502659609066
0,0,79.49692638907818,6.152843545868218,-0.1741327065967937
0,0,100.91771800981878,32.688156949811244,-11.816765599930818
0,0,103.14839356934635,54.304088596319396,-11.996208601779145
0,0,116.01727975350514,94.15815866900085,-22.176904141273667
0,0,78.39253924170794,13.87125105983415,-3.841781748291524
0,0,284.51309601684994,25.165367546634958,-4.1538043838082075
1,120,1232.7451096677678,2.6483082214126625,33.55970912206001
0,0,211.37901417513314,17.51175515331501,-5.123694865588831
0,0,153.48277131720246,13.037553660365498,-3.2972705191845932
1,240,558.4304236116375,3.2054387318629485,22.223170270365358
0,0,220.4562268889411,25.130855993497118,-7.598803550094118
1,120,529.3017867890544,9.325997749467964,8.701453167363837
1,120,845.5735531886279,2.140516317867447,31.625021887997633
0,0,175.77559489673112,4.892312722437507,1.319899370247029
0,0,93.65591836502064,21.60450660956643,-6.608855187423728
0,0,108.57411451071087,60.47277828939611,-13.387811273710426
0,0,125.15623997730026,56.47597187481098,-12.296315926071799
0,0,187.32644890929103,73.25735852911173,-15.07167460156731
0,0,212.1545592730334,69.11812359712619,-14.90024207059065
0,0,135.45495832561497,7.996306647122148,1.1362661946511707
0,0,151.84274974342335,59.3620264514456,-18.89142747869215
0,0,150.73306298876122,5.312315941652856,3.265038260895281
0,0,81.14280303700974,10.908131630937465,-4.634517179336896
0,0,300.44442970799344,2.7202227825352026,17.09970269097188
0,0,93.63718552855032,10.804833413836642,-7.629540297495524
0,0,231.7304357328344,37.8809607781379,-8.46718931852061
1,240,1089.804487216498,2.8393003654279587,40.45817234535508
0,0,247.75243521888837,51.16655325394022,-12.267867129783482
1,120,819.2745325699955,3.621974055287794,35.92530262233949
0,0,151.33249108369455,52.26983279284828,-12.22898781271634
0,0,133.47640804048152,92.7922946001673,-20.81785061219827
0,0,137.44168190883926,102.13385963930703,-22.767100417317607
0,0,141.52523621031725,92.57102791315961,-21.175949307082362
0,0,89.93818433544297,7.327206487998077,-1.0687638634267245
0,0,72.06124861284286,5.411913656069674,-1.060737540699762
0,0,74.00495185452108,5.162334355794021,0.320587845053808
0,0,122.55656438149721,74.67715310407773,-19.737245489141785
0,0,124.0318616909797,10.76912160010382,-1.4434488828927385
0,0,276.28177997923865,7.216891258674481,4.785442540984846
0,0,106.34970779146656,8.878621820300197,-1.1839170241829322
0,0,81.85725811630877,7.528142745920226,0.17015902233235636
0,0,119.55868706303588,79.8385407881694,-19.97736939302858
0,0,367.22705407299,3.9349144806564786,21.19233468895814
0,0,146.21796761693403,86.72008780989569,-21.244260235465617
0,0,92.38045309263268,5.553599907049501,-0.0306469964910292
0,0,74.77424511622566,7.015202356138637,-1.5800496038521885
0,0,78.02751816192327,8.164769990014777,-1.3537643696308947
0,0,116.90886074496674,15.472079225683398,-2.986764377823704
0,0,379.31648421910796,13.944036486726732,-2.7169499489844355
0,0,116.57782516820055,6.293082715747252,0.0823978675120145
0,0,78.70887195075736,5.376897181275524,-0.45316763126132287
0,0,74.07914068857856,4.370622162183022,0.629408405802522
0,0,74.55175229843269,21.29122956976021,-6.848292177581428
0,0,62.70964660598559,6.252523383378377,-1.7781238196144642
1,120,473.97479354623914,2.3322252340463256,16.501009820494133
0,0,84.71851325919356,4.828532859813594,-0.40816421410164594
0,0,85.18087707227359,5.215312775514666,0.9342342990189252
0,0,158.15340874603973,52.136439620618525,-12.155456339991915
0,0,202.46109575365855,109.0498875308176,-21.48901816504798
0,0,159.11812998615883,103.10504914605988,-22.48588850452701
0,0,155.16839785383792,93.09216842917903,-21.636075826545067
0,0,304.8021465813532,4.976223572348847,9.10728179851695
0,0,94.09907322717847,7.351075429709879,-1.8342658070891105
0,0,97.52926813598786,27.47149952144957,-9.194778908288356
0,0,96.16976866284078,5.330214714969088,-0.5441889843190211
0,0,75.0656271607842,5.634086855684627,-0.9024409138042131
0,0,341.33359227890344,2.7555767742184676,20.37721115429582
0,0,195.5876127886127,43.95338054698125,-12.024599274598089
0,0,117.36491037353002,8.936598919295735,-1.3802686716706916
0,0,263.05393750652763,15.290244257801401,-4.882736097323587
0,0,114.26447573491926,37.18048869490602,-10.045685364285092
0,0,77.16947489917416,7.064538932527663,-1.0489490443180216
0,0,168.44756999888634,18.476369397891137,-10.609261091350476
0,0,119.5384635348888,80.11128331302506,-19.612169066975937
0,0,87.1200232184837,8.355888477250598,-1.5529746350220677
1,120,768.4820987112431,2.4617236508905207,26.502452580403755
1,120,968.2468449632474,3.2758753029182452,29.145506387722577
0,0,297.4568795387149,91.89992882379653,-21.32942696997067
0,0,306.5744712924667,61.77485347109,-14.614380280249208
0,0,140.00764406702493,72.47315698873511,-16.113838975552937
0,0,79.69943373595004,7.83956073548159,-0.9414734654724697
0,0,150.89672166357025,7.108245564764959,-1.1104489588796582
1,120,617.2707787555553,3.9723395987047705,16.9602592039643
1,120,556.8645511957114,10.826505788414467,8.234436374803067
0,0,140.06982234723048,86.10115764119031,-21.127410926193704
0,0,174.6983292690312,21.807809095518692,-9.943932305198132
0,0,93.29152076844677,13.69793252746708,-5.021239040917479
1,120,360.8663917168665,34.062103374952066,-6.8346648659864115
1,240,955.6133973755499,3.2053859384458008,36.01465424664029
0,0,129.9290946445356,7.266883917358659,0.8291576342734572
0,0,137.65758847671435,73.81295825607762,-20.381528295424815
0,0,147.52832527701074,85.30718796496402,-22.148508184502973
1,0,623.3104492826359,2.9948532360861355,23.524322256029265
0,0,106.35478634562007,6.16808820910186,-2.5773162397133973
0,0,73.89672083715325,6.427691039022981,-1.5469984855788965
0,0,67.07181855028806,5.568140206828719,-0.3270132829359653
0,0,80.24434105811244,14.390343010777919,-2.8790457371970746
0,0,176.1144750258952,99.01590388630285,-24.039602816526227
1,240,514.0717470134326,4.484674443479417,27.216800587055133
1,240,449.73458250605927,3.0753133367869006,15.143425230008674
1,240,639.7119119868486,2.27025546366932,20.553251291209236
0,0,85.87950134604718,5.658703929752249,-0.6132766536113365
0,0,73.0978121229351,14.46784194224764,-3.5890503354998344
0,0,69.90967040065061,18.591930126995436,-4.756618736660556
0,0,101.53696153479758,94.16201394213,-25.072747484853572
0,0,149.2464749651338,7.269353927319913,1.7547897360929028
1,120,689.4170364701778,3.3973599497748874,19.343384856191136
1,240,1053.9262252027115,4.436616189746626,24.860210940578654
0,0,221.54841076946698,22.56803430244605,-8.200920421313853
0,0,102.05223073232965,7.695077335844509,-1.233174022511264
0,0,374.51432584096443,2.1541476232975705,22.378867192993837
0,0,81.18362418323039,4.970571969359313,-0.6511203161330599
0,0,68.56952724718467,4.226834101484613,-0.4273343910953429
0,0,71.05661877920258,5.528029844118494,-3.0724330877461767
0,0,68.01358994022007,20.63588006528708,-8.8362257935527
1,120,277.1088361264104,17.1632265500793,-3.3318169958066335
0,0,130.52690168312085,5.642067686189686,2.846633824547851
0,0,157.25567227487863,46.657103807367534,-10.750332035500861
0,0,170.56760562864065,6.388105000677933,2.4578406538764455
1,240,451.51221249249386,2.5585634732936047,16.468989072814495
0,0,92.68744488957829,9.262198032909398,-5.347565333854746
0,0,67.16322118899315,9.270363414761581,-3.963809330290516
0,0,61.62331213158295,15.270655643910654,-5.936430054054583
1,240,631.9093483492254,2.5388191865061396,24.55909966545117
1,240,1265.260734012651,1.93376579005934,49.01302763129475
0,0,171.30807696191812,60.091445571402794,-16.849682097973428
0,0,467.9357578384277,4.135561502848784,17.776164763487444
0,0,366.5813068435225,5.5392680735841475,13.62641324695052
0,0,265.8411795242598,157.087348779316,-40.09591533297321
0,0,210.84524453032753,74.22581180268864,-19.843616722069015
0,0,188.60475953233197,56.06765585471994,-16.463768681012482
0,0,201.28917403849894,27.24280024326874,-11.222616927968659
0,0,125.31614641678605,50.52918058484458,-13.644230884832226
0,0,87.75773318256093,10.317773079102132,-2.497264370514273
0,0,127.62840758846302,93.64363131812432,-24.499835015024175
1,120,803.2050803435694,2.4097295802254988,38.59228216323808
0,0,141.8844418921538,24.4103296313617,-7.611775651670612
0,0,153.86911552279693,8.617590409535575,0.6165736869718472
1,120,682.5288393013568,4.359436726134517,17.118946843290246
0,0,106.96434887674371,4.986090526646022,0.09624710508104783
0,0,95.80774030246802,3.1930931943145553,2.959034046435889
0,0,54.00387684903367,4.102148684503719,-0.1880981911046007
0,0,47.41341275147768,6.587947036065182,-2.6052049371149195
0,0,50.62112334453789,15.981217135752987,-8.516588983546526
1,120,240.69694050051882,15.55736450934373,1.2234883863917645
0,0,113.6031074170063,97.70637445459802,-23.918351975436295
0,0,111.1551196183647,31.524340959240455,-8.240893516395786
1,240,868.7880776667296,3.9786418692800045,35.79993558282672
0,0,124.30567284505172,10.066292313357586,-0.01098541198344094
0,0,122.09710259936203,75.70229477580084,-17.389686116227097
0,0,117.04125457076816,67.93378946754223,-14.59522067115904
0,0,136.19276568517353,99.44961489371933,-25.038370094687927
0,0,425.32269819779685,3.5968037784045905,16.922077368529784
0,0,81.81386935286542,5.359224020853086,-1.096520462034178
0,0,62.454352903274696,6.276460460184104,-1.6999636051462517
0,0,195.4178439783377,22.548826523120027,-9.853365371991984
0,0,124.47991939838619,41.9762030007368,-12.384188043879163
0,0,310.5010098493454,176.28535274987686,-49.12316383239179
0,0,116.09965888974101,12.536790500913533,-3.815103075843581
1,240,348.7330456805906,2.408990246772537,25.02027240736281
1,240,451.461109541324,3.145883470675323,14.070899269196758
1,240,573.8948930745247,4.5366299343396,16.272626857423205
0,0,157.7362417977144,80.92616098734501,-21.89807000677611
0,0,105.53579013595538,81.21075811609218,-20.76552892184779
1,240,1014.2084855603924,2.5043965248484548,32.95075481725985
1,240,1375.5612168538094,1.7874921521100056,44.84386287598305
0,0,129.8023801839818,5.178032500944189,0.5784499750067198
0,0,125.25064667147564,7.272133478171452,0.39489605868729427
1,120,452.3221965357477,19.72083387592901,-2.1104685336090228
1,120,674.6987517139908,2.5155801559938102,31.358943213054317
0,0,85.85156929820279,10.124634002789495,-4.608451445293383
0,0,93.53033184227546,83.38019394591188,-24.529800305468285
0,0,59.17390732564404,24.88782578430251,-9.226007063203653
1,240,278.5568815515512,1.7648264039608057,37.695489870137365
1,240,314.6541788853252,1.6662847834998362,24.089092156192933
1,240,207.9586079527335,2.5007720537096585,12.563525214153088
0,0,65.30203311625134,9.626446440133078,-4.141651294754865
1,240,352.40880795402217,17.017953505313944,-0.7003139070402398
0,0,127.43419823632416,7.999820793555879,-0.16874835975099245
0,0,84.992936560418,17.600424630382246,-6.949231508097
1,120,449.97576848411825,1.973022659192343,29.509855997541493
1,120,445.2064166589218,3.142967875248827,18.103769772751193
0,0,73.69909933144251,52.817386261569915,-16.852123283687618
1,240,264.8769797428261,17.898818438810686,1.299244402808128
1,120,314.07302451649787,18.908764630911,1.0455143231333466
0,0,102.92181977053716,76.86164182617136,-20.430050824458178
1,240,647.6833828943102,2.976065999194144,30.249979120889464
1,240,1219.9176794490988,3.152564770912131,42.85272190129207
0,0,158.39538824818518,26.393761167022113,-6.060217191990418
0,0,178.1829202539694,41.92814203964929,-13.27329747111746
0,0,142.59778603773174,94.41013036840229,-21.262632535743208
0,0,137.58656807097364,84.96929565599332,-18.223921704413726
0,0,131.96136651032432,65.57203759724642,-14.932278670125584
0,0,90.13427547327264,10.226848375548533,-2.3883409888858296
0,0,72.4120599434502,6.364445427731572,-0.43249681196712686
0,0,95.75613856472951,47.75319261212459,-10.575702713707983
0,0,137.53757362666218,88.92765763347599,-21.428442942044754
0,0,424.4964355747116,6.799017373950758,12.783760323606515
1,240,838.3663593370385,4.33984044140538,26.48179232901309
1,240,732.0724476249104,3.5666925791473036,20.884776992680628
1,240,844.7899141450454,3.109518733227862,20.22235966394932
0,0,202.99620305335282,7.954869680596416,-1.5494872268589432
0,0,134.65086903271788,84.73351754765682,-21.396194984439333
0,0,383.54483399425334,3.828252375309191,15.52745227619046
0,0,91.05448001213973,7.866283229074095,-2.234541004940027
0,0,133.83214488845428,54.03050137678936,-17.539068716499614
0,0,119.36174572082784,37.616318658621,-9.126631782409731
0,0,127.57449329481531,8.82938496481023,-0.5157190522236448
0,0,360.7613291278154,73.17655662487685,-19.37405306475881
0,0,212.194031428307,90.6482140498037,-24.49888918765872
0,0,164.2615037214924,131.84837728220978,-34.03116458664031
0,0,145.76311961055887,94.77721879073304,-22.718556752477184
0,0,101.32893352749545,14.134593649082795,-4.370599640664381
0,0,77.29029460937122,6.096895158013673,-0.5011881848772646
0,0,96.01796750509556,45.357006799526424,-11.065789239663047
0,0,100.4866643899799,46.23199857817193,-9.471800647331435
0,0,133.04081999729127,91.62994419095459,-20.163570569180933
0,0,184.10238321800537,35.89409090197607,-8.739022216933094
0,0,127.27749990135946,16.79445415310927,-3.582445395796924
0,0,69.78590331527518,7.130898001753425,-1.1519015604550447
1,120,355.7038827149902,3.373839579983997,11.212408180624692
0,0,68.93690055908284,5.9246789702456795,-0.7249159864455947
0,0,80.80267594142406,61.34968326538098,-19.323142189528866
1,240,594.9109023907183,4.670408453391956,17.90614997684048
1,0,405.29347009132664,21.626896433146523,-1.023321878270778
1,0,605.2429034064321,3.1239385557217947,20.776699043334162
0,0,248.3722455467861,4.646054443958498,4.894989428921235
0,0,144.49789079888663,12.152315446535457,-2.4367578388839632
0,0,171.1327534830377,72.28819773349986,-15.23171493254442
0,0,77.68159267247702,8.441293786970427,-1.7362379339945733
0,0,55.7426298232595,5.238882554529297,-0.5963204524060473
1,120,252.49151976821446,1.7514362787141478,25.79827089694308
1,240,406.32459796142643,1.7199905791900714,43.556692226682244
0,0,84.92031777044593,68.98243097828289,-19.681378267158777
0,0,52.08878581870253,6.463699759324036,-2.2760622978883305
1,360,153.5325252774253,6.253566166173492,11.769199313627254
0,0,134.71232180518723,91.58400579597189,-27.0338333419205
1,240,894.7757647780575,4.309957111170825,42.263297082205426
1,120,704.5706712123291,4.4805854353923,30.869628144056563
0,0,159.09230644517282,80.55831450569111,-17.335234993316405
0,0,133.8633757292868,98.53653604879514,-22.25617926956373
0,0,115.83300078850577,63.89055372431749,-14.427502758271288
0,0,88.8613211378155,11.14666221657825,-4.668165384159352
0,0,91.22058160752933,69.74297384816471,-18.694647831111638
0,0,87.12423456417127,69.85970776431674,-17.624457376978683
1,360,444.72272972003196,1.9688122713683645,51.25133073361995
0,0,97.48841298159209,9.651800817137618,-1.1000659936667034
1,240,859.1310255668661,2.622629187453954,46.621902076099744
1,120,663.444630365544,4.907153989817046,14.091157940253495
0,0,114.57283919492865,5.669872219220826,0.8345578329745393
1,0,459.8366882578589,2.0513394374020675,25.11441129196028
0,0,99.09622881351815,5.6449776412938375,-0.061330904374813144
0,0,109.68937860609519,67.02988675023441,-16.443082009863005
0,0,119.34711086946132,53.93079130715143,-14.88508241298456
0,0,88.25717724259673,10.8905211908995,-4.068325896149176
0,0,77.4236916763391,11.631339176702724,-3.2577307081471645
0,0,129.26227368254266,79.81721405254486,-19.678694019663524
0,0,185.1440422863387,72.50874967886001,-15.129819206759862
0,0,141.76137764239783,13.695637593111408,-2.739327484697853
0,0,87.56961696180046,5.704861620467721,1.288914277112795
0,0,102.31207586247946,45.41242815566107,-13.508169126952524
0,0,135.90229052528525,54.55821895988865,-17.488295224015488
0,0,108.09920168100592,8.067362976796696,-2.742038151951917
1,0,411.9821072884542,2.3082662727899,20.822299547042974
0,0,70.90083866496653,5.092649301287952,-1.1753781581350182
0,0,62.858443708260545,6.229711663686893,-2.5657760890644994
1,120,441.00944509336784,2.227642828354029,23.171893241386144
1,240,623.890039275407,3.595107620669049,29.715359449481596
0,0,226.42971750720855,85.4717157165373,-18.29797628836262
0,0,112.30448257735127,12.135313258859162,-2.2752010137510723
0,0,187.3182189309083,26.98392659422036,-12.322910055291544
0,0,90.49884877875135,12.47465490505959,-3.373613054246576
0,0,115.90787545409513,90.09957402938555,-23.045696773985853
0,0,273.9952970043142,22.58655260876864,-5.614262231154257
0,0,143.46774916586574,86.89548829804669,-21.41047750605287
0,0,92.84243147972785,20.613224920943885,-5.251492522912272
0,0,136.43082291112003,88.75070492861569,-22.94356855432376
1,240,1195.108307589856,4.754678479030216,34.74204616839643
0,0,163.13134404539883,32.1565516053261,-9.803294645092251
1,120,730.4080421895594,2.623203146655765,24.882963636867203
0,0,112.19727747326668,5.469314539734463,-0.5842941781950088
0,0,76.33932400806512,5.024337778079298,-0.14034711902853303
0,0,73.8862519872408,6.392067214318739,-2.194816255590922
0,0,66.45805034150602,6.315161193533906,-1.272338672973575
0,0,66.60219399181665,5.043828475974139,-0.18079048581731172
1,120,574.9990251605814,2.232470267442533,22.911743160320142
0,0,189.6517692202199,5.298627104934815,3.8503944371249332
0,0,293.96374116575936,50.50472775696364,-14.02548385633881
1,0,446.5137815995866,20.47999599490081,-2.4309507758971733
0,0,145.30658253148533,27.459764041165993,-10.458266885790465
0,0,376.2563152598573,5.6374367559316765,7.931475716558765
1,0,564.5877170804524,2.92676935628732,25.544757459290565
0,0,137.55197042080275,54.16752601415762,-15.21917083106068
0,0,82.42448046938907,8.624874998650387,-0.7846721969256549
0,0,106.19664833124132,75.25414454318157,-17.27001517671411
0,0,101.17026271837291,32.58817975450707,-9.6965746713487
0,0,235.01818740008991,25.241866561759384,-8.168566784673175
1,120,715.0416069595286,8.773489821598618,12.528957601723988
0,0,204.0878654751933,102.72767277577213,-21.041805623692383
0,0,158.47306292019402,45.014761064157085,-12.18174928396121
0,0,136.42875974849517,60.02683364842657,-14.702881188316283
0,0,111.50225239802823,22.64506937380613,-7.5947349072371395
0,0,87.6282357196752,12.63794268816859,-4.21699516293377
0,0,73.21464154058296,7.680220275562404,-1.3414369101694064
0,0,116.4860371035106,95.16009650582306,-24.308524257517668
0,0,110.54318785103996,34.12858517759205,-9.682027952147038
0,0,91.86859604867252,11.129851348635892,-2.0161024390857705
0,0,160.67962668355074,58.867439670574136,-12.841049081152747
0,0,378.2628656091854,7.436059294544101,9.968629343196028
0,0,120.32854145963017,42.42200324945431,-12.030390485729598
1,0,307.31297015158634,6.403036964440777,6.224674754101656
1,120,483.0118992855043,8.845496432781827,4.06455300205171
0,0,103.54989408499273,8.12393044643181,-3.1514968579657534
0,0,91.32209034227876,31.68247935366151,-7.580536928851785
0,0,93.41824656505898,41.16431424603383,-9.080069599480183
0,0,68.44214395918651,8.246079974486463,-1.3414369101694064
0,0,155.77716686087507,80.99824159955739,-22.331850742751897
0,0,232.39080647761006,115.59334731403297,-27.833501317678035
0,0,195.83102063411383,69.77792399276808,-12.010987814858353
0,0,146.26897987963687,87.16916937254054,-19.14119987849695
0,0,97.82366557207506,19.92198130751975,-4.46134622823044
0,0,106.70564868849011,65.7684399384549,-17.815366554151254
0,0,138.18261802051023,86.33836523282189,-23.011879482707016
1,120,742.5067905756644,6.410896415208976,14.404432872337836
0,0,112.35530212706165,11.039348992419475,-5.0300896601193585
1,0,418.94720827731436,2.8360722961435583,21.615336163338796
1,240,1319.9486002840918,1.6615278484406422,49.55296295817551
0,0,225.98210190607884,10.90387566930894,-1.6668702152588537
0,0,158.5514630999391,28.259135792521292,-6.350903230290854
1,240,652.1882871496551,2.0720484449233942,53.13373854894594
0,0,128.2230405307023,98.63474443901197,-29.131715426162096
0,0,47.372736140001365,6.601297453442532,-3.106387761770833
1,360,137.7551125869438,2.1954979544720854,21.77459446945508
0,0,69.18191812487372,6.98859627879933,-2.856689337290703
0,0,93.57354489681394,54.42221950750979,-18.31468942778683
0,0,67.04781444667178,11.451821704465777,-4.195214713769502
0,0,130.23864839067474,28.46699385402503,-9.74184757004825
1,360,419.20526231024036,3.55236367864957,50.299067514918406
0,0,337.7745233904191,5.315410899329918,13.727326157707282
0,0,121.5283838865758,26.695614974789773,-7.684213346380233
0,0,99.94728339627697,31.72200312284787,-7.593588289704712
0,0,78.12664065638405,10.220781193608632,-1.8335471896494369
1,240,1007.7424885498168,1.878588659882229,49.72270462458822
0,0,151.96397755172202,99.01843797032595,-23.297820532324884
0,0,112.89874142966406,51.6436577428974,-13.460507882056405
0,0,135.01103827951658,9.625830968158809,-2.8210332307985766
1,120,706.8488561925207,3.769675597241949,22.29827636071495
0,0,334.46566398246296,45.022428292739775,-12.436515018181396
1,240,459.9494140223738,7.41724588655643,11.024996979518775
0,0,108.48237179025442,32.17390394421356,-9.993368957886375
0,0,230.2437343486232,4.411724770400151,9.993485052285976
1,120,416.48896134584027,3.894303708547819,12.738011869248368
1,120,798.7871916723371,2.813571245406828,20.380582315520186
0,0,109.15439600304308,6.5599665249768835,-2.5817283394349317
1,0,316.75690435393574,3.460023028574521,13.19822293193927
1,120,899.1770574598238,2.9357638655241947,28.495918493870178
0,0,184.92321586912738,72.94489369572315,-17.609767991079437
0,0,179.05006070356717,44.26844444090632,-8.768961087618393
0,0,155.2867236311917,44.09083114149299,-10.036417312893988
0,0,118.63573919804121,78.72119022430121,-22.214277532088545
1,240,492.8337776741897,2.4761567845451875,36.31940088058026
0,0,72.09048997542996,7.9200955140502005,-2.7275601241231584
1,120,287.85269881512835,9.920614067834974,3.0344043343736047
0,0,157.64498652776825,65.04302048387889,-19.5273088016731
0,0,102.98050654476216,27.791429434267982,-6.861871933610587
0,0,75.91833680806627,6.727402426751176,-0.01767489491453489
0,0,109.33907173008569,47.35573849919235,-10.815292938466797
0,0,137.7543077267989,11.14547278540217,-1.3660812611888673
0,0,132.23437280425148,10.24184712072794,-2.7841089758834983
0,0,140.58805025599932,3.0329673759120737,8.681035977754235
0,0,90.57791211791155,3.0746040098488128,3.2882453770353806
0,0,49.58003674715267,4.073443956026343,-0.8637676708558075
0,0,37.38517275607174,5.960511712489575,-2.386713531743041
1,240,164.00927642257287,7.166701414321128,5.287851242449619
0,0,80.54993285184831,108.24892926959315,-29.45546843459112
0,0,74.85740644048964,97.30777964287476,-27.867022707658187
1,360,241.38089024672158,4.573289773452144,19.38847810053076
1,360,482.713035442416,3.7177282284459423,43.83047490329501
1,120,678.2483890019042,4.652418983692419,17.830166750498336
1,120,351.1138673333401,6.227006113864519,3.0055011182337097
0,0,69.02053799779873,5.896352820204089,-1.5364200141507354
1,240,341.3215307127888,1.483700668003998,36.40016079931554
0,0,54.732626697947865,5.273775844683436,-1.9113428114460476
1,240,248.82235508075908,3.368526170722261,6.293862818477464
0,0,92.84491407651272,6.981844136113871,-4.4489236576372235
0,0,135.12043124286822,3.3996544329047693,5.463426391607939
0,0,86.57399929457102,7.897899717558773,-2.1449357509546303
0,0,200.76225137295387,109.74006805628619,-29.828362194409706
1,240,789.0286591778702,3.5522420732998152,36.3882190683327
1,240,956.2143898465393,2.572403921876275,43.45331699440423
0,0,171.31399438439166,95.85715732210078,-23.792023256702784
0,0,98.25151108739286,21.09324974319833,-5.245875682188924
0,0,88.4646554510675,13.622927069699564,-6.164305757756338
1,0,462.3030518071319,3.5822648323027346,13.936729166047968
0,0,112.64093679002235,18.201482648092853,-8.220249116860415
0,0,87.75829998547984,13.477820978475613,-3.388429254988111
0,0,80.96429412572499,8.44396414118137,-0.47465746307867107
0,0,159.27962347381762,77.17569497433223,-17.214607658534433
1,120,947.4387389577138,3.4181129518105036,32.57853211931507
0,0,106.72668841284043,18.91690835392538,-7.480395475052319
1,120,390.2413157437788,8.190047658635427,9.92878834690815
0,0,145.69718909503007,92.62792568007123,-24.422557220500266
0,0,122.56672148980425,103.32994729820608,-24.475185380052956
0,0,107.9465049746488,69.86280497812274,-14.768993992766411
0,0,97.01948559071096,61.971616792928536,-13.17061972047209
0,0,102.90494037961172,82.5362284524209,-20.357021327151173
0,0,74.48836672800982,12.990775082966307,-4.531152514962429
1,240,448.55273040376017,11.684726406986922,5.221421400893746
0,0,225.781362984314,100.68517939432282,-22.665785926226903
0,0,102.90025858750143,11.592497660907194,-1.92089619623232
0,0,78.78618386889809,10.579387473584317,-2.5989011826624733
0,0,86.54190124527257,40.65613293463392,-11.162237211180638
1,120,537.2080980329569,2.189244190669017,28.896135568251708
1,120,804.9350535405812,2.4784950365764655,20.757782496025058
0,0,99.03201004280449,5.305657653931215,-1.5092657860441676
0,0,94.07977358778923,4.4598245369054,-0.54963673858596
0,0,81.05061254224736,6.454213188365797,-1.52830386424381
0,0,160.6298727233279,7.869198147661909,-0.12438430075457063
1,240,507.24444715022037,6.236300462637245,10.757914353740617
0,0,126.89517999648935,6.912311144698218,1.1426967639459065
0,0,117.53822737007746,65.78594749901329,-18.764322019049573
1,0,533.9596824882743,4.281687364352683,14.145963087932259
0,0,89.48038328586024,7.870194454200902,-2.1366610824948395
0,0,84.76792713766503,30.533864257422966,-9.20652513305599
0,0,102.6118125820629,85.49097764295784,-19.99530312530989
0,0,77.05431755013713,12.316527340057437,-3.623174095980886
1,240,712.8113961783945,2.209030667067621,29.71301337489912
0,0,158.7365695972001,9.023490566759879,-0.5830365976755871
0,0,161.01239667724883,13.215963824519706,-2.665796011973427
0,0,115.08646466399584,5.895273036894392,2.4511723067523974
0,0,138.32303777564354,96.96011197844177,-24.69738083561022
0,0,131.05973043508106,40.585239948694486,-12.356658655197478
0,0,88.73356375989086,5.909473563655557,-0.5072224577898368
0,0,80.68334125487458,4.878857620677437,0.6121827230573587
0,0,98.89149959920414,50.2615278868729,-13.143819517133608
0,0,113.29185326211041,69.39459144208418,-15.512535832904604
0,0,98.08999492761733,7.045404251779229,-0.570582323371795
1,120,588.3570282555933,4.86303944946777,16.206662003622412
0,0,290.6651975709276,134.97418075411167,-37.35998550552812
1,240,638.8281075314346,3.741551596353198,29.307956200703302
0,0,284.84383685609833,4.1830940785390345,11.107775367827259
0,0,289.26158949463013,17.46192177733385,-3.5770927526616987
0,0,129.56513915423852,88.5185582854177,-20.386363111287338
0,0,104.91048181974413,54.0425833984778,-11.085545935302349
0,0,88.98257161823092,40.76748823939791,-9.413698313752974
0,0,68.63583185263995,11.70114290359093,-3.8392507353973713
1,240,632.9011627688689,2.1683641685741946,33.11351109944279
1,240,1239.8960766698003,3.1224935051370455,40.05577828284747
0,0,164.57189633595152,11.199919493835624,-2.357567253822097
0,0,89.66867521552555,5.452241509609516,0.5434332266778341
0,0,84.49446173337356,5.020820021839266,0.23412654236699382
1,0,408.75890313760533,2.386021726119866,21.80231408040021
0,0,112.17850496059204,24.002419714479487,-10.533610753969356
0,0,124.03612404892998,78.18780524530982,-18.957344776927073
0,0,84.49096455936382,8.134240053226609,-1.5490169551520978
0,0,73.71444835448686,8.478466669803458,-1.6147915866894351
0,0,116.53503154782206,76.86219773634167,-17.38455539906589
0,0,194.95830284379386,95.95127941158522,-21.693110801867533
0,0,207.28762665731566,105.67172250043379,-21.250991990010817
0,0,144.37759254737497,92.22756928287323,-19.064825639724404
0,0,149.3683829369352,113.6862722061481,-26.33663704268961
0,0,133.92359287139288,68.20280667229557,-15.418682281702303
0,0,82.57978446917323,6.347344872833582,-0.5525429120552445
0,0,65.12643757196983,6.340500228861668,-1.071928950532353
0,0,89.92403126655753,55.64817109393452,-14.939459560570583
1,240,815.5183069541939,2.04226032333002,57.61072519812326
0,0,177.56296255731277,91.9256306446575,-22.723819568432454
0,0,139.48728497928096,12.561213547892491,-2.221262434161318
0,0,150.1456397796506,13.302436734452968,-3.1019650941457684
0,0,100.21107347474248,5.295798370472429,0.8663143830660829
0,0,192.69514947701217,7.035678982379356,-2.304770007813005
0,0,118.07675815940202,34.02271677840513,-13.112712893108835
0,0,99.71322779893802,6.444240647234326,0.3616441502470309
0,0,115.39556496779984,91.51209845446195,-22.09583775333617
0,0,131.56458179496337,100.30341349957342,-24.645946849155806
0,0,262.8814480422418,9.478937120364435,-0.585192449994608
0,0,122.85741203480171,23.96480011811674,-8.144345149794702
0,0,145.63537356869264,26.743997208638053,-5.937624227152867
0,0,181.1629659526015,10.941880612494282,-2.5231345983425797
0,0,199.7586247804801,3.4133791420729236,10.85994746227098
0,0,108.01529217688896,4.558049171250589,2.1358789050948417
1,0,410.48719859797706,3.7674677494632838,10.347932536502313
0,0,109.04057064086551,8.190052170893303,-4.091046888727149
0,0,102.97745714505837,38.71425207439772,-12.250445940823113
1,240,1164.6640985203421,1.5851427678275798,47.47973050890512
0,0,113.302146403118,7.217584341484216,-3.2859311587026667
0,0,81.41498746670446,6.672651592136888,-0.7529949061105583
0,0,136.29369061291646,35.14788979252693,-8.016299146738433
0,0,195.76717595332664,42.965286317322224,-10.645408605356494
0,0,102.49907548148964,13.41383174708626,-3.444280625115823
0,0,78.55653233023915,7.1783051366747275,-0.617989938583321
0,0,105.49025318944933,72.18731086700791,-19.186293122836574
1,120,720.7585172324592,3.337484092665181,27.33254026645696
0,0,118.24642494515162,30.791600817486625,-9.863357324774526
0,0,130.9082240148537,86.9699080647419,-22.63275065980889
0,0,91.92168281005858,14.593557958927383,-3.368672559348809
0,0,157.9611832041171,118.94097338311285,-31.106909434434414
0,0,145.8630583012229,13.477252433983253,-3.296689284490739
1,0,418.8621878394763,28.0265270941168,-7.773512131163429
0,0,109.48673522652281,9.166072500928065,-1.1471195841101434
0,0,118.78217840017345,89.47123670546056,-23.150081241050458
0,0,101.41381793263297,6.666980586438489,2.089274450551187
1,240,954.5010126389936,1.6213148318637411,43.903277190676235
0,0,226.13112572952136,7.637853783914242,-2.3822591604074006
0,0,299.71663208798304,20.817462346728025,-5.617802478835017
0,0,363.6424563810375,4.625042663933701,14.050365832648396
0,0,174.87881065447382,114.44662014648969,-27.069151275499834
0,0,213.2353390788306,99.02420644079447,-21.807952209469775
0,0,205.7590725455714,8.411812498912614,3.938847789626152
0,0,129.25250200022046,101.90385000143904,-24.092283815596538
0,0,128.2453952378245,128.75431122730365,-32.62004828085078
0,0,92.9325361397486,71.72667070458822,-18.08631174866767
0,0,47.92384995412595,6.402573104331137,-2.581680783869075
1,240,214.06185109520018,4.211152200462799,3.5248184653379155
0,0,59.013791169078246,6.319789416437191,-0.9553649746555948
0,0,78.53775414953532,47.42364256551481,-11.998279910869982
1,0,353.51196513905836,12.747254842566377,3.1601623863167845
0,0,448.75705151997255,48.20375058554643,-9.269467566448725
1,120,861.9907049976363,3.8688139638070034,24.70389051164223
0,0,106.37930623989257,7.405349769892474,-1.0144659751171332
0,0,102.18427314032131,52.994750484348494,-17.216071313172606
0,0,82.01682447404322,50.78500755737517,-14.11810096282872
1,240,469.80167304751336,3.74918588545339,17.03498484978701
0,0,105.28911750564127,28.428719077818712,-9.10210896228081
0,0,74.1589125313874,7.78675739136653,-0.5896996608478702
0,0,109.45059587241245,72.30216768388357,-16.90913712320304
0,0,97.38865566786211,12.852526721262109,-2.9209369067687447
0,0,352.15605919641723,4.711316132068848,15.28692679196972
0,0,207.53652115507194,27.408753868330805,-6.665990557829673
1,240,1011.6130723225397,1.7400481294805685,48.74406391868918
1,240,1090.473405349291,1.9151082805812796,47.791948650636996
0,0,139.62844157820888,79.95456718228648,-20.586381821298147
0,0,101.6450961956692,87.41412360849341,-22.33774763291865
0,0,91.09204770960577,18.551099607928222,-9.66298987394741
1,240,362.4324455097265,5.732854765878072,11.096605093801713
0,0,158.05903606003952,53.61612449191944,-16.601045747797528
1,240,589.9469331152815,7.05242712993724,13.09946587350153
0,0,253.18490111498804,98.99176150176378,-23.42864061005637
0,0,176.87089619331107,80.63201231112619,-15.398022030311637
0,0,135.92808005809613,98.31134911214488,-21.71149367004864
0,0,121.80900801173323,87.81653759528281,-20.438394184290885
0,0,76.09729349365698,11.202818168295085,-3.933458311367758
0,0,82.53989854776881,66.88195688803174,-20.148315800443115
1,240,545.198885583895,3.778599038417279,18.925773012608047
1,120,396.8654280966165,17.036069318234006,-1.7309645501357807
0,0,134.1355544909523,5.166061029573706,2.62164315850832
0,0,111.32964957315863,38.599366379071654,-9.876096932473487
0,0,186.22498079695322,83.21234517254196,-18.90743785253197
0,0,230.2633230575011,97.32490456396528,-19.840985314091384
0,0,150.69389690706382,92.39477551072164,-23.125547853018013
1,0,598.2143658348864,2.7621836222003235,29.571952998652264
0,0,77.69278136209651,6.008324950619706,-1.388284426494124
1,120,209.37949218199964,7.632029361448063,2.7477922228819125
1,360,359.0081170111279,2.1158863838648787,34.435143682137436
1,120,365.3413461059757,6.952180101612083,6.806849991370399
1,240,961.9023704984883,2.2012350647483663,31.495998353865332
1,240,1220.7162820897408,2.653895750340358,29.124814432621335
1,120,1125.9431158191196,5.2966074183095735,20.97820782774194
1,240,497.4304133139328,4.580974148614758,30.26288253109304
0,0,104.0622725876383,11.333023881561324,-3.29366158013093
1,0,381.6263648185255,2.9073339335514587,17.15183415905892
1,0,448.75061263881366,2.832442184682417,17.01549763568758
0,0,131.27734874777133,6.20302256080267,-2.4579464854508615
1,0,329.9423499683115,11.691543526185793,-2.2492673785016137
0,0,159.3531151402848,10.36024515758459,-7.693011126064491
0,0,87.33303909147233,6.577132958839861,-1.8221761254569202
0,0,194.07316073349116,2.9739348597993684,11.357251866333371
0,0,164.09082802654711,5.6833525896250014,3.752091798538757
1,120,887.4125867631813,4.191054152657865,34.82414821087934
0,0,195.01063008926857,61.38518210054207,-17.71744436009196
1,240,783.1421614715986,3.028792860538208,26.793143902655956
1,120,918.2852988393988,2.3659184892183753,39.26270996284107
0,0,218.9300760215731,105.72767449809464,-32.23675042001219
0,0,105.83633171568368,27.65934301191908,-9.34178373026782
0,0,73.00409126029163,7.578195417634153,-1.5251599129452273
0,0,77.87366517761154,20.3362589227164,-4.195674417572818
0,0,118.11853153452644,94.6732924673359,-21.281306021271234
0,0,258.00726034916187,152.4148588213659,-40.43257175160582
0,0,209.59959309147476,5.997050623091045,4.400633469942221
0,0,89.103482016895,6.106911919272328,-0.8293955646419278
0,0,102.75371736084378,3.904667462437128,3.851134190371667
0,0,73.75504844756912,23.365413440723362,-8.386239177521887
0,0,54.38138459712215,8.86493975196897,-3.155000117984173
1,240,476.7062848288663,2.031980046211415,26.280727396553345
1,240,1066.4010586615784,1.7244712512608147,48.3318522738072
0,0,165.09861495244579,68.01267095482511,-18.916092965518658
0,0,97.04002652849262,8.399746721352525,-0.8964911841198528
0,0,150.19151680790802,48.51449715113586,-10.33953120573939
0,0,200.37689340443836,37.01502239369455,-11.112435965820794
1,120,608.4087017576527,5.280350655634373,15.938385204745984
0,0,140.3060544677781,52.26640708666891,-13.1008134337401
0,0,134.26552240026072,105.0088176713733,-24.229375944069893
0,0,134.35643758845555,92.25761009090766,-20.72855182741509
0,0,140.63599044688158,63.98491406101778,-17.434990718637223
0,0,88.37844472709973,8.19682146015869,-1.7274612901173612
0,0,87.19145739035523,25.3902675036843,-8.795808846522732
1,120,518.065349691678,6.006269165931457,12.389101966478947
1,120,1377.3346298265271,3.6806117488363603,35.55280515890307
0,0,132.15057666071831,21.658742144331296,-3.838780463690526
0,0,93.59156356160642,34.718752409693444,-6.768118777491779
0,0,86.35063360028292,41.399327075434584,-8.79129106776594
0,0,53.950818427793536,6.142640879585078,-1.2914401585943551
0,0,45.82223541923653,8.627808868721281,-3.864830345878758
1,240,215.20772254820622,1.8903448965520326,25.230605391213672
0,0,72.44420333698217,15.5590232153389,-3.8410155752859936
0,0,109.94055165158552,92.01890803946759,-21.93739845974305
0,0,101.73257655817535,23.04313173910004,-4.833199049551851
0,0,155.46488112466673,51.85031193399986,-10.515053515380103
1,240,814.143923236396,2.776198018324109,42.26054942728901
0,0,80.9255984904503,4.659691840936754,1.5371331950994715
1,240,242.08406594793408,4.322561201095506,4.89711357752968
0,0,65.42432084600838,7.137267956196798,-1.3323855008005552
0,0,85.35294710239941,94.40879474007103,-23.888233450391084
0,0,110.4225835259521,119.34306248733519,-33.919974389705835
1,240,771.7985759504295,2.7122827879639195,33.39005199887549
1,240,1167.9966276181924,2.025490516934332,35.066745004190906
1,0,486.4560658862651,2.6857254430096718,20.803562654093795
0,0,147.07853315267235,7.27185687676366,0.7013705448535319
0,0,201.09822947117308,6.695887464068704,7.659996842914367
1,240,616.6045812767732,1.4307256324767605,50.948222124726314
1,360,556.5241066904912,1.3009405744510005,52.26560641020406
0,0,80.54356765506884,4.620280426971502,0.5078458115586244
0,0,145.52247776330208,5.680549575032508,-2.598927602421284
0,0,74.40361268754367,10.788493625616525,-3.4456755883810786
0,0,105.36458164626633,100.12026636710112,-24.859724969555693
0,0,133.57956617172502,88.97485224105134,-21.685892923760207
0,0,142.4244690411843,100.66926014853674,-24.37512318552993
1,120,814.7177998557444,14.312479488871825,10.678972114411579
0,0,211.5131197457497,95.29197716921283,-21.16138673602542
0,0,126.57729424744208,9.113489354997348,-0.7700779221581371
1,120,915.3918832988944,2.1387405187803963,31.241829706194295
0,0,117.04061975149897,7.429721377131648,-3.723061920095759
0,0,73.61658983053528,6.3568670906290405,-0.12668810372294104
0,0,104.34352019600655,71.95023322840315,-16.978663360491623
0,0,124.14508624206321,96.07330530377408,-21.894799240635237
0,0,100.0097904221755,22.38913049728022,-5.24041207606669
0,0,108.83502523034825,5.666324682078813,1.1165147829636197
1,120,733.186192688472,3.391012105395107,28.706959527257183
1,0,324.0073339321803,16.937675022992682,-2.3467193008540477
1,120,399.1829718714978,10.527200503895102,5.840563164691673
0,0,104.50649870731289,65.63677586344318,-17.625540587089958
1,120,353.7680693699433,19.114074169166447,0.045478896548686976
0,0,183.20400059151672,6.928142401455724,0.8749747800045213
0,0,169.4411301715201,47.29040100514969,-16.709736635548424
0,0,100.35503008008985,25.587166193259115,-6.247469874543469
0,0,107.18509594154641,51.68361829864615,-12.155942463554041
0,0,201.71794911060377,29.051838426736044,-10.224171970864461
0,0,218.57820476950735,72.23415171356578,-16.858997704930403
0,0,143.00273271512518,7.717451817747821,0.3560167416201523
0,0,66.43476607759678,6.415181706513693,0.05366902178027999
1,240,583.3644014245758,1.3031099552312742,48.732661150786114
1,0,189.20016332654097,2.5985747919434536,12.410702761283304
1,240,368.97056252370555,2.51978467788255,12.747047426761938
0,0,130.41540021291087,9.834929900578414,-7.785517269567407
0,0,70.76213632267755,31.917261155459016,-12.113723688973124
1,240,342.89502095994504,4.176293654694304,9.380504376242925
0,0,94.38005443817482,10.133464491452582,-3.594910238004246
1,120,563.2106127086437,5.0017322685727414,16.83550510285596
0,0,202.94768472349324,7.695131482939019,3.8291212473298373
1,120,721.1341035186525,2.086010724468713,33.57236947048254
1,240,1254.1783312765203,1.4507504688976578,54.18651309807031
0,0,104.18090443856832,6.118725912842942,0.2786544038680461
0,0,101.11790146472305,70.21893402852456,-19.200940237121728
1,240,886.9722942557639,2.7498218405235773,40.03481156225459
0,0,133.99853555333252,68.66891208145451,-17.415699010753002
0,0,204.66330647059795,24.36371981240707,-9.330983332865642
0,0,173.02281449646932,66.80934924409947,-19.239111504652712
0,0,140.9743264452435,10.01722150895745,-1.2130315983933002
0,0,195.0593297960622,46.78054113381996,-13.948887691592233
0,0,346.1399223265302,5.296803701527174,8.097782814325981
0,0,71.12201649998761,6.735145912491965,-1.2395200485778162
0,0,160.98439661305417,23.93005934227881,-8.327391806744942
1,240,789.7417425941054,1.7632273725760428,49.362539904565054
0,0,93.78130650674419,14.427941850754431,-9.030532551708447
1,120,301.7951437358973,12.763595533238071,-1.5887681242600138
0,0,93.60861866143674,8.098020159256963,-2.2951320797985346
0,0,116.5891385544622,51.998501702256185,-14.414916385173441
0,0,203.07838947659624,90.9835867139765,-21.769152151679066
0,0,148.4928538041374,8.404561300506082,-0.21247306058417337
0,0,119.62249773564793,15.151420131992243,-7.971427828372825
0,0,223.10308315971508,5.543087699876075,2.2281789744790217
0,0,112.79354280791244,7.501263676979428,-4.425061331478588
0,0,134.20002265495032,38.498826053984565,-16.873570843890874
0,0,65.20177701595271,8.178277885191996,-2.9872769211446553
0,0,63.505897014514005,8.664988971166913,-5.231630148237713
1,240,343.0240706485248,2.2554699226745476,23.50551138775542
0,0,106.40282856102776,22.693319849724435,-7.1143232969588865
0,0,158.47044429070863,7.732416269767372,2.1800738776348823
0,0,319.02543101238876,24.49342195769436,-4.742711375622136
0,0,140.03660769618176,96.42261903988019,-25.84379757786639
1,120,796.5864546429868,5.10169457342593,19.003214609636586
1,120,1082.2078770874937,3.360356276612202,23.030515828033543
0,0,109.89593292580813,8.451761322790881,-2.6510273667977486
0,0,121.84416112876467,97.35948650832599,-25.38591673790267
1,120,982.0429186982344,2.6000830141384648,42.59752816697913
0,0,172.47969260350152,77.7528019272377,-19.976671911395954
1,120,770.2928753323761,2.660596678898926,32.44356942340194
0,0,508.9562373095932,5.214219004205554,16.451192723278993
0,0,150.11023726933485,9.883691164088265,-1.089846830958379
0,0,99.62318548723835,8.762472692768883,-1.2396151597095297
0,0,115.60230066444683,50.71024124927507,-11.782826777761443
0,0,117.28205512284225,42.987320574981695,-10.404698182824077
0,0,97.8864333273163,8.80966008073163,-3.602239079098581
0,0,95.67752299987526,4.879493397812147,0.0640836907038107
0,0,100.42089257926838,21.05221527007513,-11.125112166098589
0,0,96.31112931081951,9.758675449830859,-4.544040073310725
0,0,108.33680546461731,35.18238510153642,-8.652661309329758
0,0,196.05563329482354,90.31670387837264,-20.51528096638438
0,0,87.65411027292392,16.970970071407187,-5.593491016776582
0,0,59.14937609531317,87.67428956819744,-26.504455350660848
1,360,137.70561935606366,12.255645249441411,-0.5539695790310617
1,360,97.67558264147794,2.8423797558153496,28.78800477938762
0,0,43.368888498996526,6.835712408674733,-1.551378881589855
1,240,276.81885975309075,1.9940439149586802,35.8704446351431
0,0,117.428539669208,99.90820468616022,-26.535561974685614
0,0,115.01011631081728,85.8637984376941,-20.168093631889477
0,0,97.00283292095307,8.576666937956118,-0.5813827207739735
1,240,941.6494592880954,2.9307717290232205,41.817035652167036
1,120,995.8963982328497,2.862650848709823,36.09111302864105
0,0,115.51635066982175,5.782896608173097,1.1912245769310488
0,0,84.75892063928337,7.755861059238841,-2.455035028029826
0,0,77.9616216545696,5.957130677663182,-1.6299248245367153
0,0,66.81511917633824,5.809274365263884,-1.0439662778061631
0,0,82.64039837332257,9.503167945157882,-6.34604199466952
0,0,239.7340783739738,4.087952670000431,7.333173858511429
1,0,372.95180889831846,2.6683444512846966,21.058280832748125
0,0,319.60288982618476,21.833433305544208,-6.465908440397726
0,0,325.969174867264,148.87812943941756,-39.85515207092317
1,240,529.0421457079553,6.557622407010366,10.720609654298642
0,0,122.76327740602744,17.184652555377106,-4.466603760233937
0,0,122.27346899561327,76.25923735071059,-16.672838800392142
0,0,117.06534369482226,48.60016868407037,-10.855049391526492
0,0,130.1310578606053,84.51233749600034,-19.289124108083058
0,0,93.44921667654879,12.290844470679534,-2.3416836948245674
0,0,99.67792731314766,32.12056905612073,-9.16481890179601
0,0,104.7111258971015,5.308962431599506,1.0988875198845278
0,0,117.85790421634852,44.940005585475895,-13.060470462034786
0,0,121.44158368757233,9.434196278621988,-0.9748099171409308
0,0,131.76220330067412,8.711896599141355,-1.9878597169161765
0,0,76.17264994172743,11.012252883874847,-5.710615091540134
0,0,58.86983456373087,5.592189187629768,-2.1904358595799494
1,240,255.79346418055977,2.326895129430449,11.654558696191984
1,120,547.2399202228103,1.694216787815969,27.199743990766365
0,0,95.98390264966844,4.352550569390144,-0.13639472311031398
0,0,68.8054702982436,5.591195137219713,-1.2196154022891506
0,0,121.35620049586619,27.181092409461428,-13.180537697929964
0,0,127.33448626682771,74.77359990881982,-16.038061823329528
0,0,159.89664513135423,44.06078672365227,-8.084853136902765
1,120,701.4890771027433,8.578063932994489,9.409354752865184
1,0,677.0323020033023,3.0693467781976316,24.436448577144233
0,0,115.56302122216564,11.528871215051062,-2.6106843950924343
0,0,131.37036110676615,90.63604900257033,-21.96012473627279
0,0,100.58925571830447,17.047200155962212,-4.557852323217418
0,0,76.2137658254659,6.853112126269893,-1.6049951401220994
0,0,76.09356959847966,8.58183798548187,-3.8765290150805356
0,0,94.07738734750058,45.065832603699384,-12.344516134047666
0,0,80.3293501598921,6.219222920254422,-0.2886834968521015
1,240,699.1538944210253,3.56195200102291,26.17908530045338
1,120,795.1096836459152,3.0440280480303112,29.785688847438053
0,0,143.90934531999656,4.879273650853592,4.389378652688492
1,120,731.521696564654,1.9738066639982763,29.849318194559885
0,0,226.97280539200122,3.2012123255235103,12.75245819336655
1,240,631.8533028766026,2.1181016768690397,26.002315978196776
1,120,633.4203088983663,2.9159523460943793,20.032771474717322
1,240,858.398353441753,2.884802876299854,30.232933092504226
0,0,141.54733018809677,103.43394581772924,-26.091308446316916
0,0,128.40841909336436,77.42566684104308,-20.685651423056825
1,120,586.6592494643762,33.37845298908145,-1.0079772823530107
0,0,155.51623346912092,22.528420288102172,-5.361425139327309
1,120,1028.3482685854126,2.1010561715171354,33.64770805470967
1,0,558.6700225415234,3.3337912608195652,14.81657054189516
0,0,97.82830201995183,5.6582797775119165,-0.7213546029578026
0,0,81.58299918793081,8.393531537354294,-3.2313479369979063
0,0,94.52499728060111,33.43723146507574,-9.998224909555958
0,0,92.52966962906763,19.685037231748122,-6.590789356348367
0,0,268.7126257836268,3.2664719831178166,18.516552084423523
0,0,152.77718103555534,65.16143656976703,-17.522218194329582
0,0,183.7994157217841,8.36077344762702,2.3739632036013916
0,0,160.2863448102287,10.011622699385065,0.4184941872578065
0,0,129.90508487289017,88.8802175590722,-22.21442019878613
0,0,197.96659799990493,63.151684131465075,-17.01479502264236
0,0,99.37840597867343,21.41927300905233,-5.7545987060096735
0,0,88.96475700248925,51.07209184266352,-12.133105224037308
0,0,98.78017950592819,107.77179951199186,-26.47537248016104
1,0,329.87653281336645,36.00128770988165,-1.1711087251110683
1,240,1221.8703835211295,2.1078823152317585,46.42057294605188
1,240,1438.3317834375205,1.9567862016775832,44.47565598137764
1,120,1175.081482727762,4.407029766080304,27.75984287757214
0,0,112.04808360894847,13.287554405526757,-3.9746150116444596
1,120,395.81416738683663,4.307585919657053,13.463160273301924
0,0,104.92931101271067,73.95291044635574,-18.728396431017572
0,0,55.70645646097401,11.594015584456638,-4.518249104758837
1,240,255.6258718934934,2.3387213060973284,12.305372466853242
0,0,72.23717290281733,4.847315133221922,-1.0189256304045387
0,0,175.65500190770163,2.8197187455369197,13.410236212450542
0,0,112.9225471522587,63.436707217355725,-15.653363715273926
0,0,109.52218308107209,39.80801977370343,-7.8669059785624
0,0,154.82655901343708,44.27949766779906,-8.897567189561457
0,0,328.6488830352186,20.5248189597366,-2.572222510214516
1,0,599.0617588707889,3.1939092361514074,30.534224021991633
0,0,146.92067853975306,49.89154079008268,-14.70798548571868
0,0,80.43351153230208,8.181554686861455,-0.8397626779996017
0,0,111.62547535260151,58.227781994090144,-18.515548286127853
0,0,157.36532596757297,46.79924354026388,-15.304622898960886
1,120,871.9200945639825,3.6786365079511962,19.38246496342525
0,0,105.46732034334981,6.919231143376659,-1.4468887354900062
0,0,104.74989521675565,23.86335734145448,-7.009019422287636
0,0,202.56137452607393,7.741654666542437,3.478583887417628
0,0,311.4789716056505,22.27587643440207,-5.805631112130158
1,240,657.3612026531227,2.1327455329665095,35.204867503257915
0,0,84.02597078073998,7.186149696991936,-4.246463761912224
0,0,48.876180882437446,15.636240581917168,-5.765309276231903
0,0,50.587336222541055,53.90715068568815,-19.12471394899852
1,240,141.29420734056535,3.6880080163336,7.555913561100212
1,360,116.96209487511175,1.9915673622235064,32.55085477998405
0,0,72.54369992136944,4.112926663666034,3.202222642344836
0,0,99.55018127128142,54.75078768680578,-12.729636958244257
0,0,119.39448425742466,12.492290613741657,-1.4403102155459209
1,0,535.5356666682738,3.50502919108007,25.354123047609633
0,0,123.81240693683215,4.88901651805918,4.983358238194242
1,240,798.8950202596325,1.4241276962042098,49.4972066991795
1,240,922.0921286198015,2.4197337071621003,33.93321053633127
0,0,141.50076166027827,58.28959992698963,-14.88079184415355
0,0,131.65455609031278,89.00815631398159,-20.83771827082458
0,0,86.96876052351145,7.15160565559739,-0.7629075996166677
0,0,76.62222668095663,8.226663728846574,-2.162626421454874
0,0,97.54139771845276,5.626627190964231,-0.22921790371896122
1,120,467.8244377451518,3.459835995485566,24.204377415743195
1,240,666.5425937434283,2.968197523910194,43.129421319277625
1,360,359.2193757950679,2.230639870035185,29.61386530403098
1,240,284.3985338108778,2.469549710950438,13.68859479128949
1,120,400.84583560290935,2.4976218208736167,25.2791332041988
0,0,115.37499002184303,87.66978452993416,-22.09064362875381
0,0,156.7839675496948,79.70222006302977,-20.018536661208813
0,0,127.19525679782413,87.47714360689103,-20.697820363965434
0,0,138.5537945799944,102.24364828813651,-25.74852792759178
1,0,685.1384906285328,5.942018674811091,14.06559418162739
0,0,194.3843355359784,11.680936110371187,-2.1129308551302586
0,0,136.35055228174255,11.032339651035091,-1.7559576419715484
0,0,86.54974579767043,10.096545197512174,-2.0045992760992135
1,0,429.19709088613484,1.9694333836649784,26.509976927713296
0,0,69.28270701991612,5.889220745405481,-1.3404963667557155
0,0,51.29486497017088,7.750950820218314,-2.7075603667027934
1,120,303.77441952876694,7.672502509691508,7.75572091304052
0,0,130.68895063764018,83.61934361333324,-21.50855821866503
0,0,134.96946895344297,116.95284368455208,-27.839720528902284
0,0,167.25016482449206,96.70837130664357,-22.41778365026248
0,0,267.83448935740194,134.4424562860186,-33.27740358379379
0,0,144.27886681495744,15.93840663792984,-2.487832516618539
0,0,128.28365443485163,84.12868728236198,-19.456884292584917
0,0,88.34705518144992,11.962701346075454,-1.5977878299183033
1,240,922.862617835665,1.9014717860545989,52.93964843281246
0,0,166.36031824996235,108.50742749878626,-27.92065481804572
0,0,83.46468285422078,12.438066810847271,-3.4304789431126466
0,0,96.6331980654084,36.326704528277126,-14.138560424052415
0,0,74.18008262040908,16.309566921767782,-5.700702398034025
0,0,177.34200010740088,45.06709603590463,-13.965949571832752
1,120,804.8386517001312,9.716983089509352,12.118817265932819
0,0,173.68929537671093,64.60648660793527,-13.689794400878696
0,0,378.36436867590567,4.348602794974541,20.67353516912665
0,0,137.35086874516983,99.33970351147562,-22.99014130515684
0,0,124.8205112723654,102.42426855619831,-23.820054620801884
0,0,110.68808534923275,73.7075807905476,-17.294823330238202
0,0,63.28244063175887,9.234153447759262,-1.8868569789794662
0,0,71.79389901204654,64.53296207320261,-16.583159571082078
1,120,237.15882064791782,14.421319661095797,0.2758961810481253
1,240,452.41451739518146,5.287934858672143,9.56284298365702
1,240,674.4986476114951,6.343714761372441,17.239695708962756
0,0,136.4529962413082,9.25746918665548,-0.14603793507654927
0,0,115.61842053946091,29.600487471669943,-8.82902905125242
0,0,85.04430590895974,6.579745104924204,-0.4800206741174122
0,0,68.0536288984126,5.816478636188506,-0.0754918950978265
0,0,80.34545303081862,28.06072639900963,-9.942949490170335
1,240,1076.7389090834154,1.9185867801777914,35.24828045093713
1,0,653.8538715350775,2.7452078312326016,22.290973939379427
0,0,120.18042452085793,16.63816578441733,-9.227523557359447
0,0,113.80211192183921,14.968107850881685,-7.538085660393321
0,0,121.94349900833464,7.850447008832925,-0.12848464732212506
0,0,179.62609117400748,25.113048819015766,-5.6495590289265465
0,0,137.88530721741978,74.78399615096583,-19.71191950834499
0,0,364.071820928178,3.6982898727424622,22.299956657375375
0,0,110.75254217717236,77.5804481156045,-20.402859608689297
1,120,615.6017935526194,9.625425767401556,15.50408664149748
0,0,139.69887250891392,89.97946855414867,-20.49567750534618
0,0,117.0569323395055,81.11571191619475,-16.905216430995395
0,0,126.92960760578457,106.73876680369543,-23.795188343808412
0,0,158.4102498207193,104.75961108359819,-25.53873390682069
1,0,718.6404427408044,11.115462660721303,11.833018883012528
0,0,116.76196810049937,11.18127845409881,-2.800933078294719
0,0,60.3177609602587,5.74800286679317,-0.2110463936083562
1,120,338.77712973763886,1.9354524720533417,31.14344252437992
0,0,186.80138535732002,43.89404977062295,-13.23712353735263
1,120,295.9350590456474,32.35968984509167,-4.627198906146091
0,0,125.43140012231932,100.5731454459743,-26.495361669677898
1,240,1069.770860719377,2.835767718736937,44.584885832208286
0,0,168.01718520649177,88.28176221170439,-20.36392216815277
0,0,115.8367643598874,27.524175619892528,-5.920483087635901
0,0,125.76188023222498,7.901385887993674,0.1939315213110291
0,0,248.25480398198582,96.89034164226184,-22.316252517149536
0,0,147.83010248710227,80.79830164817423,-18.157417887533185
0,0,137.78993695828225,88.73290858355324,-20.170085681703867
0,0,137.80827870073853,99.83700486668522,-24.12091226624478
0,0,79.58552335333462,7.841288027796475,-1.0309994601814338
0,0,90.43241947665389,45.59804439564304,-13.559846175188
0,0,94.96435456320218,61.97012955273265,-16.042130466186507
0,0,189.07790393692989,2.903645162737931,13.928454497588177
0,0,73.80513682151411,6.258552662352121,-1.4859952624829305
1,360,225.7558115087291,6.0753008454971,20.40085155448044
0,0,148.75439934304399,8.602718007576692,0.13232592771416307
1,120,348.02916714375857,4.4273674147784465,10.520590944287832
1,120,318.32422778533413,2.995493751091616,14.623051092552004
1,240,300.3318173040624,3.939474568465837,7.118941318259985
1,240,463.86688373254975,2.766144933389554,15.072831634464094
1,240,570.1378512625199,2.9765831039467194,19.038849580321667
0,0,115.00567257593295,43.62165739697845,-13.969891399847455
0,0,71.8343404003115,9.531686317384985,-1.9987446575465526
0,0,110.61149893882823,91.37415331648701,-22.187778514000513
0,0,287.92928522553285,82.15617360585803,-19.608602399536366
0,0,227.94713960962522,121.1234983705789,-28.941873607245512
0,0,89.8466173238914,14.26413425553813,-4.583231143531833
0,0,175.87517083352705,9.31281654176096,-5.446797947951097
0,0,61.64704983782733,9.894503436410437,-4.053203226205426
1,120,316.46726806236745,1.9293735582429634,25.18068261496329
1,240,383.8538096014152,3.219751839458117,12.60082991359505
1,240,882.8135932232955,1.734298610495129,51.925319916710734
0,0,201.6666421103831,37.59582217844563,-13.539201775652614
0,0,155.35644039021892,50.6902248733377,-15.29159795786677
0,0,215.34377792086383,106.62005471369062,-25.2878096055317
0,0,439.8474537653477,6.189939269091571,16.201906447036336
0,0,182.2046363569932,52.5134622298888,-15.343275006102246
0,0,148.9135122584433,67.83760256885378,-17.32750457188814
0,0,114.77398621479509,37.24738562527059,-9.478632796960113
0,0,75.23239191558893,7.549192880136968,-0.6382327577847633
0,0,89.55381260400637,53.48343523191832,-13.74122838733311
0,0,131.59996163316237,86.31012932793782,-21.887644769949063
0,0,119.5857689065019,95.5373573623092,-21.087231756993035
0,0,156.67777135480588,90.79102520667197,-22.07471779814219
1,240,1241.8859630133122,4.041285545370772,48.3664304541398
0,0,229.17406388003684,18.320974456258615,-2.612697580713885
1,240,590.1122128464386,1.9071962620088272,45.358762839413956
1,240,419.24811261091077,3.5473016021515202,18.517587738968942
0,0,117.27474336518819,43.65518888770565,-12.951193055638285
0,0,91.84561219031029,33.20252907901685,-6.99400243137913
0,0,108.30150497882696,76.05349283079592,-18.875977203739126
0,0,71.20592600410457,7.4768365689683804,-1.4240990515391303
0,0,241.40553483763622,20.221846112015722,-5.353937779680109
0,0,132.3295843585717,71.83721019312824,-16.358892806433985
0,0,267.7129894837022,100.58211220482525,-25.568514258953115
0,0,179.86973707673457,89.79001869987535,-19.369619829230217
0,0,160.0600884210541,6.3841306039408625,6.945849626429947
1,240,875.4320054496127,1.5675669593688135,57.20441044340801
0,0,129.4727162702794,30.428526499762246,-14.023914522665393
0,0,72.88948371008595,20.682908621772594,-7.301116275708608
1,120,370.0423641712671,2.0723990473603493,25.68914672514768
1,120,370.3428604067619,8.735997470907977,2.5051637258597736
0,0,89.0792852002863,12.720683058386928,-4.118475882325342
0,0,86.29284804269899,12.15425842477681,-3.5898323603606457
1,0,396.8973957812436,6.364321340639985,10.01912278623675
0,0,145.18677173048397,13.763294387702274,-3.0506103669678026
0,0,101.04017011242232,5.762833304753808,0.23031681314635932
0,0,87.00429339849856,12.954451407065516,-6.862506007822077
1,0,393.7854663794371,3.6567637891236817,13.247490498171132
1,0,376.1552656354722,5.903207842369118,2.651973041624032
0,0,113.5052545610839,5.594015298392135,-0.6405999681742856
1,0,313.59425742694424,6.591112384965108,0.6293291465260893
0,0,127.16805025771596,8.97776424789734,-5.311703153243897
0,0,118.07818650275769,60.43284661209777,-15.759359787626025
1,120,673.5978390685135,7.171865693460067,17.882034020997253
0,0,215.5490059217465,28.843310746163525,-8.379819176130667
0,0,105.84277059684261,11.698524891571346,-2.2256798178346173
0,0,121.44822661778208,81.34323078771526,-20.307896427616896
0,0,247.56976597417875,5.489040777490424,7.610433375383806
0,0,249.8121516820112,23.942450002405963,-10.5786881464537
0,0,101.27762652727479,16.428186961711926,-6.186450799592208
0,0,75.9734867320772,9.25676437197527,-2.266440221729141
0,0,122.07579080961064,59.20338990375505,-18.18856678317205
0,0,101.36713604423069,11.287304782311388,-2.484429651683598
1,240,881.2159344996765,3.0388883606967965,40.72476884757111
0,0,225.01858228814785,78.3171807031269,-19.365149606039296
0,0,174.69824991662256,89.37113677674215,-23.518515345581648
0,0,130.33064050441553,91.0191577452636,-22.319470443772786
0,0,72.19980925440211,8.733955222993355,-1.8973614750829455
0,0,82.76426181519422,62.433332677625835,-17.390156387933956
0,0,49.517280327969814,5.612040866154679,-1.5949344959666405
1,240,276.68357523240286,4.787320152504293,5.475167332423808
1,120,787.2918843458314,1.6097074997038412,34.87196797432833
0,0,102.16238321159261,5.541862170636988,-0.12722706680268914
0,0,111.9734243284683,8.184593241315069,-0.3864313205032346
0,0,150.3335236112143,75.1908718583429,-15.07839578820898
0,0,191.6525495158334,79.69810488384697,-20.9922474401136
0,0,136.63377236426865,99.73027011398612,-24.64026660101132
0,0,232.8022373803959,12.768515699225924,-3.6182336010831193
0,0,234.94146495698487,3.6369279035013364,13.89014584731136
0,0,97.62789184388,62.35714410584327,-18.243958449496446
1,120,592.6738446303237,4.645239078960327,13.980871299070373
0,0,98.4440993831836,5.619543848550683,-0.6758756301395152
1,0,283.5718630896909,10.978392900774283,-2.656586084051696
0,0,159.78267240041774,14.168730684816936,-3.1931132620457703
1,120,819.3270411924042,5.05524674452904,23.214429053072806
0,0,226.62553657963716,42.343103713139925,-14.388486058458327
0,0,186.91345363044894,7.174340215679196,-1.3047504330836261
0,0,79.93380107489438,6.0031656349644305,-0.43307804666098093
0,0,91.82037245633077,84.98128021291164,-20.350199745426025
0,0,120.73212781001818,65.38302813934179,-18.685443187141686
0,0,177.01303902931792,12.573698965435037,-3.594281447744521
1,120,612.7219359379357,2.119911543503053,27.52862771635661
1,240,410.0319424935003,4.337715167945843,9.08158065714504
0,0,154.51740202934118,22.21114899762422,-6.037908347649918
0,0,218.3032600095975,88.63714042239567,-21.641951580904774
0,0,240.29052013553624,71.32123170011883,-20.37556271388516
0,0,119.55784819471587,32.19814018371646,-8.285870513796652
0,0,94.75272168933573,15.68939136988867,-4.4313069624616475
0,0,118.47927892030245,72.69001971205594,-16.731369134063357
0,0,116.28647713181714,48.50476872315547,-11.46533525217076
0,0,86.80491480373915,9.261129530244391,-2.5474407764492497
0,0,82.87512279810583,10.600956968682572,-3.642286149505196
0,0,81.1228742463805,5.993918213673613,-0.6998806229957353
0,0,142.00905918190762,14.20435225339224,-4.350953908012073
0,0,110.37420122879307,18.530382929568507,-3.802912999127912
0,0,85.03390507539756,78.14252383507385,-18.176265743469372
0,0,71.18371299771208,72.93202112645486,-19.57505987374917
1,240,312.4078255570603,3.65954153507207,12.955446484267782
1,240,446.2618036939514,3.9477085366377334,8.529111796684049
0,0,73.98341334360211,5.75701790680338,-1.7868687597811146
0,0,64.13339885802147,12.168844749586361,-5.475500373924007
0,0,103.00006124546492,84.58462747697816,-24.570814339047402
1,120,701.5867939259651,4.828854583800144,17.731695025455764
0,0,205.74424498121246,25.961611400830698,-6.322163816655603
0,0,144.70450179889144,7.897118194494672,-0.3648252417471127
0,0,87.229376505631,6.213248690826765,-0.33451649443844644
0,0,73.95923353108097,8.05451296881778,-2.2335634738639953
0,0,215.44376195576137,3.1789287656163974,16.472751246469258
0,0,106.73608600523613,62.23500991946539,-17.31888116261203
1,240,980.503481970447,2.1465643227113755,54.68880555259632
0,0,154.35512635365433,93.18774166079635,-23.709165609117868
0,0,254.8886200007954,7.053653110402115,6.818369006212251
0,0,160.64112942929768,116.81079058700695,-27.699484449130345
0,0,214.01337810957412,113.96151271696385,-26.40475246485766
0,0,126.88857107445473,16.457440831972797,-4.414683650217398
0,0,129.85281430770732,65.67775438456871,-20.174503065377166
1,240,653.9543997007772,2.5981923780884735,39.418808465803494
0,0,114.91548289547436,54.12934509291512,-14.877790559552551
0,0,85.94367477252733,4.590647978274846,-0.26023470056377107
0,0,50.19031344995415,4.886145819598549,-1.8089292583887868
0,0,41.4101168017188,7.684296649327469,-3.4196257061928463
1,240,183.95372214843096,2.753991166800885,6.852841507509623
0,0,72.41008180126316,4.929143576123546,-0.2938300658686046
0,0,108.18763427241588,13.6271027131379,-2.4020845474196193
0,0,243.83904648972862,7.6008451472678935,3.0356090753754046
0,0,85.71432930744461,11.57229898975163,-5.729304428923456
1,120,385.67392713465205,3.525085049273864,10.700498933891254
0,0,79.1506041375887,5.778912284468699,-1.7972411570905393
0,0,155.6994581806911,67.4487470145298,-25.04660249153362
0,0,160.23634145672156,10.795519211129262,-3.8267753252865475
1,120,959.5383942284891,1.9351639131621796,35.26835946763394
0,0,99.90257398203254,7.7501747118636635,-1.9943061380662073
0,0,103.94611199743477,38.18726728197747,-8.386476955351199
0,0,174.02624837595067,83.17290442890051,-18.070026609336196
0,0,152.7877689140808,7.463919328347115,0.8425418840874102
1,120,599.4011604586384,3.0195436343442403,18.754879444711136
0,0,107.60000701425444,14.972810526039922,-5.742546012039824
0,0,68.90811830686008,5.46127640355438,-0.5074021121497481
0,0,59.61612696298565,5.3970015462414835,-0.6354851028683584
0,0,98.85847766114784,46.40383979731044,-17.753369948123975
0,0,65.02356851021499,8.09620081688141,-2.2803370148640454
1,240,465.02139326204014,1.7310035341812715,41.33619604179604
0,0,107.3612242805717,20.028809915182656,-5.862666087452624
0,0,123.9038775918875,15.89157842569401,-3.166820318076475
1,120,467.54507192247434,4.195154441389672,28.329801618366403
0,0,104.32733230464218,99.19138379019248,-26.660173409096373
1,120,241.3656999284945,13.50937790515633,1.789954435071138
1,120,187.49032296920927,10.943896689313222,-2.0127682655237464
1,360,141.56130754807734,3.0616125425854883,20.619480342598138
0,0,58.62354169137244,5.8652173384089785,-0.38548020918601367
0,0,76.4023298205323,25.17383795711955,-5.5930365969250175
0,0,72.1591298089112,9.845621244389513,-1.3927070941191886
0,0,78.75296921784935,11.541687832321696,-1.9721452443750422
0,0,189.45131369991455,113.57510461131176,-29.278604001202787
0,0,220.03536438558442,86.73033244017707,-18.400654039008003
0,0,140.16606548286316,65.66141640125176,-13.133024403683194
0,0,133.24788443963124,61.278591740095,-15.620798720562746
0,0,80.7963560888781,5.928822576653094,-0.6981897584317949
0,0,65.56182156610926,4.161196091067415,-0.3309762467577002
0,0,51.65344716879661,5.958697333597685,-1.557751327415204
0,0,46.030147231940276,9.089653803993828,-2.5493482830354424
0,0,146.35293472798733,34.78500679453649,-10.669339622888032
1,240,456.6553821787766,8.33352843457249,7.626623403583551
1,240,1085.9030693649859,3.83043901547584,36.31160176777908
0,0,172.7262745453486,49.90202727738622,-9.853138162066202
0,0,101.43255643713246,14.667050907854904,-2.330592680075455
0,0,75.61905919884717,6.13184304648811,-0.5127547552849876
0,0,68.36448062323606,8.70165557866627,-2.3343178660678916
0,0,61.08608498897192,7.782912947656285,-1.8443158833410394
0,0,99.57124366774849,83.20682938851449,-24.402927339703254
0,0,60.796046267331214,8.045098593985555,-2.0042346834276117
0,0,83.0804018112512,68.56435043214844,-19.539741940169833
1,120,429.36812933494826,12.242365674512712,7.8930613872467035
0,0,233.08248741562684,92.38259602426308,-21.161930983056934
0,0,198.08145494339496,48.4558702870062,-9.321482787596992
0,0,108.99477296501675,8.679019385806157,-0.8352448992428094
0,0,138.8235134169918,7.791933853601733,-4.9320459351695405
0,0,83.37801868791787,5.062798008084315,-0.1117398041873372
0,0,73.69777868064142,6.1005852825045634,-1.4360513504254868
0,0,69.95538305606154,4.692292904089948,-0.2060847629035294
0,0,71.48063837481767,10.544511330010106,-2.3310999394446412
0,0,101.73702029305969,58.192340915829874,-14.104167182031489
0,0,81.08013730629392,6.8488033712242204,-0.7077167234592565
0,0,269.7651107877115,18.074507711465742,-5.228803234044875
0,0,200.50047911287973,13.979628274400056,-1.0703014933895503
1,240,656.4099259782405,1.4747932453441275,56.460725936572246
0,0,65.06777913789077,5.6163058522989555,0.08729080684392443
0,0,60.47481638106233,56.54204937914529,-20.202222676322293
1,240,190.4681354643408,4.3524833367477935,12.919420501152288
0,0,134.49135935527534,43.630761328468814,-14.60987306939596
1,240,857.3757502875537,2.3705500963150667,31.7623517943003
0,0,143.424558783444,9.778818168988764,-5.228787382189594
1,120,691.5190137589353,2.038186431306787,34.4961627570887
0,0,174.09412869352056,12.946677689196958,-1.7936057982780653
0,0,169.13193917924906,106.85723342687179,-22.208697679027537
0,0,180.79178939311734,78.13007000333643,-19.09599038721855
0,0,130.9074758350007,79.40872837155767,-19.005397034253605
1,120,960.4696740963918,2.1935691898430427,37.15120056700445
0,0,105.98192071343755,6.381231027029825,-2.0719802289722935
1,120,435.45849471509706,6.098274555246328,6.894616430142506
0,0,107.39325998154908,17.50096363737907,-6.791590091219987
1,120,1007.4508344398572,1.5699622914622215,42.28139990094313
0,0,108.94414612829878,5.674160669106057,-0.043735345006297166
0,0,120.72523548652411,9.623946649269843,-1.4694195058045239
0,0,193.4819399448238,14.181196248424827,-0.2554263044600731
1,240,821.2918068305495,2.1481323323232417,52.072403997966646
0,0,160.72506160553138,82.75540145177419,-20.17126400294687
0,0,94.14357292434289,13.224242012818786,-1.9628983287909847
0,0,121.9144900349443,82.0621309321122,-20.427752305441572
0,0,82.04684802465843,7.852944994793009,-1.2256866628640637
0,0,69.78834056782654,6.085259849854943,-0.4839994897944422
1,120,708.6280732271282,1.7895262779604497,43.56973301963164
0,0,179.00507922392165,85.86046297667225,-21.43946526542095
0,0,191.4593150647151,28.251779007280465,-7.210781836380008
0,0,275.4886413187351,70.33703967107085,-17.25578549461818
0,0,134.99333135632952,73.68535160334788,-17.476226678190358
1,0,495.309255414399,7.895202289800575,9.464783406851907
0,0,134.50810271350025,55.121818017616896,-13.800794375549728
0,0,124.09735010023175,80.99517326420178,-17.602153816589933
0,0,127.79987680749478,83.69919974831733,-18.32519920784209
0,0,116.91391662700352,45.039639849181505,-11.582343079995553
0,0,81.1473431283903,8.577503510566304,-1.1934334213068638
0,0,127.26801162049674,72.29348970953669,-19.065454429984115
0,0,122.80348640509564,9.793771791589412,-1.2960794682416719
1,120,370.34573976559,8.326478482867222,16.140760557242785
1,120,194.27444378605816,55.52547016796744,-22.78997464449668
1,360,148.81981973594577,9.521481394972907,8.52516996866936
1,240,214.77704301829382,10.08387477739672,-7.463196212065981
0,0,65.21555599491167,5.612303930788842,-1.8053256032868887
0,0,93.76626355727603,5.639155926182385,-1.6238694158170972
0,0,98.69624732969447,42.53874077541264,-11.999162330814286
0,0,96.91701895902854,29.932004862713605,-7.496463972361539
0,0,86.47061444215997,7.962803132393779,-1.0888904356893931
0,0,175.96725363573483,95.46939914889222,-23.505242058754703
1,240,690.2866028362686,3.7794204949635817,35.370487687296034
0,0,156.07807119447148,6.84929159752639,-0.18941389509342343
0,0,95.37143808759993,5.20986377290376,0.6248694912386838
1,0,312.53653516388874,4.718444145835368,5.977639441309734
0,0,107.15677846771716,11.757517248588956,-6.371029802553522
1,120,1001.9338922367216,1.8246326594927766,43.654836346715555
0,0,124.79136626627452,31.547292107700304,-11.456231003284287
1,240,1006.6573103533688,2.085871746926136,48.13281637882419
0,0,164.59751582788672,66.42898395419473,-15.806719847271694
0,0,321.18764811536914,69.40060537938115,-16.203866945679323
0,0,143.7929806807422,29.248184815946853,-5.306678115117933
0,0,125.90946437625344,85.70711118540594,-18.2771839381779
0,0,105.2582380826185,40.66768431479616,-9.15963534511718
0,0,176.82713900797043,46.93281720280867,-15.939125110531876
0,0,89.88546599595419,6.78413459379876,-0.41663438877664305
1,120,593.3139238306021,1.9951825832336572,29.59201087954203
0,0,105.71916221628449,14.055874603083437,-6.679459350871824
0,0,115.01491146351135,65.7230069163543,-15.358080638940265
0,0,99.96031986341214,8.248428153485069,-0.4897537132636103
0,0,188.05708054389603,90.90702272233867,-22.173295202220004
0,0,236.92776910604914,6.229318194800117,6.473834215502023
0,0,88.52000375610007,13.675727706459899,-7.805221125689101
1,120,192.87940576989476,10.59807544080304,-1.3484064425439044
1,240,314.82560276012345,4.976431136211137,4.670579997575558
1,240,767.4415392405724,2.046706927853801,26.474923191722084
0,0,95.7342032917673,5.743954469026936,-1.7504147765728675
0,0,72.81692726843497,4.471403893066469,-0.2742583085409649
0,0,68.47583472468713,5.738645797635969,-0.3903044571450067
0,0,102.48738800530151,39.773358413604115,-10.19218821084715
0,0,135.53887916579032,7.925551736273708,0.7161127702704135
0,0,174.6046254104753,31.388807171874383,-8.058406958332355
0,0,345.94462471278706,3.1058134926730876,18.224349551967308
0,0,96.08089396515408,6.437402771649226,-1.1980251753883238
0,0,72.43434096619295,6.107163252036013,-0.10552059296308869
0,0,94.44821815720418,41.78879629682968,-12.661981239879537
0,0,121.21549733927341,72.83275867279822,-19.25511659454078
1,0,523.2942199793015,3.995735204565393,17.111348520656037
0,0,99.95089959889968,9.910706051991127,-2.282524570893642
0,0,136.68426316828607,102.93399486469492,-23.848973688797052
0,0,202.85738168245086,86.79592984027339,-18.79788568064383
1,240,768.1863636202672,5.031102103861022,28.67503389070926
0,0,159.74016218149873,72.85889367041528,-17.46418455212404
0,0,148.41260584687666,19.4798576465195,-7.696377003337091
0,0,114.96038502271122,47.80881972721838,-12.31575558460537
0,0,89.23352927861207,15.42107085775136,-5.605136846460738
0,0,76.62846718109394,12.819339064585051,-4.356533761073081
1,120,948.8721608675464,1.4414476596414139,45.772866139026874
0,0,104.1655327434072,5.876929354951598,-1.2141729319739625
1,240,777.152369601383,1.8496214308029233,38.522354345615554
0,0,164.39965626495004,12.294157370412002,-2.0610213130172497
0,0,213.07409498445617,33.82067952956127,-10.519550158329835
0,0,109.32791704864134,10.069597993477451,-3.157399032084257
0,0,284.49720286300345,3.938855937911055,15.405266175638602
0,0,137.59590898307746,95.34852117510698,-25.77133346339795
1,240,1022.8920876551854,2.8519942492843695,47.32127536345671
0,0,179.15778726633718,120.51697149632274,-29.73087856834669
0,0,143.2597778388555,107.41060229354385,-26.940751247675493
0,0,86.93096610487784,7.564330151633166,-1.3231544370717927
0,0,91.9516496803819,17.452095884583347,-3.9132049242627858
0,0,137.37686232703152,26.808302298078715,-5.300136582836174
0,0,162.18883014364303,23.69084108853774,-6.098879867035308
1,120,950.7187594331552,2.3357059897717756,36.12047066463249
0,0,133.02996005336476,29.71582619768675,-8.930602455979482
0,0,127.71231709257998,89.9776203333227,-20.472126932341524
0,0,99.04315338819045,24.557678314749964,-5.6525920172381205
0,0,111.00865774411568,81.99057735161973,-18.186389795045983
0,0,123.67713375220262,75.50693927841957,-18.43121641600125
1,120,1289.175554833137,1.8487646658387418,47.15821261207155
0,0,270.28441562202624,5.037250506442689,10.103919644118434
0,0,225.41010707242123,88.7729485550406,-21.25979505364684
1,240,761.4818559414099,6.216181207220295,24.62033009847292
0,0,163.15836920857296,68.44370348596647,-16.44783228249733
0,0,101.16741736771993,6.9026341564576175,0.9223718273125172
0,0,122.33683756194856,63.51661388962801,-18.337505531496532
0,0,129.41737363327601,88.62942265652478,-21.193544866450893
0,0,127.9176697901048,63.833302196388395,-16.452202110604773
0,0,94.26868900066536,23.395504786045993,-6.201092629925597
0,0,84.45116932642642,20.99367143149038,-6.283062573614444
0,0,165.08929671245872,59.41159270176051,-17.40919975008535
0,0,160.7380754005498,35.18322979621078,-7.182486274692792
1,360,398.66459659397003,3.8390091468594885,38.42664084339292
1,240,412.1295667358405,3.0806008005658505,21.476780380227282
0,0,157.97511521986416,40.31977840314733,-14.377970994451317
0,0,84.05671417106223,78.44067217667383,-20.170957533744655
0,0,79.62654854860607,3.6273014525489455,6.747606324211276
1,240,169.85969145502597,2.2216780746679103,23.099746164023443
0,0,55.63890488909709,33.70376512309421,-13.151977938654625
1,240,220.23667011026814,8.628353047021111,1.1907226015136274
1,240,635.5102246210092,2.6152593166652878,25.34743356467854
1,120,732.6912150354374,7.404432879092097,12.250514479656857
0,0,250.24203768783713,135.45711508024448,-30.347378356263448
0,0,162.3416742187591,107.91102252139726,-24.648440874387624
0,0,111.72539137114877,21.211229042524103,-4.416902909957571
0,0,127.64130802289765,86.75666958694697,-20.2230731499764
0,0,89.39240413678543,9.815388214169577,-1.5361452486590963
0,0,118.25516504616137,83.92442278303058,-21.38125725280726
0,0,130.14521659751992,95.13196889512801,-23.001517653301107
1,120,716.8958687006012,2.8589977247335145,37.508311162908996
0,0,177.14841423847284,86.93737649036,-19.950051362417398
0,0,154.9165219727281,15.694055239629174,-2.711296120598746
0,0,145.37202559650387,30.769053967332454,-9.578795386566625
1,120,634.6665498122547,4.441362182580471,21.178015179682262
0,0,131.79620013975097,88.32419187496282,-22.8750198481112
1,240,1019.415817337097,1.9163669749157548,42.9801391140886
1,120,678.004437025601,3.6278278074301666,15.747296373213487
0,0,101.88595342803518,9.406972924405261,-6.263274174264566
0,0,88.87576894421878,19.579663376024396,-10.112400539236134
0,0,197.88395813432635,43.97674682316568,-14.328803823302934
0,0,109.80440559046087,15.187085018243156,-4.494418482310792
0,0,135.9641967400897,14.090850016330915,-2.9024536435041455
