event,charge_mode,duration_minutes,km_driven,charge
1,240,1036.0183363727092,3.4349587897514002,38.87265921165023
0,0,152.6610317814102,6.840575720213351,0.8499447005064127
0,0,91.47363077068128,9.701297578681237,-2.581918561698373
0,0,118.13566031873621,97.17857023614752,-25.09014753800688
0,0,86.68272343047832,10.128603887268689,-2.083055391866111
0,0,94.57421844608015,7.382216777440227,-2.7900956932301995
0,0,72.30166373893209,5.106302039942985,-0.01961410521131768
0,0,69.64371513503484,5.150819976146365,-0.3023266603024126
0,0,90.20839629097983,5.90270246948702,-1.5394530024622952
0,0,129.51105481971516,10.110587344021896,-2.4243194164354662
0,0,164.68165205317126,12.236961794480566,-5.132873089799986
0,0,94.77091039500388,5.662262747538951,-1.238912394125137
0,0,57.61172479672025,5.352190764501961,-2.140671601882431
0,0,87.57837973492697,14.305927690436055,-12.596581768917318
0,0,70.97666555945969,5.892849051963472,-2.439811963002583
1,360,138.37754154432693,1.6432359446569746,26.528439055170836
1,240,305.5257498597636,1.9496753344909925,18.462740319676072
0,0,104.05729605801018,54.65580646342177,-15.300194947384071
0,0,83.85689913805525,8.541330544078567,-2.0510557799935185
1,120,466.95854426197565,6.911031017138832,8.302419698177061
1,240,683.4097417258259,3.428357807704783,37.34807004176493
1,360,372.6503150896864,2.308431872653945,34.92683652942824
0,0,111.49356897731037,33.847291021610026,-12.426322275231882
0,0,112.2172175999543,84.86450297908401,-20.212579221776437
0,0,87.75236555891875,6.25446997142603,0.8134114580217471
0,0,91.56745932587935,26.75780110793193,-7.356798559379925
0,0,73.06947197698909,6.104940965032146,0.14593210350213326
0,0,80.5263708545088,11.330389625413389,-3.7179893264039237
0,0,139.65823273962732,5.523078092325509,1.84853760825996
0,0,185.076377353878,73.57167158332625,-15.98386961405518
1,240,701.9275104965865,5.680483244841732,16.90043430211132
1,240,1007.2784356640384,1.8953053344414286,42.92365366974941
0,0,99.64693452954111,12.801863992283364,-2.825767651577621
0,0,101.66072862017302,90.7457654552738,-20.171491212872652
0,0,98.88175058899871,80.54505929695495,-19.01302706059839
0,0,208.74938871309433,6.535462708581946,3.8011163029895556
0,0,73.59044321188549,21.89890255751685,-9.020788944658733
1,240,245.14051668003663,2.6844338091927025,17.54792975106585
1,240,461.47497541470614,2.1555245387883937,23.118641575525487
0,0,160.25907025377026,11.224682765058423,-2.096207147802531
0,0,138.06564123410345,15.482576542405832,-4.531052119878936
0,0,143.20822144535052,31.930003771700488,-11.7740395659807
0,0,97.11554734940957,23.52668153720712,-5.882618289307132
0,0,91.29233318903545,24.170189072110805,-6.91454236477739
0,0,77.86417122871964,5.379292287756038,1.1124408561548762
1,120,624.5704294992789,1.3141427641571284,32.422349073124465
1,120,496.9192931137672,1.910077564275467,28.544308924109487
0,0,133.0422710127637,106.50036797598462,-24.880945319833167
0,0,133.82663556408238,113.79077609855337,-26.00423420522567
0,0,203.9936855021855,33.74689508877497,-9.195154068863488
0,0,204.5448900047771,122.64469962414417,-32.066179173172785
1,240,682.2601293735551,3.4564175089188036,32.83452901429588
1,120,347.0938516390731,13.351857690064271,-0.11761027459527895
0,0,135.14455437509747,123.83151730046302,-32.05750820833082
0,0,112.65480078941914,119.4034256682955,-28.926941159565196
0,0,111.05443274784768,89.22813069033363,-21.792005243051094
0,0,101.55072350966897,11.460054770186098,-3.415113211387819
0,0,97.84960247364485,55.89781085846571,-13.130308452477351
0,0,122.15379422731245,66.9854789131232,-16.693356385085238
1,120,863.2394851886015,5.73076784661048,24.737633827596397
0,0,118.28192947999278,7.842154381308642,-0.9482052200176554
0,0,67.4192687395862,6.458559846377627,-0.42576505742192694
0,0,53.107529045023924,6.291362643044968,-1.5964932617365264
0,0,46.05483433307385,3.7688615859211416,2.0192726576039917
1,360,117.53728647723206,1.0958514599927907,47.73493481112159
1,360,109.68991140083898,1.9621747400329528,27.215352784272255
0,0,100.73394916744644,86.71236282441218,-29.972186077428255
1,120,407.48826702608653,2.6801485178879845,20.277471280830298
0,0,93.79804986496909,5.039959214845576,1.0891597646900948
0,0,176.7132909736761,6.0109479261229515,3.3857871265677915
0,0,122.73856479876251,10.077736301782378,-0.1250659305319033
0,0,121.52762437066444,88.93068987076857,-20.708636613222907
0,0,149.01554811990732,36.31145309665667,-13.175153351084163
0,0,101.20937211977841,5.442227455705588,1.4699583163451138
0,0,93.76608784837117,4.538937051791534,2.208427562791485
0,0,96.85892165983921,86.30244044051733,-20.829517577689472
0,0,102.95299393107777,86.05915393507537,-20.498699925754224
1,120,743.1025231155663,3.808550052519972,28.11271574416331
0,0,161.93421093640566,71.7508275283525,-16.738544740556577
0,0,169.35071376989393,10.147547248283185,0.8836827325088166
0,0,114.88224557230886,7.48133483884484,1.0415407914080816
1,240,574.3847921734059,1.2889396605978773,40.803964716584744
1,240,836.5519551772244,1.0688567644439237,43.42980340906193
0,0,191.77792632149857,3.4271347602075273,2.3515169765150716
1,0,204.874837319939,4.3024766900642,0.3188758446828217
0,0,108.0700340027983,53.13558707717029,-15.834370766843904
0,0,128.4250490910055,4.8970749593997045,2.846348491152682
0,0,94.63350036337003,29.666474730846733,-8.482882655254699
0,0,84.86858566803608,5.765962555590726,0.8336384253678943
1,120,512.6945972973904,3.4353545147671145,19.837201852090388
0,0,182.91939750986845,91.14201389290162,-20.254317156746993
0,0,96.81534585143262,20.343020089917612,-4.14729983918879
0,0,108.73644686668963,100.91238060288886,-24.79516036297192
0,0,128.6135110615465,7.765195115880875,-1.2518897796533963
0,0,61.596094255416396,10.315986224983286,-4.543622641121502
1,240,265.86262734671175,7.755038925853857,3.9637986098478137
0,0,109.44065414921458,89.23078028815834,-24.18256013145575
1,120,392.3758955364326,15.393192323691057,-2.118933424332255
0,0,113.19315020180963,9.427884532305214,-1.514058330292599
0,0,142.63836912672645,19.616080906889003,-5.1099460231032765
0,0,135.0428019150929,7.368930885350502,-0.43991548024142446
0,0,86.37429762214784,5.509220497162911,-1.0861744844835641
1,240,291.4389288994873,1.6004857982829164,26.20427918245612
0,0,95.40868837543137,7.4656321814367965,-5.58148587837259
0,0,65.6426476623473,7.037754621002258,-1.9713843553212769
0,0,64.97796354735866,11.223010522289625,-4.959089200289085
1,120,225.61798771096443,14.903995886078107,-5.986231299414442
0,0,116.19245586362663,92.93742325268063,-20.77142581201454
0,0,125.55335343835421,79.70732432913896,-16.860419087954455
0,0,145.7510353723275,11.344438991535712,-0.5938264271742355
0,0,110.58940496104873,7.865780563546722,-0.5399935266197389
0,0,72.65270745873619,5.635965759864141,0.18059482706294716
0,0,104.4178847389689,28.906805434089684,-12.716046634311581
0,0,72.68931159124006,7.381160457871485,-0.9111911379226143
1,240,811.0423776640641,1.1823304614741845,45.30840677911907
0,0,130.36512479400264,5.158143821904697,-0.6182065806055732
1,120,424.1277416120123,2.244451891393237,12.83096714865107
0,0,102.10870697517086,4.787555241139626,0.13388469348404897
0,0,117.79501176446512,22.88387249982262,-9.236284349381364
1,240,1170.884420473741,3.3120017931498604,40.21189792161694
0,0,385.76262045540466,159.2979364009637,-43.17536279041428
0,0,135.01982372475987,60.8060175580452,-16.629457556423517
0,0,108.74072056069829,109.85130784724855,-25.616270614980948
0,0,101.76845518294301,109.84145307604764,-26.79422198135464
0,0,61.95883111943782,7.661298573385711,-2.3959657312788636
1,240,251.20893545116488,3.3750878961253576,6.353233300478863
1,120,286.0999174686592,3.6295952588401468,6.632162546108148
0,0,97.77608813506089,25.874781120073667,-7.256535574689934
0,0,121.09285252367744,97.54523270133478,-20.90710712536736
0,0,197.62910086986304,109.96794068882416,-22.898670816199342
0,0,129.32976857412768,15.0273835776939,-2.8542111639141865
0,0,96.88023344959062,18.371105641259582,-4.2898027342667575
0,0,95.45616378792013,21.466081367353503,-6.416783540863449
0,0,107.76877825139215,98.66083611895343,-22.5703630413512
0,0,108.45443974241003,98.57438125805167,-22.241452896002144
0,0,110.04690655129173,86.41300880750777,-20.988659636866984
0,0,87.13373418109238,17.85999136224036,-5.974664729006719
0,0,70.45956558849952,6.156819296282651,0.028929559629105484
1,240,613.4841725032996,1.359711379606905,44.437252219969125
0,0,169.62082936893458,6.092551207356569,4.402715346936574
0,0,254.3954334449845,113.01446559475008,-29.683629471688036
0,0,456.8367591128311,4.2324717164747305,15.482263920719106
0,0,265.5595238177899,2.978163747880638,12.970833351799655
0,0,87.72688776771328,14.052180868786245,-4.643653131933945
0,0,109.49554334388283,77.13465869630588,-22.310625108522657
0,0,73.0338144053598,11.62665094076969,-2.717129603344347
0,0,86.69184328944374,60.9917132137658,-17.741570883838705
1,0,246.3631105761477,2.871586247368523,18.997624188672063
1,360,404.6759723193381,1.428383657832735,54.61655279619838
0,0,125.22706767004854,6.726129518804392,2.936186239015626
1,120,1135.9375290163243,2.884929445133272,33.3650906107503
0,0,120.90864157502834,5.743800601033368,1.7713390730124843
0,0,261.29061362576664,2.501542747354858,15.754070399372779
0,0,109.80913272680466,55.846753758148616,-14.157043687317014
0,0,71.20089279418455,6.371464244857495,-0.49979850556377414
0,0,137.50815655517022,11.601084487644984,-8.395512512864755
0,0,74.46131889271895,9.760383790662665,-3.8902884254696204
0,0,135.7165265366383,102.813636703017,-33.85005185603507
0,0,271.5457108214412,7.692516178274162,2.19833521492545
0,0,168.35064669975097,16.224252759657045,-3.666359833734319
0,0,185.2324522056319,109.05880375238033,-29.135435328202767
1,240,748.7832033459196,3.85017292407019,27.47881061914147
1,120,671.5618829837518,7.634807107396451,12.323866298021358
0,0,132.42176918530492,72.78340540105505,-16.371336512834247
0,0,116.52909145323177,76.13048999918983,-17.44974351195762
0,0,390.24149712071284,2.9344433532568197,21.806858278915797
0,0,111.5079430993342,45.43518076477438,-13.201742196352143
0,0,74.25762125971737,5.553546662406565,0.33101836583261957
0,0,75.28832402762798,7.37789583929829,-2.64999171225233
1,120,375.230923435297,8.230734687902189,3.450335881296269
0,0,142.15971539775663,15.315756563831597,-3.3108872628760935
0,0,102.77385020052382,24.985344701515913,-6.403341167580109
0,0,78.33573425317375,5.615842894640891,0.47225311248763546
0,0,111.69682450403519,17.912023110258648,-10.103829969477644
0,0,75.82170257841955,5.728600609152697,-0.35611200529105247
0,0,72.6343260400756,7.329702669055011,-2.372446861984784
0,0,106.35378877248277,22.50365340707307,-11.16684481711738
0,0,108.77938785582704,16.685658201012483,-7.698295077826813
0,0,87.33832736270585,10.516490208600926,-2.460429942779143
0,0,156.27468379098653,33.51045999569174,-9.748943917265052
0,0,117.64088671475231,10.500751453129874,-0.8966179989621423
0,0,108.40492383941316,53.85575065377249,-12.64815313811755
0,0,117.14315439953164,4.401298747352156,3.514387944559104
0,0,64.42165215046758,4.123076085306239,-0.08721698405841494
0,0,48.79345599642103,3.999043592039984,-1.0656674676939986
1,360,112.30898299252749,2.100186433811561,8.943965417447203
1,240,280.72828086181806,1.8981857342564932,10.914372165422876
0,0,74.5605660838219,6.3466874368610675,-2.52942778489151
1,120,315.1672262154151,3.8338615630746906,6.455160729973997
0,0,475.6746128279643,4.125361092694582,17.16916552083933
0,0,139.76051799437568,48.52073850622977,-10.502393166957575
0,0,122.74922069363821,109.75234861732116,-28.89193497913984
1,120,461.2452161834926,4.788918394243928,15.7324167650508
0,0,89.31523391937444,5.066116322526233,2.084814795263796
1,0,151.65266671653424,6.536464881056178,-1.9177046893678806
1,240,460.35737609129586,2.0899332302402107,22.004425235308886
1,240,823.9104363159613,1.5403331141525254,47.59029191557987
0,0,144.0186249227644,72.39018920071983,-21.63221325780681
0,0,111.55028327737755,20.72333303763098,-6.776039421183484
0,0,148.9075154835611,9.644922331231633,-0.3233567883164312
1,120,487.98747668472066,5.60690275811142,15.554949961161569
0,0,218.83313005032096,33.58981436760002,-12.706281891454807
1,240,928.4465788159337,2.593702004663297,36.89183251079929
0,0,150.38802737989766,78.32318742081127,-21.857690047408468
1,0,507.4739796602663,3.7864787943459186,14.417209467699124
0,0,79.90548360106513,8.357879285425433,-2.0592881768392033
0,0,59.314678498587085,6.752067781978069,-2.5234569194000898
1,240,313.6420502490676,5.3538142748857,2.311242696182674
1,120,432.11394939536575,3.188090905233361,11.223092331088097
0,0,159.01755647622562,8.790364763602815,-0.82716045304646
0,0,133.17385997842024,9.13008453701324,-1.541043471942757
0,0,75.82195197170387,4.603946053460836,1.0563992637637227
0,0,56.61466745007675,4.732063042556332,-0.22061034629814458
1,240,327.80640984865227,1.530497971273375,32.018126763307095
1,120,237.3854511270189,29.026253924579837,-15.362984146175705
0,0,129.2604599132021,145.1004960241857,-40.37644033203471
0,0,102.44305268098357,109.89463996208215,-27.858325323057407
1,120,403.9653828359461,12.395047846710257,2.535028621220391
1,0,534.4152560023857,3.340206789067484,21.347672302866783
0,0,187.21350775966698,16.74183761647027,-3.7577669152706648
0,0,162.23019542066584,45.664605614021646,-10.09547075778967
0,0,139.60898890203154,119.2796526298571,-30.17396962732768
0,0,78.69560876245463,11.603186297363566,-2.652691811602878
0,0,56.37433167639617,4.7515018494856,-0.38967566688529587
0,0,43.39988411661768,5.956371264662672,-2.875251859831735
1,360,91.60294685663295,2.3474168782499265,20.45940830791045
0,0,98.23058472362632,33.320273740933075,-16.85674145752789
0,0,86.36309192844078,9.711795797855247,-3.6212613054429283
0,0,89.75722116751929,11.935833557779345,-3.4405501551716213
1,120,722.5110265135272,3.600891432814345,28.091114949358953
0,0,129.7191735154843,10.033271610221934,-0.19201888331224382
1,240,329.50228418206177,2.2465013589204594,39.347918968960215
0,0,114.72068406829982,65.3454789342019,-18.028906896721836
1,120,596.4038159349209,3.003443447017332,30.77464382717713
0,0,176.28716853923183,118.3763202619448,-34.909595147366964
0,0,113.14723916537709,106.11888364612668,-25.504303677137415
0,0,108.1386965083963,91.96363468539127,-21.450033168945595
0,0,108.30931552304968,87.08735672254147,-19.48726701521825
0,0,99.32906011655223,7.070687786335117,2.120608284501742
1,240,567.1550168935267,2.7930734115540923,45.57691607187304
1,360,477.14412874767385,3.80678485723893,37.90015845769902
1,120,531.1284792361507,2.087217076611828,34.45998882332387
0,0,112.10556876098538,77.52879178744148,-19.40718344230855
0,0,79.0824630906761,18.0562348719716,-7.916363767057703
1,240,318.71241976844425,4.331134491059668,12.641431798936708
0,0,102.89832012151872,43.6188345284513,-12.18571753173471
0,0,74.35145548294463,6.812426450680494,-0.2609004784858229
0,0,74.27234679955093,6.7694065840919055,-1.5897826429983866
0,0,100.40191601754294,6.016636980852854,-1.1761548990440787
0,0,152.1519860799279,29.365822988577207,-9.152380479347514
0,0,123.10935593226179,24.81462252233062,-6.326021101442095
0,0,83.5678239813767,19.466631316233737,-5.764860140332104
1,120,434.3538638424717,2.477339672947348,19.55686707529233
0,0,77.51917529606042,7.231371996649738,-0.5696523478616342
0,0,100.47408136517987,89.19684088931916,-20.43821452993096
0,0,91.07018045299382,43.96792084676047,-9.961010037293946
0,0,90.77068179063635,76.78851437013178,-18.30896690802824
0,0,116.82005406363032,123.08119740202478,-34.92018418669865
1,240,754.4325960551485,3.249079485135258,44.40262120011887
1,240,1119.0057201569364,3.970104226153062,45.70755649524462
0,0,98.25423174140367,10.184683130601634,-3.328614921038664
1,120,191.3900744201398,18.86299409192128,-7.778066897582534
0,0,115.20389489273775,82.74296205926197,-21.078872545305046
0,0,97.81660320770531,34.96799870533786,-8.043485078555562
0,0,112.8725211266348,102.61929195139992,-24.450477621612357
0,0,103.65984251520489,41.12401797829912,-10.408687566404623
0,0,138.288780207224,9.410008771504149,-3.2081725245683828
0,0,88.96609465737791,11.61362405228204,-3.335024354526368
0,0,83.61858118276602,6.0576164044299725,-0.04884492636045934
0,0,281.17283572718566,4.4691585935474345,12.057280363708855
0,0,275.7361981616027,6.631604033465845,4.985408411478019
1,120,407.5094881273709,3.6656082657861835,9.535419274010579
0,0,86.5869790814143,8.15503795222809,-1.265929239485871
0,0,97.87059685376167,46.02334816418519,-12.361171150002491
0,0,188.83862241667848,13.728307242584316,-3.936803052833298
0,0,118.67897492469645,95.23233594951266,-22.762075379191643
0,0,168.29257207267838,14.850088843686608,-6.0106061688940144
0,0,89.51376797778464,5.197322854589341,0.9513490187770657
0,0,108.15010058312497,5.0212662841431905,-0.14679354017856383
0,0,203.25235262847127,8.576075832174379,-1.0602725529446815
0,0,400.93498236599714,4.877657360082454,13.183871718952815
0,0,102.75521372054972,28.649009312222063,-8.316438174741663
0,0,66.87381728662163,11.098054369836179,-3.506567848490036
0,0,57.59251584579804,25.63393123388468,-10.308598952122779
1,240,179.9904094181727,2.716349685987445,16.713889669094428
1,360,193.36168703754566,2.9634607812049945,13.508528283133188
0,0,73.52883740262804,21.001677981865335,-8.637728861649435
0,0,83.54393323834422,5.845805605026966,0.0014952820791478416
1,240,428.15421885955504,2.036453498669557,37.60997439481601
0,0,204.71966935285536,77.44215643622468,-17.16945100677367
0,0,119.44487303691669,15.196919935509412,-4.161059249577875
0,0,110.82632858115741,4.536776582720566,3.6732763740520227
1,240,490.7517518481782,1.5319519335674288,27.11162881117795
0,0,75.64616938245912,5.403993289820152,-0.7939719520273485
1,240,861.6489001654106,1.1048958296791938,38.50063730387244
1,240,723.2525861084091,1.8013758055618372,24.09071961333572
0,0,99.03057036339042,14.06404900945137,-5.3058379667877205
0,0,97.98530642849275,36.14728632571345,-9.52099952219038
0,0,84.83910624822303,11.145102780256348,-1.9850328027233388
0,0,172.87947003827438,80.2513221386544,-18.491791639004475
0,0,119.66075693267504,7.090448768476723,-0.34566563265694583
0,0,77.82485211023413,9.657969073653938,-5.692105408516738
1,0,173.68140548007958,2.1966291775215674,11.687837024391072
0,0,49.492862458222724,5.078588654520939,-2.7293143961082507
1,240,117.13233979983865,3.2504509859166295,2.4153576817074054
1,240,230.07788781454713,1.8456441010982336,17.45713032398217
0,0,103.82263964957718,11.430837900439808,-9.24408874613431
0,0,88.2235374893588,7.4344529307402905,-3.881897510071056
0,0,82.09986110166504,7.669598420522595,-1.1167368614768094
0,0,163.29228206619706,51.1380538331962,-11.270262321009483
0,0,119.12881239326835,7.752660965953271,-0.614053394520397
0,0,83.8980773701148,5.684449519514627,-0.5833166471189912
0,0,218.27185912788931,2.785138380466473,6.346628360775966
0,0,91.57451035419072,8.468077647270045,-4.474096403832917
0,0,82.46632752889296,10.55897943366331,-3.9785726915144295
0,0,98.53290606452002,87.97501531149614,-21.017953865437278
0,0,78.76738868410669,13.773291746252061,-4.917272006042097
0,0,60.82624552685129,6.754796795541399,-1.8982544629307796
1,240,320.904994835762,2.2139303022821397,22.389128627316268
1,360,438.2785432857764,3.12763138756741,44.94140462551546
0,0,235.53531571119603,140.91462239479515,-33.40665432785187
0,0,140.04521176449097,109.94728537717155,-27.14226003208328
0,0,93.3541354868999,7.486932294739863,-0.4103570540830077
1,120,452.0589732602011,3.3197588156642768,10.446805841878813
0,0,81.71224725753221,8.261081427020596,-1.3043858404120385
0,0,105.44014781141678,97.5194659039604,-22.866729327796122
0,0,105.12238675901168,47.17702781866361,-12.527964371331848
0,0,130.05026577254242,22.42516719358011,-8.560313684379707
0,0,120.612951828286,72.02370000623499,-15.385810817788922
0,0,204.35278915949664,118.79748358266004,-26.172316710785026
0,0,104.69168455698252,7.038054234925217,-0.277566062344178
0,0,46.986621489589076,5.830244181290436,-2.20879759195401
1,240,86.96092163914278,6.68563696785208,-1.9127536265665839
1,360,112.28296673854905,1.714938655272242,29.4585593938329
1,240,327.95123933049473,1.1972763004299973,28.74566975786793
1,120,311.9595071203111,2.3855914823314013,7.864126467396247
0,0,66.90350075548548,5.936915762379264,-1.8027364669233492
1,240,461.8033130095783,1.3555707061671085,31.185006088942316
1,240,411.90724395892323,1.6675145993839058,33.80171411277421
0,0,254.20006781489104,5.753732080618168,6.350697003632959
1,120,368.8350966260836,39.61497816216091,-10.007619775789351
0,0,136.2556581370569,71.3613222088944,-18.943474403550994
0,0,77.96514150069609,7.131036528070215,-0.22284545789361232
0,0,72.03337324529036,5.838867557317021,-1.4307673986631642
0,0,81.91566148907432,11.511333873590686,-5.856024160087387
1,240,655.9165353733787,1.4432477121145473,48.845801125920886
0,0,101.18345789032537,26.105602964359306,-10.550455992187636
0,0,183.71025762263793,41.60066763166241,-15.942818592813737
0,0,119.11918807970508,18.052200913430568,-5.516202654349144
1,120,781.8657212981901,3.944665018700456,34.62138184595213
0,0,137.57728383916174,25.847722012043622,-5.569359209078073
0,0,114.49703497255226,57.96601328038861,-14.059766135372726
1,240,870.3053864085624,2.1066015108336917,49.116244345019865
0,0,145.52647939190967,57.15980997060923,-17.283573796936224
0,0,90.00309460571772,18.404893428234132,-4.693729142785443
0,0,113.53698418848506,77.80712951206323,-20.54534136796022
0,0,80.06993579996066,6.99770111274127,-0.30048784508912263
0,0,70.20907837454106,6.537503151593417,-0.9946353041531495
0,0,132.89346257443037,18.462276714093207,-8.619483376214163
0,0,195.93510832214434,86.81441926814557,-18.605835169890597
0,0,192.07572457509931,108.76619285364562,-24.214823940916467
0,0,140.13116175911603,57.5078602745101,-15.746424673711871
0,0,112.52801831251504,91.0753840882033,-19.881259594423767
0,0,109.28671047643583,91.23293047439104,-20.62502864448774
0,0,101.59929851982044,96.58963033818836,-22.180354561774465
0,0,99.60417491733776,13.68512583716377,-5.150701143046049
1,120,261.82898571027386,29.268004457440846,-11.095315962110874
0,0,118.40936944828282,103.30163919719598,-23.554055205135
0,0,136.9020061776185,81.0994677878416,-19.646926901668465
0,0,225.49623844398036,8.553346686802023,5.0822104077636965
0,0,364.6473526120497,4.8108290160376,12.282831128635195
1,240,652.9132960993044,2.413890107599949,25.439332053728776
0,0,151.01588630924405,54.65292583799381,-18.94563553982178
0,0,73.28828057580908,6.1977387068300205,-0.16290959305362662
0,0,65.06265523950373,10.578943467409331,-2.7074652555710657
0,0,57.089880685328716,5.956522425301514,-2.128042957170493
1,240,241.32235084125548,1.7735637144987557,19.04786400202819
0,0,75.7359509648161,5.817554809691902,-1.4395598943956713
0,0,107.34357403767653,71.16466718124488,-16.32613758945938
0,0,182.8297066159785,100.87635473600788,-22.103161310478754
1,240,915.2893146426867,3.292257280749502,37.85295163265447
0,0,357.5231387077902,2.989652182045509,20.855493332013864
0,0,142.88465633105568,52.77721272724943,-16.86531731123813
0,0,121.26101161366272,103.2573685327242,-25.4163840037642
0,0,75.66540667352727,7.630627854151816,-0.9742551022058876
0,0,71.03013774683063,18.409447198882464,-7.477140560766728
1,240,345.0718389061168,3.2297609298783816,12.669753780382734
0,0,78.03222262615031,6.110541128281893,-0.3693166007450799
0,0,111.66219284568916,67.74466449583596,-17.370626902220422
0,0,189.66534981815724,111.68677883735273,-24.17379405548207
0,0,107.36971498829713,8.436875384058371,-0.912506841911437
0,0,81.64880500681745,16.517020684965846,-5.407406087563004
0,0,170.4906337922513,67.95972953561905,-24.91550236435873
0,0,81.91368901491649,14.370503515349272,-4.016611860251359
0,0,103.19520015439079,23.868779270518132,-10.628695465932282
1,120,421.11547883546876,5.948386824351312,4.9237552623152965
0,0,86.60428357452894,6.895143808383665,-0.5128762861755121
0,0,78.62947986590419,11.039770437305082,-1.9894396184931225
0,0,114.2514846120176,66.06572914615532,-14.456696591758103
0,0,141.93969384069015,16.262464364253102,-2.832520541929867
0,0,140.04945145032448,31.279859607912964,-6.597658493639372
0,0,119.74763648408715,55.37918998724419,-13.776255703565525
0,0,116.93992154492358,69.40369537357454,-16.48645268592813
0,0,100.89993173422306,5.726608447300499,1.4570179184791954
0,0,85.16859445302059,12.912726558487302,-4.981773205204718
0,0,97.04416418980074,48.7896726854382,-13.541193825467019
0,0,102.60743686352883,90.00550247718931,-20.541996626494665
0,0,88.03005931298537,8.923061243216535,-1.7817855981857633
1,0,296.16726686547065,3.1617724843336408,13.454209259016551
1,240,868.5074875497472,3.2769776475173216,33.945627822972725
0,0,176.83733012445262,11.391320448414474,-2.72135148080244
1,240,254.60048006893308,4.954045373663135,10.248308909975563
0,0,172.2604305623464,19.157660775344247,-12.841714859074798
0,0,81.68688282691052,5.000745889001075,0.2047583384720184
0,0,61.40919099290243,6.416313380788963,-1.312702780485921
0,0,57.551127896658485,6.590722074658845,-2.879880601575522
1,120,171.7715177005441,8.14500359316372,-3.177462196925788
1,240,835.0114301878325,1.5198853663622118,47.66377054878667
0,0,119.69645418050865,11.947540159612515,-3.58156297585262
0,0,146.3287549154662,7.663528531227969,1.1360865402912594
0,0,177.7195815398688,77.46427732923537,-20.378981430675367
0,0,95.46432574995258,21.718033212820288,-7.7316896529646755
0,0,64.65006239073408,14.016321052995094,-5.735798405639343
1,240,287.84707613017264,2.0917489628094628,21.917250599134164
1,240,340.3015801962501,2.15379138053827,15.596450118302812
1,240,428.9149590652131,2.0564464108659823,17.64798666163712
0,0,78.44173206704103,10.50527093061835,-3.811166531780657
0,0,70.47221662964982,8.56579420137841,-2.411024993801462
1,240,903.1271750181296,1.4671899780168318,43.122678996828924
1,240,952.3757284142101,4.3719514733532545,21.62753152400623
0,0,135.65503975599384,30.564569269816715,-6.580918934456349
0,0,100.03807388782963,44.43668668316303,-11.431243195400285
0,0,75.49655041595173,13.481563445157864,-4.994861553719986
1,0,152.42500370991343,5.763941064062335,-0.009389658551228308
1,240,414.71559371735594,3.3094435685471333,9.182863444525154
0,0,113.88386757486428,6.827093996131812,-3.320498771131753
0,0,77.89060691685808,8.668158381098927,-4.473969588990613
1,240,393.8377029364448,2.9706086489061674,17.486202626578446
0,0,146.63304873051774,65.96455349515931,-18.767386711071723
1,120,613.5456139397106,6.739452411408699,15.008198336507405
0,0,103.83635628021506,28.85829685702088,-9.646276734523198
1,120,144.42113434760645,29.679747988614405,-13.472882897083764
1,360,210.3578393642896,2.6663545455614357,31.40561107501911
1,240,583.3478961235768,1.9588225836569655,40.173483592304876
0,0,144.20302858440593,85.54248235925623,-28.052103686036915
0,0,183.63294570449722,77.79899300866145,-28.219599672950658
1,120,435.83752716303746,19.663907230566974,-2.455901596118835
0,0,118.65645017669856,41.25145857993902,-11.267884542716445
0,0,86.99358082333096,7.515711926697978,-0.4571411629865736
0,0,124.14143603126537,11.26771616842064,-2.0608733623679
0,0,179.62265634831883,88.63142970882797,-17.877003851458696
0,0,126.58746269180752,104.82759095585297,-22.442676347014768
0,0,136.47102057412985,131.6106643176961,-34.37368090777732
0,0,88.83798019361436,14.687607852285813,-3.6855934181491534
0,0,76.48436320698764,11.03581860185739,-2.3407061637485356
0,0,100.03793785512909,86.75352183585277,-20.40355709032191
0,0,74.1292574026695,6.655205398285607,-0.8506476186299778
1,120,319.83838510293776,3.3644545348279653,6.591391574310094
0,0,96.01868167677338,6.265417160258689,-0.5820220789372144
0,0,166.60848723998242,40.679921558155534,-11.00168433688259
1,240,847.8396766027047,3.9781044593669876,30.034626382864403
0,0,201.75937106791847,19.590812262784105,-6.812038984540166
1,120,998.3211357757572,1.7996374582151566,37.321216998908824
1,0,304.530217212972,10.65618520018013,-2.6674129012126855
0,0,178.36726723531902,45.961591597992815,-17.00637240353322
0,0,96.38518778020563,102.05139722417384,-24.55969162058772
0,0,91.98300521785657,109.21962062307651,-29.946907652197325
1,240,250.7147286500999,28.63419286226084,-4.5385024918638095
0,0,114.95489837045606,66.60766936607936,-14.151326451510187
0,0,183.3905807763669,102.5180224454401,-20.938657601340154
0,0,170.35007800441744,106.50917590335833,-23.65938549956506
0,0,142.4364399188319,25.982176467325782,-9.061470089276824
1,120,594.864605928301,2.751613658126087,20.797253615689584
0,0,87.74721332038577,7.909418609464306,-1.9328484951186908
1,120,514.9509263570283,2.463168250249482,19.959155458764698
0,0,121.88171749017232,74.39438253731872,-18.422629994387478
0,0,79.9712724158642,8.192302885121789,-1.5306129511639455
0,0,64.3551264918739,6.956108022093033,-2.0304536520722394
1,120,279.2031048954706,6.400016007792879,1.8649020068678652
1,120,631.896515931141,5.022338396614498,17.726463913211077
0,0,240.708299231014,42.63767112688962,-15.776315988831314
1,240,267.04116931996435,9.167978478654835,2.6454103735352277
0,0,79.21313383560398,8.051240679406195,-2.4373390735778173
0,0,117.80839964941002,9.883748018537503,-6.169484030483403
0,0,79.17471026573038,12.65910156780014,-3.434040326600453
0,0,104.36029756240659,64.58666155173182,-17.628737377906162
0,0,174.2561663119815,6.185296155737296,1.77990964277096
0,0,103.37860624289502,37.23259624885662,-10.268435634777404
0,0,88.30193200107468,6.680985281207841,-0.2352733124385793
0,0,213.8351072555153,13.238366282421849,-4.238780896049818
1,240,830.1722028987916,3.9378140575675156,26.199956909914548
0,0,171.77274199484899,4.534651309261029,8.264671146787052
0,0,98.58047216547581,95.98229486732083,-24.570978141552033
1,0,246.23215642976035,43.13766900740584,-13.069511303500121
1,240,1082.7257989226862,2.006039752521693,48.21318528512903
1,120,378.41760280605064,4.021045361442749,9.2458904211461
0,0,77.77636778854969,8.391180651000964,-2.097929716077047
0,0,94.62523637681217,102.58109298112592,-25.737119875736937
0,0,237.695333618851,80.21183085772475,-24.034768000663703
0,0,335.1859571318269,136.572068732729,-35.93426964101931
0,0,171.51747663228406,53.412470049852864,-11.42771879957482
0,0,163.12755780190045,131.75439236536477,-35.22542222815251
0,0,116.63520829571203,6.087421672603274,0.6602085606250796
0,0,52.754495846974415,5.3736118063161,-1.707762717947432
1,120,115.16520492549225,7.447174790595532,-5.508588479859654
1,240,186.82397812166818,5.275432745775457,0.8659867780568078
1,240,259.9244825584682,10.18654308329807,-1.2141148085045756
0,0,125.02586396989022,89.32438978514809,-26.54342977885971
0,0,191.10504056827315,35.02093290493132,-12.054517009476342
0,0,223.77821345249941,108.9053942042132,-24.069805884799635
0,0,170.47170257475935,8.98107263537193,-0.11480449620948718
0,0,102.55376062710708,48.35314241930089,-13.932607836212526
0,0,70.89767023664977,11.593308062421702,-3.825375078069527
1,240,461.3504148052442,1.7327604945916903,27.770315669965058
1,120,405.05922178099524,1.748850416531931,20.68313082552703
0,0,134.79726289061662,3.198406152350504,4.703065733010291
0,0,80.97735326497691,20.820333947640233,-6.220479448941546
0,0,108.63403691529912,101.48542291389974,-26.698355244530887
0,0,307.50566047190244,5.653818056924251,10.480306096051919
1,240,1226.315115978602,3.2679890042156856,39.74196438768337
0,0,164.24862595917452,58.28794663570391,-13.200695973903208
0,0,90.28929607159733,10.494219508628758,-1.2398159498765011
0,0,76.31334176226181,7.338693342872691,-1.3463985408742332
0,0,176.86099981434674,3.522876073430729,4.5745600261507064
0,0,141.83296485105745,8.806349888353889,-5.790989281796769
0,0,101.56548305767765,13.0650396279906,-7.508310592212652
0,0,136.63350029886755,64.65337077216876,-23.086901029828418
1,240,650.7808928298592,2.5883213627592103,39.93236630548675
1,240,501.5150672130735,8.98643861243792,6.427219193054853
0,0,319.49372358400075,43.47102378985655,-14.05467768982561
1,240,586.6688624418811,4.4694631709540555,27.556748907635665
1,240,887.2868925478814,1.6537904542479862,37.65943218331131
0,0,143.95796567438154,6.636892850922157,-2.236363968298022
0,0,81.37918252631627,6.834687674911121,-0.5079410752295104
0,0,109.9868707861197,80.30198216027843,-18.937709612178296
0,0,104.50658939577991,7.04005857987368,-0.32645846800092215
0,0,76.16497543020525,7.443491434491455,-0.8151923023048084
0,0,97.3988467843443,40.33391801442717,-10.120886565766412
0,0,106.83648947429367,39.67846021576502,-8.818646086039465
0,0,175.61658400585722,60.09841249756314,-13.334860793100233
0,0,144.70656496151634,8.393490927033412,-0.9593385063808597
1,120,229.72018982847493,6.720002323834741,-0.2870560397093129
0,0,73.496631660775,6.260439688595811,-0.17983409054834
0,0,104.04130087963824,78.04315308722818,-20.097008628831006
0,0,74.54624297406077,7.214863449985064,-0.5801251402545518
0,0,83.55980372007399,4.822375432716176,-0.7847884438644286
0,0,109.27401409105202,6.142564622426976,-2.75711326632981
1,120,466.234306164296,2.9339391084391906,10.583417130741807
0,0,100.24895858184311,6.392717430678652,-1.1553255611970314
0,0,123.24238457733239,7.101885537288914,0.24670234756131038
0,0,180.77452457620703,70.67764655437968,-15.279883436809712
0,0,160.86501658227118,74.02790056244648,-18.971553323215957
0,0,125.62209529636085,98.10673085179603,-23.048407441239924
0,0,97.7358224557008,25.05539840749044,-6.905601918395547
0,0,103.18045194244048,13.911972382260767,-5.532931645628651
0,0,115.7003235612449,83.91734034306862,-22.652660590049308
0,0,82.20409049042529,7.415713975007571,-0.19795804509308823
1,120,760.6819836622295,1.4580989064614134,32.99417833284258
0,0,114.58237282002489,7.00473166173767,-1.308771520374762
1,120,615.083100865457,3.238535917769595,25.256496754849024
1,360,290.2402314144379,6.39768542659999,29.902876329622757
1,360,135.55056664197843,9.819639663540226,15.46175161997779
0,0,76.39135651602201,100.31569406060841,-28.626701736478495
1,120,233.07709145183873,13.403107012566881,-3.2686262166810707
0,0,97.92001073223314,27.484882878309413,-9.894559059931026
1,240,663.9872648080016,1.7491660489703484,48.70399042852377
0,0,129.46506443087395,56.142035913545854,-17.906652104797075
0,0,140.84125245593938,5.451266861908327,0.9821808773101992
0,0,120.10772637847721,5.377592971439984,1.5830877235763552
0,0,177.83536804014585,92.63432947644867,-20.081172625399333
0,0,124.00561871583369,9.351903524384937,-1.1452015096204207
0,0,76.38671440011605,7.853848348819759,-0.18114979453714852
0,0,88.24825009662374,72.52492883069975,-16.421676721273855
0,0,85.84995390988387,97.01400638651121,-23.863874432766792
1,240,351.43517657201767,13.112968831148141,8.033064973141109
0,0,116.43974064109318,91.39412276494248,-22.639138957489536
1,240,905.4162426143644,2.660570507803246,47.25969618961865
0,0,147.624046953958,104.56837798501233,-23.36127550903857
0,0,136.19207418561243,91.39952303516833,-19.524624554177834
0,0,154.28497882440874,10.516312425640615,0.21987044051225269
1,240,583.2183023041948,4.117909550038362,21.482708974104597
0,0,228.56883172321375,6.335267363403016,1.0807952690503555
0,0,91.14918144383293,9.95656051897734,-3.4420402295686046
1,120,744.4908728572865,1.496070120519133,34.177868070830144
1,240,655.4776485372004,2.8293975386806705,14.731541190135928
1,120,583.1993030703527,5.026259548708633,9.80627464134703
0,0,132.41013838940867,109.09302471611096,-27.0981548867232
0,0,142.67137972872436,128.44291489658008,-36.389556060667736
0,0,233.71694393094947,7.869650275901073,2.702392509340072
0,0,386.9671446744606,10.506805098296148,2.14789461140235
0,0,254.07575659871344,7.752918164652195,5.700940023324165
0,0,112.07162860220042,36.86807439880566,-9.239803461255079
0,0,93.29550539296679,41.9323185855392,-10.769127051919426
0,0,98.16001776022074,89.96835035074251,-22.181955599158442
1,240,848.8693534573321,1.9551110259411648,50.57283962362767
0,0,74.63537273306099,5.475457527606679,0.881394781395727
0,0,100.83389919416885,4.093666993374438,1.2441697735894763
1,240,456.14031703029536,1.5232147358359258,26.833830331225812
0,0,241.43587012985685,5.460250767339193,-0.9590214692751289
0,0,149.64347506560398,8.650384597325857,-1.0591946267851569
0,0,109.02933660701251,18.272577783185135,-5.266123785342131
0,0,75.3200253148832,25.39938406949672,-8.121618873264978
1,360,359.7042190119123,1.6100666754307609,51.65122020299221
1,240,529.5464642730939,2.3045842703631867,31.961229170730448
0,0,144.57496465980142,117.67022049069014,-31.344285683404813
0,0,105.93699591408392,72.51761536313452,-16.57968273082247
0,0,84.02972868409242,24.642898621896883,-7.851608938210489
0,0,211.55733037342546,38.02251211260724,-15.954142101440382
0,0,91.22580753044177,8.793785957524303,-1.0517178350414866
0,0,177.6236898220459,91.99605074597156,-20.33448527288489
0,0,138.9143832609531,28.592369646460934,-5.036071093514309
0,0,122.27849086947491,93.22493710491875,-18.962248284162513
0,0,117.07436719729148,75.79679228514055,-15.731085361745869
0,0,85.40465086466332,13.001616233738883,-1.3554499502430843
0,0,98.89775710342902,55.087333538026314,-12.759987977167015
0,0,105.39652665877666,96.91781226821017,-21.80076603507301
0,0,72.91637284055953,10.656399081203444,-2.074236476374807
0,0,121.57087143337806,29.76210752426802,-12.323031586182083
1,120,812.0618067219174,3.0593099373914296,30.831625962981974
0,0,258.19516685284236,90.1740948706572,-19.03819980679407
0,0,135.45448221116308,11.252849181171209,-2.5526243331280796
0,0,274.74662828151816,3.0195436343442403,13.86497310111568
0,0,116.90626478759809,41.55959525557305,-14.305892608461534
0,0,105.66141633490489,6.91261752700799,0.17282213402056357
1,120,840.594665660365,1.5896712698318076,29.490696388451326
1,0,419.49909294340864,2.015402462001239,18.530459445461943
0,0,139.13557243203255,6.335756040930973,-2.8156594518563054
0,0,109.00396650836164,54.030772112261914,-13.473717761462211
0,0,94.4019046906992,12.718407977965912,-3.1007127975781117
0,0,134.00419224646333,15.924048633368805,-4.160483298835771
0,0,167.34858448333338,20.77125863098222,-7.150624045566019
0,0,146.9117683978676,18.304412664951005,-6.21571332445194
1,240,382.8008258107618,2.287206888444512,44.55071980011313
0,0,111.11842479739379,60.36346252519202,-22.165897669752752
1,240,221.8317215404601,11.21174251192199,-0.456427829498665
0,0,75.74426596363665,7.692674107299818,-1.900938710426047
0,0,84.4434608067291,37.12404576358828,-10.75288418420206
0,0,84.07949398037363,38.25517856791254,-11.912019398350125
0,0,71.46520999936466,8.990066467770124,-2.994352132554397
1,240,280.0210921959396,8.72461214183557,7.24011290007347
0,0,144.09731984002727,36.73227709557964,-8.900579042065985
0,0,82.48338829675245,23.816543568443855,-6.268473582798691
0,0,62.1266161194966,15.849547646031814,-6.5459286058862745
1,240,189.3790123195771,2.3685498123986917,25.594172976171762
1,120,237.76632001641659,16.837658119819196,-10.830885880117407
0,0,108.9463453236242,5.2432174806706495,2.012234433856591
0,0,105.41412022137996,80.85004461168846,-18.583521041598317
0,0,95.02276927202611,28.9177395373745,-7.110804185085186
0,0,143.058778187748,4.757453066398091,5.803765724618884
0,0,283.2315319450544,34.28543848097006,-12.21017694444248
0,0,142.8486983538794,8.715545210859787,-1.1949869031249847
0,0,79.41566952262177,6.56504326631303,0.308154706557076
0,0,86.45643303312858,29.250256844763456,-7.1404154507612105
0,0,68.87846317814217,13.048531081325926,-2.6738487544592004
0,0,97.63128132533514,82.71775117205789,-23.233509555425705
1,240,818.9067908361999,2.6437907744402307,30.974292660564572
1,120,551.0494706572239,2.136368424815049,28.422904848418455
0,0,130.2738468519397,29.790143084902404,-13.62741206637277
0,0,88.43710316117878,10.62872269629598,-2.371263256790016
0,0,168.4739376706745,87.7844608564948,-18.106728938277257
1,240,678.0544517151665,3.899572672069478,37.963650422075034
0,0,101.43551514836923,6.676847991961452,-0.14488074964060615
0,0,119.20942310439719,4.730103368960839,-0.4891724785697562
0,0,97.71023697194073,10.501852444051588,-6.481511949951852
0,0,81.29316451534092,12.632052386737422,-3.148294783197784
0,0,103.72768882459965,68.67238471511578,-16.385465799846685
0,0,75.40165627126609,7.442129635064516,-0.6671042702140682
0,0,123.14287665688673,10.33616233484947,-5.675291874009034
0,0,117.44302715181561,60.70691393586579,-13.92281138964519
0,0,168.12784780838177,34.67334826604325,-8.467617318613364
1,240,337.13306119101867,6.671442758251941,11.177491827379285
0,0,74.06563377502069,6.803551741890224,-0.4344307383121304
0,0,79.2979558924204,110.38323446449445,-32.52486317380438
0,0,67.23560192173926,95.81991134069015,-27.388122307583963
1,360,133.7965383290877,5.225363378707389,20.84438646540947
0,0,164.05669515476973,40.185345606702974,-16.31376257443202
0,0,97.19628275718057,52.10283232395901,-12.339792281172151
0,0,106.7777913640103,101.73273796317328,-23.149188253202624
0,0,123.98838790709851,62.45786492124539,-15.07964808477665
1,0,529.1498382625502,5.9560278818383185,17.29464880729087
0,0,254.97724530519778,64.34053773853752,-17.268308460294875
1,120,689.4438349121843,3.0248320005747655,33.08831721744005
0,0,122.73643361978738,51.03920650726414,-12.50114303218632
0,0,80.02752193753786,16.531535716100958,-3.8258717695351834
0,0,62.73806610434025,6.183994369340106,0.16445763838082428
1,240,481.50560919241525,1.2140943879849573,52.46866867642997
0,0,87.70783752160837,31.416375262592826,-10.324762560563713
0,0,174.89104226146412,4.230752546224022,5.68292174781466
1,120,684.2146018706927,2.070440501829326,26.57864716481639
0,0,198.5341490986782,20.4592829263474,-6.1014214478329905
0,0,418.5492219397653,4.132190394989718,16.5450885460954
0,0,137.47739049273122,4.405982471027313,4.902228442835607
1,240,958.8562355795101,1.131585835014992,47.20953035158719
0,0,93.25880490396669,10.028704302799975,-3.76832425089178
0,0,70.91988891107144,8.75120468240125,-2.497206247044886
0,0,164.18565415488249,6.483534291269018,0.14588454793627648
1,120,1262.3075547723756,1.2471538965383404,42.97545753282721
0,0,187.8507982895842,3.3116144158112166,9.136533755473152
1,120,718.1426084010583,1.9205981191259625,30.835863692295348
0,0,242.22105087737876,82.60922595543364,-18.152963516197545
0,0,160.43628685439987,26.67134624703017,-9.276093641958681
0,0,243.64227518839624,46.62172409581437,-19.686001724950813
0,0,87.32096618929933,12.303347937253584,-4.1990402948454175
1,120,346.31422556015656,5.121691546654444,4.52057917494686
0,0,120.06102181795818,5.597899449971687,0.5003214642490832
0,0,100.17869769201374,72.22368327529375,-19.528069690726866
0,0,67.0675448562794,13.573732629433628,-4.8139548972334865
0,0,82.50819159248441,112.75638610308786,-32.7939695531075
1,240,211.9495579933183,19.035956155916157,4.4615680016652846
0,0,237.11057438345932,120.44042916352271,-30.566894848277215
1,120,439.04540496295874,5.500525827461888,19.516529387538796
0,0,142.94162002440717,54.54391690732528,-15.899421496989817
1,240,813.9873042538399,2.5588409771529705,40.02076681847035
0,0,132.67762402290552,85.96134262355162,-19.334465698155512
0,0,77.82133793213683,6.524582301165849,-0.009532325248812867
0,0,83.910785091557,5.285049720986309,-1.7634978411363704
0,0,67.59919465816826,8.680670872188728,-3.4557520843918184
1,240,485.44248623453507,2.3800213255965277,17.767794983895925
0,0,99.60025264113884,10.769354432610214,-3.0051789497153862
0,0,166.11264804651094,35.52926943800215,-10.036639238868005
0,0,164.84832611950895,30.361550153659064,-9.881132538502968
0,0,99.09590006782517,24.413697580640257,-6.6443791951218
1,0,398.8037127023898,2.205595259533824,23.82856163060005
0,0,111.754037590671,9.12190742329058,-5.912514888378325
1,120,262.4015926910839,4.154740403724401,1.919300290260935
0,0,64.43876959861898,7.253224861542599,-3.7463482955122913
1,120,141.33211511978274,15.366035750890893,-10.495566301280661
0,0,75.3277961829016,33.36172875649031,-11.55271596246422
0,0,150.84217255065337,49.11427007780342,-17.924136701178583
1,360,359.0148959740382,18.167025242049526,6.925844585057817
1,240,418.3725608059962,4.699706995005798,24.55904682593355
0,0,128.99646578568579,6.7233973466605494,-1.531949790959814
0,0,57.57296114509529,7.7970092412605165,-3.345322776511125
1,120,154.7628617014088,35.09401343348899,-18.03485662640621
1,240,295.89921442905484,26.775841114919675,-12.208058079785786
0,0,76.64304535216857,27.023670561591064,-10.782801919080299
1,240,326.78026984423894,3.703617721229401,12.682044252181882
1,240,824.828475667678,1.6982575147438148,36.051282600256684
1,240,509.61894328239475,7.3127965924714715,7.841109573519589
0,0,266.73081071368034,97.13492045835946,-23.499392724153815
0,0,138.15023090172312,54.74754247094145,-14.664641229412382
1,120,656.1358200866506,2.300160678354573,32.76038460316704
1,240,459.03191880145914,3.663734099477439,18.56056740260364
0,0,117.1189745870105,91.2368507240336,-22.573903289031946
0,0,170.5069463802578,49.53881217721611,-17.904475116670994
0,0,94.2392209169107,7.528988794271952,-0.6866496077828828
0,0,83.01396684112456,20.83798229064435,-5.141427807703181
0,0,102.64972036128027,87.8065961887307,-20.083265070297216
0,0,166.20587579061495,29.075921249471165,-10.717999534667229
0,0,192.5120267899674,42.96047083571709,-11.557978778419496
0,0,168.03967594631453,21.18764798286478,-4.518164561530654
0,0,132.11769075536256,92.51286671404273,-21.336967169135505
0,0,85.69725153549754,8.5391772946202,-0.42689582309907337
0,0,72.53119058094886,5.689357953632003,-0.2513629455548454
0,0,76.50982399410555,11.737601947227995,-4.06690451312511
0,0,71.97237391515615,6.143504074516732,-1.111378934389819
0,0,82.217892141501,56.50847096093618,-15.214399422619309
0,0,57.13015770074719,6.65247773839964,-1.802488121190521
1,240,162.6396311771771,2.3533182347128894,17.107554643290698
0,0,122.3812295665584,6.32348721176647,1.314699961712904
1,120,347.1180881318861,7.745655234375188,6.2603942680149345
1,120,547.1391199917095,2.1337255953771495,34.41802367842753
0,0,98.7175477833875,41.74929057667482,-14.11276945550054
1,360,332.94876333873174,1.6737033866735616,51.296011829722104
1,120,483.2315920968778,1.5570995363548066,27.514688651607614
0,0,66.477701398705,4.721889254723598,-0.42292229137380843
1,240,284.606414449421,2.4465617875889007,9.649795693857726
1,120,342.6650803517975,2.4692338528991264,19.24510335341202
0,0,147.645676153344,97.1949731959779,-27.480866228916177
0,0,303.5009484564463,11.178214631001092,3.0783773809396138
0,0,213.20722565405217,10.308263044402938,1.2802327443673107
0,0,121.85919274217443,83.88434671348021,-19.27316657376086
0,0,89.61438116392219,26.711407877355335,-6.921776094739997
0,0,74.26066499139198,6.608333417148383,-0.5902069202170424
0,0,84.77820894261424,91.33897936389299,-27.290966286530207
1,240,409.14777528421814,3.0868737414648915,28.33776981762398
0,0,90.51448687128436,17.842420630071704,-7.0612460015064045
0,0,111.39069424752634,118.27182358915215,-29.684179002671314
0,0,116.14058206048705,43.99724691314736,-11.739308151046984
1,120,1011.840518997844,3.8168318506253525,37.92787806864415
1,120,750.5031554673249,4.546377313803064,28.983215093294717
0,0,179.78290286955598,33.95124983326388,-11.39931755885236
0,0,86.76836735152717,6.849790202021674,-0.01664452432089547
0,0,76.92560227527952,6.707579626676671,-1.2440748149969352
0,0,122.28948684610197,60.6079041686502,-20.082028625584826
0,0,94.05650065993837,9.991360856619236,-3.262798017887235
0,0,99.43659396632978,15.774833680123082,-7.359271448804691
0,0,95.40094584755892,26.137629165859117,-7.445399862530479
0,0,99.06570080830511,14.961143632076059,-4.304000712652112
0,0,182.9482477784415,77.82436272734277,-16.34361690188912
0,0,171.15188874958045,89.75189914533996,-21.85289750316005
1,120,422.3935514012838,15.010933690381611,-0.2614130218067743
0,0,105.43723444441353,16.25017116889607,-5.003315876539688
0,0,122.38246519692164,22.591606337589617,-10.656541891719698
0,0,98.244505403315,8.387091642913846,-3.1926958298565467
0,0,81.00616952537482,11.128556330625516,-3.0669906174309887
0,0,73.3326272361854,7.095021941833921,-0.2919859667035496
0,0,103.18151753192805,64.73764531006489,-14.263467759761866
0,0,121.78108729994722,77.26514597446358,-15.755888231318195
0,0,139.42525406783432,12.568337500626923,-1.2344421709342157
1,120,549.690095880719,7.675826238842877,11.320602376909918
0,0,123.13320699908995,33.69883412768745,-8.078057974936414
0,0,110.85208410579314,60.318065601154416,-13.148411271215068
0,0,83.49106753009653,6.1937155777078905,1.642415933963676
1,120,1184.7996588544017,1.1123871930111677,41.246379429740145
0,0,219.17572840663314,3.098301936987119,6.057828693254692
0,0,76.26265824525197,6.314094044546262,-0.6851542494341487
0,0,103.48307935691041,70.36267651541843,-15.463934044594794
0,0,117.99703166082669,75.47448711977628,-15.162014324847675
0,0,188.42868787359856,83.35570501996794,-17.452057882829507
0,0,134.67269094509632,29.208886659654286,-8.983447257554431
0,0,203.7162468094324,17.088059553479834,-7.796682259641187
0,0,118.99594245301506,4.545599851771051,3.880629209108932
1,0,478.51556509029336,1.6015004922727536,24.66138640366613
0,0,76.03877109227845,5.77489276515287,-1.472758963318313
0,0,113.09392568282344,5.1358140113543564,-0.1441515642974025
1,240,741.2906582328291,1.5792014778824157,35.31176184740963
0,0,126.66423047914608,56.212759238589165,-17.22915966168786
0,0,120.8008923401416,9.410224457430616,-0.9973935269730845
1,240,909.3265479356452,3.0300452377116573,43.237266774746544
1,120,436.8909190517924,14.76044110911188,3.6253403636642645
0,0,129.60208336849374,66.4040257534317,-17.616161572711846
0,0,74.83840153861824,13.820641575498339,-3.8160911748231285
0,0,126.86742932557901,14.79228772274823,-8.463337317685884
1,120,390.74214280293677,3.083348765612258,12.956291916549745
0,0,96.21038576001061,19.70179936730542,-7.589820832098184
0,0,71.73347215286044,8.654664022695336,-1.872046062189682
0,0,75.70774685157062,5.547359905632954,-1.401066305807177
1,120,301.6781556134321,4.2403077035019745,3.9408134196817315
0,0,177.93521604234286,6.541788894123922,2.7595648674083577
0,0,206.8865795840044,74.83773894717065,-18.489556527409007
0,0,319.97763724405814,4.100148851813132,12.067214193022025
0,0,93.43245064620712,4.832132739146966,0.9569605755486492
0,0,83.01787211323591,4.308867400893802,-0.0762580681033711
0,0,72.12283174998355,5.014524068425058,0.05446689849640052
0,0,93.8342629034589,68.7312895343306,-16.692542656513837
0,0,71.20860698191106,7.318803310155836,-1.2822777862384953
1,240,525.6437314388098,1.6928962755485943,24.446667739852558
0,0,88.21305163535878,5.028276076753361,0.28716156620538413
0,0,121.72136894440978,9.341923312415076,-1.935226273411729
0,0,171.05477273745265,16.274488629040732,-5.813255854523177
0,0,127.92175077112103,22.766986971805963,-9.484598378499769
0,0,191.9906814651445,3.3559728436986838,8.705955094265335
0,0,85.48888344644406,5.374983532710366,-0.8391867272574984
0,0,73.14986163497956,5.444389278453919,-0.7743262193750411
0,0,74.77857549052621,4.936328444339301,-0.8276360087050705
0,0,69.65500584917973,6.534796699319467,-1.147838201549817
0,0,101.41325112971404,44.01977571427002,-13.276774311377068
0,0,97.82399431776804,21.69481493869419,-5.059014012066299
0,0,173.64866694348274,72.52069813771533,-14.910614467900075
0,0,139.84316919601264,22.18570708281689,-5.783813675303534
0,0,149.96041992180582,4.499513454730018,5.416578875283221
0,0,125.192390667469,10.166271313564915,-3.6279402204704922
1,240,1115.765602606987,1.386537542324108,49.3312060706145
0,0,102.82214180921584,26.098567451879244,-7.787937319474551
0,0,102.2545226940923,94.91327239020642,-23.008460765916794
0,0,251.3362167146376,13.629699968771252,-4.6040921850894705
0,0,97.4781198405845,5.302583001414594,1.0712841558781747
0,0,83.8375031421698,7.531744430156749,-1.8493303535634738
0,0,176.8895666814603,91.3761964668532,-21.362710582121522
0,0,174.92013058726312,57.178367984801135,-14.38781499658451
1,0,361.8893122807003,7.932684713523891,3.5756078096773223
0,0,116.96828436298635,5.5326206152814095,3.127158823609335
0,0,107.40251020518586,83.58032160722269,-19.788018981625896
0,0,75.26272153978036,9.097510547407301,-1.3077041621187675
0,0,98.96342688961512,118.1111294518702,-31.650723181908724
0,0,196.75275554086198,71.67437905051628,-22.487294035695783
1,240,1323.826983264979,2.6824978249510587,48.180688981790794
0,0,167.00785657665364,66.59586529947609,-14.256186474233402
0,0,195.1228570672148,54.830878459199404,-11.33040425996819
0,0,188.82624344092926,112.78490357286339,-23.902521255956394
0,0,115.81346875991977,53.0886559854549,-10.790722562772018
0,0,100.59208973289907,50.29692203765126,-11.074042772315778
0,0,91.30905387514359,29.642837719189753,-9.786740024220904
0,0,60.375512509667494,5.416735454835834,0.8879521655327665
1,360,342.05538178797326,1.2428147965584524,50.124559724016066
0,0,88.02604634831941,43.809919624978846,-13.839298532041738
0,0,105.58346959749497,28.624942733615296,-11.234379004591574
1,120,615.9026071977487,3.0058108031119097,26.31767278727547
0,0,231.98869381481123,75.49398007380006,-16.652585413287184
0,0,146.14803547279766,24.432232131091197,-8.43663750943088
1,120,524.8561927911452,3.791537035424774,14.487855902761325
0,0,289.9331829372004,2.7842156237308564,12.100450249607007
0,0,79.87217826154937,5.019074680492878,-0.8975004189064464
0,0,67.58771689906011,4.471683201828986,-0.4432549377552135
1,240,339.46656613609673,1.5231361097424387,27.662618165145474
0,0,88.26422827090809,31.05565453857651,-13.402955079461236
1,120,268.1192284717507,6.685966813902807,2.1307429039818686
0,0,109.5641718413057,31.073963476133656,-8.774921385206284
0,0,160.073895740159,38.018054001825874,-8.979759059224321
0,0,194.11585232934425,67.64808051845444,-19.61394975871984
0,0,78.40733279789177,6.764024814123349,-0.2033212561318436
1,240,280.44161461754493,1.573449928380932,31.24023395276207
0,0,70.80343925137927,9.221850325434902,-3.191353706108913
0,0,77.59975766704332,44.46193005862383,-11.764898329431887
0,0,58.63398220113895,11.69835793802994,-4.394028682778497
1,240,317.4501723401255,2.333369993869435,17.779060369053198
1,240,620.5254064602291,1.5437333260748907,34.65478698899351
0,0,127.90772806690694,4.616952185562257,3.2615085811180506
1,240,890.9586872008806,2.5171416228317565,39.69902699566276
0,0,147.3624107265844,27.40052350996521,-6.974103069042243
0,0,102.6759066561344,19.692644898526844,-5.05550018414435
1,0,478.33436953317295,2.1023886412678814,24.569308260255966
0,0,78.16445774713442,9.837914307937519,-2.4639754744116686
0,0,90.73717807009896,105.11834641414913,-27.483582180122013
0,0,70.23155777830544,9.72172096027902,-4.2176081013382
1,360,203.0686631385076,2.049819483336579,32.43406887813329
0,0,81.51919418334796,35.00167458831709,-10.635136603130547
0,0,83.1158893420048,16.2384717866755,-5.27569830593545
1,240,514.9822592223861,4.22393948805724,29.953306365242327
0,0,119.82381479639004,9.596239581008822,-1.9133559970674838
0,0,78.79230534042243,4.440159214630763,1.1532012600494
0,0,56.973119284031135,5.689541602527551,-2.573485374685717
1,240,201.54892848018173,2.5672863446063516,7.801501071109257
0,0,76.39844155250852,4.843301931067119,-1.6856916514362297
0,0,80.01242230777781,13.367403320898235,-4.583342106518842
0,0,81.23389393410943,15.285208578011925,-3.112665096464468
0,0,99.43445145129627,51.17849088337664,-11.51807965866223
0,0,123.02769096770375,88.92009147946972,-19.2259174771022
0,0,175.26804555495477,50.355668025388844,-10.101087598513004
0,0,190.25111796274462,79.2736927374611,-18.532536191043704
1,120,859.1742839656381,2.662185670509915,41.55188695273388
0,0,128.82251396986916,49.626339150589175,-11.690188535464472
0,0,98.46875531015662,35.165758333715395,-8.601163915454194
0,0,96.36506627658396,18.03992396220189,-6.420978998562731
0,0,190.2500750453738,4.248314705102715,6.934394019009247
0,0,113.20912270806481,78.48208387455546,-21.195468224892366
0,0,178.6717650994214,46.82154131378331,-15.883416407101748
0,0,193.66975576003722,6.108752920485684,5.670430485848527
0,0,197.82485192594135,83.49814075698096,-17.345633810384655
1,360,259.7016609949822,9.798823715507242,19.649103737255373
0,0,98.65643509266951,13.134930892681599,-6.195116480482412
1,120,388.2979072396184,2.66130939003042,17.67364553139494
1,240,855.5894595525181,2.0206526996527128,37.28423990447611
0,0,144.99055589601215,101.32350144247555,-25.03510989645057
0,0,122.32240675963286,96.22455618777339,-22.848552533733745
0,0,97.24802052761962,19.739267351803534,-5.2651251184590535
0,0,93.04540360499321,19.831736150002257,-5.197210486457976
0,0,91.78359828295123,9.970587323810285,-1.7768239674809365
0,0,163.41202485084818,41.204433633259804,-9.220178864409817
0,0,105.23230118104871,7.728144966462068,-0.5440885892355283
0,0,76.54495443902022,4.555325572396711,1.7168615303429817
1,240,580.7576974725781,1.1690988292854168,39.34599561051874
0,0,76.54253419055642,9.804638211006093,-2.980000919567942
0,0,90.61140450239054,58.61309271862683,-17.720863076882182
1,120,306.5471513917747,25.33490931915992,-9.693441287953647
0,0,86.99992334799369,9.321703884873283,-1.5403301384548485
0,0,71.21931388904946,6.86862526884715,-0.3021470059424871
0,0,114.4605782088073,105.78219701246041,-23.632469049287813
0,0,194.74915256671227,118.21574885807708,-25.531510744761597
0,0,209.0393424142972,35.13909630437843,-12.882665485232778
1,0,247.3326156329025,9.930854185858482,0.3610840513602227
0,0,126.95307324662787,94.04731595673157,-23.817708546219414
0,0,102.8637904876981,12.808954554309512,-4.244440008387258
0,0,73.29384091244368,5.693635122872545,0.15025437604370495
0,0,81.70014601521326,18.039696544404944,-5.699450101466354
0,0,95.36413766600424,24.534608042682194,-8.75188863947433
0,0,109.70334463001738,74.33332627354868,-16.71737722979674
0,0,110.78718517157677,40.75677072449113,-8.47788932083931
0,0,177.0404949627104,65.0616904020661,-12.825324040708082
0,0,167.06978546357487,94.51090894070522,-18.696417954952025
0,0,109.341327605703,92.50054283533214,-19.657167200183835
0,0,101.81284718755285,77.28524537594588,-19.134901407996267
1,240,885.57795907522,1.9452925784161554,46.506458297996616
1,120,712.4737176714186,1.7797236233380058,34.206982645040526
1,240,553.1245134712743,2.0945273855965327,21.04459539768372
1,240,610.2200225095879,2.3469591096884193,20.89475309360789
0,0,214.20182874405674,41.98670392726554,-17.917183020659365
0,0,133.70842314731235,62.76751410571941,-15.01497251520587
0,0,145.97502454982643,10.100762353722967,0.10378202029411909
0,0,193.40474138726685,58.067622108140704,-15.885810037250081
0,0,115.0884824823872,40.13983677867005,-9.97165720009501
0,0,101.36656924131177,41.8430877835922,-9.711760748713615
0,0,103.79844850099767,72.87792456923258,-16.639333262267286
0,0,217.85974806160075,4.007076313510616,12.597923740125779
1,240,970.9181644480021,1.4859299490075737,43.07328461575476
0,0,113.68448898010487,42.92225381641158,-12.195561533867902
0,0,101.50421166214237,57.653570105837844,-14.753348211598194
0,0,143.53930236635026,91.63842723576124,-23.85526159139421
0,0,286.3986226069302,161.5349189262821,-41.85331013355452
0,0,207.09575253320276,100.53896058030668,-24.604541803146283
0,0,261.8236350907193,8.328165164861224,9.564259082729322
0,0,166.54904094984605,156.84092896200502,-46.29686521993165
1,120,243.92733171237964,52.66370958773653,-21.015517963674853
0,0,75.20550278511534,15.229529120726783,-7.6162353069580035
1,240,204.605311195934,2.040289369089838,26.345255015474777
1,360,152.4051202635177,2.3836595591218455,30.747875327549224
0,0,96.62539885724405,68.5233430325725,-18.473620128893856
0,0,115.39566699232525,67.83124930976454,-14.711494029688865
0,0,175.61526902308535,53.993829354580555,-11.244761969804529
1,360,646.1731931971389,3.0713617269521034,48.77128683816865
0,0,81.02218170783432,4.431972625166564,3.0280318885482416
0,0,63.317145974484355,5.120596872893756,-0.7931687913594629
1,0,212.9617319738094,5.065097003472074,1.575542240459768
0,0,112.14078989436707,91.47645522704885,-21.77503847394229
0,0,92.55265348742985,30.030913555352775,-8.077867752672972
0,0,103.39954394271993,93.26712130134874,-23.040550204969357
0,0,78.15408525371818,9.090817966525803,-1.986507025265027
0,0,190.36962511703246,44.7790551519466,-16.243523003655525
0,0,341.80753020758783,71.90739204722645,-18.97089811319742
0,0,124.33871745522477,8.216229583734401,0.22603152826711437
0,0,74.58248435269654,23.323247293324886,-5.889159821588876
0,0,69.85883951488184,78.47266949972324,-20.88921038074838
1,240,184.70492872899277,12.978971016363017,1.4086961796127895
1,240,347.6343775746722,11.262988224618299,-0.618608160939516
1,240,608.499843667015,3.9153583550224376,16.07164646819166
1,240,1307.6653008675862,1.6006200379547235,46.41548978445654
0,0,115.24218809794,22.903293257720385,-7.73594323413333
0,0,162.83346643938947,29.80249042735395,-11.53179679743721
0,0,196.15205780739026,85.39619856872666,-17.693016651094766
1,240,422.4126866678265,8.646040195442964,13.122694125448689
1,360,216.59620832262686,9.689095530933296,7.6681024249177625
0,0,84.1699557262333,31.76059917181495,-12.098643290643466
0,0,148.73468593752392,57.065305241656915,-20.666449542352552
0,0,92.41195033083707,39.894586538600514,-11.255123799210438
1,0,257.69631226784225,10.773963252804633,-1.9863643585674424
0,0,142.29225659231696,46.21128911942482,-15.948910989195682
0,0,104.91997010060686,32.72391569102598,-9.001391557739254
0,0,121.69498993656322,90.42169870443479,-18.633084509128864
0,0,190.0642883846101,81.67082070950376,-15.993312035854444
1,360,382.8181926521975,4.577801128876443,23.440814682377578
1,360,215.71696096268096,4.476838005226385,12.338830449412242
0,0,161.0023415934672,28.078170787957763,-14.645301965962304
0,0,109.22736621082488,55.899016533770144,-16.13988885774117
1,0,492.1372902474205,2.3727563648034757,24.25572685896941
0,0,84.36027681034837,6.615440223302886,-0.37559921939048024
1,240,1068.4985922154517,1.2099437875778338,45.13270481511843
0,0,110.75404987293669,21.499591199242897,-6.696658613858176
0,0,102.17574842442075,22.34315780913766,-5.704115830872482
0,0,136.16765631586534,8.807920154094694,0.22424026861969537
1,120,538.9081893800831,5.513041928357989,15.463262830181819
1,120,474.03188193623276,7.023099709872993,5.119134662678789
1,240,1135.7984129079045,1.4994046790894044,42.74105086474721
0,0,123.4045355563771,3.842274667884259,3.1777790814923463
0,0,70.19283380288482,7.2859224870143375,-1.7232869682251248
0,0,109.43624442250538,64.07408349625767,-19.60457602829348
0,0,86.3182464814958,14.604792578586736,-4.610374803734871
1,120,672.5851209572203,1.7673370242429425,33.84120636824578
0,0,108.41624856173318,23.4424864150496,-8.786635906263342
1,240,552.7589482606875,12.716445145789907,4.9197605947829715
0,0,251.14205270673227,7.40033439526344,1.9846733414643296
0,0,87.72169018494678,6.571305377793169,-0.8375751219699907
0,0,78.78510694335213,14.28021143034987,-7.35910764630006
1,0,185.3063066259672,3.497767614480425,8.407908511159988
1,240,494.1071344397193,1.445865385714789,32.05609724067111
1,240,815.3882596924768,1.265526569737986,34.46419484892667
1,240,880.5044834758477,1.6164365170676862,23.58069145342968
0,0,207.57615201516285,2.6848881935608033,8.526765722101587
0,0,99.24071821360931,4.262045054593213,1.001060436956962
0,0,126.61495263337515,6.718972626587467,0.6016676590503494
0,0,138.20046097639784,24.057925901062195,-4.743921400575715
0,0,102.97186846827782,29.983015035548792,-7.0481206653287956
0,0,113.01152387447081,53.69456197302734,-15.086797271511074
0,0,90.03705743661942,10.902567114524937,-2.542489713647953
0,0,83.05219202997654,17.20263480546404,-4.243573440298235
0,0,89.26565000002728,41.13289449199254,-10.142191459272084
0,0,92.8641400315225,73.44315525940874,-17.337808277824664
0,0,95.50922787718945,84.95080622812114,-20.848286174349226
0,0,181.22126730084162,59.99055870491084,-18.54783851534738
1,120,414.2224751778953,50.44784081947091,-11.132731624539858
0,0,174.24927398848743,59.13163056430344,-13.587639761457794
0,0,124.68836683984831,76.72275813855823,-16.414992522294526
0,0,90.83849975988515,12.535101111564805,-2.370280441762233
0,0,76.6096379881274,9.017796097320524,-1.8761781124678123
0,0,79.03070831614949,20.29235465358414,-6.284357141796221
0,0,95.18441579647299,67.48444799884372,-17.13722418497528
1,120,602.8654598990793,3.057874136935326,23.231739279046167
0,0,94.45146593792958,17.469845302163886,-6.123825403305219
1,240,642.0154897378077,2.4661485965764975,29.106415712584948
1,120,542.2009515851419,19.27561300112276,-3.278855947292911
0,0,180.48296115471445,84.37653658296801,-17.531713455646468
0,0,129.64781302799224,49.28408258580093,-11.719794517188745
1,120,901.6517643480632,2.130112179270149,33.27202965231234
0,0,137.40655146392456,4.645393398179682,4.770584068629205
0,0,107.03983568948553,65.63969980654674,-14.926196841647155
0,0,109.8186776879593,97.36850380446513,-21.339545737595515
0,0,114.15308762529304,82.6538142828599,-19.218974364486513
0,0,86.22143654294422,8.389871193765385,-1.0924095475630935
0,0,79.40465087387797,5.813713073336382,-0.09177175047753394
0,0,125.82089575214296,12.76356755723924,-3.487978906190193
1,120,572.1285084580015,7.038519899938007,11.548657734971599
1,120,526.2381943401734,10.92036797184526,3.3213229150674977
0,0,127.41319252014898,43.90303096869909,-12.389075699259308
0,0,79.28944818060741,6.026113173617978,0.3848512663871304
0,0,84.27174219441301,6.23015160882979,-2.0376715301795656
0,0,84.94592025829357,28.068899000474417,-9.395299593716587
0,0,67.20951198338136,6.640165591559529,-1.4820957060823332
0,0,138.5719436094582,48.011037466377275,-19.565918637200355
0,0,124.66415301915204,106.20955476078764,-23.774982512269304
0,0,208.2552499283796,113.49028860247051,-24.425119937104988
1,120,337.8254222925382,13.243539134850751,5.276321659704237
0,0,125.32497720626283,53.66971567625963,-13.481220972964692
0,0,74.1046864961343,5.951588722540032,0.4804273858639476
0,0,56.02108876126666,5.558867968119584,-0.5890233150222883
0,0,68.61674193033072,62.85251782448829,-18.688544866826163
1,240,184.11672333185405,3.2187796734987595,19.899383396429357
0,0,59.83444811129537,7.170646481382005,-0.9813514494226894
0,0,84.5275630238385,60.35088596004038,-16.414791732127554
0,0,82.61816836284251,8.613254129716859,-1.0308198058215083
1,360,263.48534254417626,4.180219319046315,34.95996690697798
0,0,172.3220533756914,46.807881806741456,-10.657778336432088
0,0,79.5529831977594,8.158014237523018,0.5232115432834377
0,0,92.4137697682068,54.8365494648978,-15.29956615712436
1,120,284.13333806117333,5.107827634330818,9.301836902405526
1,240,683.398451011681,1.5870054278787409,39.64018490883758
0,0,82.59189704755056,4.482276178418389,0.8660237657191487
0,0,71.08586014178968,6.741163459595231,-1.202516534386291
0,0,89.29807679501872,22.356015939180754,-6.394184079176014
0,0,103.60344562477232,25.708166900458572,-6.100628855068635
0,0,140.65984151370975,8.45048615871516,0.8902242647905609
0,0,152.65535241616263,28.670855859953896,-11.354435672583222
1,360,216.9198981335639,3.1496683525816067,19.883172232422567
1,240,353.97524717286706,2.1776758895397434,33.820672931697416
0,0,101.33101936223709,80.0082594412031,-21.430530102990872
0,0,91.37391880118483,71.32649479770525,-19.33215661123539
1,240,701.3822914328188,1.9800457629632482,42.8431685165058
1,360,454.771102555118,1.6705067903878452,53.35630916507834
0,0,103.57407389751387,36.9404582347473,-10.57238967595302
0,0,83.4931817049841,8.712151090485554,-1.1780412698232254
0,0,122.21736684269854,7.70034765304353,0.060205270110273545
1,360,368.0593701512493,4.030094694612815,45.3063249021247
1,120,129.63399437282897,8.046556053279463,-0.15858732051205493
1,360,225.6723327748305,1.6064306980343812,39.79976025205961
1,240,317.0533876247645,2.8767649657326646,7.127406208983217
0,0,78.69449782873355,6.310955769193591,-2.123810511808884
0,0,82.25738696889137,4.514490089845833,0.6171866253762772
1,120,518.7553982372883,2.002418214350516,23.56759782096266
0,0,120.27163444657059,88.05403397141845,-20.973494695309128
0,0,106.86247172009698,31.75342648669546,-8.787412647172403
1,240,845.3526360829495,3.8048414277717906,44.51904779324981
0,0,143.181933125971,14.466050575870918,-5.402507864279343
0,0,76.9112281532557,7.090344986545578,-0.4849188974010872
0,0,102.21590074319707,3.6514950512149165,3.1935463935511166
0,0,180.12948018235898,2.238034332629274,13.659078636745178
1,240,694.9612759018886,1.155053298582288,48.29873246416098
0,0,99.83564589336643,46.20016008659976,-14.611664329043379
1,240,901.2278864531779,1.680651812576621,48.59459149123673
0,0,94.10915098307687,19.592927609276316,-7.7747749956346155
1,240,396.4028262263105,1.8296780406366857,44.98744898117231
0,0,131.51775253780218,7.589707089927084,1.7427000544607125
1,240,674.3080657980374,5.525018363212135,20.219981885656267
1,240,1053.7921876484452,1.9776826935136524,41.90125127535488
0,0,204.48752954938237,38.61881962522612,-15.072594009173955
0,0,156.06256346660982,58.890094814917326,-20.08129415628987
0,0,159.29326075204682,8.688177464391032,-0.5412511071391606
0,0,118.16260612950168,86.6891734287365,-20.42329265015418
0,0,82.09109266050935,7.533424794989725,-0.10304770353832282
0,0,89.74688835030737,21.328618138519705,-5.697569014638972
0,0,109.30436071933102,39.524079629702996,-8.945096335663521
0,0,154.8293930280317,18.301418330624575,-4.3429645729474515
0,0,184.82349256357253,75.7418004959557,-21.74330834360957
0,0,120.82647782390166,74.60833575676119,-25.972847531757495
1,360,190.57281262740702,3.48588819317061,27.176885615442586
1,120,260.7097539944571,4.612790530123338,4.987796757674587
0,0,244.60327820136723,12.093170575201643,-6.512565734458988
0,0,107.60429204432148,4.643026718923786,1.3805221488161123
0,0,82.96903070571256,7.884349407157521,-2.666091913272112
0,0,76.28956437981311,4.9464228164334205,-0.006388373950230175
0,0,79.10960161443401,6.780329406732035,-1.1031729573029452
0,0,120.69220221240944,8.729173132096504,-1.0295569413503216
1,120,553.8781346322708,4.465141330360543,23.204653742312516
0,0,141.6407053009597,91.07897223566619,-20.35068586898815
0,0,109.5985541063674,58.27043907514552,-14.352010939443048
0,0,81.24047451599809,5.192608447560628,1.8267994307097837
0,0,115.04004350493628,3.353141627494466,5.156407658410174
1,240,620.8490735990493,1.2423254421918137,33.42528538922663
1,0,407.95644623711473,1.8462741251041528,24.005869915936415
0,0,116.98247710807613,54.63708600794634,-14.197360239263503
0,0,189.3568503254473,4.588005148836946,8.164571964601691
1,120,868.6669178747811,3.056057727527393,29.48551811572426
1,120,645.2047764019884,4.487025781058535,18.432590090920286
1,120,840.401771290998,2.0168687201980044,27.911576836378885
0,0,92.11321118439095,4.747140752248567,1.0969747293465701
0,0,75.13474310871734,9.683939825084321,-1.884188583339494
0,0,101.80859616566094,69.5438063953299,-17.05233221596187
0,0,99.56886309548902,55.83665712992556,-12.90840889821878
0,0,85.10706799617179,24.859999592433564,-7.056728222749612
0,0,96.43079274306196,94.94051198855149,-22.55456402558187
1,120,428.7941620271328,7.879889491473007,9.0082605424911
1,120,760.2296295886977,8.983082395029845,10.602196295305092
0,0,181.50158535242286,5.658296924091845,4.438625083113294
0,0,81.5451594250637,4.8513143473773095,0.8129041986525607
0,0,81.32403260230532,4.506238523868221,-0.059698163280259564
0,0,87.66502122911314,4.978997708490934,-0.38614070315630045
0,0,91.41997720637629,37.986695614491694,-9.898669974402111
0,0,102.11680092085304,79.56605816936738,-18.68236792721602
0,0,81.23737977206079,9.565955111049103,-2.960862446284821
0,0,73.03708485820198,11.492937398230746,-4.753279279146781
1,240,357.0436234383837,1.9682087568774662,29.86767464298218
0,0,144.36258360608198,11.98876685492123,-2.3066669464956817
0,0,328.4344954991662,4.851739853295005,12.196744986523498
0,0,81.587527943253,5.5640160031301695,0.5573458716680193
0,0,64.34799611115389,7.558001258736463,-1.6830655274103634
1,240,520.7339938666553,1.1830948379583577,45.313796409916634
0,0,65.94830747243344,4.797744370649139,-0.6919705472075464
1,120,304.6872442936297,5.998003160728642,1.9847790204995874
0,0,110.92626727182143,59.894992692906115,-15.918485994948256
0,0,116.40475756493743,57.91447968563982,-16.255903302634636
0,0,87.08383285211065,6.515463930450282,0.3211796476511921
0,0,135.93048330247234,7.227351574882334,0.595089139106264
0,0,130.3957434876827,9.498083532983346,0.2751564278013916
0,0,117.74242378964769,54.393958333981615,-12.580666506209212
0,0,88.56934961822127,11.461338056325996,-1.4532030578459683
0,0,97.483107706271,4.074691144103235,2.168660541828274
0,0,65.33226071591736,4.994556424872738,-0.19435438999119015
0,0,76.39031359865119,15.806448363704611,-6.3661527150769075
1,120,418.91129564437153,3.4187674548153995,10.698343081572233
0,0,94.76735087267306,9.85020750329455,-3.853955973151912
0,0,150.62242305898798,43.08081816797612,-15.732216127423001
0,0,161.60614540693462,25.092306872011946,-6.553357842064088
0,0,111.13953253809439,10.557003064713678,-1.9531917094036118
0,0,67.91165043525226,8.715333134739621,-2.6835606577983384
1,0,167.5495387902074,23.379780469800146,-13.518826857657118
0,0,180.54399449302377,3.9435608691982296,10.634671462836295
0,0,114.42227366754666,90.63666988925405,-23.582271507545784
0,0,105.87749294365568,78.87574047125936,-17.568093463530033
0,0,78.4317279955221,20.202813408295285,-5.080440436462496
0,0,97.4498703831055,108.06443928917699,-27.827979588086414
1,120,327.8471516424642,9.25222504055214,4.805828026883859
1,240,617.2890524816613,12.230396459271168,6.4768672038135975
1,360,345.69436988802534,9.962780215233446,9.316536856208302
1,240,372.13724508747976,8.755768380016908,5.128191355999405
0,0,184.05276529048308,76.93225685702565,-25.223583171860717
0,0,126.90249175414341,96.91763177789514,-24.01883688610031
0,0,88.38662369321975,12.817778725811573,-2.219671964680856
0,0,96.12992241764069,31.644283993193806,-8.540092000985325
0,0,77.7537353479972,9.090312593643706,-1.0026774787354071
0,0,68.73880860694939,5.8121211487577735,0.2523350401399398
0,0,107.0093983727395,60.64792248129976,-15.002687327358487
0,0,204.30275179781435,29.304847945448937,-8.519500440967562
1,240,899.7913811354664,4.539745197177104,21.850387473533786
1,120,445.03134257332573,13.095343951884976,-0.2328162748691085
0,0,126.196323333519,76.92364385919218,-17.336550697305228
0,0,83.45310307058725,8.747791610543938,-0.5398772796809652
0,0,90.15086579470943,85.05554836774223,-20.101949123728772
0,0,130.78696219837985,86.444139777045,-25.35459875580741
0,0,100.2593084031426,93.64745049319046,-23.0906473516279
1,120,425.21913196845173,4.1650689620022785,23.6987032320893
0,0,304.4534720977502,128.9688347961416,-41.65984352372899
0,0,402.3543929076741,189.01524803394318,-52.92698031100148
1,120,399.03315452396873,11.139404701010694,2.4542158629674873
0,0,132.81925673628533,45.256231837029794,-13.52730231628388
0,0,104.6474966014235,84.08232293023579,-19.706751803521442
0,0,64.16121754528208,7.551246859922067,-0.9812510543391966
0,0,67.92542374618202,71.64026638097467,-20.78707159318276
1,360,149.6375236349553,3.269538964796048,39.93007307042191
0,0,91.01997871846505,90.42128718651651,-21.11756692406051
0,0,105.6468154917135,94.88489209307032,-20.457876114438548
0,0,107.43859287900433,39.71641371921057,-8.592006827050099
0,0,184.79062933033353,102.15823305144936,-21.371777843345654
0,0,146.1352143907717,45.9522277604488,-11.22479391609474
0,0,113.79961798899596,86.10668786444299,-21.632715233224232
0,0,102.87536460330244,100.19107632749565,-25.404775161742386
1,240,545.9994380265781,2.59785914784434,44.26390689845449
0,0,100.82538581432667,61.668876777714054,-16.513897531381602
1,240,496.79282804649773,4.593855742398805,21.096578915121412
0,0,115.64224893417233,76.88883088722822,-18.366313636504685
0,0,155.64231311040555,64.91420093623212,-19.063863960503653
0,0,142.17116481671883,72.506648771593,-17.905236005724774
0,0,166.44112167408363,22.835241189339595,-5.125243063455201
0,0,137.8757962644403,64.56234589649031,-12.637558814834094
0,0,101.14872420745394,86.85000473865787,-20.272256172980065
1,120,451.36606802787946,5.6511914716147045,14.521282181609749
1,120,383.0888070378068,7.480039369608677,4.183811793327237
1,120,1095.2613029659944,1.719607939722197,41.16299867093076
0,0,122.31457354329338,44.327435895472355,-12.631825727171986
0,0,79.79133516122377,5.935382045927254,-0.5897207966549161
1,120,254.10897124976216,3.026895230488509,6.77419516947927
0,0,100.28385096953184,17.179741413905003,-5.765731992372878
0,0,163.2672860574727,48.48415311937218,-10.807477973810336
0,0,134.62723335099892,39.95926343809015,-10.33124068542432
0,0,82.13474215329539,61.97837435032345,-17.927285936428916
1,240,165.09931778806524,21.03861532483724,-5.670145304992545
1,360,492.553504966842,2.0783577094983356,45.21272498060698
0,0,96.37424848387047,17.018130385822676,-6.346263920643537
0,0,95.44707226910066,34.55827486078954,-9.971773447033783
0,0,76.69751511267681,5.269304648354232,0.7978607879852433
0,0,78.82097423206142,4.526529696310242,0.960648773878745
1,120,780.0183972248451,1.298090745183045,38.92022534541462
0,0,167.86418242655841,6.4349092979470175,2.4097883965499136
0,0,160.39135071898787,9.193695641192596,-1.4206274952312867
0,0,162.28762389241086,5.211131266141093,3.8416125092959703
0,0,126.90868124201803,93.26446448391142,-23.487720474710855
0,0,81.81752523169247,7.426861056864131,-0.02407904445047393
0,0,67.99453969411516,5.936138300347251,0.5448440417983704
0,0,102.70449619536474,81.68305073325052,-19.74065892198024
1,0,472.862680875084,2.9847491626375833,22.500059910614382
1,120,1187.0291441277998,1.4425111988227577,42.804257495728066
0,0,122.11427672780532,18.980170209345143,-6.185674058683148
0,0,179.78511340093976,35.2050149772355,-10.408624158983471
0,0,114.7785999905551,17.26901914333391,-5.078458954551621
0,0,69.40498908164399,6.7267910158089945,-1.2145269567420485
1,240,405.98175021182993,1.9689677186521883,18.494940721715636
0,0,63.73963520221835,6.520128702642361,-2.9769203756905114
0,0,117.73115574761955,63.920847218792964,-25.492261551071095
1,240,377.27356779450196,3.09277487231496,22.640517916360338
0,0,85.30556237837769,15.304548115267924,-4.828702406602105
0,0,103.8513992296832,90.26118505746787,-20.68676105292691
0,0,137.18632585780728,74.70559837772724,-18.58075753482663
0,0,183.11375423076623,51.61253399297277,-10.901162438556241
0,0,182.6319604136256,5.523996788029037,4.159812084422796
0,0,86.7828945103391,4.73191955275588,0.7209423021811716
0,0,77.34522348024377,6.373587262188094,-1.2665368939385502
0,0,122.09194469279986,3.1098673051487733,4.531263325410265
0,0,80.75238351842826,4.2009044116009,0.0043961715966673864
0,0,131.8651120386333,14.692397162795267,-9.56244155586225
0,0,91.59167314657563,19.60769171704618,-5.361916546841201
0,0,83.03848106736785,12.922954944640335,-2.6905566099316474
0,0,103.05980227311912,32.76075737413092,-7.902440554164002
0,0,142.54564016919107,14.901500607472748,-3.4428962297540977
0,0,98.9092632026831,19.54372594939778,-6.4302576178573645
1,0,165.31240167740413,14.904863142041851,-6.443832089934759
1,240,331.1461260075144,7.649010792738129,1.6834458193980737
1,240,358.08357076190185,8.371312277121913,5.748305366921585
0,0,111.13792281780465,82.48122222401084,-21.137524409866785
0,0,133.14618865991855,25.349072394180716,-10.983602653951934
0,0,120.40482179645848,4.968675467374084,1.079051564968779
0,0,69.19689305799159,6.282882756818837,-1.5479443129443524
1,0,261.7567296741699,5.0954753283956125,3.94550556884667
0,0,337.2478047739249,47.517064352576924,-15.226314733843324
0,0,194.63105351052604,69.81444801291856,-15.493592865836689
0,0,137.3010127604216,81.55433226018017,-18.422249549860595
0,0,87.95380731630303,6.723769607935309,1.0463439035600288
0,0,75.98142764097129,4.852637341386516,0.5518664136904903
0,0,72.88333956644485,4.6316959881716775,-0.06795169593300443
0,0,74.5788284738695,7.148775116231853,-2.0233837246142485
0,0,77.41829571255099,9.704357791972654,-2.488788911887511
0,0,91.26471855082565,22.293445361667576,-6.182609366661012
0,0,83.85405945543145,5.560847946875518,0.7500780121985855
0,0,124.18998836930008,8.192913844838182,-0.6622166148339232
0,0,156.36726537976298,38.64134842634879,-8.631414539293473
0,0,93.8076004941529,12.590526979957323,-1.8490503041200697
0,0,74.48457481648225,7.174815356433526,0.08810981936707662
0,0,87.29118069591006,39.15571333594179,-10.32359480722424
0,0,72.39268095165231,5.236307408959536,0.6474319652637917
1,240,366.5287075326467,1.524056610349117,24.571432408864425
0,0,83.63705895792282,5.572059102793916,-3.2057524746612387
0,0,89.58205639345616,9.394182478230306,-5.847041442091438
0,0,123.50799976119681,110.9742175128198,-29.92669653670645
1,120,492.81033470546316,10.334433237631437,10.507127435197447
1,240,809.1212331785589,4.069134298529095,22.750994779806888
1,120,768.6794368154943,2.195770946073576,29.401482146896342
0,0,136.39333456606266,20.305203759111482,-8.941159791600583
0,0,113.3929142225539,73.90388205717964,-18.258621415636867
0,0,95.41415235556975,30.172800601808078,-6.553093644475979
0,0,109.16175310493067,104.29178018702751,-23.612479859770957
0,0,112.07553954234098,93.37335068116573,-20.72493760440966
0,0,75.8457746983861,6.931785598464705,0.08018389172360685
0,0,80.10038445276506,7.130902965237089,-2.0272727131113157
1,120,335.80161846235814,7.924226034909776,2.4561814930230668
0,0,129.955258267273,17.993324972666155,-4.225010917757217
0,0,85.87905923977043,21.144599237825787,-5.357858471887752
1,240,428.7308161329143,1.9506071157423606,42.63446298979771
0,0,124.6448023675001,92.67509862880878,-24.337268955104683
0,0,108.14994187830767,56.880353206034265,-14.354024125064484
0,0,109.62274525494692,98.85143389163038,-22.142220281905807
0,0,107.10262611684351,72.9600765410239,-15.986263244203514
0,0,72.09438957951213,5.734246797432779,0.8910379933619623
0,0,87.35832983771455,4.223779302902646,3.751859304661224
1,360,582.9858224189705,2.3471531367770817,47.683733318544725
0,0,248.33606084844223,32.92801774907384,-9.403568978224612
0,0,127.35648955614019,64.03097518941472,-14.43584083415223
0,0,95.03587942354073,26.571805838288377,-6.269065385396061
0,0,104.73919397764642,78.75118049504742,-19.512244255198723
0,0,148.63156181445558,15.841062796322019,-7.520447829410699
0,0,83.80530306834594,6.840511194925726,-1.210986709061288
0,0,85.23692821292562,47.2481662714315,-15.61208020015492
1,0,202.18581091199732,5.748164856850915,5.100979004423451
1,240,643.1539020644008,1.9438861076362453,44.205867972297185
0,0,201.79639463458233,43.315585530548425,-10.194724507693053
1,240,424.87628421885523,54.970646549356196,-18.02069035173143
0,0,161.49321559336892,108.33004161716987,-35.38062245931533
0,0,76.39642940214634,7.745995458619029,-3.609219179376595
0,0,44.1120323080367,9.852370679720245,-5.605401044048847
1,360,81.12226776725727,1.9728566081025107,26.642794339210937
1,360,168.65821663567388,1.2623704709667054,35.62583994016184
1,240,516.5950175757652,1.2198804562591912,39.75744636634697
0,0,128.73193886342568,27.57221131233594,-12.631487554259195
0,0,138.29680613655592,73.79033920979744,-19.197421125248027
0,0,199.0902507784893,64.90703186091892,-14.085377449564689
0,0,181.7536992907586,19.02627465541768,-5.2092896001866364
0,0,123.69476132298105,60.73332327876171,-15.019648812515527
1,120,1323.657395831638,1.802319995522364,46.501840124156345
0,0,103.0816468576143,9.675171605579923,-1.4807905699970405
1,120,1025.8872556556944,1.2381693142687926,42.347914285727185
0,0,90.54689666218823,6.684776931500939,-1.2902248496890252
0,0,70.71116373617905,4.909843746736855,0.021827928460552926
0,0,83.80368201199782,16.788223627434263,-4.767852418107253
0,0,90.47024223543345,13.74646186092211,-3.105410230694801
0,0,130.73448758414622,7.548543115002842,0.8003125416029491
0,0,164.0085169066615,97.49667358697778,-21.89324047486535
0,0,135.240344068395,9.419831956899928,-0.868761005271196
0,0,93.46804020148612,18.140727803148927,-8.013044232452856
1,240,447.35269526382217,1.694900507690611,41.37797096442894
1,120,394.33150163940815,2.6579994232655726,15.317235539278371
1,240,440.52743589111805,5.273897675646084,8.61964702617962
0,0,105.91024281631088,96.49457691867833,-24.820317257312325
1,0,256.2352077034495,23.02444738168762,-6.377735137339911
1,240,602.8914874891161,10.205355588834166,8.13321699484409
0,0,380.0095708283637,51.53678220775259,-13.33812099133759
0,0,121.67378017133723,22.323785783624956,-5.368790968083985
0,0,97.22779699947253,40.55057136898257,-10.445638241078512
1,240,888.9402339902551,1.764936615859424,43.41635046787506
1,240,1270.6054588169018,1.7593096046753145,46.1996720586764
0,0,148.76056615880182,86.13924109766269,-21.231964479714705
0,0,82.13114862278944,10.063826815654208,-1.0090235048019451
0,0,103.42546950823134,80.46977317674755,-17.875402814074718
0,0,110.49069056468957,96.80016868087037,-20.83398251692863
0,0,126.25723197518617,105.92428620806855,-23.701519730917795
0,0,157.36290005107998,25.235015149400656,-5.9516901067441665
1,120,1089.504761832973,3.4126172473305822,35.68225140917636
0,0,129.98841623802983,18.934535038091695,-4.827846406416612
0,0,87.62720413836277,15.25577963214547,-3.1861173099124613
0,0,88.87000455853335,33.25571957485766,-9.281705198730265
0,0,67.25707241630796,6.363455438353605,0.27220269876626446
1,240,862.3930897258361,1.1264903678086609,42.47739223971105
1,120,335.82522013590193,3.2529733380692436,7.549773609152396
0,0,186.46277729355705,27.317284986477375,-13.681783930007029
0,0,126.7573561987247,66.95564025424162,-14.826192770593522
0,0,183.5687609419587,68.16234074366473,-14.033224845670603
0,0,169.54941220115063,99.59103266535554,-22.30873345379176
0,0,132.7088775358548,66.14545532811258,-19.923811257965724
1,0,339.1286155637197,3.487659479999784,15.142104242068086
0,0,114.48650377431872,10.864360022186755,-6.3409694009776985
0,0,99.69540751516718,31.312788260987947,-13.500185075839667
0,0,293.071298633861,2.8872437821978085,12.975324710797622
0,0,105.96007612894236,3.8530251222735306,4.231229976442293
1,240,703.1130808260338,1.4561899957670248,35.375708231637205
1,120,337.5957764219084,30.709441626082697,-13.696309513401644
0,0,221.95891211546584,59.23671924532941,-14.501726428676577
0,0,129.37226745698834,22.594165690256816,-4.552737457911505
0,0,104.6027758511207,87.1457994865498,-19.331665203721485
0,0,86.35952107005158,10.216727381132946,-2.424419811518945
1,240,498.571138196435,1.478557709283523,42.82338540110767
0,0,106.67264942255058,11.047602814526025,-5.722049563153789
0,0,93.94348582593484,83.68269571391053,-19.20435895391195
0,0,90.09493935069956,50.05435027385684,-12.870649778925255
1,240,636.4903402284062,2.460146165537115,43.1120371179796
0,0,153.33972159652538,92.09439630882783,-21.34565926978452
0,0,160.87432348619984,13.997594280358639,-2.326640284157236
0,0,378.68023660656155,5.042409822097963,12.707925047913719
0,0,198.87708753674175,7.453930091861503,0.5400567815017183
0,0,106.33654662768922,94.54167170999979,-23.83403067321322
0,0,113.81341397204248,5.971843796919046,3.171850487615032
1,240,621.7469347668526,1.3832380665588215,38.95314436489387
1,240,356.8531096412762,5.685755818169692,0.3311821683372642
0,0,71.13907726784711,7.508766208149645,-2.7460539552912735
1,0,182.9332275010901,7.625429733078809,-1.146353411104613
1,240,1112.5805329565228,1.9329664435766287,48.521472166749746
0,0,327.78498469831703,71.1204398344487,-17.95549695488795
0,0,145.95374676825017,44.65374794583041,-11.727641185555782
0,0,225.457673173377,8.534912308475924,1.5580417922229657
1,120,332.9352507571447,10.89914953040975,-3.3075742251211153
0,0,87.87877394589636,5.06249613803242,1.340247868483715
0,0,271.7909324362829,2.053919095229705,17.30415992046305
1,120,498.1091711453982,1.7449620911138428,18.937471681809825
1,120,1164.7106217039272,1.1002275604872607,41.152663261283664
0,0,89.75060657745549,4.972958502549864,0.678929601718977
0,0,109.300166377731,49.72951824408207,-13.112924251179322
0,0,161.1943064060471,36.61103453135804,-8.818059567393846
1,360,508.70965536774605,4.524505948652912,35.513143816975116
1,120,297.0576235626274,8.986772519520736,4.739440456942091
0,0,114.30995600113343,93.9773362517862,-22.678525533925864
0,0,104.00771213866304,106.64845666966453,-27.103581505183108
0,0,93.19091891836761,88.95836986548234,-22.863627648111645
1,120,415.6250176647052,7.450112270472726,11.429303832564344
1,240,943.3014404034637,2.409661445131573,48.439243309424555
0,0,171.52151226906676,119.06035689708959,-31.50858487950235
0,0,193.4887642519676,73.86459292540282,-21.99451269434195
0,0,205.25371106306207,65.2613199101074,-14.075258681939843
1,240,1002.7262373731387,2.973168678412045,36.19872599023243
0,0,121.74873418933525,4.375396131015697,3.5279359968776873
0,0,76.79573072246731,6.359009059442718,-0.4824988474939431
0,0,83.68077079902996,18.37465227595002,-4.885779653538677
0,0,86.82479258210569,25.227221577597447,-6.739231413207179
0,0,109.93986015202445,83.44027556198074,-19.854343144146526
1,0,737.0361448349463,2.542041164242408,32.24320197257481
0,0,138.09815304953273,56.36987966763342,-14.862276877178388
0,0,151.86437894280937,4.957090245277776,4.958713887174795
0,0,139.19382843603918,9.221901765174687,-1.1705116385619334
1,240,600.0971944430726,4.120883127978564,24.877035042989874
1,240,823.879602237172,1.919460127689667,51.42799437684131
0,0,151.87617977958126,82.83265130660915,-22.653564145800672
1,0,485.76098413073476,3.1651580314179095,25.559394005672175
0,0,115.50332553874496,91.84185426003087,-20.33357114923001
0,0,102.63027902116131,92.10986071902002,-21.55345595678945
0,0,307.6284299841406,3.2947606814190373,19.424430108321587
1,240,856.9028099320067,1.27185974927967,54.32685485687749
0,0,96.81401953260234,5.697170025692505,1.472024341484186
0,0,172.67283636615278,70.32932912481256,-17.14425712477093
1,120,664.0101636459259,46.668990899515734,-9.91465392848312
0,0,165.8171623488194,105.36465793727108,-24.559205497025587
0,0,131.26201106078534,100.14357849619104,-22.913867461467767
0,0,92.5899491194948,15.325874850892458,-2.680284607705701
0,0,111.65403088365672,90.56506577147339,-20.878188057372185
0,0,111.38754282329715,68.27638896392902,-14.299699816996096
0,0,104.67226588898032,46.495785173595564,-10.769327842086398
0,0,95.46244396426177,20.439616701621187,-5.105486367815885
0,0,254.02431356579223,3.23696858499641,12.161807497471045
0,0,141.5449496158373,9.20202707413461,-1.0897622877301814
0,0,247.06109436262292,75.74740291533438,-20.553991196995128
0,0,166.12099138547745,7.222166990582954,4.4391323424824805
0,0,113.55686763488079,71.43567699907621,-16.970536642681182
0,0,89.0987038682885,15.069143621883544,-4.406424833612888
1,120,464.27235186862856,2.983713373842176,13.860069593880255
0,0,112.38910625314607,5.5771281732916735,-1.007279800720383
0,0,101.2956848682716,22.079288188169112,-10.91015044050394
0,0,159.785166333261,3.813107884200393,8.731571692409048
0,0,118.43087395102665,65.81705680971272,-18.084932637257694
1,240,672.8534681311538,5.736669879912124,30.468227464480265
0,0,123.67003737965774,12.392563397523801,-0.9834121906099824
0,0,121.43461201166961,75.74096302089393,-16.91297855613425
0,0,91.91012003051262,13.93741971177755,-2.6983715745881227
0,0,78.29466371366878,7.497011776382991,-0.8679367087962788
0,0,85.40428244276603,3.982571594664104,1.2365080435341156
0,0,67.12123809678872,4.712339512155096,-0.5013836910924709
0,0,66.46011917216009,9.421510516829754,-3.5752539374484087
0,0,225.027424413683,19.901176188905666,-10.270649610565812
0,0,107.12951524731709,18.192198226287456,-5.801277135877996
0,0,198.03495443192674,64.34826272402101,-15.712380172507252
0,0,163.4067195755271,44.05614451274957,-11.080536749031666
0,0,163.5406324331512,4.980313031661752,4.7466900387599935
0,0,70.9138694640725,6.617969343842314,-1.9064340202588568
0,0,161.89280031514934,40.819353936326365,-17.99985044598084
0,0,95.7078469560375,76.729717845106,-17.41592622067877
0,0,84.55741653357802,57.26203607523875,-14.759932015494044
1,120,342.29536614384415,3.8932094860129194,13.031630500776885
1,0,228.3039080389104,2.653758352088038,15.14513723037966
1,240,285.0005918713549,4.7100441265736395,5.862047712557256
0,0,158.6109320621922,18.48113614711121,-6.211037027142282
0,0,145.3471882925968,22.493475558208246,-5.742704530592704
0,0,97.03724919418991,5.375745653065601,1.3094477136611573
0,0,81.43540937587316,7.384485089474429,-1.4704657282534725
0,0,71.03120900434739,4.768253606849784,0.5538743153601757
0,0,69.52779260205726,6.747574475585274,-0.9197775595363851
0,0,69.83371880951529,5.260045495192936,-0.25687939119470116
1,0,327.0265343764514,2.1335500685457776,19.12991320499347
0,0,125.91896399317454,83.97235379109128,-20.43008781212052
0,0,95.05091670497968,14.264003400059728,-2.7418479296884755
0,0,167.18228450692217,59.448752047819916,-12.626795405094256
0,0,188.6230672666131,96.62822638715544,-19.441027153346198
0,0,113.07344142533367,50.242569184181626,-10.87174667909541
0,0,89.72029395735163,12.891397115508044,-3.8202866325224107
0,0,87.81648230510702,37.84380504188479,-12.843125674195335
1,120,417.4023302415052,5.542968576268152,8.059188830654008
0,0,92.81666461903373,4.566362555161101,1.415507193434422
0,0,103.43055939844325,5.557338312699663,-2.69399117857715
0,0,88.77522944246068,46.99665301743025,-13.281931448297087
0,0,71.55403935281784,7.281800990670513,-1.374033608591148
1,240,258.3399736625681,5.892162286314764,13.328229281099354
0,0,147.65671747420456,55.591230009347285,-14.0815888561511
0,0,117.5186840054331,16.83628097871548,-5.345631407509742
1,240,626.5568243368102,1.967309915108592,49.514823394355076
0,0,186.6061784320439,66.73980993552279,-22.51167418912712
0,0,100.70428270267016,84.7535158745627,-19.202403891759886
0,0,92.29640755581518,82.98281202910566,-20.13671752632483
1,120,325.42910237399997,36.126908969146,-11.877520477293956
0,0,156.41620314378255,5.553567418792794,6.4252429950957435
1,120,755.7027787243321,2.4019583440987735,34.243019196059535
0,0,283.5800703959569,105.01986367865344,-24.10377112672782
0,0,145.35518021375358,20.019314319708666,-7.298902299920201
0,0,89.27504192439379,12.633551358803789,-3.0586049859841893
0,0,67.26617527118583,5.387619208440178,0.4073133453287454
0,0,63.22727937168955,9.083406131738892,-2.8577566955466978
0,0,142.62998044352642,29.42507254429374,-14.060595715799408
0,0,92.36631135980561,96.44003996508737,-23.266676920637778
0,0,113.24862887151355,52.03338326053985,-18.30132631377994
1,120,222.6520213968383,10.987410196913432,-2.7402257564974377
1,120,331.48029033639307,7.3027865995996315,1.8625823520441998
0,0,215.82778226938825,7.33831566688848,4.142914006686894
1,240,312.73806760974,24.368542513624803,0.4557830348444867
0,0,208.62154064670267,172.9776150404197,-50.68240515793439
0,0,131.90153479420312,118.12336669522958,-34.376470834307824
0,0,162.85091263323383,7.901837113781261,-0.9923949086059309
0,0,80.01272271332485,7.4930152695823296,-1.0419847958952886
0,0,67.89036698564679,6.110219855521131,0.12382933328035506
0,0,92.477195014834,69.21201465900738,-15.536202652848033
0,0,91.1233692389053,71.65686427034528,-15.523928032904166
0,0,103.8159627111923,93.34047978499156,-23.25353044865313
1,360,360.66612890955355,8.92630916643559,29.15890648939181
0,0,353.1034816114509,4.188798023719928,12.633960291144788
0,0,87.21314327003311,5.551261203792435,0.8079002963336421
0,0,69.47785726490038,4.809062015853407,0.4476510330822805
0,0,65.62837556484888,6.7554140724188185,-0.9380917363445889
0,0,69.22547692919274,9.59555732761799,-3.9497064630368897
0,0,127.28724891156489,6.29609058684731,-3.427609757305703
0,0,74.25160748074764,9.589330411749284,-6.21464068224418
1,240,261.6190872533393,15.665685771911976,-9.512825248814082
1,120,339.9326368402665,5.132916690572257,5.717869804770629
0,0,295.8293616373271,6.010762923550041,8.40734841227318
0,0,261.71508099568763,15.060080300714063,-4.191087947443123
0,0,260.2223941726527,9.831806515676734,-2.6858961644772847
0,0,84.10440496866018,6.479126717775864,-0.5207335224460792
1,120,667.4559172948597,1.5336457223675852,27.922504048623367
0,0,98.22593693969118,4.516036891845683,1.8627303026935493
0,0,105.33496052572355,88.24381592787144,-21.057361577680652
0,0,147.21293346080674,17.203261106857212,-6.147730001077946
0,0,118.33672798619399,83.05086409748645,-18.13034820265483
0,0,105.85329045901778,24.233301120569088,-5.439622341457863
0,0,143.94384094564205,18.102777909509673,-4.129989613215429
1,120,415.4663128474075,22.756370531475607,-3.1592589831045927
0,0,127.65468457178416,53.7691333515872,-14.247240743899795
0,0,218.27319678277797,22.853310074777745,-8.780384991328518
0,0,195.22957472078912,6.970170022537408,0.3103633983937186
0,0,64.95979184577807,7.036371162737515,-2.344478905306829
1,240,294.50696508325257,3.2178029952815264,7.893917387432211
1,120,399.4237950956886,2.1969509015081172,18.648492359928625
1,240,899.5058938412645,1.5384163070068537,44.0809659205395
0,0,162.37934394075054,92.53676363175336,-20.992490501894665
0,0,155.72597322123818,18.16906839241572,-3.7939989725048804
0,0,214.8264455607069,52.08696000565483,-15.195266233287953
0,0,112.18294869547637,9.346884088723813,0.3034150018262807
0,0,116.19351011705582,84.24861948689643,-18.985249326183876
0,0,91.93269012274402,23.882619267875015,-5.593179263622602
0,0,79.20314110014343,19.635081122352737,-4.729242582579985
0,0,100.31522917912326,93.45649895949605,-24.444358805471595
1,120,417.846023566436,5.058173846213119,9.199687546936374
0,0,93.27579198744674,7.747812093639856,-1.5524303879905546
0,0,96.39270358691051,4.764521518360649,0.727172081308936
0,0,126.55219621419229,11.021993946177286,-2.893254283485959
1,240,653.5993543523656,3.8855431598818084,30.014758724238092
0,0,101.90817210245686,7.6824529407593865,0.02689523820062334
0,0,74.00634618970163,4.832347071396071,0.9774041849170629
0,0,67.50987785420479,5.711995048943691,0.5075604781634553
0,0,100.88105719702303,65.55804598802492,-16.15901676312076
0,0,350.5055064244046,3.0811824306060505,19.048149335423346
0,0,105.6530049795881,45.35437525073321,-13.44646842222393
0,0,151.7730103122794,9.94109701123672,-2.76994270120872
1,120,428.4627410243817,4.097729830365876,12.67955022695007
0,0,213.64010437928997,48.3325990116436,-11.666912727951456
0,0,159.48385390156298,20.877166738038447,-5.2122803168841045
1,120,797.5767727029245,2.1695285567190643,34.05281806842312
0,0,136.5983018376026,40.34537192981929,-12.244950630990303
0,0,77.0101806068408,6.3684252391780936,0.30182453234581885
0,0,64.69077017637093,5.739899302873887,0.0612673444145031
0,0,91.84176926652002,89.2258709515894,-22.588307341536037
0,0,74.55434825580134,8.706820309030997,-2.302888920985623
1,120,444.55595362916887,2.2956044259644086,18.460299133961882
1,240,785.2551120648665,2.0135840220772616,25.868959603619373
0,0,188.14594390552438,7.563659178887023,1.3103988249783782
0,0,131.80659530528396,21.76100976173327,-5.0340737597481535
0,0,114.41037080624935,84.59939880436062,-18.445895233996964
0,0,107.25787343633579,89.63883279238944,-18.97636700327142
0,0,119.08599610077312,74.93628665917976,-19.772066731255464
0,0,279.5170910404357,5.075591612839783,11.92158848245252
0,0,130.50365142738676,124.84386581865645,-32.223862861663896
0,0,110.65127716767806,108.16193293774629,-25.560482652274388
0,0,129.89237715144796,71.16144723402466,-18.618992209778767
0,0,126.99564014583878,85.62565229642435,-18.017477709059946
0,0,159.0378366846646,22.687179569206943,-5.05917781457093
0,0,282.25871675925316,131.25193620675776,-36.221880419394076
1,120,557.1222424747695,6.720978776439081,21.169296659274437
0,0,148.78717188781596,104.6956814140128,-28.661089694547663
1,240,796.9190092515757,2.2756559595080605,48.183109031697924
0,0,91.80144690686802,10.124384926154747,-2.0555682747985315
0,0,72.65425483070484,5.6649858951670415,0.3116896702860714
0,0,99.57904287591283,58.54888509395629,-14.438641328586257
0,0,74.54147049348347,7.273150089870886,0.1893027795672424
0,0,115.22221396307725,89.00464758225732,-20.713640515541826
0,0,340.61164406501626,13.421628026244196,2.5331581022965253
1,240,281.5770795689596,17.474066970632556,9.246556199068152
0,0,85.6362748774801,48.15743316090215,-14.973519913630483
1,120,153.06871044887282,6.314637771620305,-1.2278108114725086
0,0,50.42388159678282,4.817484145178727,-0.42817453942555517
1,360,95.13876548938315,1.6034627604165246,27.778685449556576
0,0,67.81511823013093,10.33858270997409,-6.488640000879215
1,120,353.19079193308136,2.1725641782050586,22.015997089668375
0,0,122.57081380687886,90.73705860247652,-22.17155149813844
0,0,110.74844986009776,34.12939377420341,-9.521015374045675
0,0,207.57356739385256,17.91342732490962,-4.491195271735776
0,0,192.81284043509677,7.062109081661504,1.9838596128929424
0,0,232.21335181975448,2.921789402882611,12.802000525090051
0,0,103.36556977575985,22.291340844594266,-9.264632750586216
1,0,524.928471499366,2.1632170360151846,23.493580224676094
0,0,286.38871489190745,2.8847512109471753,13.757381275331355
0,0,173.06158381612346,59.105639958938404,-20.815731747541577
0,0,116.17927202773255,91.6707638806029,-20.568907792820156
0,0,102.11637015063467,35.771852031215474,-8.869181800694278
0,0,121.69695107466269,97.53947867009147,-20.881316156815473
0,0,204.81353191622858,107.92377235725132,-22.727085050621568
0,0,148.60165729245332,32.71598494658334,-7.561398455568664
0,0,83.49809021826195,9.4987432250848,-0.649524562700833
0,0,113.76686811634076,89.17986758009327,-25.480240560811822
0,0,224.2003455943945,9.916667647096734,1.1685617078224624
0,0,114.29487904349014,103.9579308611136,-24.665862063347987
0,0,113.43813375942536,78.4182697187717,-18.4275493534782
1,120,1221.6822956405151,1.916712388256153,45.850487390415324
0,0,130.75061879521868,10.747686570290265,-2.6789372000063025
1,120,995.6371199056188,1.7393093600598408,36.69722456739309
1,240,1667.0956180369594,2.6462682296269797,42.472298510212156
1,120,820.1595613197143,6.484841943601446,24.66898472630035
0,0,184.65799744730617,129.47267712036808,-33.346913969227096
0,0,118.76732816369774,131.0101080630613,-33.456762042413935
0,0,108.15065604998551,109.46535457719034,-30.348884282515712
0,0,81.97571425833392,10.69503935029771,-3.516226912311552
0,0,88.09813234354769,11.13035311171169,-5.334513973001819
0,0,94.50773813171999,96.98885325620795,-23.597679510884703
0,0,104.09358278087946,112.25741701736735,-29.114880755847345
0,0,192.20012647974394,47.1491276257655,-15.957957114612782
0,0,178.9049931644987,38.89793706800882,-9.271353937227872
1,240,496.1916995428076,42.156686096159184,-16.66558393462249
1,240,648.9057273971368,3.557212325350091,27.267547659780448
0,0,212.61523401341506,30.231272244266812,-14.720228401951985
0,0,70.9862672009062,7.986160384062456,-1.4745185192551702
0,0,79.24072580169702,51.60797119780869,-15.727708916569739
1,240,346.5750229192102,4.10612488614394,18.58276000000538
0,0,149.50994763396474,52.320254567256455,-17.77278318689872
0,0,134.390332403007,125.44141871444907,-31.010012327017016
0,0,133.4014540224835,100.755252954232,-22.09603854350314
0,0,218.08318177223913,25.729722858783198,-5.798714419273281
0,0,122.64509899743256,17.691759949402552,-3.7620786199087206
0,0,93.47910419446345,26.62682650592364,-6.886452877208896
0,0,129.77229428504552,62.415117595032505,-19.812060962144443
0,0,87.3121070596766,14.783292987898461,-3.1787937527698915
0,0,104.31536142699458,92.59996412046601,-20.87159368557282
0,0,106.23675530578411,80.97623622034831,-18.302203449772477
0,0,104.04135755993015,70.97108048895096,-15.921640514150354
0,0,205.36371617356613,35.01925073519519,-12.177881431271189
0,0,260.86197458636235,4.400165268173736,11.617972614189696
0,0,173.57571940781767,26.448866665105445,-7.026694240932599
0,0,273.62365566643655,75.29159989335763,-23.217847922402193
0,0,106.15411544020553,8.57200577557034,-1.2388331348487043
0,0,81.73969752289553,25.73523322810122,-11.181534203016625
1,120,374.1591898040857,1.93931789776271,27.496395610606456
1,240,226.58767414465328,4.621846631680218,10.046314002005644
0,0,91.32843286694147,65.56849998707175,-20.02078762465956
1,0,225.59969131274167,18.11045777241441,-8.683466748104067
0,0,80.03557620701571,5.557063064969235,1.0185027617243776
1,0,326.9281827339604,2.2074312972635175,20.744466937584022
1,240,1364.1183274612454,2.2112331001368357,47.42431242282193
0,0,156.7223334002914,21.510965698896403,-7.592605474676915
1,0,330.6119936088407,2.8787864572610564,15.656042526278242
0,0,101.89837774801792,9.498891227143128,-5.461693407969065
0,0,58.12566767542204,6.614603199466911,-1.532007914429201
0,0,71.31634488073944,77.62928879485295,-22.624946263055946
1,240,218.45620610923896,7.585210173727988,9.06678559221055
0,0,87.75829998547984,24.669235768666788,-7.301295930068534
0,0,79.95325375107173,11.84335753996802,-2.1821453392648777
0,0,82.44076471724965,9.47047122213772,-1.6835305151654438
0,0,168.14902356543263,73.72004906151021,-15.499230842367083
1,240,317.63823754862324,13.63058346886335,10.468248118130305
0,0,126.92524322330888,78.30272703869889,-24.77694129729545
1,120,244.4704195971723,24.42350722926241,-8.61756530172444
0,0,112.11055662667187,65.15343723900469,-15.954068126115715
0,0,81.2463976065008,6.86751615586126,0.22606851592945532
1,120,935.843583629011,1.1994244735982542,39.08803308548234
0,0,82.11454129726508,4.785314905104254,0.3886028721383781
0,0,79.61894205343415,15.482901424972896,-4.411840884169266
0,0,119.16329668285546,83.08559043409919,-19.944180892009456
0,0,148.90941994136867,16.487512323360775,-3.5273020752053696
0,0,131.24972277350315,15.08273634750883,-4.771017505212882
0,0,157.36772921194918,59.73462343819123,-24.41483736697552
0,0,67.42270356527486,14.255958044267045,-6.368150048843063
1,360,150.23612419762702,3.088990441634464,24.89460946655136
0,0,88.08654689188496,68.107074609201,-16.71405362413823
0,0,99.18319905339727,72.61665400880052,-17.168563302877587
0,0,105.39539305293883,67.81209567753304,-16.514383654943742
0,0,265.6554041995545,4.460945381761767,12.557406398012319
0,0,156.92583832030056,89.42457634921772,-23.215031576112878
0,0,395.9971313690641,9.326013091144743,9.723697043205519
0,0,117.95220888599847,6.997762930674169,0.21719147696876462
0,0,76.75434277332775,5.15217500718649,0.6169805512575408
0,0,67.2540626928085,5.311251500019937,-0.04322808563711078
0,0,64.32614019060031,6.646929917341253,-1.5766890105313536
0,0,128.4721844217429,24.716979066799844,-13.178329006093307
0,0,105.3370350244068,73.29002005652045,-18.300517869160302
0,0,234.7148798221173,4.0998975190494455,6.584913449449488
0,0,73.66803286345649,6.695034647330164,-1.9706234662674973
0,0,67.25840440316743,7.579660998992237,-3.262776882080175
1,120,183.39511519971825,23.468529362606,-8.138226333653932
1,240,507.0574021869767,18.361048720905835,-5.589506917147801
1,240,617.0039279413276,3.5655936187416346,15.873942129052736
0,0,109.60732821555229,7.353089701625669,-1.6187809702699951
0,0,90.81085678152941,45.19499508294472,-12.069903877008215
0,0,69.61659928339368,22.082307791139648,-5.831247710273871
0,0,85.82481053240056,93.3923166034696,-27.2671145282751
1,240,428.78658954013605,5.691864512882051,13.706824424869481
1,240,410.36894083697354,8.449523242884448,10.199612010534025
0,0,132.47550210201857,80.70410014295116,-18.298108387156674
0,0,194.489443469263,111.32363232350234,-24.32214100120916
0,0,248.37625851145205,24.218215740038463,-8.168117648773375
0,0,106.31378382246538,30.57970518763555,-9.648992685729027
1,240,757.0635138278424,1.699973639220457,43.655438717216455
1,120,378.4598182874518,5.139665674677203,3.3314469666441084
0,0,86.01816968016102,5.121837743809622,-0.24774343859765224
0,0,73.2567663335171,10.258712135764808,-4.1358970712857115
1,120,278.71180012535046,2.2867500223345796,11.323508550379202
0,0,77.02105755485489,6.03516340923962,-0.8370678626008186
0,0,94.33982843501904,21.157969960363577,-5.772865327252006
0,0,125.28609452602491,8.329760699246133,0.16435724329733148
0,0,145.97081887216802,8.257415668722235,1.139272763203934
1,240,953.5133245445999,1.3153219299465413,45.50347971028033
0,0,90.7760097380742,6.091813453193863,-0.26596250427412826
0,0,68.54082434737055,5.660636981026273,-0.8628746830079734
0,0,141.35377832734386,23.727195447792088,-13.011414253873426
0,0,81.03433396241597,10.007632960971215,-1.5934338536661414
0,0,107.64673424689023,86.35549737352501,-19.898400733940733
0,0,80.71979801861953,6.3238278872360985,0.6954842225903093
0,0,258.91877013125276,2.6877828069881766,14.019940838400956
1,120,859.559891327438,2.7019959680713943,30.42035486151366
0,0,166.04649080981457,98.95615437241368,-20.713952268695806
0,0,106.43688208039649,38.69944825875855,-10.343911601750364
1,120,400.5382203227529,3.30310565113468,25.735307327743286
0,0,120.09947372797774,94.80471829513178,-21.748275258266148
0,0,108.01342172725653,85.36461998320814,-18.660672021279936
0,0,101.936126822418,36.0459301844024,-10.950609659148014
0,0,75.0533955537939,8.795824595632624,-1.2784891928249067
1,120,409.34339030759594,1.959457458340101,30.423546368378098
0,0,127.66191697702959,82.15575486832715,-19.781054733203163
1,120,496.81228072267504,23.225497348508238,0.19606623782300403
0,0,188.05861091177712,75.33313432465349,-17.576093366498185
0,0,88.81161252182618,6.909689522872335,0.9225461977206635
0,0,83.01927211644565,11.991554527836946,-2.6942289564064623
0,0,92.20413770864414,24.75601731703876,-7.232018038512777
0,0,74.0444240097947,5.193987393567495,0.7599537180423681
0,0,66.96028873993211,6.9283878682841715,-0.8620239667742453
0,0,91.59852012583619,68.9866183535917,-16.383489601887575
0,0,106.1095647307784,5.2500034652901775,3.000333413410175
1,120,351.4773467091853,7.789869946849308,2.6445438054462045
0,0,212.07040037563212,66.58054528153592,-15.938765801812039
0,0,199.76200292587686,77.45364283987351,-18.46183691646388
0,0,163.13333919167343,8.605938857248491,1.5420314183831465
1,120,402.954886592095,3.923026937282487,15.883294723672051
0,0,122.21496359832233,106.55690476226617,-26.949760385430245
0,0,69.04384493382473,10.499775902977111,-4.199373183806443
1,240,300.4732232962746,6.378774102616411,1.7821394704146627
0,0,77.94621028320415,7.324689550554914,-2.1469489365760666
0,0,71.9779682599659,5.939025694162023,-2.020461699289683
0,0,212.41875744960052,7.809205874299006,-3.8977757851168207
0,0,149.30379007629503,8.287174911865204,-0.2762292225483094
1,120,468.7464220451843,3.9819331101746673,28.584868537837053
0,0,82.25591328130217,12.334008729520152,-3.960179255429807
1,240,386.38859759906023,1.530519066078945,32.880256332847
1,120,244.9290311749291,1.7163721995994075,21.610591174656236
1,360,236.02637108803182,1.3516471851375886,36.60616094272129
0,0,101.55848870965818,12.883273246428319,-8.511764735587533
0,0,87.92776839020782,87.14857903740133,-21.63412604834477
0,0,131.59173165477966,73.83542569049317,-22.708644058971075
1,240,533.7928157089442,4.588496984945416,19.393096274371032
0,0,518.1093789424197,4.999714838076438,19.7748829250056
1,240,1184.074967314387,2.7828418668205464,37.66728413563011
0,0,100.07369178325457,4.788058809118573,2.5324500527603817
0,0,68.6024755008615,8.692298058283281,-1.6143530186931656
0,0,86.76750581109042,88.88687404189068,-21.70658487886145
0,0,85.82771823137462,99.56107127305972,-24.94795111213113
1,240,332.20205717334613,30.316629724053158,-7.418795165407218
0,0,98.9356195384129,32.067577099626455,-9.189616487416572
0,0,76.00512000298215,6.57764555133456,-0.1615199137401362
0,0,137.73548986989076,51.176667931194785,-16.934066807617654
0,0,162.75666464387578,16.377061275075114,-3.8978286246344425
0,0,163.1316954632086,8.365506806138812,-0.8309596143635787
0,0,70.69213616219089,6.6814270312538895,-1.4046858127643702
1,240,293.32180285190697,2.577824497262563,20.753217161702423
0,0,112.80618251300437,72.17212080209457,-18.150305688461103
0,0,77.8659283177683,6.182250381671081,0.32484671017424205
0,0,74.20213692198426,8.03337845537876,-1.3016540373509145
0,0,75.84169938539905,10.277534568268232,-2.0959957897320294
0,0,71.80246340415142,5.74765136190464,0.11898394951430191
0,0,115.18223168517662,70.18015026962985,-18.312676242165395
0,0,167.84103419534972,17.143591008706647,-4.064003623607604
0,0,227.96602548288362,9.141563721049465,4.396078703523102
1,240,1100.4995595099551,1.7040934434675774,51.362399399663886
0,0,144.63015992804586,82.13785022907568,-19.91759733069324
0,0,78.37356834801167,9.49696810283643,-1.8785611747126154
0,0,85.93572252757488,36.13097000123429,-13.468734994950339
1,120,531.0854929027798,2.0412640167910268,29.01124117344206
1,240,461.30670296413706,3.487269395306415,16.077226321252667
0,0,140.2398405507898,75.26300300784348,-22.99478061480415
0,0,95.26008398614884,12.064451858724851,-2.9914776627956883
0,0,142.70788183670282,11.937568069706831,-2.8669137839507925
0,0,173.16587555320478,47.61324764145907,-12.65348464544573
0,0,103.87340251899568,26.55440115720955,-8.38683098011927
0,0,209.51541152195674,45.87377223030939,-18.05243104996768
0,0,96.49607710326319,7.460792333639134,-0.7313835434026714
0,0,72.73394732110503,28.51464329719427,-10.78128542492452
1,240,470.8877581286317,1.7488893347561103,38.03136954786092
1,240,556.5511318536653,1.7308232694791303,36.4083826282577
0,0,109.65270645724105,30.37742969157584,-10.539343841631478
0,0,96.1713897191889,8.968447337835233,-1.896663993450332
0,0,182.74798497112857,88.33228506068899,-20.935614045125064
0,0,145.40555765718722,9.52492605263535,-2.6866834732898752
1,120,166.42012729396683,2.940782624346636,7.203357731614787
0,0,116.35383599070163,3.49085393296301,3.286026117295208
0,0,90.87225287370686,28.63743988302832,-9.95582119666335
0,0,123.89933183247776,3.9371489507566118,3.8848880742293517
0,0,87.05469351404895,9.94549195040782,-6.117859821765563
0,0,87.04536393800352,8.296499041539912,-4.885087455857814
0,0,74.52036842081206,26.155535610013736,-10.798981379376528
1,240,262.0716000316885,3.160213499237526,18.997212040434604
0,0,139.08633993049511,10.460393818688052,-1.3961046751023645
0,0,209.72025409685452,128.0694732151601,-29.174562991002738
0,0,134.40958103013352,76.7116832528277,-18.039744281786355
0,0,108.35289133145628,94.08353675315279,-22.240649735334273
0,0,77.85288618260392,20.40242847711138,-7.095401465698032
1,240,319.6728559784963,3.9744919457115624,9.541210485142088
0,0,146.71075741070172,5.500525827461888,-0.8842112802242212
0,0,92.49252703379078,15.017205728829076,-6.678244041966494
0,0,88.71421310823892,8.860045757076797,-3.0985727971143717
0,0,86.07816010109956,11.857961913809076,-2.638488549265759
0,0,157.42955607434502,42.95660112336274,-11.011824240314482
0,0,142.05577507848503,10.83289604801828,-0.22668689082482274
0,0,103.38606536930801,72.74319215886526,-15.828690518699418
0,0,103.14326967095931,90.59634835287524,-21.404918788798923
1,240,922.4780987354695,2.803190119324697,40.70719442400963
0,0,127.42172857210792,76.51819763511018,-19.428609866704747
1,120,443.91324446334676,4.7020123075545825,11.440643193046284
0,0,108.91798250556143,6.008847470081731,1.2653108645905178
0,0,106.00561307544842,92.70724756372282,-24.60517587735776
1,120,816.3052107825893,2.7152999091926233,35.119753608270486
1,240,720.5721524327182,6.098983430958628,19.776288456174385
0,0,161.34050755095342,14.723046223191357,-3.571222282253771
0,0,133.92172242176045,19.23604410935764,-7.0463135538260815
0,0,113.11205204017051,47.968235993069875,-12.637373876522418
0,0,83.61731721225684,8.583184443232032,-0.4174164136374685
0,0,93.67055888441634,27.4786415232155,-7.04993834473504
0,0,74.49640399340012,5.3483454183401395,0.722944919899092
0,0,81.10741753078155,5.566362828451412,-0.9106468908911012
0,0,111.54585087855159,41.17212947667485,-13.858442289276624
0,0,114.46499927157488,52.781844108733225,-11.870809858555802
0,0,177.54818033718732,72.90003824263066,-14.31158342450955
0,0,170.52956181672272,50.846908515819564,-12.130035248063393
0,0,90.9835219547201,8.542050700435558,-0.4968500604803978
1,120,617.599343071595,1.6246463446599464,27.550239079064482
0,0,74.90818631399571,5.820532448664192,-0.03973539352222133
0,0,80.72241098007575,84.61095740413546,-20.19107882205556
0,0,87.75550564708956,27.94850474073348,-11.686801522384826
1,240,368.6485277772918,2.0966986840864035,40.83043731491395
1,0,173.41261619986918,16.27035901063273,-8.59675181573266
1,120,434.99203858494246,2.7507227128084955,21.408786488949758
1,240,569.6233755890744,5.806666280211629,15.477275870255482
1,360,353.88449068948955,14.995650672956023,9.560940761022579
1,360,255.27107593836607,19.968616395118488,-11.435174455511444
1,240,261.0860884605034,10.20761442512683,-6.801439377304959
1,120,468.41754031951,2.322445591939049,18.85101566307476
0,0,73.34727909163949,5.495096227559848,-1.212857227985154
1,120,204.45383878388176,9.3406282944047,-5.603615068353179
0,0,170.4394401526144,14.10276508447795,-6.9855956641252845
1,240,539.9254419147277,4.888066236550521,9.90144918048992
0,0,275.71461430645024,4.176005772641823,12.671656003017176
0,0,232.8989339583637,99.37174415220063,-23.214487329081358
1,240,411.58788452228674,5.4334998465220705,11.592641349441138
1,240,329.5183133686088,4.187426297325662,7.333194994318475
0,0,107.52402141494399,3.878477866499764,3.9903451835017023
1,120,552.7477935792431,1.4019279514871412,28.655758034680318
1,240,533.2427448121904,3.2893351425490858,6.599539427927596
1,0,426.0667063812884,2.044155697250781,17.516543077597674
0,0,84.28736328285845,8.805928443468282,-3.6275544919918445
0,0,148.33964697515324,5.989607653724789,-1.4898631151729376
0,0,120.26825630117382,59.77002841838849,-14.00499797535629
0,0,171.508158392297,41.813433224831954,-9.10293325875574
0,0,204.66840769686823,102.52698920429103,-20.81267233947119
0,0,135.66705597787495,106.20253729733909,-22.766096466482765
0,0,125.94979807196381,58.20674043316337,-15.218600164270342
0,0,90.563186578078,6.91554643359522,0.10215456315131632
0,0,73.00911880218246,5.416406060010895,0.08004122502602229
0,0,71.58030500008061,5.5681081697978,-0.46386234962824346
0,0,79.91612815988245,13.73858616602556,-3.6394116797464875
0,0,109.60393873409714,95.17179949784993,-20.66328973919869
0,0,125.3035293838109,77.27702945680548,-15.868515663132015
0,0,158.32254273704555,13.14727282042369,-1.6394148019018502
1,240,400.4116192227829,22.112227670662996,-6.444862460528412
1,240,444.83241742090144,4.713407112368529,20.500052464866215
0,0,122.18713357500333,65.0653074279794,-18.23545128715911
0,0,109.96402862848721,7.088638450616921,-1.1075375014586086
0,0,94.84678830175973,14.367147297941196,-9.28308959409199
0,0,275.98847080475576,81.38813677809596,-37.40499420663955
0,0,94.4874182470767,13.907723640244845,-6.29866608316857
0,0,81.15298848546274,5.881354977476256,0.3604129894864059
0,0,127.46248170197829,70.7185456597666,-18.276074308307813
1,120,851.4722938379481,5.094196103287802,30.450272596391912
0,0,169.0317510953007,86.64091031849614,-19.96189798226851
0,0,130.99722340918254,7.185000876136738,0.49939148873890815
0,0,77.56674139701622,6.0517513716429105,-0.22869479249449398
0,0,86.61539857976896,49.81976701140587,-13.682941115442972
1,240,726.5244899660515,1.6722852968296211,57.71571731964055
0,0,102.82165435870556,32.27768587535868,-9.873254166425355
0,0,74.61947957921447,6.449929250738442,-0.17618816383233593
0,0,115.85635306876529,70.9800905654775,-20.829459454220085
0,0,199.46776419460696,4.906590860034137,6.391467975431013
0,0,190.33754407182158,7.2156946078857995,2.4013869132478334
1,240,1019.7438375223345,2.9823646599630775,43.86713496062198
0,0,100.78516547920009,7.405170182029014,0.9613832431737137
0,0,80.21267377903236,17.136661985512454,-4.173487104122842
0,0,61.833352289247244,7.360674807115014,-1.8162845192419326
0,0,88.9015811491464,11.286914923230912,-8.243334702109976
1,120,241.50857960829595,9.99016330337898,-5.22649414712474
0,0,61.241156599559325,7.147540111251226,-2.016577994744381
0,0,50.52481786058414,5.233549516945801,-2.1561641484495624
1,240,170.6413466883922,3.3990901750573914,6.684103791931733
1,240,391.6967749510991,9.562893092854534,1.1335238236865308
0,0,139.621764639824,19.367063833944687,-4.959596459658272
0,0,84.76697490876124,12.70034450723721,-2.0977447777653566
0,0,104.4788273888112,96.36190209790242,-24.490276346286137
0,0,88.46432103734534,44.40441862464108,-10.658644904521111
0,0,92.51471736806651,70.25156667748288,-18.324554565727084
1,240,539.0603646277548,2.7941940307975655,39.161215817390456
0,0,128.378899997347,89.14342297568142,-22.64262636565266
0,0,209.7191658352502,6.2559283331715125,6.58421596781686
0,0,151.17070285851796,100.32835004149865,-25.51139474040245
0,0,368.167448131829,87.39109304429495,-21.383856957074315
1,120,370.90234023196973,12.20111551546304,1.3218755682061385
0,0,76.30752069628451,6.935605675982421,-1.8860960899256867
1,240,221.51451595491557,3.0988009927081905,7.650919013786691
1,0,256.9071412277711,10.45919716789937,-6.397069116838239
0,0,88.74474111345197,12.166889137022958,-3.4393401302180564
0,0,103.66241580045678,66.05975130692137,-15.574860043941158
0,0,73.34841269747733,8.044456950915606,-0.11883615140412473
0,0,95.55600045405875,62.69422059859,-15.502950744407755
0,0,116.05033569973656,41.66797968975156,-11.073250179551437
1,240,1067.1262943323954,3.99057543768433,46.40198400375205
1,360,509.9086929345468,3.5847346166510947,44.991929772266744
0,0,171.68362923993635,19.004466010652003,-9.209050861998378
0,0,81.52579176932419,13.350383986642012,-2.9713299547259737
0,0,97.7914144859885,89.00480641373454,-21.273586167746487
0,0,112.06567717155177,20.514420912687434,-7.711013549718714
1,0,454.1594995334862,2.318118111023191,24.13090935043992
1,120,997.0280089244156,1.485934912491237,34.200673606636315
1,240,1140.0122525283257,1.3916427108848726,40.7148138824509
0,0,104.10109858758435,6.944749315342093,-0.6389091036103451
0,0,195.05524881504599,115.127133610685,-27.245672252023617
1,240,836.5072457629799,5.463004147095052,16.835547374470053
1,120,1005.7401778863222,2.4610928372394736,28.13775110761317
0,0,134.60403977555669,12.626717995476564,-4.57825366097174
0,0,108.95695587426638,55.792177096688334,-14.610734353533218
0,0,96.51372734615838,21.047975552574957,-7.457674482474346
0,0,92.65149824846036,4.9461037998015955,1.1153523135759116
0,0,171.08146915493379,3.0174614529474177,7.053864168355261
1,240,515.5342345769475,1.9887634451794378,16.547656546651893
0,0,92.60961151275215,7.031233957145832,-1.7346738842729224
0,0,135.07152748702376,19.84846940710915,-5.669326292469378
0,0,172.61879737586293,102.25638368476538,-20.48739226898286
0,0,115.61033792983712,96.34614890320616,-20.55097406053885
0,0,70.43489265743891,8.398284749800741,-0.8892046146396098
1,120,327.59206765683336,2.0789443030221992,19.09442618495774
1,240,432.47003766114824,3.686714352000587,10.315552480102824
0,0,137.72565017121832,60.968018445208,-19.697372789143316
0,0,77.04223897993494,6.500598296878213,0.1285743219629154
0,0,92.13531083019964,28.805174947499783,-8.196450198122932
0,0,183.59814400527551,4.291495659297472,7.095195239040123
1,0,547.4178509951178,3.7056859146268084,20.76965025168323
1,120,745.2295304212234,3.989456397731113,23.388989683492767
1,120,929.1318208727915,2.2581502038528174,38.43802247548895
0,0,163.6796805252207,105.95761193983661,-26.41034288582219
0,0,119.60470012399382,95.66637905910879,-21.06022547953583
0,0,101.20343202518812,53.58748428872969,-11.27493861831914
0,0,96.6561875917998,75.86750839057126,-17.252319222262102
0,0,94.98624449193089,60.01519202310681,-15.142410863809474
1,240,969.8951985399348,1.9008980524656813,43.095773114455184
1,240,753.271194202164,2.9137909745718353,26.636918584851244
0,0,260.2657432598917,37.673642382676114,-11.548504652909656
0,0,174.44881128806412,9.43840802012333,-0.6669668874682486
1,120,342.9500008430803,3.7019711983304946,11.785938872810277
1,240,784.3524897525442,1.4865286128212554,36.51093356406078
1,240,804.4818832708461,1.3636361415073406,36.06242117057165
1,120,309.2649487158808,2.5772092509011872,12.176042463518726
1,120,333.3551837037143,26.189410032339502,-21.34418504724283
0,0,72.48134593225902,6.820140155519302,-2.479658243242227
0,0,60.23318829672661,5.816868495268982,-1.5247213449489578
0,0,133.50206154059185,46.17488422288226,-18.12470494217267
1,240,558.8125848116903,9.639918237247288,10.716604418862815
1,240,1110.1985096815852,2.7430058493891747,43.49043147158277
1,240,1218.656928380486,1.4006478239277556,43.63601491053818
1,120,577.1830301677651,1.6515466212127605,31.11814296334194
0,0,77.0497151104355,22.23276090794651,-10.447529895809424
1,240,225.4764683581684,2.107898333747218,28.267260765307597
1,0,127.33962150127313,13.515894507980668,-8.979970417294822
1,240,248.4842684756815,3.098078805835157,20.07967183055966
0,0,110.76970496955727,53.44636613101643,-16.088930426945367
1,120,738.9505783738914,2.359033460538472,31.66345735311674
0,0,190.29188242867335,8.685082055488182,1.079157244004037
1,120,1178.6740156605795,3.0167169303978985,36.68128816887794
0,0,138.109455099736,9.606809996308847,-2.814602661503841
0,0,129.6440041123771,6.843957657491319,-2.602858862532443
0,0,79.78390437495672,5.873896215207435,-0.22781237255018993
1,120,709.9376146910016,1.2766170227582045,33.3644036970212
0,0,78.05382915341956,5.523229704190139,-0.5709521999951619
0,0,69.3678691584839,10.96240958092636,-2.8044099185543274
0,0,92.37047169323048,70.73495583920959,-17.54662476751973
0,0,193.40190737267224,4.0958707801210155,11.842836465386924
1,240,372.454473345141,6.6827170857806015,10.83960424798606
1,360,324.61070697542937,4.622166550763618,29.80611660495117
1,360,357.10059846779353,1.9747824397639342,38.39869930647379
0,0,86.81854641393919,18.808756752253267,-6.606271335011954
0,0,102.22528699953439,93.59434302289456,-24.246263453902266
0,0,95.27041113533157,29.94029478288316,-8.736850512758778
0,0,83.92610577445542,5.552577880640615,-0.23782546113977787
0,0,70.99693443184027,4.740110654477954,-0.6777725688221921
0,0,126.17620182989734,3.250254928311923,6.151185552991336
0,0,183.35253696444897,48.64918624382757,-21.58822964333727
1,120,940.0423689639056,4.675516329307446,28.341743349349244
0,0,215.96485788729993,41.65856170511303,-15.98633193557643
0,0,147.18569291252342,6.137976107392999,1.5438226780305655
0,0,84.86546825198202,11.77647775618338,-2.9440013562112597
0,0,100.70456610412961,90.37349335109525,-21.297628148265034
0,0,62.943333781427235,7.802559318447843,-1.1511142516424542
0,0,70.17738275531505,45.18542548644157,-14.77413527783115
1,240,238.68313507382854,15.362835657605322,2.8941154150840447
0,0,134.3376650757809,126.07192192215449,-34.509261826046654
0,0,121.41250669783173,59.77282601827153,-13.832783419518805
0,0,151.40891878928176,21.728434869675755,-4.620356188613883
1,240,665.0257384439305,4.263694736072633,42.13871206755347
0,0,126.85395075216708,49.62455590627663,-11.59320688481887
0,0,76.5435487677813,8.151450707216771,0.010567827255059115
0,0,97.98503436309167,40.313887199264585,-12.20054958433154
1,120,923.3779097053139,1.8500398299144638,33.22337502448491
0,0,92.80005729350937,5.4133891643950856,-0.16375502533560393
0,0,76.42780194370859,4.780055868549923,-0.8376121096323317
0,0,67.15334181411636,5.435730706815903,-1.1364512855020195
0,0,73.7336516373799,6.9469242236382645,-2.388911655676168
1,120,384.53107107317464,15.885979616121626,-2.956598297212622
0,0,121.98086265674986,18.89477121678634,-4.661211703640134
0,0,108.76709956854485,5.789106828687663,2.9100201098886203
0,0,98.86403232975326,111.383771696472,-30.555418105049462
1,120,314.49293479095076,33.989369387799265,-10.053759242577925
0,0,100.02817750886527,59.68102503423844,-14.407339198346278
0,0,64.0523290365283,6.119612120289764,-0.6558388850568093
1,240,361.62144122121856,1.7457378610491527,22.096207477420364
0,0,78.12156777025972,5.154998326939425,0.1297526432059044
0,0,115.08801770399369,96.34333325429162,-21.800755467169495
0,0,182.5365788184297,62.65093180143201,-13.786443162563273
0,0,191.71163305210166,8.727141713600785,1.0570703256375396
1,0,289.955968414541,2.7225851751461163,17.39313110023697
1,240,517.6260547573979,1.820282278868199,39.69906926727687
0,0,129.61623076935,99.8988119701658,-29.312643218455648
1,120,409.5806766815727,7.689018275968785,8.10199940783231
0,0,121.9096608740751,84.82829662188799,-19.96879353931834
0,0,80.73308954706822,8.206248469312968,-0.28762670649963695
0,0,106.81216229301361,75.27076409138999,-17.6375510094457
0,0,125.86903999207605,96.73510553210656,-20.776577664982796
0,0,157.87822592890393,12.602539512874477,-1.1809263074854641
0,0,163.91836123437804,20.9762288474454,-7.858562618729707
1,0,300.1627740015236,6.585544258746278,2.543292721776652
0,0,71.11980596860381,5.814077212546966,-0.21655755529644694
1,120,430.52540486268293,1.5888702312523928,27.259283559224173
1,240,334.1188712845508,14.810338559154879,-5.536508880971738
0,0,110.96974105570261,69.99180501608454,-18.816379511811945
0,0,103.6481323669,63.96584706413749,-16.161199035198607
0,0,112.87523044458725,123.78512406988642,-31.238664771627832
0,0,182.0074569575592,60.32772183300879,-18.623198235381565
0,0,259.52726707288883,138.11423574128872,-33.907076263454016
1,120,224.08192912857368,5.969009196521422,11.569053788774141
1,360,298.94655097022115,1.552736070182389,48.18794913151221
1,240,627.4339631898978,1.151380320671326,43.03936164544068
1,240,478.8906525899181,2.1939270118925998,15.28588056952077
1,240,1178.1989894702906,1.272441492126317,44.70301385780668
0,0,135.64915634169543,56.14836029418468,-15.177084155273803
0,0,81.4936597118506,5.308300032143328,0.7809204386352491
0,0,74.03727662498711,5.450226786467939,-0.6293081632582016
0,0,76.49357942244929,5.423665380481602,-0.14773936754401973
0,0,131.1300026609688,17.18461465241095,-5.10059871243574
0,0,168.15210697331156,53.028632126286865,-12.97287839367084
0,0,142.66214084114597,41.31204917869626,-13.156485149507887
0,0,97.3527543709777,15.89750211783346,-4.1531808775002474
0,0,89.32988010679934,12.93941475891995,-3.5863079645351803
0,0,113.34013353474404,89.43713847514415,-21.362224458559382
0,0,81.99561470881721,8.78544279271181,-0.5272856226313536
0,0,77.00938708275432,9.549610810571108,-1.5014296855806606
0,0,91.01719571613316,24.843854733753687,-6.0779976896706245
0,0,84.4518041456956,8.205020232719153,-0.7887778274449886
0,0,191.79112149345104,71.85435677305657,-17.963327771399705
0,0,136.5981544688437,11.258669993831086,-2.518474152888217
0,0,80.60252082666574,10.259944884616498,-2.4175506742279254
0,0,106.90838275652953,46.058666509031234,-16.461005174240796
0,0,87.65719934883204,65.29037885082803,-16.27936404845933
1,0,188.64645355504774,31.18439467048466,-11.707921477578807
1,120,792.5169910620732,2.029667739662923,34.492400583433934
0,0,83.97935690868798,5.029204699424216,1.2567772824943688
0,0,260.68701386135,2.281014265735662,13.781106218744156
1,120,432.14768550509984,2.432256802057909,15.414756153003722
1,240,977.6674722295709,3.4587562121758695,24.032004341352845
1,240,510.1277055824176,6.347354799800909,10.203374184188803
0,0,84.59794294228082,5.049651093537167,1.308961590099031
1,120,294.84432618059395,1.4131172229548412,26.737831495608006
1,360,140.4845860511796,1.6236801574422748,25.454814032392377
0,0,60.617214278382676,3.9929624221006677,-0.6825281254082824
0,0,207.56792203678012,1.864589041402987,17.366404872223157
0,0,94.63889065912896,36.89256332474961,-11.957752000852992
0,0,116.34573070896106,4.554736271518122,5.288960872319706
1,240,925.6146500560739,1.6854058146681956,42.397456617450686
0,0,239.42542017644655,72.19691295176777,-15.684993450523166
0,0,179.47162604254333,51.471253393975985,-13.85985310439716
0,0,116.492011206276,35.08974303263526,-9.636585966991106
0,0,86.78496900902235,13.497498032620728,-2.7171771589102036
0,0,105.7218828702953,83.08553989681097,-20.597108243375644
0,0,105.80955594579389,27.051738610482154,-9.398739446313854
0,0,100.04140668899288,77.19370068816012,-19.244030863743433
0,0,106.58822979580658,42.38708559310765,-14.11703888852449
1,120,529.8959776250169,3.964324926265642,15.19433082128684
0,0,105.21439020881083,11.292922543366851,-2.813408488405557
0,0,178.15192747036284,75.00607143458488,-16.25448191961057
0,0,183.39553463387824,12.581967226766789,-3.5182400979330026
0,0,101.18226760419564,10.76780672815879,-3.8757047186056184
0,0,71.88916724665866,5.693876528668904,-0.3217451830289235
0,0,142.1176812932895,26.480600472294896,-13.422241503393693
0,0,111.8986630234627,71.93954098214049,-18.294716090125277
0,0,146.81562728676036,4.331700328197303,6.632891731451338
0,0,79.38649050835576,22.44469444076374,-6.496513089005077
0,0,98.47504682255665,92.75369133158762,-22.733415224832825
1,120,812.6668801739232,2.759046023686334,35.07100386931134
1,240,960.4746619620784,4.46378404319148,34.82286949455286
0,0,160.7720268953931,66.90095890839862,-14.067443717283368
0,0,87.9874640736285,8.987887047216077,0.00702757957429867
0,0,106.27025335829231,53.54168667619271,-16.019266806910963
0,0,104.31657438524108,98.90451970308847,-24.764037887091867
1,120,745.8378686580422,3.3577897043324048,30.510403967447104
0,0,110.88434652793809,76.94607519554472,-19.413587591844475
1,120,617.9557034027786,5.10254739016447,17.588499932696934
1,120,644.2391709493158,8.194999410428412,9.06766272820309
0,0,144.50293534486502,58.01014316241466,-15.141174419097084
0,0,384.9404388133357,75.06026184677098,-19.630789712986342
0,0,127.76977957250011,16.26714628302511,-3.414251927250561
0,0,109.06140631616502,69.86921599411278,-17.63933698514137
0,0,102.93441413139557,72.00992498539152,-17.07367409712988
0,0,233.53633784886472,3.966400564888544,15.519653163389279
0,0,101.83805858138642,94.74213869310285,-25.816009275548353
1,240,448.25001230082324,7.068302155596142,10.52421573519679
1,120,821.2092803255547,1.9790505844887238,34.20634857082905
1,240,628.7458172096804,2.7000065135739213,17.364650600238065
1,120,674.7944280467045,2.1421204255423203,23.518076625046206
0,0,193.93681062331572,9.722666729529804,-1.4086012210202483
1,240,315.25922966521426,6.125605301200501,14.41648028235592
1,360,243.68696193052392,2.4191353817677594,23.30147687440524
1,240,240.47051407046857,2.015496768190845,15.828954563748354
1,360,153.99156762540045,2.1375037088966193,19.035679209264273
0,0,67.49892722181126,10.345088483379527,-4.3630066019819225
1,120,780.4225957223855,1.3700236937564287,34.35298880013691
0,0,80.77401271781426,5.9914685088728,-1.009351109811206
1,0,288.08019083466615,3.202163058257957,9.940666670469838
0,0,141.48639887431284,86.85128261008832,-20.437659714995917
0,0,415.2700630047606,6.750311159986992,14.10001384340714
0,0,164.03885219888213,55.5892518354945,-11.596583329995
0,0,86.74826852002226,9.086001582469095,0.4225364103559883
0,0,81.09513491152855,14.58561548261427,-2.2720359266454437
0,0,99.23168337508172,64.25188089579234,-14.906709627547727
0,0,120.23872586909808,4.367920673392736,4.24977664712803
0,0,60.3838048363713,9.398286827994202,-4.63543130299179
1,240,243.56673169536256,3.4017776758482623,11.935178806385196
0,0,108.68629614442357,59.27623940470947,-18.000859680767448
1,120,508.88033106269137,3.8234314789946064,24.61426412184977
0,0,289.1102077710449,105.3926122772637,-25.094189761105056
0,0,192.55061473268748,36.9853497859028,-12.436921882467104
0,0,89.48479868059863,7.101086416419097,-0.19328703173519557
0,0,73.41700151869588,7.899288590532967,-1.420199495138533
0,0,85.81404694497026,4.34920337649782,0.11742518374441602
0,0,63.97120820277243,4.819995216686651,-1.6402972218461542
1,120,237.82628776523836,4.922054367774759,3.833158186476254
0,0,102.40920321066564,68.32657249112135,-17.11736181030072
0,0,108.48126085653334,37.59096698897119,-12.252591225238618
1,0,571.8787070755749,2.748640757024567,24.496548244488835
0,0,193.3961033107825,22.35227076514378,-6.652542900594582
0,0,126.38803875281461,13.791427413106776,-4.876992441757935
1,120,283.6303571509235,7.377958559682765,-0.13135383312906868
0,0,85.61763272947681,7.443445860686908,-2.2265146822130646
0,0,70.82967655849609,9.527122619769326,-5.373763166692328
1,120,258.37513811565793,21.633006030310458,-12.782502895626266
0,0,91.4817077122759,9.008287867524482,-4.245000107274066
0,0,58.29468263781488,6.80430438650392,-2.595049181827733
0,0,144.36486215381603,35.961760330888985,-17.347948181256555
0,0,99.15416740789018,42.73185458308117,-12.874998471225652
1,240,480.70238143995493,7.08201400482935,18.044927685926012
0,0,136.0824318289765,6.839731476764775,0.9578482794447183
0,0,79.05265492517009,8.316796982368745,-0.9256533138960776
0,0,85.14448265684972,4.782869712561318,2.0542841219811265
0,0,96.32993583166927,78.98225863558041,-23.311680337797448
1,120,491.01619941802966,2.994729374607443,21.98038325479034
1,120,284.6975110145499,17.70861052521422,-10.394220106479395
0,0,80.06522566770442,6.512935712362429,-0.5140017679008935
0,0,87.6188891395422,22.845671724645467,-6.918288686576872
0,0,103.26605051925583,8.868295969377046,-2.8399075064935886
0,0,182.02857603431818,27.03066095149237,-9.661970071257286
1,120,470.98697131155944,9.671101548975884,3.670993706890698
0,0,99.37668289779991,10.243463411499079,-2.2547415525273777
0,0,119.00991981299563,68.77376251526464,-18.983801523401
1,120,875.8924307967101,2.135725428067737,32.47639333174946
0,0,91.49678466991918,6.606940483142101,0.3206671043302407
0,0,112.59271319768061,95.78231881787467,-24.24355807059996
0,0,87.79902477520427,14.98837962061484,-3.140965942103449
0,0,102.94025220146044,29.4313120944845,-9.88106913108183
0,0,119.4718982000908,11.44752693741952,-4.060109351158772
0,0,136.5307389296673,8.175913462065036,0.18224870396454662
0,0,155.12024227784644,44.38799039616659,-12.143842214018335
0,0,121.78308244622181,69.67393269285752,-19.32633898034507
1,120,523.376293041961,3.9826537177574446,15.192851314793401
0,0,83.11272091368804,5.547451504467833,1.2316520918645466
0,0,92.69924005832101,36.0325269736079,-9.5905785989966
0,0,72.43072476357024,8.147505188930106,-0.0013633358242657323
0,0,107.26349612129147,80.5608919073898,-19.128639925157927
1,120,1120.6807361429296,1.9434254061071186,40.71484558616147
0,0,108.43726561396674,11.266130561003058,-1.8351746467922254
0,0,177.0039021662649,75.50433299827047,-15.61084903939431
1,240,829.8716613190633,3.1262434170447913,42.18421746013057
1,120,487.8102260759159,5.597943670098871,6.3582213509425
0,0,89.24518841465427,7.5546233824905835,-0.8725654505400655
0,0,108.81525514453631,62.72122194971924,-17.69936796111307
0,0,90.07932393028331,23.116519101193266,-4.88540977691531
0,0,99.70152898669151,65.20905713448587,-14.04722731784075
0,0,96.96655753414217,38.496559095627724,-9.523224065882317
1,120,1016.8988496232228,2.097361760381263,43.08923158217344
0,0,155.3869910675487,87.3505910176011,-18.331212344947602
0,0,201.9260791424313,105.21537800751194,-21.347413541769598
0,0,169.9138438058996,44.20742788500559,-9.480476896125168
0,0,108.00107675968245,23.32588425682755,-5.675117503600887
0,0,120.01378446269536,4.218716098340127,4.729210726330251
1,120,357.7586113124265,2.0540443103857604,13.517236235637498
0,0,78.54381894076776,5.661148671069397,-0.6179793706797909
0,0,75.4103170198672,9.190169762888386,-1.4576204415192677
0,0,90.4015003774268,24.708681927017686,-6.543730481953148
0,0,91.55701314808366,6.961174385236064,-0.11032898906680089
0,0,117.88411318331939,75.09520477176176,-16.788145195749465
0,0,143.95179885862368,17.96429310549278,-3.7144490787231774
1,360,368.5204983339661,5.549381397161345,33.44600904803845
1,240,258.2319183541051,3.7840446568347783,10.317718900325374
1,120,273.4514836117853,2.102362695785095,17.180452041803647
0,0,69.1804557733429,5.5410219882205,-0.2971378196718035
1,240,308.68658301741453,1.1640147555302218,44.090952589370275
1,0,178.35005909870063,2.582180631015932,7.801913219346716
1,240,543.1898639738405,1.6529150762200664,21.190950293596416
0,0,89.65202821379687,6.210108610570943,-3.043778217339124
1,120,268.22215988182666,50.40338605487779,-23.44802742907232
1,120,478.74795428705073,52.31115063576609,-15.263709260465262
1,360,454.52678782494655,4.7501152326403435,29.654689115346642
1,120,319.88860384155413,4.134270997096284,12.882158073324419
0,0,105.68538076231683,80.45856111837757,-22.21475837169892
0,0,93.82152684187076,40.42347008913493,-15.346545772243132
1,240,295.2254217911592,5.368922216705704,7.2875944906096635
0,0,73.29753646747504,4.825755113865205,0.5522151545068112
0,0,76.73341640956122,4.762352927225503,-0.7767092816198442
0,0,69.98698231879135,5.857353375382904,-0.5665189644665816
0,0,97.41841282110543,34.40442491625372,-8.834418682049986
0,0,182.41884251611157,93.94598147425832,-20.27668412455688
0,0,185.99047175727915,23.623806985533747,-8.744285032888357
1,240,468.03392810398475,2.0556181859328655,37.846314989240994
1,240,619.5935371172907,1.9484243109949062,29.443373316467998
0,0,101.36200080978527,22.250459788238842,-8.0938358548987
0,0,100.96231406347943,77.47696218857604,-17.786431634300797
0,0,114.85395077059636,80.75546768661012,-21.359688161713464
0,0,88.01227870541884,8.420072638180189,-1.9654187737816216
0,0,86.71405629583623,32.892295105922116,-11.371888565254153
0,0,84.71035696519029,6.2712275947254525,-0.3007097710631399
1,240,314.9933537520071,10.141674093431947,3.057727697452478
0,0,170.03279306646422,16.610193395393203,-4.930952157154735
0,0,254.1973471608802,23.304609863394376,-6.901559695297365
0,0,109.81083313556142,99.40595789631867,-24.569683573370263
0,0,123.86395199427875,116.12093494410543,-35.85051900558656
1,240,449.6971735134105,6.525016380373509,10.32657480347902
0,0,301.2943620209728,3.3920864739953527,12.111388029755005
0,0,91.20875243061145,4.553093358425516,1.5972275784923227
0,0,205.62544308940676,20.16151000460268,-10.196779964928595
1,0,645.6280194776045,2.465464312669621,27.52830011134735
1,120,1149.7793097386932,3.003776000422784,37.10626584121769
1,240,289.86065483569536,8.756756564491726,10.413020254310553
0,0,79.76145331133829,5.781155327858796,-0.4241217484238575
0,0,99.4730734021915,5.567255804285048,-2.2183456927885175
0,0,69.94592878337394,4.678419967250572,-0.20279814490737635
0,0,189.91496982364973,2.2512302051743758,9.038590425606813
0,0,63.90209792286848,6.6829548817706605,-1.8797870515214754
0,0,72.76013361595915,68.98305186496661,-18.177031916474917
0,0,51.761870899156875,15.680238706013247,-7.134909573024885
1,360,91.88767463492337,2.8930677534381997,29.10082529162041
0,0,107.78285763589814,6.86693272091791,3.4032875748045797
0,0,230.20020388445013,6.523569299272716,6.443567739807463
0,0,113.57086766697812,40.987238807759304,-10.791356636983494
0,0,130.94308239436728,5.22110064869205,1.6650470993616864
0,0,65.70339759919717,4.873051247242761,-0.0342030960270705
0,0,55.99962960275634,6.52737268143629,-1.7400582311187236
0,0,76.47240366539842,82.96010634747427,-23.773561129245245
1,240,341.3341364097056,5.529545060313213,12.317377605257235
1,240,320.64868655582626,4.416274931242183,17.290400510073965
0,0,118.10028048053721,73.88545760582087,-20.305788130863732
1,360,374.7651928128785,6.79570447421829,32.6581929760838
1,0,362.9821536526121,53.62147783466338,-17.255981000833387
1,240,771.3853086061863,3.1155592928462954,32.618700720612225
0,0,112.55063374897996,32.31488131948109,-11.860268374789982
1,240,528.2389632997285,2.382065378414299,23.39459067236082
0,0,63.8111657305861,5.367723309788084,-0.6327057442413775
0,0,72.64343456298265,26.342485673423823,-13.971524140942009
1,360,270.29718002376035,1.7808695112255843,37.490863554189815
1,120,242.0419638271167,3.3172179632543717,5.798101328329679
0,0,98.06661997524105,5.918934865969691,-0.31166868701818373
1,240,850.0697966953717,2.9133092910435856,31.95779460208493
0,0,207.15241015297804,116.53924651784311,-28.257094594656067
0,0,208.84780837193566,16.62337279819706,-5.567768739597611
0,0,170.66437022295872,6.008248242235815,2.255761202678329
0,0,91.56113947333338,24.099521699065157,-10.014266987106353
1,240,508.0591469937596,1.8258411549583826,40.54099300527767
0,0,118.27678290948899,43.76194890904885,-17.84582853606102
0,0,71.6033568747931,27.723348487436784,-10.848507859244734
1,240,186.70001832330033,6.372171315666645,12.070976366676788
0,0,121.76831156215475,83.59680398279168,-21.473002507256396
0,0,189.20564997879612,94.90977809770735,-20.44431749421645
0,0,384.5261738959552,10.11475576784763,3.9930082951899237
0,0,120.04716915461977,36.13574577497011,-8.953360436219782
0,0,79.89469734151807,8.623150413690228,-0.975639497567613
0,0,137.68835453915335,9.694341481939789,-4.355075390386688
0,0,113.42964305169994,73.21513823461873,-20.27981222400018
0,0,88.73034998734057,5.272209188748932,1.5447420856372105
0,0,109.11059347346892,3.765167400398163,2.839310267405267
1,120,320.43844801714033,2.236795492229453,14.687842909061558
1,240,588.517592186465,2.0409233413213985,35.05103053164977
0,0,238.95606201534704,82.5909025786513,-19.774085200828665
0,0,138.485120738338,12.920236760495909,-3.736409182247371
1,120,197.77082427170987,2.9157253795232227,16.55674494368307
1,240,202.0491207200705,4.682296899217524,13.749000927836306
0,0,97.79957644802096,50.55601588488398,-13.61056682815449
0,0,106.50068141695016,96.16139179712376,-20.952173949948175
0,0,109.81790683598956,86.95068945599698,-18.46044723715039
0,0,96.53085613036815,37.087907992711976,-7.99987134070939
0,0,112.4942368585474,76.77243629286846,-17.306426888308252
1,120,649.97961487944,3.2508972482205536,30.323119581183477
0,0,236.24406875313073,79.14298887092536,-16.192369066644517
1,120,711.6821887312047,4.1270725921069005,19.917570758395257
0,0,353.08706699891894,3.3052607054961975,18.345172392964486
0,0,128.7426967828268,111.55517251924182,-29.848779384019302
0,0,122.17603557385088,93.61185058345295,-26.727189769297865
0,0,97.04722492556292,23.0259021336268,-7.361770757988268
0,0,104.47236583553551,91.92160932043852,-22.73342050878459
1,0,413.31160021507367,4.182900051450372,12.820272430284149
0,0,77.85911534668287,8.52441679665664,-2.58319199407309
0,0,164.33171926708823,12.762763472885759,-6.74919694623091
1,120,498.6734347872417,62.8283321222736,-22.032393344526014
0,0,227.54056053982532,78.99140588474638,-20.37080715729907
0,0,108.46372397422195,17.197534149161154,-3.7442030110967863
0,0,102.32564512435842,36.44130143909914,-9.556465406419065
0,0,108.7840243037038,100.30038848189344,-22.564862447566625
0,0,115.74508965578123,111.50722707195592,-26.624300660581994
0,0,107.04329318729094,72.88193145422635,-15.873228948104
0,0,81.00700839369482,13.842955593146115,-2.814306760205156
1,0,316.5889266408845,2.881980007772707,15.269024763398988
1,120,741.5459009232771,2.2810799190877558,29.51618617175275
0,0,291.89488783958353,79.8370824264239,-20.37065920664972
0,0,143.57762957972764,23.483212249734095,-6.042161928818587
0,0,92.79287023249746,14.427361574391593,-3.7366628119319643
0,0,81.57459916867242,5.10557556642497,1.5261267235785567
1,120,908.8916967362495,1.1124780022009197,40.294602334600754
0,0,93.69237512876559,5.09475562326441,-0.8817965142688422
0,0,73.33255355180594,5.964106628339284,-1.2132006848496957
0,0,82.27097323485789,9.70765625247992,-3.4472132183439044
0,0,87.08603771546524,18.218502884800653,-4.892712198250834
0,0,90.04703883602161,9.179634543199795,-2.2529133052176036
0,0,164.36327885361374,42.48519651855437,-12.5419509916467
0,0,235.32201643674796,33.187089937468755,-9.944222922545052
0,0,106.37885279755743,103.89519964722004,-29.280020100275088
1,240,224.61907691877607,3.775519648029888,23.8809572962752
1,240,604.0115807453697,1.7270089450902066,52.09753447254822
0,0,128.05262556509973,69.4194485682708,-19.45328592143477
0,0,84.53754442324069,7.095308921434827,-1.4631580229661836
0,0,72.478409893139,5.5857741106076375,-1.2736438090588678
0,0,107.814009124322,71.49658165098162,-24.229529178671
0,0,111.29197985116718,64.06789628825827,-16.57035655596198
1,120,385.8947988960969,9.972317323479896,7.347789269086007
1,240,487.16520435418465,3.5837360539831637,36.64723838372156
0,0,146.05611137540717,3.3957551652613325,11.135061694727867
0,0,84.46574182947185,51.64839380876392,-15.782339693840356
1,120,222.4292451775859,18.220379984077017,-5.712374647476992
0,0,92.52928420308277,79.61114465006311,-21.982750617719034
1,240,272.04896379709214,3.0013213321383083,25.26955868360548
0,0,86.24364954933671,4.8479626422271105,1.6660140625341882
0,0,94.74819293401355,44.85200933728374,-11.971405732206833
0,0,113.26489611528656,37.690893646987156,-9.517617793062499
1,120,812.0684269800104,4.257996205601191,30.47884820752253
1,240,759.9172078197888,3.027807383418117,44.40200826171444
0,0,93.43289842051307,5.680413304844657,2.0651584947079726
0,0,83.61409210364818,18.239979427386665,-4.900294669029762
0,0,68.4275601200827,9.365444810270436,-1.5824379500487566
0,0,54.32384843282255,6.185958555193475,-0.8758309327291869
0,0,69.6784884941106,82.16485158020491,-22.66249930823075
1,360,245.3965982388048,2.8613576356025967,45.15476002977435
0,0,110.56021461072433,80.05071798291192,-23.1481684505125
1,0,339.05352551302116,3.441911953525229,20.40029145559363
0,0,162.20195729924524,14.503747783069125,-2.4783266873981233
1,120,370.1277246908565,25.97777972325153,-7.681603074209647
0,0,210.67629191625576,59.197307380138376,-21.075068100036177
0,0,104.39982639797209,7.584091133774771,-1.0724784815156312
0,0,206.43760365586925,4.1781630831322785,2.054727973929161
0,0,89.37895957154863,4.807349613989513,0.11101046630496114
0,0,87.40798177341196,17.26376326536009,-6.023683949505752
0,0,103.85986726529187,53.99032784246887,-12.85170152790559
0,0,82.77694119649047,10.831526126527166,-1.6603339669288601
0,0,93.72884889659811,11.342181057694624,-3.2899258262349775
0,0,179.58228864443333,92.31113629873443,-19.81672669155057
0,0,186.6466368243964,81.72911908126005,-17.883936396170867
0,0,111.23184206146973,51.76522879949237,-10.28232714396053
0,0,100.31917412743896,74.16542696289054,-16.311252697344926
0,0,72.10785114883649,13.348548400138105,-3.4791230030365483
1,120,488.6868207982013,1.6250988113184497,31.778383303947166
1,360,481.9072684128789,1.3058091878926223,49.06927001385286
0,0,148.40391109010042,16.12387307095034,-8.820220703664646
0,0,111.06284410316447,95.41805326407106,-22.675275903592038
0,0,92.13176831195639,13.585383279269138,-4.299297995583643
0,0,261.8818797586675,72.67189848442644,-21.53665299018529
0,0,186.5213393711399,102.56658877940971,-21.324111314497785
0,0,112.16669278776173,29.7065471905908,-6.138350986699834
0,0,82.0022916472021,7.44730609729972,0.629984356544611
0,0,74.08178765820992,5.113698533053119,0.2577827944068929
0,0,75.29239367258583,12.023370458119738,-3.430986202481833
0,0,73.89421556825162,10.042386371131203,-3.1577741926593887
0,0,63.045862761430726,6.728824239207864,-1.2901244546055324
1,120,417.1660414406657,1.933934999729685,21.060901672822226
1,240,632.5025869562841,3.127768108981049,19.74800874634245
0,0,252.30018977490374,96.92971018977728,-22.31578224544269
0,0,140.5919385240231,63.60039027425465,-16.230450506995552
1,360,302.81189748397327,2.263900625289832,47.0744619766388
1,240,283.4609057502831,1.9385941315994195,20.32721440272077
0,0,64.81653240802096,4.111822514163807,1.4120092173677676
1,360,182.5755181789595,1.1829971475753451,45.02719486632846
0,0,80.71796724519142,15.815934934662849,-8.39093661063859
0,0,73.44287607194458,5.102897541375638,0.008686740427663153
0,0,91.3715155568086,28.246988794319435,-9.099023134451613
0,0,124.29999347980413,84.27668934069067,-19.188734308550764
0,0,153.42991127698397,11.823709364273311,-0.9149797313362029
1,240,1062.6111876245097,3.233446542111396,34.44056501664558
1,240,703.3662376817402,4.009757045914673,20.112442899389563
0,0,174.2055621473803,71.76610422861707,-21.676624872369104
1,240,1210.848016550171,1.996668018526395,47.33078647662889
0,0,107.51390965087046,24.30347395015154,-7.112981173211253
0,0,99.8117721544215,67.82253523735466,-18.438096121195784
1,120,429.7435342442075,7.586058478208652,10.81544602052874
0,0,131.15854685596562,113.20670221948754,-26.532423307338796
0,0,124.35347700323345,100.77259446370057,-21.723963796207713
0,0,253.48054551749686,118.87918793847008,-29.770296848493587
0,0,118.85053483219524,10.542862550982262,-1.6326513436460743
0,0,75.85276904640557,6.1279241505229125,0.05641139274493412
0,0,190.03427050202407,2.290661247461388,13.021538152910864
1,120,333.4213636125275,1.9814903623222093,14.780449447647953
1,120,392.0986155484968,4.478898753398298,1.1435369122761188
0,0,79.10092386174533,4.32348440905691,-0.04176443099895266
0,0,66.9945236362349,16.09380157956236,-8.006333613714702
1,240,309.15052254260917,3.8446138223671125,7.97488866423798
0,0,134.82378926722208,4.199094093741098,2.8027030495959337
0,0,125.90867085216695,6.981221895752788,0.2846781088770882
0,0,144.05070596797526,78.61737219509308,-16.884365957341288
0,0,74.18588668229883,11.980670961840337,-3.287299702209097
1,240,404.6932938165403,1.640118200077639,34.33982119234521
1,240,415.45515816596316,3.718505464865062,5.4681502444834535
0,0,205.66681970248794,3.118633268524235,8.753795993521365
0,0,106.98508252751782,47.462220565450394,-13.951788581109739
0,0,73.43958861501486,8.460353564238122,-0.6013666263390718
0,0,105.43920691857137,103.53221918445948,-24.93026572558265
0,0,110.9546867701761,20.277175418089698,-6.205251099962538
1,240,893.6480536905736,3.9197356963878236,35.78031098598146
0,0,182.13921596409142,39.77574088576257,-11.165000717952339
1,120,267.680659045207,3.7099985050916753,14.885726902560393
0,0,122.67942458220237,6.249877846585752,0.6576828316826919
0,0,113.92281827145248,84.22384177644842,-21.08309442276314
0,0,107.92360613672442,55.55349670408607,-13.383489001168854
0,0,115.31917127038776,73.59129449037685,-18.16434514829359
0,0,78.60487495119386,6.300069495842256,0.8922215985567306
0,0,96.15266255074776,32.87126437441424,-8.173037007864096
0,0,97.540116743856,18.32537300523602,-4.208176247442466
0,0,132.30279725262355,8.941691453534448,-0.12831027691396457
0,0,231.89703044676344,156.1614334631865,-38.21537275261931
0,0,120.2023371217034,114.83486203374254,-27.97886811461118
0,0,125.95503533093463,29.173622461902752,-10.84670074774202
1,120,454.79168883713317,12.428912342068697,0.7651161389141521
0,0,99.41239148169188,8.943956606988136,-0.7132912925684991
0,0,105.52120062882238,99.32098305600019,-22.953518235492204
0,0,108.38370273812878,99.25251946970113,-22.875479551914523
0,0,122.8099706304881,14.322579726901182,-4.675879953732334
1,120,439.6366484237429,3.7503056022452883,12.704247417487153
0,0,176.67215241782088,15.975031732656738,-3.4406029946892573
0,0,184.6784590326792,91.5624263739063,-21.153936364040547
1,120,765.0349393910703,2.902222673442562,36.81512009911394
0,0,118.94413666622575,38.5712532076018,-10.82990306508961
0,0,101.48898733574016,62.04811580805296,-13.955334112742264
0,0,106.69779280003388,72.20251537114645,-18.11313837176496
0,0,336.85036256717797,2.840782190914396,18.737537515027213
0,0,85.35755521013024,10.549887234043425,-2.9448837761555637
1,120,711.210518014196,1.751539947838846,39.241098600133185
0,0,152.75423685339746,94.0304798201451,-20.423937292269187
0,0,210.8782324602087,118.06532100991431,-25.414645583634396
0,0,157.20444462706664,57.44450456412652,-12.210504549451741
0,0,129.50640703578,90.14449445899146,-21.706442212163864
0,0,83.85943274710282,11.496197053320278,-1.5551569070999136
0,0,72.71308330565958,6.7085281032821795,-0.34121654527307044
1,120,694.1434019620033,1.3571477402947267,40.46606656928799
0,0,123.40591855549927,46.30184833009047,-14.650939942492698
0,0,106.60710433300663,5.413036305829192,0.3445030107300653
0,0,79.54205523748263,8.852642946805636,-2.018448513668247
0,0,78.63896247873772,6.636386575588483,-0.35109225111683884
0,0,152.4411802652194,35.25416609982583,-8.919981712937215
1,120,344.17839880108113,11.584861115678065,2.3508723344000657
0,0,120.1019563247626,40.45928658725047,-9.99383394564147
0,0,78.79868187326028,5.398324089024903,1.5076064726516307
0,0,68.62505692915128,4.939146800608572,0.7465589003248851
1,240,874.5341896260429,1.0936159746346354,45.59888674330075
0,0,97.90779046130122,20.068676615967583,-7.6135193557521745
0,0,113.4803719129433,100.38524780841028,-25.04761172632022
0,0,116.80674553109407,83.863611986089,-18.25829909457937
0,0,124.23085485975423,68.88144303721451,-14.732635120689906
0,0,139.09761930858164,10.147305391261039,0.01132343235705946
1,240,633.8162547454073,4.053941977486812,45.65953594162865
0,0,126.63785147129953,77.62565732971446,-17.470704948598737
0,0,81.73654043063713,11.15909619438101,-1.7401850459610273
1,240,790.6282223592967,1.7897389181128505,44.13655309307909
0,0,168.52271672987678,129.34448567901762,-36.86631646027822
1,0,457.82177189744755,3.4970822025090795,19.67088418641964
1,120,794.5955707263378,2.4368019994162777,28.442455469939034
0,0,142.59957713495555,80.13426333993532,-20.18413570943987
0,0,117.12214868335646,55.21414603336989,-13.154804852847462
0,0,202.01937490288557,104.86456981159733,-24.781971619373174
1,120,465.3101906852884,25.529595197472407,-8.827797890491809
0,0,123.3011166957909,6.144499478604151,2.9497448592377253
1,120,1005.2957137094216,1.401888807650068,42.98872025175062
0,0,128.01620280952991,54.23781977225115,-13.782939902544854
0,0,83.49279627899924,10.723101082027775,-1.9057154028191832
0,0,119.24119807603186,40.23704886234789,-13.773307258482149
0,0,115.01072845796972,77.75114141633938,-17.579173910375616
0,0,89.64647354519145,11.343688151825166,-1.5900151368759339
0,0,128.19419026212924,82.7838828234867,-19.21283441253871
0,0,153.78857282801835,11.42305696295865,-0.5373198470280016
0,0,129.65247214798578,11.574402604373361,-1.2788432175929785
0,0,108.4821223969701,52.68171530156442,-12.983900717047035
0,0,112.10432179456375,75.90498539958513,-21.26347796802517
0,0,77.95835686975661,7.760186509638654,-0.2594209719923839
1,240,974.1326171617828,1.1294332623953063,46.17978326424303
0,0,285.64391318432945,2.2783976073934418,14.488384297937557
0,0,75.43041585137212,13.04651049224911,-4.478365836856867
0,0,73.27668378808796,22.832347929589584,-8.843855819897485
1,240,295.4475178469089,18.445538042276862,-3.513775158693832
0,0,230.55867272249208,58.72499310414222,-14.863465766324907
0,0,116.69032421154785,8.411146489650134,-0.456729014749115
0,0,85.3551122895497,9.83160526897547,-1.1052125626831923
0,0,74.40981917950585,6.161470531701103,0.42779394235948587
0,0,90.31135037317252,28.97958454382124,-7.959396270210021
0,0,106.77233871993027,90.99107345224415,-20.667094184467558
0,0,108.68930019989385,94.54010505406528,-21.381177993530827
0,0,105.77004978234514,66.80576109663657,-14.963755170773723
0,0,140.41464257098482,41.213519515718666,-14.040839020160107
0,0,198.0815909760955,4.263936141868992,7.786991339569923
0,0,145.6044261293196,7.575701943931945,0.3010636432920393
1,240,781.8563803860862,3.3864281026190057,40.091508364664264
1,240,815.745028121762,1.7060398059023358,36.12019589914085
1,240,489.770820044578,3.0199747805842803,11.749923457598314
1,240,641.5792328671731,2.300193166611279,25.259645990099372
0,0,108.23401008724193,51.34252770129304,-13.477791688270955
0,0,94.68184298432475,82.86387613111022,-19.015404838891428
0,0,172.30193187206973,52.334361690279586,-17.74966061398682
0,0,70.8619559847286,9.688058614073421,-2.7448069426753676
1,240,377.11347997808207,2.7279908600814142,17.7896177046743
1,240,938.4990326320359,2.962526969437582,33.930695375292416
1,240,1244.8591844048005,2.9794865162769506,38.48925567177639
1,240,983.4507664603655,2.169019122804878,31.47424960841164
0,0,105.8903366977984,14.17522021409402,-3.3403717137098283
0,0,112.25053427552842,96.35870380952,-21.72683826596642
0,0,120.93127968361001,106.29690485365198,-24.96724282001535
0,0,90.18717518969547,11.501991694884476,-2.0133547841693655
0,0,76.27164207151685,5.513108709774552,0.2292388869868489
0,0,90.9392093025189,18.1305391248652,-6.362073504316399
0,0,142.05141069600936,4.25622514438491,4.950946478084177
0,0,141.83891628170613,15.647246881328002,-4.432395456524688
0,0,172.1692319726921,71.0940954680662,-13.749370956998845
0,0,103.67077047548167,23.678497355892496,-3.408207086434473
0,0,112.51551464012367,74.63774845849929,-15.237141551004328
0,0,115.6427930649745,90.96869265317982,-20.24734234042073
0,0,87.18846467094333,6.15581892871157,0.8199212865929155
0,0,76.78271125941971,10.125881190866385,-3.613499180304075
0,0,80.21418147479669,28.126192041175972,-8.601554927884607
0,0,100.9163916909885,79.08066195533749,-19.69511125778905
1,240,879.3041309262751,2.4997692043967454,48.324930296998545
0,0,365.3450189888903,8.703743851611225,7.224440699146442
0,0,167.46346409894016,77.55735257489262,-18.693902793913153
1,120,490.33716952116316,4.003175466576923,22.602653118031554
0,0,109.18501469672316,48.93613335647649,-14.062529642144412
0,0,99.36237679212637,81.73798476553458,-21.75220123442554
1,120,427.132250524625,14.050233378287018,1.148012419418805
0,0,88.86127579358198,6.534191605538312,-0.16300998813711942
0,0,76.63737732297936,8.876814209795121,-4.691953734993305
0,0,170.0805292082957,26.920883132081787,-14.775281895363577
0,0,100.82524978162613,18.558277707757163,-5.321673970219393
0,0,142.70036602999795,12.127938424586832,-2.414285192038818
0,0,119.38394172313275,29.518044910471414,-7.183490225527635
0,0,69.7220529664588,18.485496793122458,-5.9762763342942264
1,360,171.65502836464762,2.747691377967483,28.615948742103
0,0,97.78595050585011,74.40215806009043,-19.953274572992413
0,0,105.0194893571109,66.12451123195592,-16.61348945419779
0,0,82.651825120168,13.12658141070808,-2.3968534351749327
0,0,123.67280337790207,122.38467805669217,-31.140340997234603
0,0,117.67537100433942,81.34721601387123,-17.748587971779074
0,0,88.78940518346289,7.686501338525622,0.03722536389595632
0,0,124.80818897690807,8.185300763350007,-0.14763897246052693
1,360,410.0376105226895,8.494261377272169,26.50460843272279
0,0,153.45969110234404,124.42039222190876,-34.65524156138423
0,0,107.53646840704349,124.9751761326507,-31.442778544254438
0,0,89.42420178053686,108.3740379363628,-25.540319092349378
0,0,84.26456646945948,109.8546938455586,-30.221445933912115
1,240,228.04372282700922,4.2436440669753965,13.844830676997717
1,360,179.73552948159264,2.5893154131692655,24.793221000135986
0,0,74.67605784658109,6.617144954328391,-2.1399212807321817
0,0,79.5093110328566,7.511297584818011,-2.068852129529006
0,0,194.86527914874065,113.23699571396301,-29.74453758365228
0,0,99.4987382383602,9.080934316874488,-2.3196971715415486
1,120,259.78520774523105,4.364583858693527,6.749350028292852
1,240,674.2602276316806,1.6458840759978786,44.14086479771713
0,0,120.19047960463958,38.82063306607934,-12.803215986534553
0,0,106.66206154402515,94.13839136969821,-22.1882012301415
0,0,97.24888206805637,17.867960009649156,-7.194760894636659
0,0,191.00995371059508,10.672704576263705,-5.500599144795018
0,0,108.27233730061933,14.447988007593791,-5.79299718346644
0,0,126.84277339860597,75.45801196381989,-18.52986779540373
0,0,148.56716166680783,11.449006958002807,-0.9687967800354187
0,0,124.55989529024585,15.93020876782095,-4.450942127210425
0,0,90.8354276880646,18.582134917598488,-7.401056939341103
0,0,65.01933449241065,5.965686821047416,-0.21350871512959202
1,240,553.2668490202736,1.5449955174092196,27.518345146227134
1,120,446.06061132985144,3.283068744423965,9.647491890889356
0,0,168.4886972186832,41.59536843601298,-16.541865488059557
0,0,120.14723254192596,103.00271835704764,-23.45459538111288
0,0,118.02506573319648,80.03529689039533,-16.701963942506055
0,0,103.72403861380181,21.745458716189855,-4.596340627854147
0,0,129.0379897675259,8.76714378212199,0.10716903337376493
0,0,214.4509953072141,63.96474968302208,-18.67214348055593
0,0,86.90764216476427,9.114834007844358,-2.089707887134878
1,240,304.6206562867149,3.841207518896615,17.4043859174907
0,0,110.88159186575214,80.37571606377651,-21.195542200217048
0,0,252.69561416325928,10.589063559373344,0.698902939380531
0,0,118.65548661173639,100.97230338748048,-23.047905465822502
0,0,117.79578261643485,74.63720698755418,-17.342051291089803
0,0,523.5218480315398,2.5382251477567808,25.188756493256108
0,0,96.07448909217028,5.738885398529178,0.7563923345545618
0,0,124.90294708889317,8.642335631726871,-0.9666145079575728
0,0,227.75048166887663,105.26062331968491,-23.883393350576796
0,0,123.4034359587144,57.804604401459116,-11.679958804852618
0,0,92.78241271864339,27.165709219910994,-5.407617445633505
0,0,92.42418760585656,36.27355374030562,-9.556671480537801
1,120,841.5953222055437,2.0343092737269415,39.69010768508798
0,0,112.8688482437202,63.62718225661845,-15.31329914775462
0,0,84.28094140578709,42.20084846644195,-13.466695389570091
0,0,136.09425533786518,114.95158151066937,-37.999127026746415
0,0,109.5128308329099,80.33143096007953,-21.267942907264327
1,240,429.73446539750483,9.07424173599299,21.66043997558195
0,0,111.93629873727902,20.76537645161523,-6.26614336007151
1,240,479.9917919565629,1.8425174448095933,37.97903728960691
1,120,315.22551622759687,7.604228438223224,-2.2900753379619943
0,0,71.54223851604593,5.623215924010069,-0.6814554832005228
0,0,56.08133991154789,7.376781762828736,-2.083726453739928
0,0,54.16191283888702,12.987547916133481,-6.780129199847522
1,240,182.9811676919724,19.6392811319836,-4.609032679987237
0,0,105.52724274793808,96.81084648790784,-27.148495095162815
1,120,640.9700330899176,4.888532352789099,26.33859723625426
0,0,275.59640188968024,109.37370881482818,-24.36796343089199
0,0,150.10968180247428,54.716599211331854,-14.212324390654388
0,0,80.65404321199559,10.939958390639159,-3.7028296687978326
1,240,296.95038445036766,2.356237891171474,14.637677071030097
0,0,62.88546887143466,4.479799400070322,-0.9448023550827287
1,240,187.2081911482875,3.3939164201769136,2.491974982261013
0,0,92.11277474614337,3.274374751561623,2.1842376316235885
0,0,71.44686258887921,10.46768472496389,-7.717866835154439
1,240,219.39514915260554,5.798712974479613,7.5751788492256225
0,0,126.35162733330317,98.07741200502174,-24.309919220782916
0,0,143.47159208965604,15.335197175664014,-3.4706105567474594
0,0,227.14688190446003,70.41017434672304,-20.23694352335248
0,0,170.76744900179358,123.74518517297548,-36.11770202644821
0,0,142.09481646354027,79.88487626184518,-23.346839752823918
0,0,97.28603033136241,48.518164714337374,-12.73888915778008
0,0,178.22954546207978,42.24619485319134,-15.061613957411865
1,0,464.5989663826272,2.687542078030499,26.557025234204986
0,0,102.47384141553931,64.06892869286027,-18.09205012028154
0,0,61.997849832376296,12.962989501418246,-5.309970017065851
1,360,214.62552526200804,2.443783590414725,25.05814777359511
1,360,259.800692800976,5.499469507893146,20.70103285409776
0,0,152.40394131344635,72.44482722888722,-15.112609375869994
0,0,80.49151247499519,7.570374772283687,-0.5681147178987942
1,120,409.0743629701596,2.1180425662908657,16.839616017327046
0,0,144.93222053959687,3.437903489241196,4.601170007225747
0,0,90.48529085293079,32.07804192809218,-13.136115515464141
0,0,181.36732107698901,10.569398237098707,-4.379725025357899
0,0,98.81303140310881,59.26572042914923,-15.417562083928686
0,0,98.68022947920579,28.22662407207404,-11.226083200324737
1,120,361.4163265809197,4.763547321885247,9.124602592393828
0,0,167.81220659889343,7.222726510559562,2.4872934009996044
0,0,107.31038205874455,7.645412718307907,-0.8502883099101268
0,0,90.41403238996412,4.031485823715948,2.6138968852247615
1,240,303.3197075550923,1.7129877805796077,22.225114764613892
0,0,77.5279040610118,16.221056276177777,-7.645677486177647
0,0,85.83845347865898,101.40591332032052,-27.152738108427954
0,0,105.70450469280121,51.89533343818219,-17.88091397576281
1,240,571.6139874403224,2.8905539745755497,31.475010497465405
1,120,318.4885326154707,28.945914075551464,-11.409277807924326
0,0,128.5767142160502,52.30725565476764,-12.983678791073018
0,0,141.4469947353895,14.200996035984165,-2.5920214774679238
0,0,144.13832236318197,8.274280683759104,0.31694191833780394
1,120,481.2128668208513,2.12773940846612,25.765478692306132
0,0,124.02447058091698,53.34533848207875,-14.48351793090363
0,0,82.78648615764509,10.100121613104593,-0.5902597597346784
0,0,108.90834685593978,95.58577208441417,-21.415423284902403
0,0,111.94648985376121,79.77180990889465,-17.710654482077388
0,0,87.34855248736318,12.173578108098154,-2.796040138962809
0,0,168.68312195593123,4.040251335865621,4.332037208163797
0,0,173.94624981197427,4.3821383467338295,5.8777516171948605
0,0,212.28279276540994,95.28121994643674,-21.828908362159126
1,240,547.6208117843247,5.793170116904888,22.591112967382657
0,0,197.61724335279922,61.85445691963302,-20.56597519959206
0,0,143.32243223351296,105.8420042832504,-29.598145700077247
0,0,103.11320644413978,113.7295898817565,-27.503994085779844
0,0,99.58964209049664,96.18687702960669,-24.16166210223578
1,120,577.6591899638917,5.938148511230953,17.923565881849086
0,0,127.4388006760258,70.60460573369132,-16.59565611699996
0,0,97.4685635433715,23.445545725889442,-5.46427726038084
0,0,86.3321671611845,6.8246181202353196,0.060802356659408474
0,0,309.0235133445375,4.338777804675612,12.390010806182062
1,0,498.04373941643803,4.198023786172941,14.43927525025856
0,0,226.76238547638127,3.3252592580149676,9.762333298491598
0,0,98.12074965399795,20.573684907629172,-7.831302711587895
0,0,110.06097459973934,58.839308450072785,-16.556607713476424
1,0,450.98259184505474,3.6084045677905703,14.096780064928595
0,0,88.26306632492431,9.249652151111317,-1.7196146217503099
0,0,86.33402627475856,15.804194039669824,-6.016291700990266
0,0,109.74534472630938,51.842626656385676,-14.318463129704085
1,0,538.5609432398358,2.7755999185426616,23.651654925597626
0,0,171.32648672072466,8.457216642562814,0.9039255517102589
0,0,195.94034558111517,123.8701566671057,-28.04174714058277
0,0,163.62400914252436,135.78238750638792,-38.49146451615221
0,0,97.48910448115318,27.56493755264003,-7.867629879953839
0,0,112.60700796729577,99.7033409589829,-27.111222099431416
0,0,82.3200526996072,10.218976290458281,-2.036583036116525
0,0,76.51667097336609,13.985260474680723,-3.360212952577328
0,0,82.10213398136992,4.941284708390162,1.1776184011430786
1,240,582.2638515329666,1.67193852981186,31.261866451277
0,0,153.25745582087328,48.80340077879976,-15.544915889304093
0,0,171.22153749225737,28.43268264513688,-7.05438214816715
0,0,133.43477069805763,51.24415686979267,-13.208473950897343
1,120,337.1439211349452,13.79921286284581,-1.3268954749195103
0,0,150.06399748720932,15.076654726343724,-6.072999071303471
0,0,81.91557646863649,39.29450677839739,-13.40459838845932
1,240,376.939244760806,2.4163926058179093,26.334665976143086
1,240,1021.5121719408988,1.2936200000796283,46.36167801970909
0,0,213.91618274503767,3.945792631943637,2.2513015473909377
0,0,77.81719460279952,5.075341633753459,-0.03437218248346596
0,0,100.61662096322995,27.825036730927497,-7.338431543054114
0,0,138.26117690507257,8.06560770848298,1.2452529837007518
0,0,120.40715702448442,9.557237428832913,-1.057382231330692
0,0,78.09204867424235,6.44166459921299,0.9149795787970305
0,0,97.37960949327615,46.089476205807706,-11.308444156443997
0,0,110.21046320157538,95.4539058602496,-21.93153855723864
0,0,112.01387138476245,75.19095849369413,-16.642699139539886
0,0,113.52279144339529,83.91804786510355,-18.59374020430664
0,0,79.76752943862911,6.635029288419421,0.2106605125905361
0,0,81.85294474609579,8.979955400321865,-3.287093628090375
0,0,91.56379777902313,20.159293583534048,-6.136839776495805
0,0,178.05440336013342,104.59891694631625,-22.784299680303953
0,0,127.39276494295109,16.594990696157808,-3.954102710903129
0,0,120.40857403178173,34.36538125130535,-11.52310998073996
0,0,89.86452262810009,24.219136240645142,-6.890796285557528
0,0,227.98799476402098,3.3297286494410216,11.096605093801713
1,120,608.1943142216003,1.6371970771352449,24.597461155245597
0,0,91.75890267977387,4.996156471515523,-1.3895948465311818
1,0,188.06663684110904,2.5008322923523014,8.712908774784538
1,360,258.61761640437203,1.4741132480822332,26.85191201415647
1,240,454.28188361973946,1.3316964625523027,37.04229832118307
0,0,136.33969233781605,6.5362040725509525,1.3178227772044409
0,0,102.66816412826195,11.805640478835159,-1.357093259241168
1,360,182.89173752742514,1.7820611985306027,47.72854122948918
0,0,63.41447737172135,18.078552499425676,-9.13441504335563
1,120,174.5279369755454,23.846876770788636,-13.898610890573764
1,240,306.1014402484526,8.578990750762193,6.012344436484653
0,0,132.3544329985372,87.6167853538273,-25.168397579655064
0,0,95.74657093145814,19.35995793024176,-5.5326621640887765
0,0,87.67001476282881,5.113784717178548,0.5524212286255334
0,0,82.05943671748764,7.633949778400035,-1.8288022009668623
0,0,118.99016106324207,7.85333575632506,-0.2674314428640514
1,240,556.9713822098696,3.3501924157467946,38.506682144688526
0,0,82.94507761435898,5.362546396327093,0.8827421890951257
1,120,242.3154575715541,4.781715928222456,3.9687549566008755
0,0,97.58671927984962,72.25516078623586,-22.821583243938875
1,240,256.12776454213895,4.389235677146792,10.921811969504219
0,0,72.85425690867505,5.720779061350656,-0.03839326977458768
0,0,85.6909260149224,26.95014241705211,-8.049931499705593
0,0,132.2584052480137,9.127859993880433,-2.1203178196939803
0,0,128.74089434954465,97.2708946420942,-21.489086856420897
0,0,177.54913256609112,36.56624766458526,-7.6238864691098485
0,0,140.70046994693797,9.308856584249092,-0.16061107403702124
0,0,113.63814717345396,51.627659081372705,-14.551575229602292
0,0,98.98463665484113,38.137368929482896,-9.47621274705297
0,0,126.44986561521043,78.52286024652817,-22.620232978083962
0,0,94.83691459491214,6.00051919572023,0.36276434802063307
0,0,84.87605613050745,5.306333590161022,-1.0437707715909568
0,0,144.34816413982463,31.042846945821623,-15.138347504904246
0,0,114.26209516265979,34.86569318496973,-12.456631022540549
0,0,107.11311197084353,13.394062642880478,-4.652308244920633
0,0,150.7162176060109,24.583273646325075,-6.926214614220342
0,0,188.0376845480106,7.239033359297186,2.0639854574167344
0,0,87.25529073508403,6.286236266872187,0.3583205445885227
0,0,84.05960486594871,7.747777800479999,-1.8149793831566399
0,0,72.23121580413948,6.574102526450424,-0.8172160558297747
0,0,89.7155271448035,16.334303119443327,-7.018741893530304
0,0,104.43784753777327,63.139880064861785,-16.70252404139285
0,0,111.45396078933622,107.67350448642381,-26.767627852134886
0,0,91.49747616948027,26.67526830157588,-7.27687350502309
0,0,117.04371449543626,83.54961659482893,-19.783421943592685
1,120,593.0353742041278,9.76428057656427,11.909107788389917
0,0,195.09202298842553,19.98301952225828,-8.375983027151221
1,240,304.5414172386499,7.241722664991207,1.0443994093114952
0,0,155.55610238643777,5.110222289585545,0.5781646416115507
0,0,119.51660761433524,3.3436812276319072,3.961949226731008
0,0,63.731609272886445,8.712763855105099,-2.730746347035847
0,0,76.18628155192745,91.0124435055443,-23.392503663953875
0,0,119.49537517699248,6.0370396060644085,2.5180142965457293
1,360,140.64944634817675,1.921363172448817,35.34479711382764
1,120,179.34422008242842,2.750095283350855,11.189940817731312
0,0,176.66939775563492,12.216400337791779,-3.7930901328017654
0,0,238.84549010192407,119.98094413911923,-28.96776497088087
0,0,165.55417713049877,77.81905631208075,-21.382926981564154
0,0,91.58285936118642,9.289961955619654,-0.45856254601063995
0,0,81.19519263080555,4.966591706687005,1.225152831196894
0,0,92.35381335544342,28.321596270942297,-7.673106479775839
0,0,79.2659371955306,5.548915732148555,0.2514420522921057
0,0,120.89137675811803,10.406504825328057,-6.244246663968454
0,0,94.7082163241421,24.235382173901442,-6.779801594838261
0,0,81.76892754942423,7.564362639889872,-0.39412475426917126
0,0,168.84547698402676,87.1648881422679,-18.91549587896951
1,360,477.92590867768223,8.404126318846847,29.239169716661436
1,240,320.63245332022836,61.688376951350435,-27.89267629346424
1,0,173.83754834818373,57.459701848652465,-22.714408850343766
1,0,182.49496414812256,39.97591908436158,-16.349244310516
1,240,269.025478322754,4.3137392857223835,10.081917268980149
0,0,90.17946666999815,10.00107665027757,-4.987374194072771
1,120,395.35596390718143,1.757666465969815,25.22136904353313
1,240,630.5959072812698,1.3474096109599079,37.17701795531515
0,0,95.58559890248478,6.056441863704882,-0.49519089962703333
0,0,135.84473735689807,16.22716226353541,-4.5822007729381795
0,0,145.42657470942078,38.97536019354623,-9.660934416711868
1,240,563.9444184395946,2.292688604925018,46.18906188353766
0,0,138.57432418171766,57.12485260639326,-18.981064436388124
0,0,83.50174609708898,16.132764023868962,-3.9521529327028446
0,0,95.81584558420857,73.76532325213358,-17.66791259627199
0,0,62.59864392234424,8.157711916245335,-1.5591938462463162
0,0,53.982032264538475,9.728462273545578,-4.4969072235908385
1,240,149.36251085869517,3.735211874037594,15.730630789355132
0,0,111.0900733153894,91.56750898117768,-27.476316746448823
1,360,383.09705968830633,10.067432109697032,22.734244652720335
0,0,201.7134600314859,67.94201260629521,-14.813632817254486
0,0,131.0430097489729,6.881598912691865,2.1444389069498015
0,0,100.47436476663933,16.80074243568509,-6.247380047363507
0,0,86.37571462944514,6.4511340235913,-0.8003813855150383
0,0,85.70574791125216,4.454892187821281,0.5818317041346006
0,0,99.18277961923728,20.782261320586752,-9.800282792587737
0,0,93.84562163395407,18.307441292437293,-6.859356772571729
0,0,106.24876019160685,88.99511047401086,-20.251416267229473
0,0,90.23632833882424,13.824948976866649,-4.083089257373089
1,120,357.8355831488159,27.650376253068142,-7.340988975707063
0,0,217.21010122805106,116.77277210704798,-30.956459475905916
1,120,392.1456828628839,13.053583005243755,4.071052262719363
0,0,138.14248837385068,101.96873987950042,-25.67780751720491
0,0,98.25824470606963,8.760676814134285,-1.9827237158032034
0,0,104.84118449487694,15.632892486573269,-7.62820874165142
0,0,73.67278833994622,5.108361885663323,0.2726729704731099
0,0,64.85014948914213,5.213501103977502,-0.47605771029567734
0,0,62.57962201638527,7.332224569981837,-1.367983483823295
0,0,97.95391688284295,56.35292440743903,-14.330378440928115
1,360,783.9552742669649,4.155334216860866,52.00623835399888
1,120,568.841595659066,4.994315019076378,22.198980339197462
1,120,304.82751668000407,30.42550509188856,-14.948246772351311
0,0,170.01498411875176,28.99528720122928,-15.094733767058074
0,0,85.1726300898033,12.182048518582747,-5.152228205105359
1,0,225.3058606795734,6.628521258885047,1.4872315546561339
1,120,776.0404383071619,2.023206411997564,26.591381488563584
0,0,141.05485780396367,11.030536552787892,-5.304369028197797
0,0,112.60058042219522,92.37354263006092,-21.178152714967254
0,0,119.08188111158175,103.67671251106388,-22.779618099042537
0,0,188.28585353803066,98.26796646002308,-19.669029671890243
0,0,162.82608666538513,6.8347684443271,2.3587876941400197
0,0,92.64562050219115,16.343206706684004,-4.072817255147143
0,0,71.47419949365873,10.017466073334322,-1.6606245842757943
0,0,64.81035992423392,13.325723594898781,-4.674204941023675
0,0,71.89346928081326,18.608943144090635,-9.69190365799082
1,240,254.05752821684095,4.559515655060249,8.205321800592685
1,360,345.8209029716451,2.41249559430341,33.50442841872264
0,0,154.4179167810123,52.45582445268553,-18.778504145579646
0,0,151.92490215849168,97.53577500882696,-26.301197578219735
0,0,216.59616297839335,13.629588967227507,-0.3979978909109434
0,0,239.80987126029183,57.96977830836023,-16.77716514398736
0,0,111.10736080441647,9.556242024745494,-0.24027721475749786
0,0,112.18368553927097,81.1308947614955,-20.019144315661478
0,0,94.57417310184664,18.556799492077026,-6.836995088713593
0,0,126.18895489557303,3.8829950878593023,6.142086588056614
1,240,428.60394296754316,2.179772058935981,22.38950907184315
0,0,114.6468863282564,57.979636689367446,-16.590594091211656
0,0,114.38186061942766,8.883712549635758,-2.5250949444464084
0,0,109.4626461024687,34.306552238022846,-8.45981820581217
0,0,132.82705594444968,8.350860017073723,0.7690632508806061
0,0,156.50066811476006,56.21642319198437,-13.410046142726273
0,0,172.09871035352006,10.100712718886333,-2.351406166067221
0,0,109.79710516886519,5.110173105974699,1.5535821369355745
0,0,191.25887088046812,31.64555464501165,-15.894200952648646
0,0,98.64204963458732,43.298280119142866,-12.645141285613022
0,0,244.94129679009453,23.32552688600378,-9.558594838979275
0,0,103.08092134987808,25.089251170978404,-6.56338149855722
0,0,96.72165332893509,5.822259289753289,1.9114219181833079
0,0,129.12036890376177,94.43506691032752,-22.105628915951755
0,0,148.17222472896256,14.693351054110227,-2.588058513646189
0,0,125.83090549169108,12.669745081677753,-1.3080634708386043
0,0,106.06015085230693,99.6878332311151,-23.26619608102741
0,0,94.77127314887198,71.7869833482603,-18.71843089799384
1,240,421.2066207448312,2.9338614976037256,27.902816044356967
0,0,88.53976817388282,13.174334635808462,-5.822840943020026
0,0,118.45743433580726,6.303484372602718,-1.0434907221475527
0,0,95.83567235031241,96.88922260230864,-25.04879533151498
0,0,120.9225735907754,20.469375944764153,-9.598361859942486
1,120,352.4460128976201,2.844842546164002,22.04438247853554
1,240,935.4299535308998,2.8765671032248075,43.65829205116809
0,0,172.08196699529515,59.74288267500723,-14.251938177016498
0,0,108.73313673764314,6.009874459974281,2.585828533463328
0,0,74.20845677453023,20.57749686308271,-6.12462856397309
0,0,80.12628167813052,90.71495214869103,-23.279511639468453
1,120,334.26941413981604,4.036524662085936,17.596172230655824
1,240,275.5501054272628,13.03052266014331,1.0214934784218457
0,0,100.20134713665381,73.10315482355843,-22.22263145982477
1,120,423.42263878087545,6.70050621123045,9.542531473082661
1,240,626.2788188411382,7.330970162292344,10.050985015363537
0,0,373.51323852556743,51.656205429598636,-13.617441249397274
0,0,216.0675172319748,62.00068295326177,-17.318025162426537
1,120,600.7272525677444,3.16547682243684,29.466347938730564
0,0,96.66702486360956,23.845544752263677,-8.477873468984015
0,0,112.44446022620782,11.558460797297897,-6.385386299491742
0,0,69.32625448817677,24.746969337546055,-11.288428547168337
1,360,137.29583218174267,2.20042827304016,34.11131141443198
0,0,134.419511417273,5.0868474401111525,2.112048282646782
0,0,110.8611416164375,78.3558561678326,-18.62042416070635
0,0,101.34599429535496,8.9494435125652,-0.6733657530524226
0,0,195.2114143552669,101.7978733080631,-23.386221045308474
1,240,615.7277598333202,7.234480491100428,22.591567387234207
1,120,411.2725153781995,38.055975017014724,-18.051839247370296
0,0,216.0364791041347,11.035877261209777,-4.251937935937988
0,0,99.89780150145523,11.515716178439737,-5.214171971615016
0,0,93.48037383300183,40.960421556751406,-15.293093316215518
1,120,291.1540310803212,19.386156099469087,-6.7809323605153935
0,0,170.1638832455521,10.060729601848207,-1.4756228651734915
1,120,637.0356953248746,2.2923614662290173,29.896884328324276
0,0,158.21137001252853,72.04947402322199,-19.23507456550631
1,240,844.8270057280596,9.27082005525862,17.21612928410282
0,0,193.5470315920326,85.23864496292633,-17.78743558513564
0,0,115.706048270726,53.7944019956921,-11.586147525264423
0,0,115.01773414204757,21.95468308937841,-6.416334404963649
1,120,874.9125419104806,2.132846381930035,40.52523626112243
0,0,125.56153807250341,96.13195021693524,-23.03969948873562
0,0,124.25343628804403,105.65427269677622,-30.07944501425156
0,0,129.27451662559133,129.3582318214107,-33.77127870316243
0,0,95.87031534471681,23.789426703512998,-7.371350562533351
0,0,91.06026140191271,7.796937947586078,-0.8958571099083628
1,240,640.3311328397107,3.8287266136119453,25.034708163577463
0,0,158.389720218996,70.5879717462577,-14.872733817716025
0,0,95.60933660872915,10.53325144170665,-1.1175453060964458
1,120,804.5398332012765,1.4959779576520182,37.70204197032264
1,120,664.8458125253485,2.7783135904292124,15.598299501419632
1,120,797.7291293275302,1.952910172162207,23.555962559182035
0,0,87.53818207191715,10.178428238734098,-3.8246511766780884
0,0,76.70698072142278,13.378480913983507,-6.13347918317497
0,0,94.72625766105133,100.31213479159591,-27.80995074467338
1,240,435.6865762096706,5.784553960490905,17.58914457481194
1,360,862.8161514245184,4.485169889394188,45.17572675036725
0,0,124.01951672340562,9.009029682719275,-0.22157730947066057
0,0,106.39111841272286,25.032375062904578,-6.2708249413329185
0,0,117.58891088708732,97.06442094130679,-21.606300758364398
0,0,113.41441872529774,59.587859543423676,-13.274116483640626
0,0,87.85829535643576,5.678909820520415,1.3382980902834305
0,0,99.19388895644812,13.95808314549433,-6.452492486873197
0,0,108.45845270707599,58.795709209572934,-14.194100041026147
0,0,90.71876831129242,5.8569905898496835,1.0312952089409464
0,0,97.09208170856627,19.267398886885516,-5.137845288408329
0,0,160.33125827352396,7.251309859300078,2.898205193748069
1,120,983.7503104669564,3.1512178619361824,30.50430628711338
1,120,829.3060373502143,2.101285619830124,35.311022094162894
0,0,115.83793197390037,85.33218948340266,-21.454978947795126
0,0,95.20024093396924,59.85288791221475,-19.492968399169783
1,120,268.6836961626451,7.69880085104368,3.1635546833481953
1,240,346.8085683939221,3.670657482349287,10.393596447632277
0,0,69.77298587675298,5.0719303667992985,-0.6084841093629052
1,240,189.98800804778182,2.895117220965422,11.390160317909093
0,0,95.76544546865819,25.912859161836597,-9.009761337330772
0,0,172.34280969858227,8.063650291016426,2.2579804624185016
0,0,124.45347237418937,10.144172079392032,-1.7622138408581236
0,0,163.0143105787002,3.5548449692555133,13.734829369209777
0,0,93.7285371549927,95.8340040244881,-27.873215499123624
1,240,242.53236171256654,15.502020764044552,-0.2371121276518693
0,0,176.6013247250726,58.2698434571059,-20.595581181316334
1,120,311.7780168256728,14.154110066847528,-1.4207860137841521
1,240,688.1843988263435,4.579749521827246,15.115906409230519
1,120,821.7456119195539,2.53756319952639,23.984617861948365
0,0,374.0332235233849,2.986129913547601,18.216814636754236
0,0,201.6578680011982,35.79877035679979,-11.540996157455396
0,0,118.47906353519326,21.500832972610336,-7.471888312714995
1,240,315.29740950983273,7.709825199486017,7.117673169837033
0,0,99.47293736949095,38.48949109489095,-11.022170217865096
0,0,125.82802613286297,48.336620335862584,-16.01677278167915
0,0,103.11769552325764,29.82735116334687,-9.983165647033346
0,0,99.18588569923295,68.63460448237267,-17.16641273451033
1,120,588.0842826910089,3.272457944415952,21.72199801361296
1,120,796.4611231815552,2.0390318028198315,34.1390732969912
0,0,155.69800716521866,55.93302451892904,-15.068905810843859
0,0,156.79899916310455,14.712963131741928,-2.390697631371836
0,0,153.12518669171405,49.21182870288613,-11.859206300485752
0,0,122.26614590190083,57.801117328572644,-18.316781872684714
0,0,81.94799192756953,6.067360625312923,0.20591552390797574
0,0,101.55953162702899,4.435016143103841,-0.6213558158559209
0,0,79.40333589110607,5.985051175721732,-1.0465976857837944
0,0,95.71305020683319,92.15579189439012,-21.605127721073174
0,0,95.04337822615805,68.33935842503844,-17.392137869844817
0,0,107.72013522489041,110.81481568619351,-30.252668804875654
1,120,360.3686027213539,26.98305302109559,-5.465154396373393
0,0,206.6565482873898,38.86813811699655,-9.048999963117751
0,0,137.5211363420135,19.131186455934916,-3.658407486332024
0,0,119.22052110554965,89.81310702097463,-20.834399949117852
0,0,82.1530555556057,20.87413811055216,-5.184555421987227
0,0,69.54480235765405,12.56718416751385,-4.318420617011483
1,240,442.40232925843935,2.153877790276593,36.029153410276095
0,0,113.5365420822083,96.77435134620777,-23.372599017665223
0,0,104.83740958743694,94.34941342642452,-21.75975728544566
0,0,104.6303338090386,18.96239732802365,-6.924914762086814
0,0,109.77708568976891,36.13135264070216,-9.386116085553681
1,240,947.1491706824958,3.810635166884414,43.03547265694361
0,0,139.96736705160646,32.54024874644637,-8.265891892183319
0,0,109.10160397917484,13.738165623591527,-4.53164392247632
1,0,362.9017809987092,2.6967391876460005,22.545459624156223
0,0,133.96688527834002,111.90973491370914,-32.20374685730475
1,0,218.19255206347398,8.431639360019206,-1.3064835692616725
0,0,103.02023942937848,31.26930814409602,-10.822928248763347
0,0,83.7611717930788,10.139290718821911,-2.2089561105068753
0,0,72.61855758287123,5.430378266523541,0.18806633485485236
0,0,76.03475812761249,6.332233321207278,-0.36239990788820364
0,0,157.4512986343148,50.090119844490474,-11.81529666134088
1,120,664.3399522562705,5.159885553444784,23.886769643213754
0,0,169.20639441067843,80.91969943406676,-22.363892626238595
0,0,106.32972232054541,25.996018269585818,-9.280859766448287
0,0,126.06038132144516,5.915092678388383,-1.6769731310284044
0,0,62.94770383193211,5.554497846366799,-0.7635522417316736
0,0,61.04209541443451,13.467311929882701,-5.341742419012675
1,0,167.47069650418558,43.28280487953177,-18.573486817201683
1,240,1064.3651932652838,1.9790993168737834,43.671618177512684
0,0,137.27117625476964,5.806673951050018,3.460280278512954
0,0,190.4684528739754,64.33224962327111,-14.532944015688358
0,0,161.84320505974384,9.383192422947827,-1.4975248452282983
0,0,87.38464649724001,6.799754676887676,0.36690696620229346
0,0,105.4977236519207,71.85790160284385,-17.760947134951138
0,0,103.63244326210429,93.82986122517741,-20.372741083644073
0,0,92.60191432911321,41.0744228495338,-10.383742030134712
1,120,686.0932134651622,2.589812663987187,26.15351097392376
1,120,599.0175482431132,2.824022311486035,19.511837238373857
1,120,1369.4379315601295,1.4690964069693888,47.7937029226221
0,0,166.2550289397437,66.35392164197799,-15.140487505367986
0,0,153.2136079470656,10.593430522545614,-0.2681130726413983
1,240,379.01929811265967,6.056013650432462,21.691108031610455
1,120,195.19914874010146,9.94156809095896,-2.904493248884407
0,0,135.80835994556176,37.12974925754339,-17.49999917716903
1,0,206.72039296817698,28.54024043367253,-11.675145124797154
0,0,101.55615348163222,66.90830847402684,-17.538360666963456
1,120,486.4991882523365,3.004382673494195,22.066892113043025
1,240,650.1465270030037,1.7781372262752952,28.825510268996567
0,0,86.96545606249414,4.873865258563568,0.4064414932879572
0,0,80.14363151547867,5.579876589563869,0.11794301101713245
1,240,709.8456112412025,2.6191811455981044,36.181595418619
0,0,128.71385785031214,16.087475394020384,-4.401230709030543
0,0,91.08413514085764,14.9658679660721,-4.229179955697674
0,0,290.1267347979533,4.052750741407582,10.189192057658744
0,0,114.3719642404633,80.98814858114062,-18.361050820549423
0,0,104.51222341679399,96.51902252694667,-21.47894166903724
0,0,87.35191929670157,33.89220423160333,-9.099836863023015
0,0,183.7622901305948,10.667912558399527,-2.9483289127045964
0,0,117.90759016022106,62.69011985863241,-19.81746116084554
0,0,102.72197639738424,35.320337459123955,-11.805732708651092
1,360,294.7344344306737,6.470503792975067,29.183117556366767
0,0,159.64667370805202,83.1728250131619,-16.129548164142307
0,0,126.5939355811416,112.75115910356445,-26.132866726927553
0,0,113.447349974887,111.57685301588383,-26.400488315785466
0,0,112.42939460462291,105.03317664429042,-25.771095685568646
0,0,194.83968232892224,8.58029118348202,1.5277806004801704
0,0,113.66480958275997,88.69522220577393,-20.617488445322905
0,0,80.04450902101789,8.520245665476182,-0.9201844238220787
1,120,494.1440446457994,2.4787454668885767,21.27448957095868
0,0,140.09565722427487,73.25351769520778,-15.858492006638897
0,0,181.98391196430725,51.22658794252716,-10.575464935878685
0,0,167.46169567383313,49.738160120365954,-11.110163866563
0,0,123.64518873969227,99.80690630174998,-20.702877105801974
0,0,118.03593701318138,96.43140530841609,-20.26230120785985
0,0,119.48632900240652,89.85442486389243,-19.76922396520733
0,0,99.94986801758725,5.943739198739161,1.2136760879691337
0,0,74.05199082876229,4.778638117125323,0.23145814672702159
0,0,76.86145718894531,9.892182330959088,-2.7696890715241267
0,0,87.75281900125388,5.543796575588376,-0.49578798617618247
0,0,91.32440856621714,11.567638729817427,-3.0433449332946054
1,120,661.2716440071041,3.3854460096923216,28.63706341334523
0,120,299.0326823417803,8.079421534744183,9.752209246914987
0,0,128.02399068163587,87.32403006284055,-19.78075883190448
0,0,108.90502539083491,66.77818217649923,-16.193927832414403
0,0,85.2099597300434,8.708384257610774,-1.9249701230410636
0,0,190.2967342616593,41.043573444888025,-18.72007949094369
0,0,75.4551454627246,8.043894723584271,-1.8085540978136692
0,0,61.48251828652315,9.13759022676397,-3.272700143489814
0,0,100.99237729029896,76.41272631461635,-24.015227947046647
1,240,520.8894338991399,5.614116504777581,15.782878504380946
1,240,977.3575897377387,4.78200335904915,33.32598936770914
0,0,193.64579133262527,33.38810200132322,-9.007172200967233
0,0,127.3212117424666,122.85441493098962,-29.9882915623998
0,0,98.47213345555339,76.87070243998612,-19.306682679789247
1,120,407.291699773805,22.393749244441967,-3.8860189924456563
0,0,154.21726854771453,8.123832079210118,1.4627879938036443
0,0,113.22974299825513,74.7172724913037,-17.353337812054107
0,0,86.71907250166868,9.976220426542527,-1.6093279805672012
0,0,104.5021343248372,70.5987578474842,-17.387842017062056
0,0,123.23083313384478,95.84746138237709,-20.71162204596861
0,0,215.3731836562974,130.89733771422743,-30.027810237630185
0,0,125.02375546303183,9.814102220674952,-1.0879657441309831
0,0,85.41973915836499,9.319599367799976,-1.115621947654958
0,0,77.61729454935471,4.847424781088306,0.5811976299231247
0,0,95.13809666193882,10.38065049015087,-6.115196710077342
0,0,77.31027441226315,7.331853211158653,-2.511599731645447
0,0,79.8595102163115,34.529042649366474,-11.038228147270786
1,240,576.0389044677494,2.1940242510498247,37.76437146531096
0,0,115.41173018704744,44.47393627437995,-11.855681904660287
0,0,203.2637340310832,4.137888474235372,10.015624810170095
1,120,718.0481563626494,3.2128408652954272,27.102572117857335
0,0,181.43355766609403,104.18280735442198,-21.016611741689644
0,0,129.59010115478776,121.22520827290742,-27.643559103677966
0,0,113.09855079464184,92.58901196814969,-20.44247867900316
0,0,106.999377297133,94.11785157184724,-20.69189177008812
0,0,94.07208774020867,54.10231486333548,-12.225230923013328
0,0,139.34440529947955,55.395813145258906,-17.788016819829494
1,120,495.1149100295596,5.253501818821343,9.19022927328183
0,0,87.71327882963,5.209023590487272,1.042930470721572
0,0,81.76792997628694,8.49632979628247,-2.0303743927957925
0,0,119.66702577295831,8.936465356462609,-1.11262066305396
0,0,115.81761775728627,21.820109510488326,-8.991669086496586
0,0,55.58360192829804,5.3100516906507425,-0.15119507199656823
1,360,124.04197345505324,1.5949519652239437,24.229898902755195
1,240,408.3978723503698,1.6549736810694873,21.02220201011501
0,0,125.02827855032481,33.95588121474768,-14.300915125901426
0,0,91.07677237094086,16.850258148711788,-4.077794737707251
0,0,74.65527318354428,4.904059032139983,0.6954736546867935
0,0,75.97430859630964,4.8408228965901134,-0.5415311565825647
0,0,78.73988740648068,6.362617512066055,-1.130554395335281
0,0,118.1943584290196,7.480369215659403,-0.3193779726394155
0,0,151.33643603201023,5.779438864962814,3.916021118012935
0,0,77.06505846545068,3.7550446010794256,3.7224805328627326
1,360,96.49729006150969,1.7815576305516552,22.359274299859166
1,360,164.15255286441754,1.7417763242470286,14.274394819467176
1,240,334.6303769107012,1.5687541344159561,23.52368818181779
0,0,86.16783965893113,21.768536207870227,-8.072599652765945
0,0,115.20217181186423,133.35792608103637,-36.45225543227941
0,0,112.8909989017916,111.1645192813801,-26.708843888779093
0,0,94.4328804702182,16.890422658516524,-4.823349763466879
0,0,228.64532744515122,90.09063614898501,-23.55270251348385
0,0,340.31865230016797,9.177984861720375,1.5825804642071688
0,0,97.79412380394093,12.589355597812746,-1.5361452486590963
0,0,103.41287514737294,55.61957420842038,-12.278593551860979
0,0,109.01488313258004,95.26392175464379,-21.650014891294063
0,0,89.45390225348828,16.24172241724928,-3.651068077334159
1,0,430.4558014642395,2.328986109730129,23.369565876814477
0,0,123.22534648158964,71.02901788007719,-18.249776080386752
0,0,84.4040396637182,6.527111872931065,0.2523931636093266
1,0,513.9148106212419,1.9622961197698139,23.68244979646842
0,0,194.22583476773156,8.69538985737983,-0.6481295994355918
0,0,139.7169308499107,16.014957995245627,-4.622966460784468
0,0,97.13719922091232,27.469483444630626,-7.101176824974246
0,0,68.84638213293128,8.094071933615574,-0.5193491270843538
0,0,84.1983072082377,83.45531401502946,-21.170221503372005
0,0,96.7916761615385,66.37887262312842,-20.986001809130542
1,240,261.7208397133439,6.696385166112414,5.495552818322835
0,0,101.5771591978074,6.73470732102643,-1.0865179413481059
0,0,81.84000463545685,24.263258903058595,-8.314710322515381
1,120,371.00683601810186,7.2615220013247574,4.7906947890365785
1,0,720.9440204917635,4.134362144705376,24.046640887734455
0,0,178.27198766464852,104.68155263215186,-27.44249945516998
0,0,98.24400661674635,6.864559724500987,0.47196777909248055
1,240,116.6261961293012,3.002979586907692,11.51504123385972
0,0,69.42462880278457,3.354065286681658,3.347034624342939
1,240,139.98909827551785,9.011491570616352,-3.4460507489561962
0,0,153.6565757642602,40.04419857053931,-20.057843978368695
0,0,86.09806621961204,5.0541678636709175,0.2541527195461839
0,0,70.54821923304785,4.918723870236576,-0.22543987820890266
0,0,85.98619065947554,4.47747874584476,0.4205390765898329
0,0,126.22452744676448,8.19914076070689,-1.6597104606209143
0,0,139.9047239930074,28.988964625493608,-6.533432059968391
0,0,84.18567317117497,10.045975421045673,-0.38069823284111237
0,0,111.84071309303229,75.75696890203123,-20.11133342205865
0,0,333.1146325449246,3.3439533167818225,12.932355615066442
0,0,85.11182347266154,4.782418035547943,0.5075234905011143
0,0,72.39104289121663,5.474254559656971,-0.8874027870886607
0,0,89.85337928271412,20.043361044380777,-7.259351920979242
0,0,111.0097006614865,69.61060225111805,-15.434433741905778
0,0,92.78950909118826,8.643343670136343,-0.7729788116756566
0,0,136.4554108217428,17.961932292172122,-4.51774712934143
1,120,571.5213945154876,3.89313458253218,24.411444917404935
0,0,106.03437265555444,10.392453654302583,-1.963141390572062
0,0,96.53443832481572,69.06002015491012,-16.778581243059662
0,0,73.55786904813513,25.641894466584024,-9.504413197608471
0,0,50.65026268259959,10.84348812215611,-5.398920061032726
1,360,114.67968154514513,2.046307141805998,22.441725083158374
1,240,355.44260924148466,1.4600325217676726,27.745914380726674
0,0,106.15232434298174,10.853103743689598,-6.379029705521674
0,0,93.72933067907918,12.532771884049279,-3.6372188397651257
0,0,161.03859430816132,34.28065187781533,-8.992403555791554
0,0,190.65647273823964,61.607856612007026,-17.924992701364076
1,240,731.9841170580258,3.0174485930124715,27.91934424546949
1,0,342.1674047168687,6.038900461212419,2.853217628443687
0,0,87.48232931228674,8.353532176187816,-2.8821844045438922
1,120,418.1010395357166,3.7459314194604154,13.32615797200853
0,0,123.53227026218498,97.56868200306413,-23.486029610146915
0,0,92.25247466156966,23.607129680424514,-6.447610115444817
0,0,106.11935908521734,72.98852903428602,-17.33894432745356
0,0,154.129867537617,129.66681250321972,-35.49693808945925
0,0,215.2276740109522,19.880273605521463,-5.435469155372687
0,0,125.80954835770618,12.775386965519306,-1.852912872858326
0,0,85.58673063433729,9.689565708203963,-0.21103582570482615
0,0,100.90210825743172,39.31196741147388,-9.12276392971971
0,0,89.3740453902416,18.439518690270443,-3.58797240934031
0,0,103.26004240831527,56.18539329702356,-13.601108554499945
0,0,88.4848222989227,18.358460489788232,-4.570216770341247
0,0,85.1195546644756,15.042176563914166,-4.7583518728386025
0,0,78.16129498684684,4.654452207091288,0.9498325246212858
0,0,101.38971747252047,4.318815575832742,1.1634838301788761
1,120,402.0204779720798,4.80200845434184,9.838538450807746
1,240,767.104178143231,3.2642648121778324,45.31058376724512
0,0,178.84789343844668,3.6371636689753513,10.439154679726983
0,0,135.10785955412655,35.777584403620985,-15.265653754713796
0,0,111.94672791098715,76.92770850108677,-19.288046181923548
0,0,116.84974320052336,91.98246343505572,-22.57260343689842
0,0,88.71225763816864,6.6537334997664965,1.094929840014558
0,0,104.88718621977652,72.46543922286422,-17.650443851745763
0,0,72.59081257999009,6.653696499251914,0.003973455455678732
0,0,90.10916610396447,18.258842470210972,-7.07348363378793
1,120,447.48482836028086,8.3289439805706,7.485024064256947
0,0,166.6962056597145,69.65119091316312,-15.847226621481624
0,0,137.61482886451103,101.26939044602807,-25.527870101997358
1,120,1046.878008233821,2.7347229232193255,45.113915082651644
0,0,144.35393419353926,99.55147640791247,-22.98237389606623
0,0,116.78333657054266,95.11498114667691,-21.701274507340315
0,0,113.11280022002349,97.5509795129655,-21.82367196596266
0,0,89.67937078660559,20.19480505301718,-4.563051731751543
0,0,75.97595232477451,10.536694294465942,-2.441053691666724
0,0,150.29207898178285,19.86342844441925,-9.807701460862035
0,0,189.5860994340338,22.017701282872874,-7.121874064027239
0,0,205.1298532892196,6.968609683763931,1.2308066595825693
0,0,85.68818268879483,7.8949857014225335,-1.6272088733308863
0,0,65.77167467881031,8.125108145737414,-1.236809381323738
0,0,66.16818732877019,9.031380700881632,-3.1979797816188693
1,240,690.4495700115165,1.474619861835247,36.04173978337394
1,240,1121.9988930111706,1.4140083938853265,52.07373555381075
0,0,138.73123790179156,87.94497450346171,-20.68213231118311
0,0,120.72142657090897,97.46543432325151,-22.630689918621584
0,0,214.88169750924325,5.821554926298865,5.533660678432682
0,0,196.50542541916195,9.730942210474158,-0.6352050534249543
0,0,143.64407021788347,9.096700145892793,-1.2236047858697106
0,0,106.03908845583985,4.337798644716547,2.3129758323607206
0,0,76.64416762194803,6.264770102479289,-0.8306531451613637
0,0,90.70018851161022,16.168524569986843,-6.414601268785603
0,0,104.29858406059455,52.51296768642561,-12.992212373169167
0,0,92.00270161928906,6.38931563946603,0.38077205562662186
0,0,94.5475843769201,33.81572326551041,-8.713712087991581
0,0,105.3909493180545,51.837002578169184,-12.51474920797429
0,0,89.42462121469686,9.559325701777867,-1.2133063638849535
0,0,171.18137383742268,85.55863985225815,-17.832433718343538
0,0,159.48411463090568,72.30832601343256,-15.986971293739671
0,0,79.84940412026715,14.646283692206978,-3.777058623154886
0,0,88.08493150356604,123.72517240684441,-35.14898986591057
0,0,101.49998331236722,63.449413735534186,-22.613575198863444
1,240,363.26054457426903,3.614486188955674,17.69256207870403
1,240,480.7497208197431,2.4838068665479454,21.154247964655355
0,0,82.2318581654232,4.651258430966744,0.6489907310336775
0,0,84.06351580608926,11.42215902364135,-4.287525351057198
0,0,104.40300049431805,32.86162258178507,-8.030158952210996
0,0,178.25626455167767,75.55006924410033,-14.914514024300672
0,0,168.8221360398256,96.72943091660186,-21.973403307051484
0,0,248.85638592801106,14.841505626755119,-0.8081699304126886
0,0,123.0540699755503,84.19007564831168,-19.82706210119767
0,0,99.5096095183451,35.423451576103446,-9.112882939924177
0,0,101.7364421540824,40.62654335238709,-12.106241613277675
0,0,113.94025312923847,92.86617289591742,-24.558978287099805
0,0,115.76012126919099,96.1456891397157,-23.742554900303958
0,0,81.7247452618944,6.948480050153866,-0.03227973758558278
0,0,88.34680012013641,15.179246323861186,-3.9594659219418844
0,0,202.8055985677783,123.79901460453152,-29.550431615663506
0,0,145.7149300263923,35.43330634730435,-10.438441498778246
0,0,81.20711249619045,8.520531742625511,0.2795579596194102
0,0,107.79659693865277,97.17603615212442,-23.135619065076995
0,0,85.11999110272318,13.242054602009588,-3.4171158291057395
0,0,132.31152601757492,121.45303036815719,-34.49193574821801
1,120,1141.5348212012461,2.0766908814389877,41.60910158241627
0,0,106.45737767394465,5.393421972068553,2.5233299520186137
0,0,110.64920266899482,66.24076865367626,-16.11848356915202
0,0,107.11582128879597,6.2789846172398684,2.112439295077195
1,120,807.8612076176823,2.9648232574706146,32.30915625847207
1,120,600.1062179455417,9.951438203836648,11.627885307695806
0,0,150.8828349920567,64.11311994159344,-17.215405535250554
0,0,85.1756738214779,8.085714329577879,0.3006356431992998
0,0,100.13040608332174,47.624492188085746,-11.495321678421917
0,0,81.13604674621622,9.29947920993145,-1.3998245771430362
1,0,443.6671159638348,1.7541420541494162,24.23053297696667
0,0,77.49017199069927,4.542772019760241,-0.007608966807325146
1,120,243.28040553284077,5.5099370437136,2.2619434262402365
0,0,130.39116372009784,82.96633687314927,-21.233253763944717
1,240,749.0104686442899,5.810406039539154,33.7679919326271
0,0,123.6414478404274,7.449026170002003,0.0772037429296546
0,0,78.1209442870489,5.335374933075938,0.9141235786115374
0,0,85.61626106641303,15.396415880717582,-3.7821259328949566
0,0,78.5549849582705,7.824274108249702,-1.106887575391852
0,0,74.44859416718919,9.567755501941576,-1.578157949121291
0,0,98.62502287490295,61.40670376570684,-14.732333935439456
0,0,71.73624381913396,9.658256955706419,-1.0749355190851162
0,0,86.32351208061259,32.33231307410717,-10.835155313141357
1,0,375.21654931327316,2.7246217827383927,21.754673971311135
1,240,635.0304372862016,4.282834831530518,21.30955387485342
0,0,126.91077841281803,8.858018850838954,0.5325218662886471
1,240,440.106323994477,1.3791014541511133,49.69272348228883
0,0,98.32164728058005,3.4731045153824693,3.009950205617585
0,0,114.06878135913284,3.4865420193368237,1.0941848028160592
0,0,138.81680247043178,3.850480208831537,0.8056546168346586
0,0,92.47589703614966,22.708786064819783,-9.15579391218597
0,0,79.527686783488,23.100540293603217,-6.413560330288433
0,0,83.16766112061899,22.809138679979235,-8.798397982886257
1,240,410.91656314511755,3.2311304001437096,17.38014314680518
0,0,163.9170802597813,7.893988492431965,1.5659624359146846
0,0,123.63682272860902,10.568759301383482,-3.9910903732393592
1,240,358.5739233031182,19.373913441400262,-14.67162132969041
1,120,490.35517118186806,2.838895390283599,14.218849918541679
0,0,78.80287621486029,5.0348084724802655,0.3785263761276383
0,0,314.382158828477,1.9075545352841716,19.381397605169255
1,240,1054.6684196168624,1.127706308499762,43.910294278616604
0,0,105.91083229134657,19.19601496728918,-7.362801128581921
0,0,87.81115435766917,10.905411641889888,-3.8808724234291674
0,0,80.3078796653234,5.647691313180389,0.027048472801723733
0,0,137.90117769914954,6.820846775102664,0.683447380475755
0,0,136.79373548404632,31.34344995570609,-9.04958648176337
1,240,764.4227015501694,1.7785251676461735,41.895819372943194
1,240,847.7557897707045,1.827557956273706,32.1309814050467
1,240,476.9784862626486,7.875030692192265,3.6140538426999456
0,0,135.79728461652607,102.2193615113454,-27.90242518446572
0,0,113.72156922706064,107.96400003866631,-24.543681246747894
0,0,111.36123183180086,87.57940219977725,-18.261564576768492
0,0,112.60102252847199,98.89809424787322,-20.572765077606647
0,0,124.9777877463074,93.92147810908918,-18.7749057744295
0,0,209.08430122182597,110.25332475534488,-23.357455211914413
0,0,131.2842410712654,24.189541243688858,-7.526513806033833
0,0,67.54783097765569,5.7033224893062595,-0.08527777376164636
1,240,228.03766937183516,2.581853041094144,11.883258696368657
1,0,211.5804105882839,12.592283150722613,-7.906953048969015
1,120,912.4167574495985,1.693228039308918,31.5904331397615
0,0,97.46723722454122,8.409457100301406,-2.45926218943967
0,0,81.96437819995552,5.924550822122004,-1.1517641777092251
0,0,79.29926520716312,10.938167926714012,-2.1925494402848784
0,0,81.81563777797246,7.988248657007411,-1.2561327929185353
0,0,172.16638662203914,23.925299812671337,-8.243186751460641
0,0,176.30259691468484,60.36053497228215,-12.415997433488315
0,0,92.88922106068472,7.322938343273287,0.8069227652576103
0,0,73.60958414645742,4.966037601419847,0.5438189551564818
0,0,69.41601906644617,5.02763308000605,-1.069804801923894
1,0,209.1885929589073,3.724876547372903,1.3164383818427154
0,0,86.54938304380232,4.089347860135651,1.3575739463123568
0,0,89.55722475757825,53.32102643664354,-21.460775442878386
1,120,281.49763647184375,5.198704507950934,6.987138425500703
1,240,1005.6518473194377,1.7671762750561144,38.615140538561874
1,120,789.2581009994491,3.799316168002782,24.452036234843064
0,0,261.1388238040798,8.88139685889386,-0.7290691725307852
0,0,93.60021864217833,5.061452904011517,1.2252690781356677
0,0,74.84203474532852,4.8008736214860575,0.44426402000263465
0,0,78.76482673491317,5.035150501627256,-0.6443251541667223
0,0,70.02377349625846,6.450212169307259,-0.24030891846807378
0,0,106.65147366549971,92.59530747033811,-22.20583377717236
0,0,85.39817797532926,10.383304600233458,-2.313234898536237
0,0,82.03670225240975,12.278227295207014,-3.519598073535917
0,0,115.98664972376667,68.58559775203436,-15.156466175497243
0,0,137.59570493402666,10.390977243525596,-0.2747021604889994
0,0,137.07109482439077,29.85202779921845,-5.8742326578603326
0,0,123.24511656740158,77.43483574904687,-16.765313240184483
0,0,108.36801363333306,14.670212195722742,-4.338240720071937
0,0,79.00006695035266,6.101207522865646,0.4329880669418458
0,0,103.07671567221969,46.207585458160295,-13.415176859887481
0,0,83.6307674455228,11.194677152635432,-1.8308259544918428
0,0,80.33376555463049,5.623792590566606,-0.4448189874768502
0,0,70.69363818992603,6.301587870617488,-0.2714472462034223
0,0,115.67776480507187,92.20993898890062,-20.305893809898976
0,0,178.27648807982476,33.021331241946925,-8.36053275219821
0,0,274.72005656067915,13.777066701191018,-4.016553736781972
0,0,148.3014557944764,5.019685188983484,3.1077138811240133
0,0,153.60259345426223,3.5269851610653946,6.991492401752865
1,240,573.6837249790517,1.6986483890823125,37.589905946022725
0,0,156.0867772873061,97.32356171602142,-32.1612374653769
0,0,91.59339622744915,21.315879132084536,-5.998521771213589
0,0,108.73700233355018,90.60432602479979,-20.2426079196417
0,0,120.14346897054432,102.13859570517354,-23.318184882416865
0,0,107.89888219340112,8.458347414386507,-0.6940894118642262
0,0,194.54730271122637,6.141570572016921,5.5589496715671345
0,0,186.73495605522257,18.335112262635306,-5.746598803041522
0,0,205.13626949826178,84.47128677874879,-28.37908518899272
0,0,134.8923950925282,127.94323106921202,-35.679398227763876
1,120,472.1147730875103,4.31555050603376,22.984883620614156
0,0,127.3241477815866,87.74042843923887,-22.515420510926603
0,0,85.93952010713166,14.763411077245783,-4.2427332919680225
0,0,104.36665709115688,101.32886561463839,-25.538961116746464
0,0,111.11095433492243,11.537319966697849,-2.46661745029283
1,240,1137.1004272290147,1.5841474765466088,50.000112092109944
0,0,192.73888399023605,7.299818436368881,3.7292439911184943
1,120,679.4105163626249,4.437909854079639,19.846734101069615
0,0,88.52474789653144,6.373304343619276,1.6920586607706554
0,0,93.55650113304202,88.32909399191917,-20.121092880963644
0,0,84.06478544462765,85.31816899573074,-20.067719684212477
1,0,169.39930011610377,48.04634498180442,-16.40034012405762
1,240,872.9689973736197,2.0076643909699015,40.64982127577437
1,240,638.3017516688085,2.515149235366664,22.82252891876516
1,240,926.899614945383,1.6140463740708355,34.30761022240212
1,240,554.015346282883,4.41171755078755,6.890685170031347
0,0,174.39715287003372,7.4001322461106005,1.0811598617219573
0,0,152.62526651722635,35.35416856377412,-9.470204893899208
1,0,307.171292093973,4.8685859168487955,10.079011095510864
1,240,1295.4543708477686,1.3451937539235128,44.92095573219528
0,0,95.41948030300762,6.9698067857784,-1.3338333035834324
0,0,75.37030073379142,11.386507674164067,-4.358705465247397
0,0,222.03969286747034,4.767987383635108,1.578305747231454
0,0,124.91857951339699,23.743520796787003,-12.27786436651779
0,0,109.62724567012314,4.710560328874639,2.6951957670397917
0,0,109.46722587005357,40.82579022096051,-12.44853600844067
0,0,166.1333023448764,19.905979036188747,-5.914522790048011
0,0,303.7955272694675,17.863624632282015,-2.9701093618688788
0,0,133.64810398068087,66.53320628170853,-18.11237748271118
0,0,106.6490704211235,7.620936426686012,0.6993362234250498
1,120,430.2167466651557,5.384090171555456,9.375421214647574
0,0,224.95095136386226,49.072663450381555,-18.17816268215205
1,240,741.7476827624129,2.9547119644094613,24.80324994058087
0,0,183.00448596405676,6.580824437008114,-0.7220520845904304
0,0,107.32727278572838,35.26030277053702,-11.130919229085379
0,0,92.30139542150167,12.916055702348123,-3.014690062887553
0,0,187.3327177495743,68.9123574183737,-16.574435766722488
1,240,552.0222858430252,17.696111570898044,2.8043410746422524
0,0,280.540805128356,83.23378742196812,-33.19745210967815
0,0,84.84309654077224,8.713284569663974,-2.8137677971253936
0,0,71.10781241883947,5.273467206244725,-0.546323700830996
1,120,360.4910774960742,4.161100882426234,7.423222964444861
0,0,111.15451880727063,49.19945789669363,-12.605004388026458
0,0,117.55015290349155,107.05674020149885,-25.41657422602764
0,0,88.69066811498698,16.77264009363414,-4.060035375834104
0,0,126.05889629779759,89.13492549164957,-23.145230573332647
0,0,190.74609561577932,10.930839117472017,0.8672654943832896
1,120,580.3941274082658,5.304387453339157,16.70912354460482
0,0,98.55629235295469,12.551782026480339,-2.087282553275969
0,0,87.11211631776476,31.906933499632714,-9.808208720231207
1,240,643.1329530285175,2.458442111350291,33.654513784579535
0,0,133.5555790721963,80.64938991865776,-22.131615390718835
0,0,110.78819408077246,118.78674801872175,-30.66228074549059
0,0,78.12414105551161,24.48811373752918,-7.424591660490478
0,0,105.07387976521048,116.79536227487776,-33.63073087023651
1,240,350.557584276595,9.185590723595949,8.998400688502613
0,0,381.1664382579968,80.8698913267297,-22.281457694794668
0,0,130.21987587800012,10.995541285605757,-1.0018373304051948
0,0,116.36409512353409,62.49267789320934,-13.96974873314987
0,0,80.89704862742428,9.0279901903137,-0.10401995066258962
0,0,100.40488606483808,55.20433097003829,-14.441616193428445
0,0,89.7095473740089,14.198415024479166,-4.7034040584622545
0,0,129.99186239977686,138.87788304458914,-39.548307708133564
0,0,119.16289992081222,118.3298620548548,-28.845837783965372
0,0,115.49992472123144,71.01091109167288,-15.302387787365433
0,0,113.51152340136716,36.00126244123754,-8.380844262772555
0,0,162.61683436377814,31.57277012057064,-7.286305358918838
0,0,120.36850106541407,10.050068038939092,-1.6769202915107826
1,120,646.7080284314321,1.7518294091815834,32.114833648461044
0,0,227.83856284247685,12.365053966157744,-4.4024988574534945
0,0,129.9540453090265,98.01575651340579,-25.950237502166537
0,0,100.35018958316228,31.47153671267382,-7.8385311575987515
0,0,111.24651092101139,31.12712509352406,-11.545646035006243
0,0,79.9242901219149,6.0156650405063905,0.5737155542276895
0,0,90.46679607368641,33.39799648039344,-8.357494479934871
0,0,116.54819271159938,98.86163520423615,-21.358287914496458
0,0,191.34819902048997,106.08660475818581,-22.530971180963107
0,0,106.55992365803571,14.288092539955873,-3.2729220694638315
0,0,63.71185052313288,6.553090746425625,-1.1222216034061034
1,240,271.67383095323396,2.529410226383366,13.669266095742927
1,120,399.50831674695803,8.776967869969344,-2.671809149078939
1,120,650.7180910664429,2.248884056691815,25.803681663547692
0,0,104.29815329037616,36.79148874833002,-10.865585591340547
0,0,104.04763773627178,87.66871602726916,-22.77034476369967
1,120,497.52309692723463,3.5010732946002907,20.64016172979585
1,120,643.5853524462829,2.7048459101457967,33.39019994952484
0,0,296.77762292068076,120.78473248848344,-28.842477190644537
0,0,239.6922483185575,6.14259936681262,4.953377095894851
0,0,70.41218653250696,8.261557019000714,-3.210434055922647
1,240,219.83739146206392,3.228460497158555,7.8496801432780785
0,0,68.27551523708233,5.716264998571631,-1.1017938458929706
0,0,87.82786937574812,21.15122684219387,-7.68277082754912
0,0,76.84799561962096,8.537444587595864,-1.5163832690680152
0,0,67.6929778691328,5.388013579778529,-0.28230576707498756
0,0,93.6701621223731,19.459982053027847,-8.833388311456332
0,0,118.43309581846883,88.67713707620743,-20.30416595767271
0,0,208.62081513896646,82.67888077781195,-18.248138055340434
1,0,328.96368537638693,27.498354675423624,-9.568570939906536
1,240,510.8495857799545,5.729437632988672,12.527541502651687
0,0,111.61427532692365,13.23769846825622,-4.992356960584644
0,0,88.52678838703955,88.95074595457527,-24.930461231797857
1,240,262.69401765301325,46.88508112428822,-11.781326135460944
0,0,103.05768243020235,91.39826682257568,-21.32170711644592
0,0,96.29282157653837,40.09088419542626,-9.053734383896781
0,0,79.84353771005632,12.054261375537976,-2.701980513641786
0,0,100.3506997057893,4.97505219020427,2.247296311955097
1,240,666.1900876720933,2.9855602409907718,30.44397412589123
0,0,144.94975742190826,15.96513725358652,-2.8612652395168823
0,0,102.33399979938329,22.20556101747074,-4.297004760518803
0,0,116.41559483674718,76.68878986126866,-17.34451361261104
0,0,118.32109556169017,86.19668755513203,-19.038870868667885
0,0,92.59595723043536,5.949226555542013,1.5393418869361284
0,0,74.79090345401272,11.474549044934982,-3.700568137443568
0,0,97.0001916193509,52.90917641618411,-15.875775812853433
0,0,133.8623101397992,68.67623998824493,-20.831388096613324
1,0,745.1849570396795,2.7415594451270633,31.322779847193004
0,0,186.1819944635823,12.005881849044423,-0.6213663837594368
1,240,895.2010936884152,3.5612074784733907,34.68011825374205
1,120,265.90253027220376,7.258625131768446,2.7156129566493945
1,240,341.0121696796421,34.90737200851761,-24.57904145194133
1,240,272.02806010544236,9.281736109511936,-5.5381204862592455
1,240,391.61039418625563,3.9883680411314524,7.4962366098965845
1,240,860.2694378934592,1.7055381556329854,33.813476189397136
0,0,113.40504380501879,5.473247423699076,-0.7480279914539807
1,120,302.5062773500914,14.708579021989728,-8.581745392727683
0,0,98.07448719975567,8.194133056916243,-2.2391961664426248
1,120,400.3623300409536,5.692542705240795,9.049517637851281
0,0,214.91702066715038,67.70388090425065,-20.555740185028455
0,0,168.988231967186,7.525798176727921,2.3409596408939564
1,240,828.4318912165387,1.5347171580002117,41.19015818298908
0,0,79.96262300332148,15.860714581823029,-6.850204968119385
1,240,355.9536387531832,1.7741689210863574,27.271764253286776
1,240,586.5615326411544,1.3686621199423836,49.19657097971064
0,0,102.5906481610704,41.58656411844558,-12.507325255748228
1,120,1023.0630354155318,1.803297688997619,41.641555614140444
0,0,147.372794556059,26.503573279592548,-9.927663017721954
1,0,446.07684456544933,7.065320004365977,9.795072663610924
0,0,138.44346072379736,28.869279692690757,-9.37860759009942
1,120,250.88429341132408,2.8257290730275844,17.83211124474687
1,120,360.1005956291716,2.166355536980749,15.889624897883309
0,0,109.60814441175553,3.440986940660675,4.323054490167863
1,240,187.51359589706013,2.573739098981746,21.70593480025552
0,0,93.14436739463669,77.6841939486866,-19.23559239277901
0,0,103.44656591287357,85.17319917469464,-20.765343983536113
0,0,163.38131546870108,64.2222949233518,-18.933767784163607
0,0,129.96802266900707,77.75029672166501,-16.084650426017888
0,0,190.01306073679808,67.11794436513368,-13.779758963583944
1,120,398.92097289025605,10.741435288229027,0.6934499011618271
1,240,309.7437384775511,9.95913611577289,2.241462829209496
0,0,99.06666437326727,38.200836543861804,-10.487228225399733
0,0,90.59705872051268,22.804859254609756,-6.404091488730359
1,120,1139.7293045112006,1.4505372647130228,47.3229450922136
0,0,99.50396416127265,20.57909600727392,-6.3870877319592125
0,0,72.04976518570554,15.035765547924123,-4.109588275461121
0,0,66.38286960234043,7.950938601534954,-3.0810300772634633
1,240,348.7264707667311,3.7003361816891713,14.005473378475727
0,0,371.8905951292824,62.293019506717634,-19.553622881449442
0,0,130.76721478468468,13.615945704314012,-3.0806179290260047
0,0,90.58982631526725,6.278152556887558,1.6096078774714329
1,240,1025.2998664547588,1.2849263456366276,51.035608118971524
0,0,138.52812974382567,67.07806322512354,-17.485843470397782
0,0,80.04747906831304,5.611839619453415,0.7109873370609563
0,0,68.39275842086099,4.746359229184466,-0.18343774565023807
0,0,85.97988781101715,7.222482397408478,-3.4499555893085585
0,0,87.54348167920905,36.08083701133017,-11.216519247634949
0,0,145.06984028831073,14.688377643479438,-5.525666211955468
1,240,647.8422237443083,7.162265413603356,13.630841198527335
0,0,163.36493486434426,68.58881047964199,-13.535460737804897
0,0,102.95265384932642,21.47731508456128,-4.018413687802308
0,0,102.93779227679234,6.616084573727561,1.2705525447387345
0,0,104.27391679756313,87.90559151672107,-20.54813657844248
0,0,85.20339615224229,27.1053749174011,-7.213730281463384
0,0,90.86807553619441,44.144285153193756,-13.335098570929546
1,120,528.2147948232658,2.7729361071056386,21.56651244905497
0,0,81.6829605507116,6.125765937580882,0.04844847743910918
1,120,620.718119452662,2.3417217319718913,27.868100481278532
0,0,273.9302280292221,104.6729901716066,-24.756349737277695
1,240,1017.9060357380274,3.1896620734257404,30.88052365259047
1,0,321.6564621456665,5.390944742494697,4.309316215585838
1,0,308.2823845198741,3.4469004802199024,7.654617780020317
0,0,102.81736932863852,5.672774954712376,-1.417774161279624
1,120,445.11373304561994,1.5884269019160882,25.463099268755684
1,240,345.33578768939964,5.427507116837122,-0.24525469731760552
0,0,77.29433591418312,9.925272522866026,-5.793911307121334
1,240,340.38959335350006,3.1324252103347394,10.988886453175084
0,0,89.44453300123853,10.745370879548366,-3.1899904465542477
0,0,176.85636336646996,102.32650056235016,-22.48981976463817
0,0,202.60665074323728,27.327027853682964,-7.493795576721567
0,0,469.79673052606034,2.6568463157653928,22.735840406152562
0,0,82.67332962291184,9.036910924134304,-2.7509257588161375
0,0,89.06041066308624,7.5949106257095425,-4.021002824165848
0,0,106.14313079963686,61.58183712819158,-24.311245492675262
1,240,278.1083590657512,3.2719744559845516,17.86746088203678
1,120,442.2628050519179,2.212482093116878,18.745938998329294
0,0,236.8128894904424,2.6999264209966243,10.759763736857423
0,0,141.9301715516523,4.639110981539102,2.9435626356758178
0,0,190.4710828395192,103.00963474591978,-23.209404167486007
1,120,723.5266013115319,3.703803851866781,24.388713356923446
0,0,108.13824306606116,14.810259143416262,-3.829602239479385
0,0,147.8873042376797,5.899712647418465,1.7335059783942768
0,0,114.10953448900321,79.664216022296,-18.405642089471627
0,0,115.09098775128884,80.46609117432084,-18.338150173611538
0,0,105.57695136392738,4.917132396883755,2.6724642065583026
0,0,73.7199973550631,6.160093390597386,-1.217042117780906
0,0,94.58709054036883,29.695122153649088,-10.170994280328486
0,0,80.25261638072867,7.014708715127016,-0.11171866838029132
0,0,151.02157701055,46.22913961158178,-10.394669242379194
0,0,113.0136890616211,10.660422210325574,-1.7606709269435328
0,0,111.52120628763693,20.692873492065676,-7.9849124732702705
0,0,106.63322261151048,90.63261968658468,-22.934189539945642
1,120,473.94572789255693,5.287570719461559,10.811483056707004
0,0,84.67793583822805,5.985170750555442,0.5193225547863705
0,0,71.27686705743663,5.931240244422988,-0.11302380446558402
0,0,102.53492009808217,87.11053889860456,-20.156648592372292
0,0,115.77290834304183,63.86244777246025,-16.266339107365212
0,0,167.7979911816869,5.471221871138595,6.782512109553153
0,0,186.33342153140106,77.32158890578131,-16.69044492766419
0,0,128.21697573946986,8.431999438197701,-0.8597043119505798
1,240,277.5223075197043,3.962608914595447,7.708408408960722
1,240,589.7251091249328,1.4000981181120271,46.91128297831487
0,0,80.80791320039488,7.292671922345071,-3.0625415300471133
1,240,412.5254218944144,2.4319479380063056,18.282874601686743
0,0,90.88395735398255,39.95518074716406,-13.126683661568407
0,0,125.7468486188152,10.205494566376743,-3.7316906133236216
1,240,691.3316060418235,1.8091765969776494,32.343015821365015
1,240,461.8882881031828,4.833092496397165,7.214570277254424
0,0,213.70379035525986,7.133502025773593,2.886104944212363
0,0,293.61753794288285,168.01007395467562,-45.749875817448185
1,120,344.9371211883478,61.44285236600204,-23.845597243620936
1,120,595.036415229084,3.5871146070677247,21.449050201378626
0,0,97.8864333273163,6.141909893809187,1.3366864849959228
0,0,109.38573094637121,82.80497131189539,-19.657262311315563
0,0,81.01604323222242,7.1753545712496924,0.033045758051954977
0,0,93.09872275557603,37.17939131379061,-9.771041403535065
0,0,109.20297101319456,43.48490710488905,-13.113700992088397
0,0,109.60401808650579,32.70622042053995,-6.997896703827962
0,0,174.18354752200943,46.71012103250591,-9.367770205034901
0,0,168.84160005206135,70.65438496257796,-17.17567550194967
1,120,641.3834818110948,3.8200987253274854,21.111691017161633
0,0,317.2380066715153,2.9708435119286065,18.743170207605843
0,0,107.6322694363994,66.50143998626238,-16.590868856703295
0,0,78.09597661847047,27.222159370841336,-8.905820722214202
0,0,102.75198294391188,3.647691669051342,4.783381799797539
1,240,169.85843315254596,2.827021158070341,8.17141996608565
0,0,62.831214496035614,5.3905237488348785,-0.9737689786437613
0,0,105.91817805717578,53.91394795095237,-15.430978037453215
0,0,181.87493843511564,63.444121759497364,-14.450007108827009
1,240,452.0924373045342,3.750708772486498,30.665012396012543
0,0,121.19043331419876,3.8714324270523734,8.368638181662433
0,0,99.42106356635136,50.402905950639806,-22.92974573651353
1,360,214.73559838886237,2.929557029203035,22.8890327356457
1,240,809.4074459804968,1.368052288290459,47.35145729592308
0,0,91.44781289772446,7.81363600908154,-1.121106689584252
0,0,96.02841935092044,61.31892049608642,-14.301744706328108
0,0,100.82141819389423,75.39650808406857,-17.110825561970742
0,0,204.79208409377662,5.505798400789847,9.375548029489863
1,240,528.4729395446589,49.596013167856995,-17.027217593235576
0,0,430.1201181035382,4.289743549564269,13.728858503718357
0,0,87.76820770050257,4.8667426595065,1.5110885968630043
1,240,479.6689410139459,1.3293403871024148,30.54508782681495
0,0,108.01447598068572,4.424368116968353,-1.869911345677707
0,0,123.09800853782501,6.278715235444679,-4.644847305032229
0,0,82.12002228149103,12.901775308622554,-3.6764944532144455
0,0,88.66604619618907,23.0723206328475,-6.43607524874767
0,0,85.38577065943409,12.318774444479622,-3.414590100163352
0,0,93.01596952941368,8.849770443441855,-2.2159731984472444
0,0,161.60975027349895,44.72161591408987,-10.51477874988845
1,240,705.3806099113494,43.23272242691586,-14.133915830453347
1,240,496.89267604869474,11.990143996024948,6.997019415296251
0,0,137.42748916374947,82.99068862645379,-21.9730228625246
0,0,133.2918003297892,7.029045060850245,2.2616580928450816
0,0,95.32033513643007,88.66009879046813,-20.92191804215713
0,0,69.67536541002734,15.217472367682445,-5.547393821602114
1,240,469.82289414879773,1.5386407918361784,34.77369703945273
1,240,364.3724531963733,1.9153402106360995,24.42900877306289
0,0,113.63536983915125,8.824862779967027,-4.619695694643596
0,0,199.59583898216619,6.345959609665688,4.234548298149022
0,0,108.6552013362916,13.015930018172732,-3.9718515048727596
0,0,133.68816561099015,65.3877064483075,-23.105040836228454
1,240,451.3532809540286,4.991935254272642,12.715206333442197
0,0,86.02366766847456,8.097178171937326,-0.7787541709518706
0,0,104.95881877266966,94.6681521031637,-21.668503438510413
0,0,109.48634980053794,89.68651111400908,-19.873967740991773
0,0,77.36251663730003,8.464506646387077,-0.5074179640050431
0,0,121.14184696798891,75.41130828990143,-20.871086426203632
0,0,129.32140256304442,101.56751712879026,-22.027754034878697
0,0,231.8815680631353,128.59140788856567,-29.815876216395345
0,0,122.61472969703681,9.581875259286763,-0.7775124422877155
0,0,92.98844557967091,43.11253392613406,-12.735185107594702
0,0,90.16345448753864,101.73517097261995,-26.00658027980814
1,0,253.71957764446393,14.942181319578484,-1.952177190665239
1,120,390.0553136979059,12.502141775136266,1.8864710979616461
0,0,110.20884214522727,99.54086357738841,-25.778651736588763
0,0,141.35594351449416,5.106924280304069,4.192086461787028
1,240,240.15251496083752,3.155731247876526,11.066180099554288
0,0,88.63409551564953,8.528438120875618,-3.097780204350016
0,0,123.7122188528838,7.526118998262896,-0.0493469017778807
0,0,147.7611679161032,60.900204624043056,-12.104048773296313
0,0,108.88065286532134,64.2248290073749,-15.351311896732739
1,120,667.3584725370389,4.361623366301165,23.429528161413273
0,0,116.87407038180342,52.507740686902196,-15.689431970003511
1,0,299.28524972245117,41.22928353983382,-13.663765654497524
0,0,121.07725410734875,90.44638255991897,-21.250151841680605
0,0,76.20045162490047,7.054035298644202,0.1446163995133105
0,0,105.50434391001369,61.503316621538765,-18.145227810817516
1,0,376.079858175139,3.5983837454998278,13.644389250845933
0,0,151.43359738837157,7.287140345415036,1.4251239856418465
0,0,107.51692504239911,6.871809569230154,-0.2544804770946172
0,0,61.420821788798676,5.702807189456835,-1.6557739165579761
1,240,156.49180331710815,2.532492324125482,15.735925309020985
0,0,140.2552235820093,37.96754920187278,-17.852253821404005
1,240,917.0859438629634,1.7646485081940495,40.440862119381734
0,0,95.1167962082458,5.202101335679893,0.7354678855757868
0,0,99.32915080501925,40.03987402259107,-12.689690282921134
0,0,81.03567161730463,10.876965465788798,-2.1069758414941333
0,0,120.8205717374865,101.56045634766608,-24.023101035172502
0,0,167.74601535402192,36.245494715930285,-8.39243725293909
0,0,317.1233991213096,5.62667592334929,6.49986296188321
0,0,110.61700826320015,11.966633327588491,-4.877166812166095
0,0,75.6949484416614,4.997457806686925,-0.08596468749074404
0,0,109.20148598954698,5.993641161040034,-4.7209943338790055
0,0,68.80748244860578,5.386183859209861,-1.2806714649027526
0,0,81.01097034609808,6.514891324925833,-2.5727086337766565
0,0,81.47541432589055,76.42245113279043,-19.191524235081275
1,120,364.9272625655293,22.50576153395268,-1.7371467736976882
1,240,1125.1624694949492,3.154546103345427,40.23540093905574
1,120,878.2854273761579,38.44647664301181,-7.3074570178233955
1,240,532.0802093533681,4.721607689832143,25.849271599352974
1,120,283.4221137585122,4.210150479214354,6.31878193498855
0,0,78.83206656518469,5.439622529233845,-0.9070432357892031
0,0,146.05674619467635,8.85758025937342,-6.899953373961623
0,0,117.40127644880795,5.8089449704389455,-2.6140661242203294
0,0,70.66611990821245,5.092255832401175,-1.3155085588717128
0,0,55.05016669721458,4.676939946667285,-0.9481153928377068
0,0,52.26455707188891,7.636222151466326,-4.200984789093951
1,240,173.94495750131912,11.748239143944582,-2.1335329830515377
0,120,242.50792117070267,56.19833445261157,-18.664233404767742
0,0,154.75664954141746,7.028273915979258,3.346094080929248
0,0,81.81437380746327,30.591115785352063,-9.93488089582928
1,360,329.4369658136854,1.612726538642142,48.19147881128943
0,0,63.058751859806975,4.992706850369417,0.7750869558896483
0,0,74.36585227708521,21.00655843998388,-7.3259667008467915
0,0,84.0571959535433,46.51235057470947,-12.950928858050162
0,0,175.69864573245852,51.227790008025295,-18.16721433410052
0,0,116.36110240412218,93.25904255484777,-21.094354523968647
0,0,122.87038048558661,75.48717197911694,-16.382374688065738
0,0,179.3216046459635,30.680223853884836,-7.964125407037301
0,0,150.24031853922705,28.942214024093246,-7.141250315139658
0,0,104.71808623694584,70.39226970747156,-14.945678771794832
0,0,99.02745294733636,104.8400736660408,-26.34698302024023
1,120,334.1852098981812,5.266937517872548,11.33701433108368
0,0,86.56675555326723,22.385125417189595,-10.22184703208903
1,240,409.16872432010143,1.8539369542354098,31.660720266103866
0,0,98.45481195835119,4.143741323926169,3.611295619880025
0,0,102.47566652093823,78.02973904701479,-20.783795543090122
1,120,422.85343261757896,8.6089449234454,7.638491159241724
0,0,226.46522204204973,80.69824503713143,-16.98117323757873
0,0,146.6739719012638,13.15392027872643,-4.962280707153525
0,0,84.23228704322698,5.836228788911209,-0.15611971503905409
1,120,362.03389236925847,2.9009389360768756,11.133043225154665
0,0,93.90498857168178,9.670971595949059,-4.322499827771992
1,240,689.1117337459306,1.5671237428389557,38.543807189770575
0,0,97.34959161069013,51.25169414534853,-15.231561697943306
0,0,60.948952690768344,5.40126292257946,-0.19051295705997973
1,240,213.9944922363157,1.8385259014925945,18.844643217249413
1,360,371.47165975585,1.5137788149723437,40.91529758021679
1,360,304.77766069525586,6.485626174020274,16.533041136077316
0,0,163.05353334068946,58.00427361736972,-12.552434351943148
0,0,181.5102347649656,4.905516040208104,5.936223827396688
0,0,90.38757969773812,13.451022678950794,-3.4331737585114297
0,0,73.62845301562828,6.988363446292935,-0.7116902551845214
0,0,63.21275221287762,4.935561360500403,-0.14321630483546244
0,0,71.8480910391245,16.133547351836214,-7.445891270044385
0,0,80.01720045638432,47.892545574556806,-12.996830547009424
1,0,322.72490831994804,2.8837445262150676,19.041639506852178
1,240,621.8694548858065,2.532439981934122,21.451512522899876
1,240,910.0603990108297,3.4619129877858312,34.43639069475336
0,0,145.48232544452577,13.304684741326728,-1.5824273821452408
1,240,763.5378541773846,1.7687915505692307,48.173375992551726
0,0,124.03484307433322,69.92211409564322,-18.070090016757348
1,120,689.031519796845,2.0663208103886523,33.66454272502442
0,0,87.62601385223304,6.413989567982887,-1.390730896160079
0,0,78.56208133081537,8.565588442419271,-3.2698520934899307
0,0,99.58245502948473,95.39110966984263,-22.00150864647526
0,0,104.00780282713006,82.41148798589393,-18.297204831405324
0,0,106.45334203716193,9.409553033458685,-1.1232836777103188
1,240,644.0752515451641,3.4685257017029256,31.82287417778589
0,0,185.46110050312436,98.4192173440224,-22.630663498862774
0,0,89.30491810625008,15.4117340937546,-3.5215901233503075
0,0,94.51972034542597,65.09682825659712,-16.50968622182704
1,240,741.0737314196998,2.0163089746085023,43.07825153041135
0,0,84.67956256260535,8.937329905071627,-1.8050032822293787
0,0,65.28943308736373,7.064410784403988,-1.0413612895873428
0,0,61.97622630101949,6.426649609905229,-1.285115268334863
1,120,596.7412223764958,1.4422623478009031,30.801116425506336
1,120,464.28341586160593,5.950179995631185,1.9063123368291457
1,0,463.7079521940845,5.360360207386231,11.6794883806066
0,0,138.28802069131265,22.643019003827334,-4.391423694559677
0,0,126.61214129089731,98.90814394861437,-22.89402622260026
0,0,90.62804016806086,19.3039481756801,-4.8715816751533225
0,0,198.05628889379489,5.893301631428422,3.3734015436369162
0,0,118.59991725356545,87.62155751775683,-24.15375202644759
0,0,99.81223693281503,95.11791952900569,-22.092540567436487
0,0,100.75165609063352,86.0804590118621,-22.00084815250497
1,240,503.6370413088105,4.176996213245578,19.665251493841012
0,0,102.62302394379914,11.524183881569602,-2.7697894666076195
0,0,201.0882990840336,116.15839751389409,-27.439392491533738
0,0,116.7941851784108,8.44698464660348,-1.8150956300954135
1,240,256.25135025058034,1.9002731047498729,21.634781105824132
0,0,117.27374579205087,3.1806702715435913,3.7473151061456207
0,0,355.62840723830675,1.767306904921621,16.9819656778039
0,0,86.4292831733123,7.116675816154456,-2.6714551243108673
0,0,77.94973012933065,4.669561953814442,-0.4636721273648021
0,0,91.12983646021019,5.014209112825323,-1.1884189510844294
0,0,95.73174336709918,35.48792271663394,-9.262904898359935
0,0,112.85473485103908,39.785191358657805,-11.08573615756579
0,0,320.2323131315874,173.13169601255876,-46.90389880826621
0,0,142.978133468444,44.358693208230115,-10.417273988018394
0,0,106.49339233141285,114.32404556374313,-30.251717693558433
1,120,177.2808760806245,6.720487842782186,3.118736204500209
1,240,196.52936717445712,2.8942810995810224,16.488011299158842
0,0,74.81951566535982,4.885295710214734,-1.3024466301152557
0,0,68.40233172216155,4.832609233578659,-1.208254906000164
0,0,68.99100189769379,28.155915186255932,-9.339934347151015
0,0,78.02694002294598,7.159339214370851,-3.214106402397462
1,240,166.63698609074572,4.385333025309948,7.378467893018026
0,0,168.84179276505378,10.671370752835596,-2.8484516564932534
0,0,123.3235847634969,18.32934379216679,-3.588854829284628
0,0,118.13427731961404,85.33455029672332,-19.16052857404351
0,0,82.00479691610373,11.848417585950026,-1.064314776042849
0,0,104.74831950464105,101.08499432057572,-24.09953339741444
0,0,127.30943357781143,90.71041101236476,-23.55890587285281
0,0,107.44166495082487,49.02052340817425,-11.47223080922059
0,0,84.81573129584676,14.18054106858125,-3.2698098218758247
0,0,108.59303439214442,93.84674067943949,-21.962639897311647
0,0,126.64134297728009,94.55354797272909,-20.1155183118544
0,0,188.8631196388342,21.31456335768793,-4.6275159432518365
0,0,150.33076894902834,75.92142445747851,-18.43280688548171
1,240,315.4358681268666,3.3204006843471197,36.00019735461859
0,0,94.43460355109171,29.126837567342534,-9.466685782025507
0,0,264.385674972706,2.844342587991355,16.359568999720395
1,120,609.0345882128413,2.297628399234632,24.871740523324036
0,0,114.32065724024264,88.5216554992237,-21.159843822110815
0,0,99.35906666307987,101.1416033029833,-25.38735925673378
0,0,79.26123839933275,23.179358609275848,-8.144202483097118
1,240,545.4820149779541,2.748640757024567,26.016561512147987
1,240,604.1275259504639,6.504397618009699,14.098153892386804
0,0,125.42199119386524,25.094828321712985,-6.124105452748623
0,0,115.06944924036986,75.92676697080354,-19.834781954722416
0,0,108.42025019034077,87.91599497847969,-21.62426619435628
0,0,193.4819399448238,23.538498238132462,-10.40128474998562
0,0,72.84780669145773,7.703135325959246,-1.0602619850411514
0,0,56.38277703988808,5.836117336141675,-1.2859078610992043
0,0,74.98541887972779,80.03897889282204,-25.28637237065235
1,240,230.18959333380795,3.231892069273157,27.47251214864079
0,0,92.46450996550855,15.847668741852301,-4.425668985931253
0,0,127.33425954566015,8.526248773354245,0.10152577289160547
0,0,110.36886194529684,8.857133545843707,-0.4432073821893425
1,360,145.26910552248634,1.711322644616963,37.76075724230553
0,0,62.43271803585951,4.038669789480127,1.0390361982727399
0,0,62.73883128828079,9.812925423820925,-2.3698841453800554
0,0,94.81448053538128,81.40211394809226,-21.75555125984286
1,240,921.6997196229746,2.3019768621496124,36.85158993417747
0,0,146.94865593183096,12.638588843496414,-5.1549124526006125
0,0,90.17068689278408,17.075132837117028,-4.7266323104094
0,0,124.70805757325161,94.43526905948036,-22.42507021974272
0,0,150.20699052759454,12.284147377540162,-1.530369889382868
0,0,102.22735016215925,8.798023870121325,-1.7408191201725032
1,120,308.24549698591073,2.5545383136554305,16.381677053893938
1,240,718.1062423257804,1.4261658830867425,49.74123015946692
0,0,112.15944904645794,88.11893106909243,-22.45633536232036
0,0,60.511256140719716,12.159541376297883,-5.150130476255711
1,240,193.0476328762303,18.775476143063965,-9.066706485473276
1,240,616.5851739448293,1.9573714415240842,43.91630741572213
1,240,712.152408432741,2.3416066693960564,39.85935266003504
0,0,228.74086774516442,130.9627618436213,-37.69122587360435
1,120,758.5401941364471,8.74349323369138,17.2353840043247
0,0,258.2992998851064,20.801099094766954,-5.934025856002734
1,120,787.689916027614,2.428006480751729,32.25281876478223
1,120,542.4264031141716,16.103102245496114,-0.021452920424593458
0,0,125.69153998998696,91.04890976879396,-21.618136810311995
0,0,110.67443673494515,105.70226146173772,-25.968276913483088
0,0,213.4259208922884,5.379218286726874,8.329156494094391
1,0,307.3504698327021,27.191282892648303,-12.338915145179612
0,0,186.0858306803583,6.787576092880689,3.1701384872440457
0,0,134.78941833821875,90.05309416345774,-19.87412625954464
0,0,170.60824539792725,37.91786021814365,-8.528858319538628
0,0,129.70958321009618,16.903787966344865,-3.318966425120678
0,0,154.8727534513291,121.57358345937534,-32.81010145783786
0,0,334.08159832460257,4.7415577355787475,10.684911276192423
0,0,96.13870786288395,17.722152713551292,-4.450920991403379
0,0,109.2879914510326,91.86098623342457,-20.876169587798984
0,0,84.15614840712841,14.138846903356594,-3.589515323254915
0,0,167.4221328300925,14.920563994546743,-8.212809312779072
0,0,93.9226671547229,14.647228559006187,-4.376871691406251
0,0,120.4092201871093,4.581554876203383,2.594050362405497
0,0,124.6081642268211,8.222093714069889,-0.883371131894009
0,0,120.94308052038194,9.338472337591607,-0.8808348350480912
0,0,90.84153215550137,15.457937809500406,-3.073880890529054
0,0,77.49728536733171,8.322076324083518,-0.10395654324143777
0,0,104.43300704084568,89.78025778363825,-20.28064708837863
0,0,108.47557015522739,100.60806671212727,-23.200416165538307
0,0,87.51802089209116,18.87217743915026,-5.491288821789823
0,0,128.93446888241428,7.459153481578616,-2.7516021046417194
0,0,98.7797600717682,8.09694894923723,-3.2992361492401727
0,0,162.3440321189018,11.268753085280515,-4.395238707732062
1,120,948.9013625539292,3.285813776502753,36.294460628262115
0,0,127.77469942183635,17.592192467113502,-6.349687921385524
0,0,231.78172006093828,11.419911919219166,-3.4923381663941058
1,120,664.0353750397595,2.1733294571408073,22.58084096515671
0,0,129.77190885906066,4.0909027841996775,2.0130058908138864
0,0,101.55100691112843,6.072997789077253,-3.031297523276521
0,0,80.2370633086335,4.694068026338317,-0.3843071718947755
0,0,72.97211790763534,7.357773425300827,-1.6102315363185653
0,0,72.2640677013201,6.334327460087471,-0.4707209190157329
0,0,115.75830749985045,69.42795327191524,-17.05008125251112
0,0,145.49555462465338,16.80022442848094,-3.4864729799379433
0,0,173.86856380390705,67.02450813884637,-17.458874180602905
1,0,272.2046985670947,35.18058019838607,-10.653213002109439
1,240,1445.466517203955,1.8392803510094409,48.46785062426575
0,0,98.5385400855341,5.1435317772252525,2.1936853373746033
0,0,82.35677586072404,18.026912415391017,-5.703967880223146
0,0,67.1818236607921,7.489195192064614,-1.5945434835362278
0,0,64.41445375339728,4.979512105888785,-1.130501555817645
1,240,369.91945862632844,1.7693509577393922,18.099500339727243
0,0,80.57442440597485,5.299752010823271,-0.7536289803220342
0,0,139.5464251958411,19.073828438719946,-6.904782905872381
1,240,826.8140996532396,3.91820649219369,32.415342553087626
1,240,669.9540671518257,2.740479210591579,34.90019484464263
0,0,147.88441354279323,118.86819968809075,-34.916945124268345
0,0,107.56911625517328,101.80890487611804,-31.89551809915342
0,0,91.45961940252558,37.91342376620009,-14.9766585809773
1,240,516.0190097774416,2.4600638168308806,26.551582763889797
0,0,81.4636815054689,7.249871351489249,-1.1360338533127958
0,0,72.91081250392492,8.608961167573753,-2.0064433752642543
0,0,107.2427964786925,54.450610634064795,-13.707532626944811
0,0,245.0165908898439,15.535328446781108,-2.164142915610654
1,240,805.7585955096556,4.098895797801002,29.59076386692611
1,240,996.9653431936998,1.5763894387741706,49.638594680435645
1,0,316.3208968765855,2.755606780733342,14.91269619235527
0,0,106.02553053001928,26.71588584207135,-11.0887638619256
0,0,218.37789661796091,5.978535926574756,1.8837234430452412
1,0,367.79514930256545,3.3307387183665362,8.82821517014186
0,0,125.37373359334836,4.787566973010104,1.5513311734848259
0,0,102.75992952083514,46.44813934023263,-11.004690905435353
0,0,119.76314421194881,83.46391979325033,-16.7906920604989
0,0,189.22899092299727,95.88571810955192,-19.089776459946066
0,0,162.20245608581388,97.82181606009439,-22.438692247385973
0,0,214.69968575591957,11.447514303097467,-0.13724015539229129
0,0,254.24328086942953,33.54302766813665,-12.27509029184256
0,0,116.07087663751824,87.51420187837401,-19.743744749809423
0,0,107.37575710741282,92.50415986124544,-21.817642977001867
0,0,75.3067961347556,10.852717494415423,-3.0142831986018592
1,120,358.95907722258295,4.482166981777794,5.492858002924052
0,0,78.82873376402144,5.093444361125681,0.2896608753889609
0,0,81.58222833596108,10.515927078818017,-2.9480065916471005
1,240,844.8447806675969,2.8887323760710593,38.0778577554658
0,120,317.89001140520764,9.084887054773754,10.67013734706498
0,0,148.60788078850308,129.10776902104294,-33.050494843264545
0,0,117.81055350050191,119.21078474525235,-29.249996686361598
0,0,135.28640247358646,48.70365100129253,-15.119140340248222
0,0,113.62256009318365,79.21414537272476,-17.532072764366305
0,0,98.2076518775268,27.418967815258636,-7.399165284610191
0,0,85.38219980104489,17.10043216457548,-3.892433709885111
0,0,94.11940444788013,35.18323340601708,-8.47163312195272
0,0,89.02902678546563,5.885996737153168,1.8332405679080495
1,240,875.6754132951138,2.5809774374533303,38.08297262077171
0,0,133.1984025448095,13.28509251762968,-2.4020264239502467
1,120,858.7224740229084,1.744934791953694,40.45716839452024
0,0,147.95986634735988,46.62172409581437,-15.355692292743697
0,0,90.41254736631655,8.12720002848867,-0.8949641220605429
0,0,98.93389645753938,45.687231879914435,-11.427031885845722
0,0,69.34259541632925,5.711158927559291,0.7193624006042398
0,0,75.40939313110935,22.805227454852425,-6.855499487785238
0,0,88.19523135158794,42.632469396010315,-13.616051570083783
1,120,381.45600653321475,4.763108730419712,9.922046024459434
0,0,150.09987611197698,8.709115243386666,0.11966557929164878
0,0,237.51166680100408,25.82940404997072,-9.327733702531816
1,120,304.1044121881623,14.31730760479901,-2.7502811167011316
1,240,896.6659844963064,1.8040950049642863,43.71800070608229
0,0,200.8299729857065,3.3890752187018878,7.928960555519907
1,0,349.3331539390266,1.8989178480968538,15.470100263762248
0,0,96.73804526935027,3.3913067558344014,1.6766189537211602
0,0,58.79185381814582,3.9763694962137137,0.6513315216643747
1,360,224.7555857337688,1.1450186010985772,41.98855272637191
1,240,470.3699723261396,1.690040805958294,22.11253488836593
1,240,584.6720384306416,7.813697375788651,2.370782264640482
0,0,313.9942162386512,58.77418032479556,-18.12175121313753
0,0,131.37277568720074,29.756958135580074,-8.619266734191896
0,0,115.11250359009104,52.79606313575168,-14.039148155596152
0,0,91.36035520733506,6.005297225584993,1.5093448927814421
1,120,594.0962025471791,1.882975589795601,23.47514980092913
0,0,92.3410659577969,15.644061227267633,-6.626535290020442
1,240,780.7080830165874,1.6911767668785456,33.923202731693436
0,0,102.49603741784424,13.868569876204305,-5.329726712705167
1,0,376.61219947658896,2.9337565876081118,19.653859293841464
0,0,221.203930627464,86.36690436143522,-18.937292179989072
0,0,184.3900923796493,91.31686569049491,-25.570041321012425
0,0,85.72537629633437,13.725889574814422,-5.587837188390907
0,0,69.65205280597215,6.789154931911458,-1.255345484105959
1,360,209.74594160514,1.6466512726432243,40.72210573588289
0,0,143.3668809184147,32.79924512890898,-16.17105360523533
0,0,110.269977508062,107.75128137297868,-28.31425638482083
0,0,67.88309490419705,8.191422994835994,-1.1738827997862842
0,0,94.15908632023374,82.3927747500311,-20.24003463513344
1,240,719.5487784265492,3.307724398296425,37.41455272283841
0,0,244.22930163546363,94.12310744982105,-19.385852129044068
0,0,318.68822861986473,138.71183195475697,-36.806253780595945
0,0,117.7688821499029,15.95332957717693,-6.779352458938462
0,0,177.64691740566323,4.581734915292631,7.030118089135414
0,0,88.92865732458323,62.37188655477532,-18.387016159509457
1,240,255.1207598042684,6.4157015186209945,7.006710182828343
0,0,73.87518232623428,5.445076044102628,-0.3891525556608286
0,0,118.61134400041088,2.7636435632360628,5.154420892547549
0,0,68.37718267664906,4.421737470626717,-1.0295886450608975
1,240,252.8505327370586,2.170085369340947,14.906122956362935
0,0,135.38156868367318,8.265063945821844,-1.2865366513589152
0,0,131.10055158130172,22.096164032624884,-5.49180136511076
0,0,86.15864044755705,11.660645389154954,-3.3706434733561537
0,0,189.98260074793532,34.67863663227377,-15.521264921215959
0,0,88.72238073830056,7.539446854350867,-0.4612626453611881
0,0,102.41899756510459,55.08318587058681,-15.334641028922618
1,120,1384.7486840714057,1.5905998925026625,47.01442571671534
0,0,127.9040778561091,5.449046379807609,0.8396251427146098
0,0,84.47591594186648,18.215575331890786,-5.880536412312779
0,0,114.32086128929345,11.136013287991187,-4.644429872843006
0,0,305.5540446614761,15.873264073427412,-3.6253510841069527
0,0,157.22017907609586,78.39792485046095,-16.144787081024845
0,0,104.31125777386161,34.810062460069645,-8.938216630468972
0,0,213.5962111612488,5.559464488610775,5.664417348743015
1,120,720.4671351879007,1.9297936494512073,29.451457762664347
0,0,104.23042034156519,22.04466473103595,-8.926333022955518
0,0,147.37533383313576,11.70246499514856,-5.107351602787986
0,0,113.52009346150123,105.02515565469027,-27.122550892009826
0,0,185.04221047392548,38.624086332618845,-13.948132086490219
0,0,138.22403997782493,9.960824602670042,-1.2873979354961733
1,120,954.1058829881559,3.1877202232488577,37.74036118850297
0,0,281.23883425906473,61.56572295286526,-17.92695304746789
1,0,290.15044983208094,12.539573661571373,1.1751666475253586
0,0,183.651423479654,100.92793886804488,-32.055310084397696
0,0,128.3038779629987,77.46500651010811,-21.056294219424657
0,0,92.61539857055432,18.56733832157192,-6.197763740315338
0,0,73.01682165385058,10.055078450084462,-3.476518014817728
0,0,180.48168018011768,2.8422804861420805,10.779567988062595
1,240,356.99512778064087,8.685341961541832,-2.399241781371501
0,0,164.42925471337605,19.251658326511315,-9.855241174867615
0,0,149.84995003290825,12.508449009195164,-2.451072064208077
1,240,451.38107696917245,4.967754515541618,19.21013416064899
0,0,91.5730480026599,7.90998264169879,-1.0064396523901706
1,240,790.7111116181596,1.3821950581508131,37.6113482222742
0,0,95.86981655814816,7.413895083857805,-1.7737698433623166
0,0,93.84183539045567,47.06388926958708,-11.47252142656751
0,0,99.31382445409164,93.75300844903552,-20.691886486136355
0,0,85.38264757535084,22.659992313053223,-6.525754478057749
1,240,898.0455374567248,1.7311305542404776,44.61274282589925
0,0,117.28041139437738,19.52196784192031,-5.566844048039215
0,0,164.40126598523975,7.916357559625826,1.2285504121800699
0,0,141.13035595276386,26.53679613188104,-6.997088259208326
0,0,218.5509755572824,4.230049085221173,10.574983943729151
0,0,155.23556399972998,94.5345242935244,-31.848232014832426
0,0,85.74222167908468,9.232424350541226,-2.0598429917742465
0,0,95.81381642975884,35.51148031255231,-8.749172688268501
0,0,110.61051270174931,80.42907622051345,-18.03878788651737
0,0,82.10851618223695,8.991063676760692,-0.8013219289287292
0,0,82.2240419531713,14.308948195858166,-3.4836407817933406
0,0,102.52511440758484,28.214718930894332,-8.130855220945506
0,0,176.02399060791876,82.51906743326738,-16.67505806013233
0,0,190.79107709542484,81.74699484206111,-19.899320141547378
0,0,90.2947203755314,14.089745415602902,-2.133226513849337
0,0,104.61945119299533,113.49080841457781,-27.404766755635265
0,0,107.34723558453275,122.11916958366311,-31.865304462976482
1,0,293.28954042976204,36.007918924056035,-11.19912447843339
0,0,99.3144252651857,38.868585732977834,-9.999065057886156
0,0,93.3528715163907,107.60502646089954,-24.921711007679455
0,0,98.53396031794922,101.07671342492192,-25.59300537537146
1,240,487.0781434258385,3.8392861994930674,38.04782377364877
0,0,199.00484491466636,35.550054702681585,-8.281854710457281
0,0,175.11495208655438,80.12094315468573,-16.354855867287583
0,0,91.88784467579904,11.039680192147564,0.02743420128037144
0,0,103.26682137122556,46.9190421819652,-9.854062853624612
0,0,114.11189238914591,94.93505396142484,-21.372327374328933
0,0,95.58174464263611,19.354875322970372,-4.50857418908204
0,0,82.94387032414168,5.383444467453418,0.8127298282444002
0,0,85.25172176910944,18.11921696740306,-4.725485692876987
0,0,100.19138274133918,34.56033245038094,-8.818794036688814
0,0,106.75423503469996,28.583401082706846,-6.468545132327122
0,0,162.53342364622983,37.07908923591937,-8.20784239812248
1,240,870.1683561348842,4.766829989489946,29.266181278070405
1,240,562.1657455357893,29.016922575292526,-10.861664899132904
0,0,253.50958849906235,57.80909139069089,-20.27133676537342
0,0,110.1757975350542,93.94754091058023,-24.15505187858112
0,0,146.53198777007427,51.438552158697945,-17.511195870953387
0,0,104.86752949454836,122.7676207482956,-31.859370585147396
0,0,144.0808825553786,72.46670265506947,-22.202325233202174
1,240,532.6776649741437,5.903034571666684,19.074473983103218
0,0,148.68443319073245,79.2298335909076,-17.88310681574417
0,0,202.17812506441678,39.01045834020793,-9.544835428590204
0,0,190.33951654597942,7.235394223320293,2.6242005911612836
0,0,85.30777290976147,15.688265110322853,-5.26135237690076
1,240,645.1230660931968,1.5153239248754902,40.9989002650002
1,120,272.8579049229752,11.788557070517097,-7.3426587044639575
0,0,84.49653056402761,8.010125888092801,-2.4415662349876754
0,0,79.46562186386622,19.437168077207424,-7.557092034882373
0,0,67.2298658761998,5.5287490980239085,-0.9420282804075129
1,240,323.1668332197718,5.404514906830602,3.4458128185877257
0,0,106.712745061035,20.760779363291288,-6.890516236114124
0,0,162.18265199182682,9.20336089756272,-0.06777204157307892
1,240,483.46996673245894,13.636972826015587,8.807533782944148
1,120,238.7809652576342,73.07801613248036,-26.902854745636148
0,0,118.16604095519034,117.59420518961001,-31.24804906995771
0,0,101.8369136394902,97.29178098135006,-24.614750397951077
0,0,96.5340302267141,55.547836527806574,-15.561745275667079
1,240,588.4785961456433,3.124479575441112,25.04640683277924
0,0,110.77279971349458,13.160458540388571,-4.880469282017543
0,0,103.37613498216852,45.434556268284354,-10.814532049413032
0,0,121.98600922725366,74.14338548561847,-15.259508518814215
0,0,160.95302973952113,32.034247758052096,-6.717075803467779
1,240,732.6963389338243,3.855638622035237,36.01432664163103
0,0,130.62085493496107,52.09649711390128,-11.913329818387183
0,0,92.56243650581041,18.787433626435032,-5.758218212966867
0,0,242.3856504450332,3.6348159412025334,7.620874464066148
0,0,81.27920415944791,13.122187373988554,-3.539058867876534
0,0,96.33350669005847,86.48488005095469,-21.946127548054406
0,0,93.06166518073702,5.90271916484116,1.3228478153304053
1,0,175.62702451562373,14.67608896038028,-7.726088664096608
1,240,442.5306080950494,6.009294183611443,7.626052736793227
1,120,405.9509614772742,19.81427912673207,-5.013249705852857
0,0,191.5815857903846,19.94968837578077,-6.584718095773454
1,120,669.5051592400408,2.1577159168258118,27.186502407649996
0,0,216.14331011829282,3.3926017738447776,7.647093432710776
0,0,225.52249275518474,13.473608334522696,-9.141194353466688
0,0,83.88826034355911,8.868796830001267,-2.840367210296904
0,0,64.63536519104647,7.525600991058746,-1.5624117728695808
0,0,87.52652860390414,103.3558368289947,-26.727860831171675
1,120,294.8039244685333,20.093555400992006,-3.090525338580349
0,0,162.66102231933715,93.8009394570962,-25.363792831873845
1,240,866.5240400873943,8.345551796908545,22.66904068797332
0,0,105.57873112509279,14.301117623540373,-4.962206731828857
1,120,141.97765830019944,3.8674869087657084,6.886003588769924
1,360,193.49230110218167,1.4554551745719384,48.561038397546
0,0,107.8488108235437,21.368809721871695,-11.704095896502892
0,0,97.83510365497888,53.76900700836667,-13.629118782791991
0,0,117.93153191551626,119.55787484067723,-29.741996002854606
0,0,115.32920368205265,63.616800453697635,-15.784654064712257
0,0,93.87765733493144,16.448526415313218,-3.5831798650918927
0,0,85.4892858765165,8.293204190838948,-0.6704701474866681
0,0,131.3831935248505,12.998908879013358,-3.0074933205872867
1,120,323.57075965191115,5.310010629104072,13.30307767071072
0,0,132.45942757123797,28.422495771756306,-15.168170128650772
1,240,178.0133101485117,2.9630767880597575,15.414576498643811
0,0,48.743651023935506,4.848056497190928,-1.218870365090666
1,240,164.5851481881959,2.9193638386614342,8.517423695385801
0,0,124.5604507571064,54.456761744001184,-22.452335410836284
0,0,69.044751818495,7.479787585619203,-2.0190931557832528
0,0,124.35047294776318,29.530343520537897,-13.982932192796852
0,0,137.45636210443928,76.3990740271871,-20.75591741359213
0,0,192.84079515505792,72.0108635350297,-15.909048857100757
0,0,192.84383321870334,102.22806114453009,-22.496472259906938
0,0,120.96504980151929,22.960364295334447,-6.93990533323651
1,120,757.7608174508149,1.9206680591230385,30.38630507635729
1,0,519.3307712163427,1.7993231794541018,25.360971049093592
0,0,85.70361106424784,5.529346520966675,-0.6855135581539855
0,0,71.81326099975685,5.950994909403567,-0.8269913665900646
0,0,71.89434782533759,5.528344348492443,-0.6487478217917726
0,0,81.63140982523579,16.198870406653676,-4.658966024141151
0,0,365.1218119994195,2.6429740557646975,20.1260543591293
1,120,967.9210919896856,2.857510935763414,34.630745008474946
0,0,210.69878265607852,53.550790607683076,-15.552678014442932
0,0,342.37841410752435,4.025308993909663,17.98957300726397
0,0,114.89432981054024,58.409835355253335,-13.845760805047064
0,0,98.43153903050032,76.32554227284184,-16.18146827415886
0,0,85.54557507439448,83.35073792649818,-18.55866533250837
0,0,80.04420294744168,108.82238309852231,-28.38419477034688
1,240,287.6279274496013,13.925978430707483,2.1887501264286016
1,120,344.2750727069322,23.80521238646596,-6.160665114992099
0,0,132.34335766950147,55.380366784098214,-14.041166625169367
0,0,190.81170872167354,94.048485533973,-20.183348400627295
1,120,422.59814458289725,4.42736109761742,16.06904676392459
1,240,724.2051324218297,1.5571237897408894,38.14326251037977
0,0,175.4787488720342,2.8180875643147907,9.53712070647805
1,120,588.2019509769767,1.3860669138276542,25.578860083964557
0,0,84.30043942619794,4.329538956674758,-0.22738965640920128
0,0,98.21598388043493,13.68163786182572,-8.144334581891187
0,0,94.35232643938124,47.969059028906436,-14.12835182924762
1,120,411.94778170368437,3.9354667810204855,12.547250642725146
0,0,190.6315107376904,4.084910505740516,9.045913982749383
0,0,188.8960848965986,54.75715899492651,-13.176823079841043
0,0,273.0354729414145,50.995535070638276,-14.224023059856165
0,0,118.37500985533788,85.32301335578627,-22.029613985899033
1,120,368.99341601739644,7.316047674271039,9.556565648963385
1,240,403.6317399657529,5.048168365599155,9.440223599060644
1,240,323.84819834466424,3.131434544118091,14.52759122001396
1,240,311.84122668719084,5.152360009759401,8.760326957899593
0,0,104.36284817554173,64.8713164373798,-17.00180178525882
0,0,75.7992061705676,5.78243771154712,1.5149511656012606
1,240,924.8524134907099,1.3341685030296007,41.83855190374321
1,240,1178.7682409778208,2.9305716103864254,33.99462062371293
1,120,584.6962069071044,4.095682618967591,21.041224236459357
0,0,114.87923018078021,11.533104615390206,-3.641081408503382
0,0,86.37937617630136,16.910025711632475,-5.632956852489343
1,240,838.2380351561949,1.6394744136851986,46.591994909125006
0,0,135.070665946587,42.5761744667509,-15.539753468432309
0,0,84.99961349880289,7.1910075938211016,-0.8809616498903949
1,120,596.0097745456875,2.075916352374594,27.748144208370377
0,0,118.81033716918542,64.07123896889271,-16.760732054006553
1,120,946.1155035353192,2.32665552853724,40.441369378750906
1,360,1229.1749767863062,3.2312062060760245,52.57460134136092
0,0,213.811550926205,5.653185889595841,5.145300791805781
0,0,101.30774643438622,5.077564371983115,2.208977093774763
0,0,104.96354590901346,48.351597422204186,-12.64434869284868
0,0,81.08074945344636,6.596042929146076,0.23206580117968656
1,0,381.3406961473896,1.9708906173459921,18.025028323589126
0,0,80.5588089855586,8.214509511032118,-2.061808621829826
0,0,108.56802704736165,96.44046592223084,-24.06304771049563
0,0,115.40243461917716,99.3174310066003,-21.176551677583262
0,0,125.70735379142485,68.58874550312858,-13.864967969703088
0,0,138.46908021573256,11.447732696378658,-0.7790025166846988
0,0,143.47127468002142,8.71460575877003,1.038703309311714
1,240,733.9024048568198,1.7770880135127076,45.49555378263686
0,0,144.74842902510778,74.53950397021944,-20.691833646618733
0,0,351.5497614501066,4.844211602254895,11.599034931073547
0,0,129.6646924189177,77.8456750237421,-19.790708513072914
0,0,113.0108437109681,65.66719209133288,-15.049561263442016
0,0,100.22480144143873,10.9810497182116,-3.072591606299042
0,0,84.97156242234551,14.566526826896169,-2.9805663024065012
0,0,120.09568748447934,77.56240630371359,-16.083921240674684
0,0,175.06543618355752,39.27789083999527,-8.721569324262148
0,0,178.30421607861834,110.9556270103712,-23.177499666745128
0,0,117.65176933079557,102.9823229514487,-23.739395097150094
0,0,93.53475857307222,7.067611780141133,-0.9651614212229447
0,0,51.012988210562625,4.77302938058561,-0.7956681005430397
1,360,128.21720246063742,1.5382755245611264,24.148251280123844
0,0,51.7649032947731,6.14419490119753,-3.0178815697519923
1,240,358.14598709933335,1.9563338478255268,14.729110572325268
1,120,704.9819887545312,1.4002806389431062,30.610915297869923
0,0,98.06225559276537,7.408715463042089,-1.5505757209219837
0,0,135.61794817297968,16.671890399781613,-4.120494351898543
0,0,185.94863036580443,8.443095982766051,-0.8020458303201679
0,0,104.76270496272325,5.3340614148082715,1.5873413047450242
0,0,99.53669136181111,33.37991496063323,-8.51639347733132
0,0,81.90625822864943,11.167977220332308,-1.7304044512489725
0,0,79.79505338837188,5.552169070077061,0.5740854308510421
0,0,89.6299682441925,60.32141911120777,-14.156668526741882
0,0,93.5435440183155,100.25187268521204,-24.208731544534515
1,0,237.49985462817378,30.134365189221377,-11.273068099395275
0,0,103.15202110802744,18.130188973654036,-5.313795598141766
0,0,206.00925935398283,45.133169930432636,-13.204341900619198
0,0,204.4817935038429,11.685283219608804,-3.8070820370683833
0,0,102.19218570906943,11.449207302252495,-3.2437863594464034
0,0,99.27842194377588,23.128476584564332,-7.295097854651331
0,0,181.05348230078283,3.5472835531200166,9.961643958966249
0,0,105.80820695484685,46.93018565401547,-12.407912987291965
0,0,108.7052840422074,69.6474944715112,-15.846116991611538
0,0,103.61437358504911,55.69958917488169,-12.182288247040958
0,0,85.15481547406164,9.875731541195224,-2.240585845756115
0,0,169.64066747109678,20.48866313982879,-9.500952209204144
1,120,510.9471212262423,6.971693812022091,9.998737300337723
0,0,249.30456833205972,24.173345847720768,-7.098936429427013
0,0,118.19139971778283,30.373198998591423,-9.338999087689075
0,0,89.66757561786285,21.30093633890279,-7.550444823565385
0,0,101.26870504933099,103.5364065597683,-31.595209984693803
0,0,81.10317784494804,61.720590862777875,-16.670688232024887
0,0,91.9999469571031,29.3227128768311,-11.76165926700159
1,360,314.62148569296187,2.3487076096153205,48.507427422965506
0,0,139.37319888776068,83.6412551375785,-28.35066809641497
1,120,548.1317506075562,4.525760807568194,16.81913542029629
1,240,819.0889839664577,5.446630065715079,21.732682164076365
0,0,158.8126232128608,56.558643658709606,-12.531314396749153
0,0,83.86482304286176,8.93773330092573,-0.38616712291511135
0,0,78.87913387957182,6.466560530817341,-1.1291435802147305
0,0,83.81459863621623,50.63652178500219,-14.688603950654496
0,0,60.21743684360981,8.126407676005666,-2.9531214569530277
1,240,292.50429166588987,15.577133613549512,-6.481511949951852
1,240,857.0452815137065,2.146476108069902,46.86318844937425
0,0,135.5773084036931,84.14496750877814,-19.75517922142309
0,0,111.31736128587643,16.9893457903809,-5.417482583573744
0,0,188.64808594745423,84.55223307523568,-19.3535249121622
0,0,172.80704396129474,30.06502622489439,-9.452609334530692
0,0,106.38812569331097,75.2645913226158,-20.11673362075973
1,240,296.96904360245856,5.413336822203725,23.475329455289042
0,0,105.36305127838524,89.0912323961859,-20.85055827360702
0,0,109.99860360654135,56.7216264131862,-15.958834250605321
0,0,109.48704130009902,89.04880273292747,-21.706104039251073
0,0,250.9423567023383,3.573475630799212,13.599782130068434
0,0,128.70366673382995,5.228225955103844,1.1285463411264232
1,120,608.4159114907814,1.6822364047361813,32.44830384418097
1,360,869.0136198842263,2.5824633239718557,47.90096714339715
0,0,308.56748638809097,10.486120005741563,1.0745179343567202
1,120,256.8707298082597,13.73585895736538,-2.288886448815475
0,0,111.83202967231443,52.23264456833847,-13.335922867404463
0,0,78.03214894177086,10.697197112013953,-2.919293597770661
0,0,124.94180709701433,35.273377488958154,-15.75189356378587
0,0,79.96240195018311,23.819263557491432,-6.885612728878684
0,0,89.74735312870088,85.75200995617404,-22.09204387597083
1,120,270.5868843316789,22.055111510470176,-6.790432905784044
0,0,111.93524448384983,28.8811000034224,-7.341734012905562
0,0,167.99880945586037,48.818117959087715,-11.60330980058842
1,240,843.2093955416946,3.8464800922245743,34.61225117730683
0,0,145.86003157363587,17.431557891635514,-7.00684771811332
0,0,92.72919559258595,9.636462750165943,-2.7182550850697282
0,0,96.4040509813473,67.4100354517611,-18.788770863853827
1,240,788.8826507459563,2.6702944235257555,28.37917486363351
1,0,593.7440138854788,2.00748886413853,26.621732507486342
0,0,78.48960424157305,5.65338442894238,-1.0292610400516224
1,120,439.66789060063377,2.096082309660559,15.705320660413634
0,0,97.20203013877843,8.996421531762506,-2.798153719667738
0,0,151.5344656358226,7.140279888328944,0.9583766746209506
0,0,179.23831862505736,79.36464541701353,-18.490280428800446
0,0,199.71543439805836,26.58219666572494,-11.322425492807099
0,0,91.38524919153404,6.861523877402099,0.13419116268626397
0,0,97.88372400936386,26.358690093907665,-9.368589217558068
0,0,95.7676900082171,5.312400320875135,0.8083230124746308
0,0,97.32237373452358,26.947646235995176,-9.751998041383672
0,0,88.62346796091978,19.72542735444665,-4.9128757581758435
0,0,100.88554627614087,31.21859397537749,-9.53967300771842
0,0,114.75304851497017,5.049289210455522,2.367442807126693
0,0,142.23362649838384,7.068488511846415,0.4384622409676098
0,0,106.68189964618736,8.173693431190106,-0.14344879871300975
1,240,345.44443247289826,1.4946011549676421,34.98017273851708
1,240,754.0544251476448,1.1440708013317498,40.916608000253845
1,120,429.5439742725141,3.313421349477611,8.25409267535889
0,0,101.70134571734285,18.514911299763707,-8.218875289402206
1,240,927.8827686164253,1.8385911036189009,47.535761533392744
0,0,172.06566574334698,113.5753428585276,-30.618254859406953
0,0,87.61840168903194,6.814622566588683,-0.833855219929319
0,0,91.50117172451162,14.10209907521547,-3.8168045083110513
0,0,144.64419396831835,7.571899012994157,1.2608036537372556
1,120,403.474078065826,6.020812624291188,13.652558240270466
0,0,96.81229645172883,27.58713425158303,-8.447976869912821
0,0,59.63738207244516,6.724511423130103,-1.6755306121972922
1,240,227.49564707653008,2.9726565371431333,9.23243747995923
1,240,528.4323111114306,2.058449402137083,27.134677408765185
0,0,112.6792866755165,100.21282180065106,-28.024912470268028
1,240,406.83508334232283,7.393984745980509,7.725718634934083
0,0,173.06473524035266,11.33929952981509,-4.5931491209897075
0,0,92.50886229391406,9.3515885687852,-2.032398146320773
0,0,180.27869671879395,81.96805937991597,-18.92322101644602
0,0,226.67718366160915,136.34694677259216,-33.788504385907586
0,0,116.91071985854082,63.41411704952594,-15.023675183758414
0,0,80.7283737467828,11.507659090776574,-2.2805800766451085
0,0,226.2299988306978,3.404993562036398,8.85786870743199
0,0,154.1929753746096,35.29509047385686,-15.624259708967074
0,0,116.72068217588522,103.79528742842928,-26.556238077931567
0,0,136.70136928037908,15.770380984051169,-6.11345300599578
0,0,115.90557423424431,82.0038325603559,-19.13559360567713
0,0,99.0742028520889,11.303862963812696,-1.6612586584872702
0,0,365.31817520265025,4.559074807465776,15.686224458744604
1,120,442.37684579920466,6.728450173029954,7.8248032983810845
0,0,103.1418639997204,8.792926823624736,-1.2320749605447077
1,240,656.7387623596812,1.610401484965151,40.28225902328397
0,0,111.90368489732434,34.95908609358143,-10.006880022542632
0,0,85.52953455178903,12.364689375721372,-2.871082821891264
0,0,94.08630882544438,26.226517036207547,-7.956828269653542
0,0,79.8968398565516,10.052208654075406,-1.548081695690172
0,0,77.95982488931662,5.247247829405381,0.3328730329012046
0,0,92.02206360699937,22.48951018598693,-6.131994392729766
0,0,186.9235540584641,76.92803338365383,-18.33754251915886
0,0,215.48230455424795,6.680740716830969,2.652015313238124
0,0,93.45969686251962,9.06523797662747,-1.4678554560828871
0,0,76.09031048169588,6.81943714574224,0.6584437207364573
0,0,108.51698077648369,79.86658176351322,-18.158141788924624
0,0,77.46452982664731,6.403485482873639,0.6261799112757416
0,0,83.0687993555009,15.316604868312261,-5.077169670321624
0,0,232.14538081371757,2.9158381859701197,12.361805071674809
0,0,108.06093114792043,37.50212965591096,-10.91366426842589
0,0,118.638369163585,45.84765528172383,-12.509412416694346
0,0,142.53441747139647,12.0626397359619,-1.5236381348376824
0,0,131.29961276642652,32.41985809651174,-5.991546954887326
0,0,106.40587796073156,97.2486437960567,-21.10798711951543
0,0,91.64954939262658,34.06304914420285,-10.475429161114477
1,120,799.3864610624531,1.8211905963786126,40.021865880436906
1,0,219.71162923041388,11.807234208316919,-4.328740174803286
1,120,298.07428662223634,30.71858165563607,-13.941727936954294
0,0,87.8310888163276,41.96050756294136,-13.996649331571831
1,240,184.59738354315684,5.2558590223357005,7.687938379833497
0,0,75.85391398830178,6.43145426209146,-0.2636111457399011
0,0,141.50580620625666,31.513442954018643,-8.3354339813272
0,0,355.3614430634953,4.748221438009839,14.340592167145502
1,240,749.601621416607,1.6262630866568721,43.290761502388264
0,0,106.21207670669432,24.949055318774978,-9.034759713118305
1,120,582.0406672156125,3.1574441009662078,21.465419883938296
0,0,134.1207609347685,83.49127490539702,-20.231691275300747
0,0,92.79631072621531,6.972623788370309,-0.5551848879364059
0,0,82.0783565989212,7.256666811850317,-2.223603224792029
0,0,76.87915277607401,8.440901220535226,-1.2894798124905265
0,0,90.9105517469383,15.126775984377366,-3.386981452205248
0,0,125.92369112951835,7.705749728172528,0.6420898900320822
0,0,175.01096642304927,68.76405935592835,-15.432542087174866
0,0,263.3570183633327,5.487171349052449,12.186673774464523
0,0,119.29333260851415,94.58748737156827,-22.32633429711204
0,0,104.28749739550047,106.95401955340616,-27.04224010917435
0,0,136.70133527220395,18.75517820223513,-10.007408417718864
0,0,82.57193424874619,9.66960799161897,-2.4982736053008807
0,0,305.51942433918845,2.566302898002305,13.938800475138791
0,0,104.66549826212841,21.548848811119093,-7.846314418544651
0,0,109.88796367676811,39.16809497155319,-9.816034252791212
0,0,226.9525591917374,133.58197953850822,-32.22330276277709
0,0,184.97608724540424,62.47692469851308,-13.003081461944248
0,0,115.90320499804324,8.329632551122458,0.7245829449454106
0,0,79.83294416350171,6.3492124963684065,0.4186104341965802
0,0,104.98120748796701,28.272945106524617,-10.051909859461105
0,0,102.94845950772641,59.64853677753214,-13.506731892073176
0,0,104.86604447090079,93.73160229767237,-21.65723276940139
0,0,72.76414658062511,12.766110665778083,-3.559444353775561
0,0,160.35705914239318,26.832173947145243,-12.32996413089424
1,120,1000.1630185410805,2.3652829376965583,33.94556441555157
0,0,200.93728011431648,15.82946087887157,-3.4680742599015417
0,0,141.70919776568203,12.880907920849785,-3.9737008879895797
1,240,469.7593215334116,2.818205559858245,19.686662066381928
1,0,245.6732660795882,15.53498190537624,-7.1119455186658485
1,120,476.6566328931689,11.000629307586594,-0.8829325638977394
1,0,508.21173033953295,2.298910557310062,22.43782552675779
0,0,151.5886973391049,4.036909106456961,3.3739616425237244
0,0,95.76602360763547,30.540816744358114,-8.546564841894153
0,0,107.81507471380957,67.98131617729723,-15.01531068811866
0,0,122.65552817114069,57.51631805067264,-13.25622502297341
0,0,195.40650791995927,86.31300273375318,-17.140637617813738
0,0,184.68089628523057,72.2631673366108,-16.064729927873955
0,0,107.1104026528911,8.249364898220099,0.30407549579656745
0,0,141.75580030167566,47.058091920668154,-16.90427060362994
0,0,208.85270554915513,3.977085591538615,8.716808331185135
0,0,85.52064141399117,14.775331560102268,-4.686891709205
1,0,391.83512020754915,2.2320050536555307,18.29184675177916
0,0,98.88759999512197,7.965523121441356,-4.108145756630009
0,0,164.9303991821686,40.70097755830752,-16.381138243353348
1,240,1013.1175939905218,2.510659538780169,41.638860798741646
0,0,226.4534778855697,48.06129679950192,-10.951064078999579
1,120,626.700882966683,3.80123929230948,28.394677978104156
0,0,130.77627229532902,50.985925766265815,-11.928151303080483
0,0,115.41896259229287,91.73350953372166,-20.371414811751734
0,0,114.87796054224182,101.64220402115173,-22.353662895626755
0,0,117.03514443530219,93.07583044586205,-20.573108534471203
0,0,81.01493229850134,7.35725677177404,0.13978686760255243
0,0,71.13837443222765,5.5080888228876415,-0.21723390112202878
0,0,81.06682310572849,4.8174331566647295,0.7934222685048837
0,0,115.14877897690194,73.15982156286681,-18.663625750315077
0,0,137.68421687784524,11.260039915322203,-1.1439703488597956
0,0,258.9732058835859,6.454594925382096,4.848173616307079
0,0,94.38266739963105,10.255787290209668,-1.199742459711075
0,0,76.26603072261955,7.538915310373089,0.1526480061920381
0,0,108.88330550298188,84.91322814453085,-20.76710882342472
0,0,353.5079068301589,3.5802241636783703,19.93844236785641
0,0,128.67394358876177,89.46357669649046,-21.229211540846535
0,0,88.07607237394332,5.86292781876276,0.6663273767658353
0,0,76.9714396273326,8.406599938614402,-1.4236499156393307
0,0,83.23638030650888,9.201037084756644,-1.6341202822359975
0,0,135.70879534482424,17.169630346456746,-4.435946272108964
0,0,247.6167199279821,13.843400501772676,-3.884053362390077
0,0,96.70255207056748,6.425861769680101,0.3924971445872103
0,0,75.50419658732797,5.894342609320386,-0.14503926819347157
0,0,81.89669626340725,4.294693045228317,1.2622937281342388
0,0,84.03332221459839,33.95925999344513,-9.85311174230739
0,0,68.88570691944597,6.784205436247412,-1.8525535641384892
1,240,355.7840286477255,2.138829410260551,13.768572685163946
0,0,77.08631924293937,4.50356049881889,0.008522937923032714
0,0,84.44719603796479,5.222930820486505,0.42694851007752277
0,0,169.28858083392188,69.53451475391189,-16.018136041233817
0,0,178.03096039140686,115.33957793109377,-23.9204549882377
0,0,127.78570673452178,104.78129879985279,-23.155581834835033
0,0,121.09211567988284,94.25921880619524,-21.616308563002235
0,0,200.16257388473622,4.826651699505142,5.541248433163375
0,0,78.91213881354055,7.0488019819597625,-0.7164933673364686
0,0,93.51478443820947,31.2955117280328,-8.980424837146373
0,0,91.88136611843579,5.423707795705635,0.16792919468866785
0,0,73.26370966927388,5.453207132794954,-0.4683484246744598
1,0,410.68208811361865,2.1869219571531984,20.145425326289953
0,0,206.4262449253741,41.16618773550389,-12.094859981181642
0,0,109.79248005704679,8.936192816086907,-2.1508801966872397
0,0,174.0072264699917,14.184013702242524,-7.714580217158286
0,0,101.25260784643365,39.85562228939076,-10.292905615388705
0,0,72.02397565289466,6.430017107957994,-0.38320282597645416
0,0,147.62665424738503,12.017617329327997,-7.384549874035628
0,0,102.0572979504248,74.37239159733485,-18.123833090131882
0,0,76.31722436225643,7.233233754249325,-0.6429407588049827
1,120,547.0579084694866,1.8563243898775352,23.983064380130244
1,120,508.3308949852068,2.4361348620893297,24.682458803294253
0,0,236.49464098752702,89.24817233491511,-20.356418956650273
0,0,263.12281539723483,64.26379325658465,-17.571036624661645
0,0,123.71479213813569,72.35515242076524,-15.810085724544294
0,0,74.93073373411036,7.203146018732992,0.17306519580164093
0,0,120.96230647539171,4.945280312739249,1.3240314205251593
1,120,396.7542440360411,2.76233861825836,13.099455305598013
1,120,376.9527346702763,8.32858119503738,0.483333559333218
0,0,117.74696954905744,77.84437549347385,-20.55407045627156
0,0,120.5241338108912,19.873295849942213,-9.72198519537369
0,0,91.04533748105754,13.092686231996085,-5.089497129783112
1,120,352.9555233774959,31.7371137720226,-9.43818414621957
1,240,455.27183892580894,3.5775201931462526,37.70342636568438
0,0,89.86502708269792,6.193555843779085,1.121877994002375
0,0,125.12801319193804,59.624387173380455,-19.555001992859403
0,0,130.85589676937894,77.6268918834693,-21.2689574260027
1,0,658.6161043156123,2.578972866891973,24.817727968409613
0,0,98.23114019048687,5.82880341735067,-0.31614419416087003
0,0,76.36582204452465,8.384844538491661,-1.4993319567310124
0,0,70.83107089367664,6.196436920432831,-0.18747996874840567
0,0,90.26745148710215,20.814379572147228,-5.600751166498014
0,0,184.21785230864782,103.3563710803272,-22.781594297001647
1,240,623.4780869139357,4.423411518298667,27.2500260757366
1,240,578.2318422889352,3.0107591707114874,16.642661999338372
1,240,744.0354353758756,2.1429637665393213,21.216809953521206
0,0,86.6312803975571,5.514041393477496,0.12339604923583636
0,0,85.41247841297361,26.234370169814717,-6.867747687970294
0,0,79.3789066853006,27.251638853996003,-7.122915002524422
0,0,91.63087323644815,90.83490601206329,-23.72684571171458
0,0,137.42343085485,5.730555770490313,3.7506756994664556
1,240,401.31279051963264,2.6590613831566596,17.897420888529126
1,240,757.7686620032127,3.749994256451853,26.303934512693445
0,0,216.8563708624113,19.374019930686135,-6.297556453298483
0,0,100.8537146242143,8.154822266301624,-0.6087588748545443
0,0,413.0883705534861,1.9280925282320027,21.285078610290356
0,0,79.83448586744117,4.930396630135676,0.012316815288386351
0,0,73.55789738828108,4.257540918781515,-0.3041601915639376
0,0,78.93918098080223,6.221903201432692,-3.4143681741893346
0,0,77.36128100693679,22.910630189026556,-10.105182661128808
1,120,223.3169945813156,22.111733127199802,-11.015755500425641
0,0,144.92835494368984,5.450562949679691,4.843312380685759
0,0,176.90488169632954,54.21088339763533,-12.576291394150019
0,0,208.23309927030823,7.065828987054375,2.447346725676482
1,240,567.5195391867427,2.6470373439819226,16.43893395519042
0,0,91.10616677031607,8.302666395604657,-3.0703829144623995
0,0,68.62156542317074,10.251543060451619,-3.492058116950716
0,0,65.13807970392445,17.872064359413052,-6.629710945029601
1,240,389.6126632903459,2.2655631667041978,22.244760497266185
1,240,1061.8251906807848,1.4565530069131387,48.20135980108496
0,0,136.99923555033007,57.974633497834674,-16.064233236408285
1,0,341.1281148847364,3.8233701122874946,13.558990022463334
0,0,407.91495626344977,4.723605717619581,15.273748616274489
0,0,335.5635612364116,164.97079032018888,-44.52972152834886
0,0,199.963081929393,71.8581037519967,-22.46990455044599
0,0,154.319077688011,48.360723012532354,-15.768342505621973
0,0,205.80913257937044,16.466707204746694,-5.364986522815116
0,0,112.50392918846093,54.250075064642026,-13.501051643928676
0,0,87.70314439343971,10.244882967826829,-1.7184310165555559
0,0,118.35241709098972,94.7191658858052,-24.141324171902617
1,120,831.9332822399937,2.513238970994913,34.645096221461415
0,0,138.55166340101923,30.1546017633431,-7.847709381809906
0,0,195.50547170960274,8.739841914618221,2.22995438227116
1,240,409.2370580800065,4.728652678053746,14.535633394596204
0,0,92.85724770802842,5.112086754539857,0.2506441755759994
0,0,90.89419381469826,3.5633196663850875,1.864051290634123
0,0,61.45614494670579,4.541491440975068,-0.2285679776522045
0,0,61.16300581309859,10.172373691116249,-3.948919154224299
0,0,72.61318429119987,23.24299046984143,-11.247187303663438
1,240,250.30313904249672,28.37484091387762,-9.893084837389338
0,0,107.95803374601964,104.14008890665951,-24.929964540332193
0,0,111.9453335758066,35.55048787943767,-9.890226219485925
1,240,933.7015220378275,4.462154666872502,35.69493289340592
0,0,112.25290351172951,10.746092840808506,-0.6765995315309539
0,0,112.27226549943983,76.70065168477275,-17.11626803228593
0,0,105.60123320097392,71.3897530433187,-15.390138374282259
0,0,113.43656938336915,97.14331686781487,-23.834395265884815
1,0,460.607585571824,2.9245930943137854,18.712893164007752
0,0,76.19485161206153,4.730539253071649,0.5731554553408813
0,0,62.911830875193644,6.106848296436278,-1.876331347068927
0,0,151.07091153661284,24.586020708919907,-13.492856234745318
0,0,124.92877062987917,43.87545204856175,-13.827948603656282
0,0,341.37537699008624,178.29163977413015,-49.218023976404815
0,0,122.2906204519398,14.140005651179118,-4.854778708549148
1,240,390.29749724910215,2.263947552771741,23.201958926913733
1,240,457.4056932107265,2.882118534089496,11.83402283384737
1,240,489.18996041326847,4.143254000075575,10.088321418516074
0,0,137.53793638053028,80.64835751405576,-25.284396172693242
0,0,99.6946593353142,78.42962616939369,-19.871700925685744
1,240,856.0377326450338,2.4151221796129567,35.314689156685944
1,240,1364.612760983478,1.5655883342902426,47.24251277848758
0,0,123.75648616085147,4.712833153166717,3.309677085383356
0,0,141.99208910251514,7.220317867305421,0.6858198748170281
0,0,293.35370252018384,25.95668221032709,-9.860900287205055
1,120,770.1948410995196,2.3123469331999473,31.046894157778837
0,0,88.48398343060269,9.002999501293957,-2.7801460120617634
0,0,88.67521139938802,75.71869051601861,-23.72261855030473
0,0,58.48718591316778,18.30494691628351,-7.934614536444755
1,360,196.10503583723664,1.6366349626103578,40.57023439433034
1,240,347.3703381029224,1.5371907777677662,26.26155721955965
1,240,223.23936525354029,2.4238175261526607,13.139306869789422
0,0,78.36302014569057,8.793454757796214,-4.8537166342449325
1,240,333.2831997330115,23.453021634738192,-7.710511574301293
0,0,121.749595729772,8.38014096088185,-0.2833625574274521
0,0,87.47648557419268,18.55799072815626,-6.828572469604467
1,120,467.4945584463402,1.899694182064398,27.114640663682465
1,120,328.8573531487975,2.868225743315466,13.842241540634191
0,0,80.83636103889549,51.25477331012303,-18.227197754506363
1,240,173.17418488399616,33.23696302131923,-14.260725388797226
1,120,199.00738419174314,33.011588374741336,-12.69612085221587
0,0,102.07075385171996,83.07115120889638,-20.975756226663393
1,240,764.7470035082589,3.461937579591255,31.494983835126973
1,240,1610.551177468537,3.4067869589291644,44.18010342350412
0,0,149.96550981201773,28.982645659564234,-7.722162687937214
0,0,177.3326365231803,33.67304567147525,-10.904919328259254
0,0,122.6783023124229,94.3544310571825,-21.26913179641086
0,0,116.72934292448632,86.69716553988624,-18.502988332788817
0,0,114.47148349696732,69.5999966402066,-15.402513389309604
0,0,85.71694793693003,12.781839494281806,-1.8361416099647272
0,0,72.09144220433375,6.675461375116195,0.2844931705654119
0,0,100.04094191059936,65.55532419407419,-14.526243964853734
0,0,123.61950123140682,92.18677847167532,-20.703717254132187
0,0,325.3119782188343,8.585762747382306,7.9805530605271855
1,240,733.3650756896833,4.464694165605044,23.990715542282075
1,240,633.6033635690609,2.9326068643013388,19.80243344949433
1,240,487.6573706647415,2.6137569604055155,14.762410036331403
0,0,116.52532788185015,6.529386502126293,-1.2217606867046555
0,0,110.9157814178214,89.88232866659683,-22.85490912770382
1,0,480.5383260031026,3.068664750419693,18.713918250649655
0,0,84.65189691213286,7.293152929034639,-1.3450035776089777
0,0,138.07392789277807,39.14160982272496,-15.467675082442526
0,0,118.43115735248612,42.18299436447869,-10.503328426419515
0,0,146.09846288950888,9.58178411167767,0.22897468939872567
0,0,290.7030146616779,104.98645853114677,-31.104135359759198
0,0,167.47387060053154,107.50565571305388,-31.525160636180743
0,0,132.7979109383588,136.6437739250861,-36.6825511858883
0,0,118.62026547835468,93.62149598588843,-22.775253554886866
0,0,91.92155811341642,16.536982913808714,-3.858463184005174
0,0,77.68221048765865,6.34664953389491,0.4373684629528185
0,0,101.40160899775941,61.64497264039082,-14.145207635369417
0,0,106.05597918282368,64.59127488418412,-13.411927229553655
0,0,123.2892591787271,96.96410442421035,-20.39224943355056
0,0,189.0648674697947,36.7625056135417,-9.225996495300137
0,0,128.05649116100676,22.900006529083598,-5.156217588685905
0,0,74.91210859019463,7.853781567403196,-1.2308755034946586
1,120,324.75784901318104,2.7822227850399766,10.80234182015819
0,0,66.22426114153897,5.224622917189958,-0.3112988103948169
0,0,76.9220937652114,53.51807132337353,-17.887904643944367
1,240,370.50111178172443,4.236165450771922,13.49744255233584
1,0,262.6745196326024,17.128724021457217,-7.757116028844948
1,0,371.42860540612884,2.8253243234961185,15.516260866357868
0,0,230.88630748174478,3.6872181455924284,6.022140883051989
0,0,148.4173669913956,12.493149747641223,-3.2500636941400387
0,0,157.75566046571663,77.39748869305983,-15.992038603479727
0,0,80.00598342661888,9.71624668902401,-0.8016019783721333
0,0,63.24204458772742,5.364435678699722,0.054134009535374616
1,120,367.9106637374414,1.581458622078375,24.187405362682625
1,240,570.3625319395799,1.5128689181716737,40.33051207077746
0,0,101.87611372936273,77.73247871776476,-21.899317019392015
0,0,83.35221215101943,6.966231723863345,-1.5298943337242719
1,360,131.08321874804113,7.304877579899311,10.38649481646371
0,0,124.57455281372913,101.1519923255167,-31.60010820797747
1,240,737.253298369243,5.841176028446318,40.3855602802373
1,120,520.0035436089843,4.872140222377622,23.773735347114226
0,0,137.28594713883672,81.41168715440172,-17.50329107911695
0,0,115.33334134336077,96.10832764450346,-21.199637262832837
0,0,105.67042850131571,68.31396704751931,-15.173427660654283
0,0,82.02860263869839,11.024531640006677,-3.373248461574974
0,0,82.30224375189472,60.003283272120804,-16.906616678212416
0,0,76.90145647093351,73.45960875652733,-18.509730655237547
1,360,275.00379810189065,2.170360165845588,50.52388909450154
0,0,77.66342097089644,7.199321880183189,1.578871130070027
1,240,709.0406150636351,2.6449878764547003,43.830284681031586
1,120,486.80984159613837,5.131565269338433,11.13443818841992
0,0,97.58965531896963,5.38298015611799,0.969795294379324
1,0,585.8868557907051,1.5232213914162929,25.898539165584836
0,0,95.58941915415829,4.956601567749818,0.7124985472649854
0,0,103.98514204643163,73.25738740756212,-17.49389092893179
0,0,108.68308803990249,51.19901985180872,-14.05682825819288
0,0,84.85705689666524,12.03985734594661,-3.031355646745908
0,0,78.99463697838941,14.287423823338669,-3.769476152375958
0,0,116.92236199049543,77.60879953429018,-19.239322862723213
0,0,186.98879307443184,80.83458020149627,-16.46550181719053
0,0,132.05601126172564,17.57484373803234,-3.543323016948719
0,0,84.69246299703998,5.865398731175588,1.5150040051188824
0,0,98.31781569284816,40.20721020346631,-12.366803842581135
0,0,160.27263951564922,29.826800667886012,-12.392890712431694
0,0,114.62071136946066,6.660665681541203,0.1582489950600916
1,120,524.3231713261926,1.7908059542940478,21.441325063902127
0,0,71.55335918931515,4.748993936558189,-0.2518754888757826
0,0,67.52696696221024,6.407497331351079,-2.703761205385689
1,240,445.2167551441629,2.0676742621385213,21.348084451104242
1,360,660.0839424986818,3.363965857300008,31.799096394855454
0,0,195.86269358122308,85.9731683489927,-19.017027012082465
0,0,98.16931332809104,11.59623742023472,-2.4695183398103353
0,0,110.97645200226263,22.213289612760537,-11.981572055397535
0,0,76.31294500021858,11.793932974550415,-2.9479431842259487
0,0,101.63584597203241,84.27592406175492,-22.61824092826957
0,0,211.6434617449846,16.218984247361174,-5.4005528021272795
0,0,114.65253168532885,80.68736508094112,-20.20521339301976
0,0,83.05437988924358,21.15763424837761,-5.441978983943855
0,0,112.69007860309274,86.67669071854867,-21.09447605485917
1,240,762.0794022506524,5.570841695619005,37.02775688593317
0,0,161.5759574834729,29.11113490993449,-9.700569338881024
1,120,661.9084584225694,2.550223692674519,23.224891277562193
0,0,99.39482059120536,4.9343976491942145,0.8484599100611945
0,0,71.3548364669633,4.780218761059241,0.010102839499964489
0,0,70.79022707533923,6.705790516428887,-1.7169250903032918
0,0,65.3780130475326,6.369395825847194,-0.8711176477571883
0,0,64.83889278317237,4.439734159938856,-0.22015064249482919
1,120,263.9986619396672,1.8305925625016786,14.337907919650249
0,0,144.6883139075271,3.9802337938586128,3.6915482792461205
0,0,216.69403850643252,47.30815403253653,-16.649932869502493
0,0,232.07922357702117,28.567572082078275,-11.193512921661807
0,0,116.94692722900143,19.138828415873494,-7.118930902895627
0,0,241.02593558677694,4.8666118040281,5.590061579543672
1,120,616.7782496911303,1.983555848364891,28.638109635794166
0,0,125.01845018771074,58.469743700619745,-14.959903169938983
0,0,79.92684640307922,9.269311156224926,-0.5619906178062735
0,0,101.14233067052852,82.38885450038853,-18.44464822138106
0,0,93.11918434094906,29.54059176062558,-8.935532382973719
0,0,183.70715154264226,16.090792806010725,-6.005596982623331
1,120,556.1061688901962,7.481367778327334,12.364362504327772
0,0,172.58061753124446,107.53885871140771,-22.53915602224295
0,0,145.8775117756554,40.13402499052592,-11.657095145577074
0,0,118.60415693939898,58.400406541195906,-14.355160174693381
0,0,98.66287397382845,23.967653669997446,-6.897485768488622
0,0,85.99201172545285,16.507373477627226,-4.0241467754644304
0,0,74.15873682248254,8.186086798671985,-1.0700425797532063
0,0,106.65586072009216,94.02421319640709,-23.92089355623397
0,0,103.63340682706645,34.339278741944995,-9.77621439231038
0,0,90.83849975988515,11.693498236297621,-2.2043802082807105
0,0,172.56338672250928,72.12375661727779,-15.353362070016516
0,0,278.98611006599117,7.491070937663615,6.556633739617567
0,0,108.0072435754403,42.38928035533847,-12.345250603342635
1,0,245.2588651295072,5.0572425161875385,6.426595686746907
1,120,253.7592311766716,10.775593080349399,-6.048898967315537
0,0,90.7645036388201,8.181051118882507,-1.5750404175815191
0,0,101.13568774031877,55.66308320376272,-12.757298445719996
0,0,103.63423435932808,65.3567487494727,-14.299588854009087
0,0,74.81014074508087,9.76123750985278,-1.8284323243435097
0,0,157.295495847962,80.02109591240837,-24.288529784049054
0,0,234.42240951595443,126.59427533309093,-29.48017090907996
0,0,184.11599782411784,75.19125449781077,-14.266204846774755
0,0,131.98333579146168,89.48928573696405,-19.359178740547875
0,0,91.01642486416343,20.030723112522026,-4.780829803635498
0,0,101.73248586970833,54.56038123386277,-16.434506156152764
0,0,113.12275327927973,81.16326750440017,-23.919889605399135
1,120,498.9795537076922,5.118804604065459,12.03677863087107
0,0,86.61071678765869,8.266316548608186,-1.4410552527444054
1,0,343.25260558543346,2.3594756618103077,17.26607319616025
1,240,1356.7693875356924,1.3039494608090807,45.780253103590596
0,0,217.32350715606864,10.143044014923063,-1.3266524131384472
0,0,159.1490660894735,33.210961586535284,-8.474845764624206
1,240,947.8023090220261,2.081189151315447,49.74084971494001
0,0,140.72881009288398,83.27995684455406,-23.871763372747935
0,0,59.79115570434824,6.815031377152237,-2.2702288151427297
1,360,127.43711160332742,1.863413372613428,22.706472202257586
0,0,66.90195338351684,5.925348589314459,-3.2440399891309966
0,0,101.69542829486932,39.58624410400734,-16.962108739620277
0,0,76.77114847987374,10.35245700049083,-4.2333701294452055
0,0,147.8139712760298,19.248398671421786,-7.986328572342572
1,360,691.2352948898406,3.935930189904338,49.30984833759122
0,0,363.44037980438407,5.011157924049656,13.717656525982235
0,0,112.21902003323646,29.278164257274167,-7.577900236922389
0,0,97.68897052642285,41.68100748069078,-9.503229592413703
0,0,76.78007562584673,10.397976657942653,-1.1973858172250829
1,240,872.7879831934333,1.5413347225945226,48.41589881053862
0,0,127.3036181798633,100.42376444163875,-23.4925658584769
0,0,98.37586764780397,47.04069265429879,-12.57495455435415
0,0,161.7074104164289,6.401788422686523,2.810850903213421
1,120,696.7761788482713,2.6262523049153876,24.458260730019077
0,0,289.78268542616865,34.50461509012964,-10.997499447086838
1,240,337.19747267472474,9.309139954043697,15.529195980272021
0,0,98.43647021589493,32.97797385846922,-10.1240727886791
1,0,307.4914677268127,3.2275280390685053,14.493816200349215
1,120,376.5952634053716,2.8260365834018253,13.091222908752314
1,240,553.7133083434487,2.202446154762251,16.25609865631067
0,0,98.65374844683383,4.671794619011425,0.2557696087854424
1,0,278.70642683367913,2.4904173243361014,12.246202775018801
1,120,648.142357225935,2.068928895440908,26.59642237854483
0,0,160.8437047925198,66.00919235987377,-16.93668764769177
0,0,198.4728890392013,55.08803384044865,-11.721094369322273
0,0,149.9894062230794,45.19577119129937,-11.68020186663368
0,0,118.38984875575521,81.30287315327344,-22.864282858130167
1,240,655.4850849914966,2.717524452325429,33.559434356568374
0,0,75.99999610459511,7.336182271364767,-1.7253899810265239
1,120,253.8067292612771,7.144115307523437,-0.23611346076879158
0,0,133.16547129522021,55.29343181895846,-19.37870822626141
0,0,101.6196920888432,34.906978539630835,-8.643461949311558
0,0,76.61018211892957,7.1429678403456025,0.4503088608187369
0,0,114.524887667988,62.48942906753871,-14.054656554018564
0,0,166.1990854916463,12.060459412956277,-1.050655760737257
0,0,132.11491342105984,11.832464047004084,-2.852784496938355
0,0,173.56684327410738,3.146520150261609,8.784210419865275
0,0,165.82481418822482,2.581821455289013,7.854953527136871
0,0,65.53717697519461,4.6173474593521835,-1.5429615464324797
0,0,48.59157780078919,7.011083115923751,-4.10100185384735
1,240,127.59305042238077,10.146718797737176,2.2218910718818705
0,0,81.92363640614353,116.74466615519073,-31.93095227967153
0,0,87.07785308131604,111.34554384774759,-31.454757262899612
1,240,329.3402238914841,6.051839811897278,19.062828153419076
1,360,966.5284798900152,4.315061377280014,47.381121401116744
1,120,562.3502512219561,4.296344982836675,15.69387562089645
1,0,222.4999368376336,5.664190384103525,-0.5048235436897386
0,0,66.06979034204562,5.375586370362583,-0.9095372610210148
1,360,211.14599015910665,1.2904536359216803,36.1224468625916
0,0,53.50286841294164,4.937109064951827,-2.2523743421378555
1,240,182.05582791865987,3.3416315344917913,2.8540313570150886
0,0,89.50368455385706,6.063707952562403,-3.253302756570349
0,0,194.0219217496208,2.777135214284928,7.869294172219796
0,0,98.83069298206237,7.967319902527529,-3.0014484797711845
0,0,211.74947656293944,110.4840780133108,-29.247856685897858
1,240,854.1427971264994,3.6149274877759345,33.852239259525504
1,240,801.1322140527276,2.1502501605572837,45.36386713681635
0,0,142.73190294440667,94.75666455365686,-23.149035018601516
0,0,90.23217367342855,22.571629669521545,-5.768833672057369
0,0,84.30162971232768,12.723496902398322,-4.846076039996618
1,120,420.16501835678974,2.7227710801706024,13.979909619849636
0,0,100.86530007587703,16.881800636167302,-6.379663779733164
0,0,89.52803440725387,16.741714883056048,-4.176356289929785
0,0,83.53324333529338,8.599877090018042,-0.7174867502677813
0,0,173.27094947831424,88.7992062860719,-18.522787300042225
1,240,596.3371145674223,3.8572634860963393,27.64197904956187
0,0,92.80058442022397,16.02354030972554,-6.596781357646833
1,240,208.3588388298415,9.987518217812141,1.7719308756098684
0,0,129.40463190365867,90.24381466954891,-26.968655796932296
0,0,113.09715645946129,106.94779624734375,-25.7485120757365
0,0,107.17314773601558,80.32900517024547,-17.156716683026474
0,0,101.6207916865059,75.40305627269804,-16.09178904484878
0,0,101.80859616566094,85.05113718444278,-20.378680245424917
0,0,87.80949929314592,14.923524035713317,-5.222742541373492
1,240,398.51518734454265,17.57180067132085,1.2430073042017682
0,0,199.92780411571943,99.76168264841482,-22.556233754338763
0,0,92.87503965165334,12.120699860502354,-1.4964680548758338
0,0,75.63180659649367,11.788708682381728,-2.381577530630068
0,0,89.3916842970784,60.065173401146296,-15.214018978092412
1,120,599.6311010667861,2.0348365310597374,31.327873576691886
1,240,371.4157956601612,2.1154832136236696,18.165951317090162
0,0,79.33535921703997,4.500088316383405,-0.24035647403393057
0,0,91.1681523375292,4.233118323028344,-0.25119385909844993
0,0,80.96653866528392,6.806810494528181,-1.6045777079328758
0,0,176.9736688985697,8.89571425313401,-1.6069132146118221
1,240,392.6698168580679,6.67708037324206,13.447857948998248
0,0,97.68016240906283,6.429176474315719,0.7415021584883448
0,0,104.55571987279193,65.51522646568601,-18.60763171348978
1,120,522.6844307270102,3.4852641479063764,16.04373663498309
0,0,82.7602828587034,8.137579124054756,-1.0362305724261205
0,0,89.68729469141209,40.51543351445155,-11.27492805041561
0,0,95.8885890708228,90.59268078967374,-20.538546205993867
0,0,72.90346107006653,11.996792356779261,-3.4867794491401582
1,240,384.4680425885907,1.9253901369901414,32.149380125083084
0,0,140.0363809750142,8.245119766010477,0.1313114089757903
0,0,140.13149050480902,16.716090673030532,-3.7052444347532116
0,0,142.22778842831897,5.194894808626333,5.326466361928638
0,0,127.05838522896326,94.73302754199987,-24.29520341512486
0,0,115.40899819697825,37.47150044944953,-11.058465682520463
0,0,82.60534161278734,5.7454493800612125,0.7524452225881078
0,0,88.49954783875624,4.386650153383916,1.8766165279249236
0,0,99.9360380263656,56.37882115784025,-14.122613457633747
0,0,108.1937670799986,79.94910193554722,-17.248942777085986
0,0,97.57335406702148,7.180318054913155,0.4612096533043939
1,120,564.3412258270723,4.5571846226415715,14.480754271592772
0,0,277.6945022464723,125.79714346654522,-35.557994152072844
1,240,688.6569310837889,3.560280660705686,29.672379785846886
0,0,216.974424574364,3.9694210703106547,8.721553319867695
1,0,306.98413377014555,10.147599590474545,-1.6818607864085493
0,0,119.13236057954079,89.1418057824587,-20.27132619746989
0,0,103.2163532393249,65.47273904552678,-13.801845881950427
0,0,90.96535025313952,53.86075745511156,-12.073333161701953
0,0,70.76710718427648,12.314677314328328,-3.3379463798509192
1,240,519.498182126475,1.941624563988857,35.50115981437817
1,240,1178.6043669179026,2.920296296751484,40.925305384854624
0,0,141.95007767016477,12.004132897891735,-2.5506111475066433
0,0,81.31029896757988,5.396327414914828,1.0037076967898884
0,0,81.5972316092249,4.966053845548201,0.19121028615343505
1,120,545.1016222030083,1.6650383850680726,24.00691613838535
0,0,103.30783523043863,21.98187395533843,-8.333262277152883
0,0,111.60567125861444,78.60759683963079,-18.876188561809627
0,0,81.297749950955,8.84783919707098,-0.913711582913237
0,0,75.24270206068408,9.730292445340032,-1.8276608673862142
0,0,112.260317293909,80.37178137490875,-17.991459530582276
0,0,185.11095233193214,98.98690992209563,-20.86171269577727
0,0,188.63490211156014,107.64050363722282,-22.298551278745762
0,0,127.67825223715286,95.8113200016945,-19.913544539691543
0,0,121.42586057460149,112.5456167328026,-25.76789889475244
0,0,111.60196436752469,67.78221370097584,-15.132767651843238
0,0,72.69420310043034,5.684075002110929,0.949478499853214
0,0,61.29005468737458,5.876826926697817,-0.7147549472066572
0,0,82.56929294714402,57.540915270805606,-15.113507647669593
1,240,618.4532656771236,2.078589413940262,56.389466563105614
0,0,142.46650314565144,82.62781645788225,-18.8800616984514
0,0,143.07486405458695,11.252653349179395,-0.9850237958974901
0,0,127.22687306464151,15.102098446054207,-3.642899087909612
0,0,88.85618590337008,5.248424175033621,0.6702480689734784
0,0,195.53877704911852,5.104636565561,0.36921076917066387
0,0,106.59537151258499,31.35701560778412,-11.1063488533906
0,0,97.26585214744884,5.958481196445431,1.3963000287783984
0,0,103.55193457550085,93.66167313001522,-22.805361512028554
0,0,111.59911901687171,99.46525979422655,-24.25818933302982
0,0,200.72198569359378,8.362331981497347,0.012829358609323549
0,0,111.07150485176557,22.935025260006686,-7.25838495780674
0,0,155.35132782789026,31.261175250500543,-7.757760670959954
0,0,153.40907560168446,11.116699921830868,-2.7809121850672938
0,0,219.20805884512833,2.93829998006333,11.641126890812174
0,0,99.9996559859852,3.9509966189518835,2.0594201230940996
1,120,331.12447413601166,2.6906205659663143,8.174167621002056
0,0,92.59995885904294,6.805202325821218,-2.538204428768722
0,0,99.38083189516641,39.65420592723061,-12.203846770231223
1,120,1282.0447206707847,1.5680527039291514,45.36229251919117
0,0,103.23226906528818,7.359748440573098,-1.2247249836433127
0,0,82.04712009005951,7.079514213966116,-1.1679436380054398
0,0,153.50755194081768,42.10275919983304,-10.500644178924247
0,0,175.06442727436183,42.64082609759643,-11.26054513371858
0,0,96.08368263551517,15.488662675828811,-3.1384032254987204
0,0,74.52640487189856,7.2447499388001315,-0.2965354491709036
0,0,97.79715053152798,75.60908957711678,-19.582969949537357
1,120,691.5651288444187,2.835433586041228,29.333192354320133
0,0,107.5355161781397,33.96293116645294,-9.718096206876623
0,0,113.69031571411138,84.52336906405527,-22.20572281418535
0,0,89.60688802933406,16.671944546876123,-4.287319276938476
0,0,148.6139682518523,126.79300238955706,-32.98696589122619
0,0,151.99152417358155,13.623172536528013,-3.3474046535054782
0,0,353.9726852236735,36.61242069697751,-13.599977788822812
0,0,99.24792794673797,9.104871844906002,-0.6626287630713819
0,0,105.0691979731002,83.43810245858772,-21.241644679343267
0,0,93.54617965188848,5.580367523220764,2.738492467780233
1,240,766.8624933786034,1.2146267216078634,41.17178059875974
0,0,138.0821011908689,5.6720579569359,-2.113681176280508
0,0,155.14943262817084,22.536580255244903,-12.978305012130733
0,0,257.5671265465619,4.335964863115792,11.079189188793109
0,0,158.6738131780172,123.7627577100473,-30.494631523975748
0,0,210.30821010070892,109.31463794452353,-23.125738075281454
0,0,221.32486369824483,10.758503354870312,2.8027241854029796
0,0,154.2412216390681,119.27901008433558,-29.44867855657654
0,0,130.01112236296177,135.1936136595186,-34.41419824989078
0,0,102.80854987522012,80.26669269388279,-20.036914245438155
0,0,63.039763962023144,7.90768590243997,-2.6235085460195933
1,240,259.82393172065173,6.5036034606235456,0.8654372470735296
0,0,65.06621476183454,6.879482212522292,-1.132689111847256
0,0,89.12337113131991,68.07690384813976,-17.06304807013585
1,120,372.42708542809885,10.502945312909125,4.579336718543843
1,0,488.0995676299664,44.18762448763996,-10.614391808511684
1,240,712.5782361296675,4.227800175895838,22.68277896255536
0,0,99.68325526058553,7.205176083551348,-0.44599730871985344
0,0,105.48551471704715,42.24095341444272,-15.68953236508699
0,0,84.66029693139124,60.904803517270146,-16.770570772187995
1,240,267.55596240304453,4.15681468866994,17.2838061382746
0,0,91.28919876889381,28.740998006182792,-8.189417258327282
0,0,73.45668339104948,8.66051371380562,-0.708155291455526
0,0,104.19525588847539,79.48496026101586,-17.869907504241908
0,0,99.05408134846724,16.020175970253288,-3.644066841249085
1,120,578.0865140205241,4.245998563135028,20.61587668749624
0,0,204.65845463761198,26.563084546265884,-7.489182686833061
1,240,1262.60120402861,1.7116038710890769,43.50154890609069
1,120,1027.9457931687457,1.6494564305582087,44.39346939566654
0,0,128.9245951755667,74.77629282432015,-19.79822229247894
0,0,96.30598274031571,82.58104058783779,-21.115125738346322
0,0,97.38276091750535,14.70129353042334,-6.300578873706542
1,240,396.5140102868859,6.108877007577271,8.736749965136127
0,0,168.2114512389225,46.645505499723384,-16.839214589532276
1,240,527.0656359133301,8.351673125942956,11.214268131645028
0,0,258.14288495160116,101.42481426611099,-22.82231242928207
0,0,169.73765878658244,85.81066208894781,-17.29771365185219
0,0,126.13320416046804,101.89504929367794,-22.23631161093742
0,0,109.84037490369556,88.86676742079578,-20.15246370257654
0,0,78.20597039291614,12.169826616900151,-3.1194866781896167
0,0,86.33353882424828,66.44021045178991,-19.59095400065023
1,240,499.38180240319156,4.215633774985117,18.699440222820897
1,120,417.58257356972183,17.036785864784694,-5.1834616439724215
0,0,171.0000875918352,4.47471047563791,7.298003875581443
0,0,117.0161338654016,43.178420110734436,-11.379460468129565
0,0,195.85881664925768,86.65023083836454,-18.610463911634383
0,0,211.04997374464153,93.74858282651086,-20.484406836237156
0,0,131.5124359264227,90.70326359588937,-22.25421363950815
1,0,412.89166726850397,2.91905136480353,22.93886040076437
0,0,72.62570496767883,5.036666169047763,0.4318467333611835
1,120,172.3958057715013,5.7019417383962425,-0.9632222109261761
1,240,444.83015020922574,1.6614876893455468,32.48495333360441
1,120,302.8159557928727,5.409800565706402,1.63627598201586
1,240,922.7574192139134,1.6571256896569388,32.43251539631517
1,240,1041.5017238430446,1.9581195738799042,29.25727253539914
1,120,843.0818875570542,4.257423600076742,18.68469799740403
1,360,368.37904699752033,4.318904467312897,32.85689069815402
0,0,83.85761330973308,8.35068133166184,-1.7579444078341737
0,0,175.70650162091474,2.8644291295387045,6.569251816425975
0,0,143.50795816493397,3.0947494363614427,2.9186963586823396
0,0,97.9685857423846,4.4932017084132445,-1.1965403849431056
1,0,236.7431727314152,7.865002650288921,-5.383512057693807
0,0,139.48269387563772,7.315774682669549,-3.6220591821590347
0,0,83.35429798576105,6.439608814524741,-0.9670002364362205
0,0,313.0451841033278,2.3608343026567336,16.275120882655017
0,0,221.82802598542875,5.504535871036178,5.781689374155917
1,240,626.4983756198112,4.5695382822541415,30.472602576539472
0,0,146.33697355779054,55.41347592748823,-19.218150068011596
1,240,536.8795790611506,2.931759011046462,27.69382518425374
1,120,744.9322536263081,2.18553759643688,37.23457075791032
0,0,204.18131994046487,98.479104030551,-33.09185233370821
0,0,103.75355770981918,27.406470665845614,-9.08424920532417
0,0,78.75708420704072,9.556650835309048,-1.431168978997107
0,0,92.25269004667885,32.367172973553025,-7.840586614834294
0,0,125.28246698734381,108.00552003073697,-23.93298852181792
0,0,271.81274301260294,158.12264122635668,-40.611845666997766
0,0,173.5067394925851,6.097750230881152,2.855701085771983
0,0,82.44669914381075,6.674007525628588,-0.9721996449703454
0,0,146.94498304891636,3.012258142777853,6.943260490066422
0,0,77.46649663277597,28.331698313874806,-9.173975990200105
0,0,54.9577664853722,8.390020098275288,-2.8684249941548217
1,240,239.09427123909657,1.6121225729254562,27.194777076109787
1,240,648.002243544378,1.2982939095939061,44.926239683957604
0,0,129.45920368869233,60.92605805676867,-16.97018261791311
0,0,95.64057878562004,8.589947415336392,-0.6000297865432032
0,0,170.91849064362745,62.35255243222878,-13.380899864805315
0,0,171.5758233247577,31.970859559411807,-11.256677281028558
1,120,338.9205535482424,4.860771137433568,10.269677210902373
0,0,111.81715676372197,49.76356232730397,-12.520846888308
0,0,110.29483748408585,104.04542534622996,-24.127585897320593
0,0,109.77368487225539,85.53089488103097,-19.664443201760548
0,0,110.23632075073651,52.816556006120756,-15.098316286352926
0,0,73.64763362640454,7.1044101455704665,-0.5778319051896972
0,0,78.89368371050051,23.05029178989748,-7.916664952308153
1,120,409.65417968409827,4.137232843166007,14.279816153975318
1,240,961.5965689876724,3.5035286397234477,34.99449224779296
0,0,141.37157593899798,32.64171679175274,-6.53097502239892
0,0,111.5103009994769,57.83887229267166,-11.631187930086426
0,0,105.97611665154781,70.5029030509754,-14.814642052041094
0,0,68.95910222941696,8.897887356527031,-1.279609390598523
0,0,65.7375531430913,14.996817542842724,-6.325603669252871
1,240,368.11856704810134,2.1776253522515336,25.442565832207322
0,0,86.77261270538989,17.905604874656003,-5.936282103405247
0,0,111.29857743714342,101.43992491528572,-23.81164785354804
0,0,105.8310717845961,28.080448575733506,-6.963920893996246
0,0,175.52081698467646,70.1210793993252,-14.155294699283687
1,240,964.1650477508182,3.120781554498939,36.328859154234806
0,0,93.92377242041479,5.0704968224721325,1.2654323954810565
1,240,205.9462762136324,4.997832324090623,1.939326467440111
0,0,66.29147829969374,7.000116975608013,-1.4822330888281527
0,0,87.16502737024598,97.29471214406622,-24.63431158737518
0,0,102.86109250580404,116.052695165797,-32.65779683224079
1,240,852.9691069862328,2.805902663146779,34.239161911273044
1,240,1262.1375138966996,1.7952255980770202,41.252212912485746
0,0,457.3833838478378,2.564010896614254,21.234120179494553
0,0,161.28132199015977,7.129432871621129,1.555553050942919
0,0,198.22716863779098,6.943415943139772,5.603768150415121
1,240,695.8352406586301,1.3708631993342353,44.40737675670498
1,240,823.6361037032038,1.1646441026974594,47.926678852672595
0,0,82.38966743410899,4.526299571158573,0.044527785231480266
0,0,126.61557611658597,5.182787518293786,-2.86226390639996
0,0,72.27734789371041,10.12744965170404,-3.2113428956257764
0,0,94.33168347707417,98.33830714559852,-24.8049092539734
0,0,114.24199633115488,81.74525491542418,-21.67112427858453
0,0,119.73104049462117,101.54084787984068,-23.907826343525763
1,120,487.7798454394618,15.910824107986192,5.436710731497655
0,0,200.5356662380863,97.0892636282682,-22.761832317410573
0,0,124.43417840282933,7.9051509159653035,0.4116356178703171
1,240,468.93469130273286,1.707466920262028,27.97513220817605
0,0,86.95176777200221,6.206420742208991,-1.571125009325641
0,0,68.97344234326565,6.256662477527917,-0.12902889435363818
0,0,100.03639615118962,76.87777044072288,-17.76880965517347
0,0,108.49868437826095,98.54716331854439,-21.690558653166335
0,0,98.02803203252097,31.174680681729477,-7.01236416375319
0,0,117.69005119993946,5.334886255547981,3.4188540966963785
1,120,723.9877521663655,3.1507285075695437,27.304482482599056
0,0,225.53181099517178,19.794214018409633,-7.583871102413809
1,120,267.845485334029,15.499203310226855,-2.6331940295999203
0,0,102.11358148027358,70.89759205228131,-19.53375522282313
1,120,307.3465702286199,23.914300732873105,-7.9725110384841
0,0,172.27447593867723,5.8473713585098945,3.8103315148630372
0,0,204.89868838676716,27.037750611066944,-12.813361173918196
0,0,98.55929640842496,30.06817939069805,-7.526175633121056
0,0,104.90276196398845,67.88442897618646,-15.53597544292225
0,0,177.17885155521884,25.001420973876076,-8.837583769155614
0,0,211.55207044233788,68.24655030504745,-15.802138661093764
0,0,120.7117569131122,7.7327790553005915,-0.0470959383271321
0,0,65.12950964379037,6.163003796927325,-0.21350871512959202
1,240,466.4093349056586,1.1277940719154478,44.003513755607415
0,0,118.39437184304819,2.956584551427949,4.825505463246742
1,240,287.1316801580282,2.2112164047826948,8.338657039363042
0,0,133.9361758961929,6.043283668513044,-4.266791124341864
0,0,78.36276508437706,31.228834995852576,-12.845487600633092
1,240,287.4976307945999,4.759991662679059,8.480076724329734
0,0,87.04655422413326,8.250130177155848,-2.2967014134719363
1,120,356.5316190256646,5.020293441345151,11.418630250004455
0,0,183.21255931559242,7.048627357579966,3.032459840125071
1,120,474.0902853089983,1.8037075148191954,27.79162056347073
1,240,1026.0678163935456,1.10569280722652,49.560603552423814
0,0,94.23514560392366,4.8857031671009254,1.371259381376774
0,0,98.57233287556012,69.89021062755765,-19.02525940892815
1,240,770.9086500234911,2.5808156730084804,38.31928151148614
0,0,118.78547719316157,66.87704033185018,-16.540528648263688
0,0,160.4677670885167,17.93397614727635,-8.215530547936666
0,0,134.41155350429136,54.69204530887449,-16.433655439919036
0,0,143.6164895878488,9.563505857474077,0.05196758931282375
0,0,173.55453231470844,41.159838086220965,-13.741497868872983
1,0,305.3459146296486,4.20491986988464,9.078019273657233
0,0,66.20224084813893,5.664767050660061,-0.620700605837385
0,0,126.6317753440087,16.00945123573391,-9.599001218105727
1,240,748.9754628960173,1.560041190070536,45.09701700491574
0,0,81.84235686757036,9.587393750668959,-5.535695152400336
1,120,148.35100570564842,12.04223981810507,-10.215025450363882
0,0,79.40950270686392,6.906724518222098,-1.7112131384482296
0,0,108.36030511363575,43.477860762990076,-13.68989479596219
0,0,193.4272321270896,89.02709335783507,-20.613504345694125
0,0,132.38945008286808,8.622204644439444,-0.9327866487752203
0,0,122.56217573039451,11.023972120030068,-5.2809294181801505
0,0,214.73430607820723,3.957208193143812,4.214025429504176
0,0,113.85114037432582,5.555164306855066,-1.7504570481869735
0,0,110.89511578339757,31.67382664795873,-15.79592473382128
0,0,67.09551091229892,8.922209328929572,-2.5247144999195115
0,0,78.40493522154473,9.216296638441277,-4.971569894351688
1,240,390.05807969615023,2.137116782783763,24.085234871406442
0,0,108.06392386733233,22.649348799175613,-7.734733209179765
0,0,220.29813421879587,7.328978902891721,3.8976752374941697
0,0,288.1433326798339,21.850699009080454,-5.158759169483588
0,0,126.7894259078772,91.53276820533975,-26.14106213611091
1,240,405.9107411421476,4.5053857071296814,14.605075088656605
1,120,437.9142477137279,2.7337354155831903,16.547297237932057
0,0,79.16658231187306,6.271115690730131,-0.3399219770913078
0,0,105.4563583748979,98.47037551891592,-26.367828209942573
1,120,600.49309494588,2.6340740783303223,34.40851256525535
0,0,135.44930163248415,67.89165580840046,-17.37437850797167
1,120,928.2215807292391,2.419141022090104,34.341702279172594
0,0,588.7415020115553,4.7451711516857475,18.81655372968092
0,0,130.05842773457485,10.879204448146808,-1.5356749769522366
0,0,90.66564754173122,9.414539980863102,-1.169967391530406
0,0,106.65191577177647,55.87840814959945,-12.892107907032027
0,0,106.41001562203967,48.76437155307659,-11.561561297714348
0,0,90.9252489466259,9.356736152569999,-2.1722326457587684
0,0,93.14691233974264,4.559254395329235,0.9659485774963485
0,0,96.68988969335881,21.644443701574225,-9.513707668758386
0,0,104.14882339335743,9.827699458558113,-3.7516692349369407
0,0,110.23201304855272,39.17955971636421,-10.552685819831325
0,0,197.81814097938133,98.97805867704632,-21.301712642977307
0,0,104.14483310080823,24.462283768544523,-7.934868166129348
0,0,70.60073919151499,102.23007541644589,-29.910237026966833
1,360,127.03868315950159,21.803428595572793,-1.4349258687001196
1,360,106.28977405081991,2.928133186230303,32.912150265684346
0,0,49.45623565360209,6.385473451884723,-0.6759020498983261
1,240,306.55984777715855,1.7821311385276788,35.08326263739991
0,0,116.81666458217518,95.77403792222087,-25.762604375086603
0,0,109.13978382379332,85.14678983179873,-19.504582525143363
0,0,95.22633654035633,7.969757424232077,0.4440896495944884
1,240,957.0224240877521,2.8585142363021143,39.561654817746
1,120,691.6106091106328,3.3837972306644772,26.684093706185223
0,0,94.11043195767363,5.419784387482562,1.399417560318156
0,0,78.12951434718298,8.18470514531039,-1.6084244248158512
0,0,72.9957025770916,5.772056359852096,-0.5868304750409266
0,0,63.797137358342816,5.524870361153806,-0.5697157552827719
0,0,86.77452849925584,8.485168275200706,-4.584155835090243
1,0,321.3802477472183,2.7977930076793633,11.369214733123258
1,0,380.8940101030469,2.203264227115147,19.880519688637875
0,0,220.87813230966862,23.577673661010802,-12.375569918554817
0,0,321.7974827118939,156.54586339498584,-42.16280704012881
1,240,333.65592933249343,8.244399609653486,15.586326066726215
0,0,101.74622517246296,16.96861106298968,-3.7350406387409265
0,0,112.6708299759662,84.44096440582291,-18.264465466285998
0,0,109.81911979423604,55.04273799098747,-12.06894748173923
0,0,114.41598215514665,87.6802601878188,-19.159646154099207
0,0,88.76758893911364,14.905593225366166,-2.3334248782200575
0,0,104.69551614471443,49.92960980732986,-12.231767171343321
0,0,173.52410633402081,4.4815934738017695,6.872244178380853
0,0,122.7219801453549,45.56572940963918,-12.543578448789503
0,0,138.06007522943966,10.11031751100092,-0.705745809451912
0,0,133.60784963737913,9.509996796227231,-1.8455153403910884
0,0,84.32910831783694,11.712051738231644,-5.187635965864658
0,0,72.72195943936987,5.797754570906776,-2.0577241271175666
1,240,180.37995039222986,2.190249747336656,11.68179218357497
1,120,254.7727201399346,1.7535766682375689,14.858165810168131
0,0,78.2810661116439,4.0498331154650415,-0.23040679286549448
0,0,67.73853748775562,5.644261997194724,-1.7294110683176598
0,0,139.74819569891835,17.925743984007607,-9.783342443237743
0,0,126.43210201173147,82.5135877473029,-17.7449526129666
0,0,181.8974745191719,61.95763962293223,-12.19797101587153
1,120,383.21232472989794,8.788125781244807,5.381039015729868
1,0,437.2418380749544,2.7358717440745233,19.145511430595832
0,0,95.29836585529273,11.683865468184205,-2.0962916910307285
0,0,113.30184032954179,91.40364543396373,-21.54978361031465
0,0,92.7139996063297,18.227648329063477,-4.268217791317696
0,0,74.9108672918022,7.4341555729462705,-0.7178988985052399
0,0,80.77784997357534,10.17751856754632,-3.8787482748207083
0,0,94.4965551101297,45.347213395032625,-12.121607345002502
0,0,85.913826930817,6.083948587716214,0.9087339478139711
1,240,663.4962321032825,3.4287799294290715,23.955725213712
0,0,383.0902580532793,4.036923996907952,15.544572279900379
0,0,138.0397383407088,3.871505074404175,5.392505191054099
1,120,571.5281961505146,1.4833619102439666,25.515970490089444
0,0,160.2733196791519,2.7123504718320577,9.078949249167394
1,240,467.269242950011,1.4999262960998554,23.395414968835738
1,120,570.9437543247575,1.8181050016366425,19.56713907751829
1,240,614.4753974479074,2.1969425538310468,24.571221050793923
0,0,129.50365237359406,101.08617111742974,-26.865951626528116
0,0,135.95122828930482,78.76997314664887,-21.69422043173762
1,120,525.767339819368,57.673925803567485,-12.73265409470055
0,0,147.0737720081534,25.701692712858264,-6.96513620290159
1,120,911.6181548089567,1.9659433778108832,32.07950514697818
1,0,393.8002939437961,2.783209164611643,11.664566500829821
0,0,81.90217157960402,4.973356032468728,0.07112719840299064
0,0,79.14811020474545,9.251221514400546,-3.1493093019361567
0,0,92.7083315771405,37.29933073793766,-10.381290276517007
0,0,91.80010925197938,20.464222946269906,-5.893006538471852
0,0,400.2284738636214,2.5370314299357184,23.664695718547023
0,0,144.41362987695993,65.44264048059155,-16.747527458552526
0,0,207.96461606367404,8.682912561901462,3.2664649278711124
0,0,153.42452664925423,11.550125754549581,-0.6709879747593703
0,0,124.1187412423918,86.92546412956769,-22.556064667882367
0,0,187.66662134911024,54.81397012648693,-18.198579871761652
0,0,90.13435482568129,19.493502714336145,-4.754975427662487
0,0,88.07370880577142,60.20560569566242,-14.07749379353531
0,0,90.23632833882424,111.56416093693056,-27.71638252686624
1,120,298.078889061938,28.497137541539026,-5.207582883767401
1,240,1269.8767769843378,2.0138971727738473,48.162956039676445
1,240,1524.9198621165974,1.7786969718647976,46.38857333417927
1,120,1191.2899603741407,3.953406615883388,29.71124853501051
0,0,117.43795993372046,14.578671117743298,-4.7601801201483624
1,120,297.6205495495823,4.735865522268331,9.249885088678411
0,0,108.77173601642161,81.56771742194317,-19.99416707568099
0,0,74.3053800736656,17.679360264759648,-6.666090952913166
1,240,310.83637580041216,2.9278863657244925,14.105149844520113
0,0,78.2461453838092,4.953994385149138,-0.04842749417123571
0,0,276.77578273125283,2.207746252863253,17.187437426033426
0,0,117.17538281350146,70.94991980441625,-17.04153181855969
0,0,114.58850562760762,49.160627210317,-10.78131184468333
0,0,169.9617726607235,53.811050422350924,-11.369061651061315
0,0,268.15003987842323,19.465243345711116,-3.8850943008872605
1,120,675.0730230174122,2.4676588492875524,31.04488625610915
0,0,126.10967050327447,44.927114967176095,-12.816225075773374
0,0,71.98034883222536,7.272519727445627,-0.439445208534579
0,0,97.81682992887289,42.642468559463246,-15.872890775191209
0,0,157.49410359075165,22.161909434779528,-9.829497761881598
1,120,497.03120268207886,3.039975814844882,14.915158513876506
0,0,86.26940507397245,6.029109312847559,0.08904507882900248
0,0,105.82110738928148,33.07557219142124,-9.415331054847542
0,0,278.6816235379472,7.634300832062778,6.272378270611867
1,120,276.55833445943824,17.955784792042028,-5.5449843395985
1,240,472.3907380926742,2.052435916065905,35.58473079545101
0,0,78.93851782138711,6.955770053978129,-2.6251994105835337
0,0,58.61163883007511,19.076044859788578,-7.835952589138742
0,0,59.17930328943216,39.42628275740444,-17.422134863999503
1,360,92.96701476130653,3.7951206706297937,17.464506720642362
1,360,125.95003612918975,1.7256530115985063,37.82278026809162
0,0,73.97598822536426,4.271176962082408,2.579371544409767
0,0,105.99945759574895,58.433858616184494,-14.214168489819443
0,0,137.3300444059287,12.575195230146678,-1.7484068749031962
0,0,381.94849025340625,4.1382413328012655,16.91825178745387
0,0,112.63071166536503,4.1915035735423025,5.111155895517683
1,240,678.9943469874369,1.0965945160585002,44.41224856022983
1,240,716.9122379688996,1.7433816727928177,30.295949501221628
0,0,125.02653279733454,58.9054364916953,-14.859883247030055
0,0,114.89166583682132,91.4045623247641,-20.64113412945929
0,0,79.47246317509759,7.008091037726259,0.22935513392562257
0,0,77.5799252329103,10.713920442153519,-1.9532973884388554
0,0,105.350162180009,5.789888802977552,0.6588135973598241
1,120,792.6936521958423,2.9517309412437647,28.638109635794166
1,240,796.7118767928856,3.3749227474871004,37.3032832666275
1,240,614.8875311863128,2.1451465712867757,29.94470409177326
1,240,550.0642764956734,2.525022732437759,16.84703468560133
1,120,561.7249995860368,2.1295657448413805,26.74676137408632
0,0,118.58153016687567,88.63898864322164,-23.091048931961836
0,0,207.88712276859926,55.98878519685595,-18.072013375198836
0,0,115.33263850774131,74.4443783545834,-18.75509095532081
0,0,110.7970928865995,99.1647073216303,-24.890842161483988
1,120,330.90865825660353,5.536837320266414,8.6049259365698
0,0,166.75907543948117,10.225809653785506,-0.8701189808741105
0,0,116.93735959573006,11.96737965504116,-2.1793818324931777
0,0,87.77398342224637,14.582580537966955,-3.696362111840756
1,120,455.25161539766185,1.8523031784650026,23.609436151016695
0,0,70.03503020222821,6.446781048418444,-1.2217184150905638
0,0,57.42657295522575,8.960184491212932,-3.93960883121909
1,240,225.4759015552495,8.579796640018824,0.41102796341765213
0,0,119.173408446929,73.30355683014808,-21.148361794931304
0,0,118.20602323309097,124.20689383806018,-30.389111007282246
0,0,138.15851756039774,102.26275138307982,-24.337311226718775
0,0,251.97300845798617,143.91551212946763,-34.89716729282199
0,0,136.08953953757975,17.519375454415787,-3.4519951946888057
0,0,119.38371500196519,85.5516079495844,-19.362491778302854
0,0,85.17162684863682,12.631255521996543,-2.0042822389934685
1,240,810.399396432841,1.6846677220861495,50.32056263068752
0,0,151.35739640395192,109.71129790006961,-29.044572493697935
0,0,80.85504286310311,12.447703188766988,-3.602598387818418
0,0,87.73813880565385,28.226353336601488,-11.126168956451053
0,0,70.02281559932548,13.230979716279041,-4.920701290735835
0,0,148.7448883900645,29.891506445826053,-13.482277763317157
1,240,500.4197772525519,9.582955493822247,9.025200891841095
0,0,166.49613556539404,72.22943730653708,-15.604814766481738
0,0,377.877122214685,4.290358119086964,20.350178457079807
0,0,126.10749398006581,102.09464992326883,-23.619491663759554
0,0,112.17816487884069,104.48114340594962,-24.255441678113414
0,0,104.00775748289655,76.63157443140257,-17.44891921548269
0,0,67.0960493750719,10.340624055437136,-1.444230907753564
0,0,78.28560053499525,74.1549079873303,-18.623737198461328
1,120,236.19031316430033,11.477113812311629,0.25404175655917527
1,240,390.64224945650625,5.222485009408369,12.45519363512203
1,240,729.1250724465249,6.0214452428453855,22.788341750862955
0,0,119.08215317698283,9.793694180753947,-0.9613569759540752
0,0,102.52228039299024,30.22419702391744,-8.634859675842506
0,0,75.19771491300938,6.32616749294474,0.20867903067966154
0,0,61.39479419876186,5.272434350416938,0.11474622020092795
0,0,74.74562156882018,29.39451733886147,-10.086403496565524
1,240,688.4638099932544,1.6667369117389987,36.53991075552534
1,120,499.273429685094,2.0347074804844874,21.81464682381346
0,0,101.39014824273885,15.987812251864366,-6.8173493560613
0,0,125.48658405450539,11.694517104125994,-5.510316332085921
0,0,137.5611979723228,7.721193381978496,0.5210821107232277
0,0,163.61011113495243,26.050381952474353,-6.792710288993604
0,0,128.17047522800164,77.11272551322283,-19.77401650945575
1,0,443.8067308588233,3.37219305708509,24.050255110739883
0,0,111.32465037141375,84.53596728804472,-21.046455501243216
1,120,453.84780327231357,14.676226133019707,4.71325319200804
0,0,121.08821607580067,87.33341555922237,-19.5089100816367
0,0,105.60648179600312,89.91091111288578,-18.803254175634336
0,0,104.74738994785402,109.55452401243022,-24.25465436930083
0,0,123.72930229286005,103.33251026067957,-24.73529318950485
1,120,431.04337204210907,11.750266952634,7.742003774265541
0,0,114.95680282826363,13.870052604142316,-2.9720168684550714
0,0,67.86782523356133,6.1908615746014,0.27721188503693384
1,120,552.5134999246783,1.7050562464918422,30.88743506149558
1,120,340.60901409947246,34.90645872752353,-15.999219493924727
1,120,440.851964570375,33.56809416308871,-10.940047039575148
0,0,130.1934741980368,102.69767528541331,-26.36914391393139
1,240,1005.9486706720179,2.93987002019124,44.72653801105254
0,0,147.13576891142492,92.65159878979122,-20.082546452857542
0,0,119.84590877416954,39.9770633929589,-8.854820019804308
0,0,147.62731173877097,8.528053676504594,1.3339124103206927
0,0,212.5437261571641,97.34449137295287,-23.915789258831573
0,0,131.28904756001785,79.38880946039042,-18.318995848473122
0,0,119.44779773997831,88.31807686308943,-20.389818815739886
0,0,116.20907452520937,98.96747472497267,-23.53176221264978
0,0,76.36258559985761,7.743919819996126,-0.15843408591094033
0,0,91.43406792694066,44.57620569668508,-12.656052646002209
0,0,97.91155403268284,62.83927705497732,-16.023821573330082
0,0,227.89655811714076,3.254577445744117,14.373690840984665
0,0,91.58797759154426,5.72050516729759,1.4112641801692831
1,360,206.88372289729304,5.998334811682518,24.348724409986218
0,0,151.07698766390365,8.128083528580765,0.07259613699291378
1,120,281.1349732922018,3.488666164731892,8.643054932486692
1,120,220.56845386688732,2.767370688241535,9.841159290881862
1,240,239.52767142301977,3.705150084004048,1.8618267469421852
1,240,368.60304751107765,2.163648407868118,13.420740708554035
1,240,419.3574829021456,2.3953528497942806,16.571191267801254
0,0,104.96619854667401,39.34692116588355,-12.842412340707426
0,0,74.06598519283042,10.359238021626695,-2.402227214117204
0,0,104.95277665355397,95.24706395921952,-22.932662477886332
0,0,241.53125172505275,89.26121095527324,-23.047667687993197
0,0,217.79628880679843,120.43200387561687,-29.085253638316026
0,0,88.76613225561202,15.111930655965738,-4.831693123299587
0,0,153.58744848026868,7.411824408718567,-3.484396386895341
0,0,64.78241654033116,10.783146600033612,-3.6033434250169023
1,120,416.84699941366387,1.7202104389550732,25.929756752596617
1,240,333.6379049996718,3.1819280634264913,7.769903039570593
1,240,846.2930754860221,1.3684266928877098,47.56599630537674
0,0,169.04049119631048,26.31139621665905,-13.179422784108112
0,0,131.38308016426672,35.63769358004997,-12.514199676991012
0,0,203.48254262990318,105.3725634130696,-23.301371347909168
0,0,401.76836403374404,5.504747495930556,13.994757524301747
0,0,150.39146220558632,43.55706713284003,-14.088399869972733
0,0,124.81524000521944,58.31377840959171,-15.833446075285508
0,0,103.70118512011094,41.553335851447635,-10.150402720310723
0,0,71.95650343342639,7.714071234147215,0.173598874929624
0,0,90.84806172512734,64.31430888595663,-15.845688991518799
0,0,146.84289050716043,71.34073909336782,-21.014096580650786
0,0,104.20527696408189,94.98512919442814,-20.601515059145427
0,0,131.463883588388,82.2272218134684,-19.695068986174945
1,240,988.964353190221,4.823164175392878,49.7540490264423
0,0,203.31368070429843,16.997397463334607,-3.463503641627142
1,240,539.9707408040078,1.9311378510724304,42.486966760304355
1,240,439.342409692473,3.6081266127054166,16.835801004154646
0,0,115.28689751218444,38.15933460082265,-11.876289316533331
0,0,97.83078461673671,41.844769953328324,-9.905961827834105
0,0,102.33634636346763,76.79662921469576,-18.57508785458566
0,0,71.46497194213872,6.973494202914565,-0.9421075396839456
1,0,211.53338861813026,16.46406482653458,-7.724931478660665
0,0,126.38033023311729,76.56334187270674,-17.964215475295774
0,0,269.63377121533927,95.11069991640429,-23.998144930999068
0,0,176.51646299205186,89.52909468084817,-19.600565508905888
0,0,156.5232155348747,6.600859764428573,5.776363150779503
1,240,1009.5980652736613,1.3533634224206776,51.66569823082098
0,0,113.65074153431236,26.582294130495058,-11.19210210654127
0,0,77.80085934267623,21.25779734870628,-7.136082610316123
1,120,428.2592814486061,2.116552393127358,24.02713253782798
1,120,427.351988680232,9.225537742571067,-1.929408642521409
0,0,88.7859873618618,11.654669354824145,-3.4387694634277324
0,0,85.97446350708309,12.43638193375642,-3.9772622714773718
1,120,346.00996575328014,6.196727961065824,7.485658138468423
0,0,139.1002719462422,15.416448500783314,-3.4990752048910707
0,0,100.26075941861502,5.39799920645784,0.9909469532838813
0,0,80.09491480459748,9.162076445353192,-3.931117520737047
0,0,192.19135237055903,2.950514887746216,5.894131867658061
0,0,149.46537425242084,5.125309926245108,-3.475619743018129
0,0,77.45785288826244,4.586275600393123,-1.0694243573970112
1,0,193.66501728763504,5.310764176169343,-2.540909812071021
0,0,97.85544054370973,7.960306951336845,-3.5513493396756814
0,0,109.03944837108605,76.5285722184184,-18.65164174771813
1,120,608.7388077776319,7.565160407082326,17.29785088205884
0,0,181.6474010713443,27.10041865335024,-8.475390011655733
0,0,95.65063386940169,11.266594421112698,-1.6283290711045026
0,0,106.66330851044677,80.23263778124198,-19.599471730891082
0,0,175.30400353213108,4.799103462721352,5.174690131507802
0,0,140.1777869672264,19.867624844243814,-12.557977217341815
0,0,82.8322554933479,13.09890231844589,-3.8138085076618182
0,0,69.32007633636054,8.502298611000677,-1.6486828532929536
0,0,93.69132087533639,50.42211372996582,-15.691529698853145
0,0,85.26382301142839,9.280562922464208,-1.2887559110990878
1,240,542.4382833033521,3.0735303180872484,40.04655250307046
0,0,195.30638785236118,81.41897896312913,-22.401355844233436
0,0,151.26742210860252,91.68343430071836,-26.097030966075508
0,0,115.24195004071406,91.69412654698102,-22.33198284154595
0,0,72.80975721151061,9.522266527843309,-1.638817715352701
0,0,80.9766731014742,64.54519209694939,-17.72069927437755
0,0,57.732584183121624,5.817744324522689,-1.4210977669381322
1,240,142.61166137318693,5.484438274457032,-0.29039021327132275
1,120,486.84838419462494,1.5929616082748954,27.39275618074035
0,0,90.97587011531468,5.24049613794571,0.313581325016969
0,0,123.04343675279135,8.20829793684019,-0.6746286175236094
0,0,164.40747814523112,89.19197487042582,-19.20714359649068
0,0,202.58381992166318,81.40651069216652,-23.78223737803897
0,0,121.12122667779859,100.24723047430933,-24.472474712798892
0,0,252.05800622370748,9.565901866406167,0.9344192373306015
0,0,271.9471659928541,3.086331593681105,16.61268085703898
0,0,99.89929786116117,66.60104176171129,-18.237786793838055
1,120,445.45195568339807,5.144735647626535,10.95742580438224
0,0,90.23171456306422,5.1001279174914265,1.2369307596751042
1,120,298.9812393088591,6.40333387100901,-0.09728291216563889
0,0,171.109605251829,11.707750654024359,-2.4885511340582127
1,120,631.8360267236338,4.855295512501194,18.855464750458637
0,0,199.3992944020014,31.232618072855708,-13.10033787808149
0,0,191.53050551133148,5.476998914897077,1.8760458611345854
0,0,74.6651865665962,5.731685639862433,0.25938911574263557
0,0,87.49774635168137,91.72195815355943,-21.93503124935353
0,0,132.40027601861945,45.6117255615227,-16.277393134451984
0,0,156.42679102230798,8.84409673038873,-0.6487900934058786
1,240,560.8710316362748,1.8893571633030037,30.825369764095385
1,240,283.74900033791187,4.503312324635717,11.187341113464242
0,0,147.72119697426092,19.558282493305352,-6.139883332710895
0,0,232.10375480735206,96.03398007393425,-24.646189910936876
0,0,226.7190137170255,87.74307803706357,-26.997828494612058
0,0,112.98246955684697,36.89323113891524,-9.305271623590201
0,0,92.81413667801534,18.760462958659353,-4.655320097425147
0,0,109.40098928094855,76.9850972016553,-17.24690845565749
0,0,108.0476679596177,56.34366886408404,-12.902279514174495
0,0,84.02451409723835,11.160809047470693,-1.9257627158054191
0,0,84.41523402136687,13.080714309399815,-3.360788903319431
0,0,84.60371299599544,6.115288474793101,-0.1614987779330903
0,0,164.02156470985506,13.451477514544681,-4.163532139002626
0,0,128.47266053619478,26.697899982178118,-5.874211522053287
0,0,97.07135939385054,88.93114470636246,-19.866834406112645
0,0,85.46067366516941,85.99906509939392,-21.76826973173476
1,240,360.66021148708,4.859124614534661,14.831820026681214
1,240,416.5966539004351,4.92110589116925,7.184145283006998
0,0,77.66503069118617,5.645135119093706,-0.20927626976798308
0,0,69.0147849481717,14.286131512683017,-6.236389427697887
0,0,105.29000171819479,76.30734162947371,-23.910167134156467
1,240,402.7268050975215,4.952932199645157,18.07129460521999
0,0,179.74129953530723,24.16463358021403,-5.893984069547884
0,0,125.46638319847507,8.20014699421321,-0.42154846391559886
0,0,83.96995931629228,6.269498948733205,0.23348718420375292
0,0,76.31909481188886,9.041774235672921,-1.6527303603428862
0,0,255.4038211819772,2.634748435269872,16.89319528819695
0,0,108.1102883461,65.33055599495482,-17.420169233943923
1,240,1096.2902543128855,2.1427776359019415,51.518846643442615
0,0,141.74903267482375,90.86355343486564,-22.38684082874235
0,0,205.92920410971453,7.290691943589136,4.389674553987177
0,0,143.06893529605506,121.27235234319456,-29.00985164666774
0,0,200.95913603487003,119.2615675002906,-25.834318168404792
0,0,137.5366780780503,19.291485319426936,-5.731629367698872
0,0,157.91826488709648,53.8588767460289,-18.037567293660274
1,240,674.6125523260814,2.685113806454597,39.281467991597296
0,0,118.03612972617381,61.85912078937353,-15.543996481697448
0,0,134.88951573370008,4.814944195220398,1.886830406681483
0,0,63.69685291789825,6.056341691580037,-2.390681779516541
0,0,54.78580414780097,11.138252270349195,-5.996112289209975
1,240,151.52478464196744,3.4065563825517073,8.9536984565934
0,0,72.57904575139331,5.038175068081455,-0.003159879423449752
0,0,126.170080358373,15.808489709167656,-4.505451373590503
0,0,206.24294086139528,8.498229456848213,0.6170333907751768
0,0,87.43739317687474,12.08200724921673,-5.536191843866007
1,120,325.5123317146142,3.750335383147269,8.11136257035514
0,0,84.20650317844529,5.793724673397833,-1.5281453456909446
0,0,187.08647588947855,55.42901253380644,-27.44188123281379
0,0,111.00332979667783,9.226516902530133,-4.402551696971116
1,240,815.1368712618773,1.6781682658417396,31.966882999116123
0,0,91.09021126814847,7.400328980553988,-1.0348091894020683
0,0,109.24418892145843,44.370132684397035,-10.827229385497887
0,0,187.37315346981006,92.6865489343946,-18.894000763200395
0,0,158.9725296523466,7.667836835047853,0.809496049765869
1,120,559.1280899884781,2.5172093066998946,17.68196247146882
0,0,100.99948499890222,15.837705676462368,-4.552853704850264
0,0,70.1467980698101,5.556693962274988,0.17603477669206313
0,0,62.74588231659216,5.308994017404637,-0.6424969068569482
0,0,84.25739641253514,45.67545669176155,-16.105136307000393
0,0,68.19685432799457,8.250353082694916,-2.280405706236948
1,240,495.0187349102772,1.6103450817417024,35.344955632380504
0,0,105.02918168702443,19.280540386723214,-6.357735379919532
0,0,139.0582151696583,17.268939727595296,-4.6466491325831925
1,120,482.5137475361236,4.731597377543542,24.324735268985293
0,0,106.92061436351983,102.20989659922496,-27.625736334383667
1,240,175.52344695022023,14.04609022310539,-3.742586121857528
1,120,85.28158661490735,16.88007875856187,-11.782335370247537
1,360,156.6233809467063,3.4358774854549283,12.377318754048972
0,0,66.52967722636998,6.117366820770729,-1.0262016319812517
0,0,91.30729678609494,35.659067243156414,-9.439827455217639
0,0,84.22115503389938,14.91899553370909,-2.908984607882374
0,0,87.85557470242495,13.717016670927302,-3.3414707756763846
0,0,195.72160499864543,113.6042357481584,-27.097140367984835
0,0,194.20468168279743,86.90871462833245,-19.166943291482966
0,0,126.80446885734534,69.9332900559502,-14.392036874042603
0,0,119.22219884218966,61.094643230623944,-15.291751192467885
0,0,80.75618676601421,6.328435804978942,0.5069475397590253
0,0,72.20820927366051,4.384160740713796,0.35569442056265643
0,0,62.59876295095721,8.537809178032235,-2.148005726928531
0,0,60.14492574619234,13.279826712688534,-4.736333645845022
1,0,185.1797508702307,32.20455480951281,-13.502747792444382
1,240,530.8009124932483,9.226384242148582,6.548781787298751
1,240,1372.814444564488,3.9949609011138927,38.65074380553638
0,0,164.01952421934695,56.92812538261772,-11.977038424785462
0,0,104.27019857041502,21.52271561840518,-3.811039716938353
0,0,78.72161368037469,7.368610966267103,0.011312864453543625
0,0,77.02145998492732,13.061815168512501,-3.1029109215112243
0,0,69.43533004189379,9.866240457979108,-2.724384469114014
0,0,95.34270117961067,82.73408193576225,-24.289354080523978
0,0,64.52023618215539,8.321859735705477,-1.862571936679842
0,0,84.63765315478038,70.55472543022825,-20.117034806010196
1,240,282.39184742884913,15.92190982313564,2.5175704445976947
0,0,218.73189904900178,96.26235807935431,-21.28128488546419
0,0,177.579626563129,56.41376047302472,-11.746890621825912
0,0,98.00746842262254,9.344307589476688,-0.5549048384930018
0,0,125.06958714705573,6.929745155453235,-2.067261660048544
0,0,77.01294093705594,4.917132396883755,0.526159988366814
0,0,74.42376819934049,7.370560712895268,-1.120784368526742
0,0,72.99934711986027,4.894577875891196,0.19997636212713132
0,0,78.5024933399493,14.734216768788873,-3.6834164300230725
0,0,101.2967277856424,62.75730557350103,-14.73901285046702
0,0,81.49887429870466,6.547985126639073,0.00746086361880316
0,0,249.332976494356,14.756073243488034,-4.951929445651146
0,0,205.13168973067692,14.186092950671727,-2.4952406169893067
1,240,1029.8880680670684,1.5080232044387718,48.95015917322668
0,0,82.73643179187523,6.162532717205083,-0.681434347393477
0,0,81.94310041837926,52.439190465251905,-19.615762154174305
1,240,240.88380408682846,5.1987744479480105,11.352115865220398
0,0,137.29872287662917,33.626562195741144,-13.94545312294673
1,240,822.2815807596849,2.1656349293979718,31.639362533080572
0,0,127.73778921575625,7.944408461936988,-1.5634632792702803
1,120,803.5077984465064,1.747898781345909,33.890156897371895
0,0,184.1107719012054,14.074669059588029,-2.9188338939673315
0,0,157.7420231874874,113.40537873866546,-24.57153824043884
0,0,149.876963860024,75.56806051870302,-21.37284520160165
0,0,112.73657911456095,79.27537490719723,-18.437668121103044
1,120,1080.2684135316488,1.966394377985577,39.190827083066495
0,0,94.59331403641858,5.181278619260094,1.2383045871332996
1,120,337.50141507196656,4.521706995092508,3.821871665511935
0,0,94.63368174030408,17.302155360271183,-6.2061282359550916
1,120,826.2269825177052,1.446423326401141,40.12524111271492
0,0,97.14398951988099,5.281141203214226,0.898736711079664
0,0,132.03124197416884,9.820848046199385,-2.107963940473681
0,0,163.72129519552783,14.628578494753622,-2.0972639381549953
1,240,780.3870458433108,1.8927685430636119,48.47021783465526
0,0,135.59351896717422,80.21426386717143,-19.380953905760393
0,0,85.27769267885436,12.001918281726255,-1.7842214999481882
0,0,106.23869377176682,75.81429984569895,-18.3294316532037
0,0,74.17344535822852,7.189819516322384,0.017796273265901164
0,0,68.78367105798193,5.553908996713998,0.32443984588853425
1,120,855.5597137353332,1.3823386607577128,42.88836743988067
0,0,162.58332497521158,79.90165464153083,-20.257540367322008
0,0,255.3843004894496,18.5729046428876,-3.5640836634228776
0,0,247.19281936098,75.89385275695376,-21.007549764417277
0,0,123.24122829937778,78.12460475659717,-18.24098886860601
1,120,421.15633398986455,6.70681299406356,10.327293420918693
0,0,118.30494167850095,56.647073083657844,-13.212104025758052
0,0,111.83731227551878,85.5671445559026,-18.176804706549134
0,0,112.8817600142132,87.92503393345665,-18.90364397516663
0,0,106.97410922300753,47.7217475894392,-11.917118411800772
0,0,78.86721401418693,8.695447614280642,-0.6153162589915837
0,0,123.41719793358578,64.50616287122622,-17.30892619749183
0,0,139.3057833485843,10.464356483554646,-0.7461997441442207
1,120,433.2098741751565,9.107575589825228,15.598056439638555
1,120,194.27875148824194,43.67914717212339,-21.592150335544915
1,360,123.91320716793292,5.781357477011635,15.040916565819686
1,240,156.21769742551828,14.286451882992205,-11.209549715260437
0,0,66.26884585914125,5.464213432205787,-1.1002139443160388
0,0,104.90959760719062,4.921511994378079,-0.9764690779942953
0,0,100.99644693525681,38.656404928429005,-11.917028584620809
0,0,101.51787161248835,38.11338176661475,-9.592237759849965
0,0,95.73605106928298,8.374720836721348,-0.6020429721646394
0,0,187.42580946097775,99.06179174399735,-22.892520296348003
1,240,758.3894699042478,3.4948987209229436,32.02096952935521
0,0,135.30797499268056,6.192379046925057,0.08670428819830533
0,0,112.82314125633846,4.036253926613385,2.68170055423883
1,120,307.2465408494889,3.1063748175528465,6.575708805479536
0,0,93.16864923168323,9.107048558105324,-3.781333340130601
1,120,816.3472902312899,1.475753115400773,40.70305180582798
0,0,112.46222382968678,34.23204583597641,-10.777602510546188
1,240,1032.2649220993853,1.93359928774372,46.71253241672703
0,0,148.89860534167568,68.08975475857025,-16.30154079400579
0,0,234.38586206374245,69.49435204901032,-18.609053096513847
0,0,141.87544106180135,35.60364227721547,-7.445986381176098
0,0,116.25093858880084,94.32241929490789,-19.482780940172034
0,0,101.8315630199356,53.03102903767053,-12.073549803724205
0,0,166.68016513710907,32.55211417975678,-13.034034851367906
0,0,81.2706000911387,5.8477057168184965,0.7675309048695311
1,120,614.919952313275,1.4984890291599424,28.613116543958398
0,0,95.64605410181682,13.619532949325333,-4.840707545006097
0,0,111.03145455751466,78.45789817234078,-17.651822963155723
0,0,109.55891191021811,8.36377500156605,0.2569902016425374
0,0,204.0612484101208,92.32289704766211,-21.520626764490174
0,0,316.48195959402585,5.660493491225821,8.744675892779597
0,0,100.99190117584708,12.163332575365192,-5.947875093571767
1,120,187.38229033286305,10.404975169908134,-4.498814730177031
1,240,330.7328586632712,7.099080266567483,0.4450883164775661
1,240,822.3330918089564,1.9126139044274961,27.944231658270013
0,0,91.29181173035003,5.615812662513123,-0.32287594870606995
0,0,76.0050463186027,4.598271437956136,-0.16862682886045377
0,0,72.4470713597519,6.523684813074338,-0.9549211227075602
0,0,109.56719856889274,46.94676910416088,-11.81727285929999
0,0,161.23206681650558,9.136410722555215,1.3375583370366968
0,0,151.5103765117685,27.638126375386715,-8.228148624745074
0,0,226.674122925847,3.1833625102052316,12.029613592281365
0,0,79.74981117938367,6.159013607287689,-0.4761211177168292
0,0,66.435701302413,5.696730983001182,-0.10192222181295563
0,0,86.37900775440407,38.53330331396255,-11.878999983787395
0,0,102.80820979346878,65.06307656768557,-17.988801702845834
1,0,376.9768804746223,3.2922358475245916,15.02548742667372
0,0,85.22106339922505,8.984520902840675,-1.3603640253820402
0,0,122.67297436498505,106.88609743805219,-24.395862696197028
0,0,200.88953263642662,92.80482784764332,-19.450210661509104
1,240,762.3988070315223,4.736254930123019,28.965439879566276
0,0,141.8703171634143,69.6521800000895,-16.828102438976117
0,0,140.71407321699203,13.385575988267533,-4.103797064329626
0,0,103.22849415784817,48.45520969245317,-12.109369712720962
0,0,82.1678661158771,15.43505344245712,-4.36535796051615
0,0,74.40726289834151,13.67279654374373,-3.8705317298303044
1,240,821.5107287899533,1.2994155440954018,44.2689689242428
0,0,95.59169770189236,5.05133010469278,0.9469686227661072
1,240,690.9727517777967,1.5877656305243788,32.82326362913862
0,0,168.93649419674696,11.521080350602576,-2.5902830573381266
0,0,187.27004068280007,32.80867394296641,-10.58694696305821
0,0,107.8064479733836,10.401372583220036,-2.0856656640366964
1,0,397.07183504757046,2.829193584624681,20.920158333681115
0,0,133.48783478732696,94.37495641580827,-26.022120381941114
1,240,1005.8732178674512,2.843874892462521,45.62788507057236
0,0,161.46311835837426,122.83277053241062,-30.769227929159918
0,0,122.8732258362396,102.88905277625122,-24.527005094986016
0,0,83.18898991445795,7.438815832880474,-0.089330564763344
0,0,97.74246538591055,23.485731894531984,-5.878554930401904
0,0,155.1941760505904,30.26655088124355,-7.1605156032650825
0,0,139.275187327021,20.58606112853112,-6.565690585477341
1,120,461.08496966225545,2.400942634850914,26.888244466474163
0,0,107.54110485492025,30.049291079229636,-7.729290738864577
0,0,109.93627795757686,92.88679210950701,-20.61338809875535
0,0,91.1890900373541,27.0808769669414,-6.059033586795664
0,0,100.16305393145154,90.26345923543731,-19.276928747415624
0,0,109.3643171320944,76.14414228661909,-17.689761736809174
1,120,1378.2874935495825,1.8523418710762882,46.8099684872242
0,0,322.3110968449027,3.9404654602953793,16.499033622535038
0,0,225.86379880084178,92.98590295129902,-20.193414328734505
1,240,736.3419699640862,6.016522820728595,24.990999314599563
0,0,145.4601067701041,68.64897873106204,-15.982744132329813
0,0,99.43230893626274,6.535804737728937,1.4035813143068765
0,0,119.76541142362449,47.62540185927352,-16.04926380106565
0,0,109.98589588509915,83.35369074805216,-20.302469809157003
0,0,106.81827242847957,55.77155427329244,-14.834435735342737
0,0,92.38300937379701,31.719252450446735,-7.610433527922979
0,0,87.19637723969146,28.040839976099075,-7.659156847123327
0,0,158.89643069245236,50.814665725941715,-16.320747958661812
0,0,176.78789357386438,47.699309033474044,-10.138973532648833
1,360,360.153421661215,3.8159127036960365,40.979402482997244
1,240,387.4237157617092,2.7132508928911885,18.609296005755738
1,0,255.2218774450038,19.888375815763386,-9.106695432410504
0,0,99.95487855539051,85.0471519582868,-21.016701568869607
0,0,139.42687512418243,4.0915742081716076,8.756755006508257
1,240,256.6178450179542,2.246356966668431,21.880844171491788
0,0,74.03588228980657,30.667441529774056,-14.547813055947529
1,240,194.09921099564474,12.457393713781217,-3.17767883894804
1,240,603.8158296892913,2.5506338569154363,27.52923008685751
1,120,591.9612600006571,6.735941874781268,11.881123979856682
0,0,247.50063869018723,142.29583536001928,-33.33295905262281
0,0,138.2515185833342,110.90001433450263,-24.857717067886014
0,0,102.35246623848172,25.909565213587207,-5.529137768263311
0,0,111.23223882351299,90.56627144677782,-20.217207963520224
0,0,84.26306444172434,10.302546916125781,-1.1474154854088283
0,0,106.56476415496329,83.3972972081646,-21.100763957456337
0,0,114.46462518164839,97.95796351453158,-23.028978350609876
1,120,824.3644227818996,2.7033403953055113,37.17369963360841
0,0,159.71106251964136,90.29472015800138,-19.134970099369184
0,0,160.64133347834849,14.997065717025897,-2.5326404275629955
0,0,123.50904267856762,23.707159217920054,-8.851110685667152
1,240,240.08504274136925,3.9586060906337583,17.69003634976164
0,0,102.67206373234411,81.9352318014174,-22.810254451360464
1,240,886.2826084640217,1.9357647202983523,41.12483797130329
1,120,577.7310152297772,3.371950523224262,12.654694517860122
0,0,94.99258134856441,6.925288398349234,-2.4683294506638163
0,0,88.31679357360876,14.619423123523472,-7.556981071895365
0,0,169.6358383102276,41.35859402113749,-17.440903460659257
0,0,103.27660438960612,13.095162559118366,-3.532649434388844
0,0,145.7475211942302,14.451877573882795,-3.6730546006171636
