event,charge_mode,duration_minutes,km_driven,charge
1,360,455.3954019621335,7.658569559822382,16.08847057060288
1,240,411.3378110744591,3.6174227663812935,23.61844000481969
0,0,137.80782525840337,67.05008722629313,-19.468651653159597
0,0,79.94888936859604,8.653215587917181,-0.9901228093481365
0,0,86.17678380899169,32.45870683191987,-8.125085145621057
0,0,106.780149264153,108.49952202298772,-26.836858188124786
0,0,83.90530410733103,32.59795871977566,-10.080268828569473
0,0,87.40543116027682,7.407284626069649,-2.491388616154566
1,240,346.62889186862435,3.6542621933572965,12.815728231768546
1,240,517.2362757261149,23.795478543776124,-5.361837287564768
1,240,763.4172385162383,3.7529630965212846,43.39234019106708
0,0,129.5732444359791,54.13625426217466,-11.782652407353282
0,0,105.11263774880625,72.09935432668506,-15.52817633012107
0,0,101.45472976732063,61.62218754302081,-15.534532924091138
0,0,99.91307117209094,106.26474869912535,-26.236257811060838
0,0,73.33466205866432,40.45660089136275,-11.764454477483852
1,0,122.3111500536631,4.602501228488981,4.374847785342112
1,360,148.95501356816663,3.364497401277786,10.411456204588902
1,240,226.84212331101497,5.117229826066779,2.492513945340775
0,0,138.43217000965245,8.624544701373873,-1.0842088544279846
0,0,150.55422533178347,65.46235002299336,-11.826054787128967
0,0,102.97857941483784,57.59874075793652,-11.292254128244252
0,0,101.71837247702722,94.87934021097985,-22.654177084205088
0,0,98.02743122142691,117.23905800652196,-30.544464473046176
0,0,80.92541144548706,61.41641414465572,-18.100224393657854
1,120,175.18563241054375,4.785682654121138,6.487540786373486
1,240,207.21398762208952,5.652773469225987,1.0835799116290872
1,240,280.53846990033,7.595553171231067,-0.7622893772604726
0,0,97.06985169808621,11.58963508451074,-3.904597366841969
0,0,131.7807944364147,11.583200604779742,-2.196628651045387
0,0,130.8288489340881,13.732871842651551,-2.4118070186622873
0,0,96.86010060991056,33.035510561096075,-7.4022088408252955
0,0,120.33207830984425,122.74467681944834,-31.434097011508946
0,0,87.2116299062396,53.717953517855875,-14.80135819731062
1,0,225.35950290782003,3.437392927262541,13.056295987603391
1,240,311.77611236786527,1.8441870930301139,23.291595884609706
1,240,257.8668746022037,2.9945515916471335,6.800350730702746
0,0,76.86348067536585,5.83504838225088,-1.8452141551406243
0,0,74.30026751133694,5.251538986645338,-0.1209761518678647
0,0,125.51495820862654,12.173578108098154,-3.5887332983940894
0,0,137.01820077599714,33.05264270179919,-7.598084932654444
0,0,118.08937519237718,102.70872851230605,-28.051448476018393
0,0,68.62239862346155,19.82194996512106,-7.620425480705521
1,120,209.1561945040618,3.1358664838037753,12.096244224004195
1,240,205.39114943484188,3.125403460241197,7.69491319615976
1,240,288.21468183126757,8.663096530213771,-4.122216920173059
0,0,70.05516870993745,8.163327872397648,-2.6807760152195925
0,0,56.37694463785239,4.909811258480149,-0.39348011215416534
0,0,73.39784358003637,17.16982708090013,-8.577190626308564
1,240,312.7048983029248,8.931834877430386,7.896918672033209
0,0,189.47595829082923,131.39836438953935,-32.26537358670867
0,0,73.69122077086952,23.903045356827523,-9.291987768859727
1,120,164.90060802075016,3.1012788991207274,12.245769490974283
1,360,158.9403352465519,3.2256227381804172,7.515237700433886
1,240,240.83719021477648,7.5969916790418965,-4.200736443361123
0,0,68.38817865327611,10.117936007198546,-4.415957082592115
0,0,58.928107571825066,5.996014608682744,-1.0198080503488427
1,240,656.3234998691635,1.317033880584648,42.24323920131566
1,240,610.273438016667,2.907437941095498,35.039194479702175
0,0,445.81901725369084,153.4038591124064,-43.717734019057474
0,0,95.25315765447964,11.417188320365288,-3.860032517678576
1,360,123.22217238524368,3.7030212007382106,16.684141020672584
1,360,129.96235463981787,7.824136935610275,2.313144918817102
1,240,190.6202200235455,14.006442818053229,-10.392819859262374
0,0,59.71371342153616,14.524144993571229,-6.2453087382726835
0,0,80.69617367295893,3.964990484302333,2.153347649621068
1,240,207.9701027159292,1.8540771726489027,17.9493938380633
1,240,246.61595002221966,3.2280810162711937,15.527283189734064
0,0,145.322090259347,118.20103528759543,-32.1749651720554
0,0,214.48892575854825,130.2492764086754,-31.810932599342223
1,360,298.1357960749976,15.152517513107655,3.0126238852093223
1,360,212.64856202504757,16.258008058374887,-3.3996048129654213
1,240,216.8734883105627,13.447352408394558,-9.153838850033907
0,0,64.1793212305124,6.934869726722866,-2.3543334753435516
0,0,57.317174323844945,5.053917884584594,-0.3059778709701675
1,240,640.041156466391,1.207828441085624,40.846342009718526
1,240,541.6443964629957,2.698293434871345,22.593120869052328
0,0,157.3952304895752,120.83804932754478,-32.948118277869625
0,0,166.9612653767184,94.06542996474847,-25.616804294108945
0,0,162.77409950166177,23.00025626476348,-5.634753396088527
1,240,388.18513613087003,12.384732825206008,1.6924074015869621
1,240,309.78513776274906,11.032552629606831,0.7515997903061447
0,0,89.08112730977278,27.90481886488241,-9.72761260400057
0,0,59.30694730677301,5.33162073452321,0.3306907608233587
1,240,510.41473458055884,1.2051970050988607,42.93488735119611
1,240,323.1868300267513,4.41569014262147,10.761380626096695
0,0,124.64754569362768,112.31017072664577,-30.629499108757166
0,0,120.55207719479397,127.90233918343769,-33.88167102338079
0,0,92.82908327098728,17.707980614014748,-6.407230156077176
1,240,565.0689100864989,3.9521346103881787,31.78527357704523
1,240,374.88072991987127,9.779861403009665,7.274986981704771
0,0,84.90566591499184,10.224900885049305,-3.3202821291094864
0,0,63.38246434286073,5.441670643083705,-0.4440158268089789
1,240,280.7682291315436,1.5628219817929907,31.16475798578911
1,240,478.5522485752059,1.9232310215965354,36.17037230507583
0,0,151.02831062922678,133.39022662781505,-37.12154189830173
0,0,122.95091184430682,140.81974224598756,-38.18412874584872
0,0,87.1466402835562,28.56799623431861,-11.195140378804595
1,240,406.76176171673126,4.258109914499663,19.02438212039644
0,0,213.1373955344412,65.59395634110427,-15.191282133659158
0,0,89.40503817384815,12.8477067273991,-3.3367046511867784
1,360,204.8311028067151,1.5528721147573463,41.21375631155959
1,360,128.43821025478283,1.4002208515262509,44.14575773704904
1,360,141.0968012199638,4.095402407753499,14.507512203317148
0,0,141.15935359009583,171.1636873743181,-51.90809967045651
0,0,101.65353022310273,135.39001600072706,-38.28237854491727
0,0,60.0910851369241,9.423564496614851,-5.2153661447133
1,240,238.55809834991473,3.6857347408157346,13.443704762913072
0,0,126.11055471582799,79.27221993649042,-18.848849395391383
0,0,155.44280981900397,30.47351551568787,-6.61258565736793
1,240,351.2794644741319,12.262612175601761,1.325067075070578
1,360,229.28932892162848,3.2009670843079565,22.027991660168837
1,240,259.87226867357725,4.3465298637063645,12.512746437717198
0,0,109.97648695664508,96.2003777051713,-26.79612948794083
0,0,98.41339000103649,122.9718924672396,-32.89905678575649
0,0,65.05769004593398,20.121258859446726,-9.434559355310611
1,240,189.09655175296234,3.054839192288013,13.729080429692374
0,0,64.3452584530555,12.057369418762878,-4.388454113669255
0,0,66.67190508281466,19.944591329284183,-7.587649127923868
1,360,222.1362080685041,13.057789332035647,12.118912377064547
1,240,492.7101239493981,4.797450622661419,23.421359171988726
1,240,658.9722379256283,2.441756458563988,40.96496672678259
0,0,146.59000571685493,120.24430116759308,-32.61493341554486
0,0,106.19410905416456,123.63829158879916,-33.9121964127117
0,0,62.341740499343615,14.092539405679643,-6.712515753096895
1,240,190.28365245029065,2.49819826181726,23.321386804645655
0,0,66.51505937909103,33.50861177486578,-9.966806532377205
0,0,56.72080696467376,30.592512780390432,-11.79083724863311
1,360,168.04481118075995,14.210496143716032,4.214722911136803
1,360,254.3481847536633,9.446092395285943,15.88493274871837
1,240,683.9277089052521,12.404574125537804,17.06464895498067
0,0,248.29708747973726,161.86432097083355,-44.78822037448913
0,0,168.35817384251422,167.6880359149776,-48.09662410376735
0,0,66.78176282455979,11.603263005747456,-6.734010868866008
1,240,274.14910464439237,1.9187138002369972,31.82497719058729
0,0,68.66855338514922,31.580350713802112,-9.93041067263836
0,0,49.86394266121065,20.22461302854521,-9.023843068777353
1,360,161.39422913160868,23.206553085042167,-3.4557785041506293
1,360,182.3090981349502,18.44114310310576,4.394969073653016
0,0,214.39082350934152,128.9058942134826,-35.08345301220253
0,0,228.64469262588204,143.3144071842751,-33.67075680483608
0,0,167.6070806225362,164.45373610490188,-45.53523641291104
0,0,75.96980251310423,15.198399956092699,-8.604704163134954
1,240,229.74279392888147,2.0764767748027775,28.66619912336266
0,0,60.662960941968734,15.427478263935102,-6.458072339934205
0,0,49.47415796189836,32.87293932453776,-13.423065799868624
1,360,120.2770304103587,13.465113557845575,4.484722278287762
1,360,115.92833703946816,4.531286067337202,29.880556917378712
0,0,130.83871130487728,124.98265565130575,-36.12890928813608
0,0,140.70135415949147,21.448102727072868,-7.2664799719066195
0,0,184.96279004892637,117.75324603560622,-30.177039603301587
0,0,69.24877819718955,11.661879040458219,-5.475944225872041
1,240,147.29283000025774,2.1005717806341604,26.77573856555088
0,0,51.61272804710138,13.356707464829261,-5.174077345642544
0,0,37.25584816807629,8.817810120907035,-4.907280053259555
1,360,78.5313606126099,4.077895749646681,11.323772747967311
1,360,126.41049548446223,6.824433568888197,8.95350823432996
0,0,98.46072938082472,91.39361017244778,-24.300434527369553
0,0,88.1513097934008,13.709114804935071,-3.381110981797306
0,0,152.0517186435709,28.342724467220293,-7.841780787932578
0,0,153.88895362495913,8.50004248206274,2.995672967955798
1,360,148.87205629295346,2.817455396986381,32.78491270724771
0,0,71.07547064428587,58.024199748149584,-18.22506303799439
0,0,37.60529350364903,6.180341696589585,-2.271576222842114
1,360,77.23489529207595,4.225239920777066,11.247007496764354
1,360,94.0851978917233,5.374777322525438,16.96002671008675
0,0,90.63924019373873,104.38681194769973,-29.517243114644387
0,0,99.55088410690088,53.22816777936434,-14.555781255205105
0,0,121.49243724545786,35.68362114561377,-11.421890600780984
0,0,184.98222005298697,80.33454261311073,-17.74096322938604
1,240,301.55166787404585,7.071416064756283,14.99581275357653
0,0,86.60880099379273,8.5115713009356,-4.120880080377191
0,0,43.12784705568188,7.780463694081259,-4.357315785933906
1,360,89.87034369407739,5.491012182956394,7.307599531981808
1,360,142.48702141131633,8.536413987897015,5.788452832411679
0,0,112.04666660165118,111.26539892825944,-32.34777153049027
0,0,82.35456532934025,12.026825945201082,-4.247340897904763
0,0,86.63376299434198,16.019087613653628,-4.710008998165151
0,0,121.01305800875184,61.63243939291479,-14.298061791949777
0,0,153.9174298036057,13.591510925464576,-2.2566332072582753
0,0,93.06157449227,13.83357099921587,-5.312823351017499
0,0,50.629529031825484,8.736940532804034,-4.235525981764226
1,360,111.0627194065223,10.017390267402007,3.9217489217232924
1,360,146.5941320421047,12.47037908949641,2.941332808032115
0,0,103.92005039922282,105.13485766816854,-29.53191136473658
0,0,90.70841282196376,28.783667721560214,-8.027612087461563
0,0,88.55453338992069,7.26121291166026,-1.1854493701940072
0,0,106.97516347643672,66.35454974827431,-15.597913925480142
0,0,118.31963321015937,58.28229006923071,-12.012599420145861
0,0,173.85869009705945,58.59389215891341,-12.239798778022035
0,0,108.86550789132778,25.190760729057228,-10.307864482827824
1,360,141.7089030281642,11.233784891645637,4.251805684604761
1,360,129.2066022998463,8.649224044600182,13.453025653821797
0,0,117.96671904072284,111.75365410887949,-34.20718887169843
0,0,77.1248391693092,10.648674998171522,-3.0302988563934434
0,0,83.42508033427582,19.418902457325885,-4.028801936967028
0,0,109.34209845767272,80.80507364479433,-17.84538996806475
0,0,114.1744787674531,55.91946247665731,-13.318892690874506
0,0,114.60601983780225,36.83624673665239,-9.39675796440298
0,0,136.3109894380019,14.291706858514448,-2.872208303616631
1,360,453.26676226407,33.42200891190569,1.0021277952129566
1,360,238.95649278556542,21.33781231516759,0.649762187990973
0,0,153.74336462720527,136.75511479062487,-41.90743893540771
0,0,108.5489484611108,19.551965332279128,-9.021391315159633
0,0,97.52167297687433,35.69850798679786,-8.544123656179963
0,0,116.0949317533972,83.95974834748922,-19.47085506104449
0,0,99.10868714167601,25.30276399405219,-6.422262998840964
0,0,81.42241258494232,8.435621878820452,-1.6067599800107217
0,0,90.53167233578603,12.122307126757741,-3.8777813116482065
0,0,125.38072794136784,9.900503836933774,-1.2047780657405696
1,360,298.2553461466563,14.654635881535222,15.131990758395006
0,0,160.11486425513854,131.69924896431527,-36.2046018971313
0,0,120.59056311298865,86.03274459217945,-20.50042249402874
0,0,104.86742747002296,40.07824265376121,-9.475568104937963
0,0,94.0758002993276,19.880881857883132,-6.310338332611536
0,0,98.62580506293106,18.966873487836516,-8.091764545807877
0,0,83.0946285645161,6.634023054913101,-1.4704868640605184
0,0,79.23154926243971,10.54458352613612,-2.1712234109721607
0,0,95.6066839710686,19.83769413530156,-5.172275518091595
0,0,151.0092433790343,29.119103557343283,-7.16518133267121
0,0,227.86644954608772,109.5002325256677,-25.634315310249264
0,0,104.04880535028475,11.125901318091351,-2.0106282650600207
0,0,87.29659933181495,8.713222300505286,-1.4829358544125455
0,0,85.08358535124093,9.790781969520857,-2.6294371398969076
0,0,103.48395223340555,39.70198171362038,-11.775635319412928
0,0,95.98246297025439,6.83916744453029,-0.913452669276893
0,0,98.41537381125272,35.68464994040947,-9.697044943055559
0,0,104.59978313170879,35.22829100826242,-9.52715532599349
0,0,106.63902667340022,9.247520560490754,-3.003112924576314
0,0,140.86037638642375,8.796413896511213,-0.6550991318100898
0,0,165.34699932757502,38.33760127517641,-8.534480444213742
0,0,109.33165794790621,31.93353416226257,-7.116024729426357
0,0,97.63824166517948,22.32649674815678,-5.9835681877262346
0,0,115.93417510953303,69.01303491610021,-17.054429944811517
0,0,100.36068677322068,10.068966277374829,-3.564828700621362
0,0,76.33102601333213,6.968860114076041,-1.2871178860527692
0,0,75.33006339457727,6.754094236990125,-1.6574489292666357
0,0,94.63670846789113,12.999777037428675,-6.15304565655083
0,0,123.48021508211134,93.01349631066158,-20.517103929742376
0,0,197.91093795326697,94.62203321786596,-20.348984436520695
0,0,163.1583011922227,59.53204832820856,-12.09479657376049
0,0,119.08303738953634,37.19011243850369,-10.325486461955151
0,0,129.19303303796735,24.231573828254202,-10.432999028463058
0,0,136.2916841305835,5.738352500874037,-0.6949771157603095
0,0,78.34239985550025,6.416307514853725,-1.1986222619374587
0,0,73.69038757057871,6.142791588998132,-1.2953132952361273
0,0,84.23030323301074,12.849291432365106,-5.585908545997654
0,0,101.88867408204601,29.567008323134104,-10.155020894150994
0,0,95.14260841317342,14.24082573625451,-3.5465356596202184
0,0,131.47808766953614,8.754987759404383,-0.054245125061541444
0,0,146.8647917719475,9.69638914456386,-0.7205091706758253
0,0,120.69686133240296,41.23253597531075,-12.443421143134756
0,0,91.61215173603621,8.998183117237248,-0.5327650806088826
0,0,109.67996967764111,64.59431434108932,-15.144624839597881
0,0,114.5338091459318,68.03337680376592,-16.025380339099968
0,0,89.73917416258087,17.2733527157979,-3.753418222970268
0,0,104.69840683960092,49.943597806745075,-12.812272679855155
0,0,95.44819453888012,23.27477300941594,-5.9522977611968315
0,0,120.39390517224007,68.03199063814645,-14.882783893967954
0,0,151.7489778685172,19.72671425039285,-4.575405610971842
0,0,145.02645719289657,22.87390943443269,-5.602965142286422
0,0,92.86195784028466,7.1648789133650626,-0.1433061320154252
0,0,112.37370054980981,24.828128612604687,-10.38885689544064
0,0,110.09681921633185,47.769436740477744,-12.650937780696282
0,0,84.59089758199865,9.584477027177993,-1.7784514246237393
0,0,89.07267061022249,15.65792468836547,-6.122705205531602
0,0,87.59892634073783,17.973727334259657,-5.2830799865474205
0,0,86.1750437240306,7.991603069512336,-2.4358120115185073
0,0,96.22321817809497,20.51485950415297,-5.681727727255534
0,0,137.09248596655084,17.63310420682248,-3.8802911887353133
0,0,156.01928239572106,28.617779073011558,-5.846581738288123
0,0,103.20618479495947,19.163281243754437,-4.442641038991823
0,0,82.88255925240207,8.43400649050089,-1.1401130640733044
0,0,78.08770696388342,6.603473715416067,-1.3540972585919206
0,0,86.97342531153416,18.096771191825308,-7.316846600105038
0,0,78.48295564333411,10.354555200403112,-3.012211889511036
0,0,112.28262665679769,64.89930687543543,-18.454434100044878
0,0,91.70548717269482,17.361556527852347,-4.9004426196791115
0,0,126.3266766688123,67.63049354215742,-16.760430868756103
0,0,158.74665868915685,19.40034624803714,-4.496236161717022
0,0,142.4923040145207,34.03530056316937,-6.642519244101464
0,0,110.74045793894098,28.670597758803396,-6.974023809765811
0,0,113.7820697706262,63.455564845470576,-13.893416765991418
0,0,120.44462269742506,83.5824730517779,-19.18952690131512
0,0,85.9274755451046,10.984369837556667,-1.1975443357779483
0,0,100.23494721368739,50.74955203988969,-11.568182089272526
0,0,115.78803064491863,93.08125237492571,-20.828561182420486
0,0,116.28735000831227,66.03487252189694,-14.114993999192478
0,0,111.909636327973,31.683230193372054,-6.8158645656160814
0,0,160.66978698487827,28.83755851982336,-5.921730100251821
0,0,161.424825153172,37.80584070902034,-8.436906990970755
0,0,114.27123202571279,35.169898781542294,-8.28961155164437
0,0,116.72245060099225,65.53355706208097,-14.187510953178545
0,0,116.77716975478481,53.573323018612044,-13.145145789025946
0,0,93.74002625015922,6.580013584267819,-0.6938093624208364
0,0,73.51276287184746,5.771661988513744,-0.46802081966519893
0,0,86.29430472620062,19.9451977767427,-6.373666494482933
0,0,96.08977009886438,30.112962647664528,-8.126675615101504
0,0,99.33204149990574,22.38684909969818,-5.406809001013869
0,0,184.4304714195932,89.98414686311438,-20.453675372787515
0,0,164.59969235109537,57.05344341815282,-10.751631887634389
0,0,114.65658999422831,42.510930827672055,-8.33528603067785
0,0,112.83367245457201,36.234672516640785,-9.491187466347384
0,0,97.24811121608664,11.546819171978141,-3.609784562215168
0,0,82.64887207696043,10.195777870266834,-2.3216046781277555
0,0,86.23586734525993,17.406805449831616,-4.094713951250199
0,0,109.47825585485576,67.57970356750658,-15.272036768442675
0,0,88.3077473990228,12.94150032451018,-2.2557032317481145
0,0,124.13056475128047,68.49901293810578,-15.799634067958422
0,0,185.2449445419649,32.456161918477875,-8.41096278781778
0,0,136.29196753204295,16.539473680156195,-2.9519589875653054
0,0,106.48815507244203,29.192626287172786,-6.654429271373729
0,0,82.5448354011926,5.84174998764813,0.7307070450379314
0,0,76.11543118706243,5.641821316909664,-0.49404956604637107
0,0,84.10242682647313,15.589721008120051,-5.704908423636837
0,0,93.21196431074712,26.76708733464048,-8.316443458693428
0,0,104.24386490680199,13.657999045265589,-5.981523298394208
0,0,105.29360658475912,49.07277535437687,-11.880040922284579
0,0,118.67729718805644,68.46830792571203,-14.159125564311367
0,0,193.52701211293635,95.84061718963098,-20.81946221748578
0,0,153.72483017175657,24.233582685460544,-6.991920554384777
0,0,105.61514254460423,11.247659182162378,-3.6093037226047926
0,0,100.43511933253329,7.76578892901734,-2.1582407414921505
0,0,109.79617561207816,55.48588142226767,-14.697174520412986
0,0,111.71308041174983,64.02538720926123,-15.032578642477915
0,0,90.65189123488902,14.333483146832446,-3.996400744760493
0,0,111.71489418109037,69.82065687975576,-17.61291194237802
0,0,108.12755316301032,30.074714945005464,-8.915585465070961
0,0,126.41710440649683,61.53246219761061,-14.372348869776204
0,0,178.70293925996202,41.45765071583499,-9.492952306235992
0,0,152.70422216383193,26.436443516721585,-4.936082874315957
0,0,130.58953340566154,68.15543157440518,-15.208518384307837
0,0,120.46280573506402,49.21652867068964,-11.191082303851147
0,0,123.44735184887234,84.12619651601449,-19.02697140929915
0,0,119.92260854515784,74.53969168014709,-16.836599033409925
0,0,93.28753047589758,17.05594852153196,-4.834604580720622
0,0,102.5311225185254,42.67993473905821,-12.1615857240362
0,0,179.95068786961477,7.813729864045358,-1.9052926866781945
0,0,97.69052356642068,9.78806920008588,-2.366328045844014
0,0,168.98729107434062,50.90304822340805,-12.6587051897869
0,0,268.3502119972691,9.35932979839705,1.4534829547502
0,0,182.27808267922688,11.90969314545283,-3.3730212516491918
0,0,127.09496668935037,90.14949765052422,-21.6974489262644
0,0,119.15070232199706,41.73169277095891,-12.260982140637168
0,0,109.47155624435412,90.99471935660786,-20.464243276312146
0,0,110.80462002936277,96.42721793310727,-23.234349703755917
0,0,299.27874282494196,29.15049623783732,-6.7697250988275215
0,0,125.15194361117484,67.32355893202154,-14.880289868736128
0,0,125.05260573160488,74.57564535090205,-15.36939886361516
0,0,207.71574423803452,122.77648643257011,-28.605238324419958
0,0,147.63369393963802,14.688399302317242,-2.535736823295707
0,0,111.7435404006126,35.39823346928676,-8.251144382814687
0,0,84.41209960122524,8.816670324567589,0.09847693272475055
0,0,112.95653265527717,83.76546857238557,-20.256113700346177
0,0,122.67260027505857,94.36339781603343,-22.58261652548802
0,0,140.60986083231936,42.48235921080202,-14.536146090456327
0,0,89.20448062901741,8.215892969296862,-1.1996262127723014
0,0,106.02865928213171,58.16245893927268,-13.163016113886115
0,0,145.93363660068687,122.77007541658007,-29.37342979952936
0,0,190.70700888649057,57.00274368865949,-12.27435053859584
0,0,168.72978117221675,50.711363899034595,-10.424729643955018
0,0,117.09307169361584,31.749722825430943,-7.7146489085311885
0,0,126.51604552402357,71.55974604163126,-17.85950868717366
0,0,125.8350998332911,89.9327287821672,-21.07979195291169
0,0,126.9009840583791,79.89555406888265,-18.90226486375667
0,0,118.68547048614728,60.56517850127512,-14.302452755864252
0,0,110.52957324492749,55.588753682225004,-12.059880220515097
0,0,130.88691222510226,109.15321462636884,-26.254381765605594
0,0,106.9959651435611,20.446054791158485,-5.331232638957417
0,0,161.1811452422698,41.81605033439996,-9.538959674230512
0,0,140.40335185683995,43.52467273109755,-7.855651161308671
0,0,121.48918379670326,72.03398795419199,-15.475738392831815
0,0,115.67313969325349,62.06825130759827,-13.30312537881575
0,0,117.16001111834034,81.83057629714752,-17.351689219104273
0,0,117.82506365522627,82.48912769980937,-17.753359380220445
0,0,112.2825699765058,61.61487407545559,-13.903102249571745
0,0,128.9258534780467,116.70969435174955,-28.46317399733826
0,0,121.21330948000637,64.28758909971886,-15.15391931074781
0,0,122.6867023316813,40.19158696179688,-10.133441235153683
0,0,192.52300009447768,70.42890924142367,-15.256353999612116
0,0,148.87018584332102,32.42008551430868,-6.422659295223141
0,0,105.3179791102727,33.517838439770365,-6.633695044658381
0,0,115.54894183765967,67.19772108437914,-15.105581720026109
0,0,110.04974056588634,45.178667929046654,-11.298948895127111
0,0,84.38443961878193,9.1040867120356,-1.3857586975517364
0,0,123.25059188359835,108.54133079956243,-28.63901862803646
0,0,96.86928281719707,24.20529624328826,-6.566224264605339
0,0,111.07616397175909,56.69450954825534,-13.44663222472856
0,0,95.56985311739716,7.742721364304294,-1.0635750227961296
0,0,128.58637253778858,12.734846133407723,-2.5921377244066974
0,0,176.76386113010219,60.53152788694,-12.913153886901355
0,0,118.0548228864398,42.27566892163655,-9.689066175894453
0,0,111.20563309449886,47.9859059949118,-11.794620558094934
0,0,92.484535112634,20.293825649651676,-5.4576089132567915
0,0,128.75795511740412,126.68132942183861,-33.05709978296744
0,0,124.60537555646,106.84605024695222,-26.083937333608482
0,0,115.41129941682907,46.81806507031573,-12.137121027376665
0,0,108.61653404116286,34.8464637468059,-9.390549321082261
0,0,113.03459275327087,33.71473171463573,-9.062331373414082
0,0,202.9315875205959,15.488942435817115,-3.6312743940325163
0,0,169.09221763069112,36.06045243515012,-6.61334126246993
0,0,125.89863844050207,70.08212958934065,-14.102412910046397
0,0,99.23060644953577,25.672274596410713,-5.261521463357155
0,0,125.3599602824186,107.84333865325914,-26.94278556910399
0,0,101.44593298601899,22.67584838722905,-7.205238970981341
0,0,102.02089786697172,34.880890469495675,-10.1625505254123
0,0,82.4451461038129,9.720316745628049,-2.1904252916764335
0,0,80.36791543049543,9.089735024635594,-2.3361831010399925
0,0,83.94698112595925,8.73885102278868,-1.6257029470786222
0,0,124.9524856640068,10.322353020846144,-1.6492693719385727
0,0,140.68369258053792,34.27406759112285,-8.191049999421836
0,0,133.2397564857739,18.532375542646495,-6.949411162456926
0,0,140.0498142041926,113.29540959952094,-29.961861235684687
0,0,119.5795680825689,61.68883178694432,-14.60072654889538
0,0,115.45147440772213,61.29085786190478,-13.918283042984882
0,0,109.36539405764034,50.15094147085096,-12.239159419858794
0,0,101.28332856463913,23.407803396112477,-7.169942173209051
0,0,108.89218163669217,51.79790115632,-12.095367240550829
0,0,110.7340417298988,29.01739726482107,-7.333971887766708
0,0,171.09069670645383,43.8107318313965,-10.269502993033385
0,0,183.2988267198521,77.56372749281965,-15.111098165665979
0,0,150.09344856687642,115.84097280664837,-27.84331361610066
0,0,98.65046098990409,17.522003393402695,-4.694828204752014
0,0,78.34432698542459,8.136602671450417,-1.2971309746423714
0,0,90.89548045732421,21.451607848990847,-8.708840284466731
0,0,109.26808533252012,32.23847254951418,-12.048836761331842
0,0,95.7589272350906,28.13414083465011,-7.201571908458291
0,0,91.84409882651678,21.289038417335686,-5.578067161582382
0,0,120.14885359827407,72.31363242869459,-15.461646093481718
0,0,167.64105478949625,46.461275425360874,-9.607598207623028
0,0,269.50123002077896,137.00014844231637,-34.945245969907326
0,0,101.05827379765263,12.881260779415678,-3.5369928427374617
0,0,90.5829736679775,19.23104272272802,-5.176360012803869
0,0,99.7676748873295,28.837794962136055,-9.8333814664269
0,0,98.20257332337329,25.673261878433955,-9.585696227568206
0,0,101.8562869632589,6.314822774193216,-1.6616972264835397
0,0,97.64268540006381,16.34607108798361,-8.894507781491072
1,0,314.5167858577789,3.887288050002409,8.215910839924376
0,0,165.17975845831842,5.459750809166547,1.7965857945328452
1,120,474.78872253780867,10.351793698583077,5.1717628222314715
0,0,188.8126741790503,91.81802953844625,-19.352505109472077
0,0,139.999618137693,66.69696875434607,-16.08485121618486
0,0,121.80234240940672,69.16588133448444,-15.89341892778782
0,0,93.65086248298387,12.063913095134472,-3.9439469556159565
0,0,69.15296583177526,8.37571172855089,-1.3390696997798983
0,0,99.28318308829482,83.13328319494403,-22.19016157624533
0,0,117.48329283117572,60.322736690507526,-17.68278692048291
1,120,442.5287489814753,8.813605599018295,7.358874999883341
1,120,615.2757231694229,7.808225811888366,10.292609561550833
0,0,279.5244821504984,99.97699315502635,-22.334212669189654
0,0,157.6001297447649,38.88381189595419,-9.108486692057937
0,0,101.95663375202454,20.1415116776968,-5.33257476270505
0,0,88.66028747853284,14.742853230363297,-5.0674683348860015
0,0,83.28199660542359,23.13155394443568,-8.10879472233782
0,0,71.67434327235868,16.275838696597194,-6.482515900786694
0,0,126.51942366942033,21.54418313647544,-9.665985874596643
1,120,485.4813008984227,9.815686925640959,6.504660790083392
1,120,753.3036153291263,6.156772368800742,15.215265838169145
0,0,199.13929056703427,54.41980815690092,-15.279006300817173
0,0,257.1592324939901,132.16482734175432,-32.411776038187234
0,0,163.43840385869473,43.30675955414321,-9.527403671726319
0,0,120.10186563629557,70.80136183591726,-14.533778880066805
0,0,89.58816086089293,25.22682991361382,-5.394703467526398
0,0,93.9105942525499,37.55460180029794,-12.261706042028607
1,0,289.8854581314273,3.901629810435089,12.64242518186802
1,120,602.022419909594,3.395419678888261,14.398314056197066
1,120,600.2208935120977,4.366693790476285,11.239166112349068
0,0,102.377518927498,20.517693202099018,-6.993791073308643
0,0,137.99298843595625,119.68586413287484,-32.4260691277043
1,120,664.5790523995878,16.238735302535453,6.1085440622694165
0,0,161.9071064208229,10.73290621839205,-0.1961086619762824
0,0,114.38994322905145,59.31237717558578,-13.754866266831655
0,0,76.33200091435268,12.45247806005124,-2.757483142953177
0,0,120.70175850962244,19.05274536502071,-9.381566603086327
1,120,738.2373135807221,3.039188651458436,20.354183692515647
1,120,568.8344312701707,5.397365234226279,8.320765578695827
0,0,98.41528312278568,19.59933682036321,-5.962612035036869
0,0,117.14460541500408,98.34003263301025,-25.26739769987386
1,120,633.5927983626522,6.608888424867116,12.698435070548598
0,0,243.4367751221125,9.477282024175564,2.550795933279147
0,0,142.96078929912505,53.987060967766745,-10.62573645294539
0,0,99.90127033531903,68.2504488958522,-14.725195316608563
0,0,152.72687160847198,52.78460922035956,-15.784046410259577
1,120,426.58353995487664,16.097330165221294,2.4098306681640196
1,0,325.7913574555403,28.712570781564782,-8.120704749610084
0,0,93.2821061719635,13.402914790381368,-3.7988232204638734
0,0,115.10116753171263,94.66719189468772,-25.33564522083597
1,120,641.4313653216852,3.703186574989361,20.377105475260578
0,0,118.39754593939415,16.482678792724137,-4.354858748364421
0,0,208.67749543085847,113.28972054479104,-27.228261630966777
0,0,131.4870771638302,23.45496912523742,-7.194295906881578
1,0,255.38838147046582,25.241969441238954,-5.740849863524119
1,120,940.9913330828787,2.380501204221627,31.748613519718262
1,120,543.795345523948,7.020882837578576,8.876256859564862
0,0,120.07682428333767,60.33667054282822,-15.873387466656865
0,0,110.38516319724499,109.65148340966701,-28.557334017742775
1,120,371.96169488743175,16.249210960420083,-0.4327610095552359
0,0,111.18143060986097,25.57974262660173,-7.379995107616509
0,0,153.0941825720491,131.57961998351007,-32.80878046989728
0,0,246.25451113688257,136.10549404875096,-32.961275317757796
1,120,332.75348839710534,8.60995476675802,3.95283969389277
1,240,423.07512057522706,6.222816933652557,6.917083793035886
1,120,465.04388400186286,14.362396792849475,-0.20644935557513122
0,0,104.55023322053678,23.39011895504535,-8.523574367776305
0,0,117.21779100789507,98.1328658494131,-27.80121108845851
1,120,874.0340427303877,3.513345282345307,27.176896183346102
0,0,114.01406220534027,35.47591289107151,-10.860555269262818
0,0,137.32360552476976,98.06367308224128,-27.2711673192768
0,0,144.1865006112902,112.30079244987655,-26.780552398145517
0,0,196.19894374484335,49.685514705276546,-11.353178092063786
1,120,442.29513549041314,8.922473747241098,5.763258950408954
1,120,439.79698563344704,9.58389043365413,5.746064971374366
0,0,127.72586368234217,71.75926725548354,-16.72507066356266
0,0,132.45565266379796,120.91327047123876,-32.692232345875816
1,120,552.3373375774778,7.669662494584433,12.12207218021841
0,0,128.59963572609132,66.70233292650892,-15.544033469359789
0,0,121.54264464801582,104.1890595389348,-24.337554288499845
0,0,126.78061779051718,105.7754250158403,-24.297877094716597
0,0,107.86462462498157,25.30756684133527,-5.914427678916297
0,0,164.92907286333835,47.71122861387896,-10.457416169556723
1,120,439.56355351931893,9.726061752355612,7.168261724009469
0,0,128.61606167468162,77.23078783809352,-16.88570808108892
0,0,137.26703859346154,112.8623988945268,-30.329016623889395
1,120,850.6839389940802,4.579961146721624,21.19417350417143
0,0,166.12325859715313,18.068594848745196,-7.873521486168826
0,0,140.78533167995872,123.23419543227364,-31.710954948047394
0,0,129.7655833384855,113.19119449161974,-27.639427053399835
0,0,104.4199819097689,27.582928827242718,-7.696075818086641
0,0,87.60620975824597,8.123921421916059,-0.7443239412685898
0,0,167.87601727150548,82.40544517014655,-18.25815114393002
0,0,139.652111268103,40.9624502678924,-10.845744352473048
0,0,141.53677631774647,123.36533247556545,-35.90085393007441
1,120,482.72319255072307,14.712107607648662,4.471744892759503
0,0,119.65732210698638,41.10352510793005,-11.452474113581275
0,0,118.07879864991013,104.24086747896244,-25.292681409056556
0,0,127.89417014108636,105.28565371657396,-26.954695596376254
0,0,92.81863142516238,12.942160016611632,-3.8173910269566704
0,0,81.22412225178724,6.297208273123164,-1.2383575791900938
0,0,83.38142517346058,9.361663538170454,-2.3753953070681604
0,0,134.9078801482731,22.16221626831509,-6.147286149129911
0,0,251.35993174876523,122.77909993233182,-31.61825329832927
1,120,587.5116303659653,4.462373962605269,21.27105500231316
0,0,119.28649696531198,34.930406182522376,-9.668099455301572
0,0,128.14028730453992,125.050029076102,-31.790932841921844
0,0,128.62161634328706,122.66453911957282,-31.280518953537154
0,0,123.9578939100606,81.35156944026987,-20.05858373161543
0,0,88.06982053774763,8.361687631072671,-1.3015906299297626
0,0,84.77159435255044,17.561853850059272,-4.215230323045162
0,0,122.76239319347393,92.77623818174179,-20.00351438634854
0,0,192.4682015882765,96.68483536956302,-20.199438033743547
1,120,542.2582213520695,22.415442375406023,-1.3611883218569574
0,0,137.02994493247718,45.31263506047822,-10.326786314088679
0,0,138.44576194364817,121.34210824014929,-30.192236248570012
0,0,131.06677012733405,114.02732670543821,-28.240154245306073
0,0,93.55918211084851,16.94648836507584,-4.252376503934258
0,0,80.59129812887112,10.40739464258118,-2.2001054913049956
0,0,92.44111800904471,36.0237623639098,-8.367956704424259
0,0,112.0547378752166,99.21607486528926,-21.896173068093447
0,0,133.46501530181123,114.13007623198133,-25.33309835608653
0,0,204.66230889746063,118.70616270286494,-26.529284639991985
0,0,187.94400336157145,40.357251802354895,-8.84740135153001
0,0,152.16613348078414,127.453091569703,-31.383339370880115
0,0,135.94169466420857,127.57088676890744,-32.386920329097286
0,0,130.25059659620558,82.56686848830124,-21.500616439166265
0,0,99.09981100796573,15.846865559950395,-5.4175776947054715
0,0,93.15329454060968,32.93199575561721,-9.107239679442031
0,0,109.72851067961744,101.56207354088879,-24.001732734245685
0,0,120.12822197202537,115.01148985603578,-26.713403939149977
0,0,142.3637871206847,127.87441372189548,-29.893708825854297
0,0,228.9692439772558,128.17604913638195,-29.75762593216755
0,0,245.32456892386844,143.8317213056158,-33.704251775057415
0,0,158.322826138505,132.6373076688403,-33.154134273130666
0,0,123.99003163556338,61.880613576087896,-14.654564733401642
0,0,123.83149685914138,7.518467562582775,0.5402575716686755
0,0,111.24554735604923,71.21416484524008,-16.645615880912686
0,0,114.96143927614041,98.57744237379467,-22.251185935148342
0,0,121.20990866249285,102.98484981585918,-24.139374393702326
0,0,126.82493044271837,110.41630029020887,-25.50778580134879
0,0,139.58469572892662,118.95082815431377,-26.71674339666376
0,0,217.33268936335514,123.96962848952779,-28.304333123411197
0,0,226.3433367423651,132.1647984633039,-31.35286153711506
0,0,116.8021090832173,30.987710764384737,-9.011896053842747
0,0,92.68787565979666,9.421962645068916,-2.7394965711542483
0,0,91.03583786413644,25.523124619678402,-8.825034383720109
0,0,114.20389583894506,72.56811655328131,-19.58838071614197
0,0,113.14918896741817,114.83868120880868,-27.876761030756136
0,0,116.41878026915151,122.53838360897596,-30.45899126933891
0,0,126.35845164044696,120.71935167676517,-29.928028092550562
0,0,142.9727375046559,107.87244091165537,-25.727851824345834
0,0,155.71630356344141,13.979242025125881,-2.493634295653564
0,0,183.0014819085865,66.34852859136474,-13.208901950990082
0,0,111.69218805615843,26.245241101489274,-5.304469423281276
0,0,92.9988464132331,20.11972469176893,-3.8820613125756864
0,0,106.0255758742528,68.73256018614845,-14.860876629961382
0,0,110.1904437224791,103.32212123814615,-23.78665476171227
0,0,135.05196145026264,150.52293046071878,-40.09194708519971
0,0,124.44176222588447,144.67771551024776,-38.10995791496105
0,0,108.62955917223965,117.60204568889512,-29.621955186718253
0,0,84.2215064517091,18.597595717984387,-7.333681270419788
1,360,282.92246564942553,14.92985834331947,7.928981691326953
0,0,131.5223209693287,21.790588514561204,-4.930106724872772
0,0,84.00431890923723,12.224219178239094,-2.2693252593913655
0,0,102.73070516233561,87.27840933081231,-20.39022039607383
0,0,110.00221980916406,119.29960041947477,-30.013136703586227
0,0,142.91748555611954,166.6134543361601,-46.269055781806564
0,0,136.9052596263731,170.58572850712568,-47.95599436958911
0,0,88.72959613945842,112.92858830285644,-29.897296629100914
0,0,52.514420802636536,8.227756597704111,-3.6737943538638973
1,360,135.35397671758014,7.275737418536913,12.379802211377267
1,360,277.1033041299217,19.33875031822515,2.373223450354672
0,0,182.1338766805952,39.12515993541267,-9.48910558935303
0,0,146.22352228553947,112.18929275286054,-26.826390679683634
0,0,119.54770242246721,125.74381940787129,-31.28172369453896
0,0,123.79849759320184,155.29421359750643,-42.13769241740251
0,0,130.70459439820237,177.36804917325833,-51.32270386458864
0,0,74.55642842251378,106.11768519043484,-26.15170929891198
0,0,59.702462383595595,72.85499507961053,-20.239876116580575
1,360,146.39057044180365,20.231442782066132,6.475155203442611
1,360,286.3008831115916,55.71179392998436,-15.070210946929151
0,0,230.61659998080574,140.21817524558855,-36.9654592471946
0,0,168.55237185859468,104.66494752316865,-21.766071607801635
0,0,120.94673073117978,117.07079049562114,-27.55805419626013
0,0,120.81623002712757,145.53266203450548,-38.243055375902095
0,0,111.58431412462951,151.4629528998714,-41.60191027660693
0,0,85.02630991628403,121.91827664341656,-32.37869321620336
0,0,54.32831483982364,22.35368941901995,-10.29643001121417
1,360,163.33658338233988,25.41522931425364,-3.157309204904294
1,240,303.806296524927,73.67580005587622,-28.6290002554951
0,0,148.7451377833488,129.99375987948667,-36.00102708758445
1,120,495.68466032365825,45.89051812173834,-8.437593904699867
0,0,289.07180120525885,170.57824898847062,-42.32357655644912
0,0,243.48048696321965,204.37506047877167,-58.44828454450756
0,0,191.0531440930168,204.04805534560387,-59.91720992455272
0,0,98.01395264801498,139.01856441574,-39.17017226816675
0,0,49.0675562199817,12.036698765433497,-7.731763628289343
1,360,138.95206431900291,17.831638138651517,0.8175910638657342
1,240,262.6715949295408,74.87286236247647,-32.12080466649164
0,0,128.98077668089007,125.77266897982648,-38.00073863203392
1,120,341.17876439357116,26.245336761356242,-6.036994223995038
0,0,229.61759850015034,32.59571703006293,-8.829615569898039
0,0,289.4358247119062,170.87435417970443,-43.03659300725639
0,0,185.92887161605088,181.90941652714181,-50.82158973130563
0,0,99.50182164623914,120.22122728571901,-32.651070361647356
0,0,50.03324102506296,9.315767558411782,-4.900870619771865
1,360,108.91477440104033,6.269941601230829,14.188012776056794
0,0,120.53253383014959,151.50489884908552,-46.414364455270324
0,0,99.42372754007029,98.34429220444507,-26.925760676525798
1,120,529.6463122752909,6.881950868806183,10.337322361363576
0,0,122.87827038221799,10.111322842055664,-1.449314069348901
1,240,1308.5078874147364,2.7063579677600025,45.89936394421677
0,0,219.31625018629185,151.19754550141874,-36.61491660333062
0,0,113.59122722782573,132.57082947600662,-35.19660355524082
0,0,45.73553441074388,9.216775840227694,-4.853320337862755
1,360,86.72017209933138,5.110323364161965,16.63554980026629
1,120,169.791958506215,58.46490656017681,-26.314840741670046
0,0,105.53495126763539,122.55465661577952,-36.16114667783798
1,120,306.0788134759293,14.142538832750635,-1.4224504585892817
0,0,99.81784828171233,16.54878517550885,-5.391480256951382
1,240,613.4411861699286,2.3209696323878504,53.11231740850151
0,0,280.21235417290006,113.0119820480152,-27.77475962593634
0,0,235.64860827862984,156.81872143364313,-40.874975896857705
0,0,71.16040039365689,35.89920960731046,-15.28210798050165
1,360,138.35720465559606,19.990432259496767,2.5524867978430876
1,120,198.87221303163903,88.08640671432312,-33.444788607720525
0,0,97.25645455505315,123.32800707841622,-34.96008859040768
1,120,314.3057764671233,22.477110501344026,-2.995546305652681
0,0,102.34992696140496,35.58406629764678,-10.097293721147665
1,240,734.2532331915146,2.2514607815518333,50.886833173151686
0,0,179.48821069595095,112.35551711339515,-27.352751534487
0,0,167.83347304441133,26.589753795215454,-6.980142625906566
0,0,115.81650682356518,14.582006578765144,-3.98088706238633
1,360,134.89815381018443,9.773671487655541,11.39586698581239
1,360,212.99583083741166,52.41527188870347,-23.253683683254238
0,0,89.43137750549039,128.56082560958612,-38.244608857720216
1,240,248.48188790342203,26.366230979269826,-7.33890709871271
0,0,91.94969987834082,28.70018553614708,-9.219417975356052
1,240,785.1511830816532,2.0230572818747667,51.962307579046964
0,0,186.71312280678575,120.06870574990185,-32.61236013103661
0,0,114.52907067352963,16.346482605901887,-6.4788224185048335
0,0,136.4852813355699,9.761695052801393,-1.2509175325291295
1,360,311.1317027932864,24.39220840373219,6.976116102124507
0,0,172.26249372497125,157.79072675661993,-46.77276169342899
0,0,104.35413074664874,125.96323787405302,-35.71509132191834
1,120,206.95958379996134,31.768699577153722,-10.958958302932487
0,0,75.5839230859033,18.482433872476314,-6.447298362290837
1,240,371.80278602108325,2.117649323016983,43.09833054710815
0,0,136.18996567875405,104.54629319006465,-28.445171573684036
0,0,99.95089959889968,18.26630033002822,-7.12879604083588
0,0,89.9371697582181,5.593753587435334,-0.23203425000828304
0,0,116.19353278917258,7.992699548176174,-0.770416095070928
0,0,190.8691598655353,141.356549321352,-32.75197798845235
0,0,129.6749288796334,140.2055698019865,-36.8560550259558
1,120,333.4827597047049,43.99485000176369,-9.47423654909386
0,0,112.75726742110155,51.743237859508504,-12.99076457038629
1,240,1006.0817106531468,2.2312724885893824,53.09480639236118
0,0,171.4306197529887,117.45373318722457,-30.365433619435294
0,0,115.36139808784732,58.52279341401483,-15.341071598217368
0,0,115.37713253687654,8.210714702158509,-2.027848663853405
0,0,114.81227941999734,54.16355883703315,-12.553543981813235
0,0,183.6034492805966,73.98713862969898,-16.299184151519782
0,0,290.0513046655034,148.78020261409216,-39.77488884365355
1,120,364.14398627581494,34.291669006645066,-8.986353431023701
0,0,117.69145687117837,26.528148840887713,-8.27278744923315
1,240,880.1733798827312,2.03749560462599,51.426853043260635
0,0,162.83500814332893,100.78039164531008,-26.8514260431335
0,0,153.67760415255214,8.623079120015788,-3.9916874597885084
0,0,83.37829075331895,6.246020768553454,-1.4743441488470097
0,0,77.86417122871964,8.551902764281742,-1.9605628221120384
0,0,103.38461435383557,28.081814887418318,-8.166289401463615
0,0,129.1097016728277,10.76135600429944,-1.2306113059065353
1,120,429.7564120065254,17.557049197873038,-1.1916263098041497
0,0,102.16808524895696,30.30111477657275,-9.578721411241958
1,240,447.28009914596686,3.3072821970245894,28.036500023943617
0,0,157.5628454487583,112.20336377782066,-31.125207759387322
0,0,115.0324710179395,23.33678767675881,-10.187332259177566
0,0,80.16739189383982,7.719778337908622,-1.3659438784430478
0,0,98.48003468824314,36.21425545220403,-11.245327352643102
0,0,106.92386781227442,38.954419707195875,-10.602899213428643
0,0,108.98997781232268,32.37044345806146,-7.016300707816114
0,0,162.697116329214,42.59975372150707,-9.109326840388135
0,0,135.79183197244606,12.736145663675975,-1.782430240300755
1,240,567.2347320560436,2.042632133378992,48.05167601556202
0,0,158.5090889137206,105.70676650000098,-28.52024596032306
0,0,93.10020777922361,14.41937036569342,-4.741522486475617
0,0,81.71567074716249,8.206035490741225,-2.5251160802534542
0,0,80.80985166637758,7.264074585605139,-2.1007671981734006
0,0,98.76841267733141,40.8618124780352,-10.450684415011537
0,0,81.60548992775357,10.15618731966391,-1.6868646887274679
0,0,80.47026870159407,7.217647513094478,-0.9626092725217461
0,0,119.88050642434044,10.24264759527512,-1.9484889923351432
1,240,1065.5520332332694,4.392911813638268,43.59682912426881
0,0,202.926917064544,103.96844261706124,-25.888330723319207
0,0,107.86957848249294,21.963458528495412,-5.34920864285283
0,0,110.07362564088963,49.403881227502254,-12.458126380889283
0,0,90.39874571524084,15.986552429465421,-3.1260334944231403
0,0,95.45629982062067,31.07403206245337,-7.530392226627384
0,0,99.59235140844908,37.388258316155394,-9.249790130085856
0,0,105.09904581481055,33.26061447220141,-9.917618225421776
0,0,99.15044918074207,8.933367240205033,-1.726895907278788
0,0,162.01501436052695,50.18188834026686,-11.795143669319401
0,0,201.66305991593552,106.14273724616169,-24.06879136606127
0,0,111.68127143194002,15.654583812634174,-5.299275298698916
0,0,79.95577035603173,6.083332664516157,-0.23514121364452478
0,0,102.64851873909217,17.91978419380515,-9.404123793159656
0,0,117.75241085707907,49.302156885948534,-15.237643526421735
0,0,96.8764585421506,24.21958385662643,-6.189494355807312
0,0,98.54899193135898,30.878145923545897,-7.0836658088339135
0,0,90.03887687398915,16.65360853577172,-3.409158197751694
0,0,83.02196443031052,7.616352875135699,-0.6042146763389553
0,0,131.1400464086921,17.42713587891716,-4.342489017288841
0,0,121.55585115602666,10.097542406502743,-1.2347961957023017
0,0,87.7144351075846,10.620856928366756,-1.4409865613714885
0,0,85.33019563323396,13.852116379085714,-2.4108717592003615
0,0,116.04393082675276,76.99461265106393,-18.44255577648319
0,0,95.88804494002063,12.686117358154577,-3.1820750868142937
0,0,79.90120423902728,8.647553606734533,-1.2860452438450238
0,0,96.65414710129168,38.364667602819054,-10.102239499997197
0,0,108.94287648976041,61.67365616125618,-13.633800364053414
0,0,117.47560698359516,54.46917225806299,-11.570063176099922
0,0,154.57120296240512,29.603526928575132,-6.595270147442804
0,0,166.43061314796685,56.838811555125815,-11.385013901431762
0,0,98.8769781084214,14.473145650154944,-3.1112965529580237
0,0,84.28799243409846,10.691985454167318,-2.6107213827547753
0,0,76.72677347935146,10.07585469024814,-1.8232593355681956
0,0,103.36556977575985,58.46210174068116,-15.229405845624285
0,0,82.9917878429072,15.395192156381643,-4.03454559253268
0,0,80.58648030406029,22.618457881757372,-6.715157728978056
0,0,91.14387050048265,48.549129632784776,-13.615734532978038
0,0,86.59043657921971,24.766198775709885,-8.50568819106087
1,240,413.5834388949878,17.833834705785492,1.9737989687374835
0,0,142.0382041879985,22.47300254177383,-5.425963326152271
0,0,106.16600696544448,8.205190796066862,-1.6058247205487817
0,0,85.62209913647791,16.13600743483014,-4.108415238169883
0,0,96.57725461731096,44.579443692936806,-11.273459111825687
0,0,100.09890317708815,40.63268002309828,-12.306080668928558
0,0,99.93116352126287,73.99072677716187,-17.856486266765614
0,0,84.5644165496267,48.13311028604804,-11.85885227571768
0,0,57.809641039948836,6.586590200121907,-1.7840365616364977
1,240,168.00130338870363,4.432687366814102,10.688018239828665
0,0,142.72482924397855,20.260277914796124,-5.950041513794318
0,0,164.70820110189348,58.17973908203413,-11.990929933968602
0,0,116.94667783571711,15.82223404665757,-5.394803862609876
0,0,89.57014786412964,11.362238946404462,-3.3196586228015406
0,0,81.4343324503272,12.411191802938562,-3.6737045266839345
0,0,82.64296599054528,24.10237705584901,-7.192900943616323
0,0,68.8949288029368,6.383453765259481,-2.373096788051541
0,0,62.334468417893866,12.754463625748876,-7.264001798530089
1,240,221.32391146934106,6.249143702229347,2.4897768583279003
0,0,88.04404234099513,7.628712851909295,-1.9527478574555772
0,0,131.8075135260126,15.498116758530344,-4.122280327594211
0,0,156.51605114597956,36.22378895064418,-8.101037881150745
0,0,89.60398033036,11.332862342729367,-1.761225741878576
0,0,69.42842638234134,6.298203677210582,-0.012581165415667783
0,0,73.94457033956851,23.536081472814143,-7.151168292597532
0,0,81.22518784127482,32.31661041669913,-12.643577235891385
0,0,90.01806953883559,5.466461439079548,-1.01788997585912
1,240,183.4827542670417,3.9994469878940873,7.114999490245296
0,0,77.60252933331684,10.78661291653386,-3.748842320744103
0,0,74.70436965238116,6.463505732235373,-0.01951371012782488
0,0,147.53159006182372,47.32147060797981,-11.369098638723656
0,0,137.3200233303222,23.340108698555454,-4.990084861326849
0,0,96.1414625250699,22.72750110558576,-6.0683174900420624
0,0,111.75243920643965,11.276204627936735,-5.5168895680782555
0,0,81.33707473746968,41.03097883070488,-11.758192994645512
0,0,54.17853150046977,10.051884673959918,-4.4965637667262826
1,240,153.47335105269002,5.213213221925021,6.479614858730002
0,0,74.47784686583466,13.563218166131266,-4.4504877073588744
0,0,67.92391605041769,6.155677695040055,-0.05915920020049725
0,0,83.1290675098697,14.985958343038645,-3.2786710089812345
0,0,179.43600814711837,113.80247187096762,-27.10555770314221
0,0,140.33916709430142,30.354543519629406,-6.661509766735236
0,0,100.04361722037666,61.686521510911874,-13.351785290594947
0,0,88.64796518307551,71.42455879567005,-16.90913712320304
0,0,60.65267913701952,17.961860096046106,-7.188784745193487
1,240,143.0124817253306,6.220700684708771,13.694449409842136
0,0,95.81745530449831,52.79906288478757,-14.604472870694863
0,0,71.32114570146268,6.03952134789614,0.16573635470730608
0,0,76.89114065780916,12.67591785045195,-3.4350759811458715
0,0,126.62964416503357,97.90555634665803,-24.18355879833883
0,0,194.18760957887957,99.38902790476838,-21.281712885556928
0,0,149.00986875465972,66.82866892742081,-13.448983583262788
0,0,94.9537950248227,68.04729621686143,-15.057894055371193
0,0,66.92723279370068,21.161671816724947,-8.4775669997818
1,240,176.1364102988574,9.564291892796055,2.829260191153338
0,0,74.36955916817494,13.039336002226468,-4.384686656062712
0,0,61.80694494125475,5.601335985569953,-0.20333182403537364
0,0,67.01256497314412,16.265177133688077,-5.289827592947901
0,0,88.90642731410317,85.2792625034218,-23.134055015355344
0,0,71.91284827261114,13.694100718078886,-4.589836083234744
1,360,218.58439425738197,4.876270743237197,28.48721054136587
0,0,126.47177821605588,13.440548825969314,-5.3542759525929
0,0,69.12989128494603,5.551823882349557,-1.474560790869262
1,240,200.5692663151199,5.605437627979124,1.845805805198836
0,0,71.79123503832761,8.273783432941183,-2.9628967677133176
0,0,62.4526694986055,4.439061382289563,-0.3395415325644109
0,0,55.99862069356066,5.420889890662152,-0.687526743775436
0,0,81.81821673125354,99.06231877571726,-27.791266691241823
0,0,66.72965663222344,37.49516272975062,-12.489185449348184
1,360,146.5702923113349,9.223891670897949,15.90691398804961
0,0,172.30465252608056,105.1965492578475,-25.554226453387805
0,0,102.44934419338358,18.556198459327963,-7.463782730711586
1,240,193.92848995646597,4.353040149369677,7.296534936991506
0,0,71.32051088219349,5.904159477555139,-1.5624487605319075
0,0,59.64526630104734,5.085956720406455,-0.3922225316347294
0,0,54.655020042289294,5.359345400589947,-0.2094083685620376
0,0,74.7197810237466,89.04621811161617,-23.392609342989118
0,0,65.12222622628225,45.45657247691233,-14.182200581657412
1,360,120.5217192304566,4.828573921360264,27.57055058963884
0,0,133.85442024316785,113.06423038441153,-32.51627146823885
0,0,139.20618473967164,15.21413510175745,-4.580642007168308
1,240,426.98229714439543,15.75697596835352,-0.10093940678515878
0,0,104.18827287651428,23.732693182788054,-7.24662816513559
0,0,67.99124090112704,7.9824179173802055,-0.6860895088960888
0,0,77.58503779523896,40.78173614486677,-10.996553619721382
0,0,80.92997420898436,103.10969135696259,-25.607071254962754
0,0,69.48569048123986,66.38822924105983,-18.30745041387246
1,360,121.74857548451794,4.078645686905651,34.60019319938523
0,0,116.91345184861001,101.34523969601837,-30.383441327041275
0,0,93.38044081036699,7.4335965041954495,-2.1615749150541745
0,0,124.66091090645583,9.107758787494987,-0.8837568603726567
0,0,177.64576112770862,58.66786430962735,-12.832478511394271
0,0,87.38111531505514,7.496047506874917,0.44630362538289603
0,0,86.1629708218576,46.720398151044,-12.107578453073543
0,0,86.77730583355854,106.26017146473606,-26.344837735824726
0,0,70.248799923099,49.61963213048248,-15.61832583113798
1,360,141.44900121772247,3.385402917629607,32.43803184195502
0,0,105.66112159738704,99.16293851654295,-26.964227845355474
0,0,81.34285612724267,11.264875250861989,-3.4639474935751764
0,0,80.8584606847042,6.227334155012095,-0.1264503258936287
0,0,152.94751664874929,53.50800357360088,-12.701526334868731
0,0,148.04895643015578,47.52428396517832,-9.342475927948684
0,0,101.38258709180045,62.921804446623916,-13.06777288337031
0,0,95.65121200837899,111.90240700691872,-27.07564525221573
0,0,81.12268720141726,87.33631062387553,-22.530854934024347
1,360,193.19996682871934,3.1195449702280555,46.021042785399445
0,0,109.1839944514691,102.97820777226589,-27.275288801651413
0,0,98.57936123175473,13.15804628732813,-6.4812160486531525
0,0,106.8431437405618,22.553136631843063,-10.213847129120893
0,0,101.3011375123516,11.416444700267345,-4.070761797911601
0,0,139.2447273381582,8.758366538101837,-0.6476329079699212
0,0,154.0502317275087,37.70460369131721,-10.44176510443674
0,0,99.81780293747882,112.04180328702654,-28.38304815281446
0,0,69.77048060785135,64.32888528379885,-18.99348700698134
1,360,111.42514452893832,4.78275329630812,27.743885343249943
0,0,93.70499782976994,95.7510001384098,-23.988422459756407
0,0,102.23195260186088,59.02197547830709,-13.827679122116407
0,0,95.75698876910789,19.4747028431221,-6.035900445980232
0,0,102.40267364103968,33.72375984019378,-9.567794198997476
0,0,96.02057479852259,11.849833532471475,-2.6810349288559507
0,0,161.83885201332652,35.49538779606379,-8.939965618502299
0,0,170.3625930128672,128.25929126967608,-29.67890561881252
0,0,88.1375534865586,97.13283399031765,-24.54135630797247
1,360,159.98861457297824,3.529082458526101,42.02893268573955
0,0,102.50122933258154,92.75572726234121,-23.22020984883995
0,0,78.85036296340743,12.355471735332536,-2.8068511042685174
0,0,83.78488682720642,14.617284313290307,-5.22818501168868
0,0,107.33924366337598,68.13976501506015,-16.102156158206455
0,0,89.51797932347222,13.468667412148614,-3.646291384941023
0,0,148.6639262611259,14.00355316810952,-6.027181925572407
0,0,198.09841368672903,41.24330041769944,-10.987956630204081
0,0,157.04872119312247,93.29654844231204,-23.948819241297826
1,360,182.07010001615828,7.415172504062466,21.505049522155687
0,0,119.90702146488753,92.26988343233003,-24.660451296743375
0,0,86.91747619540753,13.68030042859131,-3.733783058221505
0,0,77.97068483324314,8.332455419649605,-1.8109265921549422
0,0,78.65436251404479,9.294428188465195,-2.527953562349822
0,0,100.00772725955063,46.75406681441063,-11.848553853732923
0,0,93.44386605699417,19.636777731314066,-5.277114405007751
0,0,107.39587861103449,26.405772797487693,-7.288086050662741
0,0,181.825728605695,47.907454074578695,-11.861050399650807
1,360,252.2333750468214,10.195016201137387,20.910002578393943
0,0,121.91985199055728,93.22473495576592,-23.810115507536963
0,0,86.19582838706741,12.807308482636394,-3.1086651449803924
0,0,79.80902508032327,5.843458779705723,-0.12651901726654557
0,0,91.09808416069227,30.805581597289233,-8.834344706725318
0,0,84.04419349458327,17.885862843997476,-4.867550019958685
0,0,90.42791906147767,9.887096113881402,-4.498471273312489
0,0,169.0334401679991,33.01353767014371,-13.307791108221878
0,0,138.64295267914054,81.68305073325052,-18.349817139102726
0,0,202.25629852299426,34.0767627983392,-8.33300864746829
0,0,211.14068488378553,99.25155926122514,-22.016631316419023
0,0,137.93173971253773,33.41292302944683,-10.161826624020861
0,0,108.46048186152572,12.288023407055537,-3.392423922520436
0,0,102.19361405242512,24.783527650856392,-8.589422974638325
0,0,101.61869451570588,33.58549342945808,-9.787215579879515
0,0,79.11850042026106,6.765559433026935,-0.48067060018418317
0,0,92.78794471513204,26.97933311570272,-9.424049575255367
0,0,80.75565397127043,11.232788585106645,-2.6054427149442176
0,0,87.80232356819238,10.036000623785265,-2.5398318859115108
1,120,562.5139892491738,3.671445096961521,22.902274318762068
0,0,185.08952718159696,26.64368791115421,-7.258052068845714
0,0,360.93792224523423,5.0636427027586794,10.251267922962455
0,0,125.55259392244285,40.56204333340619,-11.584631031108628
0,0,98.35347893250662,27.043062441038423,-7.149667650297033
0,0,113.73884538002933,81.06630810716338,-19.276775512814524
0,0,89.74031910447708,22.256659630560293,-5.535436238763992
0,0,107.13052415651276,67.93492294672065,-17.29326984842008
0,0,117.7564351578034,77.49618079732096,-19.29573433173772
1,120,778.0469206401398,3.9532193571815393,25.586997369678528
0,0,238.4755265006864,76.11414479626026,-15.908858634837316
0,0,171.73951600774188,9.543726826300968,-0.1625661361890849
0,0,109.14754902378253,24.557952660028818,-6.594001999019852
0,0,90.27941102869136,16.1218714333566,-3.1600462919171832
0,0,112.30924372187019,65.65764776347382,-16.007938014332552
0,0,87.82641836027568,10.731005655374732,-2.2784770638437095
0,0,92.84883635271164,36.3642212451603,-9.438918615514524
0,0,97.75026459407489,31.294132782025933,-9.024313340484198
1,120,975.5561540287096,2.1040369690699383,41.05116911583305
0,0,180.36751473618875,78.13837977744063,-18.700877610239417
0,0,171.50434947668185,17.019706066272935,-3.5246019758548357
0,0,151.7593616979918,36.936895355928506,-7.73227617161028
0,0,88.90480058972587,8.41757555467168,0.043719340611843904
0,0,79.837835672692,8.057211299027554,-1.4611184175859222
0,0,85.54609653307989,12.854908290968995,-5.099737428298482
0,0,106.63128414552777,52.714889421467845,-15.455500857582138
0,0,105.83662645320152,45.23948955540715,-12.15681431559483
1,120,1017.8925231564403,2.1144817179881192,41.89002816181171
0,0,153.73607554166796,77.70213468600107,-18.448246592531206
0,0,115.85699922409285,33.30293584127081,-8.302721035966684
0,0,139.82662988683853,12.006520784759648,-1.7020507660923698
0,0,164.3480658632699,58.3905662092202,-11.67498132229251
0,0,112.33673366343783,42.14937984820657,-9.410559646406156
0,0,104.55934741147301,34.8382261688277,-9.485015810688992
0,0,113.57387172244839,92.56869597828936,-21.2199329215519
0,0,113.33734486438296,52.225948377650674,-13.211306149041945
1,120,1264.0577514975346,1.986958542029088,48.0887693569335
0,0,158.93696843721352,88.59944682500377,-20.198687712593298
0,0,122.0452514683392,61.44388477060404,-13.699950156165883
0,0,98.65838489471061,10.957958689757598,-2.104608631104611
0,0,145.1765125976515,22.73482540256988,-5.435913007320721
0,0,149.47935161240142,11.360345602999745,-0.38338248033637967
0,0,107.57919401107169,24.87297323627828,-4.090402246612143
0,0,117.33307872160346,83.17370580589926,-17.80771539199941
0,0,114.24378742837867,53.35033445399892,-12.773932325867776
1,120,1028.585509615156,2.6006705101139036,37.526910673112354
0,0,145.77081679419783,90.3458783328949,-20.38442918494232
0,0,120.22371692780506,84.98130909136205,-19.794264612608956
0,0,202.83232899343457,18.75032662256699,-6.4622096741641
0,0,139.17136036833318,52.48212550139243,-13.555962470642697
0,0,155.35395779343403,21.31771471858844,-4.496119914778248
0,0,168.77659909331956,69.15220738821739,-14.314447326364714
0,0,122.54820970647232,45.62555111965438,-11.392332174622567
0,0,134.0114699959423,75.83149696291548,-19.52227847959537
1,120,1102.2785044791617,2.480308964242567,40.50496702216218
0,0,158.78769522048668,92.9078589390779,-22.02514376270811
0,0,99.15509696467721,20.620298336390107,-5.058881913272231
0,0,94.7366698306719,28.94599349129008,-6.9072663632006766
0,0,119.38996117013168,83.97755191216429,-19.044064993250245
0,0,121.95346340364925,42.563861417459215,-9.091868663765439
0,0,178.50054527367396,43.532545718639376,-9.575450645101071
0,0,161.6699220713715,46.80541630903808,-9.602995885638038
0,0,111.71285369058226,16.418030771684908,-2.823675206679738
1,120,911.9171546847455,1.9899517482910494,40.28696174035244
0,0,152.7555858443445,70.30179352235082,-17.914012649601972
0,0,115.93596620675683,8.038783237862482,-2.33150151977857
0,0,86.79504676492076,10.087069455972838,-3.4669117905138336
0,0,99.15434878482424,29.23711354002261,-9.293594090195484
0,0,103.69512032887849,38.36843985040329,-9.127873511073872
0,0,106.67455388035815,17.4841094517611,-5.178547568833466
0,0,141.8232951932607,17.20366360025974,-3.93441470663673
0,0,189.97050517364556,71.28501090369761,-15.267054001930802
1,120,958.143514917143,2.706683075939959,38.26841819182205
0,0,160.38219118381812,75.72614115622326,-18.546781724994915
0,0,94.30108745551084,15.067005714101954,-2.145305627577997
0,0,116.03334294822733,87.55736794211778,-19.753747270495495
0,0,120.2338286918786,78.74939725073487,-17.88755061917628
0,0,112.43891689366077,49.68454727718796,-11.534021341129147
0,0,110.84272052157259,39.81446688775648,-10.532733617976817
0,0,110.07859083445938,33.79479721838525,-7.422081783403371
0,0,189.79373067929268,59.611521823724765,-13.945194209310372
1,120,662.0847568024705,7.393513215032479,15.005862829828459
0,0,156.2380116421324,85.65889861245378,-18.75787031394779
0,0,112.77995087391673,37.601439037049516,-8.455717859244615
0,0,97.22433950166712,18.482439287185763,-5.479082893218859
0,0,80.56228915548077,8.337135533518463,-1.4350632514459392
0,0,87.86828809189633,22.586978565912123,-6.589706146237091
0,0,98.70801415829126,41.66133403635197,-10.346516589969184
0,0,98.19995469388788,36.4013950304449,-8.886196125368954
0,0,103.13518706133551,22.08649877625476,-6.151497458684474
1,120,731.0484841437058,4.326686758471418,23.230703624500748
0,0,170.70031686407665,73.14909321854114,-13.459725857195593
0,0,125.07255719435088,74.9422139611255,-14.940289140997265
0,0,109.48773279966011,39.065731694284246,-9.30755957470329
0,0,115.10250518660129,69.57317577939239,-16.84518017107193
0,0,147.19779982287156,9.160884306822386,-2.4095719070668338
0,0,122.06923856786791,46.783064388424144,-15.202219913807156
0,0,111.89574965645946,81.61572784574247,-18.552234763213633
0,0,119.04717010082707,71.35134470427927,-17.593456431989154
1,120,577.177996957845,5.205037913105512,17.729306679259196
0,0,269.3913382708587,95.21908796038909,-21.14123902795569
0,0,157.26109091078354,50.990217825957345,-9.354819239265467
0,0,128.9640786668987,92.83795864987114,-20.309967736707733
0,0,113.04750452376388,35.44634857746878,-9.239940844000898
0,0,112.90257301739595,69.65967395796976,-15.7159785436574
0,0,107.87821655897729,50.462918980388935,-12.783469858798767
0,0,94.40708526937813,34.624233241515924,-8.83485725004627
0,0,93.90057884497257,25.618721315036684,-8.360828653496895
1,120,819.4305167332823,2.373075607048194,33.61302419534181
0,0,169.2850553197662,83.08193009051028,-18.527569276387126
0,0,164.4763673719967,17.28951562350928,-3.294237530873019
0,0,190.20504822149476,75.642249257795,-15.95470220032719
0,0,140.56414250887926,65.25789781373433,-16.21645331877717
0,0,149.32400226838374,8.496300917832064,0.1656940830932001
0,0,118.41893708155419,43.53261069515279,-13.578350574259645
0,0,113.27244593016658,84.58521948521147,-19.435822460860308
0,0,104.0780750530178,16.924587670249498,-5.303486608253493
1,120,949.1190148747946,2.120280194971512,39.0718853288967
0,0,155.5466367776918,88.99699479289983,-20.646925340590784
0,0,121.79949705875374,36.37053479638022,-9.264373836949858
0,0,178.2259632676322,67.91161081763072,-13.992585972666603
0,0,162.63558420433603,39.16105584926682,-8.804981786782108
0,0,118.4806165751911,21.94368039977388,-7.814510312887251
0,0,87.28662926847113,14.95637417550126,-3.757951853582341
0,0,98.20294741329977,51.79163814238829,-13.266835198112148
0,0,105.65909244293731,70.451253942425,-17.46655704646531
1,0,391.38512403415996,8.420704354282812,5.245410541894671
0,0,129.8504110633311,68.63316777946498,-16.17992007629249
0,0,98.43407830757708,21.34054854834352,-4.508965201512453
0,0,95.78225684323336,13.878800969712062,-2.678234434421924
0,0,144.92611040413092,17.60435570944371,-3.5241264201962252
0,0,169.46434641907908,49.78668313665995,-10.904216562674861
0,0,112.64694490096291,16.100905678362135,-4.791640768941207
0,0,85.15089319786271,9.506904094679106,-1.9729378371393977
0,0,80.89240651151833,6.696880612027185,-1.6080598321442494
1,120,497.96320805771785,2.8125848658351615,18.87908401483621
0,0,127.04598358109727,79.80223335639695,-18.45796377982211
0,0,108.20288127093482,56.03633717525506,-12.609643697673775
0,0,106.01688111747656,52.18968787336014,-11.629417806246039
0,0,128.304036667816,101.87242302778515,-21.869647630246604
0,0,225.95242410524415,132.02098378028404,-31.466234006127365
0,0,148.3095384041002,21.6409692630098,-4.688318376180831
0,0,113.56434943341053,62.025092463467104,-14.095099920807357
0,0,81.97810616665177,11.537485115336105,-2.767131638871163
1,120,380.04278547941243,9.700460103619474,3.4703831942825047
0,0,127.55060821981202,86.31615770445998,-19.84663914247706
0,0,120.85507869919037,92.19199825158614,-21.990671261410753
0,0,87.18457640291953,13.581100244093358,-2.881671861222955
0,0,107.49688289118609,94.53704393832228,-21.285422219694084
0,0,142.7036988311612,109.72152809112579,-27.55580323280938
1,120,883.501011803362,6.535989740301848,23.943350198684655
0,0,136.178130833807,26.164973448586917,-4.857875104281874
0,0,121.77554396740018,72.08680663998382,-17.084421655014438
1,0,581.1797162538894,4.060144978388777,19.664765370278886
0,0,128.3081289848906,48.36195395648089,-13.907033509682904
0,0,113.41093855537557,54.1127219349004,-14.541313795279876
0,0,94.78052904053796,35.99493806059872,-8.954945621748479
0,0,108.46398470356465,104.29710826112735,-24.604129654908817
0,0,130.12811048542693,112.14538306901882,-29.340965199901675
1,120,890.1466626671187,3.935043982457516,27.068871073517258
0,0,213.21620381228786,20.216120959222813,-4.539622689637426
0,0,276.15205012715614,20.16411447984863,-5.37811185899271
1,120,556.7381314726755,3.4556215466294993,21.635584266492003
0,0,141.07751858466213,66.89584742267682,-17.212953781632834
0,0,105.15579412305284,41.346775515309,-10.421178828370742
0,0,83.42751191879799,21.013496487693825,-5.18952762059557
0,0,100.69540656895987,104.97856027496083,-25.1374019186173
0,0,128.3462408131588,96.39555271223753,-25.990923930736386
1,120,971.600323096981,3.314629280910982,32.97627630427185
0,0,147.96728012953938,47.7589141551112,-12.038004660219087
0,0,247.5406096320295,140.5445594920726,-35.8684210341573
0,0,488.600802787226,5.574389232761018,17.092104368337672
0,0,141.60734328115205,68.52317698148266,-15.522284723906083
0,0,96.30353415170597,23.445356211058655,-4.863624043799277
0,0,108.51377267196261,86.28925742790717,-18.8166648452071
0,0,108.86087144345102,98.08608997936862,-21.71420962125447
0,0,123.62400164658304,110.61982838905492,-28.662754139352792
1,120,855.3107738933434,2.9642705058808203,34.686765465059054
0,0,127.05079006984973,43.042579489832804,-11.775667023123503
0,0,131.87941814430684,113.62305005859764,-26.128243269135524
0,0,202.19671620015737,117.16789428510997,-26.474072628027514
0,0,171.71213942675803,102.33609542749743,-20.206053541349974
0,0,116.83360065339251,64.63925642953302,-13.258645072880554
0,0,93.55171731640633,27.9462829049554,-6.971461093161082
0,0,102.19903268832999,99.3427357487682,-23.054584380850073
0,0,121.56616696915101,120.09146918843406,-32.98250095198703
1,120,640.4860740856267,4.275999212074355,19.053602373642065
0,0,97.94551686358454,17.04610818955625,-4.940341739436377
0,0,113.98263865151533,108.96460946676987,-25.70312821404994
0,0,136.01542438790173,128.1530330114087,-30.466536752455497
0,0,217.97417423487238,125.88735974561232,-30.116934652005213
0,0,157.07964596037877,28.50986571855529,-5.58656375601619
0,0,124.37244222890052,97.06711385680711,-20.979227782971236
0,0,126.93574041336728,110.27335196070116,-26.841021942113493
0,0,134.142435478388,118.4954727483183,-31.6984319823707
1,120,873.5234666610243,3.7005599896798147,25.214288548171623
0,0,119.19974211054203,27.23208814307141,-9.53372856198581
0,0,117.10100693448074,105.06515952811462,-26.190165899838135
0,0,155.31176498414962,157.9298631306741,-42.08459398614297
0,0,162.19984879238686,151.95553262843967,-38.906915223464516
0,0,214.5307331418478,124.03906672352805,-28.92861088832209
0,0,148.89331140241296,26.690718272542874,-7.90085008468354
0,0,111.6434316690729,102.13482706739562,-24.332798731913755
0,0,127.30715503007737,122.84218490724285,-34.7985159134195
1,120,592.8705479153058,11.431507519508589,8.245923685934343
0,0,106.3480073827098,30.78488296796102,-8.016758850541763
0,0,114.2030342985083,118.77916742549029,-29.46577214052764
0,0,130.42623748472062,145.6581677799682,-38.35477396801279
0,0,178.8460910051645,179.72997431425657,-50.698724642952314
0,0,209.82323085116397,183.2186788331804,-50.63308475218491
0,0,239.63064817732922,139.06526087004588,-34.64033024951097
0,0,196.3770332219681,122.76375103594124,-26.945464532647485
0,0,136.25574882552394,100.90673486583457,-24.862573019555583
1,120,850.0566468676527,4.038857499407764,22.750223322849592
0,0,140.86992134757838,10.871203312481306,-3.737635059056231
0,0,114.43421053701913,109.22499923446455,-28.762509864673603
0,0,134.5574712477382,153.66669632877296,-42.82811733244999
0,0,140.05141258842394,158.04599781898023,-44.41440984903978
0,0,140.84194395550045,152.69314600869944,-41.35984716242335
0,0,171.6336712306627,162.15232575672857,-43.218028058919124
0,0,215.76792788115029,123.31368336701505,-28.845483759197293
0,0,275.48857330238485,128.33538598649483,-33.45684658564213
1,120,614.4720873188609,5.807222641607725,15.355586461169281
0,0,114.71155854130521,24.64928075943652,-7.6569534392384355
0,0,108.5652723851757,107.5264048796703,-25.752068175272534
0,0,132.58568858945665,153.050892252324,-41.337073330327755
0,0,185.92117443241196,191.5103028313112,-56.27868602497189
0,0,194.07307004502414,193.6604334170348,-56.38276666481016
0,0,133.88423407670305,144.36084671317235,-37.879408531667565
0,0,146.88905093687728,112.46979636126271,-29.00946063423733
0,0,197.0957166510423,44.56628955877706,-11.606934591497378
1,0,561.0162238719854,4.922072416806262,16.537691013628162
0,0,109.83741619245879,18.75966338656375,-4.973561944166079
0,0,134.93427049217803,129.08082542681453,-34.1937306465598
0,0,216.0575868448353,195.38388489801565,-56.63714667055171
0,0,265.4250101490718,213.36243854329933,-64.55935177001307
0,0,254.03374516636308,211.51134431152573,-63.895766687942285
0,0,166.50791373004918,172.8951093076109,-48.45084173608202
0,0,134.52668251318244,119.94993590299623,-30.60229732508475
0,0,134.57404456508743,85.60854181455903,-18.376522231309494
0,0,149.44437987230404,16.354879015357316,-2.886474973374902
0,0,161.21455260631095,44.16491158639595,-8.973212242990812
0,0,138.3600726783658,118.4227640298096,-27.804450150888805
0,0,176.43067170224407,169.26315323545012,-46.0775283822778
0,0,178.24467910001496,177.3589957790562,-49.61595309967327
0,0,187.1952680417361,183.99058537329682,-52.61610957696899
0,0,149.66171478353482,154.5589826894051,-41.90007839060281
0,0,127.88486323715769,113.10579369415778,-27.828972971017727
0,0,103.28453963047102,25.405473812725997,-7.232525297881949
0,0,100.29335058645295,11.302935243593417,-3.6330709376317003
0,0,132.8441053762508,11.28897792753176,-1.8461652664578452
0,0,307.8800451359077,156.7065864107182,-36.98916833875212
0,0,237.1764142105211,186.7351066644936,-50.90150157578305
0,0,192.6352270724239,184.0344228610125,-51.70944950395214
0,0,144.42569144307456,155.8652271973763,-41.953377612029314
0,0,129.51970423225788,139.83732624163952,-36.72649252874374
0,0,115.68350085061135,110.44606675296444,-27.694723608592497
0,0,69.34580352085032,7.658231140481692,-1.8612086771251626
0,0,58.44395018651254,7.119761298089979,-1.9564941792550599
0,0,76.66831342629403,42.13830135266972,-14.713427956033868
1,360,217.43364829927324,7.415888599387367,24.286965581788238
0,0,257.95856064236824,150.714972155916,-35.54704052006956
0,0,157.9293742243073,143.60860639778213,-35.51590219233421
0,0,155.04150201635002,155.90500726281002,-41.338732491181126
0,0,131.7824268288212,136.13523885266872,-34.99819116656576
0,0,116.50138612655495,108.87692005211328,-26.838237299534754
0,0,77.2215867595397,14.233596196685784,-4.160657669243932
0,0,56.337036044331214,5.359423913876987,-1.1191093558180967
0,0,46.003447980444534,4.599047997536574,-0.6172131976742605
1,360,103.97456550396457,2.9724546136031877,18.301801716899377
0,0,110.31149015384372,9.538707390639846,-1.4838341262121304
0,0,206.74528695237595,132.5563180546778,-29.83447572659871
0,0,140.6445378348989,137.21369014384058,-33.79554789360676
0,0,130.74942850908897,136.02226635468202,-34.51542819775328
0,0,114.91873634422895,107.25197296546591,-26.028101815336065
0,0,84.42086804238095,21.4395005586583,-7.712836513076724
0,0,68.49394974597583,9.151134220004195,-5.152328600188838
0,0,53.609688091041356,15.33558162003504,-7.4097807437006935
1,360,127.77618444548392,5.048189121985383,11.768850572810933
0,0,85.35009608371725,17.9522814750272,-5.742551295991589
0,0,149.42773853860453,45.96611829509389,-10.65967527511475
0,0,255.1146836769776,151.7931779802594,-36.23586175575717
0,0,146.44910984726974,138.36339901138822,-34.2245942088035
0,0,117.49585318385898,110.95836324354714,-26.46041889667368
0,0,89.25541353931158,38.88590197380229,-10.254665656484804
0,0,64.86131550664486,13.052161644012855,-5.730535589684081
0,0,47.00187699015182,11.072809189472235,-4.832010160405318
1,360,95.5946677491875,3.6639752796609044,21.638331921408408
0,0,75.42594377634182,31.202570045208684,-7.525303781080268
0,0,100.70059848369718,43.10333613967988,-9.4423161964977
0,0,172.76537261069572,76.22441715913405,-16.095487811082407
0,0,204.04553663320834,124.92076913208655,-27.758479770556633
0,0,123.18669052251927,102.39655246342154,-23.688996765241093
0,0,72.58157936044088,9.151273197546772,-1.9124841450267098
0,0,74.34017610485812,55.42470964469601,-15.237093995438457
0,0,46.039774379518136,8.370759976757906,-3.5914915212140244
1,360,86.62150304720574,3.416248035630405,20.50876041737051
0,0,62.388768137526434,21.493086328289035,-7.312651142405755
0,0,74.96123339917746,54.26789306854228,-12.878258669462994
0,0,93.07914538275654,52.212335798090734,-16.33967507387443
1,240,316.58325861169527,10.221060953596936,11.273797132199306
0,0,222.7238920069574,126.33680950849984,-30.63570775207789
0,0,123.11661100962397,27.700072456409874,-10.655775718714168
0,0,85.31539074099176,46.91510027348484,-14.211278168205453
0,0,49.39740151061817,7.5210025490574415,-2.555266309009241
1,360,82.98991172524558,2.085960412793397,29.1914979038618
0,0,46.7018710391819,8.951374758936074,-2.196015712640957
0,0,60.30025241809326,48.4971700808925,-14.637761766797468
1,240,215.68363295104845,25.817713692265905,-6.832699235930832
1,240,342.958888312849,15.29266643782917,-0.656256317246033
1,360,541.9493364333748,33.395502104239654,-3.908634305988386
0,0,133.89019684341008,38.2870026202595,-10.550767745341602
0,0,71.07433703844804,20.17225278815356,-7.623680394991112
0,0,44.07794194647824,10.991518156483629,-5.0631936179102865
1,360,67.58877115248931,2.1727153388439007,29.99846301700309
0,0,43.99809925330454,5.453742286579032,-0.06281569482003135
0,0,60.673531816406594,55.365461893882625,-14.724286476905434
0,0,121.82351816645759,47.30108964160606,-15.142125530414305
1,240,299.745720413782,20.11684767614727,-3.5127289362448977
1,240,367.6699085296008,15.944339354585038,0.3168203874472795
0,0,168.99145140776548,29.93183881162377,-7.3733531802512715
0,0,124.05048683489542,25.009149569165874,-6.34269725320398
0,0,74.12126548151272,19.91222400108896,-7.1203945575337855
1,360,172.98122249827895,2.0029684841984787,31.794330270365847
0,0,52.74606748757007,6.545688387380253,-1.594818249027881
0,0,76.7246082922012,10.578349654272866,-6.959524646130006
1,120,180.48535306303228,19.471322259521497,-6.94326064260558
1,240,302.4759193857541,5.910994194559726,4.121640816891798
1,240,373.69749481845,6.9925440532149326,5.010010490883374
0,0,123.79717127437156,26.391062836812342,-9.209584541126375
0,0,240.35445550479042,136.3316411938772,-35.26765685458872
0,0,107.83093385948095,16.57138617275753,-6.350105353574747
1,360,126.12577904223018,3.8444500274062183,16.81711695072309
0,0,59.43624072060792,10.871594074013357,-4.8172520831331695
0,0,71.55694138376272,16.680701936961622,-9.312626884443347
1,120,224.1884427330972,8.813903408038103,0.8546632694301621
1,240,303.22886038324776,3.791657963935848,7.11204047725839
1,240,312.0241906694183,4.3607362564027685,11.968467702487814
0,0,107.61896090386314,52.8302010739374,-13.784112939836092
0,0,129.41762302656034,119.2538713932575,-28.295778405508003
0,0,207.65609389884736,125.36903487850745,-29.36397152587481
1,360,258.8350193319531,9.8398852621777,18.448991477190518
0,0,83.3469295478151,25.100820600172145,-7.028892364865726
0,0,73.93084237287226,61.42443513425587,-14.440813032760573
0,0,80.62505124269282,46.28501941311661,-16.998066031362853
1,240,213.57743864857414,5.850150006909858,6.229102705678486
1,240,309.6922047561629,6.196513177590933,4.010519311330242
0,0,85.01144267572074,10.160177960529333,-3.2012928193738475
0,0,109.47309794829359,108.13675814860521,-26.1435033218251
0,0,150.63623037809288,144.38706834614064,-36.56287496242355
0,0,220.5263064018364,117.99498032433888,-27.801829310814696
0,0,124.9840339144739,14.529083208590587,-3.496480784575766
0,0,84.81381550198081,44.75730967879118,-11.34705927592303
0,0,128.28099046113272,47.51310078525876,-15.154643212139234
1,240,397.31900646445325,14.508453165582086,2.761562201174513
1,240,484.84766057930335,9.13359326873752,5.460446242813987
0,0,90.69945733584481,11.828932753990424,-2.786053470132032
0,0,114.1000348720821,111.18113160997592,-27.653323846534732
0,0,164.1875926208652,164.17286429625702,-44.38167576787222
0,0,154.3161869931245,136.61215202189197,-34.22656512281085
0,0,222.1876511014253,78.21897953252267,-18.55736548037484
0,0,111.3499297815976,57.83926576155844,-13.573056054593792
1,120,164.1322613199202,39.24671655278243,-13.245308378632458
1,240,314.29162906626703,7.036620690598051,6.381882886934164
1,240,356.2262709571839,18.065290071076905,-1.4200621123927135
0,0,112.23782655408624,63.712763544395436,-16.246497868497713
0,0,121.37035923278081,123.44001214831432,-30.928882531658374
0,0,146.8308289410458,151.97914076164625,-40.73216653257752
0,0,132.03217153095585,114.73271173504534,-28.498164325908334
0,0,121.30149267813199,45.595557239101865,-10.718654744685765
0,0,145.99296953023944,15.914688405631091,-3.406008962501346
1,240,457.6076110825627,42.889393749656314,-16.750771804934587
1,240,299.9400884707382,7.348924887606237,3.06131021674733
1,240,267.2069705098069,8.84607941649939,0.8255434112680291
0,0,85.73069290771384,9.136872777761706,-2.9494332586229177
0,0,109.8949013444957,106.8835922324795,-27.33811498810538
0,0,127.00588794261286,130.95574438017275,-33.94193449323003
0,0,121.0487212484103,102.09589891624887,-23.860091123304976
0,0,112.46419630384462,52.95262043501303,-12.190478372272551
0,0,113.01507206074325,30.1122876138863,-8.463448280672893
0,0,149.3053884605264,24.559436290418404,-5.621443121599242
1,360,343.324249474385,11.933802139283626,1.6254068932407648
1,240,267.27031640402544,7.843728256855748,2.262366142381225
0,0,83.49561895753546,10.006161062452104,-2.978531980978019
0,0,108.87687795788133,106.25051162307538,-26.41991212246375
0,0,127.7420175655314,130.51332651995898,-33.93041547838818
0,0,125.28954068777195,100.22256105805035,-25.05460767845353
0,0,112.0314309391906,25.853661948311423,-8.775745681681201
0,0,89.50805460436193,9.274909063345737,-2.2098966539205662
0,0,90.06968261263248,6.672007692938001,-0.7809258751261723
0,0,127.96783184842924,11.777539941687362,-2.3254883826730577
1,240,419.4053210685025,17.09552102310338,0.2511144472828448
0,0,128.9520624450176,17.769874352846543,-6.905654757913169
0,0,137.887710461796,130.3437233807269,-34.80060307436562
0,0,154.5199186343012,151.57361512182564,-41.21440110621377
0,0,125.75991909412551,104.13206791705936,-24.93847698662129
0,0,104.58909322865796,23.87381314540446,-7.673080060017028
0,0,119.78541956666237,35.26686900819799,-12.781810697945389
0,0,118.26761203826085,51.987109153571176,-13.793285880095468
0,0,120.47434584249324,49.800494255566434,-10.53802285369089
0,0,179.19622784029835,66.8734377451621,-13.69264773483036
0,0,175.4933383791672,71.96461469670514,-14.306954682765749
0,0,140.3236820385565,125.85452494750115,-30.720948461907618
0,0,149.36057239271247,106.95092233960015,-28.552916634069476
0,0,123.20352456921121,97.06839894785016,-22.101163976712584
0,0,117.77631860419912,86.5798829331765,-18.69806654790186
0,0,114.34196902999405,77.84393509710516,-16.85161074036668
0,0,113.96149690263961,76.9872486462105,-16.566499271175488
0,0,135.40101002379214,78.09553859626394,-19.192057914209272
0,0,139.10520313163678,103.73465712180273,-22.21930257021451
0,0,218.84770822139558,98.5300961543547,-21.013975049760248
0,0,239.207971904632,131.07069505201224,-29.589300364827125
0,0,146.10210176424835,104.95244693618157,-23.85357072683027
0,0,91.39082653225623,13.803439043572356,-2.2286546826768046
0,0,93.71269501340888,31.515836255596007,-8.722298509605352
0,0,103.03087265213742,38.32659497576558,-12.385730957793754
0,0,86.89656116769937,14.025315787844862,-5.984313224924719
0,0,79.93583589737331,19.08499176470486,-7.764672079865065
0,0,97.25536629344882,64.17003936734287,-18.222584864617858
0,0,109.62649749027017,93.83604121356422,-24.705692491732343
1,240,410.4789912917111,15.470198516600734,8.748342955302647
0,0,146.0830231779975,18.048222906887197,-4.35941351478354
0,0,103.28478902375534,27.426243379857695,-6.883398753090276
0,0,93.53458286416736,17.693748952674238,-5.386634873185329
0,0,104.42101349108134,70.02266885995552,-16.273065577958647
0,0,97.58397595372205,49.45549062818336,-11.99085595864392
0,0,79.72925323751443,30.525478677386438,-7.566930753063815
0,0,81.43395269237153,84.31226037197776,-19.92813881445906
0,0,58.834318692831324,17.282779724952178,-7.259742933409655
1,360,194.82170334033407,17.973862701995934,-0.22062091420167462
1,360,380.98955040306015,23.315287670431843,-3.6340379008042163
0,0,180.85524864791967,67.84153725772154,-14.200504190562086
0,0,109.42087272734427,28.570804663620553,-6.967630228133402
0,0,100.01865521982741,13.032346514776739,-5.815364151276341
0,0,114.58874368483356,6.545196551271783,-3.192616570580114
0,0,106.30805911298428,3.9571170455347198,3.1747355252772564
0,0,78.58775183501328,71.10169050052288,-19.160116425806052
0,0,59.1399104865672,32.97771395241557,-11.772940504014144
1,360,147.8013202348795,7.557868147129125,8.001382398374247
1,240,289.0819583135659,24.71407497763093,-6.7793947305525535
0,0,258.9024008629543,129.67338235068698,-34.31842134024699
0,0,146.83260870221122,22.50525435616743,-5.244168965769703
0,0,89.53282955994793,14.907734742954057,-3.163105699987568
0,0,78.79545676465162,10.145864176095484,-3.1427096461850113
0,0,82.0376714854011,6.733800357193378,-2.5942671569669216
0,0,81.78177697159616,73.36124875444585,-18.184688362578513
0,0,53.80025856844074,12.913730084638898,-5.335734565858914
1,240,212.4783624445542,12.261405597845753,-0.33233950631237974
1,120,314.4140131525203,55.64316068278915,-20.273323531236045
0,0,134.75457129476354,87.41728579881283,-21.274748637134195
1,120,532.8897399542868,16.46045502023388,4.089377007431082
0,0,123.00817027517614,11.392777907708382,-2.4952036293269657
0,0,86.67225458056586,10.206258942860917,-3.527217531977172
0,0,62.39274709401725,6.632840392123834,-0.491671787753333
0,0,72.05741135708178,49.283685507107855,-12.646879705742833
0,0,59.258321284358836,32.017743723645296,-10.923043282804002
1,240,190.8802238585126,12.769089658427735,1.8861117892418093
1,120,311.4083252898363,68.29917406129904,-26.136708159858756
0,0,133.10608168537576,101.1565839991312,-27.324408417233926
1,120,769.2213004059821,4.482799600331991,22.8270519814737
0,0,233.77994974341667,44.13952742848944,-9.986727030521152
0,0,145.2520674267436,31.076125750107774,-7.054884123584571
0,0,72.7781692848392,8.438590042051203,0.06845880276301841
0,0,84.38137888301976,76.49513097284871,-18.10012399857436
0,0,73.66661018813,62.198420922801496,-17.407149576801572
1,240,214.8656683226962,11.048335605205066,7.965419822679905
0,0,197.7070702793897,137.94984516235485,-44.01270798421303
0,0,117.52011234878877,100.67508637590606,-27.65573861249011
1,120,709.4392362204534,4.0908955645870755,19.905576187894795
0,0,129.02235734302207,18.8086719218052,-5.719217365009186
1,120,739.1611569943287,4.056720174660989,24.369955328167208
0,0,108.62955917223965,11.683178702535496,-2.6626626285783743
0,0,61.77297077429467,8.123687686958089,-1.3554288144360243
0,0,57.549852590090914,10.260579308073845,-5.773890413893909
1,240,228.95691034574008,4.7500637929005585,7.719768905249708
0,0,193.47098931243025,63.28299444545933,-22.185411303611005
0,0,107.27404999164176,105.88542303343522,-27.85265035886468
1,120,568.4272400532185,7.503846493387579,13.487519290926215
0,0,134.90733601747093,61.16940953872404,-15.496715681328226
1,120,987.1193870170187,2.7796731337272136,31.319863105820204
1,120,1277.1528033824009,3.4631191143160525,36.11970977557871
0,0,135.06745784206592,44.48884116459554,-11.33225364308501
0,0,79.38443868178926,30.03975397098319,-10.995465125658342
1,240,237.55590010079663,21.8021850173022,-1.5455559667477843
0,0,150.2397630723665,139.05711714703148,-40.96036984128854
0,0,115.91779450517625,102.46590406207059,-26.39867063637923
1,0,443.5108597351469,3.9521400250976297,20.285302097342054
0,0,121.51334093710764,79.61147675224278,-20.305492229565047
1,120,803.0419317913874,2.91904482202961,27.96588529259199
1,240,1503.7538087317073,1.8907870978238683,42.05793101301113
1,120,698.8337187881855,9.769448014283721,5.987023739639611
0,0,122.08195762536849,56.70023470104825,-15.889926235672931
1,240,245.00761273160822,25.874770290654766,-5.930622991067793
1,240,313.2246792516915,35.65859074872472,-10.956511833266532
0,0,121.69453649422809,104.20655266026799,-28.155880498648855
1,120,527.4606295314672,5.439218230928167,13.414864954194329
0,0,99.26501138671424,23.89538173805114,-8.174114934023606
1,0,464.7410752104589,2.3891915872776677,24.794996407928124
1,240,1185.675165315083,1.3500643978811786,46.329467049765995
1,240,1276.3736987621699,1.9532217435685362,43.138625963247605
0,0,428.36048977780854,43.56242408539027,-12.587847396654197
1,240,440.25963284798655,16.861573086561332,5.171519760450408
0,0,163.91916609452292,141.26396500935167,-38.2016027743267
0,0,118.6797911208997,114.38071230305151,-30.55040891877878
1,120,587.4016705996947,5.626554994838217,19.358750587915964
0,0,122.56981623374156,92.90146236231305,-22.28321196677976
1,0,286.57004648172847,15.973232244215838,0.39890657807490015
1,240,1365.5931033120423,1.806464391574908,41.626316697257906
1,240,1505.2036452540717,1.5973638798650456,41.52923993548059
1,120,548.8576664418758,5.5307881873580165,8.133544599853352
1,120,726.7666735172478,7.525335219069857,10.227373893093258
0,0,212.60856841108856,124.16653620361835,-27.57624155822603
0,0,158.73858741559144,124.78781274641918,-33.703950589806965
1,120,560.2903987261328,6.57087671329496,13.819404301117444
0,0,110.34866108926651,30.95234188225048,-10.392296748037907
1,120,548.1596826554006,2.4182207470963197,25.9171809474023
1,240,1174.8565753295345,1.529618532213367,36.866871122674084
1,240,1148.7027469466127,1.8828632345744918,26.832932059426213
1,0,520.2472235198865,2.583592967731081,14.817024961746725
0,0,120.45123161945966,7.307762717585145,-2.9717051153010914
0,0,132.65429441476277,9.990314915243609,-1.6735966858522886
0,0,180.2670659228977,113.20674553716316,-27.53314564765256
1,120,381.24950889379375,25.67617860192492,-2.690952906313825
0,0,107.97153499154832,40.34325297352078,-10.854642527240784
1,120,764.0535088009015,2.5726480350273597,28.494682049157788
1,240,1501.107700640786,1.4097569445146774,44.072892042246664
1,240,1601.917998161411,1.440767323960179,39.44458358250007
1,120,693.4189371431562,3.1026440827410733,12.784880521380131
0,0,110.88507203567431,7.235936145491186,-2.431991714394343
0,0,116.75788711948314,49.525001058309634,-12.086299979326682
0,0,148.63988248130534,22.94376279615753,-5.272004823653589
1,120,494.96595422246736,23.32347290621868,-0.7970789156635902
0,0,141.6740333125922,90.75276847949716,-22.335697459634872
1,0,354.24994253949257,5.0341717928939795,13.797507605014403
1,240,957.3905285754157,2.415007117037122,25.146305224797644
1,240,1573.6505843659525,1.479404321667484,40.817396521964554
1,120,779.7631998786304,2.0836126850205794,25.968371872075636
0,0,107.89540202347895,17.959990216382344,-7.817485177729438
0,0,83.19430652583742,14.220804848059256,-4.019232700325475
0,0,91.2788659516819,11.198753526400498,-4.067913747911717
1,120,503.93327518635505,4.863831801950774,15.876626376548003
0,0,167.9486133893608,54.71716956072736,-14.136869559488474
1,0,408.8444677062455,3.367048406267912,20.9706834804324
1,240,1276.373970827571,1.3245051643690744,45.07736070435992
1,240,1337.260031066456,1.5748690334828945,34.516273477496085
1,120,645.1904022799646,3.366394805714591,10.738511682869387
0,0,99.47097623139149,5.705241101355082,-1.742980256443289
0,0,74.85409064341395,10.473417097369401,-4.36644645457919
0,0,77.242535795423,11.573771790722315,-5.145253388779096
1,120,399.0675707972056,4.969943863062992,8.981883055293608
1,120,649.441877614202,6.496392872537898,11.329447712160047
1,120,460.79590017360607,11.989226202772995,2.6991375950544807
1,120,585.0383291489646,6.351325135505891,9.431864387372656
1,120,888.2936252203509,2.7696978852410172,22.793562295204126
0,0,297.3965943802585,11.106159287432824,-4.341268424431746
0,0,104.25123334474794,13.704015953535333,-6.431256284740442
0,0,85.98060765072418,12.105501673524833,-5.848589639957794
0,0,68.16261376366259,10.362526555166632,-3.612563920842149
1,0,238.7189116740708,6.782873868948241,2.5227275815177137
1,120,1084.6400510846972,1.9886892185373797,34.883370742231406
1,120,620.4639196795846,7.3298804520153205,9.083852756402834
1,0,491.0350172749378,6.272285267971558,9.165267885156638
1,120,644.7888790922015,2.7442453666276774,19.456271201641314
1,0,506.41727764246485,2.975596498762159,14.069905886265445
0,0,102.26660693232368,13.398582120368953,-6.212595792912168
0,0,83.964228938782,28.36886487954681,-8.584239417959495
0,0,66.64917061773676,9.87824035657421,-3.3321181810570835
1,120,394.9762059515049,3.410854308178478,13.628949543796438
1,240,893.4112661031654,2.286202459841342,23.89275107660869
1,240,1327.0972093859816,2.0371255994801687,35.60875164016251
1,0,504.87385062212815,17.3943299592564,-2.5304898591957254
1,120,695.3876477296171,3.922991741671055,19.04820217494097
1,120,753.8408538077956,2.5523108375550048,21.588208354991053
0,0,127.56735157803692,11.638954965545624,-6.584369354957147
0,0,72.94389679030229,7.339758686957185,-1.1435159290082453
0,0,72.79685677707599,22.540549237272522,-7.71790382281678
1,0,328.9190893227263,3.769484503120906,12.975240167569424
1,240,856.2597380123165,2.473811087288414,21.96043105293583
1,240,988.3554708226001,2.825001922670887,24.93376354911014
0,0,211.39259477307047,52.99005773615759,-15.883152209513625
0,0,234.14862103399918,114.16687459741065,-26.352679120240005
1,120,656.6200058121091,4.711427584838383,17.112289064069728
0,0,119.46429170491889,12.082804113957609,-4.721374778405902
0,0,80.37951788624574,32.644110093330106,-8.185538837733745
0,0,79.84508508202498,61.378475080435365,-15.77668586545468
1,120,273.41019768717115,32.77033058044037,-5.762820534951842
1,240,596.1890203007669,6.95800136549775,13.92118377996323
1,120,388.8739603821755,50.961133616592605,-14.406335247511436
0,0,146.42415918277888,110.16037224310186,-26.815278529127475
0,0,151.4367714847175,128.30256562760886,-31.216577853261334
0,0,179.66221919205947,50.5359814599151,-11.044241284376312
0,0,134.43471307155843,17.647505529059124,-5.695804174750364
0,0,80.80224517120568,12.42501194636079,-3.439540920385028
0,0,65.61512938063372,10.038907420308902,-3.7740203508915613
1,120,324.86291160223215,6.244153596244417,6.516253780249926
1,240,561.5517846140148,7.509428607605823,9.552401894974679
0,0,193.02507412005727,88.39957906974664,-25.411174027326553
0,0,142.02469160641144,128.2422818623872,-33.757762354554416
0,0,128.62172970387084,113.20356168800593,-27.176256977722034
0,0,113.28848645277202,33.265873959981526,-8.061392391078058
0,0,234.0009348654453,132.58238085616884,-33.2261915233134
0,0,114.25896641054736,17.23997825164478,-4.8968389645772135
0,0,67.72062651551774,7.5104980127224055,-1.8569022564388717
1,0,170.98773128820275,4.449718884166591,4.491284946376567
1,240,361.9980704247827,14.137708009468723,-0.2058047134601395
0,0,190.47461968973326,98.6086094413949,-30.256024114244724
0,0,161.8357005890973,156.9345095805444,-43.86143901316137
0,0,146.2401862913557,136.68164801279303,-36.96188729580327
0,0,109.77366220013863,16.350854081332034,-6.440170311363474
0,0,182.24245344774357,139.29927739290764,-38.31983119500858
0,0,162.7262499992465,16.90057343383409,-5.661981599519763
0,0,191.64910335408638,49.971786784147234,-14.288677493619886
1,120,683.1677848957972,3.174712737470074,24.871687683806414
1,120,518.2149403180393,10.062019205149133,5.742419044658362
0,0,219.50948463741017,101.43358609542169,-30.349550060437764
0,0,152.47796577465732,141.11275744302796,-37.79796698315495
0,0,130.41279291948382,103.71414620240215,-25.4567692470836
0,0,108.1303985136633,32.024486841815005,-8.704813913223845
0,0,125.64157064465496,98.69125234684313,-23.47095449576902
0,0,94.38249169072618,9.832042055537855,-1.6510394957789458
0,0,129.47621911231832,11.212235250482037,-2.0998794942773316
1,120,565.8797556701895,16.079429135776124,3.9909792577131924
0,0,163.11056505039122,123.26454668364993,-31.295905821069027
0,0,160.9653860431536,160.41322215562786,-44.62935836475502
0,0,161.60697293919623,165.7921367673997,-46.58297535600591
0,0,131.81421313651424,118.53799626654055,-30.849993131846958
0,0,129.98546886285143,79.75935607715724,-19.869349567151502
0,0,135.47171301989826,115.2803626685371,-28.671514931374716
0,0,105.2525133731374,25.757206119053578,-7.554370799724779
0,0,89.19559315924873,6.275554850028416,0.06125149255920803
0,0,139.83802262550884,28.482183918938375,-7.6581793160472955
0,0,206.7839655835631,126.2313887252942,-27.576505755814146
0,0,184.9389049739231,166.25836490997287,-43.85133345541594
0,0,163.18597251072438,159.94316761837595,-43.30187644745948
0,0,125.78135558051908,116.55353413118128,-28.281347933245108
0,0,120.18562777165361,68.70275762532988,-16.64454852265669
0,0,126.3153859546674,110.15354970919353,-26.776922323284808
0,0,106.1651567610661,30.69841727764036,-9.04133823306239
0,0,103.35879081284956,4.623786902566844,1.3634761204308745
0,0,82.89800463194265,5.5270231593863866,-0.5380807360817812
0,0,132.36761683443126,18.998971885462336,-5.406507815763419
0,0,243.9407989497332,149.10905596808593,-34.90516191183838
0,0,165.50197458166622,145.2308533493166,-36.053396333500785
0,0,158.0242456968762,136.89225855160106,-35.70447586282784
0,0,99.5979627573464,17.96873677704894,-5.0395320819186225
0,0,137.14691038282555,112.8314628545298,-30.43306291804121
0,0,105.34982209825763,7.64545513353194,-2.3992734850820767
0,0,76.38560346639497,4.932154154578329,-0.2204623956488092
0,0,79.21052654217695,9.006918848484942,-3.184347186072088
0,0,121.31562874292987,73.29137734368952,-17.638031849056077
0,0,180.59089176653524,52.95627355898934,-11.78349783963526
0,0,241.89865337709688,133.25238978402913,-30.114223984751142
0,0,155.97866529855122,121.2344060593616,-28.662558633137586
0,0,107.09193621379268,28.76068588974681,-6.216104336882353
0,0,129.3861541285019,110.78110731495758,-27.32861444283673
0,0,120.66200295288937,46.35687260753203,-14.021198571459564
0,0,89.46798730602345,5.495964837200954,0.4529032811340272
0,0,223.505467887915,2.524613245035524,11.083976449089775
0,0,95.6082596831832,7.333448294317774,-4.243636847719387
0,0,164.47884996878156,6.697012821182947,-2.2068266779466654
0,0,158.6442600738247,15.056408225254675,-4.369231097157936
0,0,271.2603368878232,137.21065790654797,-33.43271477794362
0,0,110.83519337880932,17.530208483124188,-4.172425029818612
0,0,150.31807256364453,114.43923448279845,-30.126387641708
0,0,106.57165647845736,14.104079053971404,-5.6489408065703515
0,0,132.74889382193058,4.324585851204411,1.5310302308139967
0,0,80.8828162061302,5.299471348383391,-1.0359135353203897
0,0,81.74523518741337,10.588398452562439,-3.9992857824227173
0,0,101.82439863104044,5.957455109004457,-2.3998758555829767
0,0,82.7883169310732,6.634616868049566,-1.0692182832782748
0,0,139.86756439364297,28.11803748874269,-7.6797219873822655
0,0,159.92617556342998,62.25448121465136,-11.396316274251362
0,0,135.15179811640127,105.19519919029102,-23.719083586575735
0,0,106.1652587855915,30.625242894118877,-7.528923288037461
0,0,87.22064207265043,11.102357258946613,-2.9140096460083384
0,0,75.73969753211016,6.731452629420561,-0.49806008543397695
0,0,101.09728117453274,58.48481464192517,-13.887044320166055
0,0,116.39071218860657,88.47207841948988,-19.836356572347583
0,0,125.06123247203085,85.64698625166147,-19.58363572745941
0,0,103.93315488270825,10.783809901941366,-2.115313917375076
0,0,157.61148847526005,35.499095067134604,-8.289822909714857
0,0,240.26832413323132,103.79500586353782,-23.573653382221444
0,0,125.44112646040799,33.17139449967331,-8.104858178274895
0,0,88.48939639847838,7.461914532172863,-0.5896785250408243
0,0,100.20496333927652,5.644570184407646,-0.5496156027789141
0,0,104.11993911660925,49.85472076581554,-13.498568186600394
0,0,93.23319108006069,22.839466467614564,-6.097162582712556
0,0,110.3002674560491,66.43825393677493,-15.339565671965104
0,0,101.06003088670128,24.869085474892426,-6.893411841679878
0,0,95.09184554375493,13.048513934745998,-2.7226936045500736
0,0,149.46429732687488,19.607507616924842,-4.357046304394032
0,0,139.98918896398487,20.24421608166116,-4.990803478766523
0,0,95.30542821966247,9.138883439871195,-0.7137509963718145
0,0,109.46289549575302,74.03583491669542,-17.054155179319878
0,0,108.88697838589648,49.61829650215122,-13.2487112435674
0,0,112.16679481228715,47.78117944037392,-14.535216114946152
0,0,270.7117850228922,6.993409053049738,3.3265011877945767
0,0,128.05441666232352,74.38029707313339,-18.986834511712573
0,0,107.15672178742527,17.131046931811714,-7.052870937963121
0,0,132.62781338239083,7.575569283550394,-2.4816238732978064
0,0,137.31115853267028,9.573927368264197,-1.3484804178685863
0,0,154.9718532736731,43.77063410300833,-9.112819532503039
0,0,118.26713592380897,46.21011232257079,-11.031094812391657
0,0,108.07485182760911,41.46430358884718,-10.26098526279253
0,0,88.9841586664039,18.10364787282814,-3.7138044366081715
0,0,98.60619368193642,43.472929767583324,-10.892433350244886
0,0,109.12505828395977,76.91430168048596,-17.342595538121316
0,0,116.69855418993056,68.08149552175425,-16.830992760590107
0,0,110.26292647975063,57.250986458152305,-12.722276413439346
0,0,92.08915606851197,13.200148360664766,-2.956064618084639
0,0,197.53585045364227,81.96961159662527,-21.073747112095603
0,0,139.32035018360057,18.766245868353074,-3.5729237147212274
0,0,116.83026785222927,47.483402908822896,-10.783034412957846
0,0,111.44696644131675,53.04194509192384,-11.137767230569352
0,0,116.62483580229579,69.24790335324894,-15.399416993576892
0,0,105.09470410445161,39.07844182226901,-10.104199846101011
0,0,78.4962925160163,8.29767403349079,-0.4108695974039591
0,0,107.2708305510623,86.20496123117323,-19.505385685811234
0,0,120.80535874714269,82.12134619466889,-18.367005834185548
0,0,125.23402800989288,58.24892462959335,-12.22713842959952
0,0,174.87735963900138,48.45829968664657,-10.185134135244454
0,0,155.96086768689713,33.94857135698876,-8.039030707219936
0,0,103.40530266037617,10.257487508977297,-2.5189602764503576
0,0,84.24242714744645,9.47877558153248,-2.250387576275216
0,0,75.57231496212381,7.716229898315034,-1.800073355235142
0,0,71.84189021519151,6.70003107047612,-1.1081662917183337
0,0,101.64914316851029,69.107857308007,-17.82382616092272
0,0,109.65001981140537,93.77223427739304,-21.360813643438846
0,0,106.18635519023373,72.18567923455998,-15.661950136887683
0,0,88.9969174001088,15.78049205149943,-4.37438295012619
1,120,416.16143994717135,20.562705681765596,-1.173359688561817
0,0,151.341072479887,29.136125598954234,-6.6051405693348215
0,0,104.04208306766635,31.877358356611083,-7.2680070339659295
0,0,90.00187597944205,23.34558477471362,-5.19716821484387
0,0,111.30091266516936,78.5055692743478,-19.17300398415435
0,0,116.872619366331,79.15049004841822,-19.09999562265439
0,0,122.16949466816654,113.08095100719638,-27.363018252761186
0,0,115.65565949123398,97.46835104674248,-22.43468172799838
0,0,92.34857042844341,18.499472158215614,-5.694250692932243
1,120,358.8919904290995,14.077990081384673,0.708345361179795
0,0,232.6665447616064,105.5520429823404,-23.644659126003482
0,0,136.25636097267636,17.74201025801144,-4.311556763672229
0,0,85.49362758687543,8.847658706755945,-1.029408990700972
0,0,79.40087029840876,9.627131400878636,-2.278883928129403
0,0,97.24459703798934,59.19067977577029,-14.647304583680224
0,0,109.60302051336849,97.62654719806434,-24.245745626629557
0,0,121.54626085063853,67.46655779881745,-19.21342621513608
0,0,83.50480683285114,20.440013780314263,-7.123068237125523
1,120,328.67978513035814,21.134479145861775,-2.3033433408371735
0,0,144.27802794663745,110.2091118477739,-24.511623511405908
0,0,209.72379094706858,118.20438518784248,-26.587492652605683
0,0,138.94313150500074,15.458713917855057,-2.812462661040101
0,0,114.421684192511,44.633977036721475,-10.73147889561291
0,0,114.01483305731,78.62553757694526,-17.438921978748382
0,0,113.08858639932721,100.8801233737858,-22.612048136804134
0,0,108.48506977214849,93.64741439512746,-21.701987840828238
0,0,72.79305352949004,9.26153743835637,-2.481148317639196
1,120,443.8862646444062,4.241338754426612,13.983344188495138
0,0,148.8082569563998,106.19409035059545,-27.235373830038853
0,0,154.483484542673,92.38279817341592,-22.590970453224244
0,0,203.71291400826914,43.387507311283564,-10.613858129383686
0,0,159.57133426406912,34.653259693979855,-6.700288688718885
0,0,116.14414158281787,66.81756516323986,-13.365999120835582
0,0,109.5565540100754,103.14586883570819,-23.4813480288855
0,0,101.23428877609415,95.21918181535291,-22.24621373654
0,0,70.77167561580298,21.22318833079832,-6.703575306715052
1,120,271.8668386831847,23.347378848445064,-3.766210670186851
0,0,118.49528543473276,111.87814188896542,-27.84463460404124
0,0,96.46166083002636,71.49917349190552,-16.376150192889725
0,0,78.35169542337054,14.002430518350002,-3.754929433174297
1,360,256.69948731039545,4.193218682760922,39.53795101014025
0,0,171.47848059146233,87.35725472003219,-16.508703406799242
0,0,128.46331962409099,112.9227043185863,-25.039860169084896
0,0,111.69764070023844,101.04500488637657,-22.43205032002075
0,0,95.3840551205751,57.05565261960884,-13.330395853861077
0,0,208.2192466069698,58.86199608267268,-17.068030836647722
0,0,119.04633123250707,100.16034965626409,-24.04114044648906
0,0,89.0000064760169,33.07310669371786,-8.225770846452036
0,0,81.8437001904882,11.53342949795727,-3.554863167597631
1,360,417.623111314483,1.6270719088811227,56.52081503601333
0,0,146.1276985840668,9.515428652258208,0.9238037782400994
0,0,163.10685815930148,90.7844048219165,-17.801887193205573
0,0,116.90648017270729,103.22720499127556,-23.294972482325
0,0,83.16840363244276,26.350930815264313,-7.740408173372501
1,120,258.07641030527014,26.191449572899398,-6.040423508688775
0,0,111.56655052115055,111.29943940167504,-27.674427949873433
0,0,78.11447139771484,53.718931775363366,-13.068982908323889
0,0,72.99342969738674,89.13111353619603,-24.1735087220869
1,360,157.0988492432718,3.646355815107189,35.51410549619585
0,0,91.17302684263191,57.48510405559049,-16.081738968596852
1,240,372.51634555177037,12.80744746017897,6.01268260939743
0,0,162.31575998930606,101.70597485925988,-22.314001553698787
0,0,81.26849725230952,18.47364940884356,-5.725505267606351
1,120,298.25273885322923,12.954839461242841,1.0468194592186393
0,0,104.8416832814456,89.75114108601682,-21.25553090457464
0,0,63.76162148744327,18.212523240663543,-5.748886754154611
0,0,54.480541099758064,12.65508024358116,-7.89730983700278
1,360,92.93423654850537,2.1946600281845354,24.33988964263962
0,0,53.41448116576521,5.1218011945208275,-1.245950617872552
1,240,158.69138406850374,4.068777378931113,7.933462482421405
0,0,144.14097500084253,14.85334488896984,-4.416311107360187
0,0,120.8243579809849,10.631901130743746,-2.8020321402612893
1,120,250.92805059666472,19.9529408112577,-5.213458638127108
0,0,116.9280526918014,105.99711765999147,-27.584225609338894
0,0,65.0694398704432,18.739408763410523,-5.316067697399575
0,0,48.371505231460006,14.261361924299191,-6.284425833169124
1,360,108.56187156766218,4.544751547290387,15.59973673629898
0,0,69.84922653737695,77.43513897277613,-21.09411146218757
1,240,276.763925214189,17.541341125755544,2.1052848243910205
0,0,125.78488109467476,66.50501369450008,-15.395792202667934
0,0,208.77664059743603,125.08921713330241,-29.752236301369983
1,120,470.7118678468323,13.740359483370778,4.596425018543172
0,0,137.4964010626318,87.42012310656517,-22.13089677327916
0,0,66.03309552107473,12.81383681733121,-3.448491934670386
0,0,42.52557077608096,4.821341223211025,0.31985337575885353
1,360,77.88326681905806,1.4357890626521734,38.317189066588256
0,0,41.46785418105461,8.113415080677873,-3.6695143529364174
1,240,142.97476665910563,6.128844651129591,4.748687372526149
0,0,84.44406161782315,28.929316186180845,-9.699301190458058
0,0,142.55983291428086,114.4162327970504,-31.25033702107079
1,120,857.7543746373925,6.647338276679019,23.12472868795568
0,0,210.11597322272792,128.46093504963318,-30.092237461468137
0,0,90.82549163289593,67.12140255956974,-14.688022715960642
0,0,67.36190828419146,59.59230682478614,-16.91732724843463
1,360,113.01348501257027,7.99242520289732,18.41348332134774
0,0,67.37048968038391,70.01670545994676,-19.51590603377001
1,240,225.6403650902034,13.255468642222988,5.724897460614514
0,0,99.14863541140151,76.20514079348831,-17.305507480701607
0,0,119.44520178260966,98.98239044460716,-24.72098953208426
1,120,1194.0552331107356,2.6931909736653066,35.3363744947185
1,120,1166.300390530915,3.797317688989557,31.89271745218022
0,0,90.12847141138289,9.058474102071534,-2.3364420146763365
0,0,45.92920246609516,7.037611131201806,-1.55138416554162
1,360,74.84262988839339,2.112550471617245,30.48578075223469
0,0,47.26591929591624,12.719191305933164,-6.731078275637913
1,240,158.65232001133177,9.298814103120545,-0.18956712969452383
0,0,77.34963320695299,12.239957933710146,-4.931041984334698
0,0,113.09356292895534,99.39050792535167,-27.05430865499948
1,0,573.3640481327807,3.884382155930346,18.642648309279494
1,120,891.4118574706158,2.1830262993160616,33.92148016341892
0,0,210.9577662457916,18.14317344691765,-4.765242145936668
0,0,98.77554305805143,14.153546937064618,-4.70692845428772
1,360,110.72022307473553,2.269380536867188,32.191260726751224
0,0,49.962844102533055,9.929471630045315,-4.838409025989492
1,240,173.85676296713513,7.741799058794465,1.531865095192444
0,0,75.06587655406852,19.609572426128842,-6.999709099282441
0,0,135.51486939414485,124.94948875101493,-37.11124876026874
1,120,920.0971637221361,3.0814175192413837,26.089067898230525
0,0,290.7201774540628,6.187123168951238,3.7762183222855157
0,0,136.42420265302704,64.92264788297575,-14.695541779318432
0,0,195.56768399798344,93.07523843762874,-19.88198877976697
1,360,321.1234406807139,9.610091310236182,25.690277490824812
0,0,118.39391840071306,24.2957904774405,-11.420183884361748
1,240,207.47011452509122,12.938533063731004,0.32671722909809375
0,0,83.91619805943269,20.896962915791487,-6.352715625745333
0,0,113.35875867865977,94.8172515426078,-24.529599515301314
1,0,668.5391456892667,2.5593398072611486,27.6788821686699
0,0,175.0521049789045,10.387257338132725,-6.216294559145794
0,0,115.21365523900155,46.218588147764834,-13.203660270841866
0,0,96.2135938645317,14.70004273254015,-3.4429754890305304
0,0,144.5099296928845,25.905163054803506,-6.426162555241561
0,0,118.11610561803346,60.62573661177566,-14.833680130240722
1,240,257.5354762715694,16.09137578972829,1.9743484997207617
0,0,95.31849869497277,32.440506188551744,-9.336172173496237
0,0,117.47670658125786,99.58522809682401,-26.435721706136604
1,0,633.6283028974933,3.587665779367263,19.0730473161274
0,0,270.4663366868829,3.4594684720815763,13.676473405946723
0,0,123.77716313133368,83.17974862164664,-19.630678749999333
0,0,118.36195071608596,71.11220225647051,-16.129479472769404
0,0,91.26681572162565,9.359792756055116,-1.5973915335361255
0,0,128.59595150711834,13.652789192322103,-3.6682620563687465
1,240,389.52523960813164,9.992107184071907,8.297294264967604
0,0,97.249709600318,12.42864611885402,-3.146138930878763
0,0,124.2617909630689,98.6400219758236,-26.734788091932074
1,120,751.1023341689739,2.4095317177176416,30.703352749999922
1,120,773.1000461407375,1.8850018191947626,31.153925884676354
0,0,191.26735025213517,16.858293577537147,-10.694892813610608
0,0,103.35210253840631,23.664085204236954,-8.233184230774569
0,0,82.0922149302888,8.850961679521086,-2.0610583006795764
0,0,81.54071569017935,9.24416795288898,-1.6259565767632154
0,0,141.31546245002485,33.35598555466589,-8.147779718440205
0,0,154.15571375071977,16.552719864376616,-4.132795391601221
0,0,147.51302159819988,105.47915377351667,-28.550058016166062
1,120,861.4620819233345,3.418079561102222,22.690821137137604
0,0,352.63795503808325,3.036582596922224,15.532271240197701
0,0,100.4778449365615,18.426869928992794,-6.70609046775391
0,0,81.44916001468617,7.017888052026358,-1.4987137343748174
0,0,87.520203083329,19.52555959918951,-6.179164230111979
0,0,89.91675918510778,21.297851759418844,-5.098971255292952
0,0,101.10098806562247,23.547179822285642,-6.248088096899664
0,0,139.409156864937,16.356573819415495,-3.830590338458933
0,0,325.710281966018,130.23176162850442,-35.893704743339995
1,120,732.7704767556191,5.407149614204326,16.031541274315657
0,0,324.32889256414217,4.488841513627787,9.05501294768409
0,0,110.96657829541505,25.790977661899774,-7.675669196380568
0,0,106.60381687607689,43.57716653432233,-10.497114499147031
0,0,109.04858523413904,53.29882612789424,-12.971324911852719
0,0,114.12529161014919,69.03888834882582,-16.142594241043483
0,0,109.57704960362356,35.714932605466046,-10.696847875762671
0,0,100.99048416854977,11.558817265670092,-3.5510798581358074
0,0,149.94093323745335,33.68023279581995,-8.675509116750021
0,0,400.37090010108767,6.758489627387014,6.061717681751759
0,0,106.38613054703637,13.364517280760825,-3.366289497104006
0,0,99.45628469973308,35.969225410318835,-8.52158760191368
0,0,99.04803922935155,37.152281668472355,-10.46192866436175
0,0,85.49583811825923,21.178143362875037,-7.234749841573887
1,120,395.9738244330381,4.532990798362707,8.334472149567276
0,0,131.1738845429516,9.451352785517638,-4.592028923216105
0,0,111.87749860247023,36.22804852207901,-10.64729497613564
0,0,98.22372640830739,10.294623391295744,-1.5010598089572937
0,0,173.26821748824506,47.64475042104527,-11.71964128258763
0,0,238.2201024333042,9.083837503591825,2.42665477057524
0,0,118.37642686263517,40.9175370578991,-8.82615986544549
0,0,119.80068923729809,83.66602562841389,-18.897165850306024
0,0,100.82780039476127,23.642590612619436,-6.4894114578365105
0,0,118.60446301297519,85.6760090943191,-21.144472806434237
0,0,115.61038327407063,88.45869325772689,-19.504920698056154
0,0,111.95082022806176,83.83110207054489,-17.892750027710406
0,0,114.29570657575177,92.27252581054215,-20.72643824671016
0,0,155.16741161675898,38.688019612010535,-12.325044771803519
1,120,752.0856692169504,6.480004803158509,17.313142638458984
0,0,145.23669573158247,26.509125161683027,-5.46202101297834
0,0,106.52163045283345,16.6184129243399,-5.016525755945494
0,0,94.98963964141522,17.54434628950088,-5.643128459631811
0,0,88.5951618231489,9.151650422305195,-3.1656948363510935
0,0,90.18768531232249,11.755546294348774,-5.56408582521928
0,0,84.88945535151072,18.16137409028578,-5.336918171053682
0,0,75.16117312882659,6.446517081332705,-1.1221740478402324
0,0,181.48110109493308,4.13195620880596,3.570778277766564
1,120,483.95759861966445,3.2908068154553023,12.162906559437616
0,0,200.95743562611327,9.320444964925914,-0.38240494926034785
0,0,163.31605378061658,37.629963726437644,-7.833495551569257
0,0,111.44692109708323,40.47951955156589,-8.246510357119135
0,0,117.16676740913387,67.68157952092493,-15.448298831330092
0,0,121.71146122938704,62.81006650239206,-16.18029523686762
0,0,88.39202532503705,9.367237981550309,-1.4029949482004298
0,0,96.5314002611703,53.35276024383299,-14.534782830901648
1,0,393.7786194001765,4.982378743317327,11.279810269304818
1,120,851.3483227035218,2.760832426579393,25.11070195782314
0,0,145.27121402934472,40.7891145889454,-10.501008771595849
0,0,181.81532210410361,56.10802070877436,-11.879137366533215
0,0,140.26354424885906,13.367136195231984,-2.352019104471651
0,0,96.39727201843701,15.7243721978456,-3.0915874128845786
0,0,93.82020052304048,20.32712611277563,-6.006907402660389
0,0,84.48790382360164,14.262110056655011,-4.369680233057736
0,0,77.34580728725027,10.658287912350286,-3.872449804320027
1,0,313.8322466365405,3.5617160099360015,9.852805120566018
1,120,845.9970683296451,1.9610297545969495,24.719150564331798
0,0,95.01742998852988,7.434883851367436,-1.8381178079238367
0,0,88.94366059784704,12.331154275187872,-3.3567942357871203
0,0,225.7036883123052,128.7005973095492,-33.144702419234925
0,0,130.02231105258124,11.857914083875592,-2.4292704792367488
0,0,133.934441479261,33.0810374381605,-13.079091108045205
0,0,81.89338046633156,8.174621151409386,-1.495162918790541
0,0,76.263587802039,15.327187015482762,-5.555858712325346
0,0,117.12119645445267,62.173051204120185,-19.71306084192564
1,0,365.4320119008862,8.764616015259923,3.3201393098727436
0,0,111.63859117214533,36.78890773682502,-9.558563135268713
0,0,113.3929142225539,76.2376290501946,-16.767315857902403
0,0,144.38764763115663,125.59744898199052,-29.83187602233165
0,0,194.22549468598018,79.6321970404088,-16.384076120533194
0,0,124.15379233489783,14.018915601273722,-2.958146495078992
0,0,75.99069486869563,7.304566685331664,-0.14258223062398656
0,0,79.33487176652969,21.37419374796919,-7.598703155010639
0,0,210.5038704683202,6.464953264561954,1.9981579863617753
1,120,520.3131540354153,5.093638388214344,9.175740677549555
0,0,114.95301658476525,36.3972365335865,-10.656039916302277
0,0,89.67503474427585,20.832074842633258,-5.506274108987753
0,0,125.43248838392364,117.58005474891125,-28.636572158370505
0,0,137.99295442778111,103.26702115477228,-23.0258343993113
0,0,174.16845922830777,27.56518843417793,-6.698449873505595
0,0,163.88315143705472,43.83927817962243,-10.571612935043959
0,0,103.9131807478455,34.20597220506645,-9.501237542599313
0,0,129.50377707023623,49.02622690212935,-16.026891549303983
1,120,554.5666868181751,6.642680272873753,10.23079789383523
0,0,111.88865328391458,24.710708833255527,-8.108165932078109
0,0,99.10157943307276,25.571259581795083,-9.087673206066157
0,0,120.19290552113256,116.09775276804234,-28.798292786008027
0,0,120.94305784826518,104.20539752225177,-23.850770232396243
0,0,117.18493911071445,41.83953934399861,-10.017294691466162
0,0,186.0999440730394,88.12111861171066,-18.901567382124043
0,0,151.26203748087275,54.87383876398403,-12.921132654062447
1,0,275.8452963874365,21.23319651876701,-4.369526998456621
1,120,688.6282281839748,4.635012948936232,14.236741379208894
0,0,104.55189962111841,9.396006332863735,-1.9117602436352712
0,0,89.90451057402991,22.56865879893607,-6.0315041981139785
0,0,109.0969561952397,101.69537646796104,-23.51781786394902
0,0,114.06513114833498,100.99516790058911,-23.623021343536784
0,0,115.5548592601332,21.318534144618702,-8.157935473727392
0,0,112.88630577362294,51.7953237546213,-13.94052319595248
1,120,442.97557105851854,39.43756340209412,-6.101368608315354
1,0,308.7642803615401,17.598572799749988,-4.303086588997232
1,120,473.97887452725536,7.6708925360813955,5.198129741525449
0,0,106.9716039541059,16.433903089989084,-5.4871197838493515
0,0,92.35793968069316,31.4214001129634,-9.370686946407702
0,0,114.90938409606677,104.97074865412613,-27.148289021044086
0,0,114.02391324007111,102.41369904334987,-24.65752927141881
0,0,82.96536349082714,15.51764581061713,-4.4966377420509644
0,0,99.17002655356157,91.80993635272009,-22.200845726708735
1,0,310.91429986570535,40.47662087710643,-8.410920516203674
1,120,532.1800120113317,19.43167756182406,1.1528260994742823
1,120,560.2835970911058,18.36870692497277,1.659081517822031
0,0,139.93646495646692,51.6601365086601,-11.291303016927031
0,0,92.98334435340062,16.760727732841833,-2.640612697874218
0,0,110.2414219770068,99.65261596084548,-22.969396510537976
0,0,114.19497436100126,110.40430851367795,-25.77711939057769
0,0,103.69034784830119,77.42924776889339,-16.967598765501336
0,0,104.16811736471747,90.3541808873865,-21.865605407148422
1,0,368.51145215938016,4.2979369074152824,15.453751717009638
1,240,698.3199232782426,4.213957019958442,14.314098433009235
1,120,675.2875465861651,11.253849097516502,4.928785584393012
0,0,154.05667060866764,37.003387987987395,-8.249680728176529
0,0,97.2555930146164,17.97941097428011,-3.457606751460389
0,0,123.06100764327789,121.1348620408135,-30.42599827453499
0,0,114.01893671044299,110.32217098111182,-26.67048239898466
0,0,86.68589752682428,38.81313910819909,-8.926945961359948
0,0,92.49104767817241,93.02794275547697,-23.544131943725368
1,120,614.7046125483188,3.953282077566014,20.893189043886238
1,240,713.4792260495832,4.5625050259030155,17.61616670412444
0,0,228.16003078597168,77.21564831046838,-20.388915259988536
0,0,213.55361025386273,112.64218627095892,-24.981350971220742
0,0,142.43704072992597,32.317805262584656,-6.665731644193329
0,0,118.73226573513334,98.7143551071676,-23.00761004968306
0,0,127.73883213312706,79.8520125852836,-21.664683141386263
0,0,244.2109825651241,7.525256705782817,3.9083488200540444
0,0,103.46489631927145,45.75596620168606,-16.029649772123918
1,120,453.55578640848586,6.41781776756478,10.837966222939741
1,120,500.5002632670386,16.763148107966455,2.367495646644315
0,0,172.13372743785095,124.39408395358926,-33.12159041422654
0,0,149.6852484407284,124.9968782881305,-29.47067036381131
0,0,208.3501780812404,83.49920204003335,-18.063854953677804
0,0,223.03268623718517,114.14068906250539,-24.308661640263487
0,0,129.98282756124928,87.0348845781545,-18.964758161249605
0,0,79.89330300633753,15.73736569562497,-2.7761354926741575
0,0,87.80826366278266,74.68090730263046,-18.508451938911065
1,0,285.42805196068787,15.797894927675102,0.9352382498537537
1,120,436.21420171083514,17.71183588714389,1.580097006878887
0,0,240.50978217669135,79.88357673157692,-23.974573222187367
0,0,137.50841728451292,104.70318981111826,-28.98607386373731
0,0,89.2344078231364,9.26880939314913,-2.5607827546490967
1,240,408.77772099451346,3.764269912306651,32.208275051425886
0,0,248.3369677331125,101.34915272604833,-20.534752328628528
0,0,117.28617011203362,64.88445613231436,-13.027060035041657
0,0,89.19572352392008,47.70616044583278,-12.478031027177934
1,120,352.5648601336593,14.17499369874865,4.388099936362011
1,120,428.9652004759462,26.546927053263953,-2.5043025942616737
0,0,175.1794202505524,94.09736953089707,-26.750507848424974
0,0,104.28656783871344,106.85055528521549,-27.678401481598698
0,0,62.463574786765534,12.051631631647917,-5.322799451944761
1,240,221.8423774353358,2.748602177219728,17.21089817185812
1,240,412.4344613619861,5.399871793476327,13.152485045484639
0,0,121.00125717197992,29.898085317809077,-7.3128889202350535
0,0,95.0379425861656,89.19112295613886,-22.809118401731567
1,120,295.8536661464904,48.83933640052322,-12.08622072005025
1,120,406.434557727697,37.15369310273593,-5.626531567146358
0,0,151.86753036703854,124.65162197430638,-33.29745089678003
0,0,113.84610716440581,124.68733017823291,-32.09102959831097
0,0,95.47472091548558,56.19713960672603,-16.38552392331607
1,240,556.0297185124922,2.2406622716161837,37.11519571969602
1,240,600.6393300989614,2.404014128787022,29.613727921285147
0,0,180.4668526157587,13.31703208377827,-2.7938261631744012
0,0,159.0690675254971,98.64202180851419,-22.02834583747608
1,0,271.7811607539607,39.49527698522971,-8.286700094223335
1,120,300.130103481277,54.94299904289914,-14.719272006683
0,0,143.0894989059535,141.7223670918649,-39.8272845093287
0,0,162.49966486437893,77.9437029236439,-22.61807712576494
0,0,99.98231181666624,84.20595157642215,-23.161193391606616
1,240,455.69966176900994,2.911237487839878,28.176788943233177
1,240,512.8787402296891,4.272832058271279,9.964930576962416
0,0,166.4022843380792,9.78383309239201,-3.3129427201116357
0,0,189.10540521455587,45.836977474686364,-12.5526509939654
1,120,400.5421199268351,27.72139738713126,-4.95265863099435
0,0,154.4966116982752,141.59300607327305,-38.11680063249325
0,0,136.23379088044496,148.40768504308517,-42.957925533418994
0,0,102.20047236774406,103.45190099426891,-27.990519228247095
0,0,73.53572405809292,32.34113544070608,-11.87168171059659
1,240,311.1766389286984,2.4588506963009515,23.037480076456276
1,240,534.223268517689,1.9356354441102086,29.990970373404124
0,0,117.77788298025534,18.702052682907734,-8.454904130673214
0,0,116.9240623992522,52.604739792008296,-11.48028883565813
0,0,177.79190559232305,61.392394493530865,-13.586487859973616
0,0,225.36272234839947,136.9234617172643,-31.783154864927717
0,0,146.23320327939462,137.17188858687845,-35.71211645707615
0,0,109.43174400732916,111.3941246209424,-27.53379028976756
0,0,71.40067948704558,11.23972663281659,-4.171125177685084
1,240,576.7787409817577,1.5030919834191223,36.87748129781282
1,240,417.27010645657947,2.5070560496404957,18.138939755681193
0,0,105.7210440019753,18.589388823359744,-7.7911605300495665
0,0,106.39216133009369,56.88067086898873,-12.3174200294105
0,0,124.43446180428879,71.96364004900396,-15.269838644509548
0,0,187.35909675742084,78.79036133263521,-16.066463064051987
0,0,178.3321027822292,124.6228012808016,-27.467740892738576
0,0,130.1011420025447,132.39410779874956,-36.02981934073732
1,120,312.7252578637724,3.7453055692930315,18.312686657529753
1,240,353.3751842586645,1.8958274026776674,31.593318177423726
1,240,342.2708802577468,3.8067239417576055,8.898935580528729
0,0,106.62184120889856,29.011072884182244,-10.479635186717275
0,0,74.38157539005606,5.957747052089027,0.0675869507222302
0,0,75.21152790014347,9.29692797932843,-1.5006212409610242
0,0,84.44238954921234,9.897347963775388,-2.2496425390767314
0,0,153.46793241678515,47.97643747298507,-11.079199909235811
0,0,265.5401618300796,148.69454913018916,-39.51232399663217
0,0,78.29547424184284,11.915923671127835,-6.748008057084391
1,360,153.39118730156332,2.3783601378595245,23.922246095345955
1,240,459.31359718004575,1.595551982714988,37.4527662619835
0,0,114.71158121342197,41.361099226710174,-12.124730160494025
0,0,82.13594377548351,9.970973573084459,-1.7370516625659747
0,0,74.40070498856961,6.619462449973441,-0.7044512412701351
0,0,76.18786293207124,6.527622209296826,-0.8138237587983781
0,0,105.80895513469983,32.98209625726462,-8.350038823998247
0,0,133.2745808571124,10.021774377154207,-0.6133929005501102
0,0,152.11386291560132,44.75725914150297,-11.648075439918784
1,240,906.6610325127803,1.9457496701389816,41.97301790819067
1,240,1049.7382317953932,1.898890097710917,42.99935156269639
0,0,142.99670193206785,54.29390894255142,-14.341680813747715
0,0,120.75714649085933,80.59506955344483,-18.793526420439918
0,0,89.73972396141221,11.798606771258246,-2.804890758164703
0,0,94.74551762423624,31.974259996947065,-8.446930647463873
0,0,79.3229972453783,9.354386168668242,-1.8874223618180253
0,0,144.22110959751947,29.83118297273506,-12.69138643143684
0,0,173.1684488384567,9.912355733470548,-0.5163108548210289
1,240,707.5198148158217,3.8849854448083505,28.790551644137068
0,0,227.04118449613978,10.856948187399844,-5.083262066703568
0,0,118.76846176953559,6.01402302986536,-1.5453921642431538
0,0,80.74581427259797,6.096344662552816,-1.120181998025842
0,0,75.74657851954585,8.17396055685636,-1.7689350274997935
0,0,88.52146610763089,22.865787370256115,-6.527191712937096
0,0,92.7459162786941,24.668331512188463,-6.772826778511998
0,0,86.38147901513057,7.017257689601098,-0.8551072739173691
0,0,113.89960202389351,51.46165130921612,-11.889134603267522
0,0,165.1748839532157,28.788932624049785,-6.945020198542437
0,0,145.05943378671935,13.034383347981908,-3.2270098126010396
0,0,91.30858342872088,8.718017025724192,-1.0074541711285434
0,0,89.17443440628544,10.364719512494307,-3.3579144335607225
0,0,81.26161059684463,7.231151347239608,-1.436585029553484
0,0,77.38193530530225,8.20771405067105,-1.6411056664657906
0,0,87.31033863456958,23.26264586514874,-6.060824846443097
0,0,76.45890241986974,11.655655734395811,-1.9458892880680878
0,0,109.22899860323137,98.38807193525996,-23.49271909307801
0,0,132.43583723375252,112.41417646578152,-25.65350133909825
0,0,246.64605859327273,137.2478677898956,-34.09195645166578
0,0,206.20385413210653,37.625617519651605,-12.400774368461072
0,0,98.07803538602812,8.627007491722525,-1.0957437211251175
0,0,85.06870110659008,14.688058175621826,-3.6651762285395506
0,0,80.96075160748174,16.286447917314952,-4.148462308576498
0,0,106.02886333118254,96.10680430624457,-23.009623235304502
0,0,111.27893204797364,109.34795645667899,-25.623763258579913
0,0,121.33601097589424,124.37147212692167,-30.455102280841842
0,0,151.66190560411266,149.0630959142654,-38.96344822336956
0,0,152.93449151767248,122.89412280029731,-30.30453607537457
0,0,149.56735343359298,14.035687663798347,-3.164928663345563
0,0,123.70814920792594,14.072227928077181,-2.954886296841636
0,0,85.57325206092536,13.450140983761848,-3.8666004697191454
0,0,70.56857312586627,11.208326732709953,-3.029548535243194
0,0,153.39321645601308,19.730320446887248,-9.774158935074837
0,0,151.3790369393963,76.6410610023608,-22.374703591544304
0,0,122.00889672911966,130.9420415554553,-33.94471385185701
0,0,127.49536760733405,149.63123610831994,-40.189710760706134
0,0,113.1859744768561,117.29647558554089,-30.286221898566374
1,0,276.0907673955625,11.895346872762273,1.3269323100426789
1,240,713.485211488407,6.664742506532055,17.736218088164307
0,0,169.49694892297535,45.939755879679886,-11.395497261728195
0,0,95.63410589628597,9.253290835862423,-1.522850826025092
0,0,79.39903952498065,7.609292996463106,-1.211282610359973
0,0,101.3047083707408,92.75574170156641,-22.79527973206605
0,0,115.45540801997944,132.8235303562808,-34.59058184366874
0,0,121.17404137378358,150.26306772474402,-40.3966620154291
0,0,92.42782648059604,110.37613036569468,-28.633655416997705
0,0,127.07312210485519,6.556225863197783,1.7345152131808845
1,360,235.65869737058662,3.5547881148062777,12.42843570339764
1,360,356.6695788561298,8.988825596854259,7.051528661676329
0,0,142.98411890726783,29.76359656936706,-7.668044453987548
0,0,100.98324042724597,46.81603996898104,-10.50911963755101
0,0,101.25321999358609,89.60693654391646,-20.6024714544144
0,0,111.66425600831403,122.82581082586287,-33.11910167294649
0,0,155.1965452867915,184.58104860951488,-53.59542927066948
0,0,106.1736134606164,145.975989565907,-41.32747767392738
0,0,57.861242777687345,15.16234882056761,-9.073279721465596
1,240,164.80030657621802,3.4543177297162653,8.86077488090126
1,360,168.30729761251195,3.653582872934084,15.77198299584704
1,360,359.55020732278325,6.405883747934666,9.352140123182792
0,0,151.19705919424774,14.388840428905251,-3.4554508991413684
0,0,141.48828066000365,122.08167091581143,-32.41450784124835
0,0,158.24163728839886,172.99827757168492,-48.25484147138645
0,0,161.2611438062462,184.70275683874925,-53.15512813821899
0,0,99.63623329043189,119.99598981178056,-32.88833036367899
0,0,57.79896814098557,9.760868407158533,-4.66155516050469
1,240,319.5257592849781,1.6665103963936299,33.378839453235855
1,360,197.19418165411713,5.870620315989551,3.395646980556279
1,240,281.5669678048861,6.001348548717815,3.4711229475292384
0,0,183.66956117305946,48.338349433080616,-12.56012250175732
0,0,271.1409228488651,159.78407623509153,-38.62576671809507
0,0,232.83837673450626,197.12268527538708,-55.595341605285924
0,0,214.2055696433216,205.20455064899684,-60.62206795383898
0,0,95.27010506175536,120.42523909860935,-31.675906496007933
0,0,52.909108347197495,12.084361745376361,-6.305778282240652
1,240,176.52775370619673,2.8041018210285173,9.853122157671748
1,240,219.51247735682205,3.3764341282626247,5.328136090685533
0,0,182.37213795559254,11.24684336593842,-5.347618173372368
0,0,119.37054250212948,52.50642671740874,-11.983875858365906
0,0,178.97915365841024,63.48525189248753,-13.336953237998117
0,0,250.59084820414066,150.07173355158173,-35.529783133613826
0,0,191.45489400194754,180.4834564030142,-49.36000904421008
0,0,118.38506493911952,140.81992995591517,-37.944015409865436
0,0,62.72249036012832,15.749175176937708,-8.150030681890954
1,240,238.03271738830912,3.67221398570357,7.277089994506184
1,240,379.95436422406084,2.9501548095677217,10.327494211085664
0,0,162.04754884807298,15.315213287983342,-9.339966050861591
0,0,88.00321552674531,10.902244036861024,-3.1513753270752147
0,0,124.40994191001629,94.6021431851491,-21.32430682071299
0,0,261.2134830845599,147.6169930709799,-37.5252463808464
0,0,323.79165408547277,179.50664281804487,-46.17866586098446
0,0,139.98208125538162,146.40421366774643,-38.69596930120923
0,0,71.52868625825454,23.957872899825702,-9.797038446205676
1,240,364.32717697921,2.4342611470063726,20.848423404555874
1,240,331.5800929943565,2.435685215591999,14.574269649882282
1,120,369.50224633376956,3.4327425942956644,12.124164625116293
0,0,119.37972470941598,78.15809653945506,-17.92592267687425
0,0,118.04827064469708,100.36059283137651,-22.60064536890104
0,0,170.5364994844503,159.1447506607872,-41.70286545897779
0,0,237.50116961094568,145.02272635724344,-36.595001389138446
0,0,188.90180960607972,137.2808902979344,-33.84852479397576
0,0,76.36765848598195,24.019768443560647,-9.776642392403119
1,240,271.1438702240435,2.029896059911442,27.88479776884745
1,360,245.566163000029,2.1291248972469075,14.616034004611649
1,120,403.30956918663856,2.178222323968512,14.604219088471098
0,0,81.79247821070538,7.129881390053991,-0.9679989033193124
0,0,109.9990457128181,97.4307874023774,-23.526383149755738
0,0,147.74570553247506,141.41336767252503,-35.74026935206579
0,0,183.15379318895876,161.01009640783596,-41.670221204990185
0,0,270.22100171145746,156.06889246886178,-39.66473430126449
0,0,105.54583388367865,8.373107253304935,-1.7282538828817025
1,240,215.14546491559202,2.4848785277934655,16.24722161734998
1,240,414.9446727850668,1.419500826978288,36.59537111322264
0,0,193.80680870583214,4.15090633820727,1.745664351399384
0,0,83.71360002409382,13.008032664438376,-4.223758621189546
0,0,106.09132501284755,95.66137586757603,-22.816753712028117
0,0,127.26602781028052,133.297093625257,-34.1259164096422
0,0,132.8083514481253,130.54510725463035,-32.36710550998859
0,0,143.3972275466937,108.51131886997841,-24.997176406748892
0,0,186.68786606871868,41.32427920244304,-10.012068863173226
1,240,489.0439519813546,5.521733439478499,12.395643498760691
0,0,267.10399375549747,4.554653245973206,4.214025429504176
0,0,88.97692626115847,7.667256558685016,-1.8342552391855804
0,0,83.8299363232022,23.264517549715652,-6.386733707191141
0,0,105.09278831058566,100.06590990382519,-23.604268598732318
0,0,131.34100071556608,136.4023067620197,-36.328959701857464
0,0,138.63687655184972,131.37072771250118,-35.3005705901162
0,0,133.05426456252806,85.82022085603205,-21.125809888809727
0,0,110.35520199495086,17.788320463043117,-4.6275159432518365
0,0,137.73420889529402,10.750581634943426,-1.1532225483956182
0,0,156.58718491230405,22.991993418141178,-6.20836863150231
0,0,127.0308045989286,8.930245660206504,-1.8518877862164373
0,0,123.14240054243484,60.55085118006764,-17.348286354169332
0,0,124.02649973536671,122.01620346874195,-30.63453999873842
0,0,126.1681872366238,127.99261321940558,-32.5198117159196
0,0,134.71106350270722,133.17965940668262,-34.490308291075216
0,0,126.55232091083447,92.61164545365509,-22.968455967124278
0,0,85.97276876635551,7.462347708928947,-1.0888904356893931
0,0,105.7158974314715,7.187270090622515,-2.807268536457741
0,0,185.14369086852898,12.591572018881376,-3.97171412212694
0,0,128.19969958650117,13.065091970181962,-2.8419946674396925
0,0,93.58940971051453,21.753862345257883,-5.312522165767049
0,0,106.61069786351258,83.02337181270033,-18.58347348603246
0,0,141.41537846857213,148.58959040219003,-40.23179215254124
0,0,135.44424575044738,138.4742200648197,-36.680442889135136
0,0,113.38621461205226,76.28513410111181,-18.987901869968567
0,0,89.30789382157441,8.851638518202467,-3.8498027870667215
0,0,63.66298644349276,8.230535246104075,-2.5711181642961947
0,0,63.576203248576874,9.712851666198201,-2.4065547706105406
1,360,214.60845315809016,3.586743925083222,41.71539355606707
0,0,143.83816620943855,27.91776724008302,-6.0612792662946475
0,0,120.52912167657769,107.68034867916994,-24.457040289701155
0,0,122.03501500762351,126.60059971372976,-31.21898205131319
0,0,116.2167263646148,123.18983813245063,-30.30569326081052
0,0,106.53984749864755,92.44797683598135,-22.698076155446444
0,0,211.91917735686417,6.809658631699433,3.5855839106045835
0,0,86.89207775661072,71.39678494599248,-18.78734948082976
0,0,65.4784391887069,64.84715239400292,-18.3432597549657
1,360,126.55336382820528,4.022291647068065,34.643585011257386
1,360,219.389141041665,5.501908834500844,32.24993372712001
0,0,307.37615734098756,170.75680444732842,-42.754091810235785
0,0,158.21045179179987,143.97150744480408,-35.74948456393927
0,0,123.22429222816045,113.0001130048985,-26.4220362710722
0,0,107.09033782956132,64.47776813486492,-15.01028036604093
0,0,72.33434559523704,11.0962287102996,-3.7542689392040103
0,0,53.517406907811946,5.675853217035297,-1.330034142266328
0,0,51.630814728244125,42.297569616462894,-14.538386486003546
1,360,100.2138394729868,2.418159154776314,35.49096178747689
1,360,133.96732738461677,2.199358642310684,38.52666605025361
0,0,130.9853318839436,11.454428887066456,-0.7644557974830235
0,0,216.54734991101594,136.12676302747468,-30.72764322879047
0,0,134.48736906272615,114.90616292779396,-26.143661840377966
0,0,101.72280487585317,51.17188493784636,-11.288106226110841
0,0,93.61297170785404,66.20619392892814,-15.86271388409699
0,0,81.03788214868841,77.01203357627111,-18.451940074813066
0,0,65.77313136231193,69.76431502301445,-19.436726016611672
1,360,126.28704580872139,4.05957598267063,20.096337414418016
1,360,210.54225436198948,3.2407534669026936,19.26633427159301
0,0,103.94596462867585,29.055650382189583,-7.6223594070505385
0,0,180.53375803230807,65.79903665665962,-14.323821056791076
0,0,155.53904161857827,44.56042362353842,-8.94090087796424
0,0,119.82617269653275,81.48186900849993,-18.854011816263167
0,0,71.89289114183596,11.645340712891562,-2.2796025455690767
0,0,51.34946509535047,6.914018583078449,-1.3700019533965104
0,0,43.86128436473555,15.730691163774976,-7.011006188150276
1,360,92.16638296621485,1.4973754039161766,47.92814779126253
1,360,117.21401610045505,2.213357922370585,26.617558185594106
0,0,89.78489248602098,48.216781986291956,-13.570493337989078
0,0,88.88153332990419,16.300360110797847,-3.1714754795790725
0,0,156.53270381573745,39.09559923161624,-9.231845829901019
0,0,142.3518615872706,21.312722356474573,-5.269394551483003
0,0,89.4881201457035,32.75517300378373,-7.337638950289758
0,0,61.75600069490219,15.81526531559407,-4.53502036765245
0,0,44.64053351971096,10.635464009562536,-4.121720228707403
1,360,102.96964660083565,1.389988291534683,41.78573352192707
1,360,130.47145702159207,1.2764026905091004,34.14176811238998
0,0,57.56333683153203,4.125567754105297,-0.2577036876696326
0,0,59.39702362664782,10.274501428524069,-2.9723656092713924
0,0,66.36540073637931,9.23967103668988,-3.4271077818882816
1,240,272.11321657598097,5.404086693558182,17.157318900988216
0,0,138.44392550219087,63.98641574043888,-13.781312445402065
0,0,76.36384390233762,31.862832496057067,-10.2441347406225
0,0,55.80563563572668,66.51069552961738,-20.34876779449843
1,360,85.72569937399815,4.547626306783107,22.378338797817605
1,360,108.60452915534013,3.720083852670043,19.25426572576788
0,0,70.05018651228015,27.964283204073837,-9.283073742236695
0,0,54.0932049890555,7.932368855472579,-1.0705287033153326
0,0,71.50412101974854,43.29467753245477,-14.255494276552525
1,240,262.80735556468056,4.66899747035417,25.33921173573637
0,0,306.7307955375049,142.22026045530782,-39.778740844488276
0,0,108.26230488895443,11.10159288246244,-4.601492480822415
0,0,48.13388444376105,10.456820110450359,-5.395485492387223
1,360,82.66286644102857,3.030443444469203,16.84840851305954
1,360,209.79742998229472,1.6151368739929874,31.13056024998339
0,0,84.55586916160938,30.064286214602745,-9.751025794259405
0,0,59.03354991883181,6.520861042095616,-0.6333133986940425
0,0,68.39246368334315,16.77645204908768,-7.4760256469448905
1,240,430.4169868003519,2.3555405217167573,41.9284107874132
0,0,188.31734510820587,141.36135758334453,-37.458240588548435
0,0,267.1578173606781,158.78797184525123,-41.476448125962435
0,0,135.30098064466108,37.25952901366614,-10.064855541278789
1,360,185.06056355244013,2.075623958064237,49.52782191569038
1,360,169.97420831676462,1.585924742117469,36.4356161156407
0,0,63.84179009229536,8.084580850399458,-2.59894873822833
0,0,51.56509392979532,6.238225843072881,-1.2496123964438368
0,0,51.096347915848234,4.740740114451639,-1.5912251618294988
1,240,165.98855221544252,4.082054246505087,11.224075146115894
0,0,132.30288794109057,126.5651658550821,-36.22972708776112
0,0,135.84642642959645,125.06116171873337,-29.869212425484193
0,0,213.5205089633978,127.86414743277629,-29.893264973906263
1,360,394.5397223597027,4.450975096759235,30.50540534907995
1,240,370.69459562612707,4.058811154960669,11.709363843870747
0,0,104.5431368479919,36.63435027025426,-10.201715175874597
0,0,62.201785522603814,5.888576846206594,-0.3136765886878692
0,0,58.992116625458735,6.72200757123478,-3.097780204350016
1,240,283.26068828720366,2.759113707554472,20.955116958540614
0,0,115.61198165830199,100.10757428814786,-25.14314029023118
0,0,117.15948965965492,119.44446916593445,-28.622411167647492
0,0,138.46282271150767,129.15531738963577,-31.138893194451732
0,0,221.53034109241182,121.41351020877713,-28.4924893617156
0,0,155.86231199535527,65.45349155833145,-13.474151045506716
0,0,90.44419197327987,19.11919467940399,-4.951554285076014
0,0,61.54006011885194,6.843955852588168,-1.2704047466285573
0,0,57.84252694530459,8.516863276972426,-4.945424901031728
1,240,199.98691032410443,4.168269506513636,14.25372400017298
0,0,109.21600748032972,105.62515599915477,-27.456966915095208
0,0,107.57062395093762,108.52495671818245,-25.20720292139753
0,0,120.03768087375704,122.46250548053526,-29.311475465116175
0,0,159.26600886770515,146.83616308968814,-36.91064353161231
0,0,249.4044163342567,146.7090257117775,-36.44539686289192
0,0,116.64501398620935,22.294642012456258,-4.948558284426781
0,0,77.9907609926313,29.40075688905223,-7.014076164124177
0,0,79.21119536962128,76.78902696262648,-20.149066121593364
1,240,264.06008070396143,10.420927806402503,11.378208019022722
0,0,109.97334686847425,111.01203384362594,-27.696187263230662
0,0,107.64316338850104,111.30160528545547,-27.607226651360264
0,0,117.07937773509474,128.17038896010246,-33.142900591683976
0,0,140.35374526537603,148.75978554965542,-39.69031919569764
0,0,145.93370461703714,118.64185039381168,-29.11333255798099
0,0,236.96803478540926,38.16898361306443,-10.593874223818602
0,0,120.3185543921988,10.384031073751474,-1.9891542850979533
0,0,78.82609813044846,8.134778816816988,-1.2649358565545583
1,240,427.81250471579636,1.8689693157359926,46.5849989569917
0,0,128.41921102094062,110.26411807618396,-29.193194204916672
0,0,119.93846769082923,127.28542328664811,-33.765371245092155
0,0,149.06982516742312,159.7185077134456,-43.97843891505851
0,0,154.1408521781857,159.29340248425,-43.04518999677368
0,0,132.31819161990143,128.9124785001751,-31.664250098420254
0,0,132.95980118806082,83.70706190644025,-17.98269873856036
0,0,219.34050935122164,126.80898661185655,-29.889671886707887
0,0,142.464303950326,19.303294800739675,-5.711439388015066
1,240,454.0846362039552,3.866811874987478,26.337720100261706
0,0,152.4009712661512,119.12027968168121,-31.38237769165937
0,0,122.27191595561543,129.94752548038733,-32.95658316859286
0,0,136.95446945579374,146.46822275307042,-39.93298468038212
0,0,136.959899427757,146.42177176559304,-39.08411254581387
0,0,121.1322453265424,115.40796210165423,-27.956601541884773
0,0,118.15018180951895,68.39062489412098,-15.594796393940385
0,0,159.60042258986812,126.97200546439616,-31.653956960387262
0,0,302.9339641605919,155.06854294681187,-39.421080717600454
1,240,554.6928798200436,35.60020935142351,-2.0073205112568075
0,0,163.83803392470867,118.99649942363021,-29.256622761871547
0,0,127.10665416553852,124.58710751610028,-30.166186366381787
0,0,122.6507896987385,126.20008448505453,-31.212038938697503
0,0,134.1339787788377,137.88986462086243,-36.19468920362519
0,0,117.88642573922859,98.96592250826336,-23.387330675178568
0,0,90.47822848856103,22.93555951133919,-6.565167474252874
0,0,125.47589415145455,136.12804811851774,-35.51535266135093
0,0,163.78858603806205,164.80837791510783,-44.92090832916859
0,0,296.8974677298573,107.22014169350633,-28.409626430178918
0,0,270.7084522217289,148.42242749201722,-34.81935053521833
0,0,152.35408532869812,131.81271239595887,-31.422768218930536
0,0,144.50435235216233,139.86858716420357,-35.24570731896805
0,0,176.59277733705528,163.32847284562254,-44.1954983695028
0,0,134.57583566231122,114.64873320126587,-28.313553619236444
0,0,96.4700835214015,16.215314879256514,-4.37287702387394
0,0,124.96354965698413,121.90978637899731,-30.73993898454139
0,0,140.32234438366785,140.22142407125918,-35.39956542638324
0,0,136.63212863580378,118.38101301013572,-26.637864564755866
0,0,202.83600187634917,115.84863281561844,-25.560081071940452
0,0,291.0741345408702,156.35711384313484,-38.396680989439744
0,0,201.85012755129597,172.9548443822749,-46.130571332043836
0,0,165.002847931265,162.2995192184459,-43.93303655954079
0,0,128.748784246176,121.83448581956472,-29.881878057858465
0,0,110.6505743320586,63.41249263669063,-14.706136102601874
0,0,111.13792281780465,106.2361590332238,-24.646205762792164
0,0,116.41714787674502,120.50767985490474,-29.195767489424924
0,0,119.5658741240478,118.829235438881,-28.263519879999052
0,0,132.48773370900886,117.39087202030419,-26.57064741438741
0,0,209.29039076314538,119.90204099299855,-27.147517564086783
0,0,215.96132103708587,143.54020778799648,-34.51680202521148
0,0,194.65787462464934,120.63330111416909,-33.42259072636702
0,0,130.10504160662686,126.87812162212757,-31.741385226246585
0,0,116.56616036412916,114.12191806974175,-27.727394282338913
0,0,136.05097426697643,148.69798566578743,-39.95585890756119
0,0,126.76220803171064,146.11017328571663,-38.71537725603223
0,0,114.88119131887967,118.64112843255154,-30.509828169244173
0,0,115.46780966784542,126.03817745285555,-31.511358954177567
0,0,190.8283047111395,78.42591528851658,-20.110551397197824
1,240,1282.2620102377819,4.99883359411328,45.89457668392011
0,0,288.7604676979543,167.4580479359474,-41.58446266788775
0,0,167.05479919439864,150.14502705871112,-39.86142412166504
0,0,77.76270783820371,17.120899766300447,-7.635305088868222
1,120,239.03511968647805,54.25003535677271,-19.279977587582493
0,0,155.26843856902735,164.9491314823847,-46.7453881813243
0,0,95.78324308031227,118.19440768322734,-28.89915814119893
0,0,94.44338899633497,105.79205178366132,-27.382151442092542
1,120,377.12966786944645,20.180383876845887,2.090542598974153
1,240,885.83451674844,4.359661436576735,37.104427026004416
0,0,420.0702035645127,127.77661684959692,-32.57747019755002
0,0,216.4571375584406,113.17158602379433,-26.223660870059476
0,0,96.0556825713205,13.988826963305815,-3.232436431060947
0,0,117.51225646033254,105.65332692752543,-28.044415536222743
0,0,125.73129554672003,141.8476851274,-37.22172033976353
0,0,97.69011546831906,109.76297588707043,-25.938871721925786
0,0,97.4211108029995,118.75609354361622,-31.2146756306269
1,120,414.4127395817185,18.704305202039368,3.9041005228371404
1,240,978.4843939405523,3.041752967609295,46.41857561228572
0,0,201.37732322844943,120.41845988237664,-28.708793211057873
0,0,228.08616502957798,117.98394153667135,-26.900709461220643
0,0,161.88844726873205,59.31784964193764,-12.042437895747682
0,0,136.93213742078828,120.958891203267,-29.333847716877834
0,0,115.0725779924823,124.74166498267104,-30.070747629650782
0,0,109.95302131580178,133.0870895339075,-33.947868371059116
0,0,99.78391945898576,114.4239722217591,-30.65035486636304
1,240,549.162878477656,7.296426572123586,14.358050343768198
1,240,1182.4779434100374,2.449095645999098,50.643549466111025
0,0,174.76335289988975,123.29719377183345,-30.13436112491734
0,0,147.02492493260087,127.2529061514914,-29.820034686432294
0,0,244.12652893020498,147.2774546903361,-36.85058085193003
0,0,252.7207575407426,150.05170634622544,-36.01398333730565
0,0,123.03061567076539,126.50108457363207,-29.66303791167028
0,0,108.05799510880043,131.9480945714603,-33.145098715617095
0,0,119.81158318939974,107.79371825584971,-31.151178382299122
1,120,514.5563861812262,5.709507441176721,15.039299676580413
1,240,935.9560373281248,2.7860769301046546,39.50889984335102
0,0,171.4585858090082,124.55167365745261,-32.54656436369222
0,0,124.83963520284976,114.8516909507164,-26.50589786949196
0,0,137.53953476476164,114.3873038093566,-25.445466874264
0,0,214.27258842045475,115.7771947489276,-25.79967658065103
0,0,236.45888705940152,161.07461086604206,-39.454290354426625
0,0,127.8489506042149,143.94707627576094,-36.348124594899396
0,0,104.93319928073447,119.28567378676667,-31.69548882123909
1,120,526.1380289283419,7.369429489845786,13.551011255302228
1,240,974.6535317163873,2.4723906285090886,47.30399684119392
0,0,157.1521287176503,102.96299604851474,-25.672158972770994
0,0,121.68982069394266,107.32950438519234,-24.52605926762056
0,0,131.34357400081797,126.0116092784824,-30.075952322136672
0,0,134.2588227897591,116.75958187482522,-25.86090701367278
0,0,206.54187272083385,115.93911622035179,-25.67748519614741
0,0,281.8974592508501,169.54669630075747,-42.67571231176944
0,0,143.5753963762271,139.22194090272143,-38.333569469590614
1,240,444.93403384820544,13.652577116201938,5.9594520793438335
1,240,1121.9590807741456,2.569707396569652,50.53170934310977
0,0,167.9710701210084,109.64258884694209,-28.50629632767054
0,0,124.35080169345615,116.31340259644614,-27.850082358308192
0,0,118.96828247057175,108.3549131825817,-24.698643700081412
0,0,116.47171966177866,93.56991907346402,-19.804515479027856
0,0,135.3759346626591,119.47933267518661,-27.03280825527861
0,0,221.22975416845,132.2890624353992,-31.63223991864413
0,0,227.7377399392593,124.41522297928616,-32.760617249583746
1,240,653.8359152186061,4.400492858095524,23.3783689404505
1,240,1079.080485302059,2.627923870845505,41.59718098724049
0,0,163.21102519974065,108.27779328077355,-26.9251847257837
0,0,125.36150198635806,118.69765077960788,-28.506333315332874
0,0,118.27172702745221,120.03982729949625,-28.829336002611647
0,0,127.16478547290298,132.02121480788728,-32.920197876757534
0,0,138.39442093525236,138.8079683161572,-35.02789754337351
0,0,179.7613076783451,150.37456742176002,-39.995081681492884
0,0,164.23605427043287,20.263550204207707,-6.564253350597994
1,240,871.5909861171407,4.187581518996592,33.5172367177945
1,240,559.4469506385459,3.5897008076692822,34.48976917545629
0,0,148.76171110069805,110.86432056980131,-28.52112838026737
0,0,117.96963240772608,120.28584281850154,-29.16320249471375
0,0,112.57353258690435,117.06417011086566,-28.023924371288473
0,0,147.369858516939,159.37922923885546,-43.55130803237561
0,0,204.90986574032826,192.3495827962239,-55.635312058391975
0,0,164.43004823746253,158.89729121926163,-44.050873967792256
0,0,108.36477152063684,25.73453112077573,-8.79345220403674
0,0,211.7819883783687,122.80394983890584,-30.315236077693264
1,240,599.4281856218125,6.497097235992322,34.870689258001846
0,0,167.94140365623213,113.41297377112213,-28.054840773049797
0,0,134.2051805615125,133.1001425934908,-33.24027853871174
0,0,120.03235292631919,120.22341482833724,-28.77958231281766
0,0,127.67256153584691,134.7257105668219,-34.162243578008145
0,0,155.68675045924888,160.07772675804085,-43.590448905054984
0,0,135.19129294379164,130.2615930677734,-34.637577310642804
0,0,101.44012892412924,19.465301102611928,-6.680981128979383
0,0,133.4960534296513,118.06734972105531,-28.032405113866993
0,0,209.2154140730306,124.26173401538041,-28.74829075048121
0,0,213.35473044567198,126.48397409176675,-28.5351044326787
0,0,180.45963154657167,171.20714944217852,-45.69321071874908
0,0,245.5455540458971,211.11676360440885,-63.03107968574942
0,0,223.96754829953557,209.6643508197097,-63.73353087500794
0,0,179.02836348783092,159.14082319153204,-47.971378595145104
0,0,145.12441207334436,136.45937058002116,-36.64734949924773
0,0,99.21813678531953,26.82462764707363,-6.859974994927924
0,0,145.6109216907704,129.44619558134613,-32.585850545045055
0,0,159.53892447316525,125.5854355466218,-30.82490492887947
0,0,183.75545448739265,25.504313919045458,-6.891720977115924
0,0,265.834264528649,163.50282648994636,-39.81567038335512
0,0,255.98157473329104,202.76651635195466,-57.941183693877846
0,0,293.32062390183563,218.0899275100469,-66.44585596894281
0,0,220.64145808284425,200.09990911995217,-58.977945227186495
0,0,138.52425281186024,138.51313377674126,-36.3999654456395
0,0,109.83441213698852,56.869451591006154,-13.32634306285938
0,0,121.1480477919219,106.77472047445039,-24.62426151112325
0,0,126.34853258936586,92.17306120773267,-20.671855025005414
0,0,105.70672656024337,18.918502083407137,-4.019782231308753
0,0,148.75672323501155,14.860228789585273,-2.96815958366858
0,0,269.21528928424203,158.22204085265275,-38.38929930882779
0,0,181.96999128461857,169.83340155638425,-45.15944176357494
0,0,140.26015476740392,152.07253367025794,-40.78952911290925
0,0,131.64589534171168,119.23595231478083,-33.22044786774776
0,0,93.53814805452737,24.707714498929096,-6.936312246038142
0,0,107.79917022390465,100.70647725149695,-23.78737866310371
0,0,133.66596960868523,101.44598217025829,-27.76553384615933
0,0,119.40282759639118,11.990310949566355,-5.2757511454530714
0,0,122.1785975230444,6.374937329744555,-1.4668198015374685
0,0,184.846334721205,8.018839058051116,0.32623110553596746
0,0,300.4560831760065,174.95017203459926,-44.422776986655414
0,0,181.2751022420807,167.41574100610322,-44.32223131054613
0,0,136.12464731037767,137.3325682849352,-35.53780945634079
0,0,119.4965201188887,95.67171435282123,-21.910482009465795
0,0,123.09213645958499,111.47496984285287,-26.522225280437524
0,0,126.83106325030109,106.67108293555731,-25.63011985254999
0,0,93.39284812626215,12.091544357463178,-3.3859246618527834
0,0,78.7927871229035,7.162001446517617,-1.2536810393008295
0,0,83.71667209591436,6.876011834989956,-1.2497920508037623
0,0,152.43090979632856,27.744689662286522,-9.16003692545111
0,0,273.9808548659401,159.79520887772287,-38.72830708599462
0,0,175.33480360274518,152.3342590662839,-38.53345608080736
0,0,123.30213694104496,100.68611794396101,-22.282429941918934
0,0,122.73666034095494,112.92702164692193,-26.37887166912582
0,0,130.5510248153501,110.73482237857,-27.44474513466897
0,0,110.9864957499859,29.32348898518575,-8.831686878988876
0,0,109.44193512381135,5.273609793593604,0.40790514792612953
0,0,84.1318949102278,7.530529730336563,-2.0331696032780684
0,0,100.73710059167564,20.045149703402775,-6.133024763323405
0,0,195.25002497010377,92.73895610226816,-21.19141543389067
0,0,247.58629394729445,132.88557570697722,-31.656841998049487
0,0,104.83337395065422,21.266507811309868,-4.900574718473166
0,0,133.70662071403018,121.43259886449522,-30.36022892694941
0,0,124.2021066157066,106.16065632463837,-25.52560328669132
0,0,91.0879837326771,18.14218435999126,-4.679927460782267
0,0,95.7773483299555,39.84370992859845,-10.369935064179785
0,0,66.05745104250073,5.314001721195283,0.029616473358217377
0,0,57.719445691461054,7.0407281989424595,-1.314811077239085
0,0,90.16903749629002,54.38631276423673,-16.577009051230732
1,240,385.98253998794576,9.028543393129283,13.09994142916014
0,0,176.28147783792588,58.766393972604945,-12.562627094892662
0,0,128.37922874303996,108.70085535960295,-24.146782494073094
0,0,124.01867785508561,108.18757700170646,-25.181919212214837
0,0,117.55523145764508,71.60546062862332,-17.29840056558129
0,0,76.3585556311041,6.0058544894326635,-0.06156339825236046
0,0,65.40598477158132,7.128592689204641,-1.4938842024640593
0,0,67.603530700498,4.229381271055544,-0.5698531380285914
0,0,61.40582985159323,9.687094795791134,-5.483547832458015
1,240,214.4058551227513,3.9610111240815993,8.286208534170271
0,0,144.3932249718788,11.01890304953231,-2.395564150944921
0,0,278.2967416838835,149.90718414117063,-35.80552087237866
0,0,136.8103428095707,99.02839381610328,-21.895005314753973
0,0,118.88243450047207,75.63952024423168,-17.33620195648892
0,0,73.50839848937177,5.918328418511173,-0.06598606587742495
0,0,58.09237367196466,4.400476613967172,-0.2259629894333841
0,0,50.971951679232795,5.322435131165292,-1.4416100676794485
0,0,68.11188490241923,4.3364336867090945,-1.2664576346621033
1,240,141.96967771510103,3.5650074764435584,10.836666370806213
0,0,82.16646611266736,10.99908521294147,-4.040854630936877
0,0,215.08833118136485,127.33259623538565,-34.34589788941105
0,0,165.92928730224023,26.948299610935603,-5.410497199343965
0,0,106.15078263904229,27.281316876497204,-5.800399999885457
0,0,87.98977096150851,23.15663307370979,-4.956711421996047
0,0,65.88839073587438,8.946562887137242,-1.1483718806778143
0,0,52.11757940698369,6.959922233675509,-1.0766686552631484
0,0,73.68462318489328,83.38326950088009,-24.91690789552751
1,240,231.76174592607555,6.325892696440099,7.481304162216276
0,0,80.52959029508825,10.59635085584288,-2.690725696388043
0,0,127.54176609427687,104.0858840552482,-25.853879357828895
0,0,165.0707395848933,31.231582058447408,-7.475629350562713
0,0,150.7561658757364,21.34416376935367,-7.060849705124227
0,0,81.58568583376649,8.61730162503152,-1.2365504676873798
0,0,61.96833073635892,5.292391164550357,0.24780140952786667
0,0,57.91304856447666,10.038379486137424,-2.0297773062466575
0,0,80.27032897194493,86.58112470654395,-23.509368825081076
1,240,358.91770060950176,10.139480233652698,7.54119247149039
0,0,102.52328930218592,37.03891570159888,-9.639999399829563
0,0,125.15757763218892,121.83639179729148,-30.2654506841887
0,0,128.86392459112548,78.92991644422027,-18.091225823806624
0,0,226.40591178461392,129.97251977921337,-31.822467466039363
0,0,167.9265760918732,74.56233960487768,-15.32276270536093
0,0,99.54145250633005,42.39857921636907,-8.01423840555114
0,0,70.92603872274172,21.353419312708663,-4.307868565342133
0,0,72.3271188580208,56.55288240785369,-15.813747503115579
1,240,223.61427137623093,6.337801898651895,12.427664246440344
0,0,94.64159430905221,43.14170116104372,-10.998910262207374
0,0,113.35007525794191,98.59951994912974,-24.06055368526382
0,0,87.56303071188262,11.861936310546147,-3.0906944250367445
0,0,155.97165961447337,119.6583068715753,-32.8956909084839
0,0,430.63015004209944,8.30547302000345,9.598382843210373
0,0,180.0656808458053,55.24504236549758,-13.841486088071349
0,0,78.95140691976336,22.569286905232392,-6.173129957199407
0,0,99.19459179206758,17.971335837585443,-8.943933866275799
1,240,178.5688676975206,4.594852500163586,14.657650408691666
0,0,87.28346650818355,35.01349309414558,-10.425099520578385
0,0,110.22385108652027,108.63530849679485,-27.919323262201615
0,0,81.22140726580561,14.216378323083022,-4.673121730912399
0,0,99.8880524912498,105.90173213830178,-26.81351368923886
0,0,96.02999506303505,41.21022015275983,-12.2642740425851
1,240,424.64353226822976,22.39257966720054,2.034606685618243
0,0,151.64654524500992,85.5010778809872,-17.977467626315658
0,0,92.79892368767153,77.402556861106,-20.255897058323924
1,240,227.2422861717727,7.707279383592449,9.678931403875154
0,0,89.30654483062739,19.352501875327665,-7.301338201682626
0,0,112.40773139706178,123.79837927862259,-33.25697054232891
0,0,94.80473152517585,73.30791747615932,-17.982471528634576
0,0,91.02741517276128,114.70308966454179,-29.119784263082778
0,0,88.10045623551527,56.626172305176794,-18.422402784461696
1,240,211.79173738857415,15.828574671424748,5.015326146356273
0,0,163.14524205297076,31.897963130975477,-8.036267200448236
0,0,131.1328933558553,46.88037754667841,-14.029362276932346
1,240,214.0745021363505,3.948247300228113,15.40935595430264
0,0,75.32523423370807,8.771264376014237,-2.2131991237720285
0,0,103.56144552848033,106.089644215091,-27.13078328885552
0,0,87.39606757605627,47.481908449014405,-11.673707889917793
0,0,95.36445507563883,120.6421523592184,-31.3870011494514
0,0,72.19596633061184,46.14926542756619,-15.269056619648723
1,240,196.22522072816452,7.173478825650692,6.854204767064303
0,0,96.61619397784078,21.780600180527166,-8.741584933537808
1,240,346.803263118601,7.296203666584518,14.444284436529244
1,240,466.36671132615584,6.9801236121858,16.499392931254874
0,0,114.38919504919848,50.022999106135266,-12.240517395461708
0,0,110.45871154400409,109.33613795085049,-26.81521512170633
0,0,105.0344982984039,75.14065945270018,-19.126795825992872
0,0,102.56810074095576,113.83109763493218,-29.751147807306943
0,0,58.24525742328503,8.397534812541771,-4.1304123293564174
1,240,184.93508472224954,4.392311232114989,4.067522582942132
0,0,63.790783497621725,6.530862461677492,-2.5517841847978673
1,240,287.62590963120994,2.7305488590712477,13.70356951058389
0,0,157.28489663337817,15.695024472620911,-4.891739951126567
0,0,167.76543402202412,80.44343602997765,-16.163090689929504
0,0,122.21029314227042,107.63816448273997,-24.908622659164195
0,0,83.13175982373457,26.7235981932328,-6.599867185476029
0,0,85.10462507559124,99.83216050662968,-23.810300445848647
0,0,74.47531325678709,69.89728584790701,-19.452937180618463
1,240,199.9800406727271,3.9267554159653217,10.699347032407076
0,0,53.89541344246908,5.271817073539518,-1.511305391424429
1,240,175.69882710939257,2.8638233589188684,8.09405234438178
0,0,81.52801930479555,11.086482233287711,-3.7375029602621765
0,0,185.0830429562045,111.29737459247104,-27.715722032895954
0,0,204.38203619011293,118.65715597252664,-28.10485866043191
0,0,92.75832926261846,14.92516198532226,-4.930006329789279
0,0,117.87579251646963,122.79055023791764,-36.42088461066652
0,0,60.95922315965918,11.068144417280156,-6.998874234903994
1,240,161.80564869833617,3.12089165359111,10.411096895869065
0,0,61.400620932768355,12.287322202181626,-7.344016680066872
1,240,138.00388238805792,2.855677379775552,17.355953215637285
0,0,74.63688042882532,14.576574722734167,-4.195325676756511
0,0,119.93428468528761,97.60695316946415,-23.096079254039566
0,0,147.08224004376208,17.350317395935118,-3.859070838457839
0,0,130.55315599432524,64.84630047971595,-12.38694098274732
0,0,95.96498276823488,112.59298461108038,-27.11256422317905
0,0,68.17480002641938,52.28246350509443,-15.526643984109995
1,240,141.88704918558085,6.678952057808972,9.871700532068061
0,0,62.911530469646614,19.6470133370797,-8.703292135116286
1,240,235.57197652399182,4.8621582055046115,8.236116671463478
0,0,85.74367269455712,20.362693534256426,-6.0078479460740795
0,0,116.48585572657653,102.8167844541112,-24.692767945721712
0,0,113.33544040657539,36.796867359718064,-8.345774674926048
0,0,174.42812298152353,32.46134921013198,-8.701146850700795
0,0,175.40250254338105,122.44590037155203,-29.547536010097758
0,0,97.08652703996084,30.829586809188886,-12.997121164356358
1,240,258.2849711073161,3.033184189903009,12.551668026398445
0,0,59.85871861228354,5.047605687042033,-1.0912576460789154
1,240,260.73616701047877,1.9002830317171997,17.502117889286552
0,0,70.21377717073892,11.17461655657087,-4.197835553843603
0,0,106.28111330221881,99.10318900265378,-28.23032609502816
0,0,113.83343345113876,79.92252654156147,-20.279294396727465
1,120,602.812996620904,3.031203985534182,30.1092569175554
1,240,1099.2752652050874,3.144728783884887,50.553944212125614
0,0,115.78275937777266,24.342708934833844,-9.850586013365003
1,360,120.41000237513741,3.4073733268401343,17.55934308687246
0,0,47.1431526176927,6.026662766627259,-1.6967456785230013
1,240,172.68134974599496,2.2546017642592293,14.71401960609208
0,0,72.96737376720398,18.181209975908125,-6.542763518780646
0,0,91.90929249825099,97.98170160076499,-23.644780656894014
0,0,116.41132114273852,63.14627664162663,-18.354858029083985
1,120,770.8328344650563,2.82257748651418,29.874850249475415
1,240,1215.760882874438,2.7330448145152877,48.64429234151309
0,0,462.1758612321262,150.03167914086916,-39.61225409236114
1,240,352.34158512783824,14.460626841904116,5.230023674362798
0,0,89.22803695832773,9.611851090807773,-4.096230445405979
1,240,212.4801988860115,2.8447207152013534,14.96893857491338
0,0,73.94544321606365,10.423423987459437,-2.687402090729549
0,0,104.16362828559963,111.59570342438607,-28.21721132675409
0,0,100.22855367676198,57.986636103784505,-14.604953710305239
1,120,1011.2164916562296,1.827678207946098,44.1345451914094
1,240,1247.0536639299257,1.924182882395451,55.2392982150982
0,0,226.88186753168966,118.31120657589278,-29.487605429209538
0,0,206.29778471183002,54.0327647253399,-13.097775161476761
0,0,102.0643829869113,19.67945827611039,-7.2333601622603965
1,240,163.4078078371314,3.9472270787223778,15.895743714024064
0,0,85.79617564893671,22.136994551692098,-8.468499738557668
0,0,112.25519339552196,119.06362016198543,-31.522835697405327
0,0,93.40955747631193,37.449083552322186,-11.279477532882964
1,120,910.181740179712,1.8657600851282234,38.08795010333182
1,240,1205.1574966211454,1.8752095427654334,51.885299266062944
0,0,168.20192894988466,103.74566703101985,-24.897880385231396
0,0,133.1280056222796,73.89178920607229,-16.580369644551567
0,0,201.82611777965053,74.11035575796706,-17.141689124214437
1,240,384.7358002874887,9.69533056886618,10.23507789476271
0,0,100.90655199231605,23.01495539601993,-6.667950903933502
0,0,102.91318169405281,95.69079578892674,-23.151513191978047
0,0,87.86362330387361,32.939749619551115,-10.4992069440449
1,240,795.7304462027167,1.6444786204759905,41.88888682823104
1,240,698.6314381624812,2.372096672702023,37.76175062523684
0,0,166.8789089125993,125.75187649553445,-33.967376720965596
0,0,124.40159857104979,79.01178685112014,-19.539509446292286
0,0,124.3429004607664,68.17553819550008,-14.869986162799606
0,0,217.0166853999987,121.24296851990687,-28.930893555483415
0,0,149.8913946623397,36.13554723562358,-8.717717323427422
0,0,114.33598359117025,91.98496142101581,-20.602582417401408
0,0,110.93125513750793,84.45543250947611,-20.513558398109865
1,120,945.4649044728658,2.2929561818170576,37.276810668298296
1,240,1316.7560941793315,1.9339571097932768,50.89727426183403
0,0,173.11104303882846,105.47341418149855,-27.899582418417594
0,0,92.78646535951366,22.489194327935618,-7.927946189320707
0,0,67.20365124119972,9.398948324998806,-2.445328408642439
0,0,102.5533298568887,89.33845359049562,-24.329004854548415
1,240,532.4978297440286,7.004827321604639,22.022760547924136
0,0,238.61269280706514,141.197703404896,-33.4597686109667
0,0,131.87388614781818,82.3623513025288,-21.170533256525985
1,240,982.8278273803553,2.1300778861102923,46.30050042620495
1,240,1030.4715576639217,2.0205897536553445,53.46095254577931
0,0,168.65958829873765,124.22887033881884,-33.03671958102018
0,0,110.8103220667271,85.46336262475748,-21.987157433488804
0,0,89.66471326312231,51.69597466561345,-14.491840154929278
0,0,98.14316104141206,103.24374512374537,-29.011130362994223
1,240,405.84997986923935,5.1894715258853195,18.50648087236455
1,360,927.9263897690654,4.091006566130822,45.25559896520646
0,0,154.1163889642051,36.99367038942591,-10.329375450452218
1,240,600.7734583416948,1.91393734966249,47.45015094693967
1,240,608.9662091087027,2.219943562740424,42.6589065506502
0,0,185.91886187650275,139.04566684144567,-39.607477399968005
0,0,93.22457000766391,39.73183842153347,-10.433860312600302
0,0,87.90141205447803,72.72013993582898,-16.332668553837607
0,0,94.45150561413391,101.6482540565117,-27.211400540893216
1,240,586.5492896981057,2.6092165009179165,37.019376538438124
1,240,877.4851016546426,2.0662348518761173,42.9853702263333
0,0,232.44166003549557,10.490299258986198,0.17194499802802454
1,360,600.6063194969635,5.7123447489290715,31.771672685209026
1,240,826.6049720482748,2.9242801692300935,45.23703115871366
0,0,238.87738977020092,150.70232339463834,-42.09187527167145
0,0,117.83909769549874,92.8082860420794,-21.83818698145376
0,0,87.91818375284888,43.237859181281756,-10.37433659599779
0,0,104.7897641340725,110.95277526339365,-30.949986634997074
1,240,767.7283868617797,2.6447685807219328,35.391634062248826
1,240,970.8599424521706,2.2030415471889726,37.99513220667494
0,0,144.07461371509532,27.308621451355698,-8.314900544778823
0,0,183.09664811867322,49.158887283680066,-11.547389739087805
1,240,681.910525333165,4.652743415033695,37.99950731873413
0,0,152.3347800212797,91.09183036570928,-23.241879335017217
0,0,98.47366382343448,55.17661848706782,-13.523804340217225
0,0,89.06965521869384,84.46758311748427,-21.036991943636906
0,0,92.63261804323112,120.81052094469564,-35.20877249614944
1,240,271.33801155983207,3.4859795663925963,21.958380879652054
1,240,721.267007467081,1.5356612351542915,41.7371105978102
0,0,80.75140294937853,7.158341554154495,-1.5493287083060778
0,0,72.53286264955968,8.255701010729403,-2.8156224641939644
1,240,295.99797416964753,7.245033308594737,12.922738822859031
0,0,253.26531911312443,135.8890356237358,-31.48184808358502
0,0,132.01301359229635,86.46725697659467,-18.84939364242291
0,0,99.80353083998041,61.04340563999182,-12.868425235233317
0,0,104.83534642481207,101.67912511999529,-26.220511634809128
1,240,984.0559306008382,2.4346494267965917,37.14573696088222
1,240,1090.657230871955,2.0133069694436827,43.10240975786867
0,0,121.0316604805508,62.27314391322599,-16.985759707708425
0,0,100.82780039476127,5.987638955613545,-0.00896165845847463
1,240,257.75770836001965,6.534191605538312,7.038931720674952
0,0,184.8971089266819,66.9436990149989,-15.753478749314567
0,0,165.10225382718525,61.11713232387731,-12.7340067863517
0,0,84.38701290403382,22.525155218303187,-5.231778098887062
0,0,98.87479024915437,104.38026375907026,-29.4360921834787
1,240,553.4408348442654,2.363146157979438,39.26973761868496
1,240,715.2649273095832,2.037275857667435,33.630038520016484
0,0,102.4353214891695,45.97461938893204,-13.587903959045917
0,0,55.965190657402744,7.0055808686699095,-2.499399087026248
1,240,209.94114853041614,4.863464504159677,9.234466517435962
0,0,126.37086462437132,87.78152969377862,-21.48610142367518
0,0,153.9227237428684,30.8358498231206,-6.973923414682318
0,0,218.50207180143798,124.04850997681068,-28.915992811513675
0,0,164.28883495824272,134.42136057799732,-39.27055149979552
1,240,463.3254282401636,3.500054652384812,31.46428407538791
1,240,935.4587924634145,1.7416114012216652,50.81759226925827
0,0,112.76528201437507,45.07133394850165,-14.576969901772003
0,0,62.09337312830193,11.157845396497818,-5.205796908071747
1,240,205.34120276162662,6.1584243064091,9.863827443942213
0,0,108.48090943872361,86.51043747956365,-20.159929926416694
0,0,114.37118205243519,63.96264155614247,-12.659090918265548
0,0,205.0857560221276,123.68361631671075,-29.27363180259445
0,0,237.91341670993478,139.1016621567821,-38.97093029906501
1,240,320.7024194725399,4.625886456156489,21.188646490628045
1,240,334.38647027863146,6.933372108333863,7.348465614911575
0,0,101.38781301471289,69.07395400723082,-17.243162133858007
0,0,61.36312691968178,11.637452383672958,-4.354097859310656
1,240,231.69932958864405,7.609521316711625,6.047641234256929
0,0,98.46516177965067,60.10991695024347,-14.273861292878351
0,0,96.60336155975642,66.83032943831913,-13.874753848366908
0,0,127.01448067486369,92.51567514334468,-22.310228812140494
1,240,901.5404895990208,5.17755555528671,46.0820195887366
1,240,413.2063562490885,6.061340370854931,19.361477107025323
0,0,158.74632994346388,14.930712964961161,-7.695093003058858
0,0,67.58698572329472,11.839127749435175,-3.4854848809583814
0,0,65.39494345072075,32.03072458710261,-11.55609240764035
1,240,238.0311983564864,5.923197595985029,11.214976181181171
0,0,98.05447905671778,80.30470395422915,-19.30112924648705
0,0,93.71590878595916,105.01930054887053,-24.237212044533415
0,0,107.2126085552308,113.49320532596148,-30.04045473419741
1,240,467.02751284114987,6.003301002700707,40.333745849256005
0,0,504.923275836658,184.34225270311097,-51.516471659664624
0,0,155.1456803928476,53.264810923122745,-12.764907336257735
0,0,86.72229761027734,33.28851466509951,-9.21416044335254
0,0,63.03137527882313,20.144143226490012,-8.036335891821153
1,240,203.77109065986713,9.850320309741448,6.481369130715095
0,0,93.82046692041239,64.4349197340756,-15.721653507850121
0,0,92.26473460870591,82.12485492639316,-17.760593110183052
0,0,112.50779478436797,114.28635196635122,-30.43326370820818
1,240,816.3148237600942,3.612881855667907,48.59736028196018
0,0,340.82872958296275,180.18388579773173,-51.37310748044939
0,0,194.22508658787856,35.732689242659184,-12.91346035610357
0,0,143.91852752728306,56.30568287238177,-13.461348030386617
0,0,86.26566984273677,49.86565486910036,-13.704055786685203
1,240,257.78779425895596,8.150124103401263,12.240221341623851
0,0,107.15090638947714,94.91018239601301,-22.976366042912474
0,0,96.64367258335004,98.43928786705429,-22.240887513163585
0,0,103.70455192944932,105.34130249050554,-27.19573362391794
1,240,698.7117428000339,3.5163646597029485,46.628327361442715
0,0,298.87821721031617,191.0418366088316,-55.205819249271315
0,0,137.10801636652926,75.07125009715031,-20.01689335221073
0,0,319.9224986561056,176.8209180518739,-48.63328866450723
0,0,138.05367035645585,54.011073399279,-14.359191829888033
1,240,342.44590899910935,6.04630327148358,15.360352585658902
0,0,110.3821137975412,82.07306864520332,-18.921265954293958
0,0,98.63936298875164,99.07579779244406,-22.616285866117508
0,0,119.08045276822607,125.61723072051835,-34.908300579185195
1,240,638.1968704566914,3.372136202635854,47.60321646159049
0,0,185.57989105887165,152.81352582921517,-42.67249438514618
0,0,92.39016809466297,33.6041777868705,-11.323550974532466
0,0,165.2724193995035,135.6506873333132,-39.6735109451417
1,240,879.4356292034646,6.5500986682281335,37.71828483804002
1,240,423.4093982646895,29.345956419601304,-1.0900740408841472
0,0,133.99091772210224,100.14899320564209,-25.146368784757954
0,0,99.2405708448504,104.79649608437875,-24.162142941846156
0,0,105.28581871265315,119.35812259922172,-32.827681165351095
1,240,444.027149177933,4.067249528414342,35.37305568785253
0,0,144.69042241438547,133.47797379937245,-36.09036814398173
0,0,94.39821480369703,65.75522804739434,-16.864926298807717
0,0,153.5809189106427,162.15424617368055,-48.39653592184479
1,240,534.8933656005534,4.399615675164454,34.35546168956168
0,0,231.97740310066635,37.425450150471505,-10.332133673272153
0,0,224.30735798548665,117.38591214644703,-28.46160466366485
0,0,142.30623395229753,147.54583656918052,-37.83867983148361
0,0,112.82765300757308,122.61421841974106,-33.245588910232875
1,240,507.0479705864058,4.366238954882397,36.691295973515764
0,0,210.5405086089992,171.7445774042267,-50.314882535082205
0,0,82.83536724137277,27.696446405980822,-11.15233508557806
0,0,133.76228076066818,147.8027537032139,-44.1732582165352
1,240,585.398634428464,2.9422626449299227,46.88248544121025
0,0,121.65945139354692,24.617366461932033,-7.5743652731933935
0,0,200.25362510563156,121.52386920700211,-29.739211360275867
0,0,235.66309576123743,151.05475600338826,-36.51559416205432
0,0,179.96052756828723,146.5872308471919,-41.06459050584851
1,240,968.3103268901666,4.426901749765656,42.27292444231635
0,0,315.93789680821266,186.76072185000336,-55.30978892612258
0,0,100.2561569789134,17.546764859722348,-11.628387435652385
0,0,172.32170195788166,169.78914533113766,-52.596556313472526
1,240,501.2125304870706,3.811230784924029,38.19934637438503
0,0,119.3406039719521,57.43956995891346,-14.29494954436177
0,0,137.42940495761545,124.2606221950398,-29.568714088761133
0,0,234.01959401753615,138.49457937235564,-33.78559821243831
0,0,235.5829498285021,148.61133587534545,-40.109616619892904
1,240,360.0715753197229,9.959757904908185,13.257656821361834
0,0,162.62159550829708,139.65160892708113,-39.282519650537175
0,0,93.29130538333759,32.85544259339827,-12.279005700098438
0,0,164.480720418414,165.7948080240622,-49.91396797906804
1,240,833.3910086589897,2.9293706729527615,49.45082417060989
0,0,119.49859461757195,53.89770021279292,-13.99082641672976
0,0,130.07718891119112,137.33880603022283,-35.17640300765348
0,0,165.62741940368164,159.39794247471826,-42.00165707928162
0,0,225.03721876812193,135.09057534847142,-32.730990132052426
1,240,747.4988279316462,6.344038741487929,36.84952919299016
0,0,301.6733944689132,140.29965579340794,-43.10693825706814
0,0,109.98233636276834,63.39598138267123,-19.660924089886848
0,0,157.22420337682018,155.5066146002396,-47.841919134992416
1,240,635.667342390134,3.940014234507792,33.72628041741535
0,0,134.79277381149876,63.279319662645214,-17.437822916781826
0,0,126.60584977849729,126.34665706008815,-31.54758044350826
0,0,153.83450653656766,159.17693569376422,-42.4459555212403
0,0,153.1791803377704,143.09703908807217,-35.54511187767631
0,0,215.9861470049346,123.98340351037126,-28.514428329432747
0,0,326.7492090442821,168.4047701755941,-43.80224290156812
0,0,107.59788717133769,37.45696014967031,-13.266074309058368
0,0,155.33016340689775,160.9282404401613,-48.591566581391966
1,240,413.329465843078,3.386924676598246,34.243980875280286
0,0,85.48221217608838,16.755787712919325,-5.253780474025362
0,0,106.5607738624141,111.95272048713788,-28.22406989614158
0,0,129.50340298030972,141.68745304532453,-37.07682909848899
0,0,130.449975190965,133.73525191403593,-33.091054456992104
0,0,143.49158889663553,128.3248453520968,-30.09431933846249
0,0,216.6108998542853,125.00662476514239,-28.907358834334048
0,0,113.40140493027933,14.231962759334719,-4.503195126188004
0,0,151.5366194869145,133.9833755599208,-41.68196742975782
1,240,542.3181664287746,3.5479017324490116,37.43851016012877
0,0,120.60745383997248,75.41707676036995,-18.676481604952798
0,0,123.73617194423736,128.47447904287338,-33.19031349084726
0,0,137.9381672576383,150.19943405927526,-40.497749296594016
0,0,125.24213329163345,132.80793599306176,-33.783077767447686
0,0,119.28924029143955,119.73331142689123,-28.178987219705476
0,0,133.01611872608473,120.49673492220101,-27.432253872702844
0,0,208.17666837170052,124.14935352562702,-28.439058041495038
0,0,332.0362786556203,171.34609810630505,-48.937137026647605
1,240,461.3437492029177,7.0796622160244445,8.371142774797775
0,0,91.25022540018885,11.108893715705605,-2.7008233282058285
0,0,110.00785383017812,108.69901435838959,-26.59691922254966
0,0,129.92224766527508,142.54475316329032,-37.46602384949433
0,0,115.62909910645338,124.24345395627367,-31.158084507252468
0,0,131.55594371847903,102.94203751313289,-26.391627128680057
0,0,121.92917023054433,103.62959731922716,-23.3064703613598
0,0,137.0887223951692,120.52311538664652,-27.43904903466919
0,0,202.53695665632682,112.80540005303875,-24.828269604714613
1,240,787.673501415082,4.827976949643286,40.04422756429504
0,0,151.73480779554419,58.125559499266934,-14.845838503245815
0,0,128.99830222714309,117.45204379787585,-30.48304381776098
0,0,133.45067518796253,145.918247104321,-38.649803414661854
0,0,115.21121798645021,125.43972932510034,-31.763768045911768
0,0,113.11403585038674,118.9009983881389,-29.30030519109063
0,0,106.24143709789439,105.71914091599979,-24.25401501113759
0,0,116.01441173073539,75.86286617966856,-19.97240776232377
1,0,324.59644621398934,6.6999706062205835,8.288861077954948
1,240,1252.8550051656587,3.4929248337151426,38.2283764053672
0,0,167.9425712702451,43.849909059177996,-9.745197595465555
0,0,131.30871562130437,111.35913115866342,-25.77500580987276
0,0,122.69467158072132,132.70053703600337,-33.20945724808214
0,0,106.76843911584811,127.34716541361527,-32.15115040146263
0,0,90.1170786727126,114.00916216013309,-27.68276074180261
0,0,94.52575679651247,98.54158255800351,-28.515516823495787
1,240,359.19386966371644,3.462179887839189,22.924593731006098
1,360,445.3559619410497,1.8600042489817579,48.074988810737366
1,240,481.46774675743137,3.3974989273174643,27.077230285205246
0,0,400.2998003429383,153.90258995091108,-43.442749243418774
0,0,277.5790785000634,144.7325268091176,-33.2824656095821
0,0,144.45319272070057,135.75158863903036,-32.2467053851324
0,0,112.45504810473325,131.73012002779885,-32.3097799173192
0,0,94.96573189429516,121.15930764908185,-30.82718231208903
1,0,157.65501893943312,47.77340391760221,-13.073389724093659
1,360,371.09976902468804,2.30804381847662,48.446619706084746
1,360,379.1298926981994,1.5118934808253564,54.480786939617374
1,360,266.30391742726636,3.4167362619325745,21.13349260213296
0,0,174.94508125175398,139.07357786376267,-38.67539887699853
0,0,207.7612245042487,122.59638597661561,-29.251455057048
0,0,235.2675126680646,144.64625243853087,-34.32808568802027
0,0,115.98012015414072,128.01053229788226,-30.2974502960613
0,0,85.78750356427723,113.52467561729098,-27.695151608685244
0,0,106.01207462872411,59.30052618150058,-18.389827221847014
1,360,235.45027260124124,2.4884353150641236,35.20205644092036
1,360,161.08363246809876,1.855020685770748,37.60444738127262
1,360,241.21735626855468,3.120386506321906,18.897239673091534
0,0,166.73556445440434,151.56138509807886,-43.68841337072837
0,0,139.0340580292539,113.84358034511999,-27.102360912326006
0,0,176.8532912946494,47.57922160726867,-11.127421253018724
0,0,211.24368431021173,146.60129465253942,-34.76767877093461
0,0,104.54989313878544,115.06090088467975,-26.693166403900292
0,0,90.54919788203904,95.83979415379441,-25.663799761083006
1,240,506.31040128407324,2.330102893554408,41.344798315265095
1,360,246.58613618868446,1.921697756370313,40.80546535888523
1,360,234.59653137264675,3.985643539825999,12.988862195212675
0,0,131.81726253621804,126.50138779736133,-35.384506163860635
0,0,119.9460968581179,109.26582614372546,-26.00118536505881
0,0,113.72256680019794,38.52503324772764,-9.247903759306709
0,0,131.69516185142422,10.353674407665741,-0.9089718781824416
0,0,210.79212376076632,149.54617463265024,-41.7126936092557
1,240,192.88541388083533,5.377434139962753,15.680095074700318
1,360,236.40658248604356,1.6445222765709397,52.37865127420709
1,360,246.39748150515103,1.2164694149179238,53.18208670757117
1,240,299.9412447486928,2.654864983332096,19.929353970825233
0,0,145.6848894716895,116.75117102614459,-33.04111054493467
0,0,115.34505149166566,64.57175305170993,-16.144290389559174
0,0,79.97613558490853,6.8982347050286394,-0.135174130253219
0,0,93.31118882973331,20.348295821826085,-5.30933065890261
0,0,156.94651529078277,43.16750405648112,-9.8532227052944
1,360,329.9322608763547,5.880383939581368,17.142513268150196
1,360,349.75467393376925,1.7156288051143571,51.0948306503236
1,360,247.88987359066817,1.341969971284094,50.15519607633401
1,360,240.47606873907398,2.4037860341513966,26.099255357228273
0,0,142.3282032334349,127.68928841557039,-36.87535201779178
0,0,115.1559433657971,92.20423549494551,-22.375792085607344
0,0,92.09089048544386,9.213885287832408,-2.8481240514839925
0,0,89.68333273900883,12.049954876621241,-4.949519963647532
0,0,118.8818450254364,72.96430723400832,-16.04738799819002
0,0,182.18546708227532,83.10905417505373,-17.210581287291546
1,240,483.9272179832103,4.165794984294506,25.976805059088306
1,360,414.9516104527944,1.9032900003656825,42.486977328207885
1,240,524.4873174515119,2.080573453728284,38.93142732315074
0,0,165.88890826229635,117.63713300613792,-32.74125685032661
0,0,116.66291362238886,64.81703217022988,-15.64200321898494
0,0,113.12354680336622,67.06321970161507,-15.277621905455447
0,0,104.15859507567961,34.862527384844014,-9.144576082594568
0,0,165.86390091751358,9.8740674204906,-3.3433518625037806
0,0,128.5020435995116,60.220185703310946,-13.922156179626668
0,0,166.78552246367798,29.26250852734803,-7.393632987115055
1,360,398.624602980011,8.876972138820777,13.962948134692596
1,240,331.08946838773915,6.157824627337396,12.761536022494212
0,0,135.5584678746682,107.82674076388851,-27.74971369458295
0,0,122.42138188533471,107.34719243606575,-24.944278765656314
0,0,118.03905442923543,69.35512903960493,-16.02236848659544
0,0,92.13915942201912,16.95514468058492,-3.925532383724274
0,0,75.14125000622654,5.96159555683136,-0.2530326743117399
0,0,75.61713773695202,10.075730151930765,-2.0625219553177487
0,0,108.9959519150881,47.620698281663714,-11.876616921542592
0,0,201.55600218060985,119.97763033693519,-28.45489932887847
1,240,617.9132158559763,7.210198226567197,27.6023177076339
0,0,177.39125528105504,116.79674844049723,-29.69884196881175
0,0,129.55074236009796,93.2349434879843,-22.336310398039288
0,0,170.31880181935142,7.220397283044036,1.4973661741362605
0,0,115.7600645888991,57.844976475126145,-14.520056457340061
0,0,92.91211423057992,19.319345804455736,-4.225549880836965
0,0,88.34991186816129,17.436707280323464,-4.262622086401393
0,0,78.19485538767611,10.466891470029312,-1.6610525843685338
0,0,143.8812318952181,125.14719062249165,-31.24454580993929
0,0,206.68658884209256,87.71671923145587,-19.091821349278078
0,0,214.611173812101,125.80768410094328,-28.845325240644428
0,0,138.802938471035,94.56670932650144,-21.52827264269024
0,0,88.54779977124392,7.9981151600787985,-0.23040679286549448
0,0,89.38828347956488,14.602498546682641,-5.793398763800383
0,0,78.93858583773738,8.135642462974431,-2.0990710496577094
0,0,74.07864757003911,5.470813511800829,-0.325597183863664
0,0,87.9769158713074,32.14593877480204,-8.87977084002597
0,0,115.54988273050508,112.7772507835059,-26.978404687933775
0,0,130.19401832883898,92.54585312401852,-20.160130716583666
0,0,198.00672764656449,106.11037894248223,-23.086420190218043
0,0,147.14741104337955,29.98167218760493,-5.988973670379082
0,0,118.90925561459538,59.101196287382244,-11.962745335268394
0,0,105.16417147019449,30.723927778767408,-7.292894446766439
0,0,79.42123552728557,6.842284512270944,-0.1956225384141419
0,0,76.82462633527388,5.242545154247145,0.5550790563619898
0,0,102.9885664822692,84.55875960502733,-19.885460336074814
0,0,124.06914598698627,120.8314433820145,-30.163708193005256
0,0,114.13409972750921,76.08518693011605,-16.366279770997707
0,0,133.5313765875584,114.96656942642987,-26.00483657572657
0,0,205.46474312583447,110.79939459367692,-24.601920963072168
0,0,137.6074944347402,20.02325983799533,-3.9206130246335533
0,0,105.07742795148293,29.328519250265774,-6.417634257097177
0,0,82.4059856901447,6.308143730085346,0.21397883429726505
0,0,90.73449142426328,4.9024874127218165,-0.41389201781200313
0,0,81.36490476078866,16.36130086076626,-4.1938725900218685
0,0,116.67687964631105,103.16009147253295,-24.940828345155523
0,0,102.7679327780503,45.87010827691418,-9.787463925612343
0,0,116.74712920008203,104.2138589082206,-23.499250057456237
0,0,137.68153023200955,109.54360073856431,-24.992880553966124
0,0,193.63697187920687,36.02926009890577,-9.400403891118984
0,0,159.16782726608977,51.48333902547073,-10.706469951921846
0,0,94.66923728740795,12.01026866615135,-1.5761130597892645
0,0,79.4391805076986,5.529101956589802,0.794605873699652
0,0,89.07120825869168,29.413795509410356,-7.965108222065098
0,0,114.95059066827227,97.6365896791929,-23.91767562961072
0,0,94.25275050258533,27.611874059064878,-6.999085592974481
0,0,117.47846367030651,112.91627886337105,-27.301819523450014
0,0,130.57938763341286,115.98240501750978,-28.19646124818346
0,0,118.69110450716134,29.41109717920058,-8.125935861854785
0,0,176.88121200643542,56.9424382646,-12.58825954489167
0,0,156.66041584942855,14.83732366615576,-3.611919278727143
0,0,91.16121466980161,10.599660145769047,-0.7020945987841429
0,0,103.18992888724483,44.881963509966944,-10.748366405445282
0,0,119.23278672071508,100.86993650040523,-23.803484148075256
0,0,95.49215577327158,23.72937396589456,-5.553512637742884
0,0,115.49724941145413,103.88401646730047,-24.283171856962063
0,0,118.89509687768076,93.88436930031799,-20.708636613222907
0,0,117.69757834270271,64.33399676952065,-14.509678776078871
0,0,116.1960947383661,34.123047734726775,-9.175545323873521
0,0,138.14363331574688,13.254840535926666,-2.3643201441743287
0,0,176.07143201223238,56.10827700502171,-11.347540115533391
0,0,98.52679592905406,19.85646693296835,-3.0431018715135423
0,0,129.1989391243825,115.904137197298,-28.608202621358615
0,0,105.91222662652712,59.24604337500412,-12.718789005276221
0,0,113.57661504857597,105.57348523176655,-25.465213001999786
0,0,126.06280723793815,106.64715713939627,-26.74513935343446
0,0,125.69033836779886,83.99432307223734,-20.029817898221353
0,0,129.49985479403728,81.73317650354204,-18.908600321919693
0,0,114.89035085404943,29.097356279284718,-7.018556955218628
0,0,145.6034739004158,10.357743561818205,-0.8073773376483473
0,0,186.76038283416534,63.891420077829665,-13.68652891868959
0,0,145.9876415828016,119.04601874646322,-28.785188585637478
0,0,119.78772078651319,55.80313285881096,-13.132971564165572
0,0,120.90657841240348,101.51385374832405,-23.19920085663297
0,0,123.93323798308757,102.74666757652642,-23.84980326922374
0,0,99.52604680299379,26.668070347812286,-6.028598024644708
0,0,108.35223384007033,53.063791639655676,-12.612285673554922
0,0,94.7637063299044,22.33530828533679,-4.7368039175518675
0,0,118.46097118602133,54.094138652064395,-11.984356697976267
0,0,151.5190372603696,19.823733209433605,-4.231906474807033
0,0,273.5041736111281,147.7139813466671,-34.8171524112852
0,0,149.5364286663367,107.3314175825317,-24.63755593375725
0,0,136.09016302079056,111.79156429464945,-26.201262198539006
0,0,141.64246239000835,98.81954486277,-24.717560247390516
0,0,122.03928870163216,56.099848107309576,-13.880994195398202
0,0,100.30473198906486,24.71325916140697,-7.256456315413502
0,0,95.7532592059014,28.0130986146782,-7.2998005717198
0,0,111.10496889609863,69.13358078770578,-15.197892357313819
0,0,124.83571292665084,70.41301887408798,-13.913516918495276
0,0,212.00517269572276,116.56618289245894,-26.417275430534353
0,0,167.9528190670192,34.87394520217313,-7.074006745012397
0,0,138.2585015952953,109.7370141601558,-24.99011704719443
0,0,126.80411743953562,103.17812606481125,-22.95322233419352
0,0,123.39489990675546,86.90747285496501,-19.246260691387135
0,0,109.09742097363322,47.72492060917751,-10.871884061841229
0,0,110.53348418506805,66.88120604832119,-14.797928912616868
0,0,111.02939139488979,65.41854141372808,-14.141382054293501
0,0,116.74506603745716,88.76145493177917,-18.875358981382945
0,0,132.97112591038083,103.89091841694741,-22.238081734777793
0,0,202.41411912773842,107.60057195992448,-23.058082356916728
0,0,228.1669457815825,120.63404473426704,-27.212742664640842
0,0,131.87640275277818,102.8637408144707,-21.852966194532968
0,0,119.40343974354361,97.31378636055912,-22.215593236077368
0,0,153.3043757665015,54.95169506627752,-16.55111768759538
0,0,112.95460552535283,78.2878257582896,-17.806642749791664
0,0,105.15963704684313,81.63073020072818,-18.45361508752171
0,0,101.89794697779953,100.41135392757694,-22.940657096902726
0,0,107.78558962596733,100.73541345880336,-25.11363998754215
0,0,111.88973020946052,67.54288354323945,-18.466470942159432
1,240,392.61209364880506,8.151393852767534,19.693404388830643
0,0,197.91243431297292,101.53979381640087,-21.117408405507632
0,0,127.29731533140492,68.85586394976775,-14.301765842135154
0,0,91.56109979712906,14.120546990315196,-2.8193212304275903
0,0,102.97732111235783,62.15169559004524,-15.496440915836587
0,0,99.2110177406579,35.997717611450256,-11.553254925543982
0,0,92.10749781096823,76.63403631929964,-18.459279483810917
0,0,89.38484298584703,106.43137735796564,-26.778813978015712
0,0,140.2656754278342,49.788610773224526,-16.16246718362156
1,240,355.03394433694314,4.503911101255846,21.02041603441934
1,360,637.8294461325305,4.683500318393019,31.52457396499595
0,0,169.52213764469218,46.80459688300782,-9.618060432112415
0,0,128.24282195257263,77.86052576686318,-15.863247563224974
0,0,109.72448637889312,52.366496185968415,-10.17096257661791
0,0,105.42987734252594,79.11020461010241,-17.21335007801501
0,0,97.59729582231668,88.92343416010416,-19.40544502217874
0,0,87.80550333256753,101.29782128045237,-23.714174795388544
0,0,108.66064264431324,43.31365789398385,-15.176608599615193
1,240,322.6454652228322,3.4526179621744233,18.244724469962804
1,240,454.62849494071764,6.505387607387666,9.031457090727685
0,0,264.8815821825278,109.342866629795,-27.127597065942844
0,0,132.61031050825457,18.25337000385911,-3.5930238672250994
0,0,81.36340840108271,9.322297698009749,-0.051043050293586134
0,0,99.35011117696092,69.78399568696585,-15.130426861212541
0,0,96.82510619769643,80.81245208887297,-17.191300147310855
0,0,93.80425635693126,93.54257840054252,-22.71207334366482
1,120,291.60978597136665,11.951088599206102,3.9356668506652284
1,240,671.0606024822587,2.67659669410099,41.1457729881856
0,0,154.195174569935,93.00512156004395,-24.027190813836533
0,0,147.21716181058187,129.0507340814919,-31.047258902989597
0,0,202.72520324175863,103.33489995245063,-22.468361636531398
0,0,174.46655221942632,79.98118589394784,-15.810112144303105
0,0,118.99058049740206,89.56803005160752,-18.31455204504101
0,0,105.27905108580126,104.6027938782832,-23.24479079243826
0,0,98.97962611703787,105.57557169980835,-26.56875047570474
1,120,563.0797039064898,6.214400670262475,16.03380280566992
1,240,919.3332040758986,2.7790847353001995,34.94815199083743
0,0,241.1929837430411,65.56873101467498,-20.61825461832845
0,0,141.2298298650344,113.11694799562694,-27.612267541341517
0,0,116.78916330454916,35.04400678680539,-8.129983368904718
0,0,187.02673486182437,38.50024470786074,-10.001437552227443
0,0,195.73992406898495,88.56417179783334,-17.539570691917035
0,0,119.10559614570937,115.75664051185142,-26.012979145392308
0,0,103.50016279688667,113.99335120853603,-28.551458263383076
1,0,251.2692886259715,15.307076784581565,-0.2913201887814978
1,240,479.03330554855194,4.581789513612929,15.185770819431895
0,0,226.48054839297734,41.554288840311024,-13.638281155147851
0,0,125.69876105917402,102.64937607710995,-24.024950418289315
0,0,118.12557122677943,68.09177625009865,-15.848130177232989
0,0,112.04153136720576,36.56563399751414,-8.982929430281715
0,0,169.5283271325668,50.96445463838925,-11.855084818111152
0,0,153.29096520943983,118.91346665910152,-25.39454543113054
0,0,98.51446229753836,105.41718061894626,-25.372299994211176
1,0,168.50208510362808,17.364292761028278,-4.237528599482147
1,240,314.39483254174405,3.9048032813991918,16.522938220307765
1,120,327.387089049235,27.1830019969945,-8.96414498176668
0,0,156.47216926399676,133.99173587131324,-37.97842450374165
0,0,98.45897229177606,34.09655897609225,-10.599115903966819
0,0,155.78112314524913,6.4556246226293705,1.5185918083654997
1,120,813.8005767002307,1.958467694575028,32.60589242154036
1,240,1542.539180244519,2.7621716647169525,45.69241268949379
0,0,228.8036695085808,104.00093087376753,-26.55065822487056
1,120,586.6127716250247,6.980683132162408,13.63835497793336
1,240,1205.7317359943618,2.35396055462152,40.59101089265977
0,0,215.68342890199764,51.7504033250154,-16.03723752685461
0,0,118.79794685737782,112.3402981700314,-27.100263183476372
0,0,99.57381695300039,95.43090417450155,-22.456266670947457
0,0,156.79779754091646,20.238110094303526,-7.065314644363383
1,120,461.1160758064458,3.936102106929409,14.839196423341406
1,240,1007.2579400704902,2.083015938916495,34.855017057074804
1,240,1212.858670552632,3.5685917884872596,34.81569388805963
1,240,683.5113128088965,3.742327704707848,28.746494054342847
1,240,864.5688874267539,2.399123969314043,38.68510005989498
0,0,175.5253173998527,87.54497908689378,-24.584822095169308
0,0,117.1831820216658,98.77768554890709,-24.459381080331866
0,0,68.04457705579745,9.412659271780438,-2.3752790601293867
0,0,69.56792224871681,6.987355407883464,-3.5998877205643396
1,240,316.01738524956204,3.0910863854178077,10.21796845895632
1,240,789.101028574558,2.10340254561259,27.95708222895597
1,0,366.2715150401574,15.789505737832275,-3.3227708703895473
0,0,274.88801160161364,118.60347093322264,-28.98633277737366
1,240,533.0540674565402,7.864749963847872,27.676610069412106
0,0,160.32790280024395,111.56097708777334,-27.961351814519098
0,0,112.20479327997155,109.37396872088182,-25.274071330949674
0,0,94.58354802212558,45.58430186305628,-11.915522658368545
1,120,845.7339810867991,1.9118838211031797,37.66197904806074
1,240,1167.1883213115786,1.5365317625049948,42.11025270336161
1,240,874.0022110784611,2.647826312271519,32.424663443996366
0,0,266.7036948620392,126.12391757210976,-38.51272185409202
0,0,172.89204172701602,134.17071006770192,-33.25484110976869
0,0,210.72070659298237,91.7450320354335,-19.619196722819822
0,0,200.95428420188406,123.41550878314519,-26.743226562896503
0,0,125.01593358275073,109.30390960019784,-23.903097206698483
0,0,98.51796513957729,48.56453628607616,-11.663367196318944
0,0,87.20551977077363,9.771298942464405,-2.830295998237929
1,240,891.7796898928783,1.4695532730793213,41.82226676441174
1,240,976.3216553788866,1.8577033358844024,49.32817308230294
0,0,196.3753101410946,101.55345332344272,-29.772452700812615
0,0,143.58723122117416,127.74905236868477,-31.994217034121768
0,0,131.56563604839258,66.31005527581188,-14.324999378034065
0,0,185.79868832163328,59.62318871768863,-12.371654510298939
0,0,169.69553399364827,98.41696482489075,-22.190848489974428
0,0,89.90674944555965,38.60261159493598,-11.402614744752043
1,120,289.2877304452507,5.274444110074852,9.790000069919088
1,240,445.6307933403758,2.9901094993812287,14.974074576026354
1,240,595.4205715754115,2.2723584014523714,34.678268870625246
1,0,277.6041765333132,85.94823902668007,-32.5234576426356
0,0,149.4747831808749,136.61778331972107,-39.057386317800066
0,0,174.7903100467136,23.464583844319332,-9.980745597126202
0,0,143.05105833199232,88.93717308288464,-20.718121306636263
0,0,158.9586089726579,11.134176799035705,-0.8237206004491924
0,0,191.41938946710636,83.5071436138949,-20.416175167130334
1,120,477.0197948593795,3.4992751598367544,23.66642885472507
1,240,813.0544826819977,1.7637098457494207,39.34843679623293
1,240,748.9434952113903,2.2471924112141495,38.60018695507452
0,0,209.25892186508693,100.57391794452266,-31.563944842116165
0,0,143.4680439033836,127.24974396117199,-33.27957000401634
0,0,123.98048667440877,64.36997209911343,-16.8391828858217
0,0,126.93330316081592,101.15373225215365,-23.461628320908524
0,0,122.20383158899473,50.40675400415635,-10.658998929289183
0,0,183.01399691703625,64.6185072629166,-13.386585396901566
1,240,711.4145217207739,3.988532287318134,40.67155945332456
1,360,824.3500940041093,1.7336869739400542,50.025189727173924
1,240,842.0105846960614,2.1129829715346475,41.28782674736378
0,0,165.0320836258229,110.52871687802525,-29.049898717074356
0,0,128.97222929287275,118.84264225948179,-28.922851380901164
0,0,118.74977994532797,88.9803319270158,-20.046203432636304
0,0,115.91194509905299,91.48978263191103,-20.09418699858992
0,0,132.67830418640824,99.07048415756944,-23.801127505589257
0,0,127.98878088431253,63.022965658394725,-13.540327257377996
0,0,229.09137867022474,131.70746488345566,-32.026206078090844
1,360,458.4383174405323,6.034852063446185,25.883152298052963
1,240,438.77188854640457,3.947049295762068,24.570946285302284
0,0,224.93852704387953,111.11677598324704,-35.61962088147676
0,0,141.7308836453599,122.52993666223233,-32.068292753877714
0,0,94.54065804525088,22.392480397527272,-6.119545402377739
0,0,104.08407182789998,61.17327925107839,-14.781025550929215
0,0,84.10115718793476,20.910182026464646,-5.404721840067751
0,0,106.94946463209287,106.08944206593816,-25.934660412371223
0,0,150.4366137261075,115.73675769874716,-30.96669449046953
1,240,1093.2616222680435,5.6141007118750155,39.32522968009282
1,240,542.945277178268,8.200789539734734,22.759100361810283
0,0,267.0555887862217,127.03965323447127,-39.85933696071892
0,0,176.20310033029756,159.70906446016298,-46.412676232682266
0,0,92.7965261113245,37.74810907685325,-12.352553024678159
0,0,171.0480844630094,24.970340541627053,-10.31489213867171
1,0,363.69253908695333,4.396601035677582,14.128843084222353
0,0,118.5471819099891,102.18330676601401,-25.52347913808287
0,0,121.83687204322734,124.19337872327036,-34.833136365366215
1,240,391.7721824114322,7.767392585466426,21.5847103789244
0,0,325.45986843643897,137.43199678968168,-35.72564865753945
0,0,248.48959642311937,143.74911449823057,-33.62124089287139
0,0,148.60884435346526,116.44946341553211,-27.885379156080482
0,0,89.7371053319268,14.65025808894405,-2.2101291477981135
0,0,106.14317614387038,83.37558061345959,-18.695281905323128
0,0,95.45666257448879,53.06939044922807,-11.84234521041219
0,0,109.66356640116756,73.10029585696827,-19.74246074953119
0,0,128.11472449289664,127.60891968809162,-35.82633435837043
1,240,733.3422221959925,3.625488878560207,44.390172209766845
0,0,186.38671234183795,116.71580214401034,-28.106961673233307
0,0,220.2518604284952,124.9720716992321,-29.166346446012334
0,0,240.58707142271533,150.30349755531185,-35.72108860716857
0,0,128.7634871138928,102.4541072150799,-21.90969470065322
0,0,116.56953850952593,89.53328205615698,-20.094953171595463
0,0,79.79291087333837,13.914019142433265,-3.1897843724355113
0,0,84.77183240977638,66.19109049936603,-15.815559898570058
0,0,92.65941648523767,107.93672434225823,-29.47627135267937
1,240,360.1357827543782,3.6619898861955194,39.48114852869533
0,0,137.3750825658661,126.84502691796274,-32.35382693920989
0,0,136.68783402667526,128.84731427683485,-30.74892170253733
0,0,191.7339197428736,93.69572804265601,-20.08493479905411
0,0,161.96456890074305,36.33040818954164,-6.700632145583441
0,0,109.85732231097127,36.82490472525559,-7.036104959021287
0,0,78.06352715136228,12.950338032785869,-1.3927705015403404
0,0,96.5575412117909,102.35829573624673,-24.10106045947375
0,0,107.7056477422828,103.14863394733453,-26.9728618225351
1,240,809.7114337219722,3.2152966616443717,44.38237309696568
0,0,162.8373887155884,121.53183965931406,-30.760054988900535
0,0,132.28537373089594,114.30245170245234,-26.790724005287984
0,0,134.64484958571896,69.8925353428153,-15.672903768890976
0,0,173.3384783780744,33.60328616471423,-8.005160576423464
0,0,188.77534453881023,113.09034372319078,-24.786875126608606
0,0,114.57325862908866,63.684614274862575,-15.516641463423923
0,0,86.53555305258067,102.19221576796414,-23.85486529501204
0,0,81.03860765642463,112.45025286995072,-31.902963187186522
1,360,185.23918582430866,4.984422344909311,21.530655552395885
1,120,224.50217948477794,42.914095654172,-14.083934930733577
0,0,123.328051170498,94.00980284965469,-22.905212348481086
0,0,89.18868383166709,11.343854202914999,-2.733752915588596
0,0,92.4475795623204,7.414286296615644,-1.7513077644207016
0,0,149.25858187548195,22.011181972693812,-6.658302408015501
0,0,327.66382490636863,13.940753367896246,1.5338941326691753
0,0,138.63222876791457,110.56599895749888,-27.93065733873179
0,0,144.58112013950088,150.5549422229934,-43.82491369660435
1,240,414.89493016090233,5.194751770051668,30.49603161865359
0,0,194.82297297887246,155.8115132796219,-44.37710514959781
0,0,111.17564922008799,68.55804771034742,-16.719427403080516
0,0,83.58476005259405,16.389226322308474,-4.404512043074931
0,0,73.66796484710622,12.243316858472946,-3.519608641439433
0,0,147.32181630153133,83.8161791312978,-24.119237253536127
0,0,226.84994519129606,121.46609786696571,-29.190848130334203
0,0,173.19776388542326,139.13700938007858,-33.03129296256028
0,0,123.04404889994379,138.27264848098864,-39.294736147011655
1,240,269.7794849097353,5.999395192283349,25.693923417540816
0,0,124.08232982288037,108.62146127982535,-27.95306129420402
0,0,121.20003495564526,107.98487915830957,-26.796245734879605
0,0,100.75289172099676,14.640189436719822,-5.548952587372
0,0,88.97692626115847,24.838560952813708,-6.768478086211616
0,0,110.01795425819328,97.7485297725776,-21.970808886736194
0,0,126.92272661834888,89.49470044641511,-19.69323017096167
0,0,232.1549031027554,74.21885209614089,-17.719362434581683
0,0,316.467494783535,139.63953773481157,-37.681857427129756
1,240,900.6226316242381,4.280630593558153,39.13348563854181
0,0,167.00282336673362,104.83332332825849,-25.812384484639402
0,0,131.90543439828528,110.69500621507329,-27.572796421676998
0,0,98.27811681640698,21.54671000088593,-6.142023333174635
0,0,102.70267108996582,52.40595497864137,-12.584840828101449
0,0,116.36504735243787,99.3689501621239,-22.8550095227873
0,0,119.66521200361775,101.65012393617546,-22.287840708523547
0,0,136.81612419934368,96.61442248786156,-21.5416146208901
0,0,233.18122448410276,78.43350310136064,-18.075014659799834
1,240,706.7081076916943,6.323538200280468,31.33489066463224
0,0,202.4429580602531,138.87216511140883,-36.482469068456346
0,0,126.61903361439138,111.31940885013051,-26.10848128954445
0,0,117.49428880780276,62.8990265688665,-15.614130373438698
0,0,99.39822140871888,42.66156804460025,-9.342829952716755
0,0,109.29505381540234,99.19869003814509,-23.123999655151657
0,0,113.21889439038699,114.63420734071185,-27.12836852290014
0,0,123.28963326865357,110.36553197439582,-26.293033872746953
0,0,146.39441336559392,124.64736240287156,-29.0922971460152
0,0,327.43483652712484,178.01208193497877,-47.87762543902629
0,0,222.64868859567505,135.74675149858743,-31.415677155665506
0,0,135.372307123978,80.71592586839226,-18.477435142066255
0,0,105.46099482277467,40.54963281934438,-8.508715895420664
0,0,110.5275780986529,71.30426561050554,-15.904377843742864
0,0,108.29211872248963,68.5651806875976,-15.3376317456201
0,0,107.62505970327072,89.31909780911127,-19.7761829296783
0,0,106.35233775701035,94.28936068880608,-21.414884321822655
0,0,108.74290841996533,106.709794498326,-24.9541386196448
0,0,149.02895867696895,125.41239587179145,-33.57939727886559
1,240,885.851022049439,5.996395443247468,46.08878304699236
0,0,135.56684522180984,14.889399634301228,-3.0666788642770086
0,0,111.72435978983634,55.07223732807679,-14.733734182656463
0,0,96.07574739465028,40.10522595585894,-11.661142652627007
1,120,465.30375180412943,13.705680074239956,5.653342185849198
0,0,121.88578713513017,87.16858458391982,-19.733404056210574
0,0,103.30390161818133,96.94932587721527,-21.874751927649
0,0,99.1143665069236,110.3179402881274,-25.982570003000163
0,0,147.36689980570225,156.40128343303022,-45.646711943240675
1,240,532.04964733998,5.449716901327965,37.05537081784304
0,0,316.63635670913976,142.66732774603688,-36.59291422819233
0,0,167.6755730872585,63.05193796376414,-11.718008541493077
0,0,115.70330494459843,53.00720070627961,-10.291151343403612
0,0,108.51088197707611,64.1526761990365,-13.72062625941183
0,0,107.1172269600349,85.65471123714498,-18.62392742072477
0,0,104.55601461030977,99.29055238888529,-22.693273043294496
0,0,112.31641944682373,96.83051271263405,-24.68742587049001
0,0,139.4043730483013,143.23578560304585,-40.97124421401539
1,240,709.2161879357999,4.179126450188778,40.2559343756041
0,0,199.47830672889887,135.46892636646038,-33.80135495659354
0,0,304.7751667624126,168.91935528337146,-44.81693865231733
0,0,157.3799041386476,66.52410956983077,-14.166935245016077
0,0,116.84387112228335,105.53775536900223,-24.24437708312312
0,0,110.55093037891241,108.68371599928723,-25.26695913187759
0,0,105.91362096170765,105.73589763684764,-24.747419858799375
0,0,102.95985224639671,106.59291618992195,-26.131667269877504
0,0,131.4554835691296,147.36390233162524,-42.31212094902841
1,240,644.8831497536763,3.733884818996299,44.455629804198466
0,0,158.09747663400069,147.28126664578963,-39.298825925675686
0,0,172.21975678488468,166.96965558268795,-48.98621437061602
1,240,507.008611791716,13.714842665082706,8.743344336935493
0,0,300.61954913782307,162.3743721618972,-41.28291282476399
0,0,144.5482455702035,140.05213859498156,-34.730913034572396
0,0,108.3779213483558,115.70517189361604,-27.617546209152074
0,0,97.38660384129562,117.08557626222881,-28.783899301407473
0,0,113.68749303557516,145.7947484111615,-42.017767848204926
1,240,368.5394975678083,3.7887457527027584,41.62542899336184
0,0,108.87999537393539,123.06977597488937,-32.22810587492904
0,0,100.57807836474336,116.9952372497475,-33.0564604248042
1,240,357.2138683631106,6.264616685711509,25.918702725509846
0,0,335.91801710978757,162.6321845278932,-44.20523140864899
0,0,185.23583035102865,111.02174422257482,-23.244922891232314
0,0,122.01369188181373,109.17661339080996,-24.835270840799687
0,0,106.94219821867232,116.64198160516102,-27.98298431303403
0,0,143.17292095956017,155.8895284133926,-45.07951142526635
1,240,699.261224221752,3.4512516504896085,48.34975430237792
0,0,134.74825711024678,126.62032369535679,-34.09611492170273
0,0,122.6191961040379,83.94407456853159,-25.1844766448678
1,240,501.24862449694746,3.878614587913403,38.667472796815886
0,0,195.34159764968453,141.06021310251495,-36.83299586046503
0,0,221.82272071010766,125.13626012901312,-29.597263280132935
0,0,191.3072305055104,116.6805559952903,-24.81888002243297
0,0,130.28757481863596,139.75522480713641,-34.63450205071713
0,0,150.4894397581509,176.50302406980904,-52.39963664117032
1,240,273.8009062752413,12.28684661020151,8.497091049004396
0,0,115.67762877237134,142.7983925932027,-40.72629077821782
1,120,215.36225569602064,84.20612484712458,-28.54797613917171
1,240,396.4518886869722,9.59294473030786,9.77172816472499
0,0,145.26941159606255,106.90360499861058,-27.651490315273207
0,0,141.18533583589914,125.6334748488715,-29.44819771696617
0,0,215.71691561844744,125.53868133541513,-29.095456949169062
0,0,154.44166582331508,116.68420189965401,-25.154955206371724
0,0,143.04772553082907,153.11687951150077,-43.34005564091811
1,240,401.0726474589445,4.733952776154749,36.230915824368466
0,0,114.72894805485768,137.51418485953602,-37.59227330895141
0,0,117.7026228886811,139.68828455909622,-42.97770600684123
1,240,297.40999360126176,24.833375466062755,-1.9538574873256636
0,0,140.00900439403034,126.61352282028628,-34.8061723595231
0,0,133.46856348808367,142.75741407207715,-36.88744169942397
0,0,139.51291580727454,131.92009691379207,-32.355359285220956
0,0,208.6735958267763,125.16021480362457,-28.99774611318027
0,0,425.9172064433939,181.65880933452203,-49.810463289971864
1,240,512.5339426780515,6.6897923061299736,35.70618771065966
0,0,154.33186476186182,153.01877941547295,-43.0981510452874
0,0,156.38612858090465,99.46842198454597,-32.17033643031161
1,240,358.47232954793094,7.926344991208286,14.423972925954885
0,0,134.92504294065802,127.72590629068469,-34.02709594378332
0,0,118.01725518897376,133.28766481119956,-33.72435721151304
0,0,112.23060548489919,121.95031728414158,-29.27791708747369
0,0,143.36368414995198,117.11870706445663,-30.719659177677606
1,240,1056.5581858927762,5.78461307106908,39.001651042071956
1,240,458.3225989566055,11.494053730829238,26.85296880450892
0,0,188.75538174000584,139.30466322390828,-41.154206327737434
1,120,265.191918116695,44.333760276111185,-15.353208835415415
1,240,479.001881994727,6.965796290978322,15.44539250532165
0,0,121.99180195308503,108.00035800772697,-26.229214303361672
0,0,109.80931410373873,129.68624770034268,-32.86690922323455
0,0,94.56515526740662,117.82598363256533,-28.76233549426545
0,0,94.05518000913727,100.94082587653837,-26.7978731920224
1,240,380.8279435548176,8.263592949754308,10.919328512175923
1,240,1046.0680695348005,5.057361639795462,31.201861895064113
0,0,272.9260573059462,166.25108754047065,-47.265458491554625
1,240,338.3978705685309,5.3051184391150485,18.329838364950234
1,240,364.729176281425,3.095367390077544,31.26349390841979
0,0,127.83048416511647,110.45527897864382,-31.300354908452903
0,0,101.37855145501774,129.85287635918297,-33.595249134152546
0,0,100.2989959435254,145.22903400694102,-39.382824906841265
0,0,80.22440659945401,109.51875805160289,-30.656864694934214
1,240,235.8473747262368,5.572666452704009,12.783168521009145
1,360,262.77407289728154,2.7662293126118325,38.78803144022494
1,360,520.3531929936079,3.7286855698588224,34.62329463649009
1,360,406.1738283849936,9.595156639118613,13.426690438238396
1,360,345.62145636053543,5.0287327172504,21.961667497648207
0,0,144.430078497667,127.78050100117648,-35.81920630744306
0,0,96.42197328964356,113.11058751692511,-27.507740407579334
0,0,94.78951286680284,128.10271231157694,-33.75118383461033
0,0,86.03342234670917,114.68488902117367,-32.44076908150708
1,240,304.8599604790831,3.9071248380763293,20.585853273582742
1,360,326.01860008179386,2.1908916160194987,38.62725135600111
1,240,525.9485353764884,2.872717470418005,30.996115381342946
0,0,293.02853902165765,121.88258287871524,-31.276962854001113
1,240,461.685780756311,11.255908492011052,22.521618433804633
0,0,209.00878040090902,167.37147034163144,-46.74393773656554
0,0,121.31016476279147,151.63421655000178,-40.27560139660262
0,0,94.875734926829,141.35360371941064,-37.39622813066586
0,0,79.00731069165646,120.66617922995586,-34.868528274270226
1,360,190.23078107401375,4.425986212642641,20.99627894276908
1,360,211.61791026939966,13.007883759928472,3.4779603811096678
0,0,117.01763022510755,136.8414757965628,-38.81139194350532
0,0,125.67132779789827,129.86760436888983,-36.690112520860175
1,240,450.50597860659303,8.517883949703949,24.80696984262154
0,0,213.13018580131254,142.07768754565538,-32.96829240569816
0,0,126.78712468802638,131.15236330975927,-31.816126723924583
0,0,103.2434917630828,115.98383450080486,-27.349163731240388
0,0,99.04576068161748,106.70389607483067,-28.067411294292356
1,240,732.690036085366,2.8185257045545384,36.22760807056527
1,240,433.5971139293628,17.257509275944127,1.109196509772815
0,0,148.82690477243227,150.24644817653558,-41.77716838865951
0,0,124.79612741079345,138.1764543626876,-39.33794302057213
1,360,345.0439522025059,8.794199280345733,29.687333369334254
0,0,528.7708511588434,199.37038170580598,-56.46895056002946
0,0,199.754997241799,124.85148972956353,-28.471089357078213
0,0,122.39084254406329,141.13638001545974,-35.498539126843234
0,0,94.02405119283017,116.10473413342788,-32.0611435671433
1,240,352.0799942446981,3.7112059852992596,27.42152201413441
1,120,294.6897023443125,12.376604443868407,0.5784922466208258
0,0,141.3850431763515,159.7530463401307,-45.844064899587394
0,0,112.17239482512608,154.2983546744946,-45.54570127937631
1,240,246.15683965789424,20.253697237909947,1.6506219110505498
0,0,293.62368208652396,207.9551797324544,-61.21913336717394
0,0,499.7358501784659,218.13089159194723,-64.79632775963748
0,0,161.11284549053988,142.2454569032867,-33.9843012184603
0,0,94.2789084572935,125.55621055481133,-34.478065374841925
1,240,213.5126870831167,31.795740636152264,-5.297964878661858
1,120,227.52761476115717,41.44259060394847,-12.175350418377036
0,0,108.08167613475291,140.9401653841789,-38.27932442079865
0,0,86.30923431508498,116.31731562647609,-32.13155750832795
1,360,227.60218335317032,5.894842567493034,38.78593899532706
0,0,238.30002164487195,215.75640432502257,-64.6928428853604
0,0,246.00207978891223,215.8381447788956,-65.54451683535062
1,360,311.40923217450654,27.019916363038334,5.13338019663
0,0,163.2939484667787,114.38954188926303,-29.61518116055896
1,240,303.74449233464793,6.499717504140842,16.340684156121867
1,120,236.02587230146318,45.476188164350326,-15.203773395625277
0,0,122.84079337321897,148.68975530742185,-41.95596146444109
0,0,100.74418562816214,146.44140911186884,-42.628859511492955
1,240,218.25991092235847,13.752979366198025,9.499076253789354
0,0,211.1599788551456,215.5114284302319,-66.02633001383383
0,0,185.73847117952718,215.8375527706623,-67.34030482943695
1,360,223.1200872472827,34.877739108595165,-12.443775167902828
1,360,297.4238462646002,17.254690017223282,7.1036072902457335
1,240,418.83511733206865,22.76682453052243,6.159914641302677
0,0,159.84050897026438,148.8814504612142,-39.8359501902189
0,0,119.70386796268812,161.53416808657155,-43.93304712744432
0,0,95.05529242351376,130.22833953213134,-36.51620710045875
1,360,244.99741027906765,5.77223685016713,35.86101806519912
0,0,206.90415047449093,212.62421871558104,-64.41271418268109
0,0,173.67437712388494,211.9692987780577,-65.83524910822898
1,360,197.67768721607288,11.892981547183739,17.658121281117246
1,360,399.50314750433745,83.14562873249243,-23.384620007924497
0,120,510.10430795792456,212.73531411429138,-61.91748949381666
0,0,259.2974851695585,169.41810056110134,-42.42438114619475
0,0,109.6282659153772,133.54124648421111,-32.66550083391025
0,0,90.8845128208431,114.63331210874928,-31.41849350195482
1,240,241.3694861719929,7.111457389921007,23.591988542297514
0,0,198.8917563962834,210.96393884486244,-64.52695850373418
0,0,170.821714713251,200.47379841735346,-61.95976374989108
1,360,181.15479265451066,32.71653363714105,-3.9246024082141133
0,120,236.08284733087305,213.9477614153452,-64.81220471369531
0,0,272.6012112170546,220.73519356719964,-67.94655771389863
1,360,397.752542681077,68.56970738469869,-21.181597851516287
0,0,225.27359825742846,152.83750938227703,-36.81134751009482
0,0,144.02820389209413,137.23123380246196,-37.32153947250549
1,240,595.1140899010929,5.381049360972904,35.29884786930252
0,0,269.5821921497175,206.69379789718832,-62.597433690543575
0,0,161.88299462465204,159.30174835641722,-50.32543722872743
1,360,335.15081535085386,6.507686151549637,33.93777587065392
0,0,266.20411476930286,214.6457102439729,-66.08116950719905
0,0,245.8920746784082,223.16748105261112,-70.92718470548081
1,240,269.1354607611413,29.611681481008414,-14.013695359957069
0,0,194.15815849921248,45.1799313612519,-13.748990512471963
0,0,367.3411174923935,177.1203442649043,-48.119976528580914
1,240,294.4250507254102,21.12733353428954,4.95534272595043
0,0,234.44029781607554,211.01473603912586,-63.79929493864175
0,0,165.7526488405879,196.82832723040283,-60.58063120411887
1,360,189.76429093568396,14.771991586822546,15.052097407748747
0,0,205.6885622624577,216.61003687978683,-66.2131864000047
0,0,194.80673974327456,219.97426083823734,-69.17397347370732
1,360,162.28679636014922,14.225385692254843,-0.4523380508346264
0,0,100.45419791878415,24.80104784573684,-9.623175297418342
1,360,408.36191437319354,4.204382008745836,48.05712905378071
1,360,452.7804907038699,12.341621811008327,25.21709961050918
0,0,257.8028712165992,209.69295492483647,-62.481857813646386
0,0,139.34585631495196,147.42014311379015,-47.007995299959774
1,360,136.95772290454835,13.82980777614739,13.250893363106059
0,0,176.34186502090765,216.85984991502048,-67.1598235310673
0,0,179.21607727851892,221.02786222283518,-70.73567183681939
1,240,186.28181979366255,9.581555791429151,-5.295930557233376
0,0,63.605246230142356,9.859834856698518,-3.557896155909205
1,360,207.68606643719986,1.744355869268219,53.04757843150959
1,360,355.29390282767673,2.7760015094936143,49.27141287247211
0,0,363.8585443258467,191.54833575049537,-54.44793148009843
1,360,172.96972773508324,11.941137265686649,4.950005934670486
1,360,136.9836824782349,5.995663555020001,26.174118385796802
0,0,168.84942193234244,211.80467717152058,-65.51280784082495
0,0,156.19624960306635,221.06104356235122,-70.48188099169936
1,240,118.284752158529,11.396624156321778,-5.40698865537378
0,0,42.24540859530244,9.463608980360089,-5.305547349440786
1,360,81.97204704344851,2.3762790845271713,29.92050359270185
1,360,115.51025187041417,2.18007708756839,42.891939391271976
1,360,212.6450251748335,7.362707579288096,16.95210078244328
1,360,496.2056202224963,19.03406642231774,17.152214603585804
1,360,288.96771351722833,13.471891871626713,16.433121608251867
1,360,433.0201539021355,121.92034145262056,-37.92942113509791
0,120,214.25968798602014,206.5435577589532,-65.10776783947236
1,360,122.73873483963818,9.022090864366781,-1.4707299258415816
0,0,37.683821214050845,6.754765660962055,-2.9777552400689444
1,360,70.99001376820026,2.0811616265424044,31.882825894481158
1,360,86.24114428043508,2.9481335436522236,24.37775444096839
1,360,140.91370120503578,6.222546198180004,5.970548378044711
1,360,366.66070459640486,34.3682041198325,-11.09872939494933
1,360,585.2600171066127,37.940378189847415,5.652253691786157
0,0,351.9843632562179,212.7080384178833,-61.15320550103549
0,0,218.5393447613862,219.87686826424448,-68.47282213658232
1,240,157.1229950476178,20.019875644588424,-13.781534371376083
0,0,44.27730637116467,7.344838586873845,-2.4302638621680757
1,360,133.04916333625778,1.2695916628583614,52.71158250684728
1,360,93.52734479089276,1.7676892059701546,43.11510181000175
1,360,136.23483379781578,7.3552519755997885,2.66839556370131
1,360,191.6990726994184,11.52615393335821,1.621137460216815
1,360,268.26135997169916,10.815217021660605,13.622534826356983
0,0,487.00876674856266,222.03772719429372,-64.11407579697837
0,0,252.3701332550985,220.78515328640134,-68.81765943353095
1,240,150.97933885703208,9.830768696365283,-3.458954159159788
0,0,42.48942008591223,6.868642415427078,-1.6107863512536085
1,360,105.05053882100934,1.2811155182475578,53.370681513871844
1,360,86.71919153028165,2.107527651762715,38.056172417433245
1,360,129.20648893926253,8.100202287165736,0.9173045175724468
1,360,121.05904839759303,3.7468268770358826,14.541276655078363
1,360,166.31074566667357,2.2562586653512504,43.990430691043926
1,360,256.0715830368156,5.292680851505987,29.62573305968914
0,0,412.1139229752783,197.1120291271874,-55.84800168472883
1,240,162.2255589727891,14.649269002017657,-2.1462831586540148
0,0,45.02605019304379,6.2993285830990375,0.5270582601664131
1,360,92.02055591123505,1.2636897423631643,53.66883377601242
1,360,73.45277811893813,1.991991965689626,35.572207829774314
1,360,79.77462581117399,3.2091859364159685,16.932338802852215
1,360,81.31136455706745,2.35396709739544,21.029430456125866
1,360,86.3226618762342,1.982044241976473,30.500766039432634
1,360,136.17032028958428,2.0186129334799237,30.11549198063493
1,360,302.0211847399627,11.222799348621034,0.9620860087581065
1,240,294.5363708186862,18.13165094520582,0.37724237584939146
0,0,67.65710491239435,23.58312807833116,-8.240819541071119
1,360,122.87849710338556,1.6327924366097097,53.65957629252485
1,360,80.23871837315674,2.0981750948633895,35.68054997670889
1,360,81.9034412181424,3.204826644082086,13.296377619876097
1,360,86.06978275395791,2.5226576324721197,11.011068482673295
1,360,82.7933047967597,1.9532402438258272,27.324825696883977
1,360,111.70659618635737,2.6595566034585367,11.302108545741802
1,360,228.36457862335163,11.46213221371215,-9.586800573486542
1,360,384.8536046061571,15.558936579987684,-3.248816681524133
0,0,96.45473449835715,20.114900185648043,-5.790740936063941
1,360,101.91762637514445,2.957533028033458,37.19290151431268
1,360,89.84033714754976,3.001561384257305,31.28428097465276
1,360,134.96991105971975,12.075189227566282,-8.623636562299339
1,360,94.3119757395833,4.1667150336753975,5.297172133358345
1,360,81.13577468081513,2.5154330563870566,20.912433196204603
1,360,99.8294677415502,3.8815615435321367,8.638616413006346
1,240,205.15177722612344,9.542625835379255,-5.5329210777251205
0,0,229.72535907109548,32.912398117210714,-13.749629870635204
0,0,171.28822752369754,10.78367272930194,-0.8555616937689337
1,360,397.9009997016006,12.36402968361992,23.505384572913115
1,360,204.62714444437083,10.718485944672329,4.564964369750328
1,360,148.92455357930385,8.799572477024325,-0.8548113726186841
1,360,114.40457808041798,6.38849079872632,3.143613049397203
1,360,109.0103373731703,3.468281362938947,4.655784932641069
1,360,123.46009357848966,6.2113585060025605,-0.5771344235570695
1,240,200.1244167122345,13.118570348075252,-6.165193461652407
0,0,91.63383761571411,44.17297589367172,-14.068521643442892
0,0,84.88103832816476,12.369679030480516,-2.3624918968645687
1,360,513.4094944829661,3.206086015255243,51.24245369465926
1,360,350.799881188375,21.843396370934137,2.7538370636980005
1,360,169.2883087685208,9.809944626268122,4.628731099617994
1,360,101.20712758021949,3.2265425619484143,21.655134888012583
1,360,102.46784464065713,1.4825789206960553,42.69119149591798
1,360,127.85247611837059,1.2718730604404036,39.13166795913557
1,360,159.26005743705647,6.011396444555813,5.751729367663572
0,0,87.0510489712803,81.52785794077084,-22.028588899257144
0,0,67.6262028172548,11.695326603188926,-3.58858534774474
1,360,324.83565971789045,3.296155871554258,44.862969645555594
0,0,504.8551687979205,199.321042873288,-57.3382266743279
1,360,468.8685340660365,26.973086345899357,2.331015243677271
1,360,187.32397764856455,5.620791036627574,13.48109400558323
1,360,149.42248994357533,1.9212287071641159,39.914432573205445
1,360,111.3144365828148,1.7459006407520248,34.244107690122576
1,360,162.36306536091914,7.094743084297193,3.150513890398784
0,0,82.16155759938951,77.35080667797918,-22.097983037751675
0,0,58.466503274656375,17.32685545988372,-6.372408913963497
1,360,143.43821873379,5.063579079922629,33.54395237790479
0,0,295.4248684022688,215.62707218488111,-64.4725470104617
0,0,469.94559564468557,221.13199791499775,-65.87667264806967
1,360,259.3121086848667,4.805879069147766,31.729855490962038
1,360,119.23676567720591,2.620424498255802,34.84222989381
1,360,103.04927107488557,3.6648644200753453,13.557838120979142
1,360,150.56202453994783,8.254453822652511,2.2671639705814073
0,0,87.33082289205935,87.62025798748857,-25.36948893187362
0,0,62.21840418418656,10.028253077012387,-3.0596776281919347
1,360,294.7608474466953,2.8293014275879145,46.906115273491324
0,0,321.9609486737105,211.1345094121831,-63.03946003324446
0,0,265.25211258668435,209.0049258439231,-60.891100357817436
0,0,530.2963218627087,221.07297036236872,-65.7445963108067
1,360,268.077806514436,8.264346496819579,22.72816810819367
1,360,145.45571971551166,6.225804048366386,13.266819193717694
1,240,200.52299252481924,19.409065735156478,-9.163751543540016
0,0,80.88730528524805,50.96282661574764,-14.48977412979022
0,0,56.25791035684994,8.463089797414053,-1.8458376614485843
1,360,194.62957982293685,2.4965106773716825,47.04137387070317
0,0,255.921538968119,211.90917384431324,-64.25006357953339
0,0,153.4955697271117,176.7163491829552,-49.0861708861038
0,0,192.83016193229898,184.9511692691382,-51.11592169632206
0,0,430.43489777258975,212.29188550831344,-62.111291634579096
1,240,443.79466929270865,22.94453168489958,-4.375989271461947
1,240,310.03970028969457,15.952317026509585,0.325147895424692
0,0,94.74450304701138,61.257871451928985,-17.216134720593743
0,0,65.60872450764991,23.8175525093049,-8.889947731120202
1,360,138.71630831290722,3.641433844216185,40.74626396334021
0,0,230.19718849292147,210.9952430851021,-64.34071769794362
0,0,109.77132697211269,120.55426079540896,-30.423144940583335
0,0,114.7937222924319,98.76422097140546,-21.644519581461253
0,0,136.06438482403806,103.67434447813064,-23.84094736607009
0,0,187.64021966914692,13.242601487664144,-1.0019641452474843
1,240,370.52457742256775,14.085123058634855,7.336069464077184
0,0,104.48239824720041,63.1353100500851,-15.839617730943885
0,0,67.83567617200018,8.733728707647987,-1.912399601798512
1,360,206.5948574576945,2.5474551968547763,47.25989697978561
0,0,255.9826856670121,209.6595714361676,-63.815477040913855
0,0,117.46967822506325,133.55593117624235,-34.90155825673648
0,0,115.09897967244561,109.90352008558187,-25.727592910709475
0,0,120.4044930507655,80.81271921453923,-18.194870537624496
0,0,91.57089415156801,6.677495500966639,0.005812270668968722
0,0,129.6157546548981,10.347222781354816,-2.2325648069809176
0,0,104.78028718926815,17.115992234634646,-5.000383283311606
0,0,55.92895494679617,6.594288112058148,-0.6879230401576137
1,360,125.31039903518821,3.3734569405161228,32.40230176013823
0,0,226.82287468388844,206.05044377905242,-63.432099920798834
0,0,119.09270704733314,139.23528274680882,-37.07964544477831
0,0,117.13401753647865,118.2143338140072,-28.647737148444286
0,0,118.75194513247826,97.54552148583885,-22.578965314820252
0,0,90.89031121470366,13.966347797019782,-3.6873001345683747
0,0,94.61929061419269,20.9558424663622,-5.265246649349592
0,0,164.43309763716633,66.50112232330792,-14.755963767720544
0,0,125.7701102106077,16.8549617263216,-4.693871809483028
1,360,161.1882756229898,6.3184334829454905,27.564896761253166
0,0,240.6828837881296,210.52723891782898,-63.991181646890354
0,0,131.20913968450844,159.48815875378537,-43.903787244560476
0,0,110.102725302747,118.38387919633847,-28.932219827375754
0,0,109.87831669108807,99.81003239400638,-23.860186234436696
0,0,71.81373144617956,8.050959114514741,-1.7454742816751008
0,0,89.2612856175516,31.077212301804284,-12.96555483652827
0,0,84.75457326089526,27.234448956392068,-9.916904891933868
1,240,296.1130124900716,13.561252626600535,8.45227257015641
1,360,579.3876668011975,29.68044468123044,9.45016799627733
0,0,409.8566416867366,216.19334971888446,-63.37945590939085
0,0,287.07459176803457,215.71038651430126,-64.49756652205627
0,0,134.84545247478323,144.30310425158635,-38.02139888342459
0,0,108.64716407090131,86.87982895831425,-20.27912002631932
0,0,71.0340883631755,9.961534832059705,-2.6228691878563524
0,0,64.44056069584276,16.616737974216374,-6.681213622856916
0,0,57.893550544065796,17.631977947256665,-7.973060569467378
1,240,182.6176883161272,6.32184520112544,5.303111295139189
1,240,416.2512215295283,7.158516178534291,8.72016892450597
0,0,610.6794049393144,213.19722492852893,-59.05227721860291
0,0,227.93856954949115,177.7197453815229,-48.84562426607601
0,0,131.90523034923447,105.37833910315072,-25.486496759698404
0,0,82.94593915479574,12.135787948387703,-3.2154749459039067
0,0,65.20325637157109,5.6039964128135695,-1.4884047444865445
0,0,60.379616162800474,4.5094016166392095,-2.015330982128475
0,0,43.059459449499556,4.677033801631103,-1.9410439043020347
1,240,127.96977031441196,3.1222200623097676,4.8141555348612854
1,360,163.67826351792343,3.5952481775018827,8.54104295976336
1,360,316.1516495249959,5.990521385944654,12.447024645697482
0,0,141.73260672623343,15.048171549728053,-3.7723611900381826
0,0,79.12833445090432,6.500981838797663,0.085853571964563
0,0,69.31223745199186,7.9871052508616645,-1.3747205223202599
0,0,61.25994611632153,6.63382496679235,-1.576250442535084
0,0,53.41541639058143,8.64908416460603,-3.103365341362789
0,0,42.614020371578476,4.831239763313331,-1.7674608049581053
1,240,135.9853724971406,2.8593749494919374,5.268205509797312
1,360,159.45071860292288,4.696674306487423,1.1818138588423608
1,360,269.9773218005553,12.512935998426933,-6.641620972301865
1,240,493.62861674345004,27.18157070879627,-7.9721622976677935
0,0,132.43974817389307,18.729039594811763,-5.094252686369202
0,0,75.2631126337944,7.262123034073824,-0.9698482864361182
0,0,71.18069760618343,4.281204101534177,-0.32673851744431204
0,0,55.53524230325576,8.780651677299208,-5.4397491563001665
0,0,63.15007514610341,39.2563727846368,-17.62356438913085
1,360,129.93464931314105,5.27338598560296,11.781944205277966
1,360,207.34729966861957,23.853327494647985,-13.158376804238799
1,360,260.6141003338601,26.82967776608831,-14.782034785715823
1,240,352.1882536022119,35.50517398094498,-12.6155987113099
0,0,227.50682443009117,72.32665660982752,-17.387989967711405
0,0,151.17845672244877,53.94006850934423,-10.437860264084378
0,0,96.32364431926926,47.776923478745395,-10.86935304894709
0,0,70.72403016243854,25.818170332762943,-8.454698056554491
0,0,53.67276191985881,13.008863822339112,-7.6518227220772275
1,240,147.88706618045376,4.603938382622447,4.648059795164556
1,360,205.82581925730346,15.002380254352103,-11.23612270867315
1,240,253.41998829363942,7.828373043304146,1.3818959762743077
0,0,192.23771684932672,48.47041419659172,-15.85902568576688
0,0,133.65845380198033,82.47880365378937,-17.732255276881745
0,0,223.1782638988807,112.46749330484286,-26.10312336245746
0,0,114.21901814082185,14.517965907636006,-2.910215768642999
0,0,73.28600202807502,32.11566332935808,-7.737216666508061
0,0,63.07844826123945,76.88566147729621,-21.78024845037993
1,360,129.65995394651551,8.935250656642424,8.030496972584615
1,360,169.29148286486677,17.170928071821844,-4.380707840385696
1,360,206.1187203336847,13.434830892789005,-3.5310959525707233
0,0,129.57426468123313,41.55965301247386,-15.071970502866009
0,0,113.83165368997334,78.24819008510792,-19.187408036658425
0,0,145.90833451838625,101.57986266633864,-25.350287051169353
1,240,1362.6985995099337,4.9290402454181885,43.95975206711189
0,0,136.36644543558907,56.579696049055286,-13.156596112494896
0,0,85.94755737252194,106.21409589711392,-28.588192296034713
1,240,184.4202349588775,34.45193718678353,-8.370556408691328
1,360,229.41153163094768,41.38760242456991,-10.943217410632542
1,360,223.0904774627983,31.85386212739983,-13.926076871834297
1,120,188.4557583810062,24.050700873751342,-8.405647132344882
0,0,99.64707056224165,102.70744342126301,-25.116836778358355
0,0,109.2235232870346,109.41029059187946,-28.845288252982087
1,240,503.52989288501783,4.865145320218441,45.50594203180158
0,0,399.63124496401343,154.42051051971026,-41.90756575025001
0,0,79.53532161880585,10.094506559403854,-4.225248695586515
1,240,145.24684150383115,3.633852799758928,6.8946692696601275
1,360,144.64241420715294,5.492215150906102,-0.2366577078003047
1,240,221.78265907979838,5.867179719359196,-2.7230581972216754
1,120,277.37505212136887,3.8758657204154203,10.650470478605627
0,0,103.35219322687334,79.77212035223651,-19.813556320493177
0,0,106.8067663292255,109.84563323174385,-29.79099937149835
1,240,525.7279356804446,3.494616253579914,45.15660941289117
0,0,182.76311860906375,130.07106749122246,-33.65471472728568
0,0,159.25011571385863,31.104336386347743,-8.89643113993256
1,240,364.1282744989025,25.070669693045552,-5.563515158428956
1,360,279.88471941364736,24.682054190840574,-12.017059075433266
1,240,275.21342449342416,9.571192037539843,1.82790906057987
0,0,127.79821040691316,57.62947103897437,-18.07668967250848
0,0,90.58884574621752,42.685324179865155,-9.949533294066185
0,0,109.33221341476676,103.8841969576155,-27.191469474845753
1,240,870.4955601239185,2.9391002289976162,49.13475931199504
0,0,184.94563859259986,130.0165016591811,-33.52936882357996
0,0,121.64330884641608,54.52468746916145,-12.341874158166505
0,0,206.2756340537586,126.40751839431795,-30.422695804683542
1,360,312.2606835193086,11.107359548027807,3.5153601916833708
1,240,288.4982646676618,10.16392132966316,-3.3733488566584526
1,120,313.34039773561824,8.495932717589394,2.7706188944951293
0,0,110.82425408247416,73.39866078694631,-18.3651194634064
0,0,113.67026222683998,106.5694307901296,-27.913067063315026
1,240,909.7289326638451,2.830939377196857,49.203302734255814
0,0,172.52856235117082,117.02486653986364,-30.656066818218108
0,0,84.37507036653219,11.126298396784428,-2.6446232172618096
0,0,124.1595850607292,105.58437962718206,-24.304275960300764
0,0,212.08461579283863,120.08385971675219,-27.719140749686176
1,240,527.3428705570324,23.644498395249357,-4.711139763842283
0,0,172.7672203882114,16.96171272314904,-6.125579675290311
0,0,102.5906481610704,48.851259590734436,-12.602954214742667
0,0,117.13059404684837,93.26492653911791,-24.651236084869886
1,240,817.5648735895977,3.1218879601301035,48.60732581498392
0,0,240.67791859455986,161.46452770341844,-46.21361127596455
0,0,97.96311042618784,21.4962611529305,-8.395607623996483
0,0,132.84398067960865,123.3949762049068,-32.04659156398987
0,0,145.60340588406552,119.21639438424364,-28.83091062023682
0,0,212.45616644224927,53.124761268074494,-13.147016307949812
0,0,170.42173322942733,107.7467041385894,-22.092413752594197
0,0,108.00880795149652,72.86077076969164,-14.935734374578146
0,0,118.22418359861318,105.84591009366775,-27.620642604884793
1,240,828.3470068114012,2.9512388795224003,49.70863874499692
0,0,172.0314988633945,100.8702613829723,-27.519476064443438
0,0,97.26539870511371,25.380948788719046,-6.688790809684079
0,0,120.80403242831241,112.6461931559527,-27.53493162334822
0,0,136.560087984809,118.41776805788943,-30.14821564643814
0,0,111.0834077130629,11.732136700488736,-3.8777443239858655
0,0,157.152389446993,33.234692453156086,-9.269567961532218
0,0,177.4788943483785,98.73093133770041,-22.690345734018166
0,0,135.01709173469067,115.32204871169758,-29.75142257279858
1,240,919.9192329498287,3.003217157284857,49.30946789306434
0,0,157.27547636886572,108.68223597870394,-27.455387013518276
0,0,106.63078535895913,22.132644735099756,-8.213929510552674
0,0,112.96816345117341,104.75952444824698,-25.57189070412924
0,0,117.66643819033723,105.85366395760165,-24.68363727707643
0,0,119.11912006335481,91.75657619598314,-19.857370848506335
0,0,112.13139230197139,42.917727119310506,-9.010231609037618
0,0,189.4386966669394,112.42873120478595,-25.414677287344972
0,0,202.30245895271113,127.31486486683661,-33.04642620040756
1,240,429.62777041604727,6.053937560583772,25.191461876558407
0,0,165.13823447647832,128.54061069430222,-35.24691734392162
0,0,109.88134341867512,41.943440398751655,-12.967393651741546
0,0,120.44786481012127,117.83352812773379,-29.626694891449056
0,0,122.66395086251585,110.57466249262056,-27.23668425007591
0,0,97.9379330405294,27.759659529015526,-7.368962216336783
0,0,77.51969108671663,9.155033713260526,-1.233469923809949
0,0,125.19461253491117,109.32282498521351,-25.600963006725515
0,0,237.85376637074762,142.7277703427358,-35.51822713110963
1,240,839.0284758348045,6.556887360202387,34.36579709920878
0,0,217.9916997811254,115.59880534115962,-32.01404770508575
0,0,193.59688757678083,21.367936148746928,-8.07520992493653
0,0,140.99648843937328,113.63119378161203,-30.334665168323312
0,0,125.62506534365599,103.18420497862162,-25.387459651817267
0,0,104.40770495854508,10.305074682987845,-3.2195224529538393
0,0,93.75525057656141,29.858505596625058,-8.898951584923182
0,0,123.77256069163205,120.120051634723,-29.67547105016702
0,0,140.21800730235302,115.68801809407512,-27.210533972804193
0,0,167.7715441574901,28.953552425683743,-7.296344867267237
0,0,250.39167365843207,134.61109199716208,-31.471591933214356
0,0,122.85846628823091,59.39046450548251,-11.997688108272598
0,0,133.31695504333086,121.50096859583047,-29.45332315017562
0,0,121.75317792421959,97.92356928009852,-23.638651272849728
0,0,149.48094999663277,25.69691152441299,-10.377908547389112
0,0,113.22684096731025,46.9097433209346,-13.379261839758996
0,0,123.20818368920473,119.63074961027576,-29.591593599891972
0,0,121.16400896211869,102.17988466964096,-23.085421523334965
0,0,141.40193390333533,71.05775193823075,-17.13380546818506
0,0,190.04174096449546,81.19444179161302,-16.700193818665667
0,0,175.79696336677443,55.30420709076605,-11.271599160805351
0,0,151.00201097378888,130.07964439099294,-31.79047313811852
0,0,128.9441272041527,109.08389912578279,-26.665721558446812
0,0,144.2243063659822,45.65792025275275,-14.69591693989355
0,0,101.27226457166181,41.79721436512291,-9.915842817629638
0,0,110.46517309727977,104.97186769407934,-24.814922342562994
0,0,122.75112515144579,98.04038261198916,-24.231859401398182
0,0,128.10831961991283,41.02341989631122,-13.199153059988603
0,0,119.38251337977708,36.81116580247513,-10.787388389209994
0,0,140.17529303438317,18.385449206595414,-4.451697732312439
0,0,188.74865945738745,121.70620774286306,-25.944995822018313
0,0,127.8946235834215,103.70538159270404,-22.13756512040321
0,0,123.60604533011164,93.12654100477428,-21.014276235010698
0,0,94.65132064714088,25.380391073645587,-5.822893782537648
0,0,117.64016120701609,116.57727221741469,-29.01033248627811
0,0,116.99207874952263,113.51480640686486,-27.087608119005615
0,0,108.17780590980179,82.27292918084787,-18.327333924354065
0,0,80.070275881712,20.600471475283516,-5.33424977541371
0,0,80.40025153701984,16.137489260316578,-6.003065969729192
1,240,344.5381146055447,11.85761537240421,7.183669727348388
0,0,131.08922685898168,29.281019614058017,-5.760326509720031
0,0,111.45023122612973,52.67094363956313,-12.61435698264576
0,0,104.25989409334905,12.86754712527932,-4.062127820731973
0,0,134.43047338572492,131.31467464026392,-36.497375096377844
0,0,113.59098917059978,103.87995182540588,-25.75590432425198
0,0,90.99732360579581,29.373367483745668,-9.424403600023439
0,0,85.44620885467856,53.68819427471291,-14.514201838787415
0,0,63.698388953808525,12.47820424710475,-5.4178577441488756
1,240,188.0743226886896,5.360182424425922,10.333665866744056
0,0,150.49182033041035,38.32533154356033,-9.717747466060317
0,0,168.94423672461943,41.26050114472228,-8.263905126320694
0,0,113.6105665434193,44.73511297984818,-10.701492469361753
0,0,114.19074601122611,108.38688162718068,-26.390269153077142
0,0,115.2792003285455,115.53026233912193,-29.281071606675795
0,0,92.66598573106796,46.46487440224267,-11.925192290093591
0,0,85.73935932434414,64.54728578460379,-16.1337700416004
0,0,53.378239787129445,6.947859163470146,-2.241853994179081
1,240,146.29433864222938,2.3302161512270927,16.417724172816477
0,0,72.87122132003833,10.51883658269638,-4.962317694815866
1,240,280.2988482983273,14.042476806998389,3.2594161362201817
0,0,135.28419194220265,26.374993784064777,-6.396445610530279
0,0,125.20914536175229,105.54995651429859,-26.267554657349052
0,0,122.79356735401454,113.22975444252381,-29.698889524377613
0,0,97.23948447566067,56.2026229024968,-13.878383923227616
0,0,62.60564960642209,12.094370835796626,-3.379943228457833
0,0,48.82991276016598,7.993751806712828,-4.104457558299913
1,240,148.40018152689393,4.30560955070742,4.195711252695986
0,0,56.07495204265166,11.167573824478204,-5.418042682460552
1,360,187.85958373482745,2.4955646825080056,20.364719892329703
1,360,377.5413028212831,5.920822794664956,9.077490878481001
0,0,226.02536030485084,141.57976530376206,-33.43840559399164
0,0,126.87891275271633,120.39286635570468,-28.399042674799
0,0,109.47502507821791,79.95478377066452,-19.511779267443643
0,0,87.05870647871491,55.606387586003926,-13.680864522400384
0,0,54.563095944898805,8.182695385652476,-3.0472127859846267
1,240,186.18994104050557,2.231992644946372,16.93677732233256
0,0,61.50242440503563,17.391918608647533,-9.324616170992044
1,240,185.11771995878405,2.576642962537765,14.484062025395971
1,360,217.99938562870597,3.6523699780170484,10.01883745284158
0,0,142.70519519086716,10.960573091970879,-2.6177173348880842
0,0,212.54102817527001,112.55464124855435,-24.40064467254193
0,0,106.55577466066921,43.262860699720406,-8.67820921610057
0,0,94.15789603410401,71.98746477058857,-16.86017602617339
0,0,63.805140615557974,17.503526599852567,-6.623502301708868
1,240,240.51517814047946,5.617972229132516,6.3438912737630915
0,0,68.53190853745592,21.417551131446896,-9.007188052822528
1,240,331.1583009342128,2.771507751875031,14.222432437836531
1,240,484.2316591670208,3.1166945769278653,11.82329641176986
0,0,113.31284764222723,11.167859901627534,-3.906124428901279
0,0,170.16035773139643,13.065635246030217,-3.276124144231801
0,0,127.61404480249757,19.10320504239504,-5.051859541380111
0,0,73.43969630756945,17.920879770017415,-5.138680152786776
0,0,57.03640282992858,5.412808888032248,-0.7488153002665712
1,360,119.58794542971054,2.208551690894097,21.519189377071655
0,0,57.94552637173079,16.61356856428436,-8.919395194291596
1,240,236.69778315366804,2.0985053921399035,17.346008818420614
1,240,342.7445914652636,2.495959279459251,11.198099239252329
0,0,88.14816403720079,7.267279191148586,-2.4879963191231695
0,0,91.3968799874303,17.27772780103435,-4.57840689557284
0,0,123.00415731051018,9.671818997978148,-1.1152996265974622
0,0,91.54789328911822,9.984572615870771,-3.002605665207142
0,0,48.801306216848076,5.626985013013788,-1.2661828691704642
1,240,124.45877764951047,3.3717332580075388,10.79955189362768
0,0,63.40505143917971,35.91725502900766,-14.874688879868074
1,240,166.7428308678249,5.47809810091564,5.281838105344093
1,240,308.484982555213,4.63886461225908,9.044487315773566
0,0,105.70851765746716,37.87403716965316,-10.366268001656735
0,0,100.91142649741877,35.07176619725777,-8.052557623731474
0,0,86.82344359115866,7.510032347709616,-0.290046756406781
0,0,132.6393194816449,15.180742588572826,-3.4814796455225405
0,0,88.24962742771672,9.494172307856537,-3.201995584958226
1,240,132.28782231950566,2.451717493437875,17.838388579440505
0,0,50.759786010622555,11.190512338616001,-6.06638884764881
1,240,149.26462399459766,2.34330711377658,10.926662637222023
1,240,248.79061411729955,2.5444448440128866,7.765644174450159
0,0,78.47176128568543,6.375025769998922,-1.8033071337136874
0,0,103.18286652287509,56.56444461743483,-15.300533120296862
0,0,94.23593912801014,12.704279196104974,-4.58956131774309
0,0,84.35667194378402,8.809690764085186,-1.573835676579705
0,0,148.07497268413422,40.01455484119796,-9.82421909407104
1,240,372.7102374942746,7.913689912769609,11.791645540713574
0,0,99.22348740487413,49.143285700848445,-14.94654533988384
1,240,468.9625326621102,2.191638169085062,29.924244630549566
1,240,646.1758231626827,2.27746560052918,22.15216452658332
0,0,104.30660998992646,16.11490450719625,-6.31307013567266
0,0,78.00978289859026,7.468572819894504,-1.3475134546960703
0,0,74.45563952747136,5.126797166440996,-0.4911909481429575
0,0,73.26964409583498,7.482173216358178,-1.80644051710874
0,0,84.04449956815948,7.88021617894322,-2.2287286580014722
0,0,138.6046481378799,18.076585154991793,-5.599636252676163
0,0,148.633851698248,18.799210619491067,-6.830094247712012
1,240,379.3486332806691,2.486395323278441,23.242655923387105
1,240,396.6374826347435,3.2597764692687,15.565190259676939
0,0,110.55490933540324,34.535522251676234,-10.129863999810595
0,0,83.93473818291058,11.142622843327768,-2.281679138611665
0,0,78.99902403298185,9.831238873635948,-2.139218515147803
0,0,78.39153600054145,9.385028911903307,-2.5721538188416133
0,0,97.89823416408822,33.832620768803984,-9.749995423665752
0,0,129.2438752597945,75.11209866524904,-16.81057028702874
0,0,183.7789881445862,50.14035029916471,-11.256825231677908
1,240,818.7663144007747,4.678764252526501,29.51659831999021
0,0,203.44592716134093,30.5082526817195,-10.430658237832347
0,0,124.86352027785307,57.42030081288033,-14.813532422170994
0,0,151.97807960834476,18.06566549093218,-8.512330118426092
0,0,93.00735412504609,14.264443796428415,-4.059760610342465
0,0,110.44436009409702,65.81250845377384,-15.42809299979099
0,0,95.2644143604494,21.62290037757165,-5.329689725042826
0,0,101.22303207012439,36.53375218826636,-8.279017228360914
0,0,118.73445359440036,50.398184323998485,-11.17434274466811
0,0,155.4497701588483,15.094061212325698,-2.9483024929457855
0,0,153.48475512741868,13.137371121740872,-2.126743105036965
0,0,91.16167944819513,8.293829589780543,0.16229650211002422
0,0,84.16802292827978,10.326493468673046,-1.7631438163682986
0,0,85.06213186075979,15.276830217588001,-3.954176686227811
0,0,95.6748250179812,32.785459278646606,-8.151034632725796
0,0,107.36705101457821,48.16622303924435,-12.854359355642032
0,0,110.26478559332469,45.56925258058867,-12.597067892479444
0,0,88.29911499056765,7.6399916916958315,-1.4504976745436693
0,0,100.58491400794554,25.259144899617684,-7.66105378580599
0,0,139.0113859124971,22.854533799113682,-5.188090385716208
0,0,129.8223316467278,16.24734108075632,-2.859484547772979
0,0,105.38813797557665,29.872585646100934,-6.8246781971556345
0,0,108.23456555410247,39.461651639538694,-10.1330607906268
0,0,95.5019614637689,18.272287193777927,-5.052657418096217
0,0,110.51411086129936,67.97940297995787,-15.457450635782436
0,0,109.04802976727849,50.716377919986265,-11.473662760148173
0,0,114.64400696942829,73.62539272069326,-16.577669545201033
0,0,103.09875296970732,33.1713295231599,-8.31223214913885
0,0,103.2969866225705,15.921684210241848,-5.326677872538298
0,0,142.26684114943257,21.997078459476977,-5.828056203409432
0,0,144.46066318317193,13.314355412406302,-2.1438789606021658
0,0,108.8116389419136,28.125961013572727,-7.490228909281996
0,0,97.62536390286161,22.039271680422708,-6.5307372445696075
0,0,88.84316077229329,20.07634023474397,-4.883222220885713
0,0,107.53133317259807,64.50440128575148,-15.792120288552411
0,0,117.37426262169221,54.222229018838426,-15.312802456288964
0,0,108.81607134073955,47.43317967376126,-12.167419206781801
0,0,118.22505647510832,86.67908762993234,-18.885900465148765
0,0,118.63534243599797,45.20804092291545,-9.793841655389471
0,0,159.47462635004294,32.20925477731632,-7.220514875526206
0,0,161.3419358943091,49.87352424683589,-10.612209536433852
0,0,92.34037445823581,11.402693143164829,-1.3056804085938012
0,0,124.50179799105652,64.67964294242525,-18.48181025412545
0,0,111.97748263736777,58.43049066690594,-15.51823721685615
0,0,266.0613031058517,19.95282710235923,-5.6656697978498585
0,0,128.03161984892455,66.55309631442539,-16.41724876969704
0,0,120.27993244130357,73.88025948474787,-17.153688978666665
0,0,103.95541890136344,34.77687029113471,-7.855719852681574
0,0,126.40456672593032,68.53687980620012,-15.545946259897747
0,0,156.01707186433725,18.325470470006138,-4.255895615807958
0,0,175.89904457247198,85.9174545985477,-17.664155706568977
0,0,109.76116986380563,29.08983524785721,-6.594276764511491
0,0,107.11813384470517,50.853954857718534,-11.85775321375111
0,0,102.10315230656545,45.14890868590369,-10.77077036091751
0,0,117.94664288133467,95.45460616267195,-23.129685187247908
0,0,115.27170719395738,83.60915673995267,-18.725622356342356
0,0,116.64733787817693,93.94419101033317,-20.878853835294237
0,0,116.666303103844,85.75175005012038,-18.880928266540423
0,0,135.84008957296294,101.82849168510563,-23.214260119155583
0,0,209.47210777895123,120.24879898624376,-27.412729670941083
0,0,143.80761553210874,20.038347023429104,-3.927424038455186
0,0,117.11911061971105,48.76881522463275,-11.204059689379392
0,0,87.32162934871447,8.608833019450078,-1.1270986908827183
0,0,79.80466069784758,5.907053639756725,-0.9214525722450446
0,0,76.99741620510672,13.39131828764037,-3.6904757895775333
0,0,102.58299632166498,75.3512844307334,-18.023348179467874
0,0,113.62000948004851,107.95060043767812,-25.276126788185216
0,0,131.71592951037346,125.63181433797318,-30.452634675368834
0,0,149.73221373059013,113.23843963648329,-27.047962628932936
0,0,180.2564667083139,18.303891047940553,-3.9251043836315347
0,0,184.82963670721364,88.07284106224509,-16.965041332848372
0,0,137.62653901281593,89.55906329275658,-19.957892746832684
0,0,107.08828600299483,7.462647322851906,1.1942364294355627
0,0,104.35936800561956,57.173068789151706,-14.011180198918211
0,0,113.80749654956897,102.37962247187127,-23.925839335083502
0,0,131.29091800965028,134.6968032379659,-34.436977365938134
0,0,125.03520488199402,123.62954141832627,-30.028930435403794
0,0,130.55843859752957,115.28879517605553,-27.22394992632872
0,0,123.88961683044747,36.16668903457971,-9.351400522475245
0,0,256.9428044674296,138.38309411456484,-34.99168662194634
0,0,145.39594467968232,16.61207771428217,-3.617668218244546
0,0,93.74571128343598,14.740971618829057,-2.791527644157796
0,0,91.7594638146636,26.909423801980218,-6.399774500140538
0,0,107.82855328722148,105.87585704673836,-25.225511814253963
0,0,118.84708867044822,133.30041464705363,-34.29830533588785
0,0,126.4181699959844,131.86462141056293,-35.99651459277943
0,0,117.34243096976564,111.85863449571644,-29.013022017725135
0,0,89.98543302676417,10.939781510130425,-4.074011428245427
0,0,131.53372504405735,115.05157314519874,-33.932027083675685
1,240,439.0595070195815,10.369148744825265,17.305332957754274
0,0,159.44523195066773,53.28455295378127,-9.895774368836356
0,0,119.53997123065314,73.1870828200497,-14.603294549451874
0,0,121.48707528984488,107.26876578437675,-25.30532590562379
0,0,112.6427505593629,110.65137087651043,-25.76071272035569
0,0,112.47325381448897,117.24466042590065,-29.047050667074465
0,0,109.31772593215915,85.93813878865072,-23.32218483390094
0,0,63.46425400406093,9.886474324746105,-3.117373097484702
0,0,96.46790699819286,111.54956288025053,-34.48336517845953
1,240,382.43117961915874,4.588916173702085,18.250082397049795
1,240,594.90963275218,8.071474546173192,11.137217547046887
0,0,154.90489117683185,39.08676603559842,-7.653376203895348
0,0,128.82527996811348,108.16713827843189,-24.196969467911593
0,0,139.65130640795812,143.51062181555594,-36.894300268811456
0,0,140.06211382753318,152.07338558454492,-40.95858386559287
0,0,105.45230006599843,109.98244489054036,-27.526461448673224
0,0,75.62850213547638,37.56996152610741,-10.59945407687961
0,0,87.55240882518204,109.92597308077222,-32.83275375904292
1,240,264.3541380582973,8.917237723201932,5.332585178069408
1,240,344.1945866924455,10.908178558419374,6.916407447210318
0,0,262.9982547877729,121.34706089439383,-31.256128232202293
0,0,212.80202958337443,138.56313681361854,-32.316627918803164
0,0,162.34532442955694,140.04008184193722,-37.74249077360236
0,0,180.51761548517723,178.45361900245516,-49.98528547600405
0,0,112.21300058623753,122.75322484076841,-30.32823459902857
0,0,91.51024057121435,81.09352604667065,-18.238151386509657
0,0,96.38220639685211,111.68989770999653,-30.98364012377128
1,240,345.16690309167814,7.917198644493888,10.082297713507032
1,0,306.1107584884396,24.854388148539126,-5.92886343513095
0,0,186.9614618376815,140.7307821795131,-36.229827482844605
0,0,246.63612820613324,134.5579556484158,-32.53775601610443
0,0,270.4552726939056,136.9518059163374,-31.126063759572823
0,0,204.10700074173604,173.18021180924018,-46.133192172117944
0,0,121.8027731796251,127.44512111739107,-31.435951678577517
0,0,85.0262759081089,58.366698169959975,-13.44033375422788
0,0,85.58797193272972,110.77699935538737,-31.356016056317166
1,240,292.77474734668186,4.990160132024273,13.731637862345337
1,240,416.68493912308617,5.982878974780285,11.730150910103717
0,0,139.70424580058528,99.85135023692419,-25.082385412868035
0,0,131.35215539701042,109.03090716928853,-24.03643772942059
0,0,186.12106314979837,81.22726937011157,-16.70175786838732
0,0,263.3484029589651,152.51675643362205,-36.24855380789026
0,0,140.90798783161307,134.04866973628788,-33.00257996868384
0,0,87.7219395782311,51.28731210411753,-13.808461389556854
0,0,101.93172843176718,109.93251404978909,-34.37927132874186
1,240,251.64496560063188,4.802930759851669,15.322297565066677
1,240,419.26271345410214,5.5685932375194565,13.066441174987048
0,0,136.81069422738042,109.44643197256207,-27.12536723829914
0,0,127.03539570257185,110.0600340671676,-25.111188233924437
0,0,135.7523824892892,71.33904248440648,-15.724728767775801
0,0,252.08893099096375,139.44893996213463,-34.64422980591156
0,0,226.8834772519794,131.85793604929404,-32.76259873149461
0,0,94.20308723082952,14.768426903100604,-6.309186431127358
0,0,102.50521962513074,130.33565185383856,-39.324595758420514
1,240,311.11025497083443,5.446583138233169,14.388105461392271
1,240,372.82568391280034,21.772236259328444,-3.2131764268873013
0,0,129.59778700236834,104.38669643389811,-25.768110252822936
0,0,102.34262653980926,45.92507840726124,-9.474511314585499
0,0,112.27733271753497,83.638764371231,-18.347899064613003
0,0,144.76409545778674,119.61030366738859,-28.854461193241477
0,0,237.3021991142879,118.95186055891577,-27.669915455068413
0,0,111.20659665946103,32.19891990187741,-8.245839295245318
0,0,90.98407175355145,110.05918215288064,-31.531961082098846
1,240,237.6982809940294,5.708122629234615,15.852119408274362
1,240,342.4463397693277,25.905468083435913,-6.697932046232893
0,0,121.01313736116049,109.80006303700381,-27.76629473521311
0,0,108.61714618831529,96.95554918327768,-21.57032761476654
0,0,108.83906086713097,97.53692292723058,-21.406572665700523
0,0,115.87199682932749,116.5448489372218,-27.335467728272455
0,0,141.28081945562045,120.56695287436223,-29.530146524847964
0,0,212.67792241624764,118.04956059560547,-26.922727688214223
0,0,265.80651385773865,147.7913322760785,-40.46483027711477
1,240,303.5575834041048,14.588403155529985,6.278824691761898
0,0,244.0240056182307,79.79126676485542,-25.891522230183647
0,0,132.51258234897432,121.47364958174678,-30.44612484679766
0,0,118.10425943702803,98.03764637881324,-22.41215095768385
0,0,104.27449493654044,54.90504553945358,-12.334603440541557
0,0,113.41751346923505,109.92107096381586,-25.676084948930395
0,0,125.15024320241808,125.76614245003482,-30.198513583263647
0,0,139.79894723227846,125.8846740497246,-29.51609649711196
0,0,224.10423849146238,125.95011261834368,-29.51729595416201
1,240,459.0592613742678,10.41648052504004,16.13862584073081
0,0,212.83692197106316,137.96123771103987,-39.68601277501135
0,0,127.79373266385369,116.67409444201205,-28.193179914139066
0,0,117.62972069724958,84.16687903302338,-19.148227534340833
0,0,82.9560395828109,11.005475472545283,-1.7263146725849339
0,0,103.98236471212891,97.34166850442573,-23.06328704940261
0,0,113.2403648849557,123.27553493402925,-30.041564364067497
0,0,105.81079157615713,116.94397078066497,-27.516548755167115
0,0,123.94365582073732,106.95902996455152,-27.65367787130281
1,240,657.44518017359,8.349875442405207,21.216059632370957
0,0,232.5636360236472,135.94132005819515,-31.283921818472088
0,0,150.16425358750794,121.28100143909104,-29.53666692132267
0,0,97.24728368382502,28.926182874311838,-6.4199222082102665
0,0,101.72591095584885,74.91804269813602,-16.9863937819199
0,0,104.32074605472434,113.60704417746035,-27.64762774653495
0,0,122.2010655907504,152.36599648327962,-41.60553506751588
0,0,92.1019998226547,128.28851626148654,-32.66155900589556
0,0,98.44133338493927,136.6519320873257,-38.840152492947624
1,360,205.4865763742713,20.20722098178844,8.127224993545624
0,0,310.5827428302537,169.4530146076417,-46.80357241615507
0,0,321.9897195898749,163.19940061153474,-40.80282353554325
0,0,166.07822043721572,91.61780080255903,-23.115466073055508
0,0,117.88778606623399,80.57704218077915,-16.947736390826776
0,0,123.063048133786,118.3990259435762,-28.707472223117293
0,0,118.9665253815231,127.72694591489929,-31.69655089554331
0,0,109.63256228150262,118.76163098648149,-29.52536454850307
0,0,110.81854070905145,102.59017525377848,-26.00186699483615
1,240,830.7906075554504,3.5907025289177263,42.82831004415014
0,0,210.54025921571488,138.5878134494901,-34.70172976898911
0,0,242.4176181296603,140.90715731536528,-34.608689946358204
0,0,183.41691443997993,41.211115384722405,-9.724088208175104
0,0,117.17827350838795,40.740981431731875,-9.04363146812723
0,0,118.33475551203615,111.1242771607399,-26.588787220787452
0,0,107.64199577448807,120.08533973733547,-28.95830141327456
0,0,92.97688280012493,119.75983628358878,-29.416684228655697
0,0,90.31105563565468,112.47986050122906,-31.314711405391122
1,240,247.7197646986418,6.767558814491735,24.193672129472745
0,0,165.9988566925085,163.99654691730564,-45.49162267506486
0,0,182.6249207213726,174.39258691416796,-47.28959822518078
0,0,280.5819096760361,167.66650703020022,-44.711756308536614
0,0,177.64896923222972,105.65044630209746,-21.607542487028553
0,0,141.07584084802212,135.08930469665358,-33.73413780622509
0,0,137.0489895105529,153.78937198609594,-40.67489377942575
0,0,102.38538615201261,123.53431472811381,-30.456845984923405
0,0,108.34791480182815,126.42133673283702,-34.94664093317258
1,240,398.5387210017362,4.822010391054017,40.2081040442516
0,0,245.02797229245581,192.62179106974705,-56.16996871746219
0,0,140.62956290178104,152.82353221228072,-40.26269798639904
0,0,174.39957878652672,168.7147370230226,-44.944406062655624
0,0,348.4858289194743,192.33911435795187,-53.859645352616575
0,0,244.12918156786554,148.1720802054511,-34.618666047285465
0,0,142.45839786391088,136.31799612606054,-32.48891644996532
0,0,119.15970315234951,127.45885282055893,-30.902156303644567
0,0,127.2188924795431,125.09100759722756,-34.475761571873555
1,240,897.4085416643254,4.060419323667631,39.61541374297583
0,0,241.51669622609487,163.18000873208737,-46.86410272556831
0,0,129.68330622677502,129.33905653034137,-32.43605051258333
0,0,118.46994934425702,116.81990895772252,-27.007038422533782
0,0,154.0558090682309,146.72745016313627,-36.81271076964949
0,0,229.94575471808844,139.8386690895834,-34.79566786341961
0,0,306.35890480634293,174.24236121515807,-43.82007359679007
0,0,128.19447366358872,132.1880600551056,-31.9058270890417
0,0,112.83790080434714,122.21064207532284,-33.12459169882754
1,360,420.97745098865335,4.179273098569744,44.627981742781756
0,0,192.98798253704314,175.29824399733792,-49.97101088031815
0,0,123.89734802226154,140.77174626141345,-36.81112030016904
0,0,117.94630279958332,131.27456247265056,-32.909931158483346
0,0,135.3200252227368,146.89591260357733,-37.94330207637752
0,0,164.38715259255864,160.6682477511597,-42.112207918052846
0,0,249.67763801329303,156.2149741102385,-40.247628155972905
0,0,248.1403778087142,161.6056278121002,-40.578213314030606
0,0,156.6462684485723,162.7369122282891,-46.78108655943052
1,240,335.60552732452845,6.4323603234729365,27.676684044736774
0,0,196.9963901075307,175.19913315554592,-51.0001582391373
0,0,117.68396373659026,128.11562097890823,-32.58634723651072
0,0,108.46850779085763,119.83120937376621,-29.261299059181198
0,0,130.39338558754,151.40921010366657,-40.641308982024455
0,0,136.75204146133055,137.30550917690516,-37.598899384461355
0,0,151.52745995174476,146.71504686868707,-37.70644365467983
0,0,225.28563715142633,142.34630045210304,-35.060642192444604
0,0,288.92518062619257,138.20931803924915,-37.771552508295116
1,360,249.53337533436945,9.630567936476902,25.33324087024495
0,0,202.85293794756652,189.21201135578173,-55.070787861985266
0,0,121.76811884916232,151.9495836676561,-40.820862946859805
0,0,106.21281355048892,140.3335013372833,-36.74701539738859
0,0,103.87709807402705,141.87868614391041,-38.73969400204242
0,0,114.68882974425651,143.37445992189353,-41.1984805595539
0,0,146.6427410604313,102.93837716954397,-30.66874301849591
1,240,477.613804318408,20.584582912850983,1.9540369891464167
1,240,1361.490991882999,4.830631962177451,46.315073565165434
1,240,662.5172954459568,9.054681098101074,30.873506564650114
0,0,307.1103947883642,185.72700327850978,-52.566366455078516
0,0,164.30566900493466,171.1760040334161,-47.11296364369411
0,0,103.41805572605188,127.58145628175589,-31.796761040715687
0,0,98.78481595380497,139.83348540773557,-36.48143869786269
0,0,115.94101075273521,166.39178335084674,-48.77726578212689
1,240,301.6593604286407,25.63230862595252,-5.768955202947893
1,240,542.2465678840566,3.059013030823197,23.91405597011436
1,240,1224.6917017303472,1.8173850708925468,46.48733039261701
0,0,191.1051312567402,9.73982233397388,0.1626716626851561
0,0,284.18001994957564,164.50638151999127,-40.42012804520556
0,0,168.44613031947227,156.55562431122294,-39.82081695237162
0,0,120.36361522425297,136.544302102664,-34.21098803301553
0,0,106.34357498388383,137.73429640852748,-36.25340975955983
0,0,105.1018004769965,150.08784772690805,-41.292614160199605
0,0,126.83132397964378,88.37263547551821,-27.628557964624747
1,240,407.67177513911616,3.0222521171342343,27.66312542451466
1,240,682.4507111870128,1.876153845532407,38.04079611780489
0,0,105.70375651294823,10.70133665738928,-2.320188579055454
0,0,172.4671095787015,80.44226645273622,-18.241221362483557
0,0,251.35403699840847,163.17375654757456,-40.52090885716826
0,0,148.7075700858828,155.0722105100134,-39.9168052200859
0,0,112.91890827751924,136.72802680414443,-34.59300189357588
0,0,92.6398787886225,119.94075255576725,-29.514659262232612
0,0,121.90395883671076,77.31865052345255,-22.432710813991037
1,240,537.7250222950121,4.324243370831632,16.855562983745713
1,240,1479.6047396008896,1.7423717166737502,51.572637272383005
0,0,137.3807505950553,33.91310140027808,-10.757079641901342
0,0,89.17074451928328,9.368625049621352,-1.6277636882659294
0,0,198.1303586992394,120.3021086056925,-30.360593519621013
0,0,390.03014764830584,197.58019212593777,-52.96186231856042
0,0,183.1175971545565,183.8294869377092,-50.45106846582832
0,0,129.16863784033703,171.08383845894662,-47.94477653999771
0,0,130.55264587169822,105.0005367757195,-32.77441893158692
1,240,425.92246637448153,3.7610429710867197,20.092807734640786
1,240,955.1078091718729,1.9290752979973682,46.541216132689144
0,0,129.4600538930707,46.3891912033422,-13.528750119066757
0,0,108.89181888282407,48.13237388556269,-11.97236741142757
0,0,142.37006729702634,116.8771027287508,-28.374562126284175
0,0,161.92331698430402,28.588759840160233,-7.177043804377604
0,0,195.87693167054636,164.81825434514653,-41.261650202872424
0,0,130.6875222942845,175.2036093153588,-49.928379957499764
1,120,214.9792782997646,55.3307536063014,-19.03288943527295
1,240,245.59230395064964,11.773490641469552,-1.4392745610005022
1,240,318.97852240281895,3.2595386732786413,21.831787963330413
0,0,99.78438423737927,30.33299297601423,-9.523498831373956
0,0,76.64824293493507,10.664053675464078,-1.5308401610897278
0,0,117.70655650093842,104.22352596949388,-25.26502520553258
0,0,114.87820993552616,39.76437721552797,-9.122837905044392
0,0,134.4453916385509,12.03932580196883,-1.7846283642338818
0,0,348.69278000123046,189.19286494316282,-53.90728281972976
1,240,277.98674583146766,31.778872011309094,-14.5414353261704
1,360,337.1967698391053,2.9994406230556434,24.102037838010617
1,240,694.5855082387611,1.685932507968757,43.03362327382679
0,0,107.78442201195435,25.026797912169997,-8.463205218891815
0,0,85.90376617900615,24.623873137789044,-6.310470431405591
0,0,114.86987793261802,108.81633306316233,-27.53766342640934
0,0,114.81824218670438,69.97092589644129,-16.5534848979849
0,0,114.89366098309591,18.587343868090397,-6.3865064972653585
0,0,198.79991165130156,111.43454723189764,-26.761493184138835
1,240,622.4102302146899,3.5032522639285504,36.69227878854356
1,360,714.054644372871,1.6694764163018891,43.155090756938975
1,240,898.7490078954552,1.6677963898882542,41.13700162826015
0,0,122.64182287656119,33.20224029451279,-10.704372223072212
0,0,86.4635067335567,17.242799315268776,-4.443734817006629
0,0,115.86640815254692,95.36544394704467,-24.00381461124004
0,0,101.90368302333901,29.511621260159316,-8.8489442654446
0,0,82.45910645970591,9.57321443151981,-1.9788241594026204
0,0,131.66859013058524,107.70766047364103,-26.6951848734735
0,0,158.70454523228108,30.754881867795905,-7.7064746351548905
1,360,505.7372048282275,3.7898214749803665,37.08536252804596
1,240,380.2308960321437,2.797745403358773,24.169080617970906
0,0,104.6452407258062,22.752850970332425,-8.342477489026365
0,0,86.06808234520115,19.145019233679196,-6.173314895511098
0,0,117.85507020175392,113.10679722030937,-29.805075818993167
0,0,112.53267743250858,77.89095643397808,-18.748449027955573
0,0,82.4206375455988,10.807110299160808,-2.617432001492915
0,0,110.04968388559445,105.04468470677705,-27.167348235050767
0,0,104.63896054946457,11.543517101664575,-4.057097498654244
1,240,611.8448424290816,3.892202801280812,29.79642583741908
1,240,653.5000051367372,3.870598561796912,41.04018906407096
0,0,123.30215961316172,26.532715245858096,-7.696255472446566
0,0,81.26210938341328,13.08004739768576,-2.4312149734852824
0,0,117.28713367699578,112.29063445494637,-29.263032195359237
0,0,92.98631440069576,26.86516938163679,-8.89891988121262
0,0,76.52498597218666,9.929964368605361,-3.762607015084953
0,0,101.16115986349504,118.65891755800138,-32.16854517066418
0,0,82.49603933790276,43.4253416911212,-13.317592838740978
1,240,270.43686293509904,6.423271733659349,17.28670174384034
0,0,312.35747078574343,136.57374368285252,-37.52248815802647
0,0,177.851759980561,73.69128612490623,-15.263666988851156
0,0,97.4228905641649,16.09973068641126,-2.9652481262475447
0,0,122.69812907852673,112.97498875304564,-27.869696387249917
0,0,104.35511698372765,57.29257864634897,-12.486918634042155
0,0,105.91103634039737,87.88550655446399,-19.78756456177433
0,0,115.0971999112802,106.05052835401662,-27.184093078185555
0,0,84.27848148111897,8.520198737994273,-1.1885933214925757
1,240,722.5931449204204,1.817269782703818,53.15871050497468
0,0,210.42771482813407,133.64715820107364,-35.943046284896525
0,0,160.11481891090503,21.65443925522086,-7.056326642415684
0,0,144.4474113309276,28.365283951696515,-5.7066468437666344
0,0,135.57697965800014,101.6229493143438,-24.375239432468703
0,0,102.62066604365643,17.493312652924736,-5.855374234020616
0,0,77.73665190802095,12.572829904568144,-3.057527059824679
0,0,99.69745934173366,95.47723964817733,-23.562969231758032
0,0,81.85745082930121,24.293429664119845,-8.032441619372321
1,240,630.5242180480848,2.5844938400159996,34.88355039659132
0,0,149.761778170841,101.44209079906614,-25.193427659153166
0,0,117.1465892252203,38.081882596834845,-9.372552181379803
0,0,143.96583289889614,15.113506336415993,-3.30770632391517
0,0,200.53879499019874,120.6136926463437,-26.248083295104912
0,0,116.619269797632,59.710477443845846,-12.141665225892254
0,0,95.41961633570816,38.776084446522404,-9.058172903377141
0,0,104.56062838606978,110.05604162139903,-27.9186099287137
0,0,95.85110072576542,39.077066486068446,-12.95331720424673
1,240,749.6797041867175,2.2777724340647394,43.23940149125853
1,0,381.68921192617535,63.36409235381085,-22.441873186346896
0,0,136.44640999139034,88.961726985342,-20.61506311146401
0,0,126.67031794249529,55.38324740952617,-12.078765064113611
0,0,146.93905429038443,12.509108701296617,-1.3930822546943062
0,0,135.91793428584745,27.11769699120854,-5.765832387456371
0,0,94.70901551625778,24.85187391845069,-5.419596164278673
0,0,113.92666119524276,109.57876025193312,-27.567459630397053
0,0,108.15105281202875,56.573858992267056,-15.807068588088
1,240,738.4078985872004,2.963143795089214,41.22755799356277
0,0,169.53654577489112,121.61968790544789,-32.38032595729791
0,0,116.1185107548243,41.01450367474849,-12.020483076175239
0,0,115.52461465637961,64.38151625966306,-14.722120056682883
0,0,127.37420781538565,56.33269505292991,-13.243855291897816
0,0,214.31212859207864,98.46096114408368,-21.77788123999042
0,0,150.29831381389096,45.64712693191366,-8.302842566857208
0,0,120.93893152301544,100.69945256843579,-22.194224935150544
0,0,112.4360715430078,67.64305566808386,-15.704094936143946
1,240,1180.4557719722636,2.321893968413723,52.84271962168448
0,0,172.3856146550191,117.63410798845794,-29.681552878645448
0,0,116.48525491548249,51.61666722118707,-14.075723669694924
0,0,108.92722139313983,50.63205645460822,-12.594299101755993
0,0,91.17722685226111,16.069980467784042,-4.484447665335296
0,0,94.29515302894976,19.72306834602914,-4.493366975910092
0,0,162.52595318375845,65.31797221019058,-13.711030603011466
0,0,170.5587068228136,95.62710436655719,-21.599838485359086
0,0,80.8387189390382,12.309138066559905,-3.9163964311272252
1,240,334.0944080705702,3.6374353068994787,19.268004000349904
0,0,131.4343871644874,96.61764243508179,-25.35154463168879
0,0,96.43256116816899,24.2124635136983,-6.956105929339785
0,0,87.74923680680631,14.518450524131875,-5.195007078573084
0,0,82.62624530443713,9.66822363090265,-3.4993922419968015
0,0,77.07507387302799,7.5257517004718,-1.9211075543028073
0,0,93.32845931467281,6.651752618558987,-2.230282139819593
0,0,123.09311136060553,7.803839897233016,-0.42198174796011756
0,0,187.66125939349726,33.76708112560848,-8.197401309440139
1,240,756.7512734358676,3.0979023765522102,40.77227157391435
0,0,179.6702451213914,112.9784036298061,-28.811069381369315
0,0,126.24476231096993,77.55945348215963,-17.79281993198144
0,0,108.05283720223825,30.639209234696285,-8.454703340506256
0,0,107.16119953048474,41.84578791870513,-10.678047575392341
0,0,78.16203183064144,6.778642724738033,-0.12159965817582474
0,0,77.50611048877931,10.716261401539523,-1.9252131848221268
0,0,109.85397817374964,43.82117139121812,-10.809686665646979
0,0,166.0414802720113,40.770307498118754,-9.639328337955746
1,240,534.9715390591308,12.86543899839971,11.396796961322565
0,0,224.51714308183745,137.44688363086576,-39.069481283384015
0,0,102.35913184080823,18.264134446247798,-6.041358768150715
0,0,93.06839313138461,26.775478329386456,-6.3955790424412555
0,0,112.42338649368236,92.91536011657075,-21.466767444176853
0,0,105.84753174136155,52.05629831093669,-11.764982872660084
0,0,109.19729164794697,74.40482209714034,-16.95720523238485
0,0,94.71235398545022,32.5228169918203,-8.84726396878419
0,0,96.18294116267649,5.726303418668089,1.7882899902659943
1,240,546.1458999008271,2.8623850767209333,39.492170852071524
0,0,371.15701611949896,160.4154169178587,-39.27794903226277
0,0,152.9056752572746,84.44077669589527,-19.264522028677703
0,0,114.26579071769115,44.2636686671705,-9.453560445847913
0,0,109.24424560175032,66.49526721748818,-14.743784258908391
0,0,73.37882734210659,8.650522672416859,-1.2071347082265618
0,0,70.67525110323625,15.984137469050253,-6.336652412387878
1,120,349.6008209494575,2.8011760730218005,18.87206692689584
1,240,774.8301100262163,1.485195691844722,51.15956962731552
1,360,760.5604157721796,2.6264939363246405,46.65633230578301
0,0,495.3700166873072,162.06986334159538,-45.23970499084456
0,0,165.34566167268636,48.89537503353529,-9.55079044222633
0,0,119.00098699899344,55.78634364970641,-12.381694018647337
0,0,79.42685254421207,10.774081473960981,-1.3605595315972465
0,0,88.60847602371433,50.702447677471866,-14.748344309279275
0,0,69.00818169416627,22.310341060058,-7.700271275785923
1,120,400.0447843736577,2.043786368943641,24.626744815912375
1,240,344.0848536473425,2.047911023867978,19.727010322038993
1,240,546.892855459497,2.7302616538574482,21.37167201177124
0,0,153.73607554166796,99.03361359601409,-23.007800271946508
0,0,192.69945717919595,78.19430289665108,-16.339965691221366
0,0,126.74387762531276,11.243254316023949,-1.7467212942910066
0,0,92.9998949986331,28.209282562605477,-6.182625218516293
0,0,82.56976339356672,26.366268882235985,-6.713250222391849
0,0,63.269568537470185,9.609500204454443,-2.5369362803457562
1,120,451.7353968098479,1.422072249935302,34.94328018731258
1,360,421.8423922429257,1.2998236778202745,42.65605321669857
1,240,293.3220295730746,2.828486965041319,15.848494617365418
0,0,133.24247713978474,88.39468417240288,-24.988309935691717
0,0,91.29318906144302,9.494368139848351,-2.00800214103414
0,0,133.62050067852945,12.295455998228679,-2.556180432664121
0,0,129.8821180186155,23.896300433754664,-5.518522309172809
0,0,76.59834160595332,9.839331156910543,-0.6188248029617682
0,0,72.20114124126158,15.600505304443391,-4.951966433313487
1,120,714.8171983478696,1.7731481355483876,32.80706303303536
1,240,1108.8675657394933,1.334180009287184,48.17617648698577
1,240,1006.4752079115781,1.9554975008282336,42.1071563076289
0,0,159.24751975648996,105.67263939123417,-27.563681604886995
0,0,104.46888566561334,34.16897169048428,-11.234294461363376
0,0,155.6088377300141,20.169756607096627,-8.537904444955714
0,0,255.65187681141347,136.89598387170338,-35.83108463100476
0,0,120.30596003134039,30.868547448592338,-7.013785546777257
0,0,71.94656737825771,14.58638978606577,-4.912711955671213
1,120,258.9766520453329,2.49426018875609,19.12434391983598
1,360,380.9805269005909,1.3133671070282655,50.75662603382462
1,360,282.83034883904264,2.4947039693181825,24.49719288660384
0,0,137.88128291669545,117.96684549403123,-35.21224933640905
0,0,81.1119632901913,22.031846308862168,-7.333073615967123
0,0,86.60407952547813,45.6349654944866,-13.314845183824573
0,0,124.71632155980947,121.6254058386282,-34.03061505565702
1,240,506.55480670271163,21.104739756653462,3.394991770537743
0,0,139.70010813927715,44.36665644092946,-11.176598992070623
1,360,368.8959032432254,2.047119122610762,47.993013583096754
1,360,253.70980596214173,1.5348313181244713,49.13767605336783
1,240,247.62061953206427,4.359720547154908,12.967715820259883
0,0,146.83478522541986,136.54241056416245,-40.30520737832689
0,0,97.82155706521668,75.05217588065742,-19.073840061430914
0,0,90.65478759780471,57.490132515767364,-16.53462119019342
0,0,102.40516757388293,126.57278976598917,-35.612994805966814
1,240,323.04050418520285,24.235824375173276,-3.921009321015731
0,0,242.83639479827536,19.00100059660333,-4.223108695122775
1,240,563.0381685885914,4.785954743271053,27.362045853097754
1,360,610.3793621461548,1.7418440081151667,53.93209082071466
1,240,862.2230488501601,1.7413607452966604,47.71449648570494
0,0,169.9175280248726,119.87213735760355,-32.37409617817014
0,0,97.3148012475268,46.744414192362555,-12.85917303569751
0,0,84.10032398764395,57.90247707968999,-14.259050376088567
0,0,88.20862490456201,108.25877682118146,-30.140147052097078
1,240,267.03398225895245,14.587200187580276,0.05606793588037817
0,0,88.08526024925902,7.97617024512527,-1.133238642830534
0,0,134.82947996852803,21.273691325848258,-5.7236453165860155
1,360,659.0975240428264,4.6514389212817795,34.471148529445884
1,360,724.1831404685756,2.5752536383377835,50.141330986909665
0,0,204.1171578500431,136.00580563795083,-38.168440693066394
0,0,109.03245402306656,73.71831635448586,-18.178897151447018
0,0,72.53303835846454,16.9777420680273,-5.42396070843435
0,0,92.32528049650497,102.3988410806162,-29.113871521060744
1,240,363.108958801633,8.845628190711802,9.492968005552115
0,0,121.43920311531288,58.787182847090676,-13.765492293825673
0,0,98.32842624349034,17.445381644864046,-3.1166122084309222
0,0,179.05281536575313,71.85491990283948,-15.876240800608514
1,240,579.1112483536984,5.74578103101509,33.015863670875135
0,0,165.67986000974017,106.98245760744307,-29.294318473743928
0,0,73.23782377996679,10.356884427918638,-3.1470002150160212
0,0,80.67400034277077,58.055868578825624,-17.4885330018448
0,0,83.30107519167444,110.84917382256357,-32.18076166713866
1,240,183.38006091419172,7.053826381104549,11.559627218830173
0,0,79.50250372980037,27.418895619132623,-8.160852215100192
0,0,72.76469071142726,20.968866647495123,-6.565098782879971
0,0,76.81518339864466,19.21530216235382,-7.520405557796593
1,240,323.05705483043533,14.496198775642787,4.49703388589397
0,0,242.23299908290957,143.00234664919222,-36.047832332295066
0,0,95.72078139864726,26.41825731257866,-8.931395048743823
0,0,64.61527202757075,8.184037331144761,-2.630219164757733
0,0,73.38826461070661,98.11100486245606,-28.690806639258945
1,240,186.77458691531348,7.319209864590452,8.19143557536131
0,0,71.21354383533486,21.16736448126115,-6.61410215152371
0,0,57.47539169063235,12.05577929908742,-4.101123384737889
0,0,59.273829012220496,26.042900628916154,-10.307251544423394
1,240,215.10429235156164,12.224998896400047,2.0330532038001223
1,240,468.1102877932217,30.736471855662337,-6.4162392938319215
0,0,114.27923528292794,13.103012082919237,-3.2643779194641667
0,0,69.67422046813113,15.911618265372345,-4.388205767936427
0,0,86.197613816262,102.24897636223635,-30.04477700673899
1,240,218.80678505064952,7.841156269866499,10.173076004783667
0,0,84.82334345904786,43.980591266875926,-11.958740099832553
0,0,57.2124121403409,11.243824665419458,-3.2626289314308394
0,0,66.45760823522927,65.10474817162086,-19.636475245082593
1,240,232.71642341847138,9.716064393805825,2.3303283299481734
1,240,318.4619835667485,6.530706337554987,6.365481500663918
0,0,164.88495292412958,22.17007662153486,-6.378422051069009
0,0,141.00005929776248,58.93393952224562,-14.463370222833902
0,0,142.53178750585266,159.7452780369716,-47.30022161019892
1,240,196.8169629755173,20.96535791577084,-2.925951376991179
0,0,76.16461834436632,23.006723232751185,-7.541314154920087
0,0,55.76154403666387,7.96918256257869,-2.123144733886832
0,0,48.21978342612342,7.436225345633934,-3.7295083412457757
1,240,191.47468675987622,4.986768267778978,3.937294307808031
1,0,184.69120076229652,29.793332348769074,-13.15503734672501
0,0,74.88074171666159,7.910923898691697,-2.54759401105035
1,240,318.7396036364357,10.500537572106559,3.910673758829475
0,0,261.60609613043766,137.79806002702304,-37.97355270021679
1,240,249.73411425613426,25.74333363343999,-6.672791003747776
0,0,75.58367369261897,13.044222777506041,-4.834768383225253
0,0,53.769447161768234,5.966842410289427,-1.198537718709261
0,0,97.17403007458375,4.8350738288304616,-0.6645574054646346
1,240,250.2874045934675,3.3984381537943276,5.106432042642169
1,120,219.76069169107564,7.961599261992495,-2.6441212418443882
0,0,74.41265319410046,6.481377883230137,-2.5785421165222573
1,240,216.8201408198339,4.061784281675083,6.683649372080183
1,240,419.3442423859596,9.379708959867651,4.6554995992459
1,240,472.8693464774105,6.2185077273810965,11.698690261310873
0,0,94.43699545940956,6.692483867952933,-1.2499452854048627
0,0,58.590831494921545,6.7966258772765435,-1.260492053122448
0,0,51.12162732603208,9.182681219717585,-4.1525415193370065
1,240,199.75182314545305,3.003016587422274,8.74445396680558
0,0,93.20325254988332,18.14436107319058,-11.419718896606668
0,0,48.194220614480116,8.252285231517366,-3.837898043746222
1,240,172.70099513516476,10.041993804696,-0.5885741791224888
1,240,341.0980516579169,27.669782571740704,-8.475733468520275
0,0,226.7829490862797,112.00470169786796,-27.152901910932584
0,0,123.0875113477666,17.392097294059415,-3.4126561738183483
0,0,93.99531428484092,72.18856707960055,-15.359539009626673
0,0,89.02213446197156,86.46258588724157,-22.560957607214263
1,240,370.1019691662207,5.92119054368184,13.120147260699255
0,0,171.29709232134945,30.645104048385328,-11.96413501458187
0,0,61.388763415704545,9.901950466808781,-4.683758325809947
1,240,231.38625032834923,13.231472454839087,-1.8769337175698269
1,120,341.39435355181166,50.74810450756311,-18.61984820996426
0,0,160.5826353680651,135.29662309211537,-34.30008602763175
0,0,212.47870252630554,126.25568994131051,-29.639968178276
0,0,100.88942320810628,23.980475701977532,-6.0491420290966005
0,0,76.32577741830293,73.43252077004688,-19.144724274322414
1,240,260.79740439783893,14.836155893817482,1.2321065117161112
1,120,232.80987788374296,12.470664264194165,-0.23360358368168477
1,240,488.59989590255566,2.4883696617120297,23.608886620033417
1,240,285.82082371138284,10.4914697386792,-2.3127751947329216
1,240,326.5990742871185,22.020238976702267,-6.004931204701279
0,0,118.72793536083279,107.12073484759766,-25.96928086431793
0,0,129.94435297911295,104.38625603752942,-24.16245469500013
0,0,292.844192040308,22.27536745171367,-4.098127384088656
0,0,111.62647292573881,14.785315381878428,-6.329027669994858
1,240,216.24193382618495,7.9682810134550905,1.3684113313768762
1,120,222.21435885496481,14.181105100815735,-6.0382412366109435
0,0,58.642257523755184,7.476568992076341,-3.0833708678941747
1,240,234.3063509502763,4.098288899116696,8.497978752900465
1,120,308.1062448447904,54.99517157336315,-22.29042456093532
0,0,138.39129218313994,126.37204121799466,-32.734836848935394
0,0,122.38586601443517,106.57127179134297,-23.721012228968988
0,0,132.4873936272575,99.82307823397711,-20.92003695532975
0,0,194.86670749209634,87.39528041960376,-17.847883993296563
1,240,323.72309360440016,22.427672399152794,4.1035591339611415
0,0,93.72981812958946,69.16558533036779,-18.138004648758425
0,0,59.95629940280485,24.366008429601713,-9.233404595670905
1,240,182.02495983169547,6.9947108394469275,6.413258992498811
1,120,276.70137284405695,41.254075689507026,-15.36647155433883
0,0,126.35951722993454,116.88201928493235,-30.191005087809394
0,0,119.54882469224667,101.51372379529722,-23.535418707269308
0,0,96.53393953824707,21.23098190260153,-4.932146330253019
0,0,95.79839939036421,12.814383702985765,-3.559011069731042
0,0,149.49843019865227,32.60242765997593,-7.896189639229178
0,0,127.23614596039504,80.98313816999526,-16.496560885649444
0,0,70.13529197055603,28.553167150035335,-10.04515696910886
1,240,209.2657688443475,15.748137357626257,-1.3171941394838882
1,240,335.72627901837524,23.567887476129606,-4.325760026009334
0,0,128.26814670698997,111.89377956986006,-28.376099756247008
0,0,117.7184820343525,93.3891977308258,-20.689334337435156
0,0,115.02808396334706,55.511103138890654,-12.990257311017103
0,0,102.24541983921443,5.975247393034818,-0.05923317552517915
0,0,91.35817301609723,7.813448299153904,-2.1135860651487945
0,0,153.7642343106799,38.43074871695967,-9.636982263373284
0,0,94.66319516829226,13.674064488206852,-5.312305523744797
1,240,160.8778263282388,5.284654898422169,11.471448631820593
0,0,205.24888190219286,78.29222250236386,-29.275153580701996
0,0,119.11729495795589,117.92730367581336,-29.75781615443099
0,0,114.23721251451919,104.20964987407399,-24.146449605112068
0,0,120.84526167263468,67.69131155871162,-17.775895434486728
0,0,135.08389512671462,22.58533068933585,-10.725624277060263
0,0,100.26452298999666,18.89498239045493,-7.29720086745273
0,0,87.2677944074754,10.271762487993414,-1.963738477121197
0,0,142.1375760757436,27.808428012137977,-6.6339486743429745
1,240,535.4920001714003,59.81227759133188,-12.359126260670479
0,0,233.93684079137378,163.11107587096922,-46.205384163070626
0,0,136.2969213895543,119.84497717499708,-29.69095831278237
0,0,112.67907129040731,47.34540362375345,-11.989392304005762
0,0,89.05860822980408,8.562112198951697,-2.1202913999351694
0,0,136.19657460078867,4.290096859355951,0.4340501412460753
0,0,87.99088756325878,7.20214204135561,-3.6114490070202976
0,0,89.85582787132385,10.664803612723048,-4.528880415704634
0,0,113.26449935324332,57.361341846571,-12.520049011591894
0,0,171.419963858113,54.03471763054858,-11.44406734632743
0,0,229.91755060484297,138.56138966736899,-31.673998989421733
0,0,147.52448235322046,129.21456153064284,-30.466045344941605
0,0,132.09185587831817,113.38513494493114,-26.191645406331588
0,0,127.51944539532978,82.72677568780963,-18.938882649469534
0,0,116.59701711503519,52.13810735112945,-12.776109313993857
0,0,86.02488629475023,8.893254170140084,-0.5597555062108057
0,0,107.63478604135939,60.158689043172224,-14.540383819769701
0,0,104.87553275176352,41.960334292238926,-9.453560445847913
0,0,114.73514887879067,43.44088551705201,-10.57499466417184
0,0,170.15437229257262,58.88547426285243,-12.58046571604224
0,0,356.358086644008,162.769515998797,-40.72533966690061
0,0,151.92957261454356,96.61014125758894,-22.11200664572887
0,0,108.93859145969337,30.66983122154512,-6.956105929339785
0,0,87.29290377678358,11.275359933262372,-2.4964823456534475
0,0,96.97351787398651,23.250756968097384,-8.509503204233255
0,0,92.29922456632221,20.524436320268727,-6.8346648659864115
0,0,81.46881673991432,9.059606678798378,-2.540899244167491
0,0,95.45500750996554,29.307867548419473,-9.129839141129466
0,0,104.241858424469,28.593477856995246,-7.2958957313674375
0,0,246.96101963925835,143.12054614670234,-37.062361638563765
0,0,144.50748110427477,32.75967082243441,-7.171828543988198
0,0,90.09252477026496,8.907366707872669,-1.0140432589761446
0,0,90.63634949885223,16.92378268344444,-5.324337081907601
0,0,111.14732041020035,69.64519863470396,-16.26891767582522
0,0,98.6885161378804,19.915308580572905,-6.55952949772248
0,0,84.51791037012929,10.56296556227086,-3.370315868346893
0,0,78.81225680316842,5.541982196696487,-1.0587613427406524
0,0,74.26839618320605,11.185187874322468,-2.9611372117764603
0,0,116.83952941192442,106.79351312605183,-25.23965695312169
0,0,192.8429036619163,120.55640502035158,-27.637984534568723
0,0,134.8747561856914,40.89966129709803,-8.555399609240752
0,0,130.79821890434962,81.71112780665736,-21.250701372663883
0,0,363.3206030115578,5.101334946473223,11.567394627920777
0,0,122.84242576562546,59.25151584135598,-15.22846001825883
0,0,88.83150730428028,15.849724526540548,-4.24097901998293
0,0,108.01912376462087,91.36434186296171,-21.796390923013817
0,0,82.48510570959678,20.079641402605958,-5.075304435349523
0,0,119.50387722077629,131.10068532275844,-34.418583929853504
0,0,149.50016461558417,132.2685587356112,-35.238452453198384
0,0,192.4651408525143,89.80737464856911,-19.128127381836975
0,0,156.28826438892386,17.754012863961268,-3.334342724749021
0,0,129.09692593503522,36.59508640712155,-10.332926266036495
0,0,183.40945531356692,6.816250589230298,2.4440918113908907
0,0,117.51997631608823,62.12114218951612,-15.40909190925369
0,0,101.04179116877043,24.836631511345985,-8.071600985882867
0,0,89.17489351664976,13.018770033279807,-4.4307415796230885
0,0,117.33678561269319,110.95913574209548,-27.254919167607675
0,0,123.61642915958626,96.59335565829068,-22.536123033931375
0,0,128.52409223305762,11.236208876576558,-2.5462783070615416
0,0,249.31032704971594,138.6563131338522,-36.359458671429564
0,0,150.59060274311977,46.94559230730685,-9.619164778030736
0,0,87.48561676921648,10.574843629903311,-0.6851383975788679
0,0,88.30978222150172,18.769296154677168,-4.83071030827179
0,0,104.81235689842066,57.172552586850706,-13.280203596070805
0,0,110.5219100694637,83.22879866966055,-18.352728596523775
0,0,125.29498199579358,124.00327188425031,-30.814321173499543
0,0,118.81886188508598,105.40521772086574,-24.206073716798073
0,0,114.88071520442777,71.0723933125864,-15.460885204427939
0,0,165.135978600861,137.59949180203415,-35.78818951059825
0,0,187.98380426253803,42.59402495890786,-11.284206669710244
0,0,169.13336752260474,84.11880363271067,-16.191666301060124
0,0,125.05299115758974,79.445526736987,-16.936407598248366
0,0,133.10279422844602,96.08887800815529,-24.921642316306546
0,0,95.20537616841466,22.361686944879153,-5.690034099425901
0,0,147.8587600426829,148.90072682685994,-40.76195745261347
0,0,116.29527391311878,106.7829652720412,-26.937829222350935
0,0,158.4423308659302,18.395047681548974,-7.224409147975038
0,0,116.6671986524559,109.74139646500484,-27.877595895134583
0,0,92.6693298682896,15.617186219358924,-6.463213624998943
1,240,411.961430317972,22.47341586459526,-1.6751554516221745
0,0,140.0012505300995,18.785996923527353,-3.4079851604604556
0,0,110.45058359014676,38.31321342380888,-9.389709172752049
0,0,88.54999896656933,17.893389290134436,-4.2114787172939145
0,0,130.20128474225953,133.4265124007497,-35.631657723591324
0,0,108.44885106562948,97.6505668491892,-23.000894146993154
0,0,83.40758879619794,29.041010812737095,-8.629581008031948
0,0,88.80129670870183,107.43574820423453,-28.396870970624683
0,0,56.405794906425434,9.798633298224878,-5.109903751489185
1,360,168.21490873672792,8.264408765978265,4.238585237295439
1,360,398.48394516765177,30.745832083400053,-8.553085238368865
0,0,170.57203802746662,74.25286369110609,-14.244693879150347
0,0,109.36195923195169,50.46233780157452,-10.60906558513527
0,0,142.58313985030685,140.8510176077768,-38.26445009658772
0,0,110.8623432386256,91.71499122739908,-22.89883990265573
0,0,76.07848130477801,10.63924708656567,-3.8976172665639552
0,0,85.09445663122581,112.76395947670673,-30.995370496683634
0,0,58.35161232299124,13.514443365847788,-8.470037368520494
1,360,133.745469386093,5.183797361606407,7.338637464633663
1,360,219.19250577303316,13.907945643332337,-5.396711369196069
1,360,340.26664246432784,16.295667362606938,0.31374512752161365
0,0,136.49444087073965,29.61155513778789,-6.022299554144027
0,0,126.71658039673757,115.97465115357588,-27.754374140037314
0,0,113.6750233713589,91.84647481209576,-22.23105407893391
0,0,78.20979631261885,18.628235753864725,-6.1378067396683065
0,0,90.92968134545185,120.04540084042453,-32.95216050096779
0,0,56.438340730029836,26.188146600134257,-11.353542684735388
1,240,161.93537855041865,9.041359107948342,0.768777917485437
1,360,166.643254931029,8.937430077196472,3.90179671986877
1,240,266.5154029323739,17.190069069731305,-6.112147869910487
0,0,182.61677009539852,28.183568107422442,-8.712549618603873
0,0,281.30932187006164,135.88268236464657,-33.22090228759932
0,0,114.04020315596088,28.96978211481169,-8.57154208187464
0,0,76.56917959577487,12.221629142218342,-3.226851294048174
0,0,89.33848984313774,104.96529784661206,-27.770632859609968
0,0,53.3569506694948,14.98360835913689,-7.405659261326093
1,240,165.1870588799141,7.109964735015668,0.8639207529177497
1,240,231.37058389567028,9.052002621825954,-0.5109951993481303
1,120,234.25100831327293,30.257992030504592,-11.252846416000878
0,0,113.32207519374724,27.232059264621007,-7.262696662444796
0,0,158.85227674506848,38.56373759088375,-8.443628177612425
0,0,138.41979103390324,16.150825689694514,-4.933451466338312
0,0,76.44378578602213,11.751848047793708,-2.3653927863820883
0,0,97.4381148905671,115.50419953763088,-32.363184817780954
0,0,57.760595583374666,14.626236632916042,-8.66555943558157
1,240,152.78595514474023,6.954475035967754,0.9009559708198367
1,240,214.86385455335565,7.616174189723814,-1.3241055483889994
1,120,258.65770070679804,14.14656827903379,-5.557391058336421
0,0,94.00304547665499,13.676942406280086,-3.487144041811746
0,0,119.37930527525599,67.15391969472645,-14.407508284802674
0,0,170.38676148932996,33.74458481274252,-7.383905231920622
0,0,145.42349130154184,67.83795632987125,-14.697422866145814
0,0,107.70893519921255,133.01313182241876,-35.15975327565042
0,0,58.85860619790706,21.131692375397634,-10.623496057398157
1,360,141.42744003468675,4.041719624578431,10.884496702158714
1,360,224.50467341762118,15.601503415885535,-5.386027218732664
0,0,159.3324835140361,72.05654924357135,-24.064706871348996
0,0,120.38938208494709,67.05311946358572,-18.01105242371696
0,0,88.26945419382054,7.966243277798346,-1.419887741984553
0,0,89.63624275250494,13.70929078299223,-3.5875708290063812
0,0,144.69157869234007,29.637580036312784,-7.2205835668991085
0,0,257.21917757069514,146.92539750144144,-38.38127827005258
0,0,78.69368730055949,19.577761008103927,-10.892523177424849
1,360,161.80013937396427,14.397558111121441,0.06873885220642251
1,360,248.54097143969028,32.82027586041686,-13.404339474822962
0,0,175.72335833972343,51.20935111744132,-18.78669955476299
0,0,109.25001565546494,45.390476923546515,-12.104297119029141
0,0,100.7194843569556,33.07031270364112,-8.48552463113586
0,0,89.02610775043318,14.002805938205274,-3.3743792272521063
0,0,107.6580362970935,29.023768572941805,-7.77887534220217
0,0,153.12617292879295,26.257021704351608,-6.399082302459675
0,0,96.86164231385003,13.011080243407742,-5.497227983570667
1,240,163.9649524343133,5.048886265827206,5.9093285129264785
1,240,209.95729107754698,5.137361264579994,4.040965441384728
0,0,193.50034970363032,33.81651020328396,-13.925120476565326
0,0,97.96581974414028,35.105214662440055,-11.148731430476161
0,0,123.07505301960873,29.149485492073122,-13.033960876043238
0,0,100.46748377920363,17.808506499876632,-9.036223367756463
0,0,76.8884936881778,24.975361782191328,-7.818008288953905
0,0,61.97064329226812,6.2624539605116025,-0.01096427617639506
1,360,180.3043842270794,5.512270332261214,26.646630488190382
1,240,455.3157321438501,21.603633036441664,-1.52492741906768
0,0,218.38587720305932,38.31900716292151,-14.706759608909834
0,0,139.90637905753064,20.601595929946182,-9.502833296031525
0,0,87.26632638791541,9.586096025303856,-2.238810437963977
0,0,91.3001267291706,30.957540003323487,-9.375431935090262
0,0,94.34788270449691,52.69031025036639,-12.67915936705883
0,0,75.53482094903723,14.946554599911781,-5.78202769960788
0,0,71.32740320568756,24.499139890874666,-8.192518938011759
1,360,241.9316639790948,3.2470182857375582,47.508010218737056
0,0,313.4788110084186,166.00729566214662,-45.9781636693874
0,0,163.14315621822914,75.14692607643819,-13.921067685563628
0,0,122.20477248184014,64.14248210604333,-13.506959101998959
0,0,94.92559657960642,21.4593743472468,-5.8144605955249915
0,0,73.99498745920647,8.129074420410308,-2.2879564733053
0,0,61.770142427729255,8.404838353139661,-1.9077180205371036
0,0,74.5352583334921,65.09487896119474,-16.095979218596298
0,0,65.70977980006421,48.504631550516045,-14.08385567145713
1,360,136.3386154122701,3.5862739734254494,32.89938423822659
0,0,131.32583306945577,119.6882466050333,-32.949809142433566
0,0,139.55477987086599,23.005607802604267,-6.824746888528537
0,0,165.0773371708695,61.33631254284319,-13.429829258124386
0,0,119.26199974315624,68.30840072620363,-15.178088106108646
0,0,88.7678780086023,6.013926918772603,-0.5218220165091196
0,0,62.75997870518571,6.21896707523286,-1.5573444631295104
0,0,69.44259645531434,42.38621562978918,-12.878026175585461
0,0,47.449291376245334,9.77491326102298,-4.207314963305208
1,360,100.61463715301372,2.958586189021687,26.31632009562432
0,0,117.65641711473073,116.35053306405513,-37.428407396898386
1,120,357.40959674707216,5.738306927069491,9.0420144263488
0,0,200.67659611584665,53.03699965729189,-12.382053327367174
0,0,148.75928518420508,37.20850440160575,-9.252421538063487
0,0,89.4592415369845,16.716213406444755,-4.47173976134691
0,0,85.1893281037947,6.969040604391076,-1.480320298290195
0,0,83.7876868336259,80.47430709346122,-20.406278325479505
0,0,51.49857960726002,7.345966651342813,-2.2134686053119026
1,360,103.6375331523162,2.5707501793647665,35.77110634201151
0,0,138.91614035000174,152.11647223255005,-45.69897551012177
0,0,90.52044396996222,25.272730405630366,-8.599441347179678
0,0,108.59984736322984,40.24530448935759,-9.307601846317382
0,0,169.8737481674152,52.75915647613333,-10.98865411183671
0,0,138.72221439932235,23.837263856609873,-5.865323915189066
0,0,80.08029695731852,11.11799945209912,-2.7876439396124937
0,0,57.06922638696326,8.676682938678029,-2.232855424327852
0,0,54.85935249456006,25.17674204628846,-11.086137737899733
1,360,108.02772783293008,4.221096765595439,25.10008121478087
0,0,103.45218859782925,107.35288149079567,-30.030663571581833
0,0,79.80631576237083,11.739636975530015,-4.049583719248233
0,0,75.03767244082304,8.525854402015893,-1.111722391254375
0,0,117.16781032650468,73.49033542775888,-15.973058648749486
0,0,150.63903038451232,24.25338969263248,-5.259175388774679
0,0,126.30645314066521,28.145746361906863,-6.290444254226401
0,0,82.78293797137265,51.434649958086894,-11.998903417177928
0,0,73.1692632988942,76.12529909772942,-20.84912632267944
1,360,136.37321306244098,4.205372900575378,36.13183116092148
0,0,139.78363221740926,143.60339383748394,-43.7521985944272
0,0,90.04466959982052,23.824737828746443,-8.879427383161413
0,0,108.35899013086386,82.5516351057123,-18.870672116169757
0,0,122.2534041722835,99.72759885732361,-22.86471614217468
0,0,100.20796739474679,16.559387176614006,-3.420687780497076
0,0,142.55495840917814,26.12624203188356,-5.8994529596218825
0,0,120.90008285095264,39.151569278308585,-10.002415083303475
0,0,56.31684085633008,9.474685670993786,-1.73965136683303
1,360,112.49676479956578,2.1113387047646786,45.731894377061835
0,0,133.45051648314524,150.1511348509719,-46.00119905709523
0,0,100.02564956784688,67.05849085536116,-17.887566471031576
0,0,98.95813295035241,49.632952315732055,-11.282256891509945
0,0,112.20864753982022,83.98314711193036,-18.938396525907407
0,0,119.59169766503379,76.12742166383424,-17.067375626629186
0,0,110.60418718117417,24.202893917195144,-6.420270949026573
0,0,170.65166250151654,34.94430393678007,-9.080085451335464
0,0,119.04900654228437,52.79148590136239,-14.047708157451112
1,360,123.75004727969252,5.817193377836045,29.81034376636103
0,0,106.70739444148039,105.25985804074917,-28.699683678219635
0,0,75.54612866726968,9.60368931876189,-2.513591781459837
0,0,100.85025712640889,11.554045101740567,-6.362908368694846
0,0,103.65245140514217,44.29664063792109,-12.319279980430835
0,0,91.47246315666831,9.97765983680493,-2.487864220329101
0,0,123.78187893161909,73.08878057486905,-19.570890835808697
0,0,134.97164547665164,96.16144955402456,-20.471249796348985
0,0,197.55670880105853,68.91572175784596,-13.973917771090342
1,360,474.9226694036079,8.744481418166195,31.91362076535195
0,0,220.55163115625376,116.14101990636252,-36.19746856225216
0,0,96.91124890531393,20.850537196958186,-6.041337632343655
0,0,108.61460691123852,69.99700313715755,-15.83516864356001
0,0,91.04276986383483,23.187760433440726,-5.81348306444896
0,0,76.1533899785425,12.181193896941055,-2.863495067160571
0,0,89.60823702028108,58.01204914014143,-12.907912206753124
0,0,94.42073955169492,87.22323705131241,-19.08559685410208
0,0,107.46944962991034,77.16706031766095,-18.777637577490623
1,360,406.13723558854815,5.593834356851312,45.58900575350522
0,0,255.49781977805094,139.97226080115968,-33.456788462172746
0,0,130.1606676450897,67.5524495299363,-15.429635913705582
0,0,87.70256625446241,12.233296036182205,-1.9542432158043113
0,0,91.41092536376114,30.602930681374254,-8.504557425383723
0,0,82.44440359198911,23.628947349705943,-6.407943489565085
0,0,79.75285491105826,33.93270625829718,-8.721178311831736
0,0,80.3065646825515,65.094185878385,-15.54695021073259
0,0,63.13005566700715,26.16061099767252,-8.773399607098739
1,360,139.91849730393716,8.52681822029818,16.221266846293474
0,0,165.6859701452061,84.7530899174192,-20.07242240128093
0,0,186.13839598305896,76.42219122673679,-15.943246592906476
0,0,101.63266053962809,20.63278826619053,-4.212530223694614
0,0,108.44702596023056,62.44047287448862,-14.374768919683348
0,0,85.79221936456264,19.021240780531354,-5.593675955088258
0,0,72.99817950584729,16.51271238114596,-5.069914804551956
0,0,60.2003817437795,12.858882687706066,-4.643975452991455
0,0,55.17667710871759,17.438737796367608,-8.20895202799258
1,360,131.64232448332248,4.218915991364028,15.777594552618623
0,0,93.85584675861139,41.18518975587077,-10.579633973819156
0,0,169.9434195822089,64.14978113438335,-14.905420343317715
0,0,155.2246813836867,41.36449244463283,-8.292073873165606
0,0,112.98151732794318,51.06803081057523,-9.87694236475545
0,0,111.60765506883065,75.12240105243123,-17.528807282177183
0,0,91.4762947444002,37.82769447636477,-10.593240149607126
0,0,67.85948189459484,18.542697783763344,-6.31807932194333
0,0,66.57490809929982,8.95091902089061,-5.050232084237322
1,360,127.31142872408603,2.07109252309239,31.921958841232893
0,0,82.93560066955463,26.725321875741383,-8.470787689670743
0,0,76.65907453871563,6.6457648523577015,-0.3188231577043723
0,0,124.40845688636873,7.585617179388391,-0.34091536002262046
0,0,161.83809249741518,45.781310651723274,-9.856947891286836
0,0,83.44752572986506,8.062197343980396,-0.5180598428543561
0,0,77.26388726137871,8.389469602814431,-3.3182530916327693
0,0,80.59899531251006,55.2059192848106,-14.235452247518054
0,0,58.39447962774918,7.110912760395389,-1.7936163661815954
1,360,133.3478571384704,1.681857149461714,43.09413508940888
0,0,85.38505081972706,40.65817247519382,-11.30274277249245
0,0,76.96205337099528,11.712203350096273,-2.0160495995681487
0,0,79.44882749337862,7.959088641710359,-0.8788057975713741
0,0,123.49006611684217,15.557541389852464,-3.875789261833816
0,0,120.93804731046193,12.170904144080911,-2.4606941403672664
0,0,74.94940422225959,9.275827759049266,-1.689564788078016
0,0,66.39420566071884,13.087058543973294,-5.00217982691079
0,0,49.08366475893741,5.838029179803684,-1.3301292533980558
1,360,116.17612060350335,2.0518032975117073,31.27624936797403
0,0,86.22695720337451,51.9805140374598,-13.342179066291052
0,0,78.29322970228392,15.104785044393502,-2.7873797420243704
0,0,104.32533715836759,41.05420793424989,-12.418914174861115
0,0,104.12838448010116,11.933615331807566,-4.6603081478887844
0,0,135.1409721806499,11.699032069356594,-2.9010269765283283
0,0,130.7814302018912,34.88405265981509,-8.106818524378724
0,0,84.96173405973144,61.37833068818333,-14.128129903273603
0,0,50.34606522404425,8.616705104540328,-2.8595532391458818
1,360,84.35345250320457,2.4366030088439516,31.142417437738033
0,0,70.09886921498621,42.426284479726945,-12.708279225220963
0,0,50.61722374045572,6.312055857663729,-0.5647858282885352
0,0,53.38835721923217,18.730521420298203,-7.858546766874412
1,240,170.85239008722297,2.961971736105956,11.566200454822493
1,360,185.31573822653806,2.9882754921675794,18.18619942024337
1,360,274.7528177693928,10.29854454338988,7.868078863314466
0,0,93.5041172072754,13.176642204486184,-3.922330308956319
0,0,51.67415814745396,7.380387959323135,-1.8992954014279633
1,360,101.95290418881805,2.107506669763592,32.17790289669608
0,0,70.62926071439506,45.149706453096144,-13.06918369849086
0,0,58.93812297940239,25.01360948485039,-6.311632900793299
0,0,43.88701721725454,11.370077640786432,-5.669997354343195
1,360,119.24220698522754,2.541527894909027,11.980684198962294
1,360,109.80761369498197,3.0624599446145777,17.799350743820497
1,360,177.11696801253115,14.655843361742807,1.2704468657034909
0,0,290.09907481551,167.89726028816614,-49.257944231969134
0,0,101.40850132125348,27.6873190107495,-8.632941601352783
1,360,97.4420031585909,2.690410069136405,36.633214775744364
0,0,73.63056719051585,17.551657952162945,-9.316209403738199
0,0,47.129611695959696,6.680090049245267,-1.48305738530307
0,0,36.897350989888395,6.004751242382013,-1.9532392649694685
1,360,84.90322866244048,1.4646922176696415,38.448991959347524
1,360,82.73724232004929,2.5348488508011577,27.875920729886758
1,360,139.4401723206603,10.255991244265656,2.8722821264021405
0,0,135.6900228321496,116.31188647779985,-35.94264470456259
0,0,153.98110444351718,17.596024276501694,-6.226719795972841
1,360,281.54257260725575,4.9953632165809445,33.5814050279961
0,0,77.31631653137885,19.761574149838708,-6.152675779927478
0,0,51.83273826810948,10.539263574100465,-3.190724915849202
0,0,75.78604500679027,4.788654427158189,1.1466914314782315
1,360,133.03362160022098,1.548122286504307,37.99797497272306
1,360,102.18872821126402,4.016718106139785,19.202239936716083
1,360,194.79229760490048,28.469843796099433,-12.694641345722431
0,0,127.2379483936772,138.44145746283456,-40.838030506135574
0,0,100.61803797052724,33.29035205650657,-9.657610811053374
0,0,146.42007820176264,26.955172682132137,-6.553769990301561
0,0,143.7279457138253,77.51279312591677,-16.068618916371022
0,0,85.21429010434395,63.38906499379909,-14.282061986013474
0,0,48.16789261889627,11.943750765448355,-5.017318348709836
1,240,100.21131153196842,3.0363350995777325,11.358298088782306
1,360,86.63351926908685,3.266624271821127,22.150906946063884
1,360,121.01109687065238,6.6469642105011095,8.171314287050407
0,0,97.31561744373005,99.9932517226047,-28.293157565433894
0,0,105.24231092059684,73.77390737151664,-16.833470933966638
0,0,101.42328354137892,26.092822445151683,-6.014315503031156
0,0,142.64025091241726,20.004979778888586,-4.823925714208983
0,0,103.67397858000277,25.917494153126697,-6.422194307468061
0,0,70.49965555895474,70.51428838004782,-20.693413548195664
1,360,126.76462261214525,3.9758140372691937,15.928736708827984
1,360,94.93722170747347,3.4259119383231655,25.244681838708487
1,360,120.19826747674554,6.326768074468019,12.90177210226615
0,0,91.03058360107805,96.48484488089164,-26.939572926432497
0,0,81.7881648404924,21.74637560699023,-7.971760717333851
0,0,192.54580824393503,20.09181908416137,-9.486426625809528
0,0,103.95312901757102,9.594460848954153,-2.142869725815558
0,0,172.53884415612004,67.20756863596745,-15.610188545424009
0,0,115.66972753968159,43.12240674636648,-13.551682469715217
1,360,140.8439731099502,9.777259635118435,13.84679630705331
1,360,136.3319384738852,8.799838700239002,13.405945643619532
1,360,169.02324905151693,24.443927903505465,-5.076794509746492
0,0,107.38515469980852,120.02538807429345,-35.80996995976253
0,0,80.86100562981015,22.214192064335712,-6.729540645675087
0,0,100.78884969817307,56.19520836035516,-14.011861828695544
0,0,97.51710454534783,26.474864490083085,-7.951332959820732
0,0,144.01859091458925,11.275623449122323,-3.8261518189785875
0,0,196.4723694729305,83.22117475875346,-18.823782328230948
1,360,328.2357063794425,14.985928562136664,14.581022540234528
1,360,161.20673072602986,7.856117112079749,14.45287614209478
1,360,117.69978887408651,4.771815583217,21.799143709342815
0,0,103.4143715070789,94.67321305159729,-28.41391699900992
0,0,76.63755869991341,10.988995804331013,-2.8735134397019237
0,0,83.06552323462955,14.51161716080465,-4.241708205326134
0,0,91.81856435501942,25.2785819016438,-6.652590456160439
0,0,80.80635449236784,11.10437604312028,-1.3420551325256014
0,0,109.13027287081384,51.31988699617504,-10.57683347938513
0,0,186.70490416446142,97.28566596947667,-20.648378427325426
1,360,264.8208209096195,12.378721595263768,15.355966905696178
1,360,168.65149435305548,13.252483332412309,9.379384178469309
0,0,117.9058897514643,111.92201547474413,-33.43998021161681
0,0,81.59175062499894,18.21662578552429,-4.900891755578911
0,0,85.92650064408404,22.754497042005543,-5.7090668936737785
0,0,102.72458369081127,54.56681751849692,-13.495572185951161
0,0,89.40625680012384,22.696815947126662,-5.920044519639632
0,0,112.50721664539067,86.06864772564622,-19.28963665140401
0,0,125.87936714125877,83.51146816184314,-17.079190542769737
0,0,181.8753918774508,66.55228049820144,-13.97765880893806
1,360,343.5346467178882,24.35063426456703,7.168272291912984
0,0,137.09143171312164,106.27235817080722,-27.979597299954385
0,0,84.24452998627565,13.313741745335184,-2.8120452288508773
0,0,94.48072997263344,33.772665495955664,-8.939807099949434
0,0,101.71760162505748,38.75229943280709,-10.90816895859308
0,0,106.28065985988368,59.358005127226626,-14.779022933211294
0,0,112.1098084468189,98.49123297972136,-22.284982090620133
0,0,117.73956710293633,103.3248863497725,-23.191391175928267
0,0,134.69766428170394,116.16148028847489,-26.410607083410305
0,0,203.1098130304212,91.04057111623935,-19.78756456177433
0,0,216.03056168166117,127.14729765835814,-28.291292330461793
0,0,135.84774141236835,80.20416362914206,-18.002022150155156
0,0,101.30442496928134,11.677821749985258,-2.802439004546983
0,0,88.32218953739688,17.70527325928922,-5.080044140080318
0,0,111.27295794520822,78.56241650397124,-19.10689117970422
0,0,119.11213705139372,99.00699488435274,-23.14987516693173
0,0,119.71282344880707,101.04196542947138,-22.97380861025951
0,0,127.71408551768701,88.83518883527726,-20.325655789490057
0,0,136.8750150226195,90.4831448272853,-18.793235803092983
0,0,206.27524862777375,83.60652880096576,-17.19940572931425
0,0,165.0711023387614,48.191704661920994,-10.955455042914068
0,0,129.08303926352167,18.24861769386424,-6.436350014239309
0,0,110.15990438120768,33.830736449915015,-10.043788425602429
0,0,88.18479084182142,15.94094794156553,-2.991895094984912
0,0,110.50122176292311,97.88541362750013,-22.602278109995595
0,0,116.76250089524315,112.64872723997578,-26.772563063080895
0,0,123.64276282319929,104.45596861680853,-24.60378619804427
0,0,129.45929437715935,105.14895757157906,-23.52680058194496
0,0,133.47450358267395,71.49020673305458,-14.722056649261745
0,0,172.9366717888518,35.67837970686516,-7.861394816874309
0,0,147.5451479876443,21.81151275678321,-5.985222064627834
0,0,106.45328535687004,40.25200068004539,-9.471013338518844
0,0,79.18697021286663,14.157783947210065,-2.3726106644894145
0,0,103.24698326906335,94.03029932983007,-23.7814342173711
0,0,116.10561032038967,98.96616797509182,-25.756205509502436
0,0,137.34988250809093,83.62901789421912,-22.92547630348958
1,0,321.8423735030724,15.181910360911102,-1.3580549384619047
0,0,141.07419711955725,70.09444624843863,-17.930144554332344
0,0,153.2431723873165,72.49846895051562,-18.086401575847617
0,0,205.0805187631568,79.00596062375081,-16.669684281190044
0,0,188.60780893203577,89.359022266797,-18.535003796516705
0,0,127.0468111133589,95.05429308314956,-19.5086723038074
0,0,116.53157405001664,91.3524295021694,-19.164121661241893
0,0,115.5711831841981,104.8912462801595,-24.28336736317727
0,0,114.45786889085487,105.68146897744569,-24.456670413077795
0,0,112.02559286912572,98.92542048156952,-22.661844098212214
0,0,107.07343576651911,80.55863938825817,-19.008995405403738
0,0,70.15870093110743,12.219227718576802,-3.4757412739086675
0,0,73.32236810335294,10.44400259072815,-4.5379265411217204
1,360,241.5294379557122,5.031084054829519,22.75594055865642
0,0,166.19557131354898,60.66857057333976,-11.369854243825671
0,0,124.30704450811551,94.14488180142688,-20.535761563415136
0,0,151.8099205183595,93.7472616374048,-24.916976586900418
0,0,114.92876875589384,79.72272376281774,-17.715019026233065
0,0,105.09943124079541,66.79426747337514,-15.43188687715633
0,0,79.10405261385777,22.968517042864576,-6.343880858398734
0,0,72.9472012513196,48.80885519612012,-12.541956275598466
0,0,66.80551186686255,37.3681625244794,-13.94575430819718
1,360,163.34647976130424,11.208786080561717,10.278406299213728
1,360,312.983447929399,9.966844857128034,6.525817732939714
0,0,192.0038539649802,110.87019733445885,-22.789393409802827
0,0,124.30236271600522,91.92136385361007,-18.734208777956127
0,0,109.7778792138554,78.09527869021028,-16.37433251348348
0,0,108.60813402190446,75.45939812943935,-18.820020154576184
0,0,93.47189446133478,66.15808243055243,-15.8050501185148
0,0,55.166769393694864,8.278496937518321,-2.6191440018639156
0,0,41.587072673005714,9.792087816950135,-5.183889644065175
1,360,92.95566736686975,3.5306845356849306,13.468708422652355
1,360,192.35026123690753,11.565868119826932,-0.060110311517718173
0,0,178.9600183918675,59.67991682370412,-15.564297424368277
0,0,164.05448462338595,60.41184114923399,-12.42947151048223
0,0,95.08581476069762,16.266404467830316,-4.286748610148138
0,0,69.87075938026673,7.085358039141161,-0.37164153952049617
0,0,86.31816146105797,62.03653554944032,-16.208485119519594
0,0,73.79132950240921,48.34127698599048,-13.376551172504932
0,0,47.366838555630004,10.518337526975309,-5.7934885909803455
1,360,101.96738033536728,4.426421194301875,8.409683918952126
1,240,206.92040638220558,8.296325770837477,-1.8497953413185542
0,0,97.9173014142807,18.324690751845186,-6.4812160486531525
0,0,134.1717731974713,20.729235070932624,-5.116445283770929
0,0,172.62287835687917,80.34127851166784,-15.440357051831327
0,0,119.5372052324088,93.96520008300325,-20.134508834488173
0,0,92.53249230760386,44.41419037029707,-10.617673142556086
0,0,74.87161618966697,49.54695229042419,-12.803215986534553
0,0,46.22424605750993,10.173266215724096,-4.75613261309843
1,360,93.12928476896423,2.398223773867806,18.860706430606854
1,240,188.54686628219346,4.990409659884809,5.920467083241448
0,0,92.25771192054049,81.10853562126896,-20.2643143934813
0,0,97.96416467961703,67.82769726036466,-17.79954111862311
1,240,380.7102752688497,19.22511542078227,5.258652125011039
0,0,198.1152817415961,103.59880567148218,-23.780488390005644
0,0,117.89456502914427,63.79115409802143,-17.931661048488124
0,0,64.97655787611973,14.17610461663769,-5.623889591265197
0,0,40.54925936247725,8.547746974778063,-3.769285930112517
1,360,72.8744407606178,1.9044437847045437,30.96887132605643
1,360,102.58400523086067,3.2531448038685267,14.49365768179635
0,0,60.08319524029273,20.432642555848233,-8.328638819360847
0,0,75.87927841892346,7.088543693201528,-2.901396853151681
1,240,224.69491514932758,4.5676724636224675,11.168202640181136
0,0,223.41063042352124,82.729685191688,-22.476609885232378
0,0,108.55327883541135,16.31352326947335,-3.754596544213271
0,0,79.27872993741063,54.25823683668791,-14.16473712108295
0,0,44.91255924458837,8.266432964861384,-3.1682099973899653
1,360,81.96865189396418,1.9224023454376309,27.35994284029634
1,360,108.06330038412152,3.0064450009563637,11.19646121420601
0,0,60.341799072050115,22.39541156024344,-10.928612567961494
1,120,155.29011311264685,2.9100198550520733,10.959613360411836
1,240,200.58744935275885,5.986580831141653,8.877472168470192
0,0,130.31488338326955,85.39971452006354,-22.895542716756047
0,0,143.1531282016315,17.17730298974888,-3.7927678117442554
0,0,88.60252459306568,12.0545149644306,-3.5482423760394397
0,0,48.817607468796226,11.817312787508472,-5.4349196243894085
1,360,89.2042709119374,2.5151302838835856,20.539090300486222
1,240,141.01556702562414,3.424876600753546,5.115351353216965
0,0,59.124946889507704,10.169246696408267,-5.665173106384202
0,0,81.95103565924414,6.79415225750899,-3.3267074144524713
1,240,170.50132369530212,4.155589610656641,15.893281392502828
0,0,118.52160776228742,103.85642310793793,-28.03460323780012
0,0,106.43648531835325,35.09531296375724,-8.374920952847006
0,0,164.38821818204622,45.48828462526397,-10.23731315889735
0,0,88.1849098704344,11.86025594571317,-4.5282093538308175
1,360,104.74655107953402,2.5583631290439155,21.522771896366507
1,360,149.90931697063596,3.173698607512471,10.875323761899338
0,0,69.52258368323238,60.59941390423096,-18.23186348391249
1,120,169.70332186575425,10.034633409648874,-0.8011422745688037
1,240,279.5534117714801,6.901489396634508,8.34985901709915
0,0,119.45661719339671,91.6795573687514,-23.3663481027304
0,0,84.40801295217983,9.82229467607439,-2.1257444381538875
0,0,103.83431578970693,24.876662458317597,-8.474417764531466
0,0,140.436815901173,11.661235592485118,-2.30385060020636
1,360,262.0402671663306,6.456162032542387,15.503917555041099
1,240,253.9934114706527,3.7925640253173234,13.491239192966887
0,0,79.44303476754725,36.551007062383704,-11.488970368403614
0,0,118.6161051449298,58.216671010296594,-19.708284149532503
1,240,374.5233946876672,5.943005956834331,14.627045760084314
0,0,126.75787765741009,85.86211626795797,-21.299889679619312
0,0,82.62718619728254,9.407520712511392,-1.703820889932743
0,0,86.67367158786315,17.214881073339164,-5.0914204882246
0,0,85.88523172355747,9.576591405314113,-2.0786274402892957
0,0,119.8495589849674,9.008938535110182,-0.9624718897759266
1,240,388.5992650155499,21.925663856527084,2.455166974284708
0,0,111.29906488765369,88.47607808487106,-23.935651633506126
1,120,240.39397300429755,7.13211856750885,5.950606744093719
1,240,276.9896034643863,9.907882281012405,7.770780175563132
0,0,120.7037196477219,91.72740174146088,-24.722019902677907
0,0,232.88172582174528,4.517298519147778,7.877124988731552
0,0,102.41371496190025,19.421900401458615,-8.036425719001116
0,0,110.31829178887077,71.23007687141356,-17.485283371510974
0,0,95.3853134230551,18.940769173573006,-5.090083648428731
0,0,192.63919469285634,79.08420678512478,-20.419852797556914
0,0,111.89810755660217,33.02393030248343,-10.383784301748818
1,240,322.5616010629487,3.3263151263579225,21.16620026354171
1,240,347.0475778487724,19.322697509605938,-3.419979730960918
0,0,128.64593218850874,101.34617102604395,-26.53846814815489
0,0,103.38195038011665,26.090790124204386,-8.51150053799941
0,0,97.78686872657876,27.031864821893652,-8.024964827628636
0,0,84.04118377108381,10.330294594707684,-2.4271886022423956
0,0,84.12133537184832,13.704453642549293,-2.872197735713115
0,0,126.4299821688147,76.64913252924917,-16.674550800763143
0,0,194.30695560148743,39.37470945478634,-8.760855505614984
1,360,370.64981819553236,16.19791561288714,3.7901890907450735
1,360,284.48176315149203,3.8900486493708692,27.781876956421016
0,0,143.23784256589332,77.60357253476677,-24.14490140724571
0,0,83.42433782245203,7.584070377388541,-1.463929479923479
0,0,73.1949848153548,5.242249150130487,-0.26066798460828977
0,0,70.42948535759241,5.240893216638787,-0.3631290932314073
0,0,76.96882099784719,10.023277861478448,-3.17048209664776
0,0,100.48011214823718,42.29365297662664,-10.413828851469361
0,0,84.38983558257006,7.030670376137135,-0.0788419205151456
0,0,140.29324472181048,21.18918937015518,-5.99887051202991
1,240,601.4387942800402,12.642462165657065,14.510513487918146
0,0,189.65181456445342,110.5924299592326,-28.892220312535002
0,0,110.08459894539993,26.42966069068257,-7.959908813530973
0,0,94.34315556815311,18.636148449275858,-5.843982034021053
0,0,77.9707585176226,5.987643919097209,-0.24565627765153408
0,0,78.21038578765453,13.911827990008739,-3.741022072135877
0,0,106.51086119737397,75.91496290420027,-17.30144412179638
0,0,115.03589450756978,91.0676157850442,-19.23841930697185
0,0,132.0925133697041,98.2102528768875,-20.816128043923754
0,0,199.67238004833717,107.69891752278073,-23.22702614661334
0,0,227.0075617469894,102.30118860056966,-25.600852043738506
0,0,298.2462546278368,13.027125832414352,-1.734827118874037
0,0,114.96824091116746,8.738890730657987,-2.2194500387068388
0,0,114.75474892372694,33.538634533868695,-12.837514117423765
0,0,108.51657267838208,64.44652165152606,-15.23185231529024
0,0,116.84367840929092,88.97628172434642,-20.67824860663781
0,0,122.2695693915311,86.95451585067572,-20.178703807028214
0,0,118.00340252563535,72.03011102222503,-15.298070798775612
0,0,132.89907392332768,85.46502313565581,-18.29636468307511
0,0,168.10637731381306,24.399734849869148,-5.479463337745742
0,0,165.58835534650967,18.48716632853653,-3.788080946531082
0,0,90.59131700694401,8.581134073253233,-0.2778883834016881
0,0,75.34702213791137,6.857694324142844,-0.6278709283788544
0,0,67.68630093074792,6.709412957051639,-0.6629669359841728
0,0,99.37570799677937,52.49218242174618,-16.903974702331254
0,0,72.3545237791506,9.118333715052888,-2.945443875042372
0,0,67.25311046390472,28.249797223621382,-8.096351015937557
0,0,84.62045635422034,75.373968453527,-21.448728032860302
1,240,325.47537616430066,26.30759509062441,-3.525420988377988
1,360,562.6123408916649,6.800156719064415,27.37408269521231
0,0,126.27118666305,9.320272596675055,-1.0868244105503209
0,0,83.88088623758395,10.023953797708254,-1.4079512949534774
0,0,85.59642863228001,18.726678781491106,-5.281695591185681
0,0,94.47269270724316,38.86828972886118,-11.807296758372743
0,0,73.3936265663196,24.216705036101622,-6.383626743554899
0,0,74.2565046579671,75.28876980521788,-18.086972242637955
0,0,91.246155755231,96.97108578959589,-30.459937096704365
1,240,195.80809912407267,6.422626932008887,9.12071360389676
1,360,216.2306657841568,2.92674318519164,38.79783845469581
1,360,300.1464274053419,5.500255091989335,28.81184596973921
0,0,128.4583204223461,14.999534824535576,-2.8272207383122634
0,0,106.93598605868094,48.34918246178902,-11.790123915145202
0,0,98.91338952793284,58.404232935874646,-13.994498763204561
0,0,77.31842503823722,34.8624299200739,-8.592112506085343
0,0,70.12818426195277,70.24379115471118,-17.44005274442553
0,0,61.66413327780359,87.53552139438594,-25.819628782505546
1,360,124.23288401420398,9.805223902078382,6.790564852038926
1,360,139.19654909004998,10.169429894078027,8.49158517126807
1,240,241.1736670995643,30.678816029427562,-10.064966504265797
0,0,218.81880127253064,123.81073925539619,-32.059674628553374
0,0,140.6697378926741,27.20784648885906,-6.434754260807097
0,0,105.65187137375027,68.84307079623807,-15.161290423456236
0,0,76.74573870501854,23.98031145579085,-7.142000636289907
0,0,61.46409152362905,29.8169278476536,-9.782433603534628
1,120,122.49799096785598,6.539346408935711,0.9980802881630098
1,360,134.25009402480774,3.9968501834865213,7.636472689668523
1,360,145.12448008969463,3.537644467845573,14.3805705461792
1,0,174.13545996236823,47.12316589885087,-17.38640478218271
0,0,130.41832491597248,88.39177466852452,-21.00398838092947
0,0,139.70765795415718,13.738185477526182,-2.253172218853962
0,0,171.83699477373779,64.38397092794754,-13.166709596167976
0,0,85.89956616937695,31.817785723230635,-6.328113546339978
0,0,75.7851891343827,70.11675485137695,-17.28770056326259
0,0,80.64208933843555,15.38552690001152,-7.87821891928553
1,360,110.04469601990795,3.4703161656280725,15.007268360997244
1,360,131.27346047974754,4.608831023837258,13.225530394646924
0,0,143.3938607373553,105.12633130568628,-35.91479299482341
0,0,112.72346329501714,98.70543166599228,-24.033447012723123
0,0,99.74405054166891,22.132263900535033,-5.24775676901632
0,0,165.84006118674378,46.39053405128606,-10.791937871677348
0,0,112.56296738049568,11.69134408438768,-2.445576754375267
0,0,72.80080739342087,39.46213174377669,-11.012484734284769
0,0,74.18937252025019,12.468568771636608,-6.071773194494611
1,360,101.92192274126987,2.929874466544603,25.26385201570217
1,360,119.57985148402837,6.854423388408622,10.063402302004988
0,120,157.8746664065731,66.75042998565944,-25.94093774706485
0,0,110.95990135703016,95.79135777285163,-23.8127469155146
0,0,101.54072510617921,39.07470567274779,-9.706318278398427
0,0,101.95528476107752,20.004963534760233,-6.166155140873144
0,0,177.58869540983173,88.57344900002613,-19.507361883770344
0,0,127.32264008582227,40.91044017871192,-14.168673665145874
1,360,133.26697436194047,7.444085698853708,8.141100650873469
1,360,96.44450937369983,3.383170478045518,23.969695982171572
1,360,100.25874160022367,2.7347655640562527,30.25814811031401
0,0,108.0658850054318,92.40657235771234,-30.559423340485296
0,0,107.49754038257204,89.7036360350996,-22.507610830221907
0,0,88.67012150917611,17.783714350203425,-4.725955964583832
0,0,79.74174557384742,10.355089451735616,-1.714468052733821
0,0,121.67928949570913,77.42256240762448,-17.279869746750833
0,0,142.7409151108175,13.33371390114538,-2.09770779010303
1,360,272.4828400954673,13.451170681009122,10.63620380884737
1,360,131.20521740830952,4.91190945839243,15.579657719602167
1,360,139.33801176255412,8.627442473381759,5.297098158033677
1,120,177.14420856081443,56.31185564115597,-22.674087014445504
0,0,113.68723230623245,103.02966917088867,-26.778042521058417
0,0,99.90515860334281,18.10025285000233,-7.331557121811329
0,0,96.88119701455278,69.3430795061732,-16.216527294101837
0,0,91.46803642587155,62.596820804984525,-14.70908454768525
0,0,101.95075033772615,81.70862982069728,-20.177118621499517
1,240,442.9293652845682,26.224360176942877,1.2481538732182713
1,360,439.31606469280155,19.110078113591573,13.761735251583502
1,360,226.3938955627328,14.81684703991504,6.945669972070036
1,120,162.1636074137511,47.970304412080175,-19.229669082853448
0,0,100.94503791051073,87.09246098865066,-21.407603036294176
0,0,67.59601489379311,9.12567786597166,-1.3485702450485348
0,0,87.89769382732992,80.92933039727703,-21.10194756265109
0,0,83.83300839502276,77.99798719079382,-19.21595194407847
0,0,54.00709628961313,6.202512224436909,-1.1837268019194909
1,360,125.08897180688281,2.7741440385390104,21.209761161870276
1,360,199.12081279187748,5.0525718780602205,25.301685110320378
1,360,344.25274067192674,21.68538973444306,7.038688658893889
1,120,252.03841751482958,99.88577334980766,-34.868079138370426
0,0,122.13564519784862,101.17731150690982,-27.13841331520031
0,0,86.06440379425736,19.932327012377556,-5.651593350355043
0,0,97.05764276321267,91.00753416897534,-21.669042401590175
0,0,88.38628927949759,84.55338821325189,-19.309884754557217
0,0,56.76146373804792,13.385973969412184,-5.327021329402854
1,240,237.9567657971738,9.046708840885978,1.6906848333124458
1,360,281.1512745441499,2.691486242639801,30.130804872842134
0,0,142.14909351105607,13.46929281109021,-3.3777081168623653
0,0,194.38163755408436,116.16705382940317,-24.61227750852631
0,0,123.03680515864,104.78505299840552,-22.603260925023392
0,0,105.71272333512555,68.71069919919141,-15.724110545419606
0,0,100.91275281624904,92.00535682661476,-22.31856160406967
0,0,87.36846994193404,75.50789948689555,-19.126864517365775
0,0,54.16298976443297,13.252859654719158,-6.104893004140834
1,240,151.28788369397552,3.5871705590653855,9.21242187068357
1,360,163.48145820841592,3.107894546005441,26.660136268894874
0,0,123.75319870392173,84.78369385523654,-22.79236299069325
0,0,187.52181453938448,77.3323677873952,-18.191948512299945
0,0,212.74369422695915,96.65111255910188,-21.096520944191198
0,0,102.52929741312647,18.229160837903468,-4.429320196599022
0,0,71.62333100965586,11.575157053890209,-1.9462116091255837
0,0,78.29374549294013,69.94495694991406,-16.621801110319907
0,0,68.69290323854604,63.3039962985168,-17.421463802125686
1,240,238.50753952954705,12.790410076891243,1.1597163725723476
1,240,392.1379289989531,2.504197759889023,31.25950980879101
0,0,105.3610221239355,25.77775494142031,-8.72055480552379
0,0,87.56582505027289,12.186706071162224,-2.190879711527984
0,0,148.9867318595094,33.83563856687137,-8.349404749786771
0,0,196.9961180421296,96.9267718074485,-20.019968612136395
0,0,116.60223170188925,97.85317083762227,-22.564323484486863
0,0,72.47059368088709,24.573473022218675,-8.328036448859947
0,0,54.832656077078916,7.035667250508879,-3.9619018237043235
1,360,102.9609064998259,3.247916450667751,7.636874270002451
1,360,120.24224004719538,2.3798640734095535,27.40666354177877
0,0,91.73231395484731,65.54838614636424,-16.58918327609112
0,0,87.64191834213794,21.364418392506895,-4.221211756440098
0,0,79.48663324807059,6.4922172290995634,0.16322119366843424
0,0,121.48701860955299,13.576790135370322,-3.1471534496171216
0,0,125.37028743160133,34.11515669815345,-7.715922340905905
0,0,85.83869153588492,78.6638881590839,-18.367787859046373
0,0,48.67022737381857,10.823876946975982,-4.871528835635701
1,240,150.51487787315205,14.763064535840915,-7.089287933509027
1,360,128.13145651506315,5.645755554551639,9.239930123558196
1,120,183.58557231653384,10.695135010164678,-4.925699909102988
0,0,84.51346096721576,15.452414805860336,-3.7851325014477055
0,0,89.81822049765348,28.073654920275587,-6.097764953213456
0,0,112.48744655957873,54.112140756085985,-11.979469042596122
0,0,188.03661895852304,77.10502940618974,-16.75747713972096
0,0,144.3875569426896,62.676539767329174,-16.18356071905673
0,0,71.86873966946077,53.8779690115533,-15.953983582887517
1,240,154.0077668528232,6.52955932160294,5.715777359872746
1,360,138.03555533516717,3.680717110057762,15.951425997695381
0,0,68.99773551637057,13.22093452779577,-4.84493999036772
0,0,64.94291245485262,8.94388892312,-1.8497689215597433
0,0,57.876710829344674,5.416282424145096,-0.44630906187383346
0,0,57.92257085351452,8.578428523430858,-2.808224931726727
0,0,75.53353997444047,44.99862522999296,-13.654090738820713
1,360,223.65335810551966,7.835369750366477,24.846652320356554
0,0,87.09086687633445,16.990935910056358,-7.242411571629248
1,240,170.48624673765883,12.992845306879758,-4.571226005127855
1,360,131.22582636244147,3.3132825975479276,26.659016071121258
0,0,84.68434637924103,49.12929048182063,-13.690629265257144
0,0,66.7628032669219,10.06381508378373,-1.519521936414833
0,0,77.20206606701208,33.79329914877046,-10.222766439695675
0,0,61.4575052737112,17.15360641628794,-5.617004602118897
0,0,66.68659094644389,66.32585178818374,-19.649051050276924
1,360,124.36146892439022,5.107173808164605,25.963552908068408
0,0,135.40261974408187,27.623109581175807,-7.373115402421973
1,360,329.4890436658758,17.03489793608943,-0.1887375492678416
1,360,165.74282047797382,3.9554560834106103,22.981882336013157
0,0,83.34143155950157,15.630286206424163,-6.689842316084778
0,0,67.34587342961521,9.151275002449923,-1.4307092751937773
0,0,59.88116400787278,8.052720699989482,-0.8229068718778052
0,0,75.51447839227718,61.02069995836042,-14.950117291275177
0,0,73.03375205703873,67.87149143040475,-18.177496904229997
1,240,195.7754286038261,15.493151469963731,4.424981919662983
0,0,91.79476430045396,24.30899334398531,-5.503283392290285
0,0,166.97304354137356,84.04873007280148,-17.679658821039624
1,360,266.747905489715,12.072957464820876,18.14282874417826
0,0,110.34509023087732,66.89172502388143,-16.97923402728196
0,0,90.55676470100663,42.09866928929434,-10.4518257485922
0,0,100.73332568423564,5.721307897973708,0.8615112709141215
0,0,74.07114876742179,53.36383512956354,-15.50906427659676
0,0,67.34927424712873,90.43819551922898,-25.208312551267618
1,360,125.46575971526426,5.187177493981225,20.30583553389043
0,0,76.14145877709925,20.491922794918324,-5.68788881501041
0,0,112.94757716915822,68.47621340151056,-16.237499298646483
0,0,157.45272697767047,28.69511195339145,-6.6169502015235935
0,0,177.5508103027311,80.20938340905288,-16.34678198899475
0,0,121.73210419169412,72.7150573285576,-16.924481719120806
0,0,79.13280085790541,6.796658816759038,-1.0116337769725305
0,0,56.65217279922171,7.581479438916214,-2.6422401550170065
0,0,58.90098038412554,53.737681109289205,-17.206232594991164
1,360,105.03645943650336,3.6860287144163477,21.370277048505983
0,0,65.92849204238799,7.503213423607594,-1.4401728328001013
0,0,100.73818885327996,91.92729115555582,-21.362203322752336
0,0,124.32603240589933,81.72905410474664,-17.61323954738728
0,0,247.5136071409721,144.47237528863877,-36.434020514747644
0,0,133.24488038416095,31.416396921430632,-6.569938882694245
0,0,97.85323001232595,54.47416101037056,-12.123144974965328
0,0,78.3871036017155,49.225434062833465,-11.66982418537249
0,0,72.74337325364668,82.7977805777444,-22.113993411591494
1,360,151.03515760848734,3.883753147182449,32.706446023577286
0,0,96.71444359580643,86.49339197421175,-21.3254692901007
0,0,107.06907138404343,101.15652624223038,-23.07041510032998
0,0,115.18389808575824,75.76455671487531,-17.30482056697251
0,0,136.29653596356945,105.32321736093904,-24.365929109463494
0,0,193.7602628501304,18.9157405815871,-4.275034089091079
0,0,126.91768207237048,32.59386158962437,-7.175062322466744
0,0,81.51830997079445,44.72011423466877,-9.543852613562407
0,0,68.38695435897125,63.209051173195796,-16.92139589129161
1,360,138.93142135669584,7.552222861300619,15.294419435568685
0,0,77.54743042156859,26.671263221485255,-7.728170541090961
0,0,95.79408035212204,94.30627624113116,-22.32924047058131
0,0,97.44744446661252,78.49821248910699,-18.59701625439928
0,0,101.65647759828111,121.19186810191415,-31.028511442136896
0,0,108.16276296033365,92.70186895233476,-25.035749254613812
1,360,289.1682710620591,15.963566987845715,13.271638157724922
0,0,112.08873471429344,31.626083349825677,-8.604609052003227
0,0,69.62352561506289,81.51798151073213,-22.689489733832673
1,360,100.37984471188018,5.360010507400851,24.23007855711512
0,0,80.25579047707463,31.441438147738587,-11.094407122407759
0,0,88.08038007612711,70.69515411493808,-16.63614703935461
0,0,79.06753916982093,34.17572202826659,-10.448232661393817
0,0,87.3429694786118,113.57157422074967,-31.12829358721652
0,0,63.0408352195399,31.365791046901123,-11.246944241882375
1,360,120.56464888353561,6.300743175943124,23.153959509104837
0,0,162.83768345310625,92.28858222896766,-22.97283107918348
0,0,132.6444547160903,81.83236676107266,-21.51149609584489
1,360,133.75373337265086,7.2690940212662625,17.449637680383205
0,0,65.22580945971494,11.476530828594067,-1.9776088504972904
0,0,90.72656751945676,69.44603840148174,-16.55756939269716
0,0,66.81196775210906,10.213162697411004,-2.5462783070615416
0,0,93.1009502910474,125.87912938724672,-34.93321969569629
0,0,69.30272649901238,57.74554436057337,-17.74247443959007
1,360,143.55810888720004,8.12005531936801,17.2435318579422
0,0,109.16738712594473,80.70741394513522,-17.91290830368365
0,0,182.19759666474022,91.4272246887199,-19.291359219678526
1,240,311.2782326838857,5.86153804333699,15.259619329262051
0,0,80.67016308700968,7.440769189314939,-0.5860325983248202
0,0,100.89042078124358,88.0568712791708,-21.112045194468877
0,0,86.433109093015,53.870276514326505,-11.824897601693024
0,0,84.82614346546733,101.88935301933543,-25.132556534851254
0,0,57.52354726662382,20.40217940047663,-8.12301383653022
1,360,123.80323606560401,4.273342394637041,20.955180365961766
0,0,95.01991825334395,77.64721509294223,-17.99851360618497
0,0,118.67615224616023,79.40634589939921,-15.808135946343995
0,0,192.61352985668765,95.11875700406745,-19.682096884598465
0,0,161.46138394144236,80.82673248259854,-15.469804515002735
0,0,113.79695401527704,93.14709524185047,-19.723068646563476
0,0,96.41970607796787,93.50645867869773,-21.25583208982509
0,0,83.92428633708568,116.01227255484177,-29.687159151465266
0,0,66.22965710532709,85.03789641493181,-22.749066289952815
1,360,116.5499157924729,9.15521420357556,21.444865311582873
0,0,89.09640831646688,86.82034657009132,-20.289518843387555
0,0,100.1995106951965,74.70525905593497,-15.076984973088443
0,0,124.58375769313238,102.19582557426484,-22.21935540973213
0,0,212.49742969474667,119.41041425329365,-27.796598198570003
0,0,181.94890621603474,105.00948909534523,-23.182942137060316
0,0,103.61228775030747,62.74955892917973,-14.56358565195805
0,0,93.5742477324334,115.79178558599503,-31.26743588897365
0,0,51.54588497887311,16.087489833245588,-7.311678895281489
1,360,88.75528364774388,3.584603084334013,25.67367531438761
0,0,74.60029896843821,55.24341434285597,-16.085273932325848
0,0,73.9053589136376,68.21707262679593,-14.984589792572535
0,0,75.56267364447297,95.40323139940038,-24.1193535004749
1,240,216.84394654242857,34.10486514039015,-6.007013081695632
1,360,335.6646562050302,7.2404736720111655,37.53695018146077
0,0,148.96345893165855,60.18689606960589,-14.007513136395161
0,0,129.68129974444204,152.8795708452928,-42.70469478718575
0,0,61.10477248120872,35.24189275840345,-14.883164338494836
1,360,97.40314315046972,7.606509835805266,20.634571308831312
0,0,74.81430107850575,84.66375443108949,-22.996445059609286
0,0,60.37354570353884,36.08514712005321,-8.533635011931764
0,0,58.88832367494605,74.99854137864162,-21.512204145381034
1,360,113.51241894997905,3.4571308968889793,32.22178083213038
1,360,153.9016160021678,2.2129303859368457,48.53714436767679
0,0,137.48012248280043,24.137365103418542,-4.996964566521385
0,0,206.17331479083512,155.4437317744814,-39.65258121221116
0,0,81.0123816853662,72.73286811284525,-21.1873732107925
1,360,126.262049799997,8.41814048935774,17.973985349565126
0,0,79.12925833966216,78.98008553218739,-20.610450221575505
0,0,50.29934932746684,10.56604382459378,-3.146455967984494
0,0,60.40211257065242,101.61687040053341,-31.565878768461175
1,360,113.29399577714393,5.448434517639641,11.826530190248405
1,360,120.35387755010592,2.6539198909199944,30.98618155202979
0,0,77.4324091052321,10.396944253340653,-3.91622734467083
0,0,339.8068065922662,193.2422156982609,-56.13494668518154
0,0,140.53719669811377,63.675207119642955,-17.442166325130458
1,360,143.13166904312115,4.763199878028805,25.019131073782148
0,0,87.69836057680402,27.25958764747014,-10.766987051455686
0,0,69.24401138464144,67.0386080422569,-15.843210818142268
0,0,65.72599603157452,107.64056861373622,-31.273581124873232
1,360,135.45508302225713,9.432577280496124,5.278625462672608
1,360,144.89640993117948,2.5300976688707557,38.72251043837218
0,0,76.67978551737298,20.119278880690793,-6.836154940383381
0,0,215.5576213261141,184.41645588142816,-55.192730900756054
0,0,168.95168451497403,35.748724002246895,-13.62095507731921
1,360,267.08343014559904,10.173305021141829,20.648785139071947
0,0,97.50443083208077,47.184713096277804,-13.385296112671568
0,0,59.661686581608464,12.489906336680045,-3.7618355581276433
0,0,88.96024525125465,20.745486418898373,-11.172107633072656
1,240,187.32794526899698,3.3081785570516318,11.744259061309108
1,360,428.4859119277072,1.5647666521310457,48.7590809095977
0,0,87.77224900531448,23.964440942389825,-9.1382194886245
0,0,165.54946133021335,189.59476633745751,-57.23641284979567
0,0,75.00353956904567,18.314830565934827,-11.927707451132449
1,360,223.3800457380163,10.992190482907134,15.427120600127552
0,0,182.30913214312534,98.9505952707106,-20.311357416021224
0,0,98.48493186546261,86.90201482783834,-18.7150280330589
0,0,77.96690425777393,82.2942342576346,-23.073125767584052
1,240,158.99736695625367,14.296027796656386,3.2023494571871396
1,360,177.35858476080847,2.280332463570617,44.0525276921547
0,0,59.22657465287011,9.715432677703202,-2.991572773927416
0,0,145.95727228240585,195.66608511537916,-59.78224458666371
0,0,60.15532091172534,30.005639496538425,-15.21395557067126
1,360,139.57591028368333,2.9820485762988724,35.70972795834041
1,360,282.3864061208275,3.5434289568295507,44.61975991383959
0,0,157.51161780094628,121.69862714963159,-28.125175454958026
0,0,98.81642088456395,79.88099211026562,-23.74945045735378
1,240,213.36967137061472,6.882020808803259,7.885463064612495
1,360,195.04137347959082,1.900379142809956,47.89783904395388
0,0,57.89779022989932,9.0809956835816,-2.513338151775244
0,0,125.395022710983,186.7113108213594,-57.40931960331402
0,0,44.10497561169615,12.6395418323598,-10.105806167436754
1,360,84.98634464247095,2.0794722371936767,31.354842866486763
1,360,121.43827355852585,3.33215195753326,20.073626989743573
0,0,143.30207267266536,52.707243851722964,-14.366948671075122
0,0,140.9292882853061,93.7673682584997,-25.588344929917092
1,360,144.0864939042759,3.5435934286291264,29.01808917492602
1,360,112.67509233391648,1.7678020124170513,45.28412173681944
0,0,54.09289891547929,9.06227342320302,-3.284604886810314
0,0,132.9735178186987,193.94260475594788,-60.5169648693347
0,0,39.242815476555705,8.599025175731077,-8.901704523791352
1,360,71.52720123460696,2.328800204705643,24.895085022209955
1,360,120.17627552349143,2.0807945543642017,24.385923430392936
0,0,80.93088676168382,15.166758198963915,-5.367300893687016
0,0,229.66326014329857,149.00001093935438,-40.687226522839005
1,360,321.5811227016836,5.900849285177397,38.222997342473164
1,360,172.90971464202795,2.051645142873158,47.66684580871235
0,0,56.754554410466284,6.7263000821520995,0.11815436908761967
0,0,146.8380273381161,199.78881601295788,-60.917491054894334
0,0,62.76272769934247,68.63044598551426,-22.623297670106112
1,360,139.66987487158195,2.273918514612955,39.896572816248806
1,360,203.56758573985798,1.8169979191667966,38.539262991254986
0,0,89.43440423307742,27.712351212541705,-8.09844346083544
0,0,140.72587405376396,133.15989210738,-33.54458132070367
0,0,216.5606584435522,131.34206585047363,-31.56716805269118
1,240,581.54791143002,4.121634870140684,43.30535577715578
0,0,90.24489273092912,10.290713068620512,-2.0583053618114207
0,0,154.01782193660486,187.75894880594845,-57.31799970698175
0,0,50.426715611377425,18.621889714388093,-12.622161379398705
1,360,92.96967873502545,2.3757349062273407,26.623666433831346
1,240,172.3717619916807,6.893488260969007,1.6953505627185734
0,0,83.17502389053575,25.54338104773478,-8.028811544511612
0,0,138.29687415290618,142.8416958295859,-37.969309686951654
0,0,219.2513852602506,187.43490371394725,-52.15544409442653
0,0,268.537052911462,156.48404907189266,-40.37849050531849
0,0,142.0079142400114,19.006900825001825,-6.766279962278489
0,0,212.1229543422744,195.73794913921347,-58.603852010317866
0,0,58.4304262688671,23.76653331195396,-14.19556897961607
1,360,103.22631763463951,1.9923461779328824,35.65320024238713
1,360,121.81006226516241,1.883792646890475,30.012930476928318
0,0,68.51950122156076,16.74833526781153,-5.590304793863908
0,0,112.221253236737,125.07863318122875,-32.73799665208926
0,0,137.33346789555898,147.13281697147966,-38.65152069898461
0,0,134.15762579661506,112.67693426640946,-25.94531285912405
0,0,172.17998989209323,44.965245351130385,-10.013062246104539
0,0,358.1316356494263,197.9921576601988,-55.82707987772593
0,0,68.76976171435163,20.290629166172405,-13.03297277706369
1,360,105.52852372253483,2.681776766142494,25.704258827187914
1,360,218.97360648574616,1.7742966179842445,34.64257049251903
0,0,86.92532074780539,31.654918482555665,-9.622261173763462
0,0,101.91323932055201,113.91462133311776,-28.470143529712757
0,0,113.4765970055033,130.29128011479034,-33.33127347201063
0,0,96.90756468634095,78.15873908497659,-17.999269211286986
0,0,74.03434625389629,11.235021250303628,-3.88919993140658
1,240,269.2376213192475,5.36713671626422,18.543151497595034
0,0,78.99671714510184,11.540204201932108,-3.9870904217552834
1,360,98.46872130198149,2.6269162836618225,23.27154857162347
1,360,257.44635218059835,1.4566214804264053,35.77183552735471
0,0,75.95714013589556,15.078947855796244,-5.041613958912976
0,0,103.3319470266095,122.46432482291081,-32.34317449245705
0,0,111.39262137745067,129.59965566680148,-35.07035937973551
0,0,70.2438687377044,22.52774344942079,-7.488633155849783
0,0,53.1691688624565,8.016826591038475,-3.4629329748368036
1,360,153.68577745064297,4.997060727993849,8.95581203729833
1,240,389.81721112772584,8.855812356737651,5.717066644102758
1,360,298.50224549813794,5.554727069066894,20.057542640579072
1,120,283.07518502789947,2.514612727905223,19.806206191052624
0,0,92.27700022387134,21.10458994969198,-6.0415648422694375
0,0,105.12406449565168,102.46357212720034,-24.717819161026867
0,0,98.24999205557015,97.5163975686048,-22.240887513163585
0,0,82.90467023426916,63.53690100103795,-15.271080373173689
0,0,48.46917104241916,6.104221711126731,-1.919765430555188
1,240,169.4289439087633,3.8542890057045627,3.6833158824004215
1,360,210.82465824831235,3.5556285228356592,8.355354326931959
1,240,408.1562329299757,6.836549883736495,6.369655822556155
0,0,181.86513274461834,83.50075425674267,-17.780561163892855
0,0,120.26890245650138,73.78832493788164,-15.52801252761644
0,0,121.5014494118687,124.9875794270999,-30.93135542108314
0,0,106.60371485155149,119.30787409551597,-29.905296532069066
0,0,72.15002128600416,41.67961409545871,-10.774817867967442
0,0,40.62294657595149,5.804265307795876,-2.059393855874447
1,360,99.285404955737,3.0871873433872645,5.759507344657706
1,360,95.6853788883315,2.8946341837598095,15.595277081011588
1,360,117.03668613924165,3.531904424601673,21.58144489673529
1,360,217.28714108079072,3.6992311297353697,31.9325584484681
0,0,166.62783789163436,23.538777998120764,-4.74757261124347
0,0,140.42791709534595,117.62127873686525,-28.737252575249727
0,0,103.62370316109454,94.74879517592133,-21.647954150106756
0,0,72.73244529336989,34.970601375680666,-9.338951532123218
0,0,45.55912550427372,5.72090179476488,-1.8383872894637108
1,240,120.25181901652513,2.3919456438722078,9.050447613361456
1,360,98.56114418594063,1.9897069583012832,21.63668332845856
1,360,92.56704461354124,2.5783510777566776,23.790316387744383
1,360,113.41167539917016,2.446953225959633,29.132285940413254
1,360,202.52974692319816,5.678397679251503,24.13891982131159
0,0,292.7389480743229,148.67485402701254,-37.391419734562156
0,0,123.2820041013649,104.21198902855684,-25.143732092828557
0,0,55.688483140415045,8.228292653939764,-2.00477364650736
0,0,48.54521332202151,23.492660917726177,-10.403805194976243
1,360,114.2546927165387,3.543307125866902,8.951489764756758
1,360,95.63092046388164,3.9245177872846755,13.622344604093527
1,360,91.33684989028744,3.616904759177143,17.27109295033445
1,360,111.28411262665257,1.7998341926585446,26.46181899135152
1,240,209.40744690196078,2.36827794886167,19.04907931093352
0,0,159.9853384521069,26.761970434209235,-8.01467697354741
0,0,104.92621626877337,12.653851104535773,-3.4963222660229007
0,0,62.29585780305702,17.283839203101433,-5.221627627551655
0,0,49.755462250558494,29.56162790684291,-11.651895737042949
1,240,103.18021388521454,8.573157303780262,0.127448840237534
1,360,91.73503460885814,4.296455533154633,14.570665994780384
1,360,91.4925733242316,4.390916041979768,12.961565300408537
1,360,110.75217942330426,2.2449969721446426,21.46131953737074
0,0,109.35971469239277,13.8293385013283,-7.67755028320795
0,0,117.44976077049239,72.52583850188752,-16.579798977761243
0,0,149.50038000069335,21.40340791036075,-4.6964292421359914
0,0,88.89430906769665,8.116478001324017,-2.278603878685999
0,0,42.970394872835016,6.3206887094318525,-2.1254855245175293
1,360,74.53542837436778,2.6904023982980156,17.866816239921775
1,360,82.78722866946887,3.5270781135776375,18.52818734620415
1,360,90.86423261240414,4.179647615973441,12.813054552176808
1,360,91.12645264678423,1.741204959593496,28.81931747753113
1,120,167.73887363724353,2.717361785429004,6.100744949468236
0,0,80.3151744188899,12.0925650301947,-3.185958791359596
0,0,116.5043561738501,65.74929352583598,-14.99908895620834
0,0,142.8303679474815,15.533251003255055,-2.680739027557266
0,0,117.18047270371336,38.09697880678437,-13.580083710437677
1,360,145.5034558573431,4.195176100227476,12.62606606721188
1,360,99.76982873842141,3.2815769919702005,18.777864634877233
1,360,83.24831717598134,1.8239876322294202,33.3060265979511
1,360,88.7486123773882,2.471096964176075,15.345282755232759
1,120,148.45026423280973,5.636949883306869,-1.4674855794595203
0,0,92.85149465840138,25.17414840046141,-8.118353391075857
0,0,94.09152341229844,20.610522980927815,-6.306845640496647
0,0,96.0867093631022,8.155286126411264,-1.4586349602576405
0,0,169.26766580621373,53.95284722364871,-13.789196101431443
1,360,292.62608627710745,18.441224323747527,2.5893370774334983
1,360,164.33780673043745,8.856756321085284,9.550637055086057
1,360,110.95979933250476,5.279247408583721,9.778523326691342
1,360,97.20263094987247,2.4852512402940126,15.913244162260867
1,240,199.24696044951236,2.7590083463330703,10.755695094000444
0,0,96.63496649051542,58.076975116265814,-16.193299042154692
0,0,62.26323262704396,7.6384710607916615,-1.2755883033074014
0,0,56.458739967081776,10.467901313341931,-2.928450686174756
0,0,73.38290832312282,64.57841675414103,-17.714136606288747
1,360,210.82273111838802,10.331227729636415,20.417432595110597
1,360,303.68196263663265,5.825306868722655,37.52396222802898
1,360,139.22496858840466,3.7911187491196805,29.799596208476473
1,360,111.76630320583644,4.746398034602199,17.10868540896783
1,240,153.6533223155056,15.023604110497066,-8.157676560091033
0,0,81.6903063165408,34.916851359863244,-10.688715874000465
0,0,65.84362464133805,14.578890413476065,-3.964781577414783
0,0,56.91582684498667,15.206177283767556,-4.519401006243029
0,0,43.09912998579479,5.396182571437013,-0.7383900634395104
1,360,111.35487230305058,4.700383833687179,15.098014948563304
1,360,210.32723200666788,8.628204142511207,14.945477829088688
1,360,296.7233005289315,13.947486559098627,9.842691636892937
1,360,144.9033816070822,5.142761534805841,11.517197086178754
1,240,193.9991362722802,3.160997504043459,8.212687629349361
0,0,88.2407569620356,13.66167202317655,-7.917262038857302
0,0,59.58570098229801,7.54498429721614,-2.084920626838212
0,0,50.54295555398959,8.363876076142471,-3.9227266053384824
0,0,45.58257130701487,32.12257971823021,-14.060616851606454
1,360,94.09929428031684,5.771906552890616,13.997579154542834
1,360,143.5442108796281,5.040360805796529,8.808210128769716
0,0,116.02541904342083,11.953527023362225,-2.811532685529926
1,360,384.1307721797164,3.6012127055751075,41.98076418147424
0,0,162.02148724986102,3.4830960079970184,10.510488028518282
0,0,94.81466191231533,43.324909660223135,-12.216264056872674
0,0,65.52225305433943,12.516764198008826,-3.6084318705640186
0,0,49.57339948497211,8.148090880002394,-3.22291474998525
0,0,45.64383136649177,31.775955287818128,-14.042767662553345
1,360,97.33083043407387,7.594996358609184,8.3396715581014
1,360,140.02071454233524,4.456968728895759,6.224399988610017
0,0,73.69739892268575,7.0765803438952215,-1.6301995900283544
0,0,121.27145212342923,10.612802548058319,-2.171735954293112
0,0,163.84293110192814,60.612669112967126,-12.147234511049746
0,0,114.02550028824409,87.34119108199407,-18.237105164060708
0,0,96.56012583310118,73.09663551337937,-16.80633784166713
0,0,63.08866771786759,23.335044140315574,-6.090879964067156
0,0,56.40099975373137,62.7344194015546,-19.14632002775464
1,360,112.51118426582312,6.807957510480228,7.899444400975597
1,360,156.65386360768585,5.374847262522515,8.754345524504643
0,0,81.85166943952822,20.466726346939442,-6.344414537526731
0,0,104.53891983427513,39.515694049666465,-9.940392057517371
0,0,158.0490603286665,20.192307067057097,-5.374487068083766
0,0,344.321142448182,5.394551390214883,8.734520137492424
0,0,133.75835848446923,10.130369985001307,-6.4827589625677575
0,0,55.582207593117495,6.168775877202144,-1.7324017850151279
0,0,41.55764426545537,8.43803503433247,-4.921779216895359
1,360,86.80797553950133,2.7122685743516106,13.20786085995374
1,240,182.5118548751064,3.541526363296188,7.413595604333921
0,0,93.79509115373232,30.22636471260101,-9.731977148156247
0,0,87.54426386723716,18.61757058114931,-4.529445798543193
0,0,87.0859526950274,9.194091817434098,-1.3651829893892682
0,0,158.62572561837604,56.48322397566909,-12.910184306010933
0,0,105.88329700554542,14.09579996322075,-4.307836861631557
0,0,74.7779463392862,5.382148546991467,-1.1790557885615982
0,0,46.85589973239849,15.140661104313006,-8.67564649949584
1,360,92.23172967473718,4.0972515310310325,9.18398364229877
1,360,151.1318315143384,2.1166566262842905,15.045577011274048
0,0,67.11427775694438,5.8430996039788035,-1.8603262571808585
0,0,71.73878309621072,8.997944870021401,-2.6058601471334413
0,0,72.56821414761274,6.352256916757259,-0.8489144824519315
0,0,88.97935784568064,15.68139564893262,-4.55809010104673
0,0,145.8011180782433,22.514879904668245,-6.439604928524901
0,0,98.89757572649496,18.848942920895805,-5.5053229976705325
0,0,60.0222639265088,54.83482036767977,-17.58928211009693
1,360,97.43944120939737,5.666212778083492,12.045285793208393
1,360,113.25869529135358,2.3331319722664827,24.388586542081143
0,0,64.26098052704124,7.285892254886569,-2.132935896502403
0,0,65.79774194505146,5.115780488837048,-0.31143619314065063
0,0,70.971881742824,8.080168764648429,-1.6926558998589627
0,0,102.71927841549018,60.359654179544776,-14.824174301020307
0,0,95.79016941198148,17.97059763219695,-4.63279461106238
0,0,190.6543415592645,114.1402414465241,-27.312408562781698
0,0,113.62105239741932,51.10018335529556,-16.23108458120703
1,360,155.541490207188,10.754696814126223,3.2475906521761004
1,240,232.67185003692748,7.647759092403362,-1.173962059062717
0,0,79.66174700987102,8.528384876232684,-2.963086989976759
0,0,81.49020221404518,14.915852294872755,-5.059801320878876
0,0,86.99349580289312,25.161431052864042,-6.694043057735826
0,0,107.49195170579148,71.43590080706686,-17.0745670849777
0,0,81.13722569628757,11.600887753201595,-2.0149188338910164
0,0,127.35898348898344,111.54032899573335,-26.734428783212238
0,0,212.0681558360732,114.07330119848392,-26.553020151308317
1,360,318.8726662896814,18.08940357716558,10.122963006269842
0,0,129.3706010564067,60.69958602907537,-17.947687274183238
0,0,88.30699355114064,15.357549096277948,-3.981774766282399
0,0,88.73985527229087,6.929691910810299,-0.622851174204655
0,0,110.33710964577892,89.9063771961721,-21.623103724968573
0,0,116.38774214131143,92.64902138809252,-21.0866346704439
0,0,108.06118054120475,55.0325836058636,-11.621328076097939
0,0,121.6746870560075,107.84250839780997,-24.35051053822105
0,0,134.15250189822802,94.32944397796905,-20.322939838284228
0,0,159.39000267424814,19.398368074184354,-4.203251604399981
