event,charge_mode,duration_minutes,km_driven,charge
0,120,723.9094979533706,118.179006538869,0.9417629186639545
0,120,663.9872444608408,103.94464690937824,2.1740164650687035
0,120,610.9836089324523,92.35274176692646,3.0896612783080712
0,120,585.5836142002162,87.79116314735775,3.624389722313424
0,120,568.1241696168694,83.05955788174839,4.239271643568088
0,120,562.8749056147572,80.92620276750661,4.488866540778531
0,120,584.3469533024218,83.13222678900019,4.569336435245319
0,120,606.3112297961301,86.12535172370498,4.241103532721922
0,120,668.792931888605,96.79252741064983,3.3558930597429253
0,120,760.3119566229699,109.11014106029488,1.2954840607323348
0,120,685.792504047326,109.92704214268387,1.4306941338233514
0,120,616.6349156811287,90.29023531510961,2.6279003100076324
0,120,573.4763269118907,76.59821847709604,3.353211840163212
0,120,574.9339524798776,76.45617175540633,3.3947207830354102
0,120,586.9018720089682,80.23530432933964,3.4725760720735366
0,120,600.5021415657027,83.33549685372081,3.387518127953271
0,120,600.1502806252286,83.52999818484827,3.0717087646004586
0,120,608.5094635198818,83.17836407815649,2.576249362638279
0,120,637.7540434922,86.84757189793287,1.7906436990147938
0,120,713.7719495062018,96.41092970722615,-0.04143697050763251
0,120,677.9718489990363,111.13530149828019,2.1211165023671867
0,120,600.7512268728366,91.88684362274438,3.0375606854191375
0,120,557.6407020374503,79.74700533937812,3.959425595012661
0,120,535.4286933216492,72.7045513648932,4.3979548781348825
0,120,524.1394341853542,67.23800675299957,4.903731146740711
0,120,516.4997983836519,64.52564472083002,5.006949773790609
0,120,517.6473321580859,64.86987950412345,4.795966103881739
0,120,530.7536080152448,68.8583458685783,4.103578617881965
0,120,582.3573888239235,78.24520755486117,2.5138901904878566
0,120,673.806111965935,93.04331898541811,0.00552600598167885
0,120,718.5859907633503,126.85484565609727,-0.3117488686942096
0,120,652.6391555401495,110.16631135277281,0.2482513188652291
0,120,594.0743404927796,95.7158779550115,1.2319591409385566
0,120,565.4547093201032,86.435971149747,1.4917543300283285
0,120,572.3306756905573,83.60341660467583,1.7708509693844547
0,120,592.2800908984772,84.57171359193644,1.8331601809215954
0,120,620.7836509065396,85.9894138112794,2.325730194082027
0,120,645.2278969614736,87.03181674118143,2.6168257073958046
0,120,687.1977711072002,92.40245192054167,1.6242082426197157
0,120,744.1990081448854,103.86105089773238,-0.2831797246632277
0,120,667.3732515315537,106.7146875972843,-0.3054121975757056
0,120,626.4438997824443,90.05059980188216,-0.10528663428777918
0,120,609.4615059207671,82.16756465596039,0.1274299024007206
0,120,612.9119316053939,80.80326579878246,0.7317867877896873
0,120,614.3337886644679,80.27890003825782,1.2097349947949425
0,120,609.4527991126764,80.18650148042141,1.0112997655898681
0,120,606.4049456426734,83.38696526240096,1.385896117243135
0,120,620.0236877517083,91.2003520931056,1.6931871960305926
0,120,671.1841273051766,99.29561764205974,1.088039267597921
0,120,724.8627757797282,104.63978882851927,-0.07916556030781408
0,120,662.0046218969014,110.72958414204243,0.666554880375287
0,120,608.3142662952549,97.15086204706027,2.027956612125635
0,120,574.9705446057721,88.5026083738799,2.4020700111837954
0,120,554.2019834799183,82.50054547975155,2.33597211980576
0,120,551.1247739475016,79.16624580181829,2.303431107018497
0,120,566.4059281040069,79.91541461617632,2.1669803453641947
0,120,595.4612526599221,83.66128686513095,2.064236344140511
0,120,623.0894254761678,90.35548235723147,2.1388858271594273
0,120,669.8624573689295,95.66447153609326,1.5973627397470977
0,120,744.4596829195455,101.84054532732289,-0.8083573647619744
0,120,686.2190199841991,113.96582165207428,-0.1848156038709874
0,120,629.6507701596705,99.35811459292616,0.22193872920101398
0,120,616.3672401621257,93.33300841366771,0.9777845208435139
0,120,628.6764901002836,96.6632167673152,1.742373419811159
0,120,639.2284355487399,94.48801292835441,1.3375259168129219
0,120,630.0884049257945,89.81129114376292,1.9042541336282852
0,120,653.0457281801123,88.26617378653991,2.0107784879239716
0,120,711.3473387720932,95.08246656786243,2.146696336369871
0,120,746.6969207903519,105.69790898078078,2.116611720402531
0,120,824.2980539620268,123.27733760047764,0.8032637718649056
0,120,663.9188254215879,108.80257040345204,1.2817199117719014
0,120,606.8559347698554,93.27641739648101,2.9846024353354466
0,120,570.2661620667383,83.40459853194659,3.5264585935030226
0,120,575.4309464984575,81.40755326870183,3.8138736749713473
0,120,582.4662239250567,80.34734237083426,3.8148145998548983
0,120,578.5114504988004,80.82278693834975,3.862168934481616
0,120,590.3726527989962,84.46644934078822,3.553961911117227
0,120,625.7398837525739,91.5825584232825,3.04278989627646
0,120,699.1539246794115,102.91223560200876,2.1788210107130936
0,120,773.9766447936183,112.01970379595123,0.39678422216597653
0,120,680.7844421612385,107.73103792088737,0.23182260386285236
0,120,624.8659084755826,91.43730514027243,1.3489002831044843
0,120,584.8428295550981,82.62408543979606,1.9988295745796165
0,120,561.1983744190317,80.78081986953981,2.4228286460043336
0,120,545.2719751872678,77.79125089299524,2.5857585327004813
0,120,541.2166616594783,76.5354115774201,2.957140751565646
0,120,546.3837404527889,75.82172344860355,2.9244914907829127
0,120,568.6384007622773,77.46613149810025,2.7698883729678556
0,120,611.3519422125574,84.57603596897111,1.9465457927752965
0,120,694.1963387483361,96.34666323042897,-0.012101763739579496
0,120,648.3901743621274,112.07807560993449,0.7929885390656466
0,120,582.9283318814896,97.5747367681034,1.918392987188355
0,120,549.8462850730014,87.46283719114238,2.8889028805851638
0,120,536.798427191748,78.02186407814902,3.455755998933739
0,120,527.0761581926326,71.64252022219877,3.1666089495381584
0,120,545.9376341977119,71.73252935648537,2.6303900139030816
0,120,569.0890957405373,72.42534384183851,2.866720368285968
0,120,602.3826356239301,76.19135712797949,2.56433375636945
0,120,640.5341037836312,82.72926515945078,1.828022564521973
0,120,716.1812644963676,95.96232670661567,0.1658246337113951
0,120,697.6903573032006,112.32770274569452,0.3460492193735405
0,120,644.6162436931054,96.65301663376533,1.4376719661457003
0,120,599.5858676737305,85.00723675278488,2.3885057046765183
0,120,566.4626988459494,78.79963271447703,2.9170640129409975
0,120,554.4716003818065,76.31803038871666,2.847635414010526
0,120,563.2562402772139,77.15094173597595,3.0596016426473653
0,120,583.182241230944,80.36009535548806,2.8797018009715742
0,120,619.0122272685828,85.12084144462582,2.5478467539849134
0,120,673.6879229290828,93.86269402285042,1.3954136140742008
0,120,756.4583704258753,103.60609264244849,-0.4074234431378585
0,120,651.2163572045253,106.78333844087804,1.259254289330741
0,120,601.5216028995061,90.93348616810296,3.4068778656017855
0,120,576.7122592026087,82.54639536182992,4.469240346525822
0,120,577.7678420240313,78.74600593499598,5.013594535357711
0,120,577.6834212834226,75.17892343024225,5.780240146238981
0,120,570.7602734258828,73.84078988802128,6.037229214215827
0,120,582.73095795484,76.8837827684625,5.855272660626412
0,120,620.0331005172117,84.311632728146,5.3154898679102445
0,120,666.0438748935508,94.70537721075914,4.004057076215261
0,120,715.4838374023495,101.78328932905393,1.6789067873995407
0,120,644.0262986151794,98.34880856044869,-0.9976997623489154
0,120,581.0232469733845,78.78714459516954,-0.16314935124241003
0,120,548.5782090703393,71.42618722401483,1.3529887266250853
0,120,529.0411318212532,66.3903080298094,2.165706349725383
0,120,530.9046240717901,65.24384119596695,2.731310452741795
0,120,539.6285516297004,68.10287664023753,2.6643132703246124
0,120,562.0843509720398,75.1185623084451,2.2777763320958826
0,120,583.7612439689723,79.99764685306025,2.079266161970878
0,120,631.2100535950942,88.0018325354767,1.4527350910515793
0,120,715.809460258983,98.67748954893678,-0.24360259217144176
0,120,669.2313314419262,111.8854903259932,-1.0559205303654409
0,120,623.8290923553824,97.10352441069617,0.002911400553017529
0,120,586.1915611921675,86.71825561916536,1.3149187393007793
0,120,572.5108124903788,81.51027593961193,1.5178754040082936
0,120,579.0671566422078,81.60504701469944,1.5874538847786113
0,120,587.6851905882048,81.03588519804882,1.7164938221287542
0,120,623.548768432734,85.87485673127827,1.7808597455795194
0,120,691.3920994155181,98.67111023889342,2.351984496364082
0,120,746.487016119626,108.77030191466383,2.0513215256059567
0,120,817.2890146192683,118.95082415805409,0.34060351252531973
0,120,750.5086790107408,124.97759279001819,0.5915639998322604
0,120,696.991047656082,112.43319804959167,1.5153024324240363
0,120,649.8449172706788,102.5100460267667,2.2010035230123037
0,120,602.1209019131511,91.00696094225952,2.252854312834799
0,120,577.6476527745098,85.83856454339913,2.463554872601705
0,120,573.6258133940416,82.92793107549168,2.6215220050447243
0,120,574.3024147443834,81.18647523601567,2.424085988105375
0,120,577.3425026828462,79.01213361828863,2.0083387446418044
0,120,609.5060988973395,82.94207601207191,1.3158763177221005
0,120,689.7051553479545,92.69503232586922,-0.5563310510382564
0,120,700.1697385665823,116.62563327244679,1.4190200038520686
0,120,637.8999413575028,102.44291675005609,2.473122330046081
0,120,594.852129072283,92.57577529482909,4.084526970682049
0,120,549.2193948904745,80.14098408888417,4.919760176836789
0,120,517.4506053590648,70.97961861468143,5.455762616480953
0,120,519.4061073923974,69.80776979105516,5.256120005788119
0,120,530.0052931577239,69.38641410851855,4.784666678510106
0,120,555.9606410546611,73.29693116509385,3.850886162647754
0,120,614.8800232125874,81.91690060054667,2.713957466393623
0,120,712.2858503225672,96.71651669168803,0.5516621233541201
0,120,667.5070892910553,113.41874509696068,1.0166288976737548
0,120,615.0908691598637,102.39739372308594,1.7578528831610924
0,120,593.9286779466144,93.60705388018556,2.136912382934611
0,120,588.4754510820002,87.31632157116259,2.8662957030730354
0,120,582.3600361642214,81.41082745521702,4.057523259200693
0,120,574.3525965504734,74.13010737769945,4.764632472582221
0,120,580.935884743556,73.92222189343333,4.753682771503605
0,120,600.44978305759,78.34019277639891,4.564631810827507
0,120,636.1705810153894,88.16213242433109,3.623298915590013
0,120,709.6775141717889,99.56219615998444,1.3062006122822822
0,120,652.7802293631318,106.91033855672345,0.578632527759936
0,120,569.9155365517364,84.89346299795692,2.057966287173059
0,120,521.5836918618262,74.65365036502062,3.6189440154652033
0,120,489.49169149494315,66.0279158817106,3.9913171198272153
0,120,477.57030632531,60.523901276461615,4.233084854289444
0,120,488.8719197163282,61.84260384604169,4.418213906822544
0,120,510.06293752393174,64.25411829281867,4.285993143759839
0,120,548.8282356540236,70.0515811600619,4.011009928230976
0,120,613.2033155275087,80.80453940661796,3.518056883702002
0,120,689.8581716171692,91.53227909094436,1.587895203529314
0,120,655.9468601678309,106.07537027645549,2.369129313490234
0,120,570.1253235628936,85.63041419378669,3.3228357872850296
0,120,537.4554970536702,76.78552899584247,4.0312189963053555
0,120,533.3350001247696,72.70432594757719,4.734198132321865
0,120,529.500415948035,70.111604155885,5.011612764364017
0,120,545.4311097540598,73.18746288100186,4.43085394198404
0,120,561.5104075954696,76.64179164428262,3.892694869199673
0,120,602.3480437107052,85.06757533285041,3.1619209786581024
0,120,687.9695002189108,98.99573371569315,2.3203844084603844
0,120,765.8453684837162,108.25223656812194,0.8881385270697706
0,120,642.3767702904918,99.96961541695815,0.19590924967874912
0,120,595.6635094586766,83.72622395844327,1.5275677629858677
0,120,579.2158195073772,76.07336806934195,2.2160666479181828
0,120,588.3377305567285,74.69694739599507,2.585450442251883
0,120,606.220808417513,77.42213567344615,2.917330469545192
0,120,651.3777273031242,84.98165188741666,3.1277562459390253
0,120,687.196712171081,91.98020020417387,3.9684351589420004
0,120,727.36651257385,101.98165656715112,4.380610218555574
0,120,771.2389419469525,114.13122160770362,3.9132120277226505
0,120,839.0571526117994,126.57069585838885,2.2316959931079623
0,120,692.1484739535013,114.21134619268277,2.1589450133939465
0,120,637.5946736062705,99.49572059349028,3.535643019578856
0,120,583.32684484099,87.48938571553659,4.547103962332827
0,120,555.6044855399259,79.71270245931285,4.364364692468584
0,120,554.3591178340408,77.45119760091396,4.1405494717139675
0,120,568.4398502399399,77.7251867131028,4.110198399142419
0,120,598.4794559185895,83.0284164795403,4.719451424633476
0,120,619.9285599903395,85.70255900577874,4.413450995022572
0,120,645.7272441714293,89.89893903166421,3.2334562501154807
0,120,729.0200413238765,100.35637517691866,0.778208524301732
0,120,782.1493372717355,129.54778235105886,2.1064031017543243
0,120,726.2814560304447,116.17558760101379,3.6715691947936477
0,120,679.7503322111205,102.93146369906523,4.023941400303286
0,120,651.6737587782063,97.87872328962155,4.0446334209727866
0,120,630.2858376822285,96.51713507566875,3.679771062141512
0,120,627.1022050698388,96.7472523427273,3.087063326417166
0,120,638.020954224006,97.38353780065563,2.7087865429184745
0,120,673.5614977224152,99.70916825002918,2.0733791363719405
0,120,722.0523593195486,106.0294978526455,1.7427980850240914
0,120,795.3939807817944,116.76469321469924,0.25238139623024836
0,120,662.2754742242619,100.64811026731115,-0.018188631791645093
0,120,570.4800671628033,81.08549391387182,1.9139548193747373
0,120,525.4614571003076,70.79851270755843,2.841465278269638
0,120,507.4713678617063,66.13937910904936,3.2483195325682175
0,120,503.4162896530544,65.46763550731114,3.0144539017741323
0,120,521.3607858087486,68.62909645818642,2.513548792963732
0,120,556.1701339168962,74.22434308666142,2.04770770791157
0,120,602.9691685743612,83.15582798198744,1.8711052667126893
0,120,662.5793888904532,90.52372820647555,1.3199397809360676
0,120,757.8259275939515,102.22405907793272,0.01432740068896976
0,120,695.0896690243937,114.33776022350652,0.7051411273702257
0,120,622.517188163345,99.00420940677549,1.6287046978154933
0,120,582.7376057204768,88.66007363998534,2.476994277575784
0,120,592.8005580010312,86.65712244306087,3.0503172953449535
0,120,596.7220925991035,85.55336655517121,3.278004463629273
0,120,607.3273378322228,85.5128083445864,3.4415505312226173
0,120,645.2503111093285,89.025418754924,3.30425043914245
0,120,680.3345119701758,95.93447639722146,2.58972207468787
0,120,718.4804501301434,100.01812522336556,1.4325510032838338
0,120,763.5975412517183,106.24680014528835,-0.49751908243116816
0,120,674.3536995990956,104.76868244981925,1.3086903161777315
0,120,606.4678935119774,91.0204352623246,2.6017625824899255
0,120,567.7317749549461,81.74125542790425,3.3441689691583605
0,120,529.6605506211617,73.23565146773393,4.011293038372926
0,120,507.9484185833758,66.676373874704,3.905526420045419
0,120,498.4109339370492,63.21624061553574,4.022101184380574
0,120,511.55668457953794,64.39349945474646,3.8616027141977014
0,120,543.8733558930304,70.36524935530308,3.8468060458960167
0,120,598.1787180607556,80.44115542232868,3.046678497343919
0,120,673.5614388926307,91.80770523852283,1.2815200693187592
0,120,619.7314802126119,96.29589925086138,1.5966383108544449
0,120,557.1069394036228,81.05110650231303,3.155992319214775
0,120,532.5121479304187,71.86110175811001,3.5795334183510334
0,120,516.3364869021677,66.91448782104833,3.107713713242262
0,120,524.041717913472,64.7747872093606,2.4416138366000553
0,120,535.1646064194942,65.04225612568358,1.9276357006463627
0,120,558.547092525644,71.3462655146201,1.6202696809389607
0,120,596.8102196161291,82.37779448031311,1.166494083995488
0,120,665.7984370330494,92.83609284680135,0.7152165177163425
0,120,743.0846543688509,104.54825812734954,-0.5483540064501824
0,120,648.4434741467904,102.42353086087842,1.2634509808468124
0,120,594.3940803709735,90.86190489940095,2.4741715029250884
0,120,568.7152324606989,83.25874789304906,2.675138069870016
0,120,569.1328651001281,81.80923565498284,2.706929673457992
0,120,585.4936634598743,83.04168228858805,2.029438776986467
0,120,608.8640894602227,83.19262172339472,2.0733291757586585
0,120,635.5306306207266,86.2905713454815,1.6939282784610157
0,120,671.3477917653671,92.21765480486886,1.447772336798451
0,120,712.9555685881345,100.20491728228514,1.382815212757123
0,120,775.5341633355101,111.29571973122549,-0.209013194239418
0,120,741.0926190394081,124.32901081750099,1.0123322849311194
0,120,674.1768572672004,110.7188993612631,1.5774784156590727
0,120,619.4771002248824,102.82653193845813,2.0383400929203503
0,120,607.9080466339985,100.90758813978124,1.8929630350255309
0,120,601.8461668200204,97.83043890053017,1.570575524256654
0,120,606.86522987579,93.98341626644468,1.469255400511642
0,120,633.9302251660099,95.00061754041573,1.6811966488418335
0,120,657.7878206109441,97.53094945446661,1.488273740636032
0,120,679.5188370095211,97.44871721758268,1.3077993519074624
0,120,742.5954258818114,102.08941731507426,-0.1341721955362516
0,120,667.3604854683397,107.87404266617017,0.9206795398570478
0,120,597.042832583632,88.53743534920491,1.8789657365364292
0,120,554.8728783411736,78.5317073280891,2.6595670120623964
0,120,555.8499234004272,76.93878459357126,3.35152150608036
0,120,562.7933675335838,74.53154744036574,3.553628840361995
0,120,546.1152413168043,70.19016772595072,3.6159130715924874
0,120,551.9330951851066,71.01791701667314,3.6387117647888942
0,120,569.8228796413123,73.46514883717343,3.1296131153995077
0,120,615.720936150748,81.53378696567276,2.183775438197344
0,120,703.0846955536341,95.52278548210919,0.367024350184991
0,120,701.0431255457296,113.23626977964287,0.9770184581064569
0,120,653.6665000650619,98.94019088902594,1.8055236350052866
0,120,622.0464910583904,87.49959148451937,3.4068778656017855
0,120,598.8397295182324,81.2411445705833,4.120323750101818
0,120,583.1977134642402,75.26832957320849,3.8729437734137377
0,120,570.5391910961215,72.48272381963129,3.3344516298741382
0,120,582.6021795567965,76.56072030657619,3.262883051341234
0,120,597.7528492515108,78.22410285864885,2.9472568769037935
0,120,625.1963553745366,81.01639787107894,2.206715686464719
0,120,693.396018361409,90.30769388623533,0.5462830306569373
0,120,693.2397664540524,111.7954699208408,1.2302771336245826
0,120,628.0858390649448,96.61357987432771,2.1154043389147716
0,120,592.2213787736497,86.77995797399281,2.303489394400657
0,120,573.5090951017994,82.33162337855941,1.7793026397987575
0,120,573.7208234958417,80.50937233758908,1.4558326490753473
0,120,595.9233017865706,81.42351845010892,1.624441392148384
0,120,639.3713919248228,90.53736031866184,1.8655929457134164
0,120,693.042569016756,101.01953037891654,2.1129146350193224
0,120,771.3562485370388,118.52457128432695,1.6985413084211416
0,120,827.0673484029134,130.2566409138797,0.10416491014697726
0,120,620.7810035662418,92.2851729264496,0.7016522112090513
0,120,564.4134809660733,75.2650610221262,2.027731789365845
0,120,527.6030377416859,67.5095050038464,2.9931207199008014
0,120,516.1028149985457,66.87557515687045,3.0511249919264145
0,120,518.0421388411694,68.36836751961243,2.3065203382733728
0,120,537.0682794127738,70.34189048593056,1.501729799147867
0,120,561.9801045940895,73.31051255838402,1.911998028687691
0,120,592.0903060140147,79.3337872219498,2.4692587092852563
0,120,654.2304423782848,87.8333049145876,2.1697781397082423
0,120,743.8319102902526,99.35870067794781,0.7575165036322318
0,120,624.6768883783174,102.36554225633239,-0.6186902231886791
0,120,564.9669515776736,86.56878703234571,0.5185382367451723
0,120,531.0073997051304,75.7853354583651,1.4205354757884265
0,120,514.9098058007734,69.73962050098956,2.084903384503363
0,120,506.6421032208562,66.38424430400848,2.871549894236992
0,120,504.0883611099976,67.78391677350278,3.3087052604938236
0,120,509.0783622522754,67.08924823072537,3.0146703977650446
0,120,518.5337793493692,66.14124443733942,2.6464606778435638
0,120,569.7890525152844,72.77191169435275,1.8143416832503476
0,120,669.4558258991824,88.1137578683133,-0.10764310988112413
0,120,636.3155964339263,96.18516299436678,0.19485175003084976
0,120,561.5521179126065,78.09210411382071,1.1327290361826954
0,120,533.5610829862046,68.52188798268753,1.9490854572840277
0,120,506.7314068335698,63.556395345409214,2.255252422272548
0,120,492.1692114721715,61.85745321173448,1.9069103729013506
0,120,495.5095666301929,64.00148747132269,1.3929155834098879
0,120,516.7572375201701,68.8492897279072,0.869386643549575
0,120,559.6447974726943,79.59293260387877,0.4199659467309118
0,120,626.3928355295883,91.84540628462709,-0.4732049172984034
0,120,737.6459584609826,107.90425985738258,-1.7889426485049
0,120,679.1212064967866,111.99504314157869,0.14439153061148602
0,120,589.6892860234489,88.99066504022669,1.5484596261085102
0,120,549.8557566682891,77.46045661716947,2.2668682648616567
0,120,534.6217251690853,70.8569972301997,2.6716658072466117
0,120,538.1242152129029,71.16206575483473,2.876471014645716
0,120,564.0651498126629,78.0840285384743,2.7977164345684287
0,120,611.1342720102912,88.07747131586706,2.762335993592714
0,120,664.679494533832,97.17722460216876,2.4553696587916107
0,120,721.5735437043472,104.82378571272022,2.205949623727662
0,120,810.0269483738214,115.69781559971038,1.5010553308684962
0,120,741.9111178297137,122.21852992540228,0.4743480742932604
0,120,672.6781685097048,103.97629550054738,1.929634125177813
0,120,607.8995751450456,90.57325802623795,3.0097992379696024
0,120,553.9126586002574,79.78896677275516,3.4157458744601428
0,120,539.6862636481932,77.0800141774904,3.224263497270769
0,120,523.6773850587057,72.44441978220667,2.8824080008579216
0,120,520.2509619261126,69.25369402827916,2.8725907403471354
0,120,537.6057483230184,70.18982959997668,2.6240699963223335
0,120,591.0614907444924,79.2910424633996,1.9021557878702424
0,120,687.2720142951083,95.99971216847752,0.38093838098528465
0,120,678.6076813087914,115.3633639279322,-1.0679776917052521
0,120,615.0590422465053,97.33446445095818,-0.5331076926289171
0,120,585.4457171855912,90.36017667283758,0.5284387649447808
0,120,599.739295751436,91.60246277228704,1.0869151537989836
0,120,590.8868251146198,89.49104076289396,1.2429254955549425
0,120,584.1392841635028,85.84410980937321,0.9017111603459398
0,120,591.7503286899886,84.2608462068468,0.7429446580903374
0,120,601.3769404596756,83.56121284768406,0.9602316920421856
0,120,638.2520376171146,88.2845565686613,0.3737440526720235
0,120,703.9101950882829,95.23426258846997,-0.9166636475982131
0,120,644.0848930804381,104.14524577890401,2.5596041516450043
0,120,577.7937859589501,81.98366357411875,3.536134298942841
0,120,547.8656627217315,73.21323935108869,4.157178029169486
0,120,534.2636871012495,69.9558576968142,4.29003995343605
0,120,539.8366914068945,68.22340164368026,3.929340979045307
0,120,547.4998591223554,69.52359745161515,3.819319381819568
0,120,554.9878905696684,70.70800201974369,3.5162000142415195
0,120,590.6475055516956,77.09861110606201,2.771845163654916
0,120,640.8340180244834,84.27731857721493,1.590284986198185
0,120,731.0759069693893,97.5031442285356,-0.7157636948043375
0,120,820.935519975288,134.97060163907759,1.038869697355139
0,120,761.0915100960052,120.36600533889055,1.8987501393978903
0,120,727.8618005286824,112.5789303443983,3.1936876019394305
0,120,675.7809101685496,103.99810462587227,3.4930432699832323
0,120,662.4539637901203,98.06086048096533,3.7505152905551853
0,120,639.1273071493627,93.74872866330384,3.990234639872668
0,120,636.4973804677109,92.59875659019728,4.008819988015247
0,120,645.7043593852991,92.00171065155504,3.890588196672752
0,120,674.3514640672886,96.39405722112208,3.264714940495068
0,120,751.8780599021333,105.55209778991353,1.2355646318640652
0,120,687.4143235435629,113.39533550869204,1.5362276026221906
0,120,615.4470246745989,100.67366132008196,2.6035112039549517
0,120,564.6807446765856,86.9771755837783,2.966050394268393
0,120,520.6620056296895,74.47079747369848,2.859667595043689
0,120,501.23517539656194,68.23480775987085,2.6809501545490093
0,120,508.30033835363446,68.37974545863851,3.0563791830903853
0,120,503.82627442051216,67.28544019172298,3.32634135698396
0,120,526.4665639667182,70.24289847160058,3.1160987695055127
0,120,570.0286662271305,75.11575586286067,2.1959824813770012
0,120,663.8139319160093,87.51578208324248,0.5153241039570702
0,120,616.9179457738593,100.3118214444074,0.5669001104064932
0,120,556.0240595622403,87.79130403318025,1.4464317270086013
0,120,522.5917402174566,79.38317615588969,1.8373735259754227
0,120,508.8186287541658,75.30096436513521,1.69747548200435
0,120,521.8461903598023,72.72958395783718,1.413016403488811
0,120,532.4686138899655,71.1201719466525,1.7474444220597292
0,120,556.9906917496558,74.56241270636171,1.9909857582936326
0,120,590.985129684346,79.63532233015624,1.9392931770798754
0,120,637.9366511429661,85.85457480826942,1.4510780640442391
0,120,716.1330240731626,95.15861253721383,-0.031894493369918564
0,120,716.9882326489314,113.4317404052292,-0.7953093179253159
0,120,662.0772766806308,96.10861127384655,-0.10519503983007894
0,120,638.8929881181122,89.14686796936243,0.7857192698324553
0,120,620.4390848593305,84.43143639617749,1.5971628972939556
0,120,601.4803043908598,79.50520018448397,1.8885914813629654
0,120,607.9641702483126,78.43268713659462,2.189354373347669
0,120,611.4423047613901,81.31467569906889,2.3347064509358404
0,120,628.6418981870585,84.57638536581095,2.1642991257844812
0,120,650.0974735350921,87.87673156051876,1.788503719412347
0,120,727.58088830819,97.83927525931813,0.3739938557384619
0,120,731.4452403558291,119.82933179291123,-0.5751828557850303
0,120,698.9763175603191,109.22190296557737,0.0530885098304168
0,120,678.9531298027664,103.61126596985115,0.35055400133821024
0,120,683.0387994993044,101.46736696065256,0.8567216280814591
0,120,709.0773915411622,103.66461097768716,0.9755196397078549
0,120,701.3176253197228,106.54832961806187,1.236214119836788
0,120,670.3776297908879,103.14527202330976,1.245739943436746
0,120,647.7075135439928,96.97653556571656,1.179300654534586
0,120,680.5953632341889,101.06275414926328,0.6786703290972582
0,120,769.9671008380892,114.53568789783748,-0.44296209272231124
0,120,652.0088532301277,99.80703317777906,0.09246579986906056
0,120,586.2992196976127,80.9111505262294,0.7623293760454999
0,120,561.9988124655275,73.17500857429178,1.5646468648133265
0,120,559.7010387465773,71.42499814767282,1.8117853652038605
0,120,551.5711155217163,73.28151262067811,1.839971477866328
0,120,569.4629590203757,78.0873139958553,1.939734495830578
0,120,583.8454293904433,80.75205662001572,2.140251417255925
0,120,608.7018957446421,84.12758512504895,1.7435891280677964
0,120,657.2880615924976,93.62145241124631,0.9889174108375158
0,120,742.348046638425,105.40145139761768,-0.533840448290448
0,120,683.3291244853001,115.58241320477418,0.41661025887184167
0,120,631.7901152692416,97.92743597161338,1.162388986937117
0,120,597.3783976738284,89.32939400557635,1.9187843453257614
0,120,577.8880901033374,82.37287474739098,1.7555213878743814
0,120,564.3774183082384,79.25720732426508,2.0940128696592666
0,120,565.3999387908303,77.56892742963807,2.1912778569591893
0,120,576.2920968824503,74.79910652361512,2.1477122021733663
0,120,608.3458578894758,79.18805492714318,2.5909377829445077
0,120,650.51134106832,85.92923302333509,2.3459309353875426
0,120,729.4022584330992,98.43160434062267,0.0331042645158135
0,120,694.0045536512042,115.97442518819796,-0.2819390360999421
0,120,638.302866550833,100.26422457812988,1.3311226315433657
0,120,611.4995461416078,92.50228924980672,2.456460465515036
0,120,610.1743464182969,90.28265002242556,2.2933307363657462
0,120,593.4181530776234,86.11215917528494,2.143299014666397
0,120,589.0149790346986,83.36755119605878,1.8028673957322212
0,120,600.7682286805272,83.6413374326632,1.744846470168838
0,120,606.4374196836601,84.1350351673434,1.4579393216022538
0,120,655.4685740206891,90.96355120262707,1.000158548826974
0,120,740.5647393840202,104.18061375578748,-0.46903320608898014
0,120,711.5358294012989,117.45484214029045,1.6072466144089503
0,120,625.4972108919392,96.80200620878844,2.2941301061783292
0,120,578.3607285911771,84.51976053602684,2.793045117226143
0,120,564.0962707686085,80.13286906550746,2.7873912411558877
0,120,561.1956682489495,76.29242298161684,2.030796040314087
0,120,562.5616370128469,75.2233869958271,1.9472535681301935
0,120,565.914875893651,75.41928591431387,1.8473906289393653
0,120,585.9113549290879,79.1421205135713,1.1047843998177882
0,120,618.7171370700511,88.00356824881005,0.41481167679351927
0,120,707.6939503312991,101.59214671593516,-1.1331596385063705
0,120,692.3902055375856,115.63043836395215,0.06977535466810991
0,120,634.7307220422903,99.84749558600457,1.02065905381221
0,120,598.0391738121676,88.80523112063612,2.1390773428436916
0,120,586.078078538067,85.46866036324397,2.277451588109514
0,120,623.5422971564504,91.9297067253855,1.613458383994228
0,120,673.1901641233057,105.22023841726958,1.0685046678029124
0,120,719.5052061445424,112.430064748899,0.9101461772224724
0,120,762.9143509655242,118.02522684588048,1.5757214674251685
0,120,817.2588937696574,123.89002186541873,1.6049067923533613
0,120,872.2562706912362,128.3723888401382,0.6798444035094917
0,120,662.8422403671358,101.24919681134304,-0.20530778208733125
0,120,603.9530378886047,84.43389908035499,1.9718591701737864
0,120,563.9520789670532,74.09247959222289,3.0557630021931885
0,120,553.6292755288205,71.80773984397528,3.71645880583155
0,120,565.553543357889,73.83600540548876,3.6215003335116904
0,120,592.8192070426848,79.52155421076118,3.371514078163827
0,120,626.5695013721304,84.7305031847735,2.8405076998483167
0,120,667.6494573692943,92.72721064773101,2.227549262205187
0,120,730.3294746649691,106.41841034797402,1.416888351018514
0,120,789.7292608422756,116.88014069309865,-0.1904528264034866
0,120,635.1832407438665,100.03751111254323,0.5768339456816278
0,120,567.4163296510131,82.0764002579292,1.4485050924599818
0,120,550.8404495995143,77.99585655531327,2.6769616322549723
0,120,562.3237293647483,76.49188349369673,2.9743105489984316
0,120,580.7154495414231,75.85919907739179,3.4370624027957177
0,120,592.2491464318847,78.41882960709232,3.6066537045967237
0,120,599.0887559955819,82.4376878611795,3.50061230289613
0,120,627.4022958000443,88.31709555822871,3.0091164429213535
0,120,676.916913305242,96.19284972484304,2.1147798312486827
0,120,766.5229111106083,109.50467771765808,0.031763654725963875
0,120,722.5284687646678,127.30102542056053,0.03577715732664899
0,120,654.9807574484751,105.23058507207487,1.0343649153904693
0,120,617.0426649167795,89.36427169979747,1.4856341549007368
0,120,598.4150961344599,83.24177960458569,1.5686104068007296
0,120,597.9795204107897,82.76477965758964,1.7042951057179607
0,120,610.8493005346755,84.28217632037514,1.6290710756462659
0,120,644.5511779515631,90.8173962503529,1.2349567777357464
0,120,681.0307036387214,102.05234743745484,0.923269164979061
0,120,740.4206652420337,115.82708115958178,-0.10987468394125699
0,120,813.2716463024144,129.16494485239707,-1.4000825417583513
0,120,682.9313174832124,105.73370525056468,0.8086844984064925
0,120,670.0595371466571,97.76787432446895,3.0169519324384595
0,120,664.5496571996694,92.92429864255979,4.599221208759516
0,120,641.3035385337502,86.84546988146099,4.893714043776768
0,120,615.7728828503699,82.05992225212816,5.070674536037529
0,120,587.722018033237,77.06683289993616,5.043296119956537
0,120,566.5710633088073,75.19864180996105,4.6214287013653745
0,120,582.3669192489957,78.60572310380411,4.3591937689934355
0,120,617.3626989438952,85.26327137575277,2.825727685084402
0,120,699.7421636935901,98.5359049327449,0.38492690327932166
0,120,721.1760896809658,118.40085099042963,0.48011019835897173
0,120,674.569310758908,106.00266192117338,1.905628050493661
0,120,642.6005587903352,97.91986194979512,2.282963909108787
0,120,627.8972307761703,91.13729723438203,2.354965479623516
0,120,628.3182755430945,91.70084615986376,1.6772997210054967
0,120,659.1086081004252,100.31497728683168,1.3137280113507899
0,120,689.4108299366198,108.2748233831871,1.0093762819783336
0,120,730.166457332407,114.57243092034865,1.067497128768295
0,120,774.2912076507853,119.75202492438233,0.9222949330199839
0,120,823.5459151685202,122.89563845926176,0.22763423911567315
0,120,692.3234925620802,108.3095714624515,1.4028993792983044
0,120,606.0623798081338,89.02455653369023,2.8475521463217177
0,120,559.9822451159915,78.32672972719963,3.638620170331194
0,120,548.1913444081493,75.1715579194413,3.7949635828423993
0,120,558.5082648679424,74.32536949226848,3.4367126785027153
0,120,587.1254251896742,77.46704443823013,3.733462067886734
0,120,596.4435923997714,80.72823000971246,3.7135943973364647
0,120,606.7948694536519,85.3604713224204,3.489038094151425
0,120,638.0741363491002,91.98086518525614,3.1207201262345023
0,120,734.3879061713317,106.06831471446408,1.5953226813712291
0,120,724.3261304864652,112.89670113479103,0.9741457228424792
0,120,647.7527536481936,100.16116378124575,2.596450103943795
0,120,593.4187413754673,90.2230834966674,3.5358928226452804
0,120,557.5325728937299,81.90775992838208,3.1975179156247293
0,120,553.5063212794322,77.57947132459488,2.774143351866087
0,120,586.6944970189713,81.77738418822928,2.662414767019726
0,120,635.1848291480452,91.92465737750666,2.6897515492563144
0,120,679.5465458379717,97.95712343213314,2.1961656702923875
0,120,759.7246000555574,109.9122885793504,1.825849277844
0,120,835.2280396050137,123.46207836182145,0.997702152007065
0,120,705.747155106057,115.66457781646331,-1.7470506742641732
0,120,646.4590866893192,101.6433615301348,-0.6601825125231215
0,120,601.3241113132877,88.17808069943948,0.2736229836458932
0,120,577.1861331159208,77.88489488150265,1.4401200361967454
0,120,552.4488559049089,72.06643439127221,2.0906988156446005
0,120,535.1371917399656,68.03214068647058,3.078511734776299
0,120,545.5239431538371,68.73002142600127,3.3719304166078814
0,120,590.7002170385148,74.62905733584289,3.5304720961036935
0,120,639.4654607500725,81.08202812263802,2.836119492647981
0,120,723.6786498793997,95.87247536445028,0.9023106877053806
0,120,682.1285262453406,112.26000992569386,1.2630346424027579
0,120,600.9176563328938,95.0832667993343,2.578472609929534
0,120,552.8197188657431,82.68055247745895,3.351571466693642
0,120,548.2450560013032,76.81144071631893,3.4337816558565635
0,120,556.1727224274097,72.31375663497595,3.873893025066181
0,120,564.2156364011486,71.88182324488511,4.10257940561624
0,120,560.8150983736898,72.67976109556396,4.1206901279325905
0,120,581.623957901855,76.93597814798682,3.7998180891000715
0,120,608.2799097011675,84.07652810297053,2.97305320689739
0,120,673.46601698234,94.78826315785952,0.5226433338035434
0,120,700.1574431416435,110.7027594814361,0.060682523049962356
0,120,617.3764062836597,92.69535918097745,1.1208633905271483
0,120,570.1486201575145,81.6611421137909,1.4996231266209605
0,120,557.6043452306934,78.68574625099104,1.8162152062486001
0,120,561.4681089804886,76.63154079183663,1.686134422788328
0,120,580.631558268874,82.45829100386369,1.4617113479053785
0,120,598.2697865670011,86.78511439509676,1.1936393505478122
0,120,621.651272566816,89.74866457793978,0.9999004189916718
0,120,666.9302632550497,96.77230747740286,0.2771701871892276
0,120,728.3433223139659,103.48423204140833,-1.0126879463348644
0,120,685.0432479132548,115.77609176269817,0.6068935813423337
0,120,607.5222409079278,98.17265619884522,1.6217768261064407
0,120,560.3715217993417,84.45555041355867,2.19480008019589
0,120,532.2780053885215,76.09255671836812,2.9331763107258837
0,120,525.7694310216223,75.54812318128484,2.942194201424101
0,120,530.441163030316,75.14578144935447,2.656802524793875
0,120,557.2833110972429,80.5578821439965,2.4384912982696534
0,120,603.3520916409966,86.88476011964319,1.927236015740064
0,120,685.2513288606644,98.22167319421366,1.4903554328563047
0,120,783.0327841440146,112.20792725482754,0.13909570560311124
0,120,758.7696749952368,124.40803085763163,-0.08936585218714299
0,120,700.1402060148154,112.87027095448775,1.7514329443537662
0,120,641.3250114050549,95.973011487395,2.572235860037594
0,120,596.3509354893473,84.22839738420579,2.740253402520082
0,120,593.7543064656638,80.98714433889249,2.622604484999272
0,120,582.1575440463293,76.88512400149281,2.5034151152354553
0,120,561.3251526044056,76.36364921804612,3.030083246963926
0,120,566.4997027803346,78.97666420361297,2.9368650693402003
0,120,615.5136199905354,87.61822298250756,2.4887433484669828
0,120,727.3077416192381,106.20091645061257,1.1642708367042331
0,120,713.3323145274084,116.27332854923986,1.0656902199210947
0,120,651.0275135966131,100.00348436869008,1.7333305488062933
0,120,608.7376054237707,86.0483604394185,2.1234313441161277
0,120,588.0223440825799,80.2520753776515,2.0208455515011963
0,120,575.4435360723182,77.37839907870546,2.1612182212984834
0,120,574.541793137092,79.15471007067099,2.309751124599231
0,120,599.8553669160499,84.50214417277991,2.4947136417547284
0,120,620.1748802976068,86.26234909751585,2.0645361078202313
0,120,639.1517803396715,89.57335189583848,1.4511446781952912
0,120,706.0886620044776,97.96076392178686,-0.43191247041711733
0,120,667.7442909817411,107.99630901837916,0.3825038135349246
0,120,604.073756606186,94.53891779374452,1.8221854995363316
0,120,579.3209483320934,87.0290441081944,2.4543454662192374
0,120,558.3563075348468,80.33493878302028,2.8576941508188725
0,120,565.7530351567768,79.65091557299189,2.7181957917540984
0,120,593.8468457165192,83.3770750776606,2.5303855196412854
0,120,621.6546258645267,90.44101132236219,2.734358050152281
0,120,657.3558923339065,97.93764737602906,2.6237702326426273
0,120,685.2803907741562,103.22597142244476,1.8910728584895224
0,120,755.9736130024498,112.06828122755344,0.0846219835830766
0,120,686.9108582486995,110.1443331644609,1.2877651459795771
0,120,622.8661076145995,92.64725512573888,2.1802698684983994
0,120,587.8809761106756,83.3976782203448,3.1882752021667358
0,120,536.8417259130637,72.2937170355818,3.8236826087132556
0,120,524.1940870550584,67.0307242600538,3.755852749407964
0,120,513.7915104291842,64.56430379052736,3.450177063783414
0,120,521.4177330400443,65.1658355337584,2.919295587001116
0,120,550.3130405824015,69.77605357469122,2.9360074121454574
0,120,605.8821253487436,80.43832079957973,2.797857989639411
0,120,685.9284596790658,93.15506961983479,0.8034969213935739
0,120,689.4269492975444,114.25877399597327,0.5248332740192723
0,120,637.3773563827106,100.6638443959693,1.1812824255282948
0,120,610.3567775797098,93.904170808998,1.8229931961177925
0,120,569.1563970138867,85.03263564886738,2.3586292579311845
0,120,532.4200204880541,71.8470751656207,2.926315053167869
0,120,536.9824467573396,69.4030724481724,3.2714263162132227
0,120,548.8921247998779,70.32483766597367,2.7643510716619346
0,120,577.987806587889,71.6324553390385,3.074290062953594
0,120,643.3269301382762,81.28188875045383,2.5810622350515473
0,120,732.7186110390869,96.53202388939184,0.5597890497820543
0,120,707.4325695992263,113.20371951920964,-0.04684104351144924
0,120,660.5508790946847,100.08199721985969,1.8771005403070689
0,120,633.8782196366036,90.82596774379455,3.8830191637598546
0,120,615.7287016822883,86.17191730576171,4.507543483378797
0,120,592.9108050169898,80.62124695152959,4.406623044540083
0,120,597.9157489245042,80.38162834460081,4.399678519293261
0,120,621.9164772348746,83.99926068247193,4.11995737227106
0,120,657.8021750783367,89.9646594501497,3.5817733191800443
0,120,688.8032947531593,95.89754176999166,2.8625403303076666
0,120,764.0480597406251,106.00172643931191,0.7792660239496172
0,120,694.4638377779861,109.30789967163882,-0.0694815280991179
0,120,633.574716778903,97.4904870462411,1.5680608400545708
0,120,571.7221404007621,86.46509506697673,2.2935305788188884
0,120,531.7047091395796,76.9806784017535,3.1922220906163687
0,120,509.41092702346765,69.46099342752362,2.9742855686917835
0,120,521.0189259316218,70.13368941742202,3.0122556347895255
0,120,538.11815574511,73.12009128067652,2.793136711683843
0,120,554.8412279171685,78.34286397159373,2.6578017370596
0,120,598.3425590102993,87.11489429300043,1.6636271665027493
0,120,692.5536346786384,99.3909578958702,-0.10880053075558749
0,120,754.9372675205248,119.9386253785833,0.6902195575353289
0,120,671.9099691850581,98.57448510638164,1.6602631518748012
0,120,639.7260178651636,86.81186579507538,2.2783841862242014
0,120,603.5408175893399,80.71302561174694,2.8380013424151116
0,120,576.427581875915,76.47537167529829,3.0464370210463727
0,120,555.9712892456369,72.01487581566565,2.9846773762553767
0,120,551.5536430757505,70.89820915100097,2.7577063100948322
0,120,574.9683679037495,76.44948813198636,2.5026740328050323
0,120,620.4944436864474,85.1090014001019,2.2284069193999443
0,120,689.4313615313741,95.40714639899116,0.28431455488919255
0,120,684.7898092020756,110.62939741593755,1.1288820689596406
0,120,619.4476265028998,94.2665122382007,2.3999799921946448
0,120,577.6899513894906,83.15009111129474,2.8392753380539233
0,120,570.2604555776519,79.38012738669053,3.5130524956044695
0,120,554.104090718683,71.84077475163795,3.508655961635256
0,120,550.5174152533942,68.44865553214568,3.39621127466512
0,120,539.486713019521,66.51034838602271,3.4371040366401218
0,120,555.088489500986,70.64484008779502,2.889094396269428
0,120,605.1914048501467,79.12183295512955,2.081547696644293
0,120,690.4097596756689,92.13557472467323,0.24954196804179674
0,120,657.706459019124,99.63563712154361,-0.17789605893081273
0,120,587.9028607904711,83.28825501971602,0.9769102101110008
0,120,530.5885904700132,72.62102861387507,2.187913842331241
0,120,520.903619554205,69.62446042966809,2.554449881707612
0,120,540.920453695043,74.26765138850168,2.9818879086802212
0,120,564.431835858805,79.02478516515023,3.433415278025805
0,120,578.5699861342747,82.48714442031418,3.6586710297968494
0,120,619.2749022559124,89.81977247027815,3.6175451182931795
0,120,670.5349406343636,96.31863258718195,2.723566557682389
0,120,754.9893318797156,109.70363104077691,0.6684450569112954
0,120,720.6849786408256,118.85559661290165,3.2270279845392906
0,120,679.4623604165007,109.14306325929954,4.449147853215777
0,120,651.4996226163934,100.87082257553845,4.816399994715923
0,120,625.9164319355472,95.45810198327737,4.969379392599166
0,120,591.6704966725628,91.32585881923237,5.467370132301184
0,120,560.9004015610644,83.69831165928714,5.876980547099393
0,120,547.1936500945726,80.68815644635708,5.5848441876755
0,120,569.6526262452694,86.81672917366849,5.1989900444950194
0,120,618.2555585816777,96.65169794246661,4.175788357618714
0,120,734.0309858693994,113.60557096847766,2.0281064939654954
0,120,673.9667761071212,111.26405986919055,0.14724761233769357
0,120,605.9424258777498,96.04168487272035,1.0683298056564041
0,120,581.0813119705837,89.671577491294,2.1381364179601263
0,120,575.5933167033912,84.51905610691428,1.9943497729215949
0,120,575.066143005416,82.36423562875454,1.9402424287323186
0,120,593.2528413834698,82.31104841303973,1.725828130044448
0,120,616.8951198175135,84.66226936321439,1.8292132924719624
0,120,652.4707846972074,89.69478983941111,1.77657978637464
0,120,684.9177051533532,92.91248677520036,1.284642607649161
0,120,751.8187594794618,103.9374222843998,-0.3205336098637588
0,120,644.75319943118,105.16936172904397,1.7130965004252658
0,120,564.4364245819879,86.24605706100054,2.682898618467192
0,120,526.2935455708088,75.33614073730007,3.3680334887715446
0,120,480.494940811895,65.52304871902165,3.765253671474696
0,120,488.9074234912114,65.6228916837196,3.799268522353927
0,120,506.0918094176133,69.43911667700392,3.582372846539485
0,120,533.2008093865617,74.15987936971273,2.9735611397991306
0,120,597.3525713984785,83.65543165034734,2.0773426783593436
0,120,677.7551789031047,95.02809591123851,1.3160844869441348
0,120,785.3433239261789,112.27763755980659,-0.09899992378255718
0,120,740.1027490871561,123.85576970424957,0.4855808855138406
0,120,704.0188537000628,111.95396083573414,1.2630179888649877
0,120,707.4526305557055,110.01900113675404,2.1351637614695846
0,120,680.0988398538842,106.42296377775762,2.428632403914449
0,120,620.5903950647978,95.86254573167962,2.4522804275367207
0,120,588.4800398051831,89.41646144388889,1.985689933285272
0,120,579.9454853232444,86.55341920682608,1.867766232391375
0,120,592.4572862090788,86.12763407402967,1.439062536548846
0,120,637.9031769956446,89.17214288592112,0.4430394233003909
0,120,714.6218634013751,97.09434992593417,-0.9681480595899501
0,120,756.0397376801113,126.51998823315026,-0.031236678628303594
0,120,710.3197589280431,115.11551758896873,0.5387139977440256
0,120,660.0228229499436,106.67055088680766,0.7216947439058146
0,120,648.1557376713082,104.48100487111512,0.8359629932609209
0,120,648.163738521986,102.29844679221917,0.4661961675586781
0,120,639.9436880674299,95.03189419301344,0.568265700502991
0,120,651.3022486897438,91.10438067081027,1.1353686219180048
0,120,662.1885238029242,88.6422600365869,0.8992048029127346
0,120,711.2380330326848,96.87951595290176,0.5636859776183911
0,120,786.3523723881441,111.05259588503262,-0.32907687473574754
0,120,724.6685786614361,117.5084914615031,0.8509678307846258
0,120,668.0434992651807,103.02267881599253,1.864568753141043
0,120,604.7991866775766,91.84387344687816,2.8475021857084215
0,120,553.4654934090612,79.71414513013538,3.812816175323448
0,120,526.3684947161297,72.70172801301007,3.9994357194862715
0,120,527.3907210497996,72.01467857551413,3.4899706922661125
0,120,551.5903528612138,77.04519847303118,2.7792226808835494
0,120,603.0485299535118,85.82920972478432,2.435168917486095
0,120,661.2113610841018,95.58443711804053,1.66716604327722
0,120,747.9562899849234,107.40781203144695,0.4599843979734004
0,120,735.7143413201148,114.92464547662918,0.5493889154495832
0,120,668.8681751828478,97.5921164431685,2.0778672647988543
0,120,602.334512860294,83.27037379112276,2.668684823987178
0,120,572.7068333319872,77.11297582452535,2.8562702733402006
0,120,558.7204639002599,75.09048094630198,2.6888356046793973
0,120,551.1108312885997,72.08455794348018,2.8370937246070724
0,120,540.4946437155826,71.54854374315023,2.913641710930861
0,120,553.6003312748975,75.48983589879509,2.787807579599942
0,120,609.6873534630644,86.09014717437563,1.9958652448579528
0,120,705.5130713939442,99.43601881734251,0.10329059941446417
0,120,696.9722221250751,112.59340213608675,0.5005690694997895
0,120,639.5002879824351,99.28604867699471,1.2214424318417514
0,120,595.7675793472737,86.61675020176176,2.0074144732960093
0,120,579.7022829945502,79.43318498744863,2.5264053241161264
0,120,567.0194639254759,75.60093282299532,2.9877666075102667
0,120,576.4452896410183,74.2437402467049,3.0429814119607244
0,120,580.788927942134,73.88929405899579,2.484879727706158
0,120,605.9444849202036,77.19881473846559,1.8642606626924447
0,120,638.629901322292,82.88512432717958,1.258354998291594
0,120,724.1226382622384,94.05341961393454,-0.9406780490512574
0,120,658.3797070717552,98.97554759504361,0.19630060781615555
0,120,596.3101664487606,84.871372100987,1.304410356972852
0,120,575.1419745975029,79.5366909835319,1.7642894755061604
0,120,570.5211891820962,78.5271313565739,1.755937726318436
0,120,578.1304099852657,80.59800079081506,1.796505744307069
0,120,574.4394293122424,80.37066179217646,1.9007069300849366
0,120,588.2641933262331,85.52764643941339,2.1637578858072146
0,120,617.4921832993515,88.30487230426756,2.0931635392334016
0,120,669.887460027298,91.3516071121547,1.393881488600087
0,120,764.2981451540938,102.85065159127223,-0.7702041097488603
0,120,771.1901720556881,136.90072613662906,-0.2830048625167194
0,120,713.0994662407679,121.00696820612629,0.4878707469561334
0,120,666.6675294379359,107.56248212283376,2.3135731115156517
0,120,640.6971211161932,101.93579541420694,3.2759394249467704
0,120,602.5292982764302,92.4835457999797,3.04908493355056
0,120,592.5946537556441,88.52291847405326,3.3665263436040647
0,120,579.6012134249573,86.33046457498406,2.9331846374947617
0,120,599.5676304405677,87.3394832003836,1.8623038720053842
0,120,654.1856729123592,92.24387083872192,1.0741668706420455
0,120,750.8207121871787,106.40848071520335,-0.6881021685813806
0,120,659.0263640618392,102.93930822166271,0.4578943789842498
0,120,592.7830855550654,87.28851070979869,1.6011097857435885
0,120,568.091460256745,80.12608400429528,2.3514682366934636
0,120,539.8226899182082,72.52970078828976,3.176750954035313
0,120,514.9186302684328,65.90935200891722,4.395140430253065
0,120,498.6597250952611,61.033017555557535,4.679599508768618
0,120,506.9160735267897,61.036179033414705,4.769237175773469
0,120,516.9583177232365,63.216854877721886,4.425399908366927
0,120,575.0592599206417,72.74057868742604,3.4417337201380036
0,120,665.7158988455415,87.42839906068751,1.2612360603244355
0,120,662.9301320650238,113.38397447596466,1.193314606561458
0,120,597.7616737191703,97.13829503169218,2.785276241860103
0,120,571.1582569173237,91.08750818470621,3.6059542560107047
0,120,548.0218557993036,85.89400029684123,4.894080421607541
0,120,549.624143807121,82.39329192078945,5.48005180130707
0,120,553.0126217287785,79.79596598041756,5.899337921545111
0,120,561.925392894601,77.67255740524514,5.777667174654724
0,120,587.2562626301715,79.1975449961476,5.0105219576405915
0,120,638.1442026223162,88.33942877881336,3.724918803014731
0,120,719.977668143029,100.93664443181615,1.4019251473392131
0,120,637.8997060383653,97.67597168472778,0.7186304929575869
0,120,579.594036191261,81.59344365835734,1.2236989862085181
0,120,545.4220499672628,72.57573100422094,1.5883115419733684
0,120,548.5410286466009,74.93632367930913,2.275128419591695
0,120,550.0720737855144,79.87425341427115,2.7545504646889043
0,120,560.0992575571557,83.33683808675113,2.7024831788754966
0,120,596.2804574076405,91.4947640141258,2.4250602200644664
0,120,649.6459549398506,106.19183213277698,2.2885928048724082
0,120,723.2127768167654,118.63179103069164,1.6071800002578982
0,120,794.2529182836439,122.83216094307066,0.19488505710637583
0,120,705.4460642695168,116.81739578318461,1.1311053162508813
0,120,643.8891663877516,101.39831036588997,2.408922941972932
0,120,616.0194973065592,94.72208063387619,3.2102911790883155
0,120,596.7966887657179,91.27186010117988,3.502910491107315
0,120,593.5178107323907,92.0785723208848,3.6602447891153673
0,120,595.867237002041,92.0289241570315,3.7623809362107323
0,120,611.9683606934618,93.14227155171778,3.711529358653962
0,120,617.8834013655868,91.6102396696897,3.31067870471864
0,120,665.0639471748617,96.87444406329132,2.6397326485876533
0,120,735.3328889980893,104.41142981652568,1.1502069240640935
0,120,658.0855581497736,105.26138834830894,1.261644071999612
0,120,603.152188033618,92.04667577066803,2.590354909122837
0,120,570.4222963145261,83.98570746634626,3.5893340253240638
0,120,548.8630628863862,79.15964670989182,4.565314605875756
0,120,546.885676173258,75.68932458803947,4.800037893864584
0,120,545.9530476012236,73.24484285879463,4.461596372692995
0,120,568.6864646961291,73.31150439457451,4.192416915074233
0,120,604.2869557448381,76.93785474714268,4.168910446522943
0,120,658.8519925808886,87.18931018445139,3.6833432459914945
0,120,749.1120010993885,103.78425121816453,1.8949864398636294
0,120,665.8762688378057,101.32253633511,0.7466667237801801
0,120,597.8620373313504,85.98736251370362,2.710168786552728
0,120,558.2195871159098,78.1129383092538,3.9014296497559258
0,120,542.2036489522949,74.74930056764062,4.623610314812211
0,120,533.1079759867844,74.2103446713366,4.805808344699173
0,120,527.6743982701586,73.79822546332389,4.352165976057805
0,120,548.2582927027923,76.10226656925566,3.5580836617133684
0,120,587.0671837031218,84.3439744775619,3.0169852395139856
0,120,636.4100770676667,94.14102241837263,2.055409969126572
0,120,710.4783051969912,107.90547711088908,-0.0013185980385799212
0,120,692.4159141533668,115.14138422598197,1.8457336019320252
0,120,595.48290202058,90.63006882530777,2.746281983189988
0,120,530.3015011221593,72.21894611185813,3.1683742245409405
0,120,490.76988622052136,64.7701548835164,3.433523526021247
0,120,476.5276366415623,62.98216727458105,3.2999871334753266
0,120,485.13999351336514,65.73303621975964,3.2841329655257567
0,120,510.1127663513154,69.35546994646197,2.9376477856150274
0,120,550.141787080024,76.51520291503894,2.573543162751932
0,120,623.8993351179515,89.10095609752216,1.6901146183134728
0,120,726.8895795117492,106.28329520875191,0.07920958381036769
0,120,688.987020169829,110.75760351442366,0.901020038528813
0,120,625.3031902630003,94.28645039980263,1.9930341434383791
0,120,595.2092846933529,86.74574526085395,3.0542225499501825
0,120,570.5213656714494,79.78315100600186,3.330171670669259
0,120,563.7495280193768,74.00767759793634,3.389941217697668
0,120,584.9653131662111,77.95689317223929,3.285098870715956
0,120,621.5490264015353,85.97250751257793,2.6484257952995023
0,120,668.564613495363,94.13894857906526,2.3473131790217963
0,120,708.8387779356509,99.77554237873113,1.768661029168726
0,120,760.0829911020995,108.82009659977255,0.4115309298543792
0,120,609.9137304734213,90.41697056560871,0.28324040170353726
0,120,554.1371530575136,76.74490879549576,1.9688865136832447
0,120,526.9050223498239,70.39344906153713,3.1971515377939568
0,120,515.927384581476,67.18113959960074,3.5100215517317537
0,120,512.6453885695757,66.43828810552417,3.9257438148886905
0,120,505.8509014505105,67.7195883069437,4.375297740009444
0,120,519.2193228269392,71.34065825888412,4.608089217617874
0,120,530.2587318689032,70.72246254056634,4.050204029354219
0,120,568.5752764036201,75.25858590972355,3.0907104511870926
0,120,660.056885395109,88.02696093077998,1.2376879579287419
0,120,708.4633262516338,118.91089148052123,-0.016456663864389043
0,120,673.0114392383098,107.21079729724589,0.7425616267218089
0,120,659.3625174498795,100.82315808406612,2.478642977814232
0,120,646.9780242174788,98.5347440335674,3.4416254721425474
0,120,624.269492121373,94.40685142372158,4.276350745395547
0,120,614.7655992819366,93.60632690934139,4.763683220929778
0,120,607.7253801534481,91.7821654566178,4.9003005179617105
0,120,625.1688230354391,92.87458848894458,4.388287499463942
0,120,690.6371367923605,102.87150269300403,3.2697692892058825
0,120,781.7568249502434,120.22957150836972,1.2950344152127542
0,120,688.4002519002604,111.25323983802161,0.38470208051953136
0,120,621.7681673484116,91.85651935830685,1.754422254382078
0,120,562.8001917885739,77.92341306537749,2.6827237563206836
0,120,521.741179194655,68.30177360902735,3.1169480999313777
0,120,505.7719518798507,64.81784755215324,3.4758817993193247
0,120,514.6255991123548,65.25288043033933,3.648262568695486
0,120,541.4703356897951,69.62026766759011,3.3189388594486786
0,120,588.6014056503926,77.96413470351642,3.1523118873693363
0,120,661.3954983092622,90.46881654829319,3.220041825448064
0,120,753.5340006733201,105.40662472502034,1.7666542778683834
0,120,722.0970111259054,119.45253547831878,1.1059168403856035
0,120,660.8859147168215,104.0965218260464,2.1067694795850826
0,120,639.5147012796122,98.3258498068121,2.685971196184312
0,120,639.0147657718126,98.80169449006354,2.6177999393548816
0,120,657.7734073137669,105.72720196099752,2.512849344377713
0,120,693.0713956111102,112.93999253033259,2.303522701476183
0,120,727.890568293252,116.44168147170905,1.9415996920599383
0,120,743.8799742241043,118.8678367731615,1.7554880807988553
0,120,768.4131709130455,120.04212573923367,1.7141373465354093
0,120,842.2207830974944,126.07999617401173,0.457344812238091
0,120,662.1968776323084,104.06362216877335,0.7958446207918541
0,120,583.4356211123388,83.5200854583763,1.8719046365252723
0,120,514.6597792170891,70.25636715623274,2.9758260209347895
0,120,478.6757768039007,64.35066452926985,3.468062963339989
0,120,464.5470098790421,61.55166335168818,3.8394701625117875
0,120,472.4409080089052,62.33290341468288,4.111888733225285
0,120,486.5684100933993,64.86576563810608,4.056041094339861
0,120,520.6524163748329,71.37357482245586,3.6730180525789535
0,120,586.8774576484437,84.09564912680189,2.43731722385742
0,120,690.1549678794486,99.7763087976056,0.18721610296688596
0,120,660.1133619881294,97.04318019519773,0.9708483223655691
0,120,593.4542745652427,81.97308586656453,2.4205221310242706
0,120,562.9849173115782,75.21206541113001,3.0011976857154536
0,120,553.421959368608,73.40691227357978,2.846161575918572
0,120,567.6549432565246,72.52624063248885,2.521392609249716
0,120,562.676119773282,71.10778526513724,2.3650741770451447
0,120,566.814030318364,71.14914934262681,2.2460346891211884
0,120,589.9117214382512,77.09569758725246,1.9608262014063484
0,120,636.5835661018514,86.35771189305792,0.9697991494865477
0,120,733.3756809010091,101.61148752164964,-0.892740840602869
0,120,779.6522482432505,131.97579734536848,1.8072472761636647
0,120,735.0832742228957,121.71317811548388,3.461876174061345
0,120,703.1265235303399,113.01791929648054,4.020977070581623
0,120,681.048293744256,105.98064992026407,3.97772783301329
0,120,645.4124459951247,98.6293291393692,3.954004868471074
0,120,624.1973668057032,92.51800083673328,3.742263462594039
0,120,632.4304774723953,88.98547480652535,3.452608480296689
0,120,666.4041484931936,91.13185904163305,2.8646303492968173
0,120,743.9474519868069,102.58773610473284,2.348553867585082
0,120,819.1187974033462,117.96412748237339,1.192598504437683
0,120,659.6219567990672,106.35768292303835,2.419114907083369
0,120,592.8331497015866,89.52338251230987,3.632191904755004
0,120,547.9323168674524,80.3813183957913,4.224091943897875
0,120,535.1446042927995,76.0091748531725,4.44207009966685
0,120,539.1619726096534,75.211896348143,4.688334289324871
0,120,544.6222002186107,75.15527151835889,4.572642162491107
0,120,566.7534356404358,77.89619392446812,4.22294284979229
0,120,591.3696411551601,83.38520137190311,3.7484835589481946
0,120,640.8198988762283,95.50058187648125,3.206802262927141
0,120,727.4552278887195,109.69060191991099,0.928714871827296
0,120,696.2477921600191,111.93136274980317,0.813905382494923
0,120,622.1907416897301,91.65011035746066,2.0391561162707035
0,120,567.4338609267633,79.06055325776963,3.103875072788071
0,120,530.1647807032223,68.41401452610639,3.2294594010525657
0,120,520.0988281036638,64.9478400828688,2.9098946649343844
0,120,518.7959248686391,65.96469196000002,3.062507684986855
0,120,532.9456057818505,67.78104270272352,3.1158406396701963
0,120,566.7176671315228,72.7795138933355,3.217860212001213
0,120,610.5014988493247,80.66854513986338,2.6239700750957695
0,120,693.0260378473407,91.81117102975662,0.7147335651212359
0,120,688.98301974449,116.45303123357063,0.1877073823308706
0,120,630.7307085118332,98.87335465482614,1.2494620091265887
0,120,615.8367131664398,92.67317248164822,1.6425854215402609
0,120,602.3573388166398,85.81468721419976,2.1264456344510876
0,120,585.2562852798352,79.79641681504961,2.0692157519314094
0,120,573.4765034012439,76.47099857936752,2.0780004931009444
0,120,585.1271539030853,80.24575242193714,2.538187702082851
0,120,612.1916785550301,85.15463713573006,1.8348505150044616
0,120,654.803797457011,92.01314494491012,1.0049547677024862
0,120,745.8010020037808,102.95159346538577,-0.7603618689314118
0,120,672.4202587349115,118.07902268834854,1.2688384003128732
0,120,630.1523529014332,106.38746055048453,2.766241248197943
0,120,605.2472931453232,98.9835048262991,3.260418327752433
0,120,576.440642088051,90.3928114647643,3.611033585028167
0,120,570.9389983108787,86.18303037944148,3.724294295348656
0,120,554.5384310168807,79.99617036964031,4.185597291360622
0,120,539.5767225896473,76.29498146815367,4.690973875060166
0,120,545.3348642267874,74.91666165391932,4.307059869028976
0,120,597.1686106626713,82.87913949743925,3.3043670139067842
0,120,690.6350777499066,95.94125018756785,0.8605436149978658
0,120,725.0382061967979,124.52285843841197,-0.6439869470494131
0,120,669.672495995114,108.98603755696033,0.5807725073623828
0,120,635.7068846547779,102.51950228317372,0.6802607419535462
0,120,618.9626337603368,94.77544818344381,0.7255666914355174
0,120,612.985586495458,88.31890453218978,1.4349491127215828
0,120,607.6347234556935,84.47668892236841,2.3585543170112544
0,120,635.6868236982988,87.6786291877679,2.4940891340886395
0,120,667.5255030135713,93.34637002507476,2.5755915478966784
0,120,725.9041217933269,102.74245127958285,1.9621501576584421
0,120,798.6232653068756,116.1572160897582,0.4237379730340365
0,120,686.6803043236504,107.38255402118696,1.449362749654739
0,120,605.2741783567923,85.69132758800806,1.5882699081289644
0,120,580.062262445271,77.76946994483484,1.88120563736544
0,120,572.0531167677757,76.84614934755302,2.033160842676324
0,120,565.6662612247924,79.73169386818749,1.8820716213290751
0,120,585.8909409939024,84.1040121092262,1.4355319865432676
0,120,609.9875618528387,91.66486392079415,1.2357394940105735
0,120,647.40277526082,99.22665121422357,0.7541358354665135
0,120,664.4200551846443,98.02886249295636,0.10145038349173774
0,120,742.5376550335342,105.38127654783393,-1.9607322172905128
0,120,663.484779272312,107.99042562643105,0.21864965549298176
0,120,619.8330792502643,97.56287981728077,1.0863322799772988
0,120,570.6575566223269,84.77493857319385,1.9372364651662508
0,120,548.6560408750956,78.21356459912494,1.869339991709893
0,120,526.162943449449,72.96769790418152,1.7883788178791349
0,120,531.2376594812574,72.03487596702948,1.7023299882620222
0,120,547.780830172632,75.39118764587204,1.7905187974815675
0,120,583.4393862185401,82.98612819105503,1.9529657315826086
0,120,642.1532759395702,92.54851107045653,1.4836190768315163
0,120,719.5675068862181,101.87947489779947,-0.25567640704900896
0,120,676.8850275620991,103.73490736768785,0.7016605379779293
0,120,596.1735636893925,84.26755237199838,2.003992171285887
0,120,548.2005218545152,73.82107714373537,2.904807009148044
0,120,519.3713978196037,67.45681370622682,3.0782119710965787
0,120,505.18365403588774,65.62195620185813,2.8773120183027032
0,120,502.8658781902427,67.87204930863352,2.6549206750267444
0,120,511.6603426596442,71.22676052453234,2.798882182211784
0,120,543.6702754772944,72.87850027223259,2.748813320929841
0,120,587.885917812565,78.02092859628753,2.5273129419241656
0,120,693.6899907940373,94.31533199341764,0.6921263876090933
0,120,671.6504121763016,104.87044709713626,0.8272698465490578
0,120,600.5029651826843,85.28119768780923,1.924638063849173
0,120,545.4899983682404,72.68918917480647,2.9663584847170057
0,120,526.7851860790086,68.84599299966042,3.7876526797648182
0,120,519.1353138948214,68.53421830987381,4.2411285130285705
0,120,518.938410606447,69.39057305799912,4.386330708776882
0,120,536.1744196686566,72.98531990286133,4.6904492886206555
0,120,577.2670240694657,77.582069259162,4.704721370482844
0,120,647.9834252328114,87.66419684410974,4.19497323312072
0,120,758.2193223622095,106.63323305014063,2.5354398683521
0,120,770.9155546221261,123.26329410168962,1.0819607263147333
0,120,715.9812432294202,108.81645611011884,1.8515706669176666
0,120,674.6900294764891,98.21340037871575,2.200320727964055
0,120,629.120419653338,90.20937248842051,2.978648795585471
0,120,586.6311373411766,84.5044659711349,3.5519385062791287
0,120,554.64520707556,79.03428650502046,3.764670797653025
0,120,548.8885950128142,75.49394412937954,3.826288887373039
0,120,573.4503241471875,76.75342957004129,3.900813468858729
0,120,617.7460926488059,80.89449782200846,3.361238845364582
0,120,694.9915409440208,91.22314741918807,1.466749043078437
0,120,733.4888105764031,119.10807527770932,0.6505841376613688
0,120,688.5929782739425,104.12877904396879,2.0922392678875923
0,120,658.8841136431689,96.07316440090247,3.098229523486708
0,120,663.0809128024315,96.21034210856617,3.6572221720115294
0,120,646.5602150886964,92.7119329891378,4.685819605122774
0,120,629.8769706806743,91.47133751955847,5.416110543069237
0,120,632.5889060817744,90.86955781727983,5.365816859027504
0,120,637.7477487052696,92.36102585329017,4.710283652095399
0,120,654.732848737029,94.91932078539328,3.580782433683197
0,120,731.5498397124858,106.63065202187221,1.49608424984649
0,120,676.5638169392954,106.14227413585009,-0.838883299480031
0,120,636.4144893014965,90.48639346350981,0.7397555056088834
0,120,609.0759943436182,83.28247306556011,1.8480234633743322
0,120,588.9595613777973,80.92210580778796,2.2659023596714576
0,120,592.5206458868736,81.404882073507,1.5715414294468673
0,120,595.9155950848148,82.26310214992237,1.0448483174117484
0,120,602.4112857289311,85.3998122794987,1.0914282625325313
0,120,634.9578050100599,90.6708468177757,0.49554802786450125
0,120,704.8868871688301,101.92562909325446,-0.2709310476391522
0,120,809.231040220724,119.2348048927755,-1.1212273786997713
0,120,625.5712187607097,96.60699768869993,0.5306620122360215
0,120,562.6136425422532,81.37121599735949,2.1414837790503185
0,120,543.1825177348647,75.25528918147675,3.015752877719578
0,120,543.2817635811413,73.92151182888787,3.502510806201016
0,120,556.1245996637736,74.31428459575321,3.6728265368946893
0,120,566.7249031950035,76.26443178640011,3.1063731034523983
0,120,582.2457887229237,77.58137046548234,2.4505567863783426
0,120,617.5270105317142,85.47995940620945,1.9922680807013222
0,120,669.122496340793,97.66613221888353,1.2222834354987384
0,120,750.7115241073392,107.53538696144821,-0.18949524798216544
0,120,707.8814996839544,115.51816926970862,0.5906314017175731
0,120,652.498199376736,101.4909906953714,1.9769051921157228
0,120,619.6597667054328,91.47791970518624,2.864363892692623
0,120,572.0834141067397,80.11850998247702,3.108729579045743
0,120,557.113351850122,74.91049085489328,3.3062655172116706
0,120,552.648230044228,70.44197577424323,3.221898694908546
0,120,556.9973983450769,68.07559550956626,3.1294632335596475
0,120,586.1506156622276,73.11521663121759,2.5540835038768392
0,120,645.5940535395561,87.21657440882394,1.5710418233140047
0,120,725.2015765080664,101.84376879494197,-0.05784903197225333
0,120,763.9434015541841,123.2007295256284,1.1463516300721466
0,120,688.4686121097288,109.10336726994849,2.306578625655547
0,120,649.6536616416065,100.37656129756822,3.268711789557983
0,120,611.4876625251597,89.09138713245713,3.606861873818744
0,120,592.5267053546664,84.18110483130489,3.734336378619247
0,120,579.6627493794358,83.42166825820217,3.8431755746638743
0,120,587.9803396165211,86.74661311752062,3.458062513913802
0,120,611.1819829654365,89.8355009635034,3.2560634276276232
0,120,653.735095593668,98.79612668235785,2.237075085805145
0,120,751.4793116234953,110.39700343398721,0.5682740272718689
0,120,735.3204170837972,123.55875984866223,-0.1967645172153425
0,120,654.0718372795524,104.60981959635448,0.8074354830743289
0,120,614.9061436368594,93.87395925321849,1.9053865741961005
0,120,599.3233691757542,89.11892185760891,2.3966992452555047
0,120,618.2694424107952,89.01167956951261,2.386640508447158
0,120,653.348819229322,92.8343909460654,2.229039753834897
0,120,688.3120660534503,98.39097286941015,2.565716000003718
0,120,734.6365208401903,108.50522242189066,2.298043687552436
0,120,774.4495774303801,114.7309443769736,1.8331601809215954
0,120,816.6044712480331,120.28221772252608,0.7654602411447939
0,120,737.0688971058394,123.65114713563284,0.9982267384465757
0,120,676.1725988730601,108.37966497686779,2.601454492041313
0,120,632.3026403509022,93.53862845390783,3.4363213203652947
0,120,593.5721694531728,79.17624305978376,4.135861500833926
0,120,567.2276625324542,68.10570562755356,4.477317312340475
0,120,551.0851226728184,64.40420677725739,4.75400751548996
0,120,549.8010449688006,66.42579435078378,4.995850190872133
0,120,569.2583490302454,72.21230193646845,4.935372868488827
0,120,610.7987657498792,80.63687964239554,3.9791184034164218
0,120,687.9019636264238,91.69159277904116,1.58333213418247
0,120,772.5386095438354,130.3943258105044,0.6227977099051998
0,120,726.4975966583168,113.47045582925556,1.5443045684368428
0,120,686.9165059080015,102.48744794083575,2.1073440266378753
0,120,675.3309799774868,101.4967951912589,1.92870152706314
0,120,693.0572176330708,103.07863866469438,1.8410789381275094
0,120,685.1846158851591,101.57017979848906,2.1255213631052783
0,120,648.6145511598148,95.51334049656796,2.63699314162578
0,120,630.6310508570659,95.38461593825501,3.1113525112432825
0,120,644.6615426270905,96.05979715406252,2.590954436482278
0,120,723.7383032807775,102.64221947001477,0.2958554565583711
0,120,719.5216196543889,118.35150713995296,0.767092287845486
0,120,660.9869254566299,105.27666037146926,1.2420595115913073
0,120,625.9935577828907,96.06859970025307,2.6518147902341127
0,120,608.4777542660922,89.36574254778449,3.911904725008327
0,120,617.7901561573187,87.63711295358999,5.162710312480144
0,120,616.9216520502763,85.9409152757378,5.753694407046098
0,120,607.7621487686957,81.28410911101663,5.306080619074621
0,120,631.6788093171639,85.41396285151183,4.813510605914175
0,120,680.4822923885791,93.33042738539929,4.373274335171345
0,120,768.5954255851052,107.96695968383341,2.0972769630606507
0,120,683.8376491416217,102.92445322053702,1.1980109042103777
0,120,616.7159242942424,86.76275863278052,2.949113746364276
0,120,556.1747814698635,73.78315631574799,4.195372918027019
0,120,516.5211535953878,66.11531017513137,4.785466048322689
0,120,488.75243642421935,61.685476705910276,4.752933362304304
0,120,493.70931639788205,64.28232926991852,4.932483479687093
0,120,513.227215137255,68.08180012118969,4.76540686208817
0,120,539.0383712326368,72.10371277990895,4.337311020373946
0,120,591.9250531496455,82.1053438413061,3.5359261297208064
0,120,668.1626295785832,94.77744312669059,1.2880982167348094
0,120,713.3246078256525,112.57395989258006,1.5177421757061893
0,120,627.3750576098688,91.2743565979548,2.673431082249394
0,120,574.2301717691448,79.31906183578083,3.0208571870436884
0,120,561.1168951676427,74.90213914333475,3.472800894833327
0,120,559.6741535351082,74.12319833696345,3.323868306626281
0,120,562.9805639075329,75.10553318757918,2.8197324114900226
0,120,584.0907495913759,81.42856779798775,2.4840054169736447
0,120,605.6780448266728,87.12828408157199,2.0992920411298712
0,120,651.7801230283949,92.23673638066991,1.824158943761148
0,120,739.7899511235211,102.57004084542531,-0.04027122286427698
0,120,669.2027989964939,108.04744493651819,0.7790994885720011
0,120,625.0389857012765,92.50300494978508,2.238607211279273
0,120,607.7423819611387,85.98865302783783,2.871691449307974
0,120,598.7681925004065,82.10799249476933,2.659866775742117
0,120,602.1580823368895,82.93695903899827,2.5945932344833125
0,120,605.2214668699731,83.2846821552571,3.28693075986979
0,120,598.532520384115,82.85534106430049,4.006879850865957
0,120,607.240975708729,83.40735425863494,3.904835298228292
0,120,654.6468984220261,90.35561760762108,3.7092561507494253
0,120,728.6154688965831,103.84192423846814,1.9987046730464044
0,120,672.0338058812123,114.51737274091089,2.0630789232660476
0,120,592.5628856720701,91.43491008128971,3.01095665884408
0,120,558.0535106345591,78.04061879884185,3.845990022545678
0,120,561.4941117451918,78.21451135185221,4.8790006431638915
0,120,577.7102476651073,81.33720615980504,5.373069474722925
0,120,594.2308277192737,81.53058603978529,5.4224638677255115
0,120,605.892597050366,81.74361103885666,5.455088148201597
0,120,618.0097677424701,82.99139168538409,4.8322042020522105
0,120,674.6146685226776,89.77903956127342,3.895276167552808
0,120,743.5279956240613,99.39964773340276,1.5871208140233648
0,120,631.8761832438134,99.63824069154363,1.0957914894262188
0,120,540.4278719102928,77.74216063699907,2.0042336475834333
0,120,481.8945896273593,65.93759679861448,3.2213741084690355
0,120,461.2413937087067,61.468084246341036,3.7529633606062163
0,120,466.8247520564055,61.09058350263602,3.9423140849620353
0,120,483.95001404948914,64.4297916426256,4.065633532090871
0,120,499.9868073716726,67.59962121135811,4.023175337566229
0,120,526.1336462168197,70.03225726064612,3.1792989453129223
0,120,580.9656526144605,78.56455063103314,2.279833044009507
0,120,677.7801227316887,91.33994176605069,0.33410863279806335
0,120,691.5710007898672,112.8327615131021,2.019046969422888
0,120,633.8106242143323,99.50135602639077,3.3709728381865602
0,120,593.3780311646651,89.37105676100965,4.069214042709731
0,120,555.891457228211,81.33028584820323,4.417639359769751
0,120,539.0531963383047,73.20718126072067,4.494686952226417
0,120,532.1253420980131,68.36885216684188,4.313513114911814
0,120,539.2171549474172,68.57611211805603,4.315869590505159
0,120,570.175564198768,71.33262213156802,3.9251026536848457
0,120,617.6813798859699,77.21224961050035,3.063265420955034
0,120,692.6659995668354,88.83429304810394,0.7764016154545317
0,120,697.6208204980442,113.41762928124638,1.5232628234743544
0,120,621.6256227808193,96.6608386146312,3.3067484698067773
0,120,566.1952586460837,83.51951627965336,3.9796762969314585
0,120,547.0936982908834,76.53066654291788,3.774138333870809
0,120,557.4805673643236,75.61755171461886,3.548890908868657
0,120,574.4241335682993,75.549870165484,3.086963405190602
0,120,611.6649754953302,79.86885466955248,2.8576941508188725
0,120,647.3187663287022,85.55988111560417,2.6289245025800057
0,120,694.1461569422461,92.25105038023715,1.8839284907895575
0,120,779.2247910298271,105.17240486281024,0.04589418151715563
0,120,684.0895582784066,106.44564075974917,1.558701551832229
0,120,609.4638002823585,88.64271087121894,2.6455280797288907
0,120,563.3166584657889,79.65656227675818,3.3867770455228623
0,120,539.8986391698638,75.55671158102518,3.8482632304502147
0,120,522.4930238392396,71.65698074302142,4.546879139573036
0,120,516.5388025307067,70.29807499512926,4.7863320322863245
0,120,519.5594178105342,68.74550196017891,4.639372888304095
0,120,536.481922951696,70.4773944700228,4.141182306148934
0,120,589.6681073010662,79.75454554859897,3.2196754476172913
0,120,688.3307739248884,94.5526457082901,0.8980140749627452
0,120,781.3584884800962,125.17575715253096,-0.22100374142817714
0,120,718.5499281055154,111.24260014070549,0.09852768761447805
0,120,689.047144209482,107.38918129027795,0.6665382268375311
0,120,646.6631083816055,101.68994401849024,1.5074502893691744
0,120,614.3098449422185,95.53065254643826,1.7006313274102922
0,120,590.9725989402696,89.09839761098533,1.3881943054543058
0,120,573.8966657214022,81.84271012641175,1.0843005483703223
0,120,600.4950819915751,84.27223541673868,0.6589192333113374
0,120,640.8896710005223,87.62014466512662,-0.07135505109735618
0,120,715.6580912237314,95.91034547354157,-1.3852692199188965
0,120,722.7292548188124,116.49747225742388,0.8090342226994949
0,120,658.7350977992932,101.33324365762093,2.347987647301167
0,120,608.451575012036,87.60131668380609,3.344668575291223
0,120,596.3022244278671,81.30632962294325,4.214416238458057
0,120,594.0928718748644,80.99107223562413,4.413192865187256
0,120,594.5243295136269,85.671000581536,4.11238001258927
0,120,607.5473023960806,90.44596486788171,3.8451240385820427
0,120,647.7758737534613,97.10786369402955,3.4868065200913065
0,120,701.5554153082526,107.44206419261613,2.5576057271135397
0,120,774.6299495493391,119.3707878886643,0.6025553347552943
0,120,695.7552692050534,116.88281188829347,1.891455889858051
0,120,635.5316307270613,104.9609521495181,3.4219076834321385
0,120,596.1079096500061,95.63340902994577,3.736867716359086
0,120,579.4496679003524,92.77499911872715,3.3934301338588426
0,120,578.98314771009,91.07092874111298,3.3483656606744177
0,120,585.6489740906804,90.3984581685306,3.364411344308266
0,120,588.8067215979357,85.60419252450072,2.9138831872284214
0,120,609.8620779227214,85.25415324531978,2.3443321957623766
0,120,652.2419956656902,89.42390021531754,1.2879982955082454
0,120,732.1770240439346,100.67702003809066,-0.473562968360298
0,120,718.4099132186523,113.97736301865449,0.3170637368984899
0,120,673.1499245507787,103.70255998283905,1.7855726967662093
0,120,629.8754999360643,92.22937650530187,2.422445614635805
0,120,596.9153484408453,83.72446570337831,2.381361336976539
0,120,579.3143005664566,80.02132694210809,1.7897360812067546
0,120,578.4898011381426,78.07278584983783,1.7514412711226583
0,120,562.9237931655905,75.86459782211047,1.7331640134286772
0,120,583.4753900465906,80.3155810710071,1.4871413000682168
0,120,643.2580992905325,89.86143522571146,0.9300721351549157
0,120,740.109867491068,104.58993778908156,-0.28467021629293754
0,120,702.1926595328331,110.35070271727679,-0.12231487664958252
0,120,629.7564872822306,93.866114730621,0.8865397874446046
0,120,614.9978592707332,88.77963498440211,1.3647294707474202
0,120,615.5866865827556,87.83340635237981,1.6970091829470135
0,120,600.4992589062673,85.70151081525925,1.816156918866426
0,120,609.6519379328579,87.19910456683243,1.2597788757702517
0,120,621.8584710674598,88.24238662426694,0.6424488844645566
0,120,677.0485155329364,96.37641831614356,-0.052053600831015956
0,120,741.3381157296939,108.7249366798149,-0.5386866277792421
0,120,829.2238129797438,120.84816170699052,-0.9212100634072868
0,120,650.2864936323574,108.49613810405508,0.598383623545871
0,120,583.1080568728203,87.99049404448091,1.6661668310114806
0,120,557.2726040764827,77.980184416417,2.5757830635809427
0,120,546.1363023796181,73.20797585675963,3.4337816558565635
0,120,549.7108589093211,72.42503952846188,3.5350767992949415
0,120,571.1859657457743,76.52407872185722,3.218767829809252
0,120,596.9940038625831,80.72010371546995,3.465007039160625
0,120,620.6341055946042,86.4960166873017,3.312993546467581
0,120,656.00492516503,92.19705166218466,2.486478467331338
0,120,747.6071940443157,105.36421245701126,0.7547436895948323
0,120,712.645829773288,117.88644867527306,0.3946692228701778
0,120,633.9834661208886,97.63423566866676,1.4222174831024148
0,120,599.1685880130076,87.04716766040237,2.193509431019322
0,120,571.006299584228,80.66263920618367,3.1554760595441422
0,120,569.3982462575399,80.51918362626884,3.3955950937679233
0,120,594.9263722601911,83.58226118956739,3.43083397967267
0,120,648.1226753324775,93.8141334975469,2.705938787961145
0,120,663.7710450031844,98.39704786607687,2.0978098762690394
0,120,705.4037656545358,106.45415026342891,1.5719161340465178
0,120,772.282464662574,116.05761544867497,0.2371267556401051
0,120,663.1196228005643,99.8894119359184,2.0043002617344854
0,120,597.2495016162162,84.24915831901119,3.4957911037139837
0,120,550.217795161464,76.21379178635632,4.4812808543278635
0,120,530.0316489011335,73.1591504661098,4.679624489075252
0,120,517.5612053537297,68.98836094102546,4.477492174486983
0,120,524.3482210901766,67.61066665984306,4.3980631261303245
0,120,542.83801051744,71.23447543217311,4.277624741034359
0,120,603.7746071525308,81.9149676470618,3.62598846193859
0,120,675.0465967997151,95.573819962456,3.3535948715317403
0,120,765.6162264734927,110.19606643848739,2.2919734730381265
0,120,671.9097926957049,112.54429497379189,1.2708451516132158
0,120,605.7331683346521,92.35987058954558,2.3753827169199297
0,120,549.9414716641546,78.73898982103486,3.2119815131711675
0,120,506.933781291893,67.46178979347796,3.22806883064942
0,120,510.9706810971665,65.20623031678909,3.2555221876503566
0,120,526.6747037439123,68.21398483530355,3.0636651058613324
0,120,560.4264099881835,74.64585092588635,2.8972546297728883
0,120,615.4531429721761,83.83539356459153,2.629965348690149
0,120,672.3681355459364,93.5060218391456,2.0029763054823917
0,120,753.0841881418261,105.23942143086285,0.4323645055948475
0,120,688.980195914839,116.56848998283584,-0.09755106599725138
0,120,642.5460235801999,107.42013108776743,1.4694302626581504
0,120,619.0209340766735,97.91329103503314,1.835250199910746
0,120,614.4473301483526,93.70096836947219,2.11891823538258
0,120,615.6828732802436,89.88707080997578,1.9019559454171002
0,120,638.3031606997549,95.21985842197633,1.5490008660857768
0,120,671.4771584612546,104.9492642616825,1.6249992856634208
0,120,677.1395252093976,107.50355803642626,2.097385211056107
0,120,690.7675035945826,109.88283780701245,1.6960599312945703
0,120,770.9843854698698,117.81028016419006,-0.22393476407431478
0,120,725.1746912965973,115.0714710454185,0.2593842088592311
0,120,683.6626893628271,100.80381727835164,1.782958091337548
0,120,648.208272668774,93.53559659100736,2.5006173208914078
0,120,616.1801614477455,90.11854058093044,2.226749892392604
0,120,599.1921199267662,89.23898475555382,2.0243427944312486
0,120,615.1174602224108,93.68309277631185,1.4814790972290695
0,120,634.9869845831205,97.969307238064,0.9308465246608506
0,120,658.4313007926708,103.40921315863703,0.71170262124852
0,120,718.5597526795096,113.2365966347511,0.40387030248378153
0,120,786.4797977011465,119.83085335979436,-0.21715677420512236
0,120,687.924554263632,110.15667476251298,1.132437599271853
0,120,609.1145866821821,90.82123398015814,2.5707703487145324
0,120,573.7109989218475,81.45132931147282,3.352678926954823
0,120,555.5654813928712,76.69332767815759,3.671102895736297
0,120,531.5198659570065,69.92622095519053,3.9186161007264815
0,120,538.5141390238815,66.94803555310494,3.28979516836489
0,120,562.0504650162275,70.41413110028192,2.768489475795832
0,120,585.6023220716542,77.09451978177626,2.1057286334749534
0,120,639.1102465118877,88.31820010307722,0.9160665098969218
0,120,723.3728526601077,104.92475012856538,-0.40491708570465335
0,120,681.899972532961,111.20027803962282,1.6142827341134591
0,120,616.1303326203617,96.5107895782228,2.7523855047798236
0,120,570.8803450158356,84.43489091654548,2.8436219114098407
0,120,566.4365784216774,82.8299590745167,3.39121521333648
0,120,562.772012321848,83.94911660052338,4.198803546806019
0,120,583.4870971736856,87.00973147964443,4.4606138139650255
0,120,611.4735433769046,90.75471333020077,3.96504616400739
0,120,629.8887366375535,94.09911733932461,3.888131799852829
0,120,657.132692131907,99.43670634015636,3.361363746897794
0,120,733.5954101457291,107.553690847509,1.3280500538262459
0,120,686.7053069820188,114.42690150112645,0.6565544309491145
0,120,624.9479760248154,97.32560555043861,2.344565345291045
0,120,601.4247102446054,85.99238368441796,3.14575872025992
0,120,569.1068035056406,77.47185146249426,3.52443518866491
0,120,554.5764350576007,75.93269075784707,3.5653279506399116
0,120,563.2288255976853,79.47815574199453,3.2524496099332367
0,120,570.7779223612016,79.79952193857777,3.043372770098131
0,120,600.1378087109365,87.37060769629299,2.9892820794466246
0,120,650.8061371179299,98.08954483442882,2.213069011120993
0,120,732.5048824323752,111.54072581200712,0.3518113434392518
0,120,777.340943673889,132.65886816723665,1.0642496889046669
0,120,730.3734205139132,118.29223365670562,1.8495888959239721
0,120,726.6423179279316,112.45601028197284,2.525372804774875
0,120,730.5428502929744,107.68234778062715,3.4576628290075178
0,120,740.0969249385009,106.93498794023019,3.584662707981778
0,120,741.526959337606,107.99972409071685,4.079880633646411
0,120,755.19011793386,113.14110985968522,4.16449725901596
0,120,759.8965595153477,116.38218257114569,3.8514440561627907
0,120,788.4290637773331,119.78315505572463,2.646427370768052
0,120,823.2384707152652,123.48286183835845,0.7979096594743709
0,120,626.4824921210082,100.29067730016477,-0.06340298681593026
0,120,562.8957901882178,82.03765665673833,0.7620212855969015
0,120,544.7276231922489,72.96473930190876,1.1428044265288122
0,120,545.17967125555,69.89997674417296,1.7207904348713896
0,120,556.9744547291624,71.08954900427125,1.9186344634859154
0,120,560.139085321192,70.83834958273198,2.226649971166026
0,120,570.7863350203703,72.96015205952776,2.1867064608434816
0,120,611.0053171228946,79.87691897403307,1.7260196457287122
0,120,669.775977585867,88.44454087327327,1.1928982681174034
0,120,755.2112378264583,103.69823197037148,-0.8624230751068467
0,120,776.8177115714684,125.29121590179616,-0.8355276116209467
0,120,740.6534546988898,116.12645789698733,0.12599769815317075
0,120,723.4408010610855,112.21391208456787,0.7416540089137698
0,120,696.8449144716416,105.07297328471401,0.7789329531943849
0,120,686.9693350543894,101.6906428121699,0.8778216604261218
0,120,670.5204096776176,96.96412634246968,1.2878900475127892
0,120,671.6584130269795,97.67447265957625,1.7652720342341297
0,120,703.9193725346487,105.68980522826988,2.3476629033147987
0,120,736.9601796642751,112.46988471777385,2.035592259189599
0,120,797.7648210929649,120.03198196001279,0.2953058898122265
0,120,629.2480214556936,101.54583472835895,0.44189032919480553
0,120,575.5559597902995,85.30639370830731,1.5172425695733267
0,120,548.47290375627,75.73719195509622,2.016840375669389
0,120,526.6634672550927,69.11427341832108,2.468201209637357
0,120,525.0336469081778,67.64256884549273,2.822405304300844
0,120,538.9773059164335,71.26299072264958,3.206935491229231
0,120,573.6076349906632,77.0627359402175,2.8585767883202635
0,120,589.8121814430527,79.15792790285717,2.286902470789542
0,120,642.0483824339916,87.47192150897797,1.5407906719690203
0,120,721.2102697857001,99.78059172660997,0.09211607557604395
0,120,662.7432298399968,106.4284977728659,1.1094057565467779
0,120,601.4264751381372,90.02206196967408,2.400179834647787
0,120,557.5620466157125,77.1249905674692,3.0170185465895116
0,120,521.8611919548234,68.17384928218627,3.4243640802520616
0,120,511.89625009507336,65.5051449486968,3.2898118219026458
0,120,523.0725560453275,66.80468141098231,3.122918393219109
0,120,545.2517377414355,69.82590461412894,2.835944630501487
0,120,568.2587721635681,72.20697645237749,2.637992353891505
0,120,621.5482616143382,79.97024737829807,1.8429274808190996
0,120,707.9630965949121,94.82981884006773,0.22942449442510338
0,120,711.6229563119898,119.43485148987705,0.7852113369307148
0,120,644.9248059122639,100.91971559138308,1.885094238432913
0,120,629.1704837998592,94.66205200262019,2.6739223616133785
0,120,625.2704220730915,93.17217315868777,3.0677868564574595
0,120,608.7211330841398,90.61350065258033,3.663800319427594
0,120,607.5674221823441,90.01615603599437,3.510362949255878
0,120,589.9331943095559,85.24889538642363,3.0334805686674002
0,120,582.568705409475,82.25679046507382,2.474512900449213
0,120,614.1180598450867,88.11140789279379,1.961184252468243
0,120,698.000390266969,102.06408040875365,-0.20384227076426953
0,120,701.2480885145663,114.27243428532405,-1.1746852349163248
0,120,627.60978844961,93.03155220152189,-0.30701926396976376
0,120,589.7992977202699,83.3307969026818,-0.1529074255186913
0,120,591.3511686028597,83.6458457789836,-0.14361475144740155
0,120,609.4565642188777,83.27750261374189,-0.7347903616976197
0,120,634.4782834374457,88.49735615041665,-0.26226288123393715
0,120,663.4288321473512,95.60185060570304,0.6441558720851788
0,120,668.2814657430637,95.34977769206418,1.2174705630854703
0,120,713.6295814279629,104.50010898864777,0.7779420676975377
0,120,756.1919303323444,111.61483175464855,-1.090917939972627
0,120,748.2783242247086,119.0927694419516,-0.5095179563888053
0,120,717.3907460337709,110.78209510580918,1.0216832463845833
0,120,669.2097997408371,103.0534820922266,2.1234646511916537
0,120,634.7296042763867,96.12143751912807,2.6198399977307503
0,120,590.625444382547,85.65520446311594,2.794935293762151
0,120,579.7456993754346,82.35661088804018,3.0707428594102453
0,120,590.7567524613196,86.086388340631,2.8925416785861984
0,120,608.4825783084127,89.44344389661643,2.422195811569381
0,120,648.1590321392343,95.43376818401306,2.0477326882182183
0,120,724.3890783557692,102.82197850867455,0.37115442755001027
0,120,753.9687527800087,128.68849154239237,-1.483766569013227
0,120,679.9982997523509,110.58408853541762,-0.45273771938870766
0,120,633.3363973223137,95.85626785942848,0.10530567748368469
0,120,623.3572774845242,88.04955338127803,0.938232368658376
0,120,605.5077914306299,80.29570489916708,1.6757509419936127
0,120,589.4692038000223,77.34269297584795,1.8932544719363733
0,120,602.5328280634939,78.44945818490648,1.7332056472730812
0,120,624.8382584769164,82.45280772765152,1.3314473755297342
0,120,668.8865889053639,92.29448266160121,0.5116519988805095
0,120,771.8232393655766,112.0921078378567,-0.691557777667029
0,120,664.5767189004916,103.99567011885925,0.04433707573639367
0,120,602.0686022348227,88.77213985864445,1.2104594236875954
0,120,547.6945268789226,76.04015846325937,1.7394507239338992
0,120,513.1249101421898,67.35191012278425,2.0043502223477674
0,120,507.93888815830366,64.61364764100404,1.9839080047447197
0,120,518.5135419035369,66.17959919366015,1.9417912077442026
0,120,540.4911727583033,72.5554885292424,2.0979680848777775
0,120,566.9786360551047,76.43538827886933,2.2759610964798043
0,120,614.5954635454625,83.58424486194836,1.4205271490195486
0,120,702.604585683176,95.97621241328247,-0.10925850304404605
0,120,673.4530744297728,104.3296709560054,-0.06700847774143881
0,120,625.6911726910938,92.47704251041253,1.5275594362169898
0,120,608.9568052004313,89.15696666512011,2.5488209859439905
0,120,588.3221994936479,84.96528095484075,2.981837948066925
0,120,573.1049344829969,79.80085190074229,3.1776752253811082
0,120,561.1704302714434,77.4459172002862,2.5274711505329037
0,120,582.6942481693767,78.83575020393626,1.1685008352958306
0,120,635.9709715569328,83.9885364536623,0.05396282056292989
0,120,694.2621692770756,92.98395533524436,-0.5804537004867427
0,120,777.0517364537969,105.68881339207938,-1.8141061440635298
0,120,662.2938291169936,106.99546740611822,0.6807936551619349
0,120,599.7550033038698,97.219287473338,1.3913917847046378
0,120,556.7073086782189,86.15424458818579,2.0233186018588754
0,120,537.9006032024125,78.73888274780975,2.707420952821977
0,120,531.132354167188,75.25048215721264,2.803370310638684
0,120,547.7684170881244,76.1996299434774,3.0186172862146776
0,120,577.882854252526,80.43944225072693,2.744908066324612
0,120,625.8463656623312,87.43841886038457,2.3227658643603633
0,120,661.4156180955257,93.98222719010268,1.6333427080822531
0,120,738.0107031242396,104.51221389851803,-0.20066977182057144
0,120,665.6060636380736,108.7538013671312,0.9255257193458419
0,120,577.4636332089182,85.79057883225147,2.113330973463377
0,120,526.6240512995472,70.99450742840452,2.896854944866604
0,120,511.1149905582906,65.27388932419235,3.3630207739051343
0,120,531.7218874366233,68.0508446882673,3.102301313469553
0,120,545.3210392274543,73.02821681809986,3.4827763639528513
0,120,579.4229591782366,79.33411971249095,3.2840247175303006
0,120,622.7419179397389,88.04526481684077,2.565083165568751
0,120,669.697439823698,95.36235597829808,1.7842987011273976
0,120,752.8840492153098,107.99958884032725,-0.2836793307960903
0,120,654.9428122375394,100.00604285522691,-0.39335953049770467
0,120,575.861521690454,81.01590195298368,0.9526210252848841
0,120,534.7547393116054,73.3126540228862,1.6811550149974295
0,120,519.5472400451641,67.64434964228928,2.064902485651004
0,120,515.7163033150621,64.33090670152073,2.1803448094183295
0,120,525.0380003122232,64.79037481676335,2.1985970868056626
0,120,548.8077628890537,72.31419056330928,2.15704651008906
0,120,589.2801837027571,81.54710349361662,2.0748696280016645
0,120,643.4942420450993,91.74293720819752,1.4277880914838619
0,120,742.612310029933,108.89026901024943,-0.5833514160573685
0,120,660.5307004786367,104.27587511353734,0.6731496813291074
0,120,574.5365572862806,84.07238605978867,1.8717714082231822
0,120,529.5348313719069,73.43914694977057,2.163199992292178
0,120,508.49288823796354,67.96507339952188,1.7993201921888726
0,120,521.2651285793203,70.18973943305028,1.9090503525037832
0,120,536.8916135702318,71.43555894892833,2.3206924989089828
0,120,555.300159065244,75.674683733364,2.3855080678793286
0,120,587.4379290043872,83.09672356172712,2.381036592990185
0,120,630.636110218524,88.84576115405643,1.9630161416220773
0,120,706.0040647745157,95.85839805306486,0.36301917435318387
0,120,681.5376987206487,115.05156669641399,2.4027777865386923
0,120,587.0234731733153,91.18761601475049,3.4512428902001915
0,120,542.0879895961717,78.75166390962806,4.235158219740825
0,120,513.8479870222047,70.79599930448481,4.63716629455061
0,120,499.89856269507817,66.8448395058312,4.673379412414448
0,120,507.4890167970252,67.84142636625226,4.387704625642257
0,120,534.4388821991816,72.11089232142416,3.9512320544336745
0,120,592.9973436298367,80.8498708288695,3.2708018085471338
0,120,682.3093690025748,96.08860548704982,2.5479050413670734
0,120,776.1611123478215,108.81308612124434,1.2657658225957533
0,120,695.4968299622005,120.12630783590117,1.1382496839508462
0,120,626.2645865996044,104.2858949132344,1.6512535879454617
0,120,604.1292919226561,94.87241144192961,1.849513955004042
0,120,593.4136820140093,87.58264085917388,2.4147683337274515
0,120,594.9194891754167,88.0479641892001,2.377006436851744
0,120,615.4192570163638,94.27497102298435,2.0798656893303047
0,120,631.3984853945155,96.70167296142814,2.4614482000747984
0,120,664.1791472175415,98.37562195018921,2.122182328783964
0,120,714.9085409407382,106.10852916364196,1.4632601269172625
0,120,791.4242645903015,119.42722111372979,0.60707677025772
0,120,635.3670249903205,100.22204899830263,0.36210322977626674
0,120,569.1859295656536,81.99061206288506,1.3493832356995767
0,120,550.2659179251001,70.8998434265421,2.189162857663405
0,120,548.3404779115939,68.44857663608508,2.8285254794284356
0,120,566.7137843657526,70.80700530493947,3.062482704680221
0,120,604.1850625582638,77.95987431624364,3.255705376565743
0,120,649.3349218697474,87.11611154650694,3.348557176358682
0,120,685.7004354347458,94.18379535408734,3.1423447450186757
0,120,726.9338783393996,104.19087024366637,2.554658050929632
0,120,775.2111878191745,112.16101791136388,0.6749316098696596
0,120,691.1208941094512,111.10749627234918,1.4424931653278463
0,120,603.012937933952,90.17606144454572,2.3523009135815727
0,120,549.2362790385962,78.54134955378184,3.1651850720594865
0,120,511.3908434173248,69.98982245090545,3.4391107879404643
0,120,505.65335103450775,68.51839964972213,3.5859533571583455
0,120,525.6679496435386,72.23326011142537,3.7205972099654616
0,120,552.9187882226664,77.31859586476547,3.476980932811628
0,120,599.0331618493274,84.08442334446411,2.8265686887413892
0,120,658.8215187525713,92.06109684346039,1.900198997183196
0,120,750.3631341241444,105.38869277753098,-0.22953035276240996
0,120,745.4567889352782,121.50273978011386,0.6414163651233054
0,120,676.710420762011,106.85378135213415,2.4751124278086536
0,120,619.8344323353055,95.45361617868859,3.583846684631439
0,120,595.5966788236025,89.39654582401857,3.7663694585047693
0,120,574.9563666277326,82.32820830622171,3.3893916509515094
0,120,559.1715706870107,76.50228650283103,2.62268775268808
0,120,543.6055627144584,71.15674027074377,1.9538983296972958
0,120,551.52299275808,74.44509989967224,1.8252830575600854
0,120,581.7676790651351,80.67354376884612,1.1283075219068337
0,120,669.0042484741565,91.92775123016902,-0.8188490935521457
0,120,747.8179223320233,127.42420471289941,2.308985061862174
0,120,670.5852401000224,106.34233200381742,3.6074197673337807
0,120,650.6143520207979,98.08162141577073,4.253968390643195
0,120,652.7515792581308,96.20168608363102,4.708834794310093
0,120,643.3746410934216,96.07925066843501,4.437465396475616
0,120,623.0539511161768,92.94738137572018,3.553687127744155
0,120,638.3500480379188,95.78486692457929,3.2294260939770396
0,120,639.9286864724089,97.5734857019995,2.8212978440396626
0,120,656.7276490663385,99.81899156639389,1.6271975526480134
0,120,741.8778790015298,107.86846358759868,-0.7520434268192133
0,120,705.5869616031459,109.0688558788659,1.7444634388003095
0,120,636.9023058737105,90.13869288898259,3.160880132547973
0,120,592.3349790873189,79.33087933857315,3.7777021909519135
0,120,553.8681244534694,74.01638434176759,4.624917617526549
0,120,531.1414139539851,69.91640966651079,4.831188336248715
0,120,528.8184610873132,70.0953121193697,4.787264630401012
0,120,550.7677359860005,74.0164914149927,4.334180155274666
0,120,591.9590567650266,81.44215482671083,4.395490154546081
0,120,660.3215017653235,96.37757921532106,3.6684882903076357
0,120,770.5941086801848,112.99487037591754,1.3602246887827505
0,120,672.0275110942819,108.26275228591425,1.796297575085049
0,120,581.2420937713387,85.01145769202735,2.6747966723458916
0,120,530.183429744876,71.01110377829646,3.355759831440821
0,120,505.5918739098136,63.23018267653154,3.8552077556970374
0,120,496.31482871900937,59.85047268028615,4.256000122250185
0,120,509.8771530648082,63.15556954492908,4.2358743218646
0,120,532.2731225164166,69.95152404891373,4.250962427077127
0,120,559.5941450283292,76.88873631398202,3.972048976636387
0,120,613.8797992182816,89.62747459341477,3.098928972072713
0,120,697.9019680376741,103.26854148257505,1.4262476392408558
0,120,713.1092908147621,120.67674310902346,-0.604434794864261
0,120,649.0134759278061,105.45428921649267,0.5552426339729806
0,120,623.5850664097065,100.07024170682926,1.3530137069317334
0,120,607.6551962206634,91.27521881918858,1.5764875301622254
0,120,586.6410207449551,81.15022249616683,1.7335803518727317
0,120,587.8194989859816,77.70875942619789,1.7427980850240914
0,120,614.0201082540668,81.43981048662422,2.199612952609158
0,120,663.8484061696655,88.91255230479302,1.9871304643016998
0,120,741.5401960390951,100.9095379995648,1.4376886196834562
0,120,798.4679546760694,108.79226883210994,0.22660171977440768
0,120,750.6025713466373,118.00200886233047,-0.7353482552126422
0,120,691.0586521975599,104.38308358903623,0.846338147286744
0,120,658.3892963266118,95.17259968167284,1.4347326167306846
0,120,641.6596940484853,89.93098773856929,1.3866455264424218
0,120,632.9574158512328,85.54109258231395,1.5347537645302367
0,120,614.860079915677,80.15653224825661,1.9435315024403508
0,120,594.635694295489,78.26929903051077,1.9363121938204415
0,120,608.8717961619786,79.92274631437985,1.5877036878450497
0,120,638.5700126017765,84.14375881747335,1.421567995129692
0,120,720.2687579162218,95.3533618273889,0.0891850529299063
0,120,796.9874443219524,132.8473508560264,0.28990181680839555
0,120,759.5729368713837,122.18894390267472,1.0216665928468132
0,120,758.766145208173,118.36661010012627,1.8145748327790159
0,120,744.9396163006503,112.1544357257361,1.783674193461323
0,120,720.3674154646544,106.87032698312998,1.8839534710962056
0,120,696.313681518543,101.51269838290408,1.8697896372294736
0,120,671.9132636529843,98.22598993581545,1.846291495447062
0,120,657.4587856268156,97.37658367645643,1.4846932300171716
0,120,688.3147133937482,102.37344313325887,0.4182506323414117
0,120,730.41660157566,105.24024420406631,-0.9528934189998068
0,120,617.2365678861496,98.4631965774628,1.0726097648612836
0,120,548.8995961824962,83.05717409363149,2.370827974341978
0,120,521.6601705815414,73.89952236971017,2.394584245959706
0,120,507.74975040146956,70.15879527099369,2.218664599809074
0,120,512.8785310051383,70.88413747504845,2.140859271384244
0,120,526.9201416044136,73.44092211113423,2.0385232818357366
0,120,565.6046664405294,80.79618205962655,1.8253913055555415
0,120,612.7475023580063,86.75870675652507,2.164016015642531
0,120,682.2194182622328,96.99169488021887,1.657598585832858
0,120,761.4364291219206,110.04259105887549,0.07569568734255938
0,120,746.1396262427659,121.10856379045629,-0.28718490049502066
0,120,700.2973991987222,108.00184301348743,0.8856404964054576
0,120,678.9973698006324,100.4050765880447,1.4781983502899294
0,120,688.0733347883702,101.00990505952251,2.2801411344581055
0,120,688.7334637990809,103.06006427785438,3.038984562897795
0,120,699.4044807311553,106.43879934420798,2.963410808533098
0,120,709.8058807613415,108.71320370851609,2.8792188483764676
0,120,724.3971380362316,112.02935165707687,2.7596048133997186
0,120,749.7753069184566,116.83894567859608,2.13145002254862
0,120,818.9534857091926,124.83402450144534,0.6539981129026131
0,120,634.020058246783,107.16303136798135,-0.26702579303392326
0,120,577.2698478991167,91.1185425136892,0.9236605231164816
0,120,556.7773161216504,83.8247031483793,1.6896233389495023
0,120,535.6640712890188,77.26657518366106,1.6650260636747731
0,120,536.5764035854364,77.1263148942008,1.6598801205062728
0,120,549.4900118986975,79.26626346493616,1.4268721469069305
0,120,571.9209262422372,81.71308389883471,1.0966075127765578
0,120,620.5002090053183,90.89365492836231,0.9377910499076734
0,120,692.4141492598349,102.5075213528273,0.8729671541684496
0,120,789.7531457347404,117.05319356660685,-0.1874302092996487
0,120,691.2691451661299,107.30153903780955,1.5372601219634419
0,120,624.2556082922555,90.58995581392209,3.0485603471110494
0,120,568.3627243925963,77.39887824186583,4.325969961157924
0,120,539.7800383245209,69.44616096812953,4.69708572341888
0,120,523.9310590890226,67.69840471467077,4.598371878333651
0,120,523.5261336830229,67.44054421144313,4.177961644296673
0,120,549.9217048565974,72.44784048997727,4.1285339442185744
0,120,586.5691895782072,80.90148012337217,3.7025281214935006
0,120,632.4525974713282,93.06421517061311,2.580687530451897
0,120,732.1321957482246,110.67335379256136,0.5130259157458852
0,120,720.5634363062628,117.5661870235383,1.1788676625527756
0,120,673.2349335892313,101.50358025247108,2.3333575143770986
0,120,637.6673872197842,92.6832260939427,3.452400311074669
0,120,612.9066369247982,86.2399031682732,4.1285672512941005
0,120,579.9456618125976,81.00764604378448,4.6334525556296455
0,120,547.8090096393578,74.37956545047247,4.6475914091897295
0,120,539.7942751323448,71.53066814998988,4.366696187755295
0,120,555.8167434020278,71.66397995068384,4.043684169320343
0,120,607.3411040017716,78.14028142968698,3.134734078261374
0,120,698.0839285608118,88.54156048608807,0.9276074115661146
0,120,792.726697187051,129.30046574278802,0.5502798797198523
0,120,708.4393236996001,107.23675410118554,1.2673812157586752
0,120,640.5818147387765,88.16957119575973,1.4846765764794156
0,120,586.9314633905195,78.96053559465176,2.125254906501084
0,120,551.7136600893084,73.7821532086917,2.669525827644165
0,120,549.3724699894736,75.88207329953488,2.330493105882013
0,120,549.2225128690475,76.73087093214063,2.300924749585292
0,120,581.4951206740271,83.41682742134066,1.8239008139258317
0,120,638.0614291156706,94.1058854942381,1.4885235437024704
0,120,733.8832054509959,108.77750399791066,0.08662040811454119
0,120,727.8233258496871,124.14051685784544,-1.0806843410177862
0,120,674.5058922513288,108.88545635055242,-0.22518377940647838
0,120,624.4988106209497,95.34859425115508,0.5677994014456544
0,120,603.7217780061429,83.9528303508048,1.3972371764591571
0,120,586.074960559494,75.81486512676365,1.8865347694493408
0,120,582.9753957090066,76.32919418129252,1.8587983023064538
0,120,564.4792526650284,75.18285132697389,1.881830145031529
0,120,567.7357753802851,77.0085963363425,1.6304449925116415
0,120,612.7958016109956,83.97847720593492,1.1731138652559423
0,120,729.8828389418325,102.70543775629244,-0.43018882925873925
0,120,708.8964311243593,118.57426453164346,0.3809300542163925
0,120,639.023884388394,102.07455104308276,1.4542921968323412
0,120,610.4943804454127,91.15268196620036,1.9760725152276137
0,120,584.9340745506967,83.0308340802546,2.8067926126488203
0,120,585.2374597488284,78.88766381181554,3.4178442202181714
0,120,596.957764715395,78.60318715899889,3.757534756721938
0,120,592.121073991254,77.54074462970273,3.4424831293373046
0,120,609.4343853901604,80.93944039938987,2.5112256244459132
0,120,644.0570665924186,87.66225261975907,2.046691842108075
0,120,736.1096774712579,104.62595947618148,0.44482967860982114
0,120,678.1665167556035,105.6255500223385,2.6904843049178595
0,120,606.1537424633012,87.71274046311454,4.107866903855722
0,120,571.1714347890285,78.88460377175059,4.720767054116678
0,120,547.8932538906133,71.8298251055123,4.904930201459592
0,120,516.9020764493537,65.88089307276977,5.3956100380840155
0,120,509.3562741537635,63.85672447097494,5.667162624833878
0,120,525.8206717638315,66.23296110779486,5.5254909790911455
0,120,563.6311036633871,73.41582752842835,4.788355437124437
0,120,625.6994088609092,82.11779814801618,3.6668978774513477
0,120,716.481943524417,96.06027053042617,1.028686059013566
0,120,652.2764699193464,101.17132639952409,0.12520665510946571
0,120,608.6082387278832,89.33035202916943,1.4307357676677555
0,120,592.143488139109,84.29252861061335,2.6459943787862272
0,120,592.956868738172,82.97964744321946,3.358207901491866
0,120,614.4631553603552,85.89721812902741,3.372280140900898
0,120,625.0585171896961,85.71039225751042,2.770279731105262
0,120,650.3271450133752,90.91567256470452,2.565807594461404
0,120,671.9467966300901,97.86385701763007,2.6208059029209494
0,120,697.6071719880642,105.52962368350639,2.218589658889144
0,120,743.8170851845847,110.96364621213131,0.6402422907110719
0,120,700.1955060121479,115.86048800581588,1.5610163935811698
0,120,663.9185901024504,103.45996586733882,2.7628355997255767
0,120,622.4433567839277,93.36479789065936,3.6577967190643363
0,120,584.9244852958401,89.27848350475334,3.9346534575914376
0,120,557.3906754537661,85.13616418668225,4.530075719971009
0,120,547.7502975145303,81.2906912966444,5.151111123428791
0,120,560.2489205286599,80.13312265998799,4.963250890702682
0,120,594.5226234498793,84.09316953632568,4.553432306682453
0,120,653.9680615398773,92.822860850351,3.4336900613988774
0,120,726.0917888055511,101.8326557212622,1.3477511889988847
0,120,687.3262553563217,112.23066059114811,0.8962071661155449
0,120,620.3057177381041,94.23661626666362,2.4384163573497233
0,120,563.5408587741232,78.26210821812974,3.6754161620167025
0,120,547.978557077988,72.88425968465688,4.694063106315056
0,120,547.5018593350248,71.84913773406228,5.00477648711265
0,120,572.1657169751102,73.87197073825968,5.014244023330434
0,120,605.5470308968222,77.83157805083113,5.102266297172363
0,120,649.7230219574097,86.24280541621695,4.7965323241656534
0,120,679.4293569074543,92.45119277969799,4.019011953125684
0,120,743.5091700930545,101.68193043290574,1.5393001803393105
0,120,793.3628236457281,142.43591595668354,-0.8553869554023379
0,120,726.3391092191531,131.155751691421,0.6135799767538401
0,120,683.0769211995932,120.56344836599204,1.1595495587486653
0,120,628.0758968313818,102.96490435789673,1.614973855930586
0,120,610.3601308774204,95.72865911682982,1.6665165553044972
0,120,618.8202068523134,91.4866658970478,2.140251417255925
0,120,633.1744977556551,88.40161578087024,1.8174392412741156
0,120,671.9853301388697,94.06936225361002,1.6254489311829872
0,120,709.2347023846379,99.1128830948285,1.1971865540911608
0,120,769.0985967310468,106.06795404675844,-0.14215756689320358
0,120,688.4574932804779,111.34629210607447,0.1679729400827057
0,120,660.7876101470953,97.49756514996412,1.0497278039760687
0,120,624.4457461554243,88.43178788861947,2.0875929308519545
0,120,603.9929833122098,85.22806119099052,2.611088563636727
0,120,590.2359323800592,82.75569533975406,2.5947181360165246
0,120,592.9747529926285,85.1251074673315,2.5414767757908834
0,120,590.1802794040203,82.0313506073227,2.1033388508060824
0,120,616.5709088757056,84.32887151738859,1.5044776328786185
0,120,664.3629314639956,93.357116795616,0.9428620521562578
0,120,754.2893162751841,108.43340446500683,0.09527192098198611
