event,charge_mode,duration_minutes,km_driven,charge
1,240,789.8912878762334,4.025559875447561,24.475465276957195
0,0,125.87615903673769,5.063204111293144,4.0060913597534125
0,0,77.67190034256349,6.3183247375306815,0.2582742019207842
0,0,112.76073625496534,88.30360875943623,-21.31879037507312
0,0,65.16887410650939,10.273110750646724,-0.9358354889420752
0,0,64.59354647168854,4.956299697697922,0.15822785925304572
0,0,53.218367355818785,5.2063058575686325,-0.6101749739268456
0,0,54.3826145594562,5.31332713864284,-0.8068013869062582
0,0,74.03113814937521,4.467328872978767,-0.5897419324619619
0,0,126.16059207751027,8.76547334425634,-2.0395209132963714
0,0,136.76286739708192,8.545631628285852,-0.19328703173519557
0,0,86.43717306994367,4.30140502881868,0.8148011373352375
0,0,58.462473305902854,4.480029073996204,-1.3236247087786381
0,0,77.4236916763391,10.001332044073344,-7.373580390177054
0,0,72.93317287907632,4.252641509179891,-0.5561518511089076
1,360,150.9705534117888,1.463228215601814,28.459512066227802
1,120,297.7295797590658,1.672646390266138,16.921242504151337
0,0,84.31233095143689,39.66160242034075,-13.061067548583935
0,0,76.45209511681351,7.595542341812165,-1.0309202009050011
1,120,621.2436591190849,4.55777211861701,17.180187844215524
1,240,771.5296846456937,3.929318378438819,26.420350537920854
1,240,671.998547952488,1.9687619596930483,37.946097134320624
0,0,91.32461828329714,13.072391900973551,-2.361783847328425
0,0,96.65432847822574,74.0398562409144,-17.547972175219115
0,0,67.42648980877324,5.870195712523431,1.2926500310087476
0,0,70.28967208158235,21.31630508922802,-5.593020745069737
0,0,56.58418478909722,6.0436058437253815,0.042731241632282035
0,0,61.20260266501437,6.339187161819789,-1.0369386219622783
0,0,121.43999663939937,4.009373503995223,1.621988176450543
0,0,223.54167525837562,75.74197376665813,-16.320415069700786
1,240,791.9158172141496,5.144857478589184,21.747551204335537
1,240,801.4088138771607,1.9865553717878786,32.7765851992703
0,0,77.38088105187306,8.987452065556843,-0.24630620371830503
0,0,97.14042999755016,84.52269042047075,-18.979674757074633
0,0,91.49571341240242,69.97055769619863,-16.8185966097557
0,0,174.46338945913877,4.637504617735291,8.599874478685024
0,0,78.21753317246211,19.8139073166831,-8.311117235316999
1,240,357.7608558519854,1.9446419108304542,29.614583921470654
1,120,440.65807262787075,2.174300043809908,21.21250881678668
0,0,154.16159716501818,11.361838257905085,-1.916373133523777
0,0,108.49598639636689,10.465012565849797,-1.0452978336502667
0,0,91.8814171306985,17.24383893948338,-4.016125736689233
0,0,70.3809330195577,19.434341598873978,-4.737490831280965
0,0,63.44596327386737,12.946940302605334,-2.885360059553051
0,0,59.18896727919975,4.618471914014852,-0.2687048752387682
1,120,434.9219817441639,1.4780153358868426,17.061763917318444
1,120,511.27106043046365,1.765255970910589,20.819012929046806
0,0,145.74735115335451,94.24443303958758,-21.944827695920864
0,0,162.31229115544227,106.73631213541096,-23.436238932690586
0,0,210.6326480914989,21.941563248378518,-2.8678226236539075
0,0,255.00991582544435,113.60326832006982,-30.10582778540082
1,120,684.4474898540187,4.114382769282578,26.23530654720446
1,0,368.35973035404356,5.302377693681242,19.215671742095907
0,0,152.2907280984212,106.06803591457502,-25.179895458689863
0,0,134.25240658071692,110.61759030914848,-24.953245631796975
0,0,106.80226591404927,77.99243530870335,-17.577092033381263
0,0,82.82602066123978,6.801437749075377,1.5959805658764168
0,0,88.767090152545,45.34928903365553,-12.267571228484783
0,0,115.29330238516823,49.01600032087947,-13.520686808677453
1,120,784.3763408193724,5.406351847011871,24.59024327713827
0,0,88.14903124566673,7.632381317562381,-0.35301560955832656
0,0,54.567993122118274,7.423050003862167,-0.4125287582573236
0,0,49.3085098088439,5.241279465912962,-1.0265398048940284
0,0,62.36663448354259,3.4640488650513763,-0.2536667485232158
1,360,190.4095960588747,1.2475658656824076,26.887747775008506
1,360,237.97989135626577,1.4913967750370896,33.79945258141994
0,0,107.74106158865695,81.13674986731523,-28.042043041881463
1,0,341.67866189594207,3.2512719912371453,14.451840487549362
0,0,75.79867337582381,5.3702790526489785,0.7659192995820234
0,0,197.02062660034372,5.3613632823120385,3.099301829918403
0,0,109.49124697775741,9.643461262131426,-0.19072431513048116
0,0,114.47957744264951,79.85438061821687,-18.08481110636717
0,0,102.7949125969909,22.117629745791994,-5.158722181821247
0,0,78.29142160097257,4.61017161565218,1.9238603406318049
0,0,90.27228064797134,3.5619973492145625,1.2408831555933233
0,0,99.04673558263804,70.67996405002472,-17.690089341818435
0,0,108.8114802370963,77.55219777149522,-19.285287959103613
1,120,766.721019370041,3.01564594599106,35.758826438115875
0,0,141.91470916802416,66.62324929007319,-15.202151222434253
0,0,163.06788479059654,11.228756431468764,0.5299644336356835
0,0,98.24820095834636,7.405724738521959,-0.3054758955527461
1,240,414.88064672734555,1.642581554458526,20.875561780807146
1,240,569.7676609401146,1.2602076329603518,24.132568511293286
0,0,151.9865136357783,2.6490191276410067,4.0006383215347086
0,0,183.45051451701352,2.301511422749716,6.061390076742484
0,0,80.46988894363838,29.330562400631973,-10.54352873142723
0,0,101.75352559405864,3.790776719972689,2.6684906748330377
0,0,71.05993457627827,19.05740021024546,-5.793451603318005
0,0,67.81357652619148,5.731157254465168,-0.10867511216518722
1,120,491.08140442582226,3.360310477194762,14.647304431141052
0,0,159.80359876418427,80.43207957935564,-17.53496836993206
0,0,81.68549415975917,17.049024913047216,-2.8973334942464675
0,0,112.43609421512456,91.03761829468537,-21.685961615133124
0,0,111.84137058441824,5.849774135828797,3.842278287218022
0,0,64.96221776227105,8.644100827007914,-1.9086744158060753
1,120,496.64922285896006,3.539029279787679,26.306301723082967
0,0,122.31506099380364,81.26824067162453,-21.982998963451863
0,0,221.7934056631411,18.336142862334157,-1.722932943457053
0,0,89.98771157449822,8.315292595592929,-0.16361235863801937
0,0,146.41561179476156,20.02124556607954,-5.791903405451649
0,0,146.86786384376805,6.369571352678565,1.5282825758975918
0,0,99.08377048536028,4.059644568990343,2.180475457968811
1,240,355.9292435555529,1.35100260910002,24.234844681604727
0,0,75.70425534559007,4.1235846167688495,-1.0137262218704137
0,0,55.99523688013471,5.732579969373431,-1.4119618143410833
0,0,60.1697233738951,6.515319086972466,-1.8667145548615025
0,0,161.6253146816525,7.515795403468682,2.3559977676095087
0,0,118.12476636663456,87.27935510006309,-19.821450544426085
0,0,123.30955072322443,77.7914918311686,-16.445998751235805
0,0,145.68761012570033,12.823002115528686,-0.8726235740094523
0,0,80.17599029411984,8.395201072768367,-0.7192304543493435
0,0,57.13652856555586,5.272954613750026,-0.007608966807325146
0,0,73.00712932393705,15.875159221735279,-5.2930983590887735
0,0,57.02015825827233,5.913560315613736,-0.8238579831950119
1,240,461.48708232505425,1.2388314881120772,25.057629946322407
0,0,90.78049314916285,3.4582375281330373,0.9617161321347396
1,0,326.6582485118538,1.7095563212714517,10.79969984427703
0,0,83.48360273565434,3.700513287810799,-0.29581154777946495
0,0,90.13643499239372,8.59919303172406,-2.871056402132453
1,240,786.9972375164599,3.032545705413573,25.372310409575533
0,0,463.0858293102776,154.59626476887874,-36.92322462075839
0,0,139.18129075547265,54.704199526688946,-13.348567363971696
0,0,131.5340084455168,102.74992362180964,-22.054057546751523
0,0,123.750330681152,104.7353531852575,-24.378742692487116
0,0,65.72736202660911,8.731077304920124,-1.6261467990266567
1,120,392.6587528650906,2.0895451760628854,17.63746102972658
1,0,275.0620427698389,2.6217632851675736,10.891334135739157
0,0,97.65298987712978,31.636346029138565,-9.735258482200635
0,0,145.56980580703194,91.89602301337916,-19.40381756503595
0,0,300.78104262548186,112.02856973712818,-20.920755572769423
0,0,97.71922646623482,13.98264607246744,-2.5025271864695355
0,0,74.28182941238445,11.477933238341889,-1.6175233897505592
0,0,75.51017069009339,8.852263014692488,-0.5982755145581109
0,0,110.23712561088138,87.70650347962489,-19.14297000233732
0,0,108.51479291721667,90.67783612030723,-18.78563219650701
0,0,99.55410354748034,79.12171989220164,-17.281444364376
0,0,65.51894292529293,10.145478829272886,-0.9196507446940956
0,0,58.82379316262698,5.941684767728275,-1.172133811752957
1,240,467.30728676192894,1.4721904621948763,25.141391149658673
0,0,162.3414701697083,6.134063528588828,1.755619316519585
0,0,245.09390280798462,106.00104512924663,-27.81354911582352
0,0,307.41769265888604,4.969059460519321,11.729548539602817
0,0,224.2892202920812,2.857275395902293,9.616020674192995
0,0,73.50181790748312,10.732884559554245,-2.139244934906614
0,0,102.04165418986258,72.4757055119834,-18.057265865830203
0,0,66.70904767809151,14.423570375324283,-3.299252001095468
0,0,85.63229025296009,48.94772444450803,-15.095457668449512
0,0,230.00758158048427,3.3799794092756996,13.427525302616843
1,240,455.6825669929753,1.7176356318046522,35.989249006567064
0,0,130.24418038716342,7.622675450871375,1.214558507913452
1,120,711.6786065367572,3.567041151068215,19.599867874734088
0,0,85.15589806763677,5.052047102469256,2.402369728275616
0,0,277.7955518708574,2.05567255864027,11.260862018285152
0,0,90.1905193269171,44.72238480283191,-12.32142526484634
0,0,58.583797470697746,6.4497798950027505,-0.08965816977260488
0,0,98.55310692055035,4.689516511818923,-0.1263974863760069
0,0,70.16941350627503,8.035457703807962,-2.540967935540408
0,0,171.53206613941705,108.74380483496867,-31.60796016029628
0,0,204.81169547477128,7.059895819173388,5.201606581785057
0,0,170.2952341539827,22.54549647680763,-6.073427071396225
0,0,242.27779918562103,97.86489548848695,-26.721107940819437
1,240,766.8054503328433,3.465846774202019,29.827189004579296
1,120,577.127846235579,4.165498528952061,25.043564066731108
0,0,108.25230648546467,70.17072867518502,-16.55391289807764
0,0,94.43310152335657,65.91831909605995,-16.624237012082347
1,0,343.28332630363894,2.9488875419432823,17.2835102369759
0,0,79.12195791806647,21.390511877351504,-6.041253089115457
0,0,59.55712277912605,5.131403730506476,0.09529599376382691
0,0,70.28307449560612,5.990255162729977,-1.4508199956011651
1,120,455.88103870306446,5.366379559392648,10.929389156331382
0,0,108.75514002695563,12.806143417652843,-2.1403704166319812
0,0,75.83352041927904,17.722437888249047,-4.021858824351341
0,0,60.567760723706876,4.963044169544992,0.3240699692651816
0,0,72.0401295360839,7.583558687345417,-1.7923640696139245
0,0,56.13456270563451,4.964428079035523,-0.5261759927612673
0,0,57.22457573098093,5.121870683292116,-1.0061226152844398
0,0,71.56921833498653,9.30976806034002,-2.717330393511318
0,0,74.88998627226918,7.262317512388274,-1.2375966901363284
0,0,73.45066394405055,8.802536127997199,-1.9447109668250846
0,0,155.66280870395371,20.446269574633376,-6.037654717965324
0,0,88.36274428624563,10.763436155180218,-1.197660582716722
0,0,82.60037641921761,48.650265575911476,-12.167514317913515
0,0,97.38271557327184,3.91785859711146,4.278563616329137
0,0,58.82462636291779,3.704080453274572,-0.2207424450922133
0,0,60.471018801505565,3.4683790533219594,-0.7282343081523379
1,360,170.98574747798654,1.368579771236149,23.404587909095127
1,120,301.4534295921386,1.5362821218380118,11.996060498590637
0,0,61.7859732332547,5.578806733221499,-2.484450787490644
1,0,276.7245664194992,2.799729443146795,7.981239974256283
1,0,477.89398633728865,3.7998301141748443,11.775149043311615
0,0,123.86082324216632,53.009233027226905,-12.93954722595413
0,0,139.92117261371445,101.84030297132152,-26.847933351018604
1,120,511.61023529714555,3.746268936349531,24.964125135936413
0,0,85.74911400257875,4.459163039900797,3.7103697154234965
0,0,130.6190638377373,3.642365625467553,3.4319477291633973
1,240,464.23000035452685,1.5191308040389186,21.184651823095734
1,240,618.2918855500486,1.4088762645837536,34.6935183554113
0,0,125.56362390724503,51.77601490071886,-16.32254978621276
0,0,89.15829752718378,14.065766374798928,-4.082106442345307
0,0,147.32635072488267,9.20171663079275,-0.5456156512948382
1,120,469.63190423723836,5.317135484290078,14.686722711287942
0,0,157.484377252663,18.978385160129445,-4.969155128396309
1,240,664.3871102591247,2.1941830825270556,33.86202513818931
0,0,117.34973139136133,64.13432394380375,-18.68204560615851
0,0,312.87543796516957,3.4023421593085343,13.978778854172504
0,0,62.80142333461716,7.254527550391364,-0.5565851351534121
0,0,56.86755790841142,6.014809065187337,-1.9074168352866394
1,0,407.2910649545358,4.243226683121878,9.026215410579468
1,0,336.7458214368123,2.8082668606608436,10.412396748002607
0,0,149.89870641999377,8.81964029270149,-0.7856919996157927
0,0,112.97799181378748,7.662856204804463,-0.8840950332854476
0,0,74.90113528568435,3.896006634670174,0.3944469227874947
0,0,63.20302587478894,4.105578451715171,-0.11391679231341811
1,240,371.4379689903494,1.358602266621015,27.81107607385958
0,0,181.50582503825638,24.989640371013746,-8.481577519169406
0,0,166.46269419317773,128.1096575788995,-34.60490135294462
0,0,126.92172904521158,102.87580478712765,-26.002796970346317
0,0,295.77984573433025,9.209211491124577,8.213628172763052
0,0,375.2379971357251,3.397287979261767,15.30177469642183
0,0,179.3987805314037,15.991633231833656,-3.184759334309547
0,0,137.82883097457855,45.52862421067429,-10.216251327172742
0,0,138.0150710776774,109.88575261896983,-25.363185177421173
0,0,69.99942364286164,21.537180112252084,-5.090120636091058
0,0,54.341430659367454,4.928656703498739,0.21546362474248326
0,0,52.19499901767901,5.47481949434303,-1.6767300692473412
1,360,160.5912507724327,1.5584559210722944,31.404945297097058
0,0,74.2837565423088,18.54468498213188,-10.753534110268816
0,0,66.94121582171044,6.721497234869019,-1.8685533700747925
0,0,78.01517886237838,10.902076180868042,-3.7569267669404525
1,120,680.7129387818367,3.6306558650538707,21.672434546082414
0,0,135.42110885529706,9.424598706120003,0.8942559199852127
1,240,364.7653156355354,2.296271337678463,31.917076469804513
0,0,102.71523144264908,41.94319854172951,-13.910003090573326
1,120,536.370136597625,3.167265030233049,25.628645477469135
0,0,179.6462920300378,106.2506126976518,-26.915044822351817
0,0,123.31866491416068,97.79904540194958,-21.26981871013996
0,0,108.12512724651734,80.99210492884619,-17.20826691641966
0,0,106.87434057321917,83.7965851026976,-18.486845860154943
0,0,92.1761263083911,7.200452652006883,2.3627717937688004
1,240,411.63173239609443,3.539617903827587,29.801413887882717
1,360,511.08025189583833,4.579508116030887,29.792515713114966
1,120,524.8965491589723,2.3898427060891567,27.754717444362697
0,0,102.57467565481524,58.969914851838396,-15.529444478544022
0,0,75.9038323213711,9.583802895851337,-1.0049654298484825
1,240,542.354668536753,2.1513112179967955,32.556381793527436
0,0,86.30923431508498,44.29417514021771,-12.655122670492048
0,0,57.472483991658294,7.712724776397055,-0.5643578281957815
0,0,58.12448305732149,5.185070269553191,-0.6315855464677611
0,0,85.55518805189936,4.3504072468991035,-0.3289049376668629
0,0,148.01043650378597,16.224830328665156,-5.246515040352165
0,0,98.49283309815236,20.173548708615513,-5.0735237436056195
0,0,75.56046878111837,19.45639390556495,-6.184316083080233
1,120,521.538763323055,1.972965804743107,24.29087570609235
0,0,68.25259372704119,7.640902265335183,-0.6725573084327863
0,0,99.5606897973982,81.48659063514124,-18.305056783724126
0,0,87.34251603627668,50.216845704482836,-12.044477501127929
0,0,97.52661549832732,58.3580382446446,-15.450750584947812
0,0,204.5130356807338,123.91822484780583,-36.37588119350686
1,240,707.8238479015306,4.063441633992892,34.40703305876191
1,240,1069.5795987424165,4.83930858284697,39.116365634831894
0,0,98.34835503411958,11.398281959865374,-2.324236086105387
0,0,165.11168542775607,14.984375442975788,1.6974324397129266
0,0,107.47685207603145,71.18138780402973,-17.064469453159916
0,0,87.8485123380552,39.92686903634767,-9.608406652242664
0,0,113.96208637767528,94.71012693082824,-20.852788101250724
0,0,86.76865642101582,47.513526742402235,-11.641158747061908
0,0,91.50628428684028,6.0174735534630415,2.159487601568884
0,0,64.68710862951471,8.736728456683869,-1.597798397821819
0,0,66.51142050435156,6.3376245669173725,-0.9682261132450805
0,0,301.02519865083593,4.209814767228389,7.795350551257911
0,0,251.23122214193683,6.302812497405,5.052324376596033
1,0,306.2270664474021,2.9783713117429285,10.907439620710704
0,0,68.01618589758873,6.590885869619739,-0.44863928460101477
0,0,78.3725027585241,28.510185186412905,-8.829948458859064
0,0,136.7685467623295,5.301791551383166,5.01447014617078
0,0,108.74901855543129,84.94612791915543,-20.696251030292032
0,0,102.80681545828823,8.52000471090561,1.3570561190396546
0,0,65.69546235833229,4.751223443174658,0.4121692969983144
0,0,90.58403358943589,3.9418850166231296,0.27322250145638804
0,0,193.69290399124594,6.086926226688504,1.558232014486407
0,0,306.3382505079775,4.9991999894528005,9.251618224856443
0,0,77.80804073565896,17.826743241307767,-4.002228943554329
0,0,59.97088324190867,7.413112658342129,-0.8949165664946719
0,0,65.94429450776748,17.74524825426317,-7.951037058522047
1,240,274.1167742058972,1.9152242456086896,29.23073652964878
1,360,341.9374187644876,1.7608893461576582,33.14679999554539
0,0,59.600058100234264,12.234332953042081,-5.278123639794359
0,0,79.41911001633962,4.473254370021365,0.9455736595008517
1,240,489.56074021070935,1.7386440276360433,31.5793685447712
0,0,251.47753201838282,78.29404906435201,-17.741322538105877
0,0,92.55908670055959,13.449366680310348,-3.1654623424735604
0,0,108.62584094509153,3.9533303587252857,3.93158763990472
1,240,475.9630474973445,1.2936562109490823,24.460057273618276
0,0,66.39817894918048,4.234224728659508,-0.1751313734798714
1,120,552.7547765912043,1.2350934208812556,20.66540845131621
1,240,720.865847033186,1.1816545252443786,26.78353767835206
0,0,78.82680096606792,10.435571888112866,-3.4237947441333176
0,0,81.04786921611979,25.56747650479195,-7.526408126998589
0,0,81.0256051974646,11.973266346666026,-2.7663337621550568
0,0,227.60204732046978,77.24524150252151,-16.115508704309832
0,0,107.75519765345483,6.55211925730495,-0.027170156231420606
0,0,71.91602803698629,5.086296493424508,-1.0784440630552865
1,0,177.97034648725753,1.9715254920291279,6.341967915321604
0,0,59.665880923208476,4.437541202611181,-1.7868687597811146
1,240,219.02872240158197,2.015232801105106,18.017821013385316
1,240,297.03445265930196,1.426945037215459,23.043186744359588
0,0,77.58996898063356,5.06276732473076,-2.950252271146084
0,0,70.54074310254728,4.423483714424681,-1.8156821487410326
0,0,73.9541833170734,7.264014572575391,-2.071816426467663
0,0,199.82101844579483,63.24348872530447,-14.211838267092261
0,0,89.11453467381395,7.407818426176365,-0.5087495198491467
0,0,62.92706086962503,4.925141203387645,-0.4138286103908513
0,0,145.79073424876867,2.3126758767990987,3.091640099863028
0,0,65.5044214345102,4.701529044736076,-1.4310315962512874
0,0,63.50322737276589,5.61106982825979,-0.8616382382955976
0,0,92.35615425149857,79.30942260022543,-18.968314260785647
0,0,63.78301262960333,9.412507659915809,-1.0010077499785126
0,0,59.56705316626553,5.755294675520584,-1.2800902302088986
1,240,405.8726066417626,1.8001886305146946,23.359526368466078
1,360,442.4441366417389,3.4513103098419946,34.36243650588794
0,0,244.03783560945234,129.50629163664019,-28.45703932934221
0,0,147.9543003426961,107.53735703198662,-24.839714644231798
0,0,84.99936977354774,7.507613777488147,1.226077522755304
1,0,405.6384943641318,2.3945072526683417,14.766024259336817
0,0,74.5876535953171,9.272280221907252,-1.6942992088570463
0,0,112.58475528469897,88.56947821309537,-20.014446882544775
0,0,90.31147506981469,32.436705062517106,-8.170210093671258
0,0,99.2373627403293,9.079494906612084,0.2639967216793764
0,0,131.07725598133408,72.6629100667377,-16.296008496510638
0,0,334.66143771065805,121.01500203240508,-24.163559040918457
0,0,114.41916758755099,6.728573357669966,0.3173910542376035
0,0,60.264192416391545,6.629421905557071,-2.376055801038447
1,240,119.39467697041711,9.424255774521436,2.401249530502014
1,360,157.91463734841537,1.899875800443902,30.909194374852802
1,240,314.6383310757122,1.4343722136791488,18.461102294629754
1,0,273.1894166141933,1.940554707646487,9.425787842845992
0,0,57.868072752860336,5.392975709764628,-1.9946548788825282
1,120,413.3437039324013,1.5195080287973417,18.032446991863424
1,240,471.273320146198,1.4968615705505615,29.196401411097227
0,0,278.65060808222387,5.388896628644837,5.696195034641605
0,0,376.4986575158709,38.397206396813566,-1.6329208251859484
0,0,113.5195379946407,63.561036165964424,-15.66293295191548
0,0,59.86001659096787,7.228097902335004,0.2797323300275565
0,0,59.867056283220855,4.417852867821376,-0.41325794360052726
0,0,65.87021336626461,5.62941982736361,-1.777891325736931
1,240,438.3326843005916,1.2953778629416222,26.428963379293435
0,0,73.99484575847674,9.078378574013593,-3.602783326130094
0,0,114.39896673152066,44.144573937697814,-14.584171928024034
0,0,96.69289374882908,13.145354208374869,-3.5367233611975877
1,120,676.9217074177626,4.022508686671895,23.667749842665643
0,0,116.17057727095631,23.762919895846963,-6.145922889575232
0,0,105.30841147700133,43.16936671653228,-12.58733485333326
1,240,643.2542035089328,2.3619883126084886,34.93042961662661
0,0,105.69737431208118,35.31208905172686,-10.091296435897434
0,0,74.50521211076014,18.083086416139356,-4.502360261809557
0,0,101.20846523510814,72.57343018815595,-17.036601891565454
0,0,64.3384908262036,7.1527341712921455,0.5469206348409585
0,0,61.73548242923728,6.922031450614427,-0.8853209100943076
0,0,110.26369733172037,6.6962019684426535,-0.41395014128138996
0,0,244.10240579797573,88.64726953887543,-18.195832216845247
0,0,202.51501004730625,94.97892754720354,-20.383615456370933
0,0,127.38428557128405,28.845328627885618,-5.849123319085791
0,0,114.78280566821348,77.42569571949349,-16.349006532686687
0,0,112.29321453532313,75.47803194956357,-15.929529454131497
0,0,112.93072045034954,86.93650291723523,-19.266809979790793
0,0,101.12184641303874,7.271786936766585,2.364441522525695
0,0,180.38336254580176,33.585569235390395,-8.456130007482074
0,0,130.08188203935978,97.2744466914941,-21.76725521299639
0,0,136.59598928169342,76.8438310418837,-17.125504379966458
0,0,235.9445474186565,8.71601629058203,6.206223194547647
0,0,320.30631492068164,5.277294052149255,10.268958593462699
1,120,673.3381979874144,1.9766419412345821,30.907471806578286
0,0,113.67116911151025,48.62328588362005,-14.011312297712266
0,0,57.66048118380577,7.716989762541331,-0.4926704546364107
0,0,58.279566003967275,12.240404647239858,-3.020481274019062
0,0,56.94029572699646,5.162741361454426,-0.9463875406114255
1,240,361.1881317257624,1.305902591630653,24.29116103948752
0,0,74.30593554052614,4.718079104173209,-0.8654532514679829
0,0,117.65519282042585,62.51140556829737,-15.590326170749464
0,0,269.87448107894636,97.27659091643672,-19.041148251877445
1,240,737.236430314376,4.038423420200105,24.216667887542343
1,0,356.3253707795279,2.8760967003412476,15.488097403464707
0,0,117.71817596077628,19.832761334991655,-5.045228181918404
0,0,116.43383455467803,90.26759607345792,-21.642268618010505
0,0,67.76614078990704,7.601831526839559,0.11313461491342025
0,0,69.34181322830113,13.935751981266627,-5.492208229396454
1,120,532.8650726912555,1.9580602376888365,23.55965075751213
0,0,76.84100693963066,5.858784663581131,-0.2715476412869009
0,0,115.67784415748052,39.76224742981056,-11.78291132098964
0,0,301.1730435242071,110.27603043697627,-22.063959672354102
0,0,92.22245111095445,8.899726552837238,-0.8344100348643622
0,0,76.33842845945323,11.201043046046717,-1.82889731209859
0,0,144.6810701662233,93.78557612148043,-24.699578959543345
0,0,74.85958296369829,18.81533201442999,-4.650073133325165
0,0,76.59513916946142,9.777699129035547,-1.8723842351024729
0,0,235.86143143862603,4.28172165751254,6.185573511060497
0,0,67.30307414120753,7.383049289018326,-0.9993855767874749
0,0,72.65052526749834,14.90424225535813,-3.7638540277008588
0,0,111.54050025899697,65.76053446265637,-14.741992999260972
0,0,151.71152353163492,25.06947845696632,-5.925222792366711
0,0,108.20800516932186,29.389656734677576,-6.955165385926094
0,0,90.10929080060663,28.53545202561465,-6.8310295071739375
0,0,91.22739457861475,55.72934480821836,-13.372788998850154
0,0,80.83962582370847,4.640804431919918,2.8118654219517936
0,0,62.353592348378235,6.061575910716052,-0.57424410194308
0,0,73.31974380583834,22.148286025800687,-6.609774595030373
0,0,94.99124936170494,81.48317575838078,-18.840595862738652
0,0,72.7225715865223,6.681152685975036,1.1469503451145755
0,0,268.0779198750198,2.9141738396526033,11.279863108822454
1,240,856.0791772744652,2.914371476547567,30.28642782014593
0,0,242.51739811550704,9.60587415402539,3.241746601526984
1,240,466.600324817218,3.371633311495588,25.859765527552952
0,0,147.07422545048854,14.0000967785766,-5.229188962523523
0,0,69.40947816076184,4.779700753855091,-0.14989521986304055
0,0,53.5994289582089,6.657222377556122,-1.3772462512626475
0,0,56.93553458247753,5.398089902841145,-2.1142571270226114
0,0,160.3209424603996,6.82333122428912,-1.2321119482070344
1,240,560.9180082621948,1.566460779350543,26.844123469258804
0,0,87.85535931731576,7.976832644581448,-1.6183054146113847
0,0,141.77782626310488,7.284059826963176,-0.04752922237163659
0,0,159.35141473152805,60.949875558740686,-15.583520440879596
0,0,80.92616529336922,13.78352464466297,-3.2221855646420465
0,0,63.62629162252186,9.872817525058984,-3.84731932973844
1,240,305.10948979610856,1.7037673200295984,23.258803679972758
1,240,389.556436440789,1.5255146336752592,24.519903311278284
1,240,441.09342261383506,1.5307801001970642,23.440296855104876
0,0,59.8417315288035,8.513055833776763,-2.9167731527800385
0,0,60.42486970784707,5.905938209609809,-1.8491348473482674
1,240,581.5108198470059,1.5197859838824956,24.49069362593619
1,240,1029.3499227037287,2.823259739905012,29.48272818919375
0,0,104.02019313893766,30.32331147551575,-7.500955331359506
0,0,78.27001345472495,28.417956440333175,-7.300767534892302
0,0,62.78811480208091,7.174192664846655,-0.6374137452615969
0,0,121.14980488097055,3.3800141536613437,2.924973693375975
1,120,492.08931604836306,1.6482936217035957,19.015040093680668
0,0,90.28945477641463,4.337207538934807,-0.6288273236478403
0,0,69.83892206031098,5.001008502409451,-0.8697491042507579
1,240,494.3886314413719,1.6145549055334465,27.930905531925447
0,0,137.50100350233345,57.92207110829019,-17.564378845441112
1,0,558.1133767309102,6.3752613098600435,16.15299818952431
0,0,118.19885884419583,28.137662200696443,-9.146842897900598
0,0,177.42456062057082,35.331885229479894,-11.988330229701532
1,360,271.1571107402295,2.692325071378926,35.857044533473854
1,240,589.4349967189127,2.021002625250987,38.58701934728282
0,0,161.22162630673907,76.3485078605269,-21.513393034527553
0,0,189.8138295107976,95.01105482327978,-26.964016487284987
0,0,457.9018498138326,25.99742248423679,2.7146935490427495
0,0,97.68859643649635,36.16963102671478,-9.951477788314719
0,0,73.97909430535994,7.909150581346479,-0.5178696205909006
0,0,133.86325103264463,16.20327798014683,-4.631262265051319
0,0,177.95152863034937,78.31444446995097,-15.527019144685127
0,0,142.7534074471505,101.41432416900116,-20.29487148652278
0,0,171.51142317710998,126.04074763494165,-30.985119630264734
0,0,77.96701761835772,21.304567804041294,-5.400605641644901
0,0,64.04561808996829,8.427794916308962,-0.7047312907135392
0,0,97.54287140604195,80.10917518614545,-18.81576128945575
0,0,63.49193099059181,6.916055416283618,-0.16897028572500972
1,0,292.69428400431195,2.4592662752513195,9.882247299785647
0,0,85.0892647164885,5.693717245965885,-0.6597807130714983
0,0,177.4274399793989,32.98518625145802,-9.529839573488744
1,120,699.8477065380172,4.242536758892657,21.038518853157044
0,0,141.8057016306574,9.199468623918989,0.49312472194880286
1,120,654.7520954567489,1.7542318480811459,23.577119502038357
0,0,190.7147174061879,4.256946654419262,4.703699807221767
0,0,127.82701533125268,29.07079712942732,-9.382322208188327
0,0,125.0677620416568,91.88875286348956,-20.84121624689125
0,0,152.25558631744815,106.34021530964777,-24.964954868902268
0,0,295.180689704798,48.21929080167094,0.579924197548408
0,0,129.50802809212811,80.10988992779299,-17.74795918151935
0,0,269.99890565570774,105.56799110657688,-19.759062925968394
0,0,160.5501348886942,97.36495175506525,-22.16069826121864
0,0,100.51159238235401,14.196591169845737,-2.577120733498191
1,0,357.30655197641244,2.444300469554406,15.509201506803407
0,0,64.07237118774133,5.818267295210503,-0.24800763618577548
1,120,434.00688976762547,1.7727738437575837,20.196573979349196
0,0,100.28888417945186,64.81758086078759,-16.899921911329557
0,0,63.848302657833756,6.960942455181244,0.06063327020302722
0,0,58.97913683861546,6.585920129827339,-1.7967867372389748
0,0,234.07187591877735,4.572344455427148,4.961303023538321
1,120,553.541272321498,4.553841490781337,14.783049151915009
0,0,274.8672892868979,35.58404102900267,-9.436118121080497
1,240,365.9074461892765,8.896865781343934,16.06795826986155
0,0,64.57526707755335,7.513440907309051,-1.221966760823392
0,0,81.77804740838967,4.557587567269888,-0.1072642970446509
0,0,62.77908563158251,9.644354689190848,-2.220025989448942
0,0,86.04729201413515,44.4277415831499,-12.780489710004815
0,0,124.45883432980236,4.317272383639193,4.672978911675656
0,0,84.44572235037559,32.71677910396949,-9.600084428217002
0,0,77.97285002039341,6.4397256820037265,0.13132197687932035
0,0,225.69330448283057,7.811975498183218,1.9157653265319396
1,240,720.4252371161341,4.402637985489715,21.348961587096795
0,0,204.62653229721838,3.7345916641925547,10.336371250046355
0,0,118.68428020001754,82.77141455252409,-20.934847872119533
0,0,199.3678935202932,65.47127346416869,-18.562136888816212
1,240,770.5293001659161,2.454757175955958,35.12073642329828
0,0,261.2181988848454,3.2184690045440054,12.370798357574273
0,0,78.66994392628591,7.062975435173672,-0.49000205899643845
0,0,142.6307853036713,93.43367776406302,-21.271927006893122
0,0,307.7540561830901,119.38902976076831,-26.02252196227505
0,0,679.1158241890198,161.19975563087473,-36.42395458664043
0,0,141.20091158011107,56.448472370412254,-12.846354168722115
0,0,163.41645724967412,119.76725082573041,-30.84023895689372
0,0,108.03785093306199,5.832811204796021,3.0408296197165754
0,0,54.89907971114719,5.235664863438011,-0.9656845324474119
0,0,127.95299294801191,3.906281948305116,1.6240753373966612
1,240,305.20471268648714,2.2782942766880843,21.70304976259328
1,240,419.19320074412576,4.945453583441682,20.625937331651684
0,0,145.56800337374978,88.9597199330388,-25.520335186784294
0,0,168.64726600328032,20.841561413591496,-4.741437943247419
0,0,331.9933603385997,109.10074248198187,-22.495991420296562
0,0,147.57137962673193,7.010495619948312,2.0362658464716077
0,0,81.81348392688056,25.867391846576133,-7.602322661967818
0,0,61.12926970336446,8.186458608720956,-2.065449264594065
1,240,424.47262985211694,1.4280899098450153,24.400073853212433
1,0,265.18915211845064,1.9150013400696213,10.091005666011327
0,0,125.9642402103379,2.7036679852272996,2.422142275770213
0,0,76.72626902475363,22.993616026073344,-7.668578133115531
0,0,125.04107696023404,94.0707435996231,-24.487909135896622
0,0,246.3203282918276,5.605323919080652,11.12646998916233
1,120,972.4251347045938,3.7008817136663645,29.07144651982192
0,0,121.95187635547627,47.36663289460786,-11.71090162637276
0,0,65.74801065694538,8.868331164988478,-0.28719342245513246
0,0,57.62554911991272,5.780991081672115,-0.5843945732785016
0,0,130.79433063632584,2.740976687022394,2.7605476824361546
0,0,101.23655598776983,4.333449279349991,-0.44625622235619744
0,0,97.36828477095612,5.663712084768682,-1.0578049474716664
0,0,147.63403402138937,74.01236395612827,-25.059331531329043
1,240,561.6305928918614,2.9506272429673257,32.689199205025076
1,120,605.0853775392058,5.928337057705651,19.648881811281356
0,0,390.86620462583005,36.80383428587841,-6.73851807971927
1,240,568.94656755965,4.933886861602665,25.448917142225625
1,240,604.1318336526477,2.0132821520253654,24.894091639278642
0,0,98.6893550062004,4.262596001279857,2.142209079306099
0,0,65.0951047066119,5.56538502216971,-0.4219923158636334
0,0,98.23165031311389,72.7449393051148,-17.239347120685608
0,0,77.25046536825869,5.984914454308092,1.7157994560387522
0,0,63.05416642419291,7.032015028984146,-0.7188500098224608
0,0,83.90388710003374,28.800911766258658,-7.981393361396556
0,0,101.2023437635838,40.343335999065694,-10.23805291214407
0,0,190.61815686092064,47.41783438717699,-10.732953118154597
0,0,150.44436759003835,8.152264718537579,0.4632598265881711
0,0,214.38334171081178,7.869332612946611,3.1109476596025445
0,0,64.06683919125267,7.563032426268063,-0.9225780539704118
0,0,93.01116304066123,73.00619542632164,-17.586714109540438
0,0,57.13579738979045,7.436293480727859,0.04736526732783375
0,0,76.00937669290325,3.4934848049175384,0.27467558819103033
0,0,87.88170998501636,3.7178385531510076,-0.08729624333484765
1,120,444.28624612822983,1.8830647068886497,13.66509177385069
0,0,80.83259179948467,6.029943178103021,-1.0380746715911755
0,0,118.57069289506592,7.959954092770952,-1.4481780197200038
0,0,165.24371649968938,55.48523526693984,-12.509005552408652
0,0,137.8667614259127,54.68292693815893,-11.90557826115186
0,0,119.49325533407573,87.46633584682674,-19.317403817914993
0,0,76.36420665620572,19.20426698449258,-4.180239994475087
0,0,79.84046563823578,6.825448826910268,0.7686352507878524
0,0,100.6098760084948,80.11500141351478,-20.03404505963121
0,0,60.181569554900534,8.295865520534138,-1.055268650625763
1,120,480.66737569168237,1.713089080768921,18.936710792756045
0,0,88.37408034462403,5.011119569857711,0.7406303064475708
1,120,579.4012700712516,3.113618345120988,16.497744338305026
1,360,503.806764774852,6.873349151617403,29.371501004596936
1,360,352.89950057698985,5.493989370702896,32.5064801530841
0,0,103.8093991333912,90.42558285601434,-25.79271233222829
0,0,244.5213411714081,7.653431000553336,6.912867199529558
0,0,79.75893670637828,13.360336222613041,-4.433050666543224
1,240,388.4719837520772,1.8199498382691939,31.417394287449085
0,0,86.51082344122817,29.134788165719822,-11.120747621942911
0,0,116.83204761339468,3.950049496023737,2.5741615679721264
0,0,116.50333592859604,4.296733037014,1.3371197690404273
0,0,245.39417232231185,89.08739156228195,-18.35572459717301
0,0,99.60767775937668,8.616181682626728,-0.7095555386725465
0,0,69.05566277468422,6.444257342588467,0.11294439264997891
0,0,95.10055163658954,65.52045346520943,-15.8493613379936
0,0,114.42882590928939,88.11391343833446,-21.541080941762104
1,120,550.0918911338832,5.422951090059851,32.72053303897563
0,0,126.72534316986408,81.09916456411234,-21.221703045392275
1,240,720.9082892357548,3.037364796825007,41.2801121777908
0,0,132.83075149948104,93.44147494567252,-20.27895622381469
0,0,130.84801820880597,90.0100652723534,-18.74515712600764
0,0,151.18653933207258,11.82165989674609,0.33773955247428944
1,120,519.8606639291828,4.3855857117509975,18.023400866446323
0,0,153.6270680043012,4.317300810863811,4.991738585689276
0,0,71.59451474925794,5.559630539700607,-0.402092953526747
1,120,514.4840621287719,1.5343398204353418,19.556306976405537
1,120,708.7460135784971,1.5371935979289386,21.643721552205974
1,0,492.2708290151181,2.7913941747855855,17.451751261088134
0,0,155.5838530573481,101.71022721108211,-25.07592842381449
0,0,213.30399024837024,132.86557738007136,-36.42954500760496
0,0,193.27664392759087,8.317017180553089,4.072690287765681
0,0,382.5278535250098,7.890912035012193,8.053355347908408
0,0,217.27589571087933,6.734836822827467,4.7615696469226805
0,0,87.53402173849227,22.221882756659355,-5.474221657597525
0,0,78.44576203579456,24.683810361605865,-7.119728779611734
0,0,105.27978792959584,81.52597362188187,-22.055537053244976
1,240,606.7493748764551,2.3681258857712533,36.840810672582336
0,0,59.69922027089937,5.184883913302918,2.194118621419122
0,0,104.08315360717133,3.163695834253232,2.6478198555388417
1,240,491.09940608652715,1.2309589517960386,23.440709003342334
0,0,173.98279726418625,3.6955504809860185,2.4726568546179806
0,0,139.91371348730146,8.756257508770654,-1.536493989475403
0,0,96.89752093861769,13.209232438220477,-3.1341285085230055
0,0,76.77125617242834,13.312082136888437,-4.520346833608485
1,240,381.06024206310786,1.674675327020025,29.393587922963434
1,240,620.7255559069582,1.871742775039399,31.955892379450503
0,0,141.573040368499,97.21620607663861,-23.895393205029023
0,0,106.36370782356389,79.43715198636939,-17.551718497018598
0,0,81.51022169314145,18.47174523601994,-4.5895084782254685
0,0,149.43455150968995,62.26115935630766,-17.39371777142175
0,0,90.13659369721101,10.653654725963337,-1.6887193557960387
0,0,259.2822268349812,92.11316730159146,-18.569460445958796
0,0,115.13366801108353,29.72566652966246,-6.341656314706796
0,0,114.85166088680393,88.43637021556336,-17.479941296279264
0,0,102.15941316429748,75.44692985847674,-15.271952225214477
0,0,70.41892581921293,14.361639635977903,-1.7995185403000988
0,0,83.25587832691974,38.65715576813955,-9.589310450573635
0,0,104.08305158264592,89.89814683780651,-19.73372637726807
0,0,63.763548617367604,9.921612179277117,-0.8924700968287169
0,0,87.50917876655599,10.795446112551673,-2.9919954900684047
1,120,641.5377882377417,2.331846429997646,26.77105698428946
0,0,294.9021854225573,85.88877107768235,-17.934826135593752
0,0,102.8953387381652,9.458526373088704,-1.1018783891211683
0,0,217.5553522220238,2.7168428757732785,8.719830751593179
0,0,83.6514557520634,20.861866574032934,-7.3539452254282764
0,0,72.72935621746177,5.0633047346437765,0.6356857404961573
1,120,507.953948372008,1.5182802434293163,18.638315468834392
0,0,244.98491794273463,2.0517847972544163,7.634401380577685
0,0,102.94912833517074,3.5524106061314793,0.7539247290815609
0,0,90.91366916299236,45.1711775809727,-12.303507384420314
0,0,76.87209607973344,8.770252727798466,-0.7641598961843385
0,0,133.1767166651316,12.847852022102703,-3.3141791648240115
0,0,160.76262930299742,13.702058536068778,-2.588322711234312
0,0,141.05366751783396,10.665523769080039,-0.2723719377618181
1,240,318.0440230943367,2.337118326486924,32.645099343616764
0,0,120.48637340043273,38.35002622846342,-15.553840483830655
1,240,374.25534225125136,12.65814406667888,11.445145119947767
0,0,65.48829022343773,7.85823606837826,-1.7655532983719127
0,0,72.32217633656782,26.272323673260274,-8.406423873253942
0,0,74.66043675813565,20.545261292817464,-6.774818828326389
0,0,79.57758811246974,8.659419040044932,-1.818297704863383
1,240,429.6990515511307,6.229754981362501,22.843844380174346
0,0,116.49841607925981,31.104960882837766,-7.9557027879281605
0,0,75.24125104521165,19.489584269596733,-4.999347628766188
0,0,67.33660053386167,10.009277227741185,-2.61897491540752
1,360,260.8739454640099,1.80653884382986,32.38391360800536
0,0,137.42784058155922,19.412634028684717,-10.075914852317325
0,0,96.68141032169176,4.355335534951133,1.8538955353469504
0,0,97.53723738502788,73.06144712156015,-17.255299371056054
0,0,86.19870207786633,36.755246293070996,-10.000967280520598
0,0,191.84514914768252,4.140379240582855,8.077693229725654
0,0,300.1714800943582,31.83510196405509,-7.822304141736666
0,0,111.81705473919656,7.454339804876633,0.11871975192619288
0,0,62.9499653755786,6.135241227894431,0.14029412697173882
0,0,72.87808530338646,26.90040109113162,-7.009547817463869
0,0,64.02368848503527,13.496695753170396,-3.2978147662161206
0,0,106.7750026936492,77.49645514259981,-22.175995301570552
1,240,763.0560263520688,2.413342093880924,32.95257249666609
1,0,409.10696547405587,2.4477828045701124,18.863602036172608
0,0,95.00270444869633,9.012070944527615,-1.8234337059763561
0,0,79.09165663402099,8.715980192519021,-2.0695548951133844
0,0,226.89528942480968,87.99144714977692,-17.500839325499243
1,240,566.8854454252883,4.421694152951109,26.49636546797356
0,0,77.05159689612631,5.550110126808299,1.6606455675436678
0,0,94.44560519574796,3.4071057499480952,0.7455919371523834
0,0,71.37642599014498,4.817094737324039,-1.3705303485727427
0,0,64.81998990582638,9.74408461276343,-2.1585472106943655
0,0,90.1630633935246,59.4455754182753,-14.44298473693489
0,0,62.58151513813446,8.016371755444586,-0.1518291462080441
0,0,97.86746810164922,4.591602772041381,1.0052611786080092
0,0,111.78309190829486,56.8701916012978,-14.197598017092801
0,0,172.25408236965447,27.506969478160244,-6.4818765426234535
1,240,508.78252355100244,6.022464561899546,19.072740846925186
0,0,95.07641150027273,6.815516444873893,1.6774485341478425
0,0,138.85944872205133,102.47126823423343,-26.464688329697637
0,0,120.58386350248702,82.86225171827489,-22.070347970034746
1,360,215.64225633796727,3.7906278154627855,41.465811378525714
0,0,107.17550563615828,40.988213455460496,-11.91905762209754
0,0,84.82326410663921,52.529413963931596,-13.430341801445337
0,0,114.07902915590691,93.29728484279738,-20.44419596332591
0,0,113.35957487486301,50.241128871467645,-12.645310372069417
0,0,466.1646120773856,5.96775839863823,15.869767807160514
0,0,203.9534651670589,55.35650235464429,-15.192006035050596
1,120,495.55579201201255,3.388826818905821,23.709059777543445
0,0,89.46282373143208,40.07131543547017,-10.205192016134205
0,0,63.73362142324861,18.09047749454004,-4.470540304296875
0,0,54.64832609981685,6.071704575970028,-0.5823285481394294
1,240,412.8690858402142,1.3036848168846606,29.460968875836528
0,0,65.89187657382574,16.092686149415442,-7.048548665421549
0,0,135.08225139824975,3.35808322670723,4.298008558814473
1,120,577.6300336217424,1.753036325356933,20.39006172498179
0,0,186.09825500034103,15.96193355049465,-4.572034449747491
1,0,419.4298069545998,4.084033322809446,12.781900372586179
0,0,119.49412821057086,3.809286904231102,5.204216853955643
1,240,576.3895967697437,1.2306705057113234,26.036672232555375
0,0,63.16363873995317,5.61032350080712,-0.881844069834699
0,0,52.11151461575124,5.778740818669416,-1.4983649935585106
0,0,98.95622849254484,3.574449376048826,1.4808062693131632
1,120,599.4083701917671,1.225635164341188,21.445890398224762
0,0,151.14739592249194,2.80564997670573,4.742674235420637
1,120,643.442427422248,1.6928344576156948,23.903857943213083
0,0,279.59270254981965,77.12422635609686,-16.893993317452228
0,0,172.65662580267167,23.290306005927853,-5.011770199359404
0,0,196.32388978029016,86.65702449382246,-24.234749723012172
0,0,76.82777209147388,12.838133521089643,-3.28876864079902
0,0,245.3951472233324,3.5728542928897045,8.60465117107816
0,0,106.20287182729106,4.062069907598626,2.1256703102900474
0,0,100.59859663040828,59.52202389611152,-15.832812001074018
0,0,77.61780467198174,13.185643256496979,-3.994889534556478
0,0,174.8510033032716,104.91316502401736,-28.644360703268163
1,240,401.31904802385753,11.605510110169641,29.14923685766678
0,0,425.56084611221036,130.32694500104125,-29.33886218710027
1,120,401.75952190820885,5.371407568343735,14.317776063435815
0,0,114.25095181727382,29.982419417509174,-9.059192706067265
1,120,568.5284030381873,2.420153121531663,34.143099668234086
0,0,102.07155871186482,78.01594236733351,-18.17681527445265
0,0,56.64735497441089,6.661046967331714,0.2610165728854241
0,0,69.02089508363765,3.744398379847087,-0.28341011299330887
0,0,57.33621323389148,6.302817009662876,-2.2332939923241213
1,120,555.6012155057884,1.527595010168931,22.129337854970103
0,0,91.55249006079066,13.346410492356515,-4.599986554570151
0,0,171.39562534077456,24.787830539966826,-7.457790729413119
0,0,134.33964888599712,15.879213034210965,-3.699389816200565
0,0,77.74576609895719,20.87737610680389,-6.836688619511378
1,0,324.4069526621359,2.3270478693595473,14.922143898106285
0,0,91.7594638146636,4.390649818765091,0.7157428936470467
0,0,222.02042156822705,2.4931668686727657,6.1486598240489485
0,0,64.23136507452766,6.210924426794901,-2.388510075342225
0,0,135.3616512291023,11.91488675426796,-4.535960911066141
0,0,87.32314838053716,27.729699941622865,-10.773591991158582
0,0,216.70594136772985,56.43706538250204,-16.088565834273766
1,360,707.9648684677579,15.290282160767559,26.455076668902805
1,240,542.5122397482129,4.923903491052292,25.787798104550163
0,0,131.6296167618803,4.9848108503124235,4.127389756409201
0,0,67.5791184987801,7.608732574034922,-2.082209959584148
0,0,196.85042701985034,43.5145833224871,-15.502998299973626
1,120,571.9140302334821,54.50037542372624,-10.801237626779042
0,0,86.57676529281535,24.585964756922248,-10.886541744029913
1,120,473.2131011116773,2.501142735694162,23.248774739527875
1,120,727.9406357229155,1.931417385447841,26.36350578486183
1,240,832.0250589686252,3.4572333251427616,30.531634885628094
0,0,394.0027559464344,95.66115927919799,-20.747626893277058
0,0,127.31656395853145,30.251461890906626,-10.043180771149764
1,120,499.6268879853327,2.6017613484553963,23.008027329333117
1,240,540.378793561397,2.215721668658862,32.267666669234345
0,0,118.12228376984969,78.50420476756615,-19.199312779978925
0,0,113.27109693921955,41.31665890134226,-11.830271380635295
0,0,75.18351083186124,6.170312752234667,1.0553741771218341
0,0,79.64393806215854,26.73301256806502,-7.361004584982737
0,0,107.14241568175171,76.84235102130042,-17.268001991092675
0,0,126.25256151913428,12.841690082747409,-0.5681358537058401
0,0,181.4041746027772,27.629125323375924,-7.158433726270729
0,0,141.88175524631814,14.920327552234047,-1.2810836131402112
0,0,116.4241422247645,84.61007661139809,-18.97970646078521
0,0,63.47632690623393,9.69646946275405,-0.45720985435949046
0,0,54.421485903635755,5.250982174023455,-0.09566602292636617
0,0,55.73749458881409,6.32836315762714,-0.9750846826325699
0,0,61.36648239296179,4.539990664005551,-0.605250330884374
0,0,78.64954468923398,45.72307725648038,-13.24734798401272
0,0,61.94426428442157,7.150955890463264,-1.033932053409515
1,240,280.19099703891516,1.7829883547176482,28.87692311964392
0,0,133.99732259508602,6.523251636318254,1.052103410980962
0,0,330.26934990829494,7.198191108359494,7.778378498197341
1,120,518.1450195099613,2.2368189559704077,23.292568131733972
0,0,97.45626392003093,21.551747485578556,-8.44457400497788
1,360,240.25166012741505,1.8692646430139686,32.96594089462475
1,120,363.0574477523615,1.7244165401340699,17.668837135291227
0,0,60.66084676708116,4.401791034686413,-0.19959607013940683
1,120,383.7984896365286,1.6663928520759634,15.055299482516716
1,120,349.72581232913785,2.1841882057190993,18.586363655107277
0,0,178.54382634456272,88.39285039080212,-24.307382923937006
0,0,310.62566114727434,10.26677283323427,6.286243360036195
0,0,194.1959755899628,7.859815358634816,4.995627574186344
0,0,109.65944007591781,72.93855487585913,-16.435922255225066
0,0,73.54716214099673,20.78110798747368,-5.088054610952
0,0,78.67050506117565,5.069783885727745,0.9389264481838637
0,0,119.70672464939948,78.74274076791639,-24.513192845079317
1,240,517.0606121654831,2.64828723941354,34.677180376562205
0,0,78.58053643385543,8.438667652886668,-0.026816131463348825
0,0,126.76353435054092,104.85281628228226,-26.396752561889507
0,0,103.47318297794607,30.365326011049596,-9.516841052153438
1,120,773.9103475936259,4.338932123894967,27.227357922676248
1,120,652.6857587355331,4.8250435307981805,20.403799999563816
0,0,132.59456472316694,24.13151721721141,-6.318760951720677
0,0,67.76751812100001,6.527184971508654,0.2255031330908821
0,0,68.20026081353728,5.124326254028167,-0.22607923637214355
0,0,101.8796959238103,53.80450223372146,-15.376347260182598
0,0,73.12970045515355,6.882631768519652,0.3089208795626064
0,0,72.36788899197873,6.3203782660899925,-0.8224894396885816
0,0,78.02028575667785,19.382528244136882,-5.632048012786228
0,0,86.08046132095036,8.762186615619553,-1.3906622047871764
0,0,231.15767004720706,82.16555910223985,-16.827996759940874
0,0,169.04926530549537,76.66445976680194,-18.784950566729663
0,0,340.2553290780662,14.102666717256255,5.062733761567799
0,0,81.63694182172446,12.178036218879518,-1.7567502347358896
0,0,81.2269789384986,10.42195479629505,-2.405941832206125
0,0,70.60769953135933,4.955931497455251,-0.10409920993902233
0,0,61.07775298606379,7.298530637971107,-1.0731019878235912
0,0,62.16072631915723,6.6313053219944615,-0.73884976724284
0,0,98.56623407615254,61.876743863733545,-14.335234392597684
0,0,121.7544248906412,81.76069766677857,-16.672178306421856
0,0,145.57664145023412,19.221469516418566,-3.7822104761231543
1,120,549.8076281339863,5.976106075708597,17.790336322113973
0,0,92.68840278651126,27.226938754383465,-6.393185412292937
0,0,85.44079021877369,56.04820621837177,-13.384614482894222
0,0,59.04888760581779,6.097851756683359,0.4073609008946022
1,120,635.3292104408229,1.34695985165613,22.899494960135087
0,0,147.90151965488624,2.7103382304323116,3.3419620306511177
0,0,65.40974834296294,5.758970360786272,-0.8722272776272746
0,0,102.78594577481358,64.65137093947817,-14.958080206580988
0,0,125.81054593084347,77.65342395977943,-16.005200927319663
0,0,232.52652176851632,75.22780739641166,-14.339503825621634
0,0,102.77857733686761,17.033342109573827,-4.593577121082461
0,0,109.76800550700781,10.843085628753581,-1.6720432040341677
0,0,81.83846859954657,3.92494148829922,2.0824264490672277
1,120,359.77998922611357,1.550917855871305,13.580368891293674
0,0,57.91146718433287,4.505826103498367,-0.8811043165879795
0,0,85.85080411426225,3.4220956962246443,0.6702850566358194
1,120,520.4956192310741,1.3289515432799612,23.561912288866395
0,0,98.0200287753058,33.44548709208544,-12.471531766510282
0,0,101.63980225640648,6.687524896547346,0.9741069990173798
1,240,696.1014113093551,3.039058472818717,28.881911170107557
1,120,466.26033375433286,10.570615644273618,14.071237442109549
0,0,111.56949789632894,51.38410184045819,-13.161547175296178
0,0,66.50185287108019,14.22390115941368,-3.5306679524779696
0,0,96.58854533145585,5.811997512891975,0.40322885061647185
1,120,323.3536061176144,1.888903906999372,15.878581438700053
0,0,65.61439253683912,10.61626796210699,-3.638391877056364
0,0,55.78175622875257,7.683228146662462,-1.7099978295428997
0,0,69.63626167665103,4.320075849457474,-0.5340860685494704
1,0,309.366451782601,2.8185936140355703,8.457567089822263
0,0,206.3597929511599,5.844081471292594,2.601289376319869
0,0,158.9668049428655,64.28925683022977,-16.613875182676438
0,0,207.86315834118733,4.166662240258249,9.104248810205377
0,0,67.44213356933544,4.249893092907695,1.016848884822764
0,0,64.43022787863084,3.5250218776636015,-0.5817843011079162
0,0,61.200613186768955,3.9882574908134933,-0.8452579878324116
0,0,82.82161660255976,58.425130104549396,-15.170738129207265
0,0,60.45583415130769,6.976210582155842,-0.5883258333896606
1,120,546.9368393660053,1.4428851521942208,24.14640189700704
0,0,72.86503750019291,5.574983045897483,-0.29243510260334915
0,0,121.2055782881923,9.28756504423599,-2.2644851595770916
0,0,139.25847797697122,10.285532094127433,-0.8350229732687922
0,0,84.74604854499471,9.976952314769994,-1.9888636677510192
0,0,160.0790989909547,2.676088162638379,5.137364296258781
0,0,63.25721223383773,4.227172520825303,-0.46532072031465077
0,0,55.09140727759522,4.579869999112532,-0.9710741632449782
0,0,59.71932477043347,4.030633458203194,-1.075902482257618
0,0,58.64552797659735,5.408286703189046,-1.0855192744650282
0,0,83.73954826172199,22.430840004181658,-6.886986556336893
0,0,91.75592696444954,23.091743195648412,-6.482801234181849
0,0,209.2739988227302,72.45323807756785,-14.646897719394516
0,0,102.91863433813282,18.808605140388636,-5.110125677463202
0,0,128.7505753433998,3.717971213532558,4.128689608542729
0,0,88.44674447882961,4.927599030252634,0.7157217578400008
1,240,605.123103941489,1.314710631810807,27.180880282974897
0,0,80.14106389825596,17.85684000133985,-6.201800679461755
0,0,103.3401883410506,82.86605645411584,-20.257952515559467
0,0,165.2722606946862,7.128814241066347,4.468162373464651
0,0,79.0964234465691,4.593035413916971,1.0824755657107659
0,0,82.05407476187466,5.9143359727426,-1.1437537068375434
0,0,256.7616769266594,88.45491740033636,-18.766034019420573
0,0,136.52955997959594,45.89095851810703,-12.6653788208627
0,0,253.59578788697175,4.796306314064097,9.433269918541441
0,0,104.9951281676557,4.237620653936891,3.146307864795986
0,0,104.85219180756238,75.11380249382296,-17.76149138198265
0,0,76.48014619327087,8.010087082675069,0.26736259895197634
0,0,138.4555676341455,107.03095896489927,-27.54303192139986
0,0,186.42182011463586,96.20918563254502,-26.470310454372743
1,240,902.2960152178249,3.1931850187623296,39.5138244863935
0,0,137.0024209827344,53.286375905963126,-12.325372376812794
0,0,213.77273626231732,63.996321048927996,-13.403002635027093
0,0,164.4365778070885,105.1249162616164,-21.31374420114011
0,0,95.72163160302564,59.39800539084468,-12.390201180984675
0,0,85.49997577956734,56.10297058975968,-12.420811113543792
0,0,70.28712146844721,17.37127412641383,-3.87299405135154
0,0,54.18324163272599,5.377149416490786,-0.16888045854504696
1,240,268.3578978448497,1.335364815398942,30.02808485058266
0,0,61.4093667018073,14.913162086727159,-6.911451252996429
0,0,75.7899672829892,9.85647683438729,-3.5319308169491705
1,120,504.53308870727324,2.318338309207534,21.584551860371533
0,0,250.73284367138857,66.5433570570261,-15.13757604794695
0,0,131.17101652018187,18.914773153498516,-5.885878487544488
1,120,528.3965345111884,2.8704647256734748,19.89033727101227
0,0,195.1256910818094,2.7265311446585687,7.781094449403184
0,0,67.2670311435934,3.933279689628049,-0.030594156973407394
0,0,68.28385290801964,3.5305518753033795,-0.43466851614144275
1,240,355.6255505515954,1.2675421953311392,20.864021630158234
0,0,72.64959571071131,10.850518219926721,-6.102943225940535
0,0,214.43061307424972,3.452578931143797,7.2189876609277235
0,0,91.62867404112275,20.500373351468262,-7.45477359295684
0,0,168.85323084795758,34.969204380642296,-9.519393200854637
0,0,173.0608923165624,63.44664862390785,-16.55236998416305
0,0,76.45925950570866,7.027692737164846,0.8007828133097945
1,240,290.5950046974485,1.5623267614911134,28.501371532088882
0,0,53.93039651862484,6.574218040252045,-1.5231889989378828
0,0,66.9966718192976,38.425315958477114,-11.485763009683893
0,0,56.29909425693869,8.37354043006102,-2.288120275809945
1,240,446.66278275091236,1.5389426618880746,24.390668419075496
1,240,583.1287474430054,1.3584540389497923,28.81015510517527
0,0,116.79513740731458,4.050218462287641,3.552295014501965
1,240,774.0617066450944,2.531771942155599,27.36587143417367
0,0,105.9164889844774,19.162035860580694,-4.772581554934533
0,0,73.9591655147307,15.034153769410862,-4.0769598733288035
1,0,342.7019678857608,2.2347232377999577,14.918085823152822
0,0,68.0240757942201,9.29706244461313,-1.9368378786992366
0,0,106.13675993482819,92.9594791691779,-23.58786192851032
0,0,75.62116203767636,7.006348403734596,1.1783000309204112
1,360,272.0529314175246,1.7091695079650424,35.53210263589831
0,0,69.57404938827034,30.673737031962478,-11.192070402830694
0,0,82.17798921600901,14.724790662086171,-5.234879778571539
1,240,639.0179184929226,3.6999639204144117,30.831583691367868
0,0,90.84604957476517,9.212406169700698,-1.160593661104059
0,0,77.50939227767985,3.88055846860633,0.6757063911439616
0,0,60.361778874942054,4.652041758933996,-1.1645777607328398
1,240,315.0342089064029,1.5219088884066478,21.276529176338926
0,0,63.06714054300699,4.272277501778334,-1.4511687364174861
0,0,62.4074726338508,7.642632265004793,-1.7275564012490747
0,0,76.75094762384342,22.08654750863982,-5.929344274741311
0,0,95.52688945614301,47.523673907913505,-11.41014437601335
0,0,130.93764108634565,82.5103966785331,-17.01754796151053
0,0,207.4002617333635,68.61033936441936,-13.281255102471519
0,0,174.03866135987502,64.27523634255786,-16.793735616714002
1,120,613.7063592475164,3.0376134222339677,30.877289874111923
0,0,94.15020451849426,38.140444484451095,-9.711353884427908
0,0,76.4324100514394,29.123397421937966,-7.619685727458801
0,0,69.00853878000518,8.50159289386889,-0.6921607694709877
0,0,155.219478132891,3.1111162981288154,5.450670932053697
0,0,105.96721784572075,58.918724188688174,-15.989925022774798
0,0,116.29240589034904,40.82923758597768,-11.356586240950477
0,0,170.30443903338596,5.126311196267764,6.4115892637419165
0,0,246.76334145325572,84.4218757501048,-17.065277897779552
1,360,488.6123655667719,8.571637575327667,26.52154878207277
0,0,128.8837060129958,6.796746805787618,2.6498066214014813
1,120,414.34268274093995,2.2999314556544785,17.667875456070476
1,240,742.5152699473315,1.6666926916118152,34.432839879169066
0,0,139.03991877143557,87.38666742177028,-20.91803433761183
0,0,114.68743540907596,88.25439266033248,-19.529670728110858
0,0,75.45194869426189,14.774409254592438,-2.384821877012129
0,0,73.98519310476752,15.128855232806568,-3.3616766072155
0,0,79.36254308503138,8.031805482283229,-1.0954848074887735
0,0,192.46731737572296,56.88886512929132,-13.109848991253656
0,0,76.61714245877391,8.370043430207216,-1.1369796806782517
0,0,66.39069715065072,4.373775779212471,0.26537054913758595
1,240,461.264940925071,1.2562421479325863,22.493116797998695
0,0,69.43903126495434,8.77460254439081,-3.0024260108472163
0,0,85.90740505374562,25.28253824934937,-8.938295889745419
0,0,182.46377865152357,44.97388361760796,-13.761677280653288
0,0,74.12325495975813,10.074938701899336,-1.2989169503380396
0,0,71.76278153179781,7.4279309132065015,-1.0010447376408393
0,0,157.52754496296797,101.42409952446346,-22.069919969942006
0,0,337.37163987565054,122.568503832749,-23.914241060965217
0,0,190.99870834068372,18.31491539638289,-4.0117189209194635
0,0,213.41521965317915,5.19744649045514,10.007952512211205
0,0,123.28614176267303,82.31945236445128,-20.459540559243678
0,0,76.5327341680883,9.380357822550202,-0.5669681003663669
0,0,58.356821241816114,5.674194511040127,-0.17927927561329682
0,0,63.26150859996314,8.623507784513997,-1.4389152522806654
0,0,72.80560254611494,8.009917421778937,-1.2457868153679215
0,0,103.7425163889586,64.10888202899642,-14.973250432090609
0,0,111.69018157382544,55.496447325309816,-12.55676719238825
0,0,214.16571206206314,76.04191979179586,-14.49282825390884
0,0,149.23334780953164,87.67054980886992,-17.81443657864108
0,0,106.1746563779872,81.95933086828087,-17.748255082818048
0,0,102.05486069787344,64.90247628536744,-17.658744939964365
1,240,620.5977305126834,2.3741558415836783,33.56225598680946
1,120,561.5297926607607,2.282665526505338,25.907860056493575
1,240,726.6033435881318,1.64751333951041,32.523050625810725
1,240,883.3102939572037,1.6510530930075868,37.72110646828109
0,0,157.94152647888896,39.54748200395043,-12.012789642409302
0,0,117.47547095089462,60.285487099290606,-14.685777036461658
0,0,140.85912942000212,12.654626310438848,-1.4369601901286018
0,0,165.13002717021234,35.69762358425419,-9.250566870994916
0,0,87.25975714208512,21.293021838588505,-4.813114748903274
0,0,79.44288173075914,26.74212010936169,-6.776795026285498
0,0,89.70326152963807,61.148501540630384,-15.343697722243235
0,0,187.7319397174866,3.937987328269949,11.23114507357387
1,240,732.901566934707,1.5405462055307135,31.215071774469905
0,0,91.57563829199937,20.72649161814409,-6.502933090396283
0,0,93.12936978940206,25.37799055245562,-7.671706232558833
0,0,176.76791943900164,87.20629984014953,-19.763194976246524
0,0,636.7303472563938,164.76078622883938,-39.08934365805857
0,0,225.04488194358575,90.89890065816209,-21.804639171714797
0,0,349.38473300464835,7.385857267094483,16.064132688785634
0,0,233.9262755849651,135.13044204925635,-36.88176145127947
0,0,244.1306779275715,91.22779011021883,-24.847069905084943
0,0,89.70368663182727,11.112684914772915,-2.663687715220263
1,240,289.14362647114444,1.8749637375176451,29.837017154857207
1,360,271.3875954791792,1.8673886718020736,39.95561569324096
0,0,86.18294495672035,50.02778209948369,-14.734658874214873
0,0,106.99691737246488,59.65668411035282,-14.788618589611673
0,0,198.0878258082036,57.677488682386276,-12.452995663728075
1,240,614.9655232679562,3.6381498229341234,29.13259240961547
0,0,69.55601938741948,4.474661292027063,2.3448909010051153
0,0,56.515635644083,4.784291976243794,-0.6529802671533957
0,0,199.8325358811073,2.5554967172282663,7.873045777971043
0,0,114.5374366846129,82.90677506918773,-19.7701116691034
0,0,83.48030961069541,21.766908185228612,-5.430782290159499
0,0,116.74893163336421,85.9670172390563,-19.95044237484781
0,0,83.57242075304916,10.066730002371546,-0.8140826724347221
0,0,176.4121712549705,52.77078005242158,-14.114227826186948
0,0,403.7922585523911,95.15201775932209,-19.107403723025158
0,0,128.1965254901552,7.588923761959832,1.1074105340771467
0,0,80.76462646147694,25.667329161778756,-7.462831619394379
0,0,103.67038504949682,68.94004463270007,-19.15547183220697
1,240,334.8207320029914,8.3049550127993,24.178760817599482
1,120,510.65202095453566,9.32137900230622,10.19991847973624
1,120,690.8283757382893,2.739720925655538,24.762193635387646
1,120,871.169466122398,1.7164957226587594,30.366838998064907
0,0,88.98854572099634,11.362631512839663,-2.5052325697718487
0,0,120.91829989676674,12.08266513641503,-2.9785478328333
0,0,237.75573213789116,84.03377825510398,-16.98253649713341
1,240,679.3787300549318,8.827324667864104,17.990355032124782
1,240,522.1185346927602,7.592452347618766,24.15868180090267
0,0,93.32113055293117,20.647572227895044,-6.311289443928757
0,0,122.95465274357169,65.073537786345,-17.490155175035824
0,0,90.11805357373314,43.97722331759737,-12.344542553806477
0,0,211.25880661208853,4.531720597770649,8.452515631937473
0,0,102.38913838733586,26.555428147102102,-8.335608351735345
0,0,88.12845063168074,20.394333486482058,-5.328337033391676
0,0,133.23101638476416,86.34940402048943,-17.966794043755783
0,0,238.02791089955667,85.83253751513004,-15.6542355673147
1,360,571.7386387382513,4.919031606223711,29.21371163707059
1,360,426.99526559518034,3.0146124133245906,35.942507169277604
0,0,119.80491758707323,18.715105742491062,-5.651593350355043
0,0,78.92113397586382,33.8167051328242,-12.20834869713272
1,0,331.8877309466297,2.4537888454157954,15.295243732043602
0,0,62.49848984657102,5.573168667005594,-0.30634774759353434
1,240,617.354620243322,1.2823593221310425,25.61230749862004
0,0,79.56197269205349,15.661696935949703,-5.241379039239192
0,0,80.8790866429237,17.920955575949726,-5.225801949443877
0,0,128.54161777931063,9.196736903000934,-0.8860448114857462
1,120,469.61163536485776,6.000748418420324,11.772612746465711
1,0,366.72033226347526,6.9905013540745236,7.945414781307761
1,240,679.4113779030616,1.6915269180897134,27.241170172582954
0,0,96.66190096522251,3.3914759655047466,2.5431976106449383
0,0,58.235599101546626,6.091359971277338,-0.9016747407986827
0,0,89.99257474354256,60.0306022862045,-16.152961354401143
0,0,65.72822923507506,9.027229423635827,-1.324840017683968
1,120,523.2441146012688,1.7923958483566123,21.575030179295837
0,0,104.38182473726718,13.816758326370362,-4.8652197972314895
1,120,934.5136372600565,9.170179558046687,18.554290067910003
0,0,183.758821296731,6.716759815325138,3.0718252807543394
0,0,71.71056197887768,5.214058367825173,0.4621554806698498
0,0,65.3420550703563,6.257904702121145,-1.9939943849122415
0,0,146.31231763081752,2.7359261167819273,5.372743211463032
1,240,340.48093931191323,1.2581397779822854,23.482092913544818
1,240,509.03853709342036,1.1827047532649884,22.443659009503392
1,120,635.5706231400494,1.2935936033710544,19.831040764335526
0,0,192.40714557785037,2.2416130043506306,4.909974716119166
0,0,86.79153258682345,3.739773992362997,0.26012358503760424
0,0,123.68924066255076,6.7770119947416925,-0.7108289710472633
0,0,108.60880284934879,27.274396877818763,-6.494410076203664
0,0,80.34235261885213,18.115964531926128,-4.0636178951289565
0,0,88.02848360087077,30.281802312864006,-8.625607476306683
0,0,68.65317602195891,7.0084118592612334,0.20939764811933514
0,0,70.11697856824571,13.98869701027899,-3.1623078232714477
0,0,82.68892237121133,31.98213659429519,-8.473810110078787
0,0,96.91629345129232,52.00466003180518,-12.662784400547409
0,0,120.75824608852203,74.71307789638229,-17.07211004740823
0,0,219.05003419133337,71.15783020811135,-16.057475062104288
0,0,559.9303655120347,69.74137109416719,-8.352226380027844
0,0,135.36420184223746,37.68065984612467,-8.53670498790568
0,0,99.72197923600615,68.37248922726626,-14.707404251024826
0,0,64.67977986777306,8.950538186325888,0.27148408132657664
0,0,56.58054591435775,5.923751701252187,-0.15978677756210402
0,0,59.44468608409983,9.209676253685792,-2.2338118195968235
0,0,84.81165598285972,53.2124723415689,-16.009243150417845
1,120,498.2631601624105,2.61971133589852,22.87240942340145
0,0,80.28752010447577,10.771131359761734,-2.8881552700353126
1,120,601.5804043213031,2.1170286619461565,25.059870341869626
0,0,489.1391748717332,14.786707864658922,1.794799818837177
0,0,151.7438766422469,69.64325655891417,-15.894232656359208
0,0,98.65550553588248,36.00764096897088,-10.395810575959857
1,120,531.9782755164296,2.4451476459706014,22.174610753669654
0,0,116.04064336982303,3.8107588027502124,4.3279579974032885
0,0,100.53587421940055,64.3734447327747,-14.926392347862361
0,0,109.75102409155696,90.39794617897618,-18.674510690945453
0,0,102.06959757376536,75.80767224133086,-16.36488480773245
0,0,66.69510999431525,7.380401496096763,0.6591940418867068
0,0,66.3151196494419,5.88269917909748,-0.44528925918369566
0,0,125.68993026969723,10.573831079235966,-2.6567815902669025
1,120,586.4482174016038,7.32269107154169,13.352926471636437
1,120,558.2120004388023,9.176368570949236,13.428560957162262
0,0,101.487604336618,36.19062205035335,-10.137821631164641
0,0,62.23012000052064,6.284277495728269,0.20417181982639931
0,0,73.19180505097965,4.169689965292961,-0.25183850121345586
0,0,70.97950524208348,13.327409374441208,-4.068621797447861
0,0,69.44069766553596,5.626084366341763,-0.6423331043523177
0,0,137.91907733532906,40.78508965492012,-12.373102313081816
0,0,162.8422178764576,102.03507368008208,-21.914307590541725
0,0,334.1488438229033,117.44732217123453,-22.432272245994767
0,120,339.2298919092724,9.986833257066584,11.834984513068122
0,0,99.0450238378229,45.71369176009856,-11.648783489454942
0,0,61.31138348121355,5.85849678152865,0.514334504322747
0,0,55.069545689012465,5.133062887727435,-1.0704969996047566
0,0,83.55799561876263,45.33617821717139,-15.274176768906415
1,360,256.9302441147463,2.4720300991048063,34.522656491224964
0,0,50.905811446623986,7.728546557413021,-1.349140911838873
0,0,83.76641472007881,49.630421841515265,-14.62012921976661
0,0,100.98607444184057,7.6475470162831956,1.386382051320524
1,360,354.3600610105804,4.320383585444609,32.60251069241248
0,0,128.26701310115214,41.765920954302146,-10.22518648960282
0,0,67.11370528599626,8.68813685407015,-0.35748583274924783
0,0,89.14925135259782,48.11936053384867,-14.315789450112348
0,0,217.7274789324415,4.483694381068776,11.025324584528036
1,240,497.354688443965,1.5319496774384909,32.667418755860794
0,0,59.75940340483032,4.451343748227694,0.4653258517272434
0,0,55.7265666285373,5.738560967187903,-0.9927277975669568
0,0,68.62207554579776,12.52220959081343,-3.11395438069448
0,0,91.01066614650719,31.06119198144178,-8.442640078632877
0,0,135.86884915306894,9.024559069424885,0.2855129732555355
0,0,207.35890779239907,17.517462257076417,-2.824599898238148
1,360,390.75075820730433,2.4239240154385313,31.60643294569779
1,240,510.764701374817,1.8571917586477251,39.234387981395045
0,0,102.036394258775,61.4560137197744,-17.399329328193332
0,0,94.69074745818098,56.09043373247735,-17.84233584394613
1,240,548.065956124728,2.4964894697596662,29.768103855973052
1,360,421.4267216543063,1.8997266703211044,43.6619802494982
0,0,69.52664199213184,18.09478760326307,-5.399247666041987
0,0,65.63636181797646,8.63872041071672,-1.6601965841830406
0,0,117.77801901295588,8.215356913061207,-1.2001651758520637
1,360,444.7636755628948,4.930874027018944,30.534636170229092
1,120,198.14634254155294,5.245668087923037,8.723064530071724
1,360,323.94881719883097,1.6943949091956192,32.08083670282228
1,240,521.4662578936667,1.7970048941639245,22.06454603846055
0,0,63.89256429777224,5.406462848555617,-0.7046150437747656
0,0,69.96775636378156,3.832756962346677,0.07428700155685419
1,120,451.52060117569386,1.636682905350289,20.215046674710266
0,0,117.12098106934349,78.9595024166608,-19.97231265119204
0,0,100.51730575577673,24.22522237406812,-7.60466345259853
1,240,731.5447314352789,3.911082539459259,34.60467399047967
0,0,109.4884242992212,9.751890818888693,-1.6741409328838017
0,0,55.34095926673745,6.906925764923361,-0.7223004303232585
0,0,86.39309847496843,3.085865477442527,1.2143524337947156
0,0,186.5139255889604,2.0273215911803617,7.2584482126887195
1,240,479.4393631596664,1.1516771144331115,27.217899649021703
0,0,74.35282147797923,16.406248363919424,-8.714964384559252
1,240,553.9131403805433,1.578327115112518,27.913003503354716
0,0,75.500393339742,7.234348281944666,-1.732956599950171
1,240,297.1854489569023,1.7058968801341174,29.150198536887515
0,0,119.00963641153616,8.130770126920062,-0.7231775663157975
1,240,792.666082901866,5.034697922162306,23.72762758403624
1,240,808.685747159894,2.2006432821279454,29.315723609793906
0,0,144.63469435139723,18.588145245089155,-4.8594919935211465
0,0,113.94211224281253,42.70688916270554,-13.582678130752981
0,0,120.55808530573452,5.302374986326517,4.07126362078985
0,0,105.83578758488152,78.98801988643633,-18.412595769990844
0,0,65.70262107919825,7.861775483456096,0.21387843921378646
0,0,71.87151700376349,13.26262418076255,-3.1022187238303616
0,0,104.68221894823657,52.507664880969884,-12.70865966974786
0,0,154.42020666480474,14.986161394643059,-2.1108912497500114
0,0,243.0542284960748,63.71293681509787,-15.642579169727028
0,0,198.6299614640925,73.50413210744016,-21.508320440835732
1,360,295.20129865892994,3.333943549522876,34.788851413107054
0,0,208.17124973579564,3.577947278354204,10.116971004971361
0,0,116.89418054936671,8.69959437926857,-1.3718407686097862
0,0,76.35011026761218,4.021790335218055,0.5196818635062073
0,0,59.8431485361008,5.125457928303436,-0.8243758104677283
0,0,58.69603578470234,4.514945376665509,-0.7768572322691938
0,0,65.30403393055512,6.079732333956996,-1.0968956226093098
0,0,119.69002663540809,9.700691131222719,-2.4023487450077425
1,120,492.11507157299883,4.66533171205581,19.159387087923676
0,0,117.2086428087837,79.82136532979067,-17.477426135240407
0,0,81.03471372037164,44.098668030971815,-11.066872449774323
0,0,64.79277769768902,4.6545302691525405,1.8700115882220274
0,0,108.68095686092734,2.9032632001087384,3.5136376234088544
1,240,522.7105036612805,1.1154907239781942,23.567101129497004
1,120,393.01429700007094,1.6511296885850297,14.862678304973159
0,0,88.22744276147017,34.5539286540035,-11.3872384451237
0,0,148.38606813421282,4.162161714252852,6.123624460599075
1,120,731.6336514771991,3.1984754155088986,20.496332562825543
1,120,508.62567784727884,5.131515183276011,13.692853656409909
1,120,684.796504419373,1.972148634841786,24.43651198456537
0,0,70.63754737306968,4.676794200737894,1.2022786040178204
0,0,61.602754189713714,7.982793337235479,-1.1219943934803212
0,0,86.28205611512276,46.194980014558254,-11.976119017178817
0,0,83.641587713245,43.882411755109494,-10.777766313050819
0,0,70.22916586998761,10.844379744312382,-1.4415625121135918
0,0,109.44705902219839,84.78419922811864,-21.380327277297084
1,0,398.82774514615204,5.08604922169291,16.53719432216249
1,0,695.9948070163646,6.349476012228358,17.596774601156724
0,0,176.83805563218883,5.040092326452914,3.263748976665269
0,0,60.75364374096679,4.731752147988685,0.2621156348519946
0,0,63.90960239351498,3.6973037187836897,-0.5981328478605263
0,0,75.98736773556156,3.5074676152361928,-0.3600326974986814
0,0,77.78994838648703,33.44656281436305,-9.505189938517532
0,0,91.18413051181356,70.24517010071806,-16.27677491209579
0,0,68.09258526302999,6.5634174998003525,0.7086941019961159
0,0,64.56993346208631,7.720316199047426,-2.6489824774657222
1,240,320.9334029980583,1.8409400722626343,23.827758469932178
0,0,137.52673635485243,12.975928852103104,-3.9995077083967345
0,0,296.6023447860339,4.914291930550892,8.268401616731254
0,0,66.98056328034188,5.263914305095712,0.630026628158717
0,0,57.375815753836434,6.663314828140129,-1.8746404825049865
1,240,385.3514389459031,1.2847263398062794,26.123815165019536
0,0,60.89732828091309,4.452040440843729,-0.6420372030536328
1,0,361.33724623767193,3.220732353094544,12.905449732692716
0,0,101.75434179026189,54.531463075587865,-14.993038831440487
0,0,95.86383111932436,45.621677797493724,-12.154737722552241
0,0,70.52405075658508,7.562591578673591,-0.012401511055742276
0,0,137.16068369375532,7.037521337270076,0.24704580442586632
0,0,96.35447839805853,9.294246795698585,-0.4965911468440538
0,0,89.70533036029214,47.58680220050014,-11.305754624996979
0,0,63.48744191147396,11.64107121448941,-1.381357165733732
0,0,78.12016776704999,3.4801686807000447,1.0779683548575036
0,0,52.10289354335446,4.770864399256766,-0.9134738050839388
0,0,58.19084434306868,7.177745165472331,-2.273420322007169
1,0,300.6497937415767,2.2803353965382365,9.85896620832088
0,0,79.01225888113864,6.38725263516518,-1.294208949317806
0,0,119.27211150722978,36.7232814582783,-11.528214278142357
0,0,160.56471305976885,23.830253612773912,-6.170382302283002
0,0,93.71872579646619,12.046791783850253,-2.2164646059611357
0,0,68.12167925685817,8.684854637691238,-2.0978398888970844
0,0,136.1198975019171,24.50385429790338,-11.121376412202636
0,0,191.2322764875124,3.4444710805795316,10.88086134334624
0,0,111.78218502362459,74.7291415344204,-18.193137401446464
0,0,101.12241321595766,77.67904636490181,-16.9675459259837
0,0,75.01191124815813,17.740622287488822,-4.155305026108707
0,0,128.98119611505007,98.42160703579346,-25.25234900525478
0,0,322.8637750350835,6.789570059636039,12.262583025481987
1,120,806.0439921153903,9.01686927955282,19.001069325221096
1,240,569.2032612655706,7.781931080342494,23.19688633322191
1,120,514.622498073689,5.245820602239242,23.063022699275322
0,0,174.3069745256335,75.63980180912313,-18.77464157684139
0,0,121.58925852006783,89.75683014074671,-20.514123780948438
0,0,73.43301936918456,16.275418154163162,-3.1137747263345545
0,0,74.505178102585,22.455513030246937,-5.624872406292994
0,0,62.148024265744226,9.162622428556173,-0.7522815726226497
0,0,60.476329744855846,6.146114415697927,-0.6251813969318363
0,0,102.18087232280779,41.854141010484945,-11.672032877209148
0,0,195.1063290940991,17.323227604551516,-2.5417076887871275
1,120,870.217781349414,4.156639161838569,22.200745179086084
0,0,271.642226022475,7.070705835366621,8.3980486571715
0,0,110.62646253588774,73.11292295940812,-16.692415841671533
0,0,78.72610275949253,7.304384390113478,1.2249731768369827
0,0,104.9032607505571,72.24344335498378,-16.555677737966263
0,0,138.5386155978257,101.21987834280766,-23.243776273699893
0,0,129.9867044932147,88.20742186074779,-20.88862386210276
1,120,533.16466204208,5.312356551973739,26.548148195244295
0,0,581.3470364755547,164.60036643683628,-41.15790509397106
0,0,1069.3593164560073,195.22609304499946,-49.167110459198994
0,0,326.01603813260033,8.179803930805615,6.895704924205546
0,0,107.65062251491403,20.975748743207408,-4.686944548722622
0,0,103.36678273400635,74.38599334747589,-17.13617267857458
0,0,68.81042982378416,6.963358769273775,0.35434701286325776
0,0,97.52537986796408,54.01755300158875,-16.031573130565405
1,360,243.13033879202743,2.8735716408339083,44.29347589251641
0,0,86.56659684844993,85.12882021603384,-19.383865363181428
0,0,106.28086390893449,91.51404053025172,-19.237896195747382
0,0,112.34307052007135,51.86490638087359,-12.195085978209306
0,0,272.42674927861094,102.51992120355426,-19.37493020075135
0,0,131.79542928778122,29.12883379022682,-6.965759709209536
0,0,118.99547767462154,69.72918438809603,-16.53954054928414
0,0,127.46350194723234,90.95177710085474,-23.383996501616544
1,240,401.79235113327275,3.15278000561281,35.28514129843106
0,0,82.56627188758617,32.47944877892369,-10.528115444136546
1,240,631.2840513690725,2.458216949682285,34.607833793633546
0,0,113.49986993335416,66.52436947588443,-16.17213153139484
0,0,123.23578699135615,54.916120425184126,-13.37587482667935
0,0,128.50637397381217,63.08244082700505,-14.374620969033998
0,0,172.6361868894154,26.618912005609356,-5.981343644034297
0,0,122.9974236918334,64.01569848915015,-14.350367630444964
0,0,108.20921812756836,79.64846282759974,-19.74907097318585
1,120,496.64042607765845,3.6838797516029627,23.049601461799043
0,0,207.4071313847408,4.780056771001497,8.811834919678674
1,120,602.8085075417862,1.7329493325837957,24.5072535307593
0,0,86.24430704072266,27.743177153446528,-8.905043981305141
0,0,64.15722158470369,5.116584121964741,-0.31903451577485953
0,0,221.6510474420251,2.225209818907357,6.688352089148637
0,0,85.26530803507596,11.448382461512784,-3.977151308490363
0,0,186.1704997003866,53.29597799072298,-12.734086045628132
0,0,138.52225766558564,35.30673209917662,-9.288331274240207
0,0,113.25000053457734,59.13116850909695,-17.023101394812727
1,120,275.76839256739737,41.419238766989245,-7.855503210659322
1,240,524.4606096979724,2.5049319042454274,35.18657446225677
0,0,65.63837963636783,8.01939767557615,-0.5859533390483875
0,0,64.76194361889975,19.98983303165085,-6.173616080761548
0,0,55.32143290618064,4.724074089987096,-0.07861999454112834
0,0,60.540571187686275,4.096500691320487,-0.8842218481277371
1,120,532.37240759413,1.4158610141627137,19.076344502027084
0,0,154.20162478715233,6.424856889851144,0.656721152461941
0,0,126.05380640758568,7.676287391597792,0.6280557141513725
0,0,130.89888310274986,4.062972810399589,4.445261726526766
0,0,113.29482330940556,85.00964607082254,-20.315230552662996
0,0,61.96833073635892,8.739147929356912,-0.10458004954939781
0,0,55.553323316369315,6.286505197441589,-0.6427346846862605
0,0,93.02019787918881,74.52866011209214,-19.513306329502953
0,0,310.683588405588,3.4911738520464093,16.698629616404858
1,120,771.7564965017289,1.740679958389638,27.468633728047237
0,0,93.24668098953099,10.156762181317298,-1.66735633882098
0,0,168.28592914246863,19.64380782908468,-5.501840873459173
0,0,90.11026570162717,13.067084583259948,-2.751961413361556
0,0,61.82441947524506,6.082677935898367,-0.7043349943313757
1,120,508.5610169702884,1.4313021862268505,21.988784738092434
0,0,70.77084241551216,5.456659912521572,-1.5021218832615233
0,0,132.10542514019713,78.02027413489435,-25.31339978391661
1,240,455.6464729830985,2.658999790836654,34.173809995876695
0,0,70.74003100883965,11.412715770358721,-2.0602498560599543
0,0,108.00011319472029,79.60907262124651,-17.848666018157388
0,0,131.26283859304698,64.94491316823847,-14.284751517460492
0,0,207.69032879515015,62.44321632727715,-12.655249485334338
0,0,154.14709834635218,5.137752026112044,2.3546556438618893
0,0,67.1185174427779,4.075380617106668,0.11399589905067842
0,0,56.349012590008,4.726298633119902,-1.081635569919726
0,0,125.56713808534234,2.345498943039786,1.620181064947829
0,0,71.66421450419757,3.419860323672936,-0.9946458720566795
0,0,83.17446842367521,6.223247854279703,-1.6067388442036616
0,0,74.38479483063553,21.193607773067235,-5.947711291067137
0,0,67.68177217542575,10.654817083592164,-1.646162408302331
0,0,93.06786033664083,34.95509364781286,-9.280083025539227
0,0,139.5672041908487,11.621741604200738,-1.121170097005404
0,0,97.20663257848005,17.342110501310476,-4.98308890919354
0,0,179.69539983493306,7.982222987839968,2.745171382807797
1,240,640.8610708967843,3.6435945389000475,21.821515961104467
1,240,574.1859123652151,4.834201158157268,26.636559276131408
0,0,105.17861360856858,68.91736060990647,-18.850424013016564
0,0,85.26049587829432,11.00770182058124,-2.0349555789737224
0,0,87.28634019898249,3.774874620766532,1.161069064223497
0,0,61.29431137729567,5.966244536120874,-1.5481398191595588
0,0,254.97706392826373,3.3629219464404243,7.689840602467939
0,0,342.18438613231956,58.953020958351125,-15.29925440397038
0,0,156.10239837575153,56.10914335853388,-12.254641398522395
0,0,111.6463223639594,74.21743705207102,-16.12447028649872
0,0,62.01122071323362,7.626195914466132,0.7191985980995952
0,0,54.83446984641946,4.695616633241317,-0.13367348795271994
0,0,54.977457218775484,4.134127507295831,-0.8687504373676802
0,0,55.93645941744268,4.8338302505598705,-0.9992112063793144
0,0,58.37454516909075,6.744351821010324,-1.1145704412542585
0,0,69.88545091192515,16.61708451562124,-4.372058011350774
0,0,67.37166296242609,5.614879978810179,0.11333012112862662
0,0,121.03231797193675,8.658526515437085,-1.7008460250905557
0,0,111.63466889594639,34.7469125086452,-8.324961188934282
0,0,66.82835969252422,10.3726773304842,-0.5283529808873482
0,0,57.270220370041585,6.687048853341442,-0.1557392705121572
0,0,71.83457845753745,33.98613861116014,-9.840747295183576
0,0,66.43705596138922,4.750752814678205,1.2186958421433474
1,240,391.13355422662636,1.3633258109719273,21.715942604893343
0,0,76.12241986705271,4.028411171199327,-0.8209623776292716
0,0,96.89783834825228,4.426854371057959,-0.12304217700693698
0,0,181.6346366696102,103.40261269903915,-28.448796364592987
1,120,616.1838321340002,9.671685435145022,17.085351477985427
1,120,702.0982315357653,4.4236141186772935,19.171339386810047
1,120,543.2809151947358,2.368224252992947,19.54841275247263
0,0,101.97804756630136,6.673110488762864,0.8149543719363379
0,0,97.4817360432072,48.06446981924023,-12.615202414927722
0,0,87.87435855115797,39.36913591385806,-9.335569802995337
0,0,113.95901430585474,96.57220219336858,-20.394283754979043
0,0,106.2251131738295,89.93961629258894,-18.946919540100026
0,0,62.83065336114588,8.719957296610817,-0.015471487029657283
0,0,71.57690418256709,5.9339710628894675,-0.5504187634467854
0,0,362.52846192419156,5.154980729133709,8.208058887605574
0,0,105.93079509015094,15.072619865351118,-3.698761025940854
0,0,79.01772852930621,18.292025614630155,-5.227186344805602
1,240,337.71104146350007,2.1697428889681682,35.28488766874648
0,0,103.19805684110216,78.57300767565748,-19.552275473750058
0,0,84.59754618023759,36.91557223011027,-9.463589386292796
0,0,103.01903780719037,89.93049792187338,-19.16117850011028
0,0,90.57272020317424,72.69247438034043,-15.63832558855836
0,0,57.40812918824408,6.15928840379233,0.9690819608914154
0,0,85.31073728902743,4.074435299081673,1.6070715806255151
1,240,578.9415248876569,2.4638854736388525,28.670574235421853
0,0,205.16372543165429,18.223919399154852,-1.312359323621365
0,0,104.64882292025378,51.483627809974784,-12.189506125148284
0,0,76.34367705448243,18.327259129028135,-3.8608779499605532
0,0,94.62528172104568,63.53141409546088,-15.846185682984455
0,0,99.48978275224127,7.96559892737367,0.9915281879777353
0,0,68.85677163043509,4.839858175856252,0.02440121296879738
0,0,73.34841269747733,20.11498682099926,-8.697955343836355
0,0,173.70631080033692,3.6977129805730313,7.454799860176479
1,240,431.6974626105431,1.893621359802152,30.84615683032834
0,0,187.30012658173638,36.96653908526985,-10.731965019175036
0,0,595.7113188007008,85.13964241532334,-13.376693839202517
0,0,216.75303135423374,126.06399478751815,-34.23932586631685
0,0,85.20783988712664,8.413567767226327,-1.818873655605472
0,0,58.71086901709048,7.720726814514131,-3.33446425563956
1,360,130.08783347000843,1.7304093826254658,32.406592328969225
1,360,201.9099592674172,1.3284348897531737,28.646204649894045
1,240,437.3051839691729,1.2906740597189168,22.91898217423453
0,0,94.06802376328001,8.363605340669919,-3.150080758893452
0,0,127.51796037168221,59.294100726285336,-15.499716965929224
0,0,226.4459280706897,64.67031520294424,-13.480898651907196
0,0,145.9639718929075,11.3976448290533,-0.18284065910108893
0,0,96.71272051493291,42.354373528410704,-12.992059138568052
1,120,724.1172099530468,2.077611156432772,31.0571767279083
0,0,68.98037434296404,7.549521372510332,-0.453098939888406
1,120,573.9857175742525,1.411051398492819,23.50581785695762
0,0,61.98684818772005,5.7046770691205975,-0.6633209607522588
0,0,54.15838165670215,4.8034311692501035,-0.8346108250313335
0,0,62.874875324880044,9.705376659801027,-2.026575231478688
0,0,72.80601631224575,11.47355273839599,-2.5529836418479164
0,0,125.80067222399589,7.592020975765832,-0.18030436225518542
0,0,152.7315874087574,89.86739850773715,-21.098439018680907
0,0,122.0142246765575,6.5611550537013885,3.535629430643624
0,0,86.92728188590486,8.807840738356077,-1.8497953413185542
1,240,403.3550947970863,1.5402265120602077,27.91818177608178
1,120,431.1809464465894,2.0934879869948246,17.358478944579673
1,120,684.3994703107278,2.211515116254078,29.632961505699996
0,0,131.67519905261986,84.3568703582418,-22.84303608809389
0,0,204.3097574818922,13.985615138149766,0.22586772576248393
1,120,726.7280402302943,5.5165172693739875,22.63539248315088
0,0,383.0958353940014,49.834924588062506,-10.955169709518898
0,0,99.73100273847537,16.035981507140903,-3.880999238271457
0,0,84.32383138266178,27.272929491557527,-9.389476678874516
1,240,571.1480300967364,2.0510592261879754,28.211092358074154
1,240,849.4292640527583,1.7668625603272943,36.38983595757196
0,0,125.52682706174873,72.99693988296664,-17.680461981707495
0,0,72.77378223024675,11.261473910875155,-1.4869410898483721
0,0,106.61679666292017,72.8672323229699,-15.869313539848122
0,0,122.97407141157389,91.32700202658727,-18.36097684522474
0,0,154.19159237548743,104.25781190973792,-21.751350518191813
0,0,169.38997054005836,28.2060427614506,-6.38777464568831
1,120,749.8187296066702,3.918479935020968,22.581179138069487
0,0,85.72919654800789,12.579044186114798,-1.243800049505282
0,0,64.90823545227308,13.055960062692765,-2.5062523724619723
0,0,66.91508053911903,20.400910553561932,-5.603229339874531
0,0,55.294883857458416,6.041394386140415,-0.9286915861594167
1,240,550.5947586835492,1.3051535568232577,22.789715578321164
1,0,297.3435189549308,2.0975571411472886,10.312086207746745
0,0,118.21019490257423,12.448482906927941,-4.484532208563493
0,0,118.88890738980615,61.15938149682069,-14.87226882996093
0,0,208.750726367983,63.731187995754205,-13.18729587223396
0,0,173.59559151815503,87.5425171989967,-19.558034981170977
0,0,117.31785439520125,50.20752518461443,-15.302805219554656
0,0,229.51387356598792,3.4647489418608184,10.886282677854382
0,0,85.85136524915198,4.623027038340547,0.5897206441157437
0,0,69.52182983535022,10.31222390436638,-4.800612919033625
0,0,206.56674403291606,2.356542919803883,7.393548291347685
0,0,99.72005210608182,3.3185350913283393,2.191402670213293
1,120,603.9029813061045,1.4581963712315325,25.622790858916474
0,0,235.05276237814405,46.62817842948002,-15.43236243281494
0,0,238.14714356158075,58.79674883378753,-13.938578701703946
0,0,109.86512151913561,20.220104380475636,-4.226638374900006
0,0,102.00917638260846,81.05975991853391,-18.450259778152642
0,0,77.4804966648733,6.700908704632978,1.5413497886057996
1,240,325.81244252412415,1.4894741019561795,28.74853365972311
0,0,80.40089202431822,4.495031428981912,0.7224640802887166
0,0,89.87828460297148,73.567274839252,-18.1888679684225
0,0,83.98856178809125,34.478332090454245,-10.455862687738602
1,240,501.65037440587815,2.431164158813266,40.03628050084451
0,0,136.44396140278062,83.92305105663631,-19.599646101299243
0,0,154.8331112551798,14.821342151210986,-2.3303073466802857
1,120,374.7893159451078,5.033857739745819,11.052991355955541
0,0,180.84917252062883,4.238893110657888,8.321959751794111
0,0,108.00360470070083,84.44736098258775,-21.594686632390832
0,0,107.03781787109416,5.510849873481889,4.585846547115011
1,240,529.0672664133219,1.5310281615737904,27.117272071660096
1,0,340.851265667019,4.70803707427045,7.421965383925425
0,0,62.04579569128776,6.499400743637956,-1.8925055234133765
0,0,147.43901980910564,3.803480982022214,3.779452100764047
1,240,696.0942469204599,1.6994135552116139,30.998567134960666
0,0,303.4054761727833,65.09944897597143,-15.800579895323878
0,0,125.59827823770782,40.20347044413878,-11.323772900506484
0,0,188.09592921595885,6.094030776714068,6.290185188050884
0,0,227.9274602122803,19.663140146728075,-6.328256213037562
0,0,67.82269071712771,5.172468435757448,0.18095941973453478
1,0,235.66162207364823,2.091302023666857,9.369376373831486
1,120,425.9719822774784,1.5400790740341135,15.962966148344279
1,120,691.075275089771,1.2396862225602148,21.563405485418727
0,0,72.40035546317449,4.672096940289109,-0.2525412667978344
0,0,90.50824637114705,21.395720827843412,-6.932460245203401
0,0,166.40616127004463,31.40772255689005,-8.45647346434663
1,360,604.295707712566,4.913138597437818,28.67670361946614
1,120,323.6141540833837,5.127172586296268,16.649774198410455
0,0,122.86297803946552,80.5293855179973,-18.51815855829844
0,0,126.2860935798176,99.13619707146738,-22.83108378920752
0,0,109.01784184381681,72.43557168553222,-19.151572275806387
1,120,452.55952825395804,4.6483498295399555,20.646343953357757
1,240,834.6581986087614,2.3229588612724297,42.13047967070777
0,0,186.8703199283191,99.52970927591925,-24.629027635612864
0,0,202.21635025326876,69.32131237417997,-16.181996669335092
0,0,250.3658274453293,73.59152551798009,-14.728365687665942
1,240,689.1344965511544,3.609343343041646,22.630964531574065
0,0,92.33676959167148,4.013282021767306,3.055244240124182
0,0,59.135693472850434,5.2308304303497986,-0.1749517191199601
0,0,63.884578044644655,11.764005875414464,-2.4668023886045063
0,0,67.1470786418623,13.808761702962736,-3.522314024741746
0,0,99.3450893030993,74.21494628572354,-19.266535214299154
1,0,509.79832507017466,2.9366006637472752,23.748435786076243
0,0,101.42195722254866,41.54804748521711,-11.400812917201094
0,0,136.9271948993353,4.4096143873916045,4.9826501886580985
0,0,136.01635394468877,9.10186126645122,-1.0984491044274307
1,120,588.5949494488392,4.750500128237156,19.409318006281353
1,240,710.3134276983625,2.1072307451944825,40.096137106408065
0,0,127.26017840415726,65.58420986409239,-18.73372793834575
1,0,390.66836773501007,3.350480749025063,20.40465599974931
0,0,106.41629579838131,80.49961905524174,-18.323598170458112
0,0,100.4618837663647,85.13562109110435,-20.29184378216297
0,0,243.8802643979925,3.9624085703457577,14.778166780486629
1,240,668.675495799442,1.591082929708275,34.888538447054955
0,0,89.64777719190496,5.468858350463212,1.477192046307735
0,0,207.8304198045905,60.02171494309218,-14.03177175893596
0,0,766.3513731784379,52.18716100894966,-1.704745581491153
0,0,166.39380496641215,98.3619297180303,-20.480940563881077
0,0,127.80867358879642,93.68130325667842,-19.718545583854933
0,0,79.03379172402842,14.779910599394706,-1.8788993476254063
0,0,106.34700980957248,80.10300963698386,-17.201392495176876
0,0,99.63463490620053,78.25088300060824,-16.088063858856344
0,0,81.97039197892526,38.737257369952076,-9.169690705320875
0,0,72.52661081336399,17.816964276039172,-4.6249954982612
0,0,240.61477674939215,2.95673210226049,9.597547978831926
0,0,140.15783550448043,9.697707626315191,-1.4363736714829827
0,0,201.1724579814349,70.10779531213862,-17.759594443299974
0,0,139.59891114613313,6.2999007373976985,5.237960169909812
0,0,94.02617103574694,58.0557314061862,-14.373949907160195
0,0,66.33157393817815,11.195211403967937,-2.1706580281336016
1,0,281.0854347170881,2.4591500846110157,11.394218392862541
0,0,84.1138932495229,3.86904273528131,0.5330555454166443
0,0,72.28136652640555,8.983258373087004,-3.527819902478086
0,0,154.47848534092813,2.9776252099031524,5.097745225944919
0,0,128.9879524058436,51.850842575526066,-15.973217167302352
1,240,702.4287003096126,5.597998268419169,31.307160485783598
0,0,96.75316757122707,15.660471406710615,-2.7682359847894986
0,0,100.98304771425353,70.12336079690724,-15.40881714376205
0,0,66.24612839815092,11.55105166986571,-1.4610602941165354
0,0,55.77252867723255,6.000375705919777,-0.24707237672383542
0,0,70.58682984788469,3.368670111748501,-0.3457554598369086
0,0,57.73738500384488,4.155737161489182,-1.110808267599495
0,0,61.0049358150701,7.043895803971324,-1.8838134227643621
0,0,144.2142626182589,22.986983006995807,-8.564482722320179
0,0,92.83649705316675,13.184914978075813,-3.477389866858516
0,0,228.3874321170425,58.48214338526265,-13.525796390031616
0,0,125.01048093867072,37.28423452798813,-10.402283416868698
0,0,154.68670606122268,4.1290579855722855,5.717383681208503
0,0,71.3896438342142,5.107190052292958,0.1724733932042568
0,0,123.18828890675063,48.79840119707329,-14.290849197794202
0,0,94.38927065363646,78.74443737687771,-18.107109382804154
0,0,83.76423819687015,51.054306327019965,-14.507760701589149
1,120,371.575702099647,3.1147967212652725,18.66274846178335
1,0,302.9461390872903,2.7837628186530123,14.607230940975626
1,240,620.5567846698206,2.809108622367588,29.519493925555963
0,0,198.15987779525676,23.645104842707873,-6.84011790420513
0,0,101.93354220110773,18.828457270139335,-4.709042034992649
0,0,71.15265786578443,4.711214606266641,0.9213203209118177
0,0,57.66181317066524,5.2535631855284555,-0.46490857207719216
0,0,51.7245866031503,4.655672321620925,-0.5838873139093153
0,0,52.16540056925299,5.6447578943352825,-0.8393875174244698
0,0,54.28170663580082,4.827936339322403,-1.1210697019219111
1,0,291.57151543828115,1.955631514887147,11.620804812334299
0,0,119.76512802216503,77.10663216018725,-18.561381283714212
0,0,90.50079858079243,20.40193032384188,-5.344553481350232
0,0,194.71562050602896,60.341215288960804,-13.048607990328392
0,0,153.09710727511072,91.82688078349557,-18.7192921821311
0,0,91.21779860519742,48.425898065291484,-11.122438486506866
0,0,71.59275766020929,7.45592450984264,0.5893719032994369
0,0,73.89105847599325,19.03550853993487,-7.185408300017357
1,0,399.68021673620814,3.8717559559420733,13.933220622077783
0,0,74.0788572871191,4.306952398651281,1.0127591061587395
0,0,87.4972078889084,3.4701465047319395,0.22444634273841757
0,0,82.27394895018222,37.61967216867435,-11.799434238150411
0,0,76.9996324045197,7.936624817101104,-1.0115915053584388
1,240,376.7806986483256,4.531909661375647,24.437357416847348
0,0,131.115299793252,37.54955529108956,-10.51098487252311
0,0,112.21570990418996,7.773638452818211,2.313778993028592
1,240,549.8240880907517,1.8448435137446066,36.633605788174776
0,0,146.96230454611856,62.948206569907235,-17.390970116505343
0,0,103.91309005937848,78.9233321575278,-17.68993082326557
0,0,106.78825454589357,76.72739312984834,-17.768857210739327
0,0,249.97944923155973,83.4277062164417,-22.690493684667516
0,0,138.90483829979848,6.299972482297925,5.60832291683424
1,120,711.197186809543,2.5136874894277748,29.636818790486487
0,0,373.26243957000355,102.12114590151596,-21.751276542867146
0,0,113.59984263219332,11.961435206515484,-2.4233366014076694
0,0,65.75597990598541,8.270269286507451,-0.49872586335602875
0,0,55.09695627817145,5.678183347002399,-0.18423033841457936
0,0,59.70012148754045,8.75571964763185,-1.9994104354686044
0,0,113.40316201932798,12.455035607815285,-2.791791841745905
0,0,106.90227262106356,85.10681483682477,-20.853131558115265
0,0,106.36106652196172,31.562059825276467,-10.938831730669818
0,0,176.6194284103029,5.899364301110447,4.4904078103840135
0,0,231.5623900034329,4.808966355986438,5.22016382037431
0,0,204.92036293038666,6.777904068123752,2.5975483384721514
1,120,504.34373118812033,18.79623794400244,13.620696011143693
0,0,331.3705572912901,155.21797448843566,-39.46852003652255
0,0,171.31221462322625,113.5397718272405,-30.44935334132444
0,0,122.07123371414251,8.076275588553123,1.3350378920460741
0,0,64.6020145072972,8.011011193088049,-0.6608322194721978
0,0,60.73769957485756,6.2765240830201545,-0.5057112475858077
0,0,95.63334638037462,66.3885613432395,-15.5210060075796
0,0,107.50886510489207,78.12680673844059,-17.411286911031468
0,0,169.77543053309927,93.0714048233374,-21.233734603555078
1,360,518.506322362598,9.062909651563519,37.39450540985217
0,0,262.649013501251,4.425909504258751,7.149567102674382
0,0,60.50414276408726,5.911948537100474,0.550471450425249
0,0,51.29290383207142,4.843271247713563,-0.24866284620429724
0,0,51.703121776610786,6.558434613428024,-0.8214485011913979
0,0,55.45592390278205,5.921401266124644,-1.2942934925460037
0,0,120.58749104116811,3.1856477432064687,1.5229669204246932
0,0,80.3458327887743,6.23984754855347,-3.283939108888262
0,0,382.6689647797042,38.09832526453453,-17.339250796655776
0,0,288.7791041779284,5.062866594404029,7.033848559079601
0,0,284.74543986937374,6.096970963945988,6.189895783602083
0,0,228.52956361699094,10.589207049173796,0.9628099101495451
0,0,180.75967433973133,6.386862776084705,3.2272685736982254
0,0,66.82527061661611,5.800530511952014,-0.6027510217007972
1,120,537.2050599693114,1.3865841313866762,20.806828136282903
0,0,92.1455699630321,3.6809364057905296,1.0076917964186691
0,0,103.85071906618049,76.47413633940384,-18.416701400510163
0,0,104.17948743127101,8.058767125543154,2.0530793809793124
0,0,109.51778469042127,79.32249731864657,-17.438610225594417
0,0,93.37592905913239,27.41368486373756,-6.787991720069854
0,0,145.40129529923692,18.103203866653153,-4.227441535567877
0,0,352.04516987335967,15.613987930976505,4.27344875102321
0,0,106.90537870105925,43.323902524265236,-11.635811387878448
0,0,124.96623630281981,15.128265931927979,-2.6568714174468653
0,0,124.97991892528255,4.746632220785957,3.322675606718647
0,0,58.30797416626356,5.725980792229964,-1.6416393455937737
1,120,373.3598389835908,1.7767169931088638,16.171439181174804
1,0,281.15134256050015,2.2196216131409803,10.392581928893904
1,240,638.5980308905864,1.5201677208987947,30.7332387811676
0,0,152.0124505373481,85.298892630085,-20.006864411765847
0,0,161.69254884389483,26.20429506862044,-6.788689201702482
0,0,167.71281203903158,33.31303968910647,-8.661041656824793
0,0,95.12929988063718,7.33890677267022,1.80879700705556
0,0,106.23814964096466,77.64780710117554,-17.203965779685134
0,0,76.02151194339733,21.87468075723915,-4.776153506325855
0,0,73.7751699511908,22.32948205796746,-6.023890023624489
0,0,108.44823891847705,83.83967175070275,-21.72079342515032
1,0,326.79491603166383,3.9440030704700653,14.615537313145992
0,0,69.0821268029686,6.154254528906004,0.39215368772265435
0,0,84.0434396467011,4.020640160685495,0.29267272789347487
0,0,125.17178171333705,9.368029431581737,-2.292643338518488
1,240,628.2452622159235,4.080634238951549,24.290484693661938
0,0,70.11056802723272,7.628561240044665,0.6768160210140479
0,0,54.79916369259992,4.86668670750884,-0.08362389686003269
0,0,54.29686861388194,5.92270575987656,-0.884607576606399
0,0,86.26250708244919,57.428090774877234,-15.855997981407072
0,0,272.7697784051415,3.0405470666919676,13.73444892468288
0,0,81.16525410062818,22.827656986301825,-7.3360114931469695
0,0,114.05556351506361,5.131303107155844,2.5008625891252336
1,0,365.9364664987252,2.8026818134749796,13.374971118388828
0,0,225.69901785625328,48.426414267592484,-12.363400977646194
0,0,111.75837930102993,17.360365291773114,-4.762362392226208
1,120,530.2217759428123,2.2475831727462,23.0195569120785
0,0,90.16289902067811,24.920767071699544,-7.185445287679698
0,0,56.45460797380285,6.920468404486224,-0.09778488758306025
0,0,55.467401661890186,5.7102506100488775,-0.5944869211445223
0,0,94.48782634517832,80.70559460275966,-20.111819545620776
0,0,67.48320410884041,7.380554010412967,-0.16601127273811755
1,120,480.5328393508475,1.8435255960255106,20.2594107337067
1,120,723.4475663125177,1.7205965754228012,24.33562020961567
0,0,177.75450793573268,7.82581369063695,1.1402502942799657
0,0,114.99491465653183,13.790685597911983,-1.8253517804660788
0,0,110.18037730263909,64.50671878139653,-13.921643636305717
0,0,112.17533086424608,86.29123560175995,-17.948892015185038
0,0,109.97147641884182,56.572046869504106,-14.085356313757629
0,0,271.9289602830984,4.125979723249364,14.846456573062838
0,0,156.00112203019884,107.85372767579254,-26.01160003398234
0,0,130.74454266792787,100.81581106473254,-21.81814495241929
0,0,116.2922131773566,55.365714580323676,-12.308151978019396
0,0,128.61216207059945,83.06153468491132,-16.969934272180268
0,0,163.3114173327398,23.0008807612535,-4.675039805402122
0,0,380.5466732743326,124.96984805855087,-32.3297056994149
1,120,619.4692032289963,6.40581561284074,27.127068518227446
0,0,172.54546441421303,95.91808363284399,-27.602191045330777
1,240,577.9829931354125,2.8419562804136986,34.700070455596574
0,0,63.36769345879367,7.422518911110177,0.5348151013534874
0,0,59.1876806365738,5.080431911863234,-0.4811567237463237
0,0,86.3321671611845,47.070563801437075,-12.284469306220686
0,0,67.49058955087393,7.552737709924256,-0.18708895631800715
0,0,131.23329682491283,83.17373468434967,-19.351036170882153
0,0,360.3107434793905,10.861015536649157,8.446016371269835
1,240,493.6131090155884,13.536544404923822,21.025890208445105
0,0,90.02631652130589,45.25128279259153,-13.747109425644567
0,0,154.52662958086123,4.671002266528421,5.311946062485788
0,0,55.97468460629466,4.625097713479786,-0.03260734259485787
1,360,126.87864068731525,1.4463622981133697,30.03885354427426
0,0,49.988134848775275,4.851136564417001,-2.5943147125327783
1,0,279.05993047815133,1.9854846129939336,12.55134042138917
0,0,119.44064468714154,77.94633086263082,-19.519768602508265
0,0,98.17511738998078,26.22221775690341,-7.723436120311931
0,0,203.9604028347865,11.598788650837738,0.3950492932884089
0,0,156.68552521873673,6.325649936966377,2.3048596824537952
0,0,213.8351072555153,2.537261329474494,7.626665675197657
0,0,72.64459650896643,7.357473360152081,-1.884489768589944
1,0,317.9524957589894,2.054292935794721,11.509651603062153
0,0,233.68157542880886,2.431937559813191,8.069217771098891
0,0,132.34359572672741,51.6843944070008,-14.977831618268539
0,0,117.00593141286105,83.73794740914904,-18.30789954977226
0,0,93.7353104498738,23.798886200923985,-5.824531807583966
0,0,147.72948363293554,89.14187797858472,-18.806229040476524
0,0,312.30668524420815,109.02442395717247,-20.392904643569082
0,0,118.82027889238329,28.934582893573566,-7.093763440651699
0,0,76.11933079114459,9.068184481020417,-0.47255973422902287
0,0,120.97352917318634,79.49521211090985,-21.189391680365702
0,0,171.7857671259258,6.336092655368513,7.965176760898828
0,0,112.06232169827176,92.73655919088449,-22.211471753702753
0,0,99.41108783497837,71.76407551747607,-19.07261946857382
1,120,715.7904669760061,2.4432206862447092,31.75969925051561
0,0,89.7941710498037,5.504725837092752,3.4538127215558774
1,120,623.1906498176929,1.8523312672702799,22.270334823795807
1,240,1164.8089280021848,2.6956431602079505,29.190462249316383
1,120,779.0431334504341,7.265794207081636,22.80519755698475
0,0,222.40584755309285,114.967255289627,-25.829113475918902
0,0,184.4262090616429,127.99687279084041,-29.768251959161567
0,0,153.65585025652396,111.44752087574236,-27.817601906825217
0,0,77.22413737267483,9.536706655497683,-1.166099538840399
0,0,89.2098879288639,5.340934937230591,0.7841013775961585
0,0,123.76331046799527,87.9320658361304,-20.148257676973728
0,0,159.40470554196494,108.34727483244941,-24.75204860054317
0,0,196.53979634816525,54.823413379769555,-12.12337218489111
0,0,204.9864521507328,43.88157067024143,-10.540284385045169
0,120,727.4750864774312,66.79714809880309,-16.595508166350612
1,240,766.89432503053,3.90479425688344,30.876687503611024
0,0,147.96301777158908,25.71280911136127,-7.982101410932714
0,0,63.64547790132732,7.492471542508286,-1.2123076970018758
0,0,79.89909573216889,26.043525125406177,-9.961871321431204
1,240,412.7609851875177,2.310361314121669,30.115333462082063
0,0,113.89947732725135,24.988346255454942,-8.004130205829824
0,0,150.2575040037287,110.73960898172473,-26.055821426281184
0,0,153.74944075449608,100.0592967386823,-21.14025621292791
0,0,231.74419770770578,23.58327608038949,-2.8904220853413563
0,0,102.24120282549767,17.53894240946873,-3.583930186242142
0,0,80.97568686439529,17.375533697848656,-3.6830729731585308
0,0,110.26158882486199,53.1872217464955,-13.980971846693038
0,0,74.96812005464234,12.108473446561884,-1.510079514615569
0,0,106.86006847572077,82.83629721097286,-18.00912378132371
0,0,99.5434136444295,64.73623026599502,-14.079993102718888
0,0,99.82510335907452,71.48899383813755,-15.777346359424968
0,0,123.51627508381304,33.28504925105084,-8.70681124699
0,0,193.6702318744891,4.210931551052668,8.034111195590043
0,0,166.090361355739,21.089546081933815,-5.817588694968279
0,0,254.31628508538645,82.85482995652066,-21.67759711949337
0,0,100.80581977756555,7.814320969827097,0.7376977132194753
0,0,76.44100845171943,10.027224282216688,-3.213260970115499
1,120,385.0126721773229,2.010101010222874,19.545157838187038
1,240,462.8034707681883,2.220922497086595,34.835815176370545
0,0,92.48688734474753,49.29271363266591,-16.497659947616
0,0,121.24171764230266,19.07406307612949,-6.7037866647855395
0,0,59.82874040590185,5.507788306513108,-0.2627709974096888
1,0,278.9633926050008,2.319829836048404,11.219298453722757
1,240,973.0344705145499,2.379066531829993,28.440680062146896
0,0,120.98186117609447,14.888233666866102,-4.457943363295499
0,0,247.8746379282076,2.831926884832992,9.59140802688411
0,0,79.08696350585232,5.324605978429376,-0.3458875586309631
0,0,57.594749049298585,6.118686204973635,-1.7022462723075762
0,0,94.78942217833581,56.729416375183106,-17.687975761113506
1,240,336.15528081164763,4.071983338151922,31.993070264050175
0,0,68.26710954979474,22.829810235760192,-7.173598667828571
0,0,66.67709132952278,13.419472069431103,-3.311933485325028
0,0,75.1074628842297,8.335648293322574,-1.599970101996135
0,0,212.08010404160405,74.95077642167077,-15.604629828170062
1,240,578.727182695838,9.490926189540634,26.21561854293806
0,0,148.92629933229412,59.12361318450959,-16.70852132664308
0,0,163.9237345260494,16.43646785736573,0.18558816147833568
0,0,86.47870271981296,52.879409953428535,-14.36703321430332
0,0,59.62068405845377,6.31826337082357,-0.2513946492654213
1,120,573.3791931067742,1.3885998697862765,21.865700365740977
0,0,64.55831967027764,4.892798241384951,-0.33804617421567684
0,0,68.77073094734298,10.674419234256538,-2.7008391800611236
0,0,126.09681541307336,79.66127042035463,-17.976749008875984
0,0,153.38997434331685,17.45424371933226,-3.169245651935384
0,0,141.64769964897917,17.205343965092716,-3.6582014122132875
0,0,180.47277003823226,83.33881112648066,-23.57831911162757
0,0,82.1886564469431,15.39940299543141,-4.624250461062715
1,360,218.9999288133008,2.3784420353399716,36.81719140820478
0,0,73.85482276538667,56.034781348739465,-15.095964927818699
0,0,83.46865047465323,52.01362679065612,-13.336736595975864
0,0,93.09351383675116,53.408463164859086,-14.086275721364274
0,0,265.2616575478389,3.9041453942008895,13.76621604267794
0,0,169.1384347406999,84.06373242778719,-21.106285687047958
0,0,414.46420528675645,9.684656371635011,10.460522980653792
0,0,84.42793607477988,7.224600451255413,-0.3690365513016758
0,0,57.823624067958605,5.063422053348549,0.13301284144326075
0,0,53.41508764488845,5.167250911975575,-0.38689102430655
0,0,55.144851124820214,6.219308201928277,-1.1386546933869113
0,0,90.67445565909124,8.678356986349979,-2.1466900229397226
0,0,93.00268366899418,66.18978374948517,-17.50776130230787
0,0,160.78786336894777,3.769045911655371,7.063660614922611
0,0,64.1793212305124,5.726909866126607,-0.5849124005512039
0,0,74.56102519418621,7.182109421289877,-2.6467262300632086
0,0,210.40136982846266,30.121496229759384,-7.028057500487279
1,120,663.9411497225182,18.2909697462872,2.762872621211571
1,120,710.9126064000116,2.7939819546773994,24.269602516297255
0,0,91.89324063958716,5.105336867983336,2.0630449140030436
0,0,78.07087858522068,28.080865508361235,-8.313299507394845
0,0,76.49440695471091,30.618377042534945,-9.245806030457075
0,0,122.11216822094694,87.68303251905773,-24.724027804347593
1,120,684.51487138502,3.573411556737375,29.670171094010243
1,240,809.5797540678486,4.264974863632019,39.401677894190044
0,0,160.07550546044874,83.53727105728053,-18.631467619889605
0,0,315.81422041130423,114.89560785417072,-22.761647379098896
0,0,218.1167818492727,13.829204036043599,-0.3235522945316376
0,0,92.6546270005728,20.80231920929659,-7.674120998514212
1,240,517.1606868888476,1.842791226056212,28.422714626155013
0,0,212.38211930892152,3.542343533197509,6.80290816335571
0,0,64.52087100142457,4.480321468306561,-0.45536047124268464
0,0,58.83470978684538,8.17244895046794,-3.1626671319912845
1,0,240.67583275981823,2.0027837072384616,8.547383701878147
0,0,63.24754257604094,6.7894432651897265,-1.596942397636326
0,0,77.40722038351528,15.632195793957234,-4.478286577580434
0,0,120.18977676902011,9.431353556160186,-1.411417567309556
0,0,103.62821491232914,8.316243779553163,-0.68933385527815
1,240,550.021698260404,1.580323225190358,24.04649293708512
0,0,64.93871811325262,5.153047677859684,0.06152097409909629
0,0,54.63900219180061,5.37536436727509,-0.8767450563840669
0,0,83.62660144406874,12.296316937031396,-3.969663948843163
0,0,62.88956685653846,10.264822635380318,-1.8053467390939346
0,0,94.01950543342043,81.19296177102973,-18.712507588068277
0,0,59.43062937171061,7.0070333644801535,0.20768564774834886
0,0,277.89444764415066,2.484545297549332,11.187932916061627
1,120,809.6952004863743,2.8762839590430964,20.77156304222119
0,0,154.3375441271094,89.60569477054902,-19.450284636833786
0,0,91.11399431862635,25.152718785357305,-6.8398642745205365
1,120,331.34963092752355,2.784691892549655,27.549129449194396
0,0,106.51788955356858,83.95835496225716,-19.234007207250315
0,0,95.61211394303186,79.68723214726926,-17.380079891923202
0,0,75.21704856057376,18.636067228634094,-4.327355779441561
0,0,62.048255615955874,8.60964612831931,-1.7195829180397482
1,120,402.54402249222807,1.986251019994151,22.091716118422397
0,0,145.53741868824483,74.87733130267672,-19.38976225334818
0,0,607.4591481636439,17.531112739602513,9.83424788197675
0,0,145.8944591829311,67.32308965720244,-15.401514722426526
0,0,65.01797983343442,7.7291584195809895,0.5735940233371508
0,0,60.29541192116568,8.048173246502177,-0.5100599398862045
0,0,64.22321444855358,13.453758912126725,-2.8984325562130238
0,0,55.38522657470512,4.847357999671743,0.09534354932969791
0,0,56.20154180656332,5.584475031565173,-0.9086865447872725
0,0,89.00331093703421,64.55340801608978,-16.42929089576336
0,0,123.11928631940127,4.743919000125192,5.625960747816862
1,120,513.7779163802643,4.429362283985371,17.273967420093157
0,0,256.704565864549,66.86313535797989,-15.233870784863441
0,0,176.0233331165328,65.1039828926851,-16.549622329246645
0,0,146.86313670742425,7.043316881285849,4.452352789791803
1,0,355.71880096781615,3.2027279929440167,17.545974688913788
0,0,129.40185456935598,96.39929247156506,-24.18955608358906
0,0,71.95029694146422,14.29096233596493,-4.578755636389161
1,120,471.20367140352107,7.476696688974228,10.189868403484311
0,0,69.15701280461636,7.464987831012121,-1.0125479006274105
0,0,65.14167890245959,4.865156600863131,-0.8801109336566668
0,0,152.1066871906478,5.383113267725329,0.36597699069213263
0,0,139.61769499486616,8.523812154101272,-1.250436692918754
1,240,413.925289071447,4.739751478751035,18.745769911872912
0,0,76.53622567406885,7.82214793233859,-0.6069042077859734
1,240,362.9803852275051,1.5421527949474185,23.045892127661887
1,120,283.95810527076,1.897913645106578,13.418479177199757
1,360,305.94665770735384,1.3059794128209896,32.71157145678673
0,0,88.56202652450882,5.074131897416938,0.38593976045017087
0,0,94.88438433937172,72.11528079208374,-18.772749922110478
0,0,136.61769783348805,76.27780619432139,-21.213713710327653
1,120,570.0051286910256,3.8450939266051054,27.920686369217123
1,0,552.7098404557922,5.232063179201488,18.128921383139826
1,240,883.0028600539813,3.301718357450742,25.169977328692823
0,0,80.91730049571731,4.7954422166808675,2.4514999117616583
0,0,66.20699065659947,7.204945055948103,-0.7268340609353174
0,0,107.51376228211153,77.79579472027903,-18.222378790499135
0,0,130.2683488636262,96.41317578659755,-22.58942753930964
1,0,631.3410037263657,69.97435521242696,-8.60778999096415
0,0,89.8584805089844,31.326859285948075,-9.329303036205232
0,0,69.21529714876893,6.771608114709545,-0.2526205260742813
0,0,125.37430039626729,51.35896314938012,-14.033652845763342
0,0,164.64219123395603,15.519524714796644,-2.339390459759713
0,0,163.34112914174963,6.911029212235682,1.6725133232018408
0,0,69.73776474337127,6.090277480612915,0.5603207365102065
1,240,426.9107892881445,1.6574003733551328,32.57430495790523
0,0,96.21156471008196,67.49908937319935,-17.386991300828313
0,0,58.652896414543314,6.560795877974469,0.15314469765769445
0,0,57.73784978223839,7.3626078583890395,-0.7809787146437941
0,0,60.6423463198076,8.929304403213596,-1.3122325087790756
0,0,63.626200934054836,5.305191537692638,-0.49979850556377414
0,0,115.15318870361114,59.45171569879279,-15.229775722247652
0,0,165.72794756938134,14.03585010508188,-1.3557035799276775
0,0,176.85844920121158,8.043509376761673,3.8124133918573904
1,240,669.81177694706,1.9079678581056019,34.596822038160866
0,0,110.93135716203334,69.1171706082628,-17.31015735825244
0,0,63.51324278034321,7.829704159377529,-0.49734675194606837
0,0,69.0181347534225,11.864190634580934,-4.977139179509166
1,120,431.3269548785033,2.079316789909853,18.832204794800916
1,240,625.0739772124477,1.921551333602241,32.34924031654103
0,0,136.61535126940373,69.38420241955076,-19.274651364206065
0,0,81.60296198673518,12.791972220567871,-3.0558203434054434
0,0,141.2668307595815,9.766104431197698,-1.1130539470984786
0,0,150.96915907660826,32.235404214158585,-8.472129813418377
0,0,94.79196145541258,19.003834294549378,-4.460046376096898
0,0,151.50442508111985,67.5013852100066,-19.394665760583607
0,0,86.4852436254973,6.579866033435278,0.9811240869577347
0,0,69.97286892611022,14.821671546035924,-6.5993176544927366
1,240,400.6122221118472,1.6592003130218191,27.992125397043665
1,240,457.2650807426008,1.5830431014314883,29.663724672860212
0,0,78.04952711926495,12.401988601774928,-4.527712662365161
0,0,89.87156798838227,6.856783750503492,-1.183071591900955
0,0,258.239105415117,82.60406393242364,-18.028389069449133
0,0,130.362200090941,8.402060607191272,-0.7134022555555077
1,120,142.50229108195205,2.587672951302447,8.30236685865944
0,0,94.9591456443773,2.8850327758386296,0.8582510726767794
0,0,62.83575458741616,12.269265048613951,-4.819175441574657
0,0,110.20491986902833,3.0045527856161156,2.365614559816933
0,0,68.3834061726988,4.600177415682905,-1.2392030114720711
0,0,72.34729704193437,4.503288409668975,-1.5327318158206253
0,0,70.40552093018047,11.618825783161348,-5.586600743678517
1,240,308.763917607672,2.134471020378244,27.69666795030186
0,0,138.26277528930393,11.301851399251632,-2.4801179470455423
0,0,226.44483980908535,120.1727259282628,-25.907374085470607
0,0,128.03932836862185,64.79509176753423,-14.02091852201616
0,0,112.962608782568,86.54717808809217,-19.15209010307909
0,0,77.74290941224582,21.78158746255041,-7.075354152711782
1,120,414.01992248678994,2.6531476179845384,20.065331185476737
0,0,103.11029307713653,4.208426345479983,1.6465057126277003
0,0,66.47228276280012,6.752890366588842,-1.5467078682319624
0,0,68.9965622343284,5.582845655246195,-0.9921941184389595
0,0,78.26427174115628,12.725888399072536,-3.646508026963275
0,0,163.6573144820401,27.646795325217848,-7.790130159455913
0,0,140.34734039239223,8.015481035739889,2.993009856267591
0,0,95.39847458683242,57.98569033453372,-14.18640132330846
0,0,105.40976717496265,76.82358002853678,-19.273842919586443
1,240,736.11656377929,2.6559519862543945,39.69913267469802
0,0,101.32798129859167,55.52047058624097,-15.260179580688032
1,0,331.8537000993777,3.4435936720355675,15.260316810894679
0,0,101.80047954786201,4.4994195997662,2.8987652926348773
0,0,120.55058083508801,83.50597403665347,-23.67343024334931
1,120,700.0438656921971,3.43070666354207,29.052677923162165
1,240,946.0912897146229,4.987143236408463,34.93902132219215
0,0,129.62271499474244,11.079305035910345,-1.527373888733635
0,0,100.09974204540815,8.784857101639522,-0.10235550585746012
0,0,85.33870334504695,31.918885568294332,-8.437715435590391
0,0,62.867546563138404,7.707273968882998,0.03823459868254986
0,0,72.75763401508671,23.907765178565686,-6.253372048661987
0,0,57.84192046618135,5.377882658395615,0.3226855739034562
0,0,69.02366108188198,4.3174564837605285,-0.5688333353384678
0,0,90.84255240075544,21.605183448247814,-7.016607177018329
0,0,107.57128144232357,43.52679529720236,-11.179441758118756
0,0,216.94737673907312,78.54103201144589,-15.016520713072225
0,0,123.40203028747547,38.49891629914208,-10.204166929492317
0,0,65.21672927695383,8.005909634333584,-0.8735376976643323
1,120,409.60711236971116,1.744155976244318,16.729065178555814
0,0,63.817905017292055,5.195263460094792,-0.20834101030604302
0,0,87.39626595707789,74.51533270722996,-18.593719068499595
0,0,85.29072347796034,11.711820710628398,-2.1020353465963666
1,240,380.4911265882784,1.7449983019832969,33.35397317624238
0,0,114.7166030872836,9.185674651592441,-2.96908427522699
1,120,377.5126679378193,2.6974487401969816,15.255645797536786
1,240,681.0517508946505,4.305778760377765,23.032555433413805
1,360,853.3074656567114,16.351677117168595,21.386224014924665
1,360,764.3574965423768,17.815630452611064,10.333222014796021
1,120,380.2864200460811,9.451556739573627,4.003977779048483
1,120,424.1613416890459,2.5378765758358695,16.318375311781352
0,0,71.59103457933577,4.828955207150776,0.11105802187083214
0,0,173.07416684092348,4.993495141820332,1.3659384419521103
0,0,133.18612559358567,6.554565352299461,-0.36608810621829946
1,120,666.308889563899,2.4673930772986634,19.95230745728074
0,0,291.4213806811175,3.747451373525904,9.327823377172606
0,0,333.6025591696479,97.2981342404393,-20.785650210158707
1,120,489.9767282089633,5.703112218089244,15.220539222027952
1,240,457.82644235349943,3.3316208647812697,20.08253573241484
0,0,118.47739713461164,3.5326063063142654,4.473456893130503
1,120,458.77041860678605,1.6345448847622526,17.115956126592778
1,120,644.4039065496709,1.9100161975683552,17.542751478338772
1,0,294.15284929162794,2.0758125704434485,8.732480532112163
0,0,67.46165992989225,6.169135504154851,-1.44456379671459
0,0,133.24431358124204,3.174508106575403,2.7398662952384285
0,0,115.15081946741006,55.00974436139907,-14.312735325993728
0,0,190.71317570224844,48.53984160117307,-11.148773702090253
0,0,177.820483795495,93.41688494515216,-18.431026193737807
0,0,129.74387478669084,100.59208248982777,-20.639559511834122
0,0,95.45119859435039,40.096923401367334,-9.75377344917581
0,0,65.3926025546656,6.001546185612779,1.0690437603309562
0,0,55.94357279407512,5.548293040561685,-0.33835792736965686
0,0,58.167628095509706,4.94389234221663,-0.6127693942421502
0,0,67.01721842510847,8.368169038285577,-1.4480247851189034
0,0,114.71056096816791,89.60178174051906,-19.377635584053664
0,0,124.14445142279403,82.159090329349,-16.76175714064844
0,0,155.93597370269816,11.900416845711606,0.4849980041383475
1,120,480.31827043786103,19.451769743693756,1.9737778329304376
1,240,548.1616778016753,3.873562212769786,27.866325073486394
0,0,112.32070447689075,48.19971843190854,-13.921923685749121
0,0,105.7723850103711,5.581467160465115,1.9616881512982474
0,0,105.54276181185811,7.999813573943277,-1.4794114585870801
0,0,282.85166062879404,137.30548029845477,-43.200593660079356
0,0,85.52080578683766,16.807431406760287,-6.423441320083967
0,0,78.45399201417727,5.3480742316417995,0.2133500440375542
0,0,131.34254241950555,65.88497892506669,-17.930746924833244
1,120,783.7018906900907,5.686998945214496,24.715599748747522
0,0,140.32907800234463,76.36893936418886,-17.68752662521372
0,0,93.00597112592392,5.989160940195078,2.5079853561008463
0,0,66.49115730000017,4.670021752891993,-0.05683954537684599
0,0,81.89981367946132,36.777139768284734,-13.114815905910234
1,240,466.4142320828781,1.9274962333537058,36.001602885787364
0,0,63.17004928096616,11.299164800912337,-2.6040054800648704
0,0,60.77974501538307,5.450341849043773,-0.7007154873741825
0,0,104.87956838854623,66.91535481592581,-18.06482720080207
0,0,160.53188383470498,4.740903006960958,6.383225010681784
0,0,189.38817185474684,6.631228613610571,2.84688745423243
1,240,736.755554717964,3.5317765020908922,26.378385393024516
0,0,71.11319704656921,7.464377322521516,0.8886443632136292
0,0,65.85813479606242,19.888810797422618,-5.2062249081644865
0,0,55.130182265278556,6.461012258533165,-0.6296780398815685
0,0,84.22721982513183,4.657858510561786,-0.8794979952522368
0,0,191.01213023380376,16.06971334211779,-7.352846163461706
0,0,58.02864801979045,9.567138225064157,-3.207131586071199
0,0,61.222599471993874,5.0357795103751535,-1.0500533902363571
1,240,353.2242333052977,1.9485201964747685,24.844919184178508
1,240,705.6645555016119,6.741913848079989,14.86579583651293
0,0,112.20910098215535,15.408503317115475,-2.900213247956927
0,0,77.53023928903774,11.867210237551468,-1.4547089840982323
0,0,117.35732655047487,88.42297061457516,-20.347700436242448
0,0,88.06928207497465,48.6379850148765,-12.287708368650982
0,0,96.25518586272207,48.344005999553815,-13.778300592897537
1,240,411.70618762752383,2.7398188416514446,39.439278494930704
0,0,112.12748136183083,76.27844152023032,-20.117679448125187
0,0,218.59289630116578,5.409613307004554,9.365244323553341
0,0,191.58936232643217,90.63406360910496,-21.298663802810452
0,0,485.93669303560006,103.40907425231741,-19.629378897865806
1,120,456.99315137421956,12.10037935838414,7.016929345536667
0,0,80.4746614242157,7.330578498308718,-0.3646931429530582
1,240,278.95690837960836,2.0713716062420127,18.771407645823672
0,0,121.82775785229111,8.913858944504478,-3.3347918606488207
0,0,65.32171818162543,9.13075235117887,-2.0239649593081026
0,0,88.2901028241568,60.45826325826099,-14.575453407616209
0,0,62.420520437044345,9.067143051902665,-0.5195287814442793
0,0,86.91527133205294,45.220534462522174,-12.39507826846129
0,0,107.24716086116818,30.6733327336568,-9.192073524986057
1,240,807.646910770097,4.337126318293041,33.460751273455315
1,360,487.30241600479684,4.266689521624851,30.829766011961638
0,0,117.64063732146799,8.257181933764265,1.040277926936895
0,0,64.3765969864426,11.152296221762068,-2.3239983082760745
0,0,92.22912804933934,76.64690166895534,-18.750240287602992
0,0,81.64266653120555,10.224225851271074,-1.2640851403208302
1,0,277.14638115175967,2.3224871047115068,13.741106703903412
1,120,638.433159257531,1.5495369921548405,22.50562919577186
1,240,839.4667731959471,1.3504005610929313,29.00274457900825
0,0,98.38006198940398,7.292752240535261,-1.0606265777127533
0,0,311.33935671066206,110.59588093405607,-23.832693833417352
1,120,780.9511281082204,5.178578935372958,19.017090266964445
1,120,739.8737869682288,2.272234991199466,24.97636276821794
0,0,93.6512592450271,7.117835917654343,0.8150600509715815
0,0,82.12141661667158,39.56543718049011,-11.053260990034588
0,0,65.83865377973912,10.26849380838813,-1.4760508652662452
0,0,68.68043924235899,4.044585810781187,0.39596870089505387
0,0,135.39728046058565,2.742491451991325,3.660436371269583
1,120,571.7613561992417,1.3508821318147342,20.466731865053035
0,0,79.80203640033298,6.972475335086193,-1.6246884283402636
0,0,136.17767739147186,16.536149048553252,-5.226937999072774
0,0,154.38132398456682,95.4285794592439,-19.019425926182564
0,0,108.18115004702342,92.41449227273607,-19.51370262588513
0,0,61.436533565711144,9.425242154093102,-1.1675262058162161
1,0,303.04036440453166,2.3006962833644393,14.386171535047268
1,240,626.1201140238405,1.8881606253207688,29.701811397163
0,0,110.325728243167,53.14619629788805,-15.988250010066153
0,0,58.41039545371246,6.951641338021704,-0.5106570264353394
0,0,69.35511609280819,18.616644665833178,-5.990426757113724
0,0,140.00281490615572,3.8011197174757694,4.902397529292003
1,0,486.9999246230275,3.6878884414998896,13.489273562911308
1,120,592.9830923028867,4.732131628876045,17.095464961658507
1,120,704.6436754282861,2.416025308026813,30.972168511956127
0,0,145.74866613612642,87.73993028596936,-20.08000487205986
0,0,110.55773201393946,88.73464129057757,-18.622331667292556
0,0,91.37499005870158,63.75801607618101,-13.842648557459057
0,0,86.32716795943962,55.2946483236818,-13.361174872876589
0,0,86.26173623047946,43.09316370552451,-13.348630771392834
1,120,668.4306369384685,2.269012787850304,30.45408760956431
1,120,737.79076356908,2.4360484523510064,28.819687354154482
0,0,261.01566886585675,21.816568290507337,-4.146966950227764
0,0,183.20476010742806,7.392778619450287,2.5022047128728673
1,0,318.358077255652,3.181881361557476,12.79066116460811
1,240,635.7021214172389,1.394429030123225,27.462419800774754
1,240,706.001644533552,1.3206848612384652,27.521726875355014
1,0,361.7153264567085,2.5236257373993887,14.470080689032883
0,0,279.60263293695914,86.71671625081083,-31.552917234788204
0,0,68.88680651710868,10.956973212637507,-3.877337459700172
0,0,63.82372041524018,5.852194962179204,-1.3214265848455113
0,0,147.44848541785163,44.503348976118055,-15.133111108707794
1,120,780.9785160252626,7.020841776031905,24.535121092353762
1,240,810.8132985963533,3.356741281214945,25.722308806407995
1,240,797.126051021799,1.7704927845948824,28.44234979090379
1,120,498.6936129711553,1.7975560664634624,20.198465634080108
0,0,75.3536253919168,8.213191029280788,-2.1172478437200795
1,240,298.3581415240316,1.4864124221809516,28.958919483091577
0,0,106.8175242486266,5.404521223991629,0.24873666898980673
1,240,319.85643210787623,1.6597284728061903,33.31133168552047
0,0,85.81052709884376,35.57769137971974,-14.309179226457687
1,120,570.1706351433503,2.540129094967506,21.734711201553097
0,0,180.74138927756695,8.029065639300997,2.1635245407153008
1,120,793.2321603130501,3.516323372543384,22.86867895345725
0,0,90.78236359879529,5.690470225198406,2.0625482225373872
0,0,78.09763168299371,4.2709387148665625,0.28860408503649637
0,0,53.70572717762321,5.794310815695909,-1.6456657168366604
1,120,450.50498103345575,1.4351176386802433,16.743670021226862
0,0,59.021981471256645,5.653320354880543,-0.9523584061028458
0,0,58.267351401064545,8.796905732619683,-2.275893211431935
0,0,92.88598461601768,63.39195283883965,-16.96849703730092
0,0,246.45091968434684,4.2258815638470155,12.856330117110204
1,240,582.8182301319042,5.033090204681132,25.73191503071189
1,360,458.24741821743993,5.170325113266408,30.365264380439726
1,360,467.19564925901835,2.176901134862456,34.33356499345862
0,0,71.29480636982046,9.403502998098713,-0.8999627404276964
0,0,99.85624351144,82.15179130100898,-20.18472222808549
0,0,72.89648372613462,24.80333104822203,-7.483433747315658
0,0,66.54486754459705,4.527920374187587,0.5523683891079116
0,0,61.64321258206624,4.129080998087453,-0.9729024105547381
0,0,190.70403883919545,2.523663640365546,5.970875983053972
0,0,204.90483253040824,67.81837674049625,-23.953141513839405
1,120,803.4895700646339,5.945908692325882,21.77336859264622
0,0,199.1845214399641,30.20261940675501,-9.46982973332409
0,0,128.34780518921502,5.096825395952074,3.0624515503279923
0,0,73.17730056428448,8.034096806832597,-0.5597977778249117
0,0,104.5946819054385,83.67423432794169,-19.163804624136148
0,0,64.21479175717843,8.80372555917328,-0.7161657623271935
0,0,82.58669946478406,24.256122316002113,-8.604936657012487
1,240,464.41962993908083,8.3133414952874,25.831137076904696
0,0,173.202309644833,119.13138344586216,-30.796107391774832
0,0,125.3264622299104,74.82724163044821,-17.380233126524317
0,0,168.31000693046437,29.798147830374205,-7.233180507900485
1,240,600.2715883651659,4.711863468949192,32.90662325214096
0,0,88.05840512696057,35.07539766239628,-8.751967898750777
0,0,57.14359659795479,8.023371169861644,-0.6956640294894072
0,0,69.82380542646338,19.854106119647692,-7.270516911053022
1,120,518.2148496295723,1.9091633808298147,21.691985167602994
0,0,64.24721855216985,4.536572628664577,0.5780589625763071
0,0,59.39654184416674,3.945116695713831,-0.8887660466433402
0,0,57.351624605256916,4.552945356367188,-1.1375926190826817
0,0,71.85285785167262,5.804969220024512,-1.6571477440161857
0,0,441.23748124370786,15.878014578519132,0.25197044746833797
0,0,101.25000055300661,19.025888406143505,-4.584758205591143
0,0,136.91039486081849,4.636784461378301,5.1836622816002205
0,0,140.89371573411464,99.9680191765628,-25.208788106926228
0,0,286.86097508395187,66.58806811786657,-12.18740839629865
0,0,93.98816690003333,64.90977531370746,-15.644867120840118
0,0,62.17243646746212,6.294441807819465,0.3337660207490387
1,240,510.5037453109461,1.3584514444015139,27.086350385947014
0,0,79.68645394910676,4.75716518434561,0.16641798448463874
0,0,133.36328551392342,88.73664834288077,-19.778597695633678
0,0,208.6560702805233,56.39494255277918,-11.848712372285789
0,0,180.83458301349583,7.343523714928815,2.1638415778210316
1,0,279.50140193564,2.8343675651180527,12.502167966289036
1,240,548.88133613177,1.6908957660193253,34.40125241553393
0,0,138.22123997140545,80.90461044372984,-23.848154676273893
1,120,429.38685650338937,4.166697435869682,22.261066772404703
0,0,113.11301560513269,76.82028788519054,-18.088256242916202
0,0,71.15671617468391,8.201487134802344,-0.23351375650173622
0,0,103.3181397075046,58.26237115806345,-14.034640944742904
0,0,136.7623119302214,93.3794007165257,-19.456371749263965
0,0,162.14351991830455,13.972532297664456,-0.5449657252280815
0,0,143.76255470005458,13.066636967278662,-2.2737056554023383
0,0,224.18340952317718,4.8384674979789075,6.606387429411555
0,0,64.78889509769441,5.88097639904047,-0.598513292387409
1,120,463.97602730261707,1.804207811411183,18.758979791278705
1,0,441.1661547643909,23.57673511137262,-1.8668096659932303
0,0,112.04960264077118,55.99535143451692,-15.904890387063816
0,0,105.73743594239048,42.086341800777454,-11.119130732703653
0,0,168.4560947147869,113.66601397318857,-27.217191752024718
0,0,197.04352543826812,40.89706945617413,-9.54024895846051
0,0,512.6366020227264,142.8423167162696,-32.31361606629864
1,120,302.47392423947946,6.193571185455863,10.438668556164842
1,360,397.594608715749,1.8244529588228697,32.0374765946607
1,240,606.7016273985653,1.3616049486245156,28.258182936179935
1,120,479.55811970723863,1.8756666344882593,18.22737197237535
1,120,765.7916439599458,1.350537620925911,29.04993026824576
0,0,94.91097873232746,38.743484285820784,-11.478032588255616
0,0,58.33830379045499,5.230111627670172,0.2610060049819083
0,0,57.43585151900847,4.817334338217249,-0.685074990157716
0,0,64.99421945507329,5.272906332590755,-0.8937382452516829
0,0,132.06557889499703,13.08409308809727,-3.9293473968966737
0,0,136.66286069006762,35.249245933837976,-8.980773577962694
0,0,100.35592562870174,19.72928443247895,-4.339461312929032
0,0,72.00137722051731,9.962079010359535,-0.8280058853284373
0,0,70.67714422498545,7.293890683197344,-0.3211216767209777
0,0,106.58758364047902,83.1542272911007,-19.0132067149583
0,0,68.03135921172822,12.62550510055953,-1.5527791288068755
0,0,63.718493453342624,9.102375663849068,-1.0863699906987705
0,0,81.38963437214116,29.10495853135399,-7.8424782695652056
0,0,78.71968655045036,8.54752858149687,-1.1390668416243699
0,0,239.59054120278643,72.78268343979491,-15.933952121756562
0,0,112.06316056659176,9.278420502424742,-1.1811006778936104
0,0,69.57179351265304,7.715716403368759,-0.7721809349595361
0,0,91.07668735050302,22.22822518632968,-7.141419401596053
0,0,87.7107678926992,60.42027004694613,-16.115440012936915
0,0,123.08086841755686,31.661268131838597,-11.078486575747888
1,120,491.6666624477826,2.124988736064987,27.090947423980225
0,0,60.818089232848024,4.622810901188292,1.1778244752618008
0,0,226.98704348132452,2.143138165306224,8.114765435290067
1,0,361.30951823887835,2.2397415453966114,11.98192064367467
1,120,951.2102002359759,2.8629114316021544,23.613039806118593
1,120,663.1164741476059,5.841894831125945,17.73078618575265
0,0,85.37754634908056,5.154939667587039,2.2166493917336396
1,120,297.5482935134783,1.8262637279084584,15.47138954799226
1,360,210.88460332501734,1.4511072756891925,33.051498641560215
0,0,53.75585522777252,3.699244892121891,-0.27422132087863815
1,0,227.11117332056804,1.6607490327312662,8.381900900585848
0,0,67.65337534918784,13.65091209304574,-5.473635138951906
0,0,108.65057622447321,3.6487353542980316,3.747251698724483
1,240,680.2302040718506,1.5879085562925972,30.130170798630644
0,0,248.9599748294729,64.69213287222567,-15.154125384866532
0,0,142.64559019591348,31.20611848480227,-8.013429960931504
0,0,88.13027006905048,19.306854069752166,-4.261845345492333
0,0,71.84351693956881,9.482492779570624,-0.8129519067575899
0,0,101.17505787106697,66.63950063803894,-16.398522444651377
0,0,84.37412380565759,11.803774208977698,-1.1989868546090605
0,0,93.67702610572123,55.92961325197488,-14.762647966699873
0,0,87.01787966446507,18.859952830112938,-6.1029168061817245
1,0,430.9632487814905,2.7246475026082853,17.00970642455607
0,0,91.12922998108694,8.253379905278052,-1.173016231697261
0,0,215.8434033578337,71.86181463287382,-15.363639356194227
0,0,152.44522723806048,9.182815685002286,-0.28747875585028737
0,0,79.47811420019923,6.049158628267433,-0.08641910734230862
0,0,60.330633054547384,4.816311409356787,-0.3964444090928225
0,0,92.5101602725984,10.80428201592421,-3.028095448508566
0,0,91.16742116176378,58.98864252692643,-15.919759427322973
0,0,147.92911162097928,3.747486117911548,7.03475739878273
0,0,70.55526459333002,17.57458744178499,-5.5526619215091415
0,0,111.86661598642695,85.9881273863028,-22.843279149874952
1,120,715.5489635883125,3.444940581011516,29.70080744632817
1,240,1224.630849768972,4.098951749798663,40.80990387836559
0,0,128.01495584310828,55.87314505201303,-13.037511691627515
0,0,74.70838261704712,7.7200707322189785,0.6721133039455793
0,0,88.33820738788557,22.29109898757212,-6.853206252720383
0,0,113.7302526477785,85.52798537715262,-22.73916416435023
1,120,689.8907930219282,2.897382374419111,33.57635357011132
0,0,109.42276584909347,57.64505096296819,-16.543403118022397
1,120,730.0748074174678,3.0929684481778352,27.2723349200771
1,0,627.3006511433678,5.278483934551123,19.493079209617633
0,0,152.25364785146544,48.244397004492306,-13.224468472881881
0,0,471.9019725996309,112.35557487029597,-23.871435767738674
0,0,108.6552013362916,14.547329876989048,-2.639899364386295
0,0,99.97096442222946,47.62794677271552,-12.47484480426526
0,0,92.6716877684323,57.479613540207126,-15.176915068817408
0,0,260.6616664348159,3.5859908292437384,15.95279982515359
0,0,117.65934181779235,81.48126978065402,-23.448471281020353
1,120,599.8587744632579,4.481829464888678,23.559682461222707
1,120,638.4795464084153,2.3674910110881178,25.930073789702362
1,120,680.4159793965559,2.0602416709653806,25.13781919826735
1,120,598.2042994150463,2.0902700702906447,21.969646264809313
0,0,190.05779282315928,8.242687659015381,1.6348176113294528
1,240,411.45393765648754,6.951919293106858,16.535249827913958
1,360,413.7145290740757,2.3575958551792184,31.63500855682841
1,240,404.58528385231085,2.025836381500518,23.566340240443225
1,360,301.4853972767657,1.6498713326698953,36.00916950471101
0,0,53.45478652132963,7.314140794092695,-2.086051392515344
1,120,504.1061727487425,1.4756846418875065,19.642773563044116
0,0,62.086956919259755,5.6973081007835065,-1.11110416889818
1,0,271.5046516179946,2.274747867610541,10.902293051694215
0,0,140.74786600701808,82.2772465091835,-20.481849403584192
0,0,433.33393599804975,7.140606575799158,13.538837030441854
0,0,119.66585815894533,54.179813794805206,-12.122648283499672
0,0,66.65806942356382,12.246442950729353,-0.9537058138022303
0,0,68.28829664290399,19.831876932447983,-4.481002528786263
0,0,86.15268901690838,66.20071424296368,-15.763254060074857
0,0,106.31597168173242,4.094333002636917,4.862746755267565
0,0,58.86783374942708,5.787735553519185,-0.9876499199233706
1,240,337.5057454462671,1.7074855333257661,27.68980938091437
0,0,98.84260717941808,42.3398945953386,-15.52313015618806
1,120,489.45091647713934,3.6252675523113953,21.89433938429275
0,0,382.412044352616,101.76933417944977,-22.139932330792718
0,0,130.3449806182642,24.313303452708347,-6.212675052188601
0,0,64.06935012818347,6.3085394551010605,0.6041088447645393
0,0,54.184647303964915,6.472680054948602,-0.6421164623300655
0,0,75.6368341383845,3.3488457323837397,-0.02779894649114567
0,0,60.80973455782314,3.9475934740618985,-1.0559291445960497
1,120,272.5690848276102,2.167125553787267,17.07244806778185
0,0,93.5384541281036,64.4936657218132,-17.787129115933425
0,0,78.59318747500572,14.389592171067372,-4.708048652061322
1,0,400.40771961870075,2.5437174680432957,15.372875551335596
0,0,174.94502457146208,12.518530295741442,-2.2478671312845933
0,0,108.72101849123662,11.558434626202217,-2.567377126448477
0,0,210.29360925751755,5.290082242195272,4.81642763411908
0,0,75.94401298029335,5.995596322377651,-0.2866914470377111
0,0,76.84386929437122,6.099105261921276,-1.4194386060847535
0,0,196.07481390559983,57.68866103288695,-21.21741247656128
0,0,81.35624968021675,7.520691203264007,-0.6487108341294459
0,0,61.722139888525895,7.060170615678029,-1.8770711003156464
0,0,128.0322773403105,51.72364022110201,-16.853872271720945
0,0,116.77026609523236,45.189695887295294,-13.707738701063533
1,240,706.2236952450683,5.341029694645984,34.30671195060252
0,0,114.81806080977033,6.326400776676922,0.8753182368690631
0,0,63.83594635420129,7.8037604814944,-0.541155996007447
0,0,91.80019427241722,3.756172891161288,1.5282561561387809
0,0,106.42093224625808,66.66985910902783,-19.836129362421815
1,0,437.57353114310655,3.140509145932263,21.081604195826998
0,0,171.7270690156424,34.020514796561706,-12.481613546472786
0,0,63.971871362187564,7.8407691181407495,-1.2096710050724653
0,0,71.52073401330209,16.065562064871987,-4.781405754377602
0,0,91.94297192769324,5.548091342634633,0.33682542881940947
0,0,183.54723376709808,14.67969876668098,-3.99356854661589
1,120,515.6252857978428,7.7293280804771225,11.704238410661304
0,0,87.48273741038837,7.447702273541221,0.6003043994956698
0,0,100.683787109122,55.74733608282104,-16.35828515198132
1,120,549.2800933212887,2.5545590700416594,22.57512372934987
0,0,74.88084940921618,6.451060925013711,0.7062687681372068
0,0,111.56885174100137,87.61547138433384,-20.466985647276786
0,0,79.22927638273484,27.671556791537498,-6.871261515892229
0,0,77.84892989822987,15.516595356983625,-3.5531723030336906
0,0,87.66625685947638,7.346703503053944,-0.22628531049087997
0,0,126.88812896817798,8.698370654932633,-1.221306266853091
0,0,135.5627642407936,24.567150446483,-6.275818275748307
0,0,111.00320510003567,48.03034271047341,-14.36153790447051
1,0,448.0558029486844,3.0506854333003766,19.269166469737613
0,0,64.49670819299101,6.321623649263734,0.3511502220470675
0,0,72.6463422619567,25.090496554152143,-6.8705164786937445
0,0,62.09068081443706,10.3858332695471,-1.8299541024510546
0,0,99.71406666725802,72.67630244811329,-19.37810585576051
1,120,745.7247347954257,2.5209120655128374,28.79974572020349
0,0,91.25001568310886,10.356470202645633,-1.0306137317027861
0,0,214.10803419703382,77.5495914913461,-15.849704794858155
1,240,767.9152957923228,3.7174823103917074,26.60295334292306
1,0,365.1287950113806,4.287561872881284,11.821034880415596
0,0,72.60596889004202,6.81684124378625,-0.014694746120596847
0,0,89.03330047947429,36.41180210200982,-10.434647621412893
0,0,77.39151994266119,27.28610167474878,-6.815774738436119
0,0,92.22188430803553,69.25663186488403,-15.690964316014586
0,0,80.57768919078784,26.223271820343218,-7.583020386180067
1,120,743.4430583092537,2.204825242727306,33.39760804989561
0,0,148.92302321142276,73.97263442798277,-16.595994289912753
0,0,273.33401937486826,104.9706620187749,-19.756922925504654
0,0,121.49009068137353,38.88422341387247,-9.801048965593267
0,0,77.37884056136494,16.803559889502786,-4.306320367475763
0,0,110.90747208703003,3.5482602313372498,3.750897625440473
1,120,273.1808238819425,1.7800521157113696,10.71844323407609
0,0,60.51708287472621,6.433591718647262,-1.4710046913332206
0,0,62.550097252338716,10.58473449916723,-2.2968969196871427
0,0,74.3540401042549,22.420465420873445,-6.158303188554342
0,0,77.62325164803256,5.542594058864455,0.8292316095981249
0,0,116.1380881276438,68.87348702412777,-15.846988843652326
0,0,151.01500209669055,21.747842993251467,-4.927517588509232
1,360,481.3359764148408,6.340279579451537,29.783490723504926
1,240,391.6812218790039,3.203756110901035,21.956330706368263
1,120,268.12986169450966,2.3444225439234962,12.370576431600256
0,0,68.68017851301629,4.958331567419429,0.12440000007067908
1,240,239.9532497266619,1.3163614413546958,25.867860541652817
0,0,168.67060694748147,2.3413645867610158,5.916662637972578
1,240,624.9179477049273,1.2611812654035186,21.941799839021897
0,0,115.69542638402542,5.248176903302023,-0.36871423024417993
0,0,307.3249410292339,115.80535123807306,-32.75376924809978
0,0,546.8870513976073,91.26149848145477,-18.298620930477625
1,360,525.6881687876532,5.390467345611429,26.94812220784476
1,120,346.3875018415146,3.5645783607195627,18.76782512652882
0,0,113.40833126194853,63.80727549296035,-17.253951963356656
0,0,92.54435549269685,21.369621928289355,-7.6900573970293635
1,120,404.8503662414315,3.989050745748072,20.405205530732587
0,0,56.82462258730321,5.500125590188298,-0.1997387368369914
0,0,63.8019211749785,4.101321587635072,-0.8372739367195408
0,0,62.34403605116524,5.34981731685925,-1.055834033464322
0,0,95.81184395560099,27.120315905679696,-8.281009278175318
0,0,257.6428740886464,92.95153759531637,-18.282002902185127
0,0,208.63353419646702,14.278517528743267,-1.3467789854011158
1,240,424.3159655253274,2.158899030840866,29.31291254745635
1,240,650.706891040765,1.5561701240388233,29.85151631849301
0,0,77.8573185814299,9.992642337855985,-2.019933304113451
0,0,91.6538967710147,64.38293852334554,-15.300099836252343
0,0,101.33083798530303,75.27721120544304,-17.26463082986831
0,0,72.06294335357043,6.614538222953499,0.8983139949386754
0,0,74.59189894917981,17.69504667803934,-6.282528894486461
0,0,90.19881732165008,5.885936272897632,0.3635410889296935
1,120,489.9612658253352,8.24643012569763,13.537600585729464
0,0,170.03608052339396,12.012323548388022,-0.5216846337633001
0,0,228.1870559491458,14.701181626428019,2.516883530868583
0,0,139.7845504381379,95.47675593413304,-23.388001737052377
0,0,213.96633346730374,127.15389638427581,-37.378278546529266
1,240,604.8657300720657,4.721418175001356,26.13096963570571
0,0,241.5975223223329,3.4024159347248046,12.67053580524356
0,0,102.8212689327207,3.59900237605461,3.111750820270416
0,0,120.5541063492437,24.521872646053325,-10.306828828282406
1,0,467.259176530171,2.837823729038079,18.93242022392505
1,120,945.5682893252769,3.3428606735371797,26.826527909890288
1,240,411.56072332641213,9.282963443654173,16.736790316032327
0,0,64.11681987264305,6.389674363967162,0.2535926206593757
0,0,72.55583517186352,4.168673804819314,-0.03894808470963085
0,0,51.173161047420315,4.789067298753832,-1.1455872380990684
0,0,159.78066591808476,2.1348180130088985,3.565726819881789
0,0,58.216650879967126,5.927739183537097,-1.7989108858474339
0,0,85.77987439698856,61.48870412563353,-17.140769716607792
0,0,66.53366185089,10.83510705437746,-3.9220449755611497
1,360,150.46193848052488,2.447905086758549,33.77121514320211
0,0,125.433247899835,6.610129747008769,1.2244130779501745
0,0,220.13183424238463,5.709839994582173,6.09535531867067
0,0,82.10152183421748,25.978028799886278,-7.104754060317333
0,0,98.64963345764247,4.034047883737869,3.0353871494013873
0,0,52.84239564364058,4.761611563256497,-0.375689046570443
0,0,54.80235479303344,5.290735617135698,-1.5151732441144503
0,0,98.81780388368612,70.62249593371759,-21.319672795017425
1,120,537.0859860121046,3.922301817441834,24.826055476387026
1,240,674.6715905181161,2.623678287410095,41.200440753118556
0,0,182.40676961393856,65.63022767481371,-17.334183486915705
1,360,561.1880331727684,6.9865905801735035,37.27482390243566
0,0,312.148116459611,64.58574466093145,-18.25581563725109
1,120,606.0173375706113,3.412074873933902,26.58759817910176
0,0,87.22125988783206,15.4109561804968,-4.807656426732791
1,120,534.9916718988109,1.7756796250232,26.042547986915068
0,0,59.333672064400105,4.994772110799205,-0.189556561791008
0,0,72.86012898691507,10.078361700723976,-5.600592647945135
1,360,221.58618251598384,1.569570401865702,29.10292830442181
1,0,189.04535811332548,2.389181660310341,6.667438208073378
0,0,82.6731369099194,4.82704291226298,0.13738795350245425
1,240,749.6149072770265,2.578387627045472,25.380437127385974
0,0,202.3098273906571,105.06380224094556,-25.53208141155193
0,0,151.09862819934804,9.856410052970729,1.9315537743977416
0,0,126.84035881817138,4.270184716575503,3.780699113379953
0,0,76.77949748686943,10.831124535576214,-4.059174091696846
1,240,390.5212256972584,1.7238157329978971,27.097541795779605
0,0,95.80487227969827,20.051708721451146,-9.194028587138106
0,0,76.07640680609475,16.396554229098893,-6.7074695791638845
1,240,277.3906732098143,3.048477134295924,31.908379085203734
0,0,129.78620362867582,76.11363220376558,-19.130362493432443
0,0,249.71738223396773,93.68630644821118,-18.514148038910847
0,0,274.6025016352951,8.093842710915478,6.631528471896672
0,0,87.37458574542919,30.114652037013258,-7.711652907881955
0,0,60.38677488366644,8.001077006148522,-0.40760411521483775
0,0,94.8819300827328,4.912429270499731,1.6045247158760816
0,0,93.76542468895603,68.10236742178489,-17.94379828568617
0,0,72.3023439024348,4.9099746022152555,2.0066440128920533
0,0,96.56017117733471,3.221708128860202,1.7892358176314502
1,0,314.25013909260207,2.007200305247368,12.062659426602906
1,240,565.45814498698,1.7252052828107727,33.46664816362207
0,0,284.12975586672576,72.91854932934065,-17.135147591932693
0,0,142.7767710634684,11.198992676067919,-1.7780921159039025
1,120,279.8067953483542,2.972936522744331,15.038898096246484
1,240,385.6817716870499,2.5365357584080535,31.026550943493902
0,0,92.33742141502825,41.560021212716535,-12.024287521444109
0,0,106.64672385703916,91.31983295127408,-19.545189694436786
0,0,103.46960078349848,82.35936960252442,-17.115253513547557
0,0,85.62065378903466,40.28163718977414,-9.804499386094065
0,0,107.3359221982711,72.01818422220752,-17.556632572157554
1,0,576.6278807168578,3.579948013496367,25.127874801050666
0,0,258.6502642525018,72.9905433062018,-14.50244504611625
1,120,653.029966812135,4.538760622508588,17.489901392812072
1,0,376.28642383091034,3.1854950032773703,17.51258011377594
0,0,153.162482323779,97.55316705558373,-23.379129982043445
0,0,128.94746000531595,91.8698735765369,-22.03228766549077
0,0,81.76623523555936,14.076283545456016,-2.3962722004810786
0,0,106.68374742370304,82.4629566041293,-21.124620999663207
1,0,352.9097257016472,3.6260917162124238,16.066912047412615
0,0,74.37849198217712,7.227230195145473,-0.3205827136412154
0,0,182.0445258684566,6.912926616672487,1.3043169964999493
0,0,793.4869042169296,120.23698770002787,-29.164370248053224
0,0,208.93391707137803,70.72302181957947,-16.93006685613358
0,0,93.35444156047612,14.679415396886375,-2.033951628138894
0,0,86.4014644860517,18.241587596093627,-3.729783106737429
0,0,115.50465185757524,90.65673319267334,-19.199185965136635
0,0,125.42595881429767,105.78823260859518,-23.068375494949727
0,0,94.72221635623943,74.82729938734903,-16.107889245868563
0,0,67.6893049862182,16.015829763467245,-3.7723611900381826
0,0,274.00534075203745,2.8501697178122596,13.13829235105105
1,120,699.0281548614919,2.131932198484383,26.643724314721112
0,0,348.8653148097498,78.3997586320617,-17.577409070486993
0,0,106.9233576896474,18.40183592229744,-5.230293308441844
0,0,65.68551496710523,8.509470393668593,-1.181829863236814
0,0,59.97884115489032,4.488272066683852,-0.24173558544390517
1,120,526.454985120602,1.2073144949135617,20.99681790584883
0,0,66.42085106593728,4.162469901465775,-0.6884302995267859
0,0,55.3814573352943,4.93467154324728,-1.064346479753425
0,0,61.896658507261456,5.750231922183852,-1.1313311362443415
0,0,70.90418280218816,15.584311713378453,-4.342446745674735
0,0,78.18046426156472,6.7290020221681734,-0.5692349156724106
0,0,171.2213674513817,24.083470695349096,-7.479417943976287
0,0,303.21795509508775,20.556832526914356,1.2304843385250734
0,0,164.88664199682796,91.0325429070266,-25.754773558574847
1,240,286.96172997081914,3.740206041054612,29.768209535008296
1,240,462.9478468076956,2.093333442162576,40.89313668652562
0,0,92.8989417307442,49.718277307261694,-14.631452728393256
0,0,70.1574086204523,5.832982670595305,0.4422508343811984
0,0,77.3471562781973,4.392641078165715,0.028131682912999167
0,0,121.26835737949192,75.75101994124768,-20.275241605725768
0,0,121.67383685162912,58.36472721571979,-15.41275897177674
1,120,408.54460629001994,7.728762243339488,15.208766577501507
1,360,469.5428028183841,4.414753397886439,27.534831075725563
0,0,220.10149895016403,2.890692952118127,11.20501064815744
0,0,80.01584579740809,20.061052705060508,-6.835970002071704
0,0,181.4949537582715,9.924759027919752,2.5364235844856466
0,0,108.85893297746831,69.41130484525641,-20.577404387253964
1,240,403.1292351699549,2.4659123798766953,36.270302400804795
0,0,77.94543376320523,4.2303622359177595,3.318437877405273
0,0,73.87103899689697,23.74799695659987,-7.434916502234046
0,0,92.22167459095553,26.79130011040242,-8.496494114994434
1,120,650.7554093706246,4.509979185647322,20.69852826096242
1,240,580.1456410086112,3.7926957832472987,26.62955275609457
0,0,68.26923506074068,5.753751032101247,1.6254703006619167
0,0,62.532333648859755,12.731258888396402,-2.614811161418814
0,0,57.2206024425193,9.313789384558998,-1.2549333358684862
0,0,54.848826964355716,6.062473398807564,-1.3090145821558252
0,0,101.35197973417876,72.83789903697041,-20.409316597742844
1,360,367.17295840240826,2.9229458945761975,44.233661558566965
0,0,108.56689344152382,71.89109016197249,-20.543724478720947
1,0,382.51669884356545,3.7137348802257932,17.48291600858228
0,0,172.1047751447525,19.12841773450228,-4.59338689881902
0,0,399.2713931268493,20.697905562048852,4.675187603512299
0,0,164.98511833596118,62.764907825570305,-17.709064012596926
0,0,78.61397780607172,6.756672541140399,0.4094850495030613
0,0,123.52205647358603,3.21819037262017,2.474728163708818
0,0,68.19582274668214,4.053391030800168,-0.5179066082532415
0,0,65.34668018217468,7.666089688798315,-1.5136303301998453
0,0,88.17877706285168,48.60415752003264,-12.380235647960944
0,0,69.2748964756934,10.381249717996786,-1.2157845372614702
0,0,85.7167552239376,7.477779630864439,-1.1764983559086346
0,0,246.95707469094268,91.15056913383427,-18.60032400820249
0,0,154.53061987341042,68.33138075311389,-14.5891124229218
0,0,93.53291646358574,55.565964975048686,-12.011542629793396
0,0,88.81390240561862,66.3498209020204,-15.055442301753473
0,0,61.032357740287466,9.67160150714853,-1.8728122351952265
1,120,377.79117222005993,1.9319270449749208,18.417023569028487
1,360,364.46742669346764,1.4093599786280473,34.30263273984201
0,0,110.73846279266638,5.344290703412879,1.4436442365687725
0,0,115.35987905602461,86.35520136940835,-20.499339283917465
0,0,99.04553396044992,14.543973659580972,-3.6517866947738327
0,0,375.4716559710208,101.67906736309448,-22.738746732161005
0,0,152.43190736946588,97.23068861951701,-20.018800858796922
0,0,81.67601154692564,33.47907272990715,-7.459444606314733
0,0,58.72847391575215,9.467835161086633,-0.26521746707564375
0,0,54.20854371502659,4.669728907355849,0.02743420128037144
0,0,53.164917840564605,7.075876431666585,-1.0489596122215517
0,0,53.86388786411873,5.700192336017765,-0.8796353779980564
0,0,52.37638161976269,5.654539115732816,-1.7418072191520508
1,0,347.2056931910344,1.9467624464192215,13.751727446945665
1,240,784.9576538930171,1.7695660796336246,32.130167676475295
0,0,347.9633726609303,95.06988744636858,-20.93187829122911
0,0,164.811121175911,60.15224914873178,-17.10346501716583
1,360,320.2210224174425,2.887355460580236,32.538934184808255
1,120,387.52664717178516,1.9898048742971897,22.12297597704827
0,0,76.09944167671968,3.925070087648683,2.753086742547751
1,360,247.26990455795314,1.2705038157879696,30.21497822441586
0,0,57.38018013631212,5.964263654913364,-2.3340959400938743
0,0,60.895746900769296,4.201510859059417,-1.1276482218659964
0,0,72.71678452872013,11.094590760690657,-3.0700077538872677
0,0,125.10019450467743,78.70196439594368,-17.708699419925324
0,0,152.2924625153531,12.984906440372944,-0.7840962461835659
1,240,877.9457083786739,3.9826744741436735,23.785222658245516
1,240,823.7931761280951,2.566816392948579,33.20238716808498
0,0,155.112919184134,65.15644059784687,-19.926030517705897
1,120,796.6405049693351,2.3960903783440926,32.311100752720606
0,0,84.1714237457933,14.79922306310345,-3.4566239364326066
0,0,89.6416727244682,31.41969267458317,-10.355747653697946
1,0,427.20221667693653,3.7495558905992117,20.083698201802548
0,0,162.68008956952963,104.33674393430903,-23.904745799648325
0,0,172.2864128081497,103.36749650334595,-21.208593561069975
0,0,511.1971039856029,142.1437470009582,-30.091143683453332
0,0,84.43739034746747,11.114108080906965,-2.04146012359314
0,0,59.87072916613546,5.824499174562873,-0.8353400103745372
1,0,199.2946172389352,2.0256407751215986,8.174812263117062
1,120,317.5664122827377,1.843925382073313,11.15764530456002
1,120,440.1505799663863,3.1953824883478803,9.501031315941418
0,0,82.03083584219893,3.7212755399750614,-0.22159844527770645
0,0,62.376729243528565,7.402697915938822,-3.205012721414519
1,120,467.2643457727915,2.2020495272949616,17.987892710603546
0,0,117.43828867941345,3.831667252069653,1.7396723501009035
0,0,123.73016383329681,7.692024342165692,-1.1125097000669513
0,0,127.98085697950603,71.09575597896452,-16.549009390842215
0,0,72.04447124644282,9.51339542885934,-1.3970135148054794
1,240,405.4490915007454,1.6005608145701027,26.363579760186497
1,120,444.87445152536856,2.403722411315347,14.731403807390109
0,0,168.15845516600348,2.792249247653064,5.026517556188864
0,0,83.40688596057848,28.744331662301487,-8.852220315537238
0,0,65.77912246916492,10.848413702853414,-1.9331761001279517
0,0,117.5325933490634,95.5606333933361,-22.794830596166257
0,0,96.47167056957448,13.550835628068292,-2.6652623328454297
1,120,756.7363551830416,4.015880179852235,25.823390803621137
0,0,148.48998578136766,33.02699863783902,-10.562577377530388
1,120,232.76571260030067,3.4471242882105457,11.994105436438574
0,0,113.84365857579607,4.183707745610153,3.3046361954020966
0,0,108.57122381582437,70.30669563930718,-16.896286552517083
0,0,92.22644140350366,42.89834606928205,-10.343679107872816
0,0,100.03986498505341,66.32517314459922,-15.09554221167771
0,0,63.44994223035819,7.570731240655881,0.42521008994771137
0,0,82.57920066216674,34.381441279537164,-9.040746430465006
0,0,80.69218904843892,16.268202151368065,-3.6220591821590347
0,0,126.98875915840308,9.652400947435108,-1.0947873258561458
0,0,263.3932257337933,140.63962735080784,-31.883502392845905
0,0,147.71700263266092,106.24636756544218,-24.66338917392322
0,0,112.36931349521737,14.271276257304063,-1.9735560594955928
0,0,323.0039794051076,12.565085065149992,2.471082236992814
0,0,85.48200812703757,7.5923413460750195,0.5052513912433199
0,0,111.34385365430677,90.20553628353629,-20.18488603059012
0,0,110.99743504632106,92.1020274393475,-20.424560798577133
0,0,91.2258472066461,9.052434896130464,0.6457622365068971
1,0,352.96642866565594,2.8527710344777013,13.507788529886469
0,0,177.5303487173581,22.691518556380384,-6.541622185199984
0,0,175.20458630015244,81.61540296317541,-20.88292776210298
1,120,591.4677333630949,3.1491440282164302,27.40740329502549
0,0,81.7448497614285,14.505341512550883,-2.605347603812504
0,0,84.6044668438776,52.18441755616112,-13.27562769384464
0,0,88.94628489536164,53.05933713868061,-14.908474467436335
1,0,277.82645396599696,2.732064526491754,14.52407210814026
0,0,66.40485021953617,7.042234390621426,-1.112324761755275
1,120,566.9582682643111,1.7901913847713538,25.514670637955916
0,0,161.7699854586777,84.45554080366513,-19.40912265260532
0,0,324.1269973644228,118.14182724465135,-23.335500392341984
0,0,131.3757457344959,47.073780138851,-10.493880720668486
0,0,115.51538710485958,85.66963417639207,-18.656740761168763
0,0,66.13697916005444,14.554102776060736,-2.5041863473229142
0,0,56.62298244889731,6.144784653301906,-0.8147537343085389
1,120,429.9686230193692,1.466160506382451,22.345419778338368
0,0,82.8735187458453,23.150855578725523,-8.711915544392397
0,0,78.1340714426511,4.375782380289872,0.5981855348389757
0,0,63.02471534452581,7.709572513044969,-1.341859626310395
0,0,70.29944376390453,7.9169946904379,-1.6045882758364058
0,0,167.31369209564465,35.86790175726449,-9.816890252976705
0,0,301.4234570537861,8.229358449250046,9.22878098533971
0,0,89.22333816212988,37.233195476702534,-9.58141622664074
0,0,60.00450599105903,5.253302377023229,0.7423634426256029
0,0,54.25124097890886,4.945224811967376,-1.1734495157417797
1,120,561.7788231912175,1.2268103819049596,22.430945821563256
0,0,76.37862612246306,8.353278587295192,-2.369350466252058
0,0,118.71536367209113,90.24483985453831,-20.53509578549307
0,0,113.69851168431897,81.14775977653237,-16.74951422441515
0,0,117.98042433530232,69.01872397083012,-14.600187585815618
0,0,137.96979486051404,13.115574208845672,-1.29417724560723
1,240,551.4619671494974,4.7263121698935295,34.91659623091286
0,0,97.45151411157038,66.07897713527889,-16.004286803664783
0,0,63.618095652314274,8.566694848050435,-0.6173135927577391
1,240,573.8896784876706,1.8166900703732152,31.780084736414636
0,0,160.03255313525295,104.9221029044179,-32.109412466492074
1,0,435.00668477236735,3.9145479535079306,18.465836715408784
1,120,808.3616265787387,2.131948442612736,32.45130512878197
0,0,137.9252441510869,65.81151214723485,-16.00482048279278
0,0,122.86154969610983,47.08958387083546,-12.160729723850707
0,0,341.3558562975586,113.42891467574601,-23.313783350598854
0,0,375.07858948280796,33.365840325866806,-7.773686501571575
0,0,95.07367951020353,6.282262772586692,2.046463873372886
1,120,614.9271620464036,1.6428787994460992,24.304106721305203
0,0,94.384163759337,34.141154523131085,-9.864324287947042
0,0,66.01711734679036,8.601202791381974,-0.7650106124180667
0,0,85.7264645579387,16.723026915837327,-4.461911611068999
0,0,103.65336962587082,72.57659237847537,-16.37337611821451
0,0,78.15084314102195,11.458282355292454,-1.2707376355895832
0,0,132.56880919853123,81.38792740933052,-18.204693403950657
0,0,154.7565248447753,14.317317531766339,-1.444230907753564
0,0,111.69060100798545,10.845258732146602,-0.919809263246961
0,0,98.10100224030276,42.727479497844726,-10.825924249412594
0,0,103.24499945884713,69.54230471590881,-17.567290302862162
0,0,62.402082338091866,8.051313777983784,-1.009372245618266
1,240,575.3579701130752,1.3914824129238321,25.752279380803856
0,0,227.2436011545446,2.2692979625480594,8.045640778335425
0,0,67.89170464053545,10.035145099691999,-2.8630406473090204
0,0,77.27075691275603,13.578398304077284,-5.3234018224456605
0,0,424.97966907126624,26.015969669009785,-0.5036240866396895
0,0,279.48296950471666,59.8381743417331,-14.301533348257607
0,0,85.77325980692476,9.37710177726697,-1.0300694846712588
0,0,64.87618274720813,8.083076463623643,-0.4285179962900969
0,0,60.59364094498478,5.535626230252529,-0.13730356281342893
0,0,73.4411869992462,13.86663682493028,-3.2550623125071922
0,0,106.55049205746488,79.27308629000258,-17.357612529029822
0,0,107.88514289064649,84.22562502076097,-17.60436250842659
0,0,95.1541711927194,64.55531399381655,-14.276957688611077
0,0,95.68402989738448,30.193511865458344,-8.158057004617916
0,0,155.2762264411333,3.8769076007589596,6.240093325344105
0,0,139.86898140094027,7.2443844459121856,0.4041376903195868
1,240,673.2779808453084,4.071572722685218,26.128158573368154
1,120,657.6024793196488,2.111169043868546,25.148376533888467
1,120,575.7528276985119,2.0776384555929215,22.515922333804852
1,240,737.6924572708224,1.559405751355166,36.29665875219524
0,0,98.05687096503563,48.049453025029315,-13.041918507397298
0,0,94.82400282441914,76.91474929646725,-17.482831617893254
0,0,122.33443431757235,65.56201677495568,-16.250809573135754
0,0,69.83915444950775,10.562085671985063,-2.2742446184820864
1,240,534.4604642031987,1.930155081307065,27.831831436381975
1,120,835.6769021588784,3.2976054343968824,24.98240760903404
1,240,916.8253958971942,3.721247563976231,24.181698694779328
1,120,722.8243098228729,2.1894831147235445,25.49245690474713
0,0,85.29377287766414,11.60722567061405,-1.4929964985679902
0,0,109.05649780288716,85.61314070778612,-18.519188928892092
0,0,116.33886105758374,98.58038797573603,-21.70311860650537
0,0,67.65541583969596,12.055159314855276,-1.2943357641601096
0,0,58.2860615654181,5.17128802909712,-0.011704029423114548
0,0,65.81921810764935,9.560383375023973,-2.478125897231152
0,0,136.31648742631543,3.3529365453740074,3.2281034380766727
0,0,141.2191626341003,13.483022709354922,-3.9278943101620314
0,0,133.8411570548651,67.91331464620465,-14.115596369693378
0,0,83.55595512825452,26.652026563708827,-5.334223355654899
0,0,99.64913372486652,75.89531111869925,-15.626674474922453
0,0,102.32693743501355,85.55142745926935,-18.31239619272199
0,0,67.59869020357041,5.8511530818356645,1.8953534208741019
0,0,59.916402145342055,5.572314947815478,-0.5691767922030238
0,0,67.01686700729873,14.07305637862319,-4.868178810218396
0,0,109.53491347463103,70.1927845916823,-19.980640159169454
1,240,708.6652554986093,2.83433530247424,35.22548548303449
0,0,342.44497944232234,7.454451708871955,10.595358861724648
0,0,161.6074603897065,61.188714782820185,-16.274592640017957
1,120,499.1716772250894,3.486222325866318,23.357233133401223
0,0,97.77572538119279,23.024432942462415,-6.401803537617269
0,0,110.74975350681127,66.97750846081126,-18.47587637629637
1,0,532.4931592879767,18.87130206112234,5.162526474550944
0,0,81.29174750804363,6.77767439419787,1.3152177889856205
0,0,73.66772112185107,5.869974611887513,-0.9323903523930426
0,0,120.52847552125013,33.91101132242998,-12.725853648782447
0,0,87.55821288707179,19.22670373555458,-5.758477126603225
0,0,144.26449269293363,10.827945198676872,-1.3533099497793444
0,0,108.40898214831263,35.3773254711931,-9.358998845109454
0,0,75.76738018667022,14.262366352902362,-3.5582818843878528
1,360,243.2808589751759,2.088277005986871,36.862791911913575
0,0,83.85327726740334,53.041757381996206,-15.264776618721243
0,0,86.16904694914842,42.73083300789808,-11.649174501885355
0,0,73.69347664648681,13.27338050108706,-2.3571551055846243
0,0,134.05599803325265,106.15711871446368,-24.65923070388628
0,0,112.19058919882342,87.47537480180368,-18.158120653117578
0,0,77.30474808380369,12.02384153784198,-1.4055840845639551
0,0,123.9373189641038,10.37288308944334,-1.806699430745084
1,240,819.0540689066522,6.692328646282002,34.22599430348134
0,0,197.846979911896,104.863833411112,-24.102307472089656
0,0,143.9309518472658,116.05906286411144,-26.1002013371329
0,0,120.88929092337641,104.60440385189331,-23.257530400137206
0,0,133.63751610215542,105.10073055940171,-27.666364639484136
1,120,314.2195090628636,4.181908257169255,22.76219675754301
1,360,323.268064221091,2.2418354586639113,39.240168624623024
0,0,71.75136045298157,5.393542900579626,1.0615035611661199
0,0,86.71226519861244,7.06314599852138,-2.0279754786957085
0,0,363.87414274217537,110.94515857209917,-25.496747626117305
0,0,90.2023768439809,9.109003268217153,-1.939738768216742
1,0,273.110290926712,3.2351140470094255,10.657519270256557
1,240,577.4151926433549,1.4517209427603115,30.310786837770223
0,0,91.30510325879871,14.276487012699123,-4.7015652432489645
0,0,102.10267619211355,81.33653820683375,-19.525300900003415
0,0,76.97709065243424,8.646436371684466,-0.4147321661422154
0,0,116.42647745279045,5.159310240565611,0.6153530941147523
0,0,84.51965612311956,7.863492848803654,-1.6506590512520631
0,0,123.71210549230001,70.18188297665418,-16.674064677201002
0,0,149.29482325411772,13.609140316985618,-1.4626190598864213
0,0,101.78640016335602,13.010545992075238,-3.2520029044368073
0,0,71.8546546169256,8.650908019239457,-2.3142705530816556
0,0,56.849029120991915,5.2768789244246745,-1.2236840451461433
1,120,482.1992399324731,1.3692366431764293,19.80977814244396
1,120,420.8359316358573,1.903164785209627,13.875044313174655
0,0,110.79312526616705,17.947260234462927,-6.310713493186668
0,0,118.51310571850361,94.01778052157924,-20.646291266379308
0,0,110.73611622858205,85.04837207281645,-17.396280488026477
0,0,91.64051455409898,28.57367084982331,-6.758581244560787
0,0,125.96268717034006,10.81031580715583,-1.2144107098032748
0,0,189.84116074754795,55.754068371571854,-14.711684251952306
0,0,87.00073954419693,7.847424698507664,1.0198078978096703
1,240,450.76702535893094,2.175340119250297,31.405991519546006
0,0,108.10578793092378,65.15418807871524,-18.331064394298267
0,0,199.6170374113338,5.375888691640267,9.203809029310989
0,0,114.39128088394011,91.88359806009215,-21.147537498456373
0,0,100.73460665883239,71.51284743817257,-17.5347094562957
1,0,368.2142433808151,3.0724855047760897,17.149097072046047
0,0,76.55392692922673,6.854708563106377,0.34055061481184623
0,0,123.62105427140465,9.962887606970892,-2.168026620155956
0,0,204.128448564188,95.40650910352143,-19.778846041366506
0,0,104.52471575312698,66.47012852641011,-13.885274196325682
0,0,80.64618732353935,35.974492117711556,-8.533159456273154
0,0,75.62137742278554,22.743788551614518,-6.739934178791572
1,120,625.4295666916615,2.0628635184041575,31.353109730308717
0,0,108.42243804960779,60.70359291406915,-15.273262645251535
0,0,90.76190201342226,23.956286389956542,-7.899698183199348
0,0,233.336800549288,141.54967395843943,-38.88308460101646
0,0,168.73251316228593,90.61340829745235,-22.90251753308231
1,240,615.682370255573,8.875160918509401,32.95912459685137
0,0,107.43819611696108,20.57686514698009,-6.5167664761100355
1,240,550.8275559784082,1.9499417833185628,29.47573223706044
0,0,203.61746439672297,6.450197278856269,2.8896557597966392
0,0,58.9536023671181,6.789669780535095,-0.8764280192783218
0,0,57.21109148953982,8.748698574376988,-2.1332635015116637
0,0,70.79469915036952,10.629996055468553,-4.248292009221984
1,240,459.5097563342257,21.975482793283042,7.566629415274193
0,0,152.28510541346552,95.30952082783422,-28.088969817482614
1,120,726.1593328535664,4.931193494876556,29.80776519790102
0,0,399.60072829485875,110.34125241721732,-22.72000455526006
0,0,126.5610723479026,39.34470113500862,-10.826605879189927
0,0,73.77027277397133,8.661142722553517,-1.466999455897394
1,120,364.79327035549653,1.8484665183995932,18.72488773450823
0,0,72.53970396079104,4.182159138707154,0.230744813239113
1,240,335.01358102812486,2.144676168403216,15.758096770615666
0,0,131.8157548404537,2.7640683923150764,1.952652593784677
0,0,79.32986689675562,4.817380363247582,-0.7049215129769806
1,240,337.0882610883072,2.5920956408594855,26.442490295804973
0,0,145.11140961438434,96.12310619149852,-24.21824265770669
0,0,151.42592287684937,18.45099967920982,-4.644794465514607
0,0,252.86549633411806,45.02352206404888,-8.290832144501465
0,0,215.77486554887787,121.20889194842826,-29.12245265872275
0,0,135.4194084465403,76.90908190057516,-17.923328256558946
0,0,91.92211924830616,47.92808050778089,-12.284231528391373
0,0,120.34929778252103,43.05584552798788,-12.80904418532839
1,0,387.60586354773346,2.8700076339506486,20.273497749105033
0,0,93.90256832321799,46.40907762625275,-13.492961913780576
0,0,69.50947353171775,11.555689368510535,-4.038836161363676
1,360,289.4438506412381,2.2890875975271765,29.90846675058728
1,360,464.2217477040274,4.395549228366716,33.518187829111724
0,0,120.03103794354729,67.327970115321,-15.347935451556623
0,0,65.78225688930655,7.030970441285881,-0.1601672220889867
1,120,367.68988266446354,1.7873873549208383,15.673352752251603
0,0,113.84586910717987,2.9267018980320754,1.8454570643825292
0,0,67.33583534992113,9.319713076698447,-3.5939644106387902
0,0,119.39518709304413,4.306290901646677,2.123303099900525
0,0,87.68611763375534,47.578358863562805,-14.095490933237755
0,0,85.12055223761291,12.653685955897515,-3.8078799137844896
1,120,387.63860208433033,3.0907357829808526,15.141438464146034
0,0,172.15111695140342,7.120016691885754,1.8665717356247455
0,0,91.18613699414654,7.431496950605805,-0.6588243178025124
0,0,102.8266762325672,3.5374899230133243,2.896070477236094
1,240,389.5866810445426,1.3516484260085044,23.88158080258316
0,0,72.72620479323258,8.378836918355722,-2.945998689977415
0,0,110.07478191884424,90.5109475554133,-23.565077528511203
0,0,106.9028280879241,31.14513080735195,-10.176051022165026
1,240,614.0261267822544,2.365189308345634,37.43775983897852
0,0,189.9356694662487,43.74323928299232,-12.529951137194473
0,0,108.59710403710227,45.693274695661806,-12.361181717906021
0,0,142.22327667708436,15.911820414525184,-3.386019772984497
0,0,118.27606873781114,8.06521514204778,0.09246907957098927
1,120,393.8142599677183,2.1109612543933616,17.986677401698216
0,0,93.44535108064174,30.513310020346783,-8.99854350773937
0,0,68.23798721582061,10.218571089701028,-1.1972484344792633
0,0,106.19027746643265,88.50527419823112,-19.299448949826626
0,0,96.79894257495907,73.89348581503363,-15.983954157283378
0,0,64.59814891139017,8.754138552472144,-0.3171058733816068
0,0,128.3750117293232,3.3263697246782207,3.319695457924709
0,0,182.6190486431326,3.472943202163407,4.563632813906224
0,0,289.51977956025667,92.43345819503995,-19.799257947024344
1,120,622.1562118185466,6.041026637123531,23.57947614452435
0,0,198.64132019458765,48.60199163625222,-10.970001762115729
0,0,165.4531728503472,107.13853119266011,-24.855281166123582
0,0,134.84177959186863,108.99059285252231,-24.957499212965637
0,0,119.27202081876275,85.03609873139406,-21.081699459497884
1,120,690.9151192570009,3.5804899356672593,33.448344554717394
0,0,105.86970507154972,62.111316296765615,-14.527760459009528
0,0,76.91195366099193,25.928061861071996,-6.83003084029086
0,0,69.19388900252132,7.568449391848051,-0.5118670513889185
0,0,340.9107346292721,4.0972014449686105,9.721002227806736
1,0,362.8763428837081,4.570235426095964,10.0403748402248
0,0,174.34219565901523,2.9987825102444474,6.252193574879811
0,0,71.0444325164458,7.5487655693161235,-1.2569993610075585
0,0,82.9133649910454,33.98784965934667,-11.361970587796293
0,0,283.8237503068591,2.9405818288711596,12.567107733447926
0,0,67.08646473771296,10.101905759868714,-1.9812019376956584
0,0,64.79497689301442,6.501031022408509,-1.113820120104009
0,0,87.67532003814992,37.03355513924234,-12.310984176163998
1,0,420.7798408190009,2.8644009279269804,17.428163700421138
0,0,162.47202755405237,8.746734839749408,0.7470027522729197
0,0,228.67160442847236,119.8863238963653,-24.252413973753605
0,0,229.75807493557554,141.98943500121587,-34.30689175750162
0,0,103.45718779957413,54.361975450157416,-13.396572065732357
0,0,124.8560498153817,96.27687672029573,-23.250439336872176
0,0,67.54159047751838,11.773736108298,-1.7033823219364734
0,0,63.90915461920903,15.646014132476312,-4.178744636126353
0,0,75.66255565484511,4.265620116508269,1.359391625718601
1,120,510.107436710037,1.5332858698019842,22.875759448818755
0,0,126.49503980784837,28.84390455929999,-10.381189881433514
0,0,175.43703217720164,31.4838136639025,-8.784585732979565
0,0,118.5330571812496,41.092988083338305,-11.402995189278926
0,0,238.53311367724874,10.988178183203905,3.664896026556974
0,0,104.31839949064,8.233238991023299,0.2916582091551163
0,0,76.56398201300837,22.123981199978076,-9.35979143787381
1,240,419.56874168608556,1.806171094812976,29.326767068977148
1,240,647.5760530935834,1.4205589514501806,29.946331548916064
0,0,140.5935709164296,2.958373210449946,4.269697145271962
0,0,61.0469359113621,4.821722057775749,-0.6272738418297195
0,0,86.3618279579316,25.58547499900724,-7.627468988404701
0,0,136.39232565686697,7.9880465078545715,0.5901010886426263
0,0,93.69585529868776,9.862830995928098,-1.0672156655603686
0,0,66.52468936068348,6.595269979371939,0.20315201713627573
0,0,84.97763854963634,27.39371180547579,-6.894658854295784
0,0,112.51253325677014,85.16172721027101,-18.074200931228432
0,0,101.03116928206987,66.15199629712944,-13.955931199291399
0,0,102.28991386834967,79.50466258380507,-16.80573547116623
0,0,64.02338241145904,6.890553939672325,0.8503357129368254
0,0,68.17071337737397,5.385357664792789,-0.5665823718877192
0,0,83.98215691510744,11.266843497747447,-3.6355226912494203
0,0,270.6310722872379,102.9281686373256,-21.12770154354064
0,0,96.2098076210333,15.299653217924176,-3.2397969758658576
0,0,87.63416447820711,20.456377032275334,-5.67273444135607
0,0,65.89787334870792,17.46097600808307,-4.980404661698273
0,0,159.42458898836065,3.047753819358421,7.853685378713905
1,120,431.0500376444356,1.5945672952400254,16.852847032539884
0,0,75.29442282703556,3.7807159641997456,0.24422417418477949
0,0,183.80007321317004,2.2447436088649124,6.708832686179392
1,360,345.56953721316233,1.1982885126780027,26.501501469086534
1,240,417.8004526117548,1.4262200301812529,24.840311578241767
0,0,128.18637971790653,7.234858618310427,-0.17644179351692912
0,0,116.07182886642202,11.093634162020972,-1.3381185884626774
1,360,174.91201396946417,2.2907467547481355,31.03104230249187
0,0,68.43149373234,6.842733481929594,-2.64999171225233
0,0,173.54528209107167,22.32504741092705,-10.576653825025204
1,240,436.1085949909819,4.217822671280704,28.045144569026775
0,0,118.75047144488906,85.82956303473827,-22.45088232410164
0,0,74.43306376721077,21.960796296348644,-6.407568328989967
0,0,70.96709792618832,4.657255221683782,0.6760551319602683
0,0,67.79564288183684,6.018931463982736,-0.9706778668628004
0,0,118.05854111358792,9.371255695962988,-2.236464363381515
1,240,523.4501134541213,4.08623575587866,27.025775162943788
0,0,89.17979636189843,4.758575264931821,3.3522974402982157
1,0,310.82195633415483,2.7313815962622403,14.330985942841608
0,0,114.68327507565108,55.56339118315629,-18.7562692765638
1,240,299.6681364302402,3.0730150182378235,22.888842513382258
0,0,58.75977277293493,5.675932632773913,-0.2513840813618913
0,0,69.69403023014739,17.424489890898744,-5.369736795449441
0,0,118.50243848756953,4.759457411346554,2.958410540127929
0,0,144.1338559561809,93.72942197466675,-20.637276844672797
0,0,207.95239579274212,59.81272881711946,-12.472398334599305
0,0,131.38648098178024,7.940113694890731,0.6235960588639671
0,0,96.45645757923067,25.16316375988838,-6.892159545112207
0,0,87.73290721471221,34.54867999564228,-8.859390638078708
0,0,111.41337770034153,79.82765361236648,-19.26263037394679
0,0,76.720198565492,5.408021833651732,2.0712984466557884
0,0,76.35306331081975,3.997042856897821,0.13602469394778893
0,0,97.43550759714007,19.158128245260187,-7.404687014201826
0,0,85.65628302051799,18.333556436119704,-5.883453153685579
0,0,85.21440913295692,7.50030572463238,-0.5810921034270535
0,0,148.6389982687518,18.504076466152156,-5.440547033016273
0,0,151.1276825169719,6.594554335272825,1.8535467945306294
0,0,65.95045565549614,6.244134644761338,0.31893925210395935
0,0,63.86688812554515,5.327054780778613,-0.19491977282976336
0,0,58.41224323122814,5.64527454786207,-0.614618777358956
0,0,72.4875977684547,6.259555737277928,-0.8831333540647108
0,0,95.91239479341746,43.30175275280414,-11.80904574640607
0,0,128.97139042455277,100.46076495622093,-23.46100481460057
0,0,85.09526149137068,22.301027759802196,-5.894924612961574
0,0,131.1027621126855,74.86575104406408,-18.114358964622056
1,120,664.6071204801327,7.85645733632359,19.928867847263092
0,0,184.82817435568282,14.294563117749878,-2.530584970327453
1,120,324.94548345146046,6.72055056316666,8.84795601392588
0,0,100.82586192877856,4.648052020520148,1.562173842501096
0,0,113.68191569485298,2.808240238339376,2.129696681532934
0,0,58.71322691723319,6.454195590560081,-1.5879332598815807
0,0,94.29147447800595,81.98244806783056,-21.301617531845594
0,0,125.75521462989848,5.2103312428197,6.62305301326991
1,360,182.6411426209121,1.8995757352951563,36.08219371806625
1,120,184.2124110006262,2.6609669096576414,8.874988711141896
0,0,182.63643815668507,8.509676152627732,-0.1892553765405438
0,0,222.15402835227493,108.81847728810494,-23.37192267183964
0,0,131.95686609514811,74.24035932208047,-16.779130774042954
0,0,69.09506124557836,12.29242376093609,-1.168197267690033
0,0,64.87264022896488,4.597613099532046,0.5453143135052159
0,0,72.00792379423083,22.922300692796718,-6.314243172963884
0,0,62.18617010218756,4.9585720707642125,0.47741553335941944
0,0,82.25441125356704,5.004156253503661,-0.4991485794970174
0,0,79.0073900440651,21.850955305327805,-6.3855976575622435
0,0,76.8993139559,7.828102307831593,-1.0972707831844275
0,0,232.34135859096344,83.60861526900757,-17.254147469571862
1,360,671.7269359937414,10.301683269968338,28.54883198681803
0,120,416.0128468939472,93.65006399295217,-21.47787959473301
0,0,168.17903011196026,74.73848371312661,-21.42358170642342
0,0,141.52383053907835,47.64170735433378,-16.07979447434832
1,120,245.72711235688564,3.3374949220840833,18.83204627624805
0,0,69.17706062385857,5.723864092060391,-0.976564189126023
1,120,298.3855974574241,1.9006200973805276,12.929238083526684
1,240,525.4888808813608,1.3025662281572312,25.7766172626211
0,0,78.106088382544,5.789669958470572,-0.69054916418348
0,0,138.05334161076289,15.477069782894114,-4.88895002459607
0,0,133.6906595438334,33.34012045597432,-9.385682801509162
1,240,474.49702308361555,2.554623820942178,35.349584374124305
0,0,103.36629528349607,35.00700627222322,-11.102063568511355
0,0,66.65404512283948,15.036993784517938,-3.9715397517187796
0,0,86.81300308139214,64.4734796849797,-15.719989063044991
0,0,57.456607841899334,8.696073013222238,-1.0180115067496445
0,0,60.2420644304369,7.683369831559764,-2.316875541300476
1,240,227.97602388637338,2.450085409764171,28.972921955261725
0,0,187.75931629847045,90.69402971137218,-27.786342048199344
1,360,612.5533460777319,10.031232972113616,30.178783154843984
0,0,153.5844444247984,63.555484283873945,-15.284501610649983
0,0,103.41146947613402,5.992583487793929,2.5412425484928747
0,0,72.81815723076902,8.676483496879916,-1.7795399186867655
0,0,64.16006693535667,4.819248438008194,-0.2763296176318022
0,0,72.80014990203492,3.5162340298374417,-0.5390794029648589
0,0,70.44478903640326,7.196788698611672,-1.8883470533764353
0,0,72.90191369809787,7.779529656700953,-1.4345507081249878
0,0,111.2206306997335,82.39243542823883,-18.975072435089658
0,0,91.8453457929384,13.868569876204305,-3.0348589067643275
0,0,375.08811177184583,35.07107311444804,-6.424889122866844
0,0,265.66714835603455,104.76226790103551,-26.029702852720042
0,0,372.0827866630299,8.74322971783143,16.21639504276861
0,0,132.25654613443965,93.5986675708428,-22.9468446044164
0,0,74.30523837293588,7.346276192233098,0.6164310202742627
0,0,68.79230346643709,7.668766360170284,-0.9597242348595074
0,0,53.191489561403586,4.930490033873707,-0.3405401994474886
0,0,52.119625565520984,4.925698918461103,-0.8121064744756126
0,0,57.20044126269331,6.7772114365398055,-1.8245591877017233
0,0,109.16195715398148,46.51378005800455,-14.238553927202531
1,240,811.7015921308852,4.3824632293008925,37.01343737665728
1,120,627.985394413657,5.948708097112075,19.057058078094613
0,0,278.6125415981892,43.68031674936482,-12.81624092762867
0,0,126.91288691967641,20.216884433255412,-7.835688391550619
0,0,70.93229055893742,7.3426713494160625,-1.9414771883465534
0,0,146.59016442167226,3.865565589362161,3.180600711733433
1,120,557.6565335782605,1.5739172854904258,19.01160552503515
0,0,109.31721580953213,5.147448868287299,0.46252535729321664
0,0,125.4506714215626,82.6914717821888,-18.70000575819863
0,0,153.71706497176737,96.74970358878659,-20.20867966537584
0,0,273.0067700416004,100.86635557255494,-18.468536967298505
0,0,150.9069354521692,6.053688483949023,2.1808770383027536
0,0,70.62476596724802,12.598174354605355,-2.0118435739653506
0,0,57.56017973927364,8.96274564878328,-0.9077037297594899
0,0,56.31071938480574,7.679458606432957,-1.5484515723135246
0,0,70.17434469166963,7.982241036871471,-3.2042729681677855
1,120,383.8921708229677,2.4698703068725187,17.44117278965996
1,240,471.81273514807606,1.7671085911879763,34.95417569584647
0,0,139.77592369771193,34.720113306668814,-12.189495557244769
0,0,174.3025761349827,97.3384341179803,-24.289079315032332
0,0,235.0150586479775,15.055806290054033,0.3844391181496718
0,0,195.7227839487168,47.30971346885843,-12.620232737005452
0,0,95.85510235437299,7.913369542460422,1.497878717457212
0,0,102.65126206521974,72.33755100524303,-17.52781389924587
0,0,74.88011256542158,10.020309698247697,-0.6776563218834184
0,0,135.97181457132,3.2543353631090763,6.367425994912452
1,240,572.7621941213544,1.418260520094657,31.03877800787191
0,0,95.0082874574477,39.720684120064305,-12.72564757466371
0,0,88.29575384925845,5.69386976028209,1.1209321666369192
0,0,99.30404143571108,44.269758410399774,-11.48827817072275
0,0,128.74977048325493,9.717908102373906,-0.18537695594700665
0,0,129.66237986300848,47.89314119259642,-12.441455513079163
0,0,140.78503694244085,5.931743812401936,3.995312098158294
0,0,117.01145207329132,3.8047606583558125,2.9399272768633438
0,0,143.73431657863398,33.985748752079665,-12.354666605383088
0,0,88.67220167588854,35.395843777515694,-10.574915404895407
0,0,138.8233433761161,16.632175310861317,-2.9843813155789007
0,0,85.20952329179582,30.982866404329197,-8.544863409426696
0,0,95.246038609818,5.163159647759519,2.3099639798561924
0,0,139.7647123359757,90.57072594775288,-20.31415791045525
0,0,157.06174632419925,22.34573701573951,-5.036800278857513
0,0,118.03778479069706,12.62615035343578,-1.2265902186154136
0,0,119.49681485640654,90.71196322907406,-20.74343671952954
0,0,101.85233067888484,59.30096296806297,-16.404350643445213
1,240,458.7469756380595,2.5038683650640836,33.03877488571655
0,0,66.61488470917128,6.733114945222034,0.2598382516424351
0,0,107.70937730548931,3.6161755783044014,2.7353960720475072
0,0,105.95337651844072,82.88438705051078,-22.105882545636348
0,0,99.38521894975885,9.890224011040958,-1.892954659313176
1,0,271.6408883675863,2.8845625985679635,12.758503034182638
1,240,723.2816064178578,3.1499589419888134,27.677022217649565
0,0,131.81388439082127,44.97080445283346,-11.574322041220341
0,0,102.68557631393118,5.017763418354149,3.3423847467921064
0,0,67.65895835793921,11.859126978792627,-3.0230862622378822
0,0,103.3300085606268,79.43067599386593,-21.622807823669888
1,120,466.1576290654245,3.9938332878707117,24.07471980739942
1,240,655.8121076035968,12.265188674848886,22.535525794843053
0,0,120.54323506925881,59.22932275221928,-20.116627941724488
1,120,505.28367180462425,4.457691592607474,18.660793399631302
1,120,794.0934286844079,4.122297269596863,25.18504715911895
0,0,385.31924454010846,50.722525420116355,-11.128752808862828
0,0,191.91667967605028,46.92792952507752,-13.930547095025219
1,120,486.1057816823723,3.240799266320134,21.594644208237554
0,0,78.77228019329696,13.817817804519617,-3.707347447554625
0,0,105.47251225808712,5.458385851159095,0.38821714365973037
0,0,77.84855580830337,16.35055627231223,-8.336591166763142
1,360,173.53535170393218,2.0188362902447796,32.16048699168748
0,0,140.35120598829928,3.1379261039112185,6.756726424953044
0,0,104.62748845838561,73.37323331136417,-18.18203053484207
0,0,103.35466448759983,8.053689030529645,0.6381480620173932
0,0,289.5855967152017,100.26239888038488,-20.760202698471375
1,240,678.379025738657,7.88369512976552,23.50948491948067
0,0,305.15594496334325,64.65708887265848,-20.496802987071547
0,0,147.4276610786105,8.283092220939112,1.2772156079110175
0,0,81.31358642450962,6.042630293572618,0.1485001040586127
0,0,79.7748865405167,17.24115865830511,-6.726153632595441
0,0,170.9508550902978,29.214748985086622,-11.131791081126167
0,0,107.95585722281099,6.1543420667087965,1.970871659461153
1,120,429.59339948704394,2.17840777776721,18.690911924676513
0,0,150.3583042348295,55.05280935056642,-16.617975529243992
1,240,1031.9268354943079,6.000299448761675,29.94234744928727
0,0,164.84049290316946,72.8739249038514,-15.796136091891768
0,0,97.67201178308875,48.09893263999301,-11.397536867108457
0,0,89.9102976318321,10.12383443069389,0.0788153482171623
1,120,602.1547343829867,2.1122808642091613,28.997027343201424
0,0,133.592806687911,78.1928156564552,-18.438022145871116
0,0,152.36211125803,107.33845670481807,-24.70451945444111
0,0,159.46166923531644,122.36411660000338,-30.545473707832777
0,0,84.00656911682535,24.532907823914563,-7.178037187308931
0,0,81.9314186102203,7.5980421326754,-0.5249184122418455
1,120,688.6746153348593,3.508575148931826,23.45154110445509
0,0,127.42749862582254,63.15134480967281,-15.317864482077269
0,0,79.631309693125,8.037022554839314,0.3193883880037589
1,120,528.8233597812522,1.7251137967823393,22.609701909682485
1,120,592.1831293352393,1.9004348691947228,20.05499577582964
1,120,614.4361746859181,1.6242901019006462,20.90438045371883
0,0,69.6557596970619,7.772230628360939,-1.591135334649536
0,0,71.75261308743238,6.861433181018794,-1.935495754951603
0,0,131.8746116555544,91.06435252014836,-26.3380267220031
1,120,621.8480977518216,4.615694619292251,27.537948607265335
1,360,982.0721203846173,4.774377192013134,40.18976873163635
0,0,100.93315772133018,9.021645053288646,-0.5624925932236948
0,0,86.31028856851417,14.967811846765027,-2.447695619031961
0,0,112.01140012403596,87.80902919817736,-18.840759665243283
0,0,93.12324831787772,62.00585941549697,-13.70531865115639
0,0,69.0146205753252,5.28002938287361,2.0360650563046505
0,0,72.2494271819244,5.407328750841998,-0.15825443155102903
0,0,88.61018776852947,54.768732033926554,-13.981843698733812
0,0,73.29214617171611,5.301435534236759,1.5957797757094454
0,0,79.54018478785018,15.865714163549498,-4.403101227954394
0,0,167.6882354644672,6.64689111192352,2.5177078273435143
1,120,711.38001475907,3.9330473083474415,20.508517355589447
1,120,641.6831165061528,2.2320009926234423,28.249422144158018
0,0,113.5567089300635,68.27688711719853,-17.216171708256084
0,0,92.79979656416667,33.140696706892165,-11.378445949391192
1,0,279.79897346807314,4.93385798315226,11.470074804362397
1,240,563.0761670562757,2.16804334703922,26.120137534592956
0,0,76.2557659217579,4.890886397722943,1.3410404612480704
1,240,316.1849548645116,1.7665800929842645,27.166212032882697
0,0,85.34295436693886,20.79994395675073,-8.432822496258495
0,0,182.90396913441543,7.0853684173342755,2.3290601815252074
0,0,108.09119842379077,9.769146595457613,-1.1849790984871618
0,0,239.603260260287,3.10335814754993,12.09316896407853
0,0,138.23569344583794,75.68636109078955,-22.20617195008515
1,120,357.01820799549927,8.301545550748289,21.275852830513358
0,0,146.87439341339402,63.923735063833526,-21.088045485564436
0,0,210.25710714953908,9.668555733082314,2.822306510634135
1,120,610.6533773492777,2.796925526102726,21.608065445713848
1,0,485.06236552499035,2.4342324941688607,17.59708107035894
0,0,348.2362996024488,2.635373834211468,12.313478048856638
0,0,208.88539874151846,16.03900291501459,-3.8433986375307967
0,0,116.73596318257931,19.15102775626671,-5.151076303621167
1,120,502.9626365237624,4.377251571454257,23.751172873089132
0,0,89.30591567938738,33.45681827406334,-9.796816520231658
0,0,90.69107432067398,26.517332056307666,-7.882911068450468
0,0,76.82216641060576,12.650274688943355,-2.8848210964732885
0,0,89.77501877917338,57.23575307556335,-16.639280422749664
1,120,451.9372693374506,2.9411857945878457,21.173978240535845
1,120,539.6997636645305,2.188254426903944,22.504995121560384
0,0,124.67468421738559,38.23081598518911,-10.865923764253338
0,0,156.85649565119985,21.035785236697496,-5.421810140067095
0,0,132.96517447973218,40.29354594076015,-10.078028433022254
0,0,109.28359306038178,48.2381592592047,-13.642513600509474
0,0,65.59714472401637,6.153192343402023,0.26058857279268466
0,0,93.37408128161671,3.198788114979697,0.5028788969020326
0,0,79.61388050336821,4.1039815636529,-0.219897012810236
0,0,110.27632570075392,82.21692664589881,-19.112206835177105
0,0,102.77631012519194,44.17127567490409,-11.498597728514554
0,0,163.09035285830254,105.87064448644016,-26.490230952516683
0,0,380.1239063131683,37.794477038785736,-2.821905082839365
0,0,234.92441552518375,42.488954326913394,-9.899510122732309
0,0,117.16392205848088,18.737112926603277,-3.4831018187135783
0,0,114.10862760433294,82.11925972662708,-18.195018488273845
0,0,70.7520302266332,18.61081482865755,-4.258363221280959
0,0,63.622301329972665,7.42854458027762,-0.4857748975865803
1,240,444.2864275051639,1.650007264438406,36.3931120076646
0,0,107.90570650054492,84.51009941609391,-20.470214141803567
0,0,100.1713745983013,83.6748191165624,-19.029592249373252
0,0,84.36214159195161,8.749561318082856,0.1629569960803252
0,0,109.4258946012059,42.23235124602815,-12.952170586714317
1,240,816.4409714177291,4.5822276538526765,32.89657317588903
0,0,111.20932864953022,24.39980343618886,-6.8070720698835885
0,0,88.18739246721927,7.124927382132068,0.402600060356761
1,0,330.3194779584443,2.460582726486606,15.625987408654183
0,0,151.5038129339674,94.54697090564922,-27.429881378361564
0,0,192.44564283210343,5.123898491981534,7.1846631102797005
0,0,73.71087182806848,14.445960198904373,-4.750505204471565
0,0,61.997379385953586,8.116064678502587,-1.1138095522004932
0,0,58.451290284312556,5.848152430348208,-0.5066623589030286
0,0,68.90633287766548,6.73168094966908,-1.355212172413772
0,0,180.52260335086373,47.80597519985342,-11.906212335363335
1,120,619.3447333080014,5.399488251556878,23.579898860665338
0,0,142.16491864855232,72.27463208142183,-17.89887941175469
0,0,79.95787886289011,15.968674863761205,-4.105017657186721
0,0,93.30238071237329,4.020717320295173,1.4138533165328226
0,0,54.69762094967535,5.672605745042031,-1.0736937904209611
0,0,63.20096838019327,12.0266508695955,-4.9010872617941175
0,0,143.66149373961107,69.02597246188192,-24.562423423648838
1,240,711.5622078893277,2.439510030980484,31.681560171854443
0,0,117.2183464747556,5.317903019354764,3.929981318568977
0,0,219.72056204441608,65.77836690578182,-14.545905549361322
0,0,131.60901914380673,7.511700980672114,0.6690327600681485
0,0,73.9285128128755,5.4272047955594385,0.7822150068170117
0,0,90.00056666469933,44.13642660487713,-11.412189265345361
0,0,96.84964876408567,85.4216477031466,-18.69041538575003
0,0,79.16822604033793,40.64165400156182,-11.720185529619158
1,120,497.1959836266673,2.5648068589035584,22.82108111598228
1,0,395.26468596511853,2.590494466152231,17.593022995405477
1,120,840.3505323071277,1.6213340089597137,31.60381210562369
0,0,132.55331280672794,55.037395477662436,-13.901004520722097
0,0,143.25617297229118,12.2661660299048,-1.5142168488454644
1,240,558.4917743595814,5.969651742042947,25.515938786378868
0,0,225.2317455298954,5.74210940678149,7.711578780018115
0,0,123.42280928248309,18.607423415638042,-6.888915198730132
0,0,142.62971971418372,18.220874527540214,-4.43612592646889
0,0,88.81068863306834,50.90325759217349,-16.177922742526334
1,0,299.391922031792,3.3565930535437225,15.741610841117236
1,240,469.58696810182636,1.6722234788967216,26.27261124664642
0,0,64.09323520318678,4.540790236101157,0.49112210423088243
0,0,67.56663183047628,5.329314970748639,-1.0529648476573925
1,120,626.967416371276,2.7617944399585292,21.526121921783812
0,0,99.84982730239781,11.358418868886746,-1.9852335928903102
0,0,68.87119109669241,8.537250560507202,-1.048505192369987
0,0,210.4152678360346,2.8014479365588216,9.333688563628783
0,0,105.15795931020313,72.6536617429953,-16.79137897422801
0,0,105.05743114450341,89.43954982575302,-18.996033871730774
0,0,86.2461208100632,47.02532209907041,-11.982126870332579
0,0,154.65505578623018,5.342446994844797,6.501670073385924
0,0,112.64286391994668,54.4001166635306,-15.836045779552563
0,0,114.84722848797797,27.291325064465894,-8.835190139007295
1,360,357.829416333058,6.24855395012497,31.313775993390024
0,0,155.5511031846929,78.6344826769584,-15.370297135414745
0,0,148.39289244135662,105.21464882663919,-21.406720616349872
0,0,136.31398215741382,104.5228005706597,-22.088419085061872
0,0,127.3122335842309,97.9920834036858,-22.71977734533428
0,0,152.28535480674984,5.998901551271729,7.1794954054561515
0,0,104.5724859031336,80.99180892472954,-18.839037096968767
0,0,66.86915249859892,10.07095618309809,-1.437810906362344
1,0,427.4381880681414,2.23816135268848,19.17003953467652
0,0,136.65524285883734,74.1544026144482,-16.97991037310753
0,0,201.96960960660437,58.19457899573631,-12.484551423652633
0,0,137.17776713373158,29.426839544477932,-6.043910916851914
0,0,119.09139206456123,91.89151075550329,-18.162664851633167
0,0,109.01488313258004,89.92034714655581,-17.73181142493371
0,0,101.15219304131773,84.7969490639727,-17.86047036639441
0,0,70.46856641885196,5.521657633546184,2.42419244905399
0,0,54.641870214570346,4.45618675460587,-0.28677599026590883
0,0,55.77171814905849,6.953788721544833,-1.4538265641539283
0,0,69.78675918768275,4.1635758558711515,-0.6068566522201166
0,0,77.07540261872097,11.275944721883086,-4.090534345406198
1,120,620.1953457844835,3.5633228249656006,19.577611869911195
0,120,291.4649111452906,6.988725780600367,14.433970162689192
0,0,115.91901879948111,75.96746392703764,-16.92632581828586
0,0,93.28052479181972,49.822629587802325,-12.257473596666998
0,0,77.29535049140799,6.995833489206445,1.100372310329746
0,0,125.69896510822483,66.002124359137,-19.219687697974436
0,0,63.49878930591074,8.182095255354985,-0.5444267621483192
0,0,60.856433450312984,6.734257448916205,-1.6618346092293592
0,0,122.51688817717279,76.00640651740959,-23.076734706637716
1,120,711.4898384926399,3.924608032442193,29.047637033180905
1,240,1120.4779567306566,4.3446843502351316,38.77153494282298
0,0,200.974893156016,20.56927372432972,-1.970438527955821
0,0,160.09880106041635,109.86784797971835,-25.219292603029714
0,0,116.07622725707284,68.23255869582593,-17.05356866067426
0,0,454.86673354359823,38.579270587395655,-5.252866350370482
0,0,123.66509485820475,6.829263940944321,3.981320193891662
0,0,106.65376354929215,72.44066873202881,-16.862199779698358
0,0,78.32935772033589,7.567238301834166,0.6009913132247675
0,0,103.69191222435741,42.16836742934825,-11.500959654952311
0,0,150.3467981355754,85.69428915342584,-18.305601030755653
0,0,407.80989367439867,135.1218795887111,-28.447052660511424
0,0,87.71831203955001,10.251685647800496,-1.3109485085008288
0,0,60.72594408231915,7.764863916152786,-0.44957982801470564
0,0,60.43716933118764,4.106190313883141,-0.09246923211016167
0,0,67.27778339496531,4.878957341576493,-1.0732393705694108
0,0,62.14526960355827,4.475836283977941,-1.0702222341131176
0,0,68.96147713364724,19.773585780304284,-7.8531465681733295
1,240,494.6124959222286,1.8190508836938728,35.68266355741382
0,0,86.4153171493901,39.01756965862031,-12.504302835340184
0,0,187.13651325116084,3.932430933921597,8.262568133985653
1,120,657.3374422747617,3.474980712207258,18.63568406085676
0,0,177.66590530344706,98.18818252116502,-18.966073865238428
0,0,147.71514351908687,112.31492845135008,-23.259126153569426
0,0,112.84859070739799,78.14366453386486,-15.972974105521288
0,0,107.12951524731709,83.66584513809886,-17.128421121339258
0,0,94.24028083836907,65.99002428841705,-14.570808814017127
0,0,107.29540712562668,49.61039102635269,-13.487255245877265
0,0,343.72341476200546,4.098121945575289,14.042418769197866
0,0,65.76462931852814,5.662583117848138,0.5184031471797255
0,0,67.36074067017849,6.707344989267126,-1.3401476259394087
0,0,119.46209250959349,10.008213237334052,-2.503927433686556
0,0,107.09987145465756,13.309940619300546,-3.5629159100834045
0,0,65.81869098093475,4.873650023862889,0.5856837049693411
1,360,194.9426364111149,1.3689938837027074,27.73649837868622
1,240,474.1591631997055,1.3201913330332913,22.93612331375148
0,0,83.37491827595137,19.919853326705486,-7.986302152583761
0,0,69.14188483471037,23.318271175339373,-6.621700474157919
0,0,55.11338789479095,5.077140219742783,0.25306422548314345
0,0,60.35599181713988,4.118409508211009,-0.688102694517525
0,0,64.24758130603796,5.4443536316167,-0.9400679343036842
0,0,114.71257878655926,7.777639923102537,-1.483348002650004
0,0,199.99171681285688,5.334022609390539,4.7937489131551985
0,0,133.0703617654254,3.382284270598696,6.35836930159185
1,360,198.438608798665,1.5305930671081092,32.22807930263106
1,360,298.46231990052917,1.4365591922651382,24.17759834821176
1,240,457.27074877178995,1.4915142065483094,22.700839509678957
0,0,86.21601223901015,18.00228631680764,-6.554166286683724
0,0,158.66282853744855,115.88520737305714,-28.63837926987322
0,0,145.44275126472675,107.60293277324513,-24.001505524319903
0,0,108.45585674970734,26.832163117726342,-7.427767315499622
0,0,353.2389701811896,109.84532278840199,-22.985211378162596
0,0,262.35432132764595,7.164897413622353,5.2892779094254365
0,0,79.07933433856367,14.41217872909085,-2.27404911226688
0,0,87.62325919004708,46.94488117546561,-11.142602046431861
0,0,101.86020923945783,86.98135837032773,-19.149342448162685
0,0,70.33248837407758,18.998231875170692,-5.058797370044033
1,0,325.7346771636483,2.40955540707149,16.802575515473194
0,0,96.4548705310577,57.63962542409824,-15.312585814266711
0,0,61.55502371591144,6.645579849784791,-0.26481060278995017
1,0,390.2650307779064,2.069400426388937,13.901527479407406
0,0,185.01993511921194,6.981580169028132,1.3880412121738885
0,0,115.09044362048667,10.873386342841656,-1.0833845579530532
0,0,76.5723140159165,17.832820350214995,-3.896983192352465
0,0,63.06737860023294,7.281452193136708,-0.1967480201395233
0,0,94.97706228464438,68.45357991600517,-17.23267348960981
0,0,102.51208927650805,53.24901080094458,-16.05844202527679
1,120,271.8773812174766,4.4199339211537305,18.60047180631267
0,0,80.63234032823013,5.035326930910203,1.021710120444098
0,0,71.81295492618064,18.692975824964623,-7.274252664948989
1,0,343.809410100864,4.511226373724213,11.323836155388463
1,0,657.7335694987366,4.01707998922143,17.8984354072675
0,0,222.7335503286958,99.2606992907785,-25.27141878716499
0,0,134.575200843042,7.433019837638913,3.1938739985603775
1,240,205.74567332456812,2.5905237958284246,25.985079727548097
0,0,119.6080215890987,3.4839194950593657,5.225289253583767
1,240,285.0475004809248,9.655943972319246,14.015745380701674
0,0,108.59207082718225,55.86306286301518,-20.7346495077488
0,0,67.5270406465897,5.223199751055907,-0.13383729045735038
0,0,54.79636935420964,5.135038354225493,-0.825358625495511
0,0,76.42599951042642,3.9125467671399803,-0.4013954718941193
0,0,134.5087602048862,6.2483012636839215,-0.47938659990593635
0,0,107.87255986584645,27.59650891854595,-6.531403022491659
0,0,70.26078780483417,11.292375657712295,-1.4671157028361534
0,0,99.59856356844045,64.82614332133285,-17.26110115009108
0,0,200.32728681297445,3.421471650960411,9.337080860660194
0,0,62.67172182268063,4.475400399867132,0.2927044316040508
0,0,58.29969317561814,4.426805638672899,-0.8665998690004102
0,0,67.39991241990506,7.537626609523739,-1.566601946617098
0,0,100.96610030697782,71.97134337564964,-16.57166169204727
0,0,79.40229297373526,8.265664978570909,0.14469565878974322
0,0,144.40923148630912,20.289627444923962,-5.796093579199166
1,120,447.7102798893106,4.571017851611641,16.09293022589027
0,0,86.32181167185583,6.950423930846793,1.2854691405637624
0,0,89.63877069352333,60.771204586081254,-15.36721130758555
0,0,66.93083199223582,12.975255623228023,-3.8368412533937573
0,0,57.19390602503816,7.3284518711718185,-2.8120293769955964
1,360,155.6977237637592,1.5980049589027605,29.84324165003322
1,240,365.5040638879393,1.3477611158484386,21.95030700135922
0,0,79.56448362898429,5.508468303775002,-2.0522605209953184
0,0,78.44712803082916,10.266932567163078,-3.272715995345095
0,0,166.34026476269094,26.956358503501914,-7.824359598972208
0,0,192.08565496223878,43.25951801908596,-13.42813310960868
1,240,699.162963267728,2.5660635227219895,28.52312027754259
0,0,231.77056537949395,3.631372185991666,8.958485716890067
0,0,72.56465462528192,5.432847825259007,0.061135245620434375
1,120,413.0714571543855,2.0968196125974767,19.310899120756403
0,0,126.77560725271393,88.5814988680767,-21.41441933406756
0,0,80.9122672857973,15.975654424243608,-3.5784295924575673
0,0,113.268024867399,60.559020171726125,-14.758272854640666
0,0,256.4716098648728,136.4822423127424,-35.440811953839905
0,0,237.97660389933603,20.4556803396593,-2.9917418603838115
0,0,92.40985882806626,15.189193145122763,-2.6738117667968595
0,0,66.26275272776286,10.225246524002596,-0.7177086762417986
0,0,78.40740648227123,32.52049588636895,-8.05733431612461
0,0,70.18125968728046,19.059324237003736,-4.087522492901684
0,0,79.87590215672668,42.81215111443394,-10.685746293110043
0,0,65.0671329825632,15.40549454356384,-2.987916279307896
0,0,59.69924861104531,8.733605974233763,-1.1592621052599554
0,0,65.38430455993262,3.9993756942196486,-0.06984863461568125
0,0,100.0809695327335,3.5599257716237482,0.8458020823247523
1,120,467.95212710672615,3.5060798703264675,15.308136574343663
1,240,739.5817701044011,3.749059091007078,26.781815110077545
0,0,214.2407114242947,3.2324791140228086,9.539318830411176
0,0,113.98730910756723,12.89811225767892,-2.893819666324518
0,0,100.14102797002231,51.438577427342054,-13.273757174920789
0,0,109.52660414383966,84.06596328808102,-19.054675168388982
0,0,76.01317427246,6.457537819968741,1.922069080984386
0,0,93.84734471482759,66.67936733882387,-15.825699802001935
0,0,61.67039078202847,7.342638861159356,0.17398460340828592
0,0,77.82346344308277,9.396602853354926,-2.5997254791373905
0,0,435.17051348805205,5.910278099234826,10.60395056729017
0,0,167.65413660086494,48.558587325292606,-12.085301312443605
0,0,156.6359299633312,91.32687929317305,-23.108485972777487
1,120,776.7491686769798,3.2914631233633482,36.8474895876099
0,0,131.459779935255,84.25737687698192,-18.09308577482696
0,0,111.47668958638494,82.00215039061978,-17.080590789986758
0,0,109.90902607323518,91.24606294971298,-19.03019990382593
0,0,77.17093158267579,25.613154993721004,-5.879078041626386
0,0,66.62839729075833,10.283220013191833,-1.5830984440190576
0,0,109.10584366500836,8.793102801681895,-1.531326284651854
0,0,174.6694109841079,13.368955537607537,-2.890760258254133
0,0,151.34145790587186,6.14576020345467,2.1401694739258517
0,0,63.9237157861961,5.625562298105525,0.20197369589328673
0,0,52.236914093533166,6.795158491015309,-0.9094580017445821
0,0,56.41706861648276,5.290251000639829,-1.4771393593292714
1,240,497.5373350165579,1.2755965756395755,22.89656765085877
1,240,677.9620855114993,1.336331566648848,35.39078862996686
0,0,114.482468137536,69.10534488282171,-17.82672705044024
0,0,114.39338939079849,88.25661630101372,-20.783621172681976
0,0,183.58056177873058,5.116433412551687,7.8077678378993625
0,0,184.641095384264,8.011032851925853,1.9398020230987214
0,0,105.16230102056205,8.289227989198727,-0.6303438178036203
0,0,91.17667705342976,3.650024280760275,1.2419557978010687
0,0,60.54445945571007,4.908675071947004,-0.41016683181956637
0,0,66.24837293770985,6.148721598298606,-0.9360521309643275
0,0,84.72289464575681,43.287147476511514,-11.59020031626612
0,0,74.48257400217847,5.107427397057228,1.5016408911119754
0,0,81.46548960678025,29.95205553181084,-8.237728429290158
0,0,88.95034320426112,37.116844200018384,-9.52592944918463
0,0,81.23504454403484,8.19873285259491,-0.4817960819095646
0,0,225.62150188906173,83.81536331507384,-16.823521252798187
0,0,148.44441482668648,65.13333783752239,-15.021355528934748
0,0,88.29409311670601,14.380869976593306,-2.6863030287629783
0,0,158.7834895428283,119.5381147609872,-32.524773346624414
0,0,131.1335848554164,53.44040634081398,-18.040727096814138
1,240,518.103846945931,2.5735290533776243,32.81528486197753
1,240,706.3880227473217,1.8208545459733068,36.109511748677434
0,0,70.44429024983461,4.65446303651019,1.7488664261673392
0,0,69.60423164370285,6.057831639130652,-1.1092864894919359
0,0,96.97751950259409,28.244877057633527,-8.494565472601181
0,0,221.90823993451434,80.57796629119211,-15.70466560293427
0,0,178.98337067212702,83.31361467850179,-19.192174161148046
0,0,196.57906445438806,8.602505931456527,7.403460984853794
0,0,115.517166866025,68.79176100947993,-16.22851129669877
0,0,86.57245192260237,24.760240790410577,-6.081780999132448
0,0,90.07048180474816,19.52210140475344,-4.872305576544761
0,0,125.13407798317049,82.05649241467052,-18.85482554483457
0,0,125.28542569858058,90.8437500375,-20.467471770838927
0,0,75.32654921647996,8.50917709690666,0.026572917143113273
0,0,98.95354184670916,23.39925898459872,-7.245618930348982
0,0,363.6869844183479,125.28600933359135,-27.364312820942956
0,0,116.39964500260876,18.202318318251468,-4.961562089713851
0,0,69.19226227814401,9.209781840520089,-0.6987657091738839
0,0,109.99286756100187,88.68336760188244,-20.58447431471194
0,0,76.47473889342437,10.844617089076653,-1.663425078709821
0,0,153.50833412884577,110.6285063634018,-33.42216272627427
1,120,755.2297930245514,2.786793025429556,29.794196009775376
0,0,83.51077526758738,4.883758835182212,3.2321509451266053
0,0,89.96560059263115,51.02541343738917,-13.718222061359981
0,0,86.82965008312084,5.878340789215172,1.9710935854351703
1,120,662.8923376013481,3.271213012467998,19.6956130806673
1,120,649.1936632799484,7.353419096450608,21.0255414676288
0,0,116.14686223682868,49.95358253097281,-12.40988390129931
0,0,63.234381412263616,8.504405835428711,-0.22646496485080547
0,0,77.89210327656403,46.005526550478635,-11.871074056143925
0,0,58.063188989669456,7.902109654156964,-0.871218042840681
1,0,334.58174522025786,1.8353000883371318,13.517595544357334
0,0,74.85965664807776,3.9683543725487977,0.4734367176824037
1,0,301.62644051510983,2.6534779152610524,12.477925195603518
0,0,163.02062476321694,77.99572023243698,-21.490814708647164
1,240,738.6563849868551,6.570794590201619,30.87637046650528
0,0,87.83678518566273,7.489034555684233,-0.28468354536802565
0,0,57.40827088897381,5.48174355405356,0.1928060395856619
0,0,61.09078945319896,10.412684813714854,-1.55352416600536
0,0,57.133745563223954,5.921634549856827,-0.14099704509528976
0,0,57.79549930712178,8.260470467304202,-1.1938931251101934
0,0,81.35185128956593,52.89930359595169,-13.227839634106232
0,0,61.471199232232316,13.62816309373873,-2.6583773436991294
0,0,69.22693928072356,15.251480352841337,-5.332447947862761
1,0,365.18445505801856,2.680609670642899,16.384942536083045
1,240,822.8616241947911,3.2880836678272116,30.259416258736962
0,0,110.33016064199296,8.889178698826594,-0.5085170259715994
1,240,392.3865514313083,1.637131198170257,27.14916600449746
0,0,92.38686930167485,3.093076065528175,2.1322329783788376
0,0,108.74719345003237,2.648736660297977,1.0982692975283328
0,0,107.85073795346803,2.8117841656750877,0.4815951392034208
0,0,67.87714347354839,9.418931310227904,-2.859204498329575
0,0,70.42961572226376,24.17326282217585,-7.378151008451454
0,0,73.04159660943658,11.986819364422002,-3.8306537458800847
1,120,531.1886963782569,2.1831521913107985,23.54266813654803
0,0,160.95360787849842,8.875787219902573,0.16431497168323972
0,0,165.80929512430478,12.216646707071803,-2.508492768009205
1,120,878.4097612644523,44.43079908908659,-16.864191829512748
1,120,513.2234017486262,3.1601126502740002,17.01618454941668
0,0,60.69246870192772,5.379884295989354,-0.07594631494939108
1,0,328.9321484619782,1.84479286364995,13.357143065142765
1,240,712.1428861437032,1.157867481013024,26.59308292103104
0,0,71.15020927717471,9.503425143856807,-2.8168430570510594
0,0,61.72010506604697,5.887471343027005,-1.0585447007184001
0,0,63.27930054358805,5.734883025793278,-0.8317944787420117
0,0,136.18904745802539,6.25707895892986,0.17833857966043354
0,0,126.98110731899766,19.371915413612825,-6.250339060350413
1,240,530.3701876191024,2.0530949313286766,26.01920348802915
1,240,777.135864300384,1.5937367013715238,27.970979022090873
1,120,557.6811554970584,3.2200232517693506,22.729552503555396
0,0,153.76591204731992,93.68776480995668,-22.365160774661547
0,0,132.16746738770215,101.80325191945114,-21.482043348721717
0,0,120.58995096583622,87.82814673234587,-17.398980587377025
0,0,129.62833767969815,96.09742602947534,-18.88631789733799
0,0,151.7018312017214,97.54314623329299,-18.994036537964618
0,0,332.6326686869083,116.59407225593814,-21.794113539804258
0,0,109.01698030338005,17.296195570068726,-4.41457268723039
0,0,72.18409180946045,5.134868242103573,0.833744104403138
1,240,323.5615547725079,1.6504450662588126,21.613085199888047
0,0,119.99607753950829,7.590094241652834,-3.466774407768014
1,120,515.6722170795294,1.6503183846189475,18.588688593882694
0,0,66.51669177149752,6.155462911565164,-0.9532408260471499
0,0,63.82067668356558,4.579540153061806,-0.7201604298595186
0,0,69.45209040420626,15.554422517208659,-4.089768172400667
0,0,71.99995454519082,8.30893482424582,-1.2240856254800718
0,0,167.37850034139402,13.614198558064473,-3.1055740331994457
0,0,123.20990677007825,59.949295009087535,-13.62343325069574
0,0,64.70263902949313,7.143758387925455,0.8027008877995172
0,0,55.1406567832202,4.505005323790745,-0.08443234147966905
0,0,56.68253076355908,4.07376071652923,-1.0723780864321526
0,0,147.06371692437176,2.53537768742421,2.6570244995088075
0,0,91.26571045593376,3.1308271942079986,0.06481287604701436
0,0,90.23683846145126,39.19128075742258,-16.81346060864273
0,0,225.46751287204947,3.7249918355616316,9.963567317407737
1,120,646.9550184713808,1.8422489654659788,24.602850786043163
1,120,631.9148350014805,3.8698635149889316,17.06573744904371
0,0,211.21271419872193,7.086730667987002,2.745234790228949
0,0,68.86456517057024,4.872356810755663,0.6444465325180744
0,0,56.59757834207131,4.666110978990973,-0.35347531336165616
0,0,63.62662036821484,4.063494878635827,-0.6766787908073866
0,0,60.97724182445165,6.701496200608417,-0.999327453318088
0,0,106.14194051350712,85.73110917769299,-19.815728024667493
0,0,68.00380692183951,8.60252398048803,-0.05132838368874104
0,0,67.60056632123204,7.4181573626473565,-1.108372365837056
0,0,112.39774432963041,67.6648949962031,-15.513312573813664
0,0,138.0848785251716,13.943515772167856,-2.0103746353754275
0,0,108.52856622814643,28.435669759850708,-6.38091079234907
0,0,102.8419005589694,68.22863122657077,-14.838874254823082
0,0,75.44757297572782,8.709542102981723,0.6847842202716237
0,0,60.83147144976373,5.5264938715375465,0.05153430526830505
0,0,79.42329302188125,29.96274236336406,-8.47802670358513
0,0,65.36450046594554,12.261003104443224,-1.9239186166403641
0,0,65.02037740978146,4.713345294435629,0.2295453561890639
0,0,64.01160424680388,6.001627406254545,-0.954445567048964
0,0,129.16075927976402,86.69562776240214,-19.1323598271986
0,0,182.25858465881603,25.2509578589277,-5.119758321525907
0,0,184.22018753667376,10.126956913143994,0.5375152007040356
0,0,112.97366143948693,4.261520279002249,2.9248046069195937
0,0,152.87905819220208,3.0380799896983333,6.0781613396360825
1,240,552.1753679753672,1.5073309112741657,34.31106592685468
0,0,159.92450916284835,92.23281794123444,-26.20898733601551
0,0,83.06684388543063,25.817195685061755,-7.563004776904407
0,0,106.65886477556244,80.23717169795566,-17.369427445170373
0,0,121.36859080767378,96.55259372554318,-21.286759059489953
0,0,88.76600189094067,8.028723610154007,1.0968584824077965
0,0,225.60302411390492,5.537550257010802,5.1794245522868465
0,0,225.81537115944923,12.999410642089154,1.9579154097399538
0,0,223.7621615938356,104.532612024185,-26.29445525577102
0,0,188.39656148415418,122.3569980619784,-33.09323672906994
1,120,403.44156625039676,4.563290609999205,26.734756235682326
0,0,111.63284379054747,72.9884712773852,-18.31002898233247
0,0,73.12195225925191,10.952896838872443,-1.7446922568142753
0,0,110.06298108207231,91.96336755972501,-22.93654618243164
0,0,86.32822221286881,8.446086707286181,0.4976636365126268
1,240,689.6090239548745,1.747486586588948,29.370803522964323
0,0,163.21842764586177,7.901847943200163,1.481445627476404
1,120,591.871024975965,4.633314986297541,16.70865855684974
0,0,77.83698169269903,6.516159269388955,1.5046844473270795
0,0,100.1726329007813,79.33631565716564,-17.901299461661836
0,0,98.0817196050011,79.45052992851979,-18.6232510748992
0,0,154.5017469327206,69.69936738805225,-20.822003798283447
1,120,670.2144790848945,2.735304553259526,30.359589416247005
1,240,823.5862250463389,1.8805701051219723,34.730199548545315
1,120,843.1902602751518,1.8966247186443344,29.748468691224275
1,120,696.9410051370934,3.0939733280067925,20.74338901142451
0,0,173.96728953632459,8.212757852524703,1.6208943984357518
0,0,116.31465857294585,29.146000224089796,-9.092703528143886
0,0,198.54237907706093,4.093371891709356,8.778588295190161
1,120,665.3239221235161,1.4521945042243847,25.828854409743386
0,0,66.77521058281707,5.200931758438466,-0.10352325919693328
0,0,57.08124827687356,6.841520587012559,-1.8742441861228087
0,0,144.8459531353372,2.871479306856865,2.893713834750102
0,0,79.92165448834191,10.64412483732949,-4.624097226461615
0,0,94.65047611079169,3.6372442127784357,0.8654689507841056
0,0,88.29911499056765,17.33881835796424,-5.8101753106457465
0,0,154.97246542082556,12.146416120588539,-2.084228429157349
0,0,293.4643424499571,10.829612929187794,5.560249523700662
0,0,122.50844281368087,48.110252992552006,-13.568765485762796
0,0,110.7133080791247,6.0801280589727105,3.7529055271101583
1,120,535.3021438656787,2.9311611368779085,22.321113600231698
0,0,164.11832930417313,64.49430104772212,-21.840580611602093
1,120,694.351985436166,2.5045819786471535,29.018818360269222
0,0,129.38054277960455,4.311103675897085,4.199642512807145
0,0,82.25324930758325,17.600928198361196,-5.530786361213146
0,0,83.02649318563269,11.423214891984307,-3.054504639416635
0,0,224.10038423161373,60.09895035870195,-13.961981324059252
1,240,937.970046803866,14.208092915171342,21.433251185609294
0,0,307.2041893353871,111.76469289654703,-32.36357583021136
0,0,73.88534510257053,10.385686169940346,-2.859220350184856
0,0,64.34987222881551,4.998759593084115,-0.3109183658679342
1,0,314.8102990813126,2.46611723638426,11.670283736636648
0,0,103.43270191347678,48.03476833299807,-12.920879024377854
0,0,129.0740044249941,100.75619150387018,-22.692026030678576
0,0,89.33374003467718,26.05692292149122,-6.9157893773932955
0,0,152.49388160062063,89.88053820267169,-21.237623592052145
0,0,202.02538301382614,12.15542709956666,1.6060940495494975
1,120,474.28531085734045,5.335136234634304,12.932535269426367
0,0,80.96021881273795,11.704389924358408,-1.500404598938772
0,0,74.04645316424443,13.782760268178796,-3.940750164799752
1,240,604.70498476426,1.9137063220592454,32.43448102637075
0,0,128.79934306654368,67.88861635149526,-17.191807406680027
0,0,144.30549521608833,112.52652085747191,-27.181023102211647
0,0,96.18515169406028,44.15215092112298,-12.3001996306171
0,0,182.82572765948768,113.57257774690126,-30.58646660560484
1,120,527.1185526338404,6.802905135336611,26.19096362401507
0,0,507.3491016411698,109.2799332667486,-23.707152423496424
0,0,112.950535880395,9.551320956306066,-0.27665193868929805
0,0,101.0003352032806,53.877019632496214,-12.285890689244738
0,0,70.18641759384263,9.509957990809498,-0.23569602857956795
0,0,88.61380963918138,32.22215983484132,-8.681770599588361
0,0,87.6732228673499,10.010231119056144,-0.9011410616706854
0,0,190.5018942461917,125.58959404348019,-32.56117977426679
0,0,148.612551244555,112.7204540911707,-25.440071959514675
0,0,113.15782704390251,75.90783714656268,-15.959864621198975
0,0,102.14662609044663,32.355729887579805,-7.927396658337429
0,0,173.62313814001456,33.417070696886334,-8.110638821502874
0,0,105.19467680329078,9.407011729822994,-1.4656520481979953
1,120,514.0176513428509,1.8938864549523597,20.590915299371034
0,0,167.3711999197983,5.694267290200955,3.589050182960662
0,0,127.67669919715503,89.97925918538323,-21.607320561054536
0,0,91.94474035280027,47.47098517514849,-11.64244803129192
0,0,81.46690094604837,11.714849338114686,-1.6927245912318796
0,0,68.90528996029467,5.324815798420604,0.15627279710098207
0,0,91.44535864108555,33.706356964018106,-9.243829832497966
0,0,145.6882449449695,93.14908063531585,-19.329821104556444
0,0,295.8949974153381,109.05351899595611,-20.245973796914285
0,0,87.70066179665484,16.609115868212445,-4.180678562471357
0,0,63.2727653059329,6.022520513897207,-0.7313941113062015
1,120,330.60648428446876,1.7862692174191965,18.55465994453337
1,0,314.0812318227638,7.759094543232693,0.40704386378887136
1,120,446.2172303124075,2.1572692032961003,17.444670765726627
0,0,85.83304617881247,25.231717591344967,-8.62933266229912
0,0,105.85314309025885,74.10655102212613,-20.32744176518571
1,0,405.5106236256234,3.6220952094117616,19.060048794792095
1,120,633.3124349668374,2.8952589058627245,26.387642876512103
0,0,405.1512705750279,111.41952321807412,-24.165625066057522
0,0,253.90864042609897,5.833016512529374,5.804621724804377
0,0,74.37124257284414,8.616559809836724,-1.6484767791742172
1,240,388.58661397439965,2.0863608756798806,23.503757115770327
0,0,57.26037500333994,6.185150861033693,-1.186955296446257
0,0,63.12397953971632,10.14150533498739,-2.506653952795915
0,0,58.41701571180545,6.687708094217107,-0.6959916344986681
0,0,57.47721112800209,5.116733477700433,-0.7194682321786559
0,0,78.81028999703976,6.95085846128024,-1.5036542292725983
0,0,132.8912973872801,77.77812832824341,-17.804941317324193
0,0,259.2190849898135,81.1551598794488,-15.55583781759681
0,0,357.8657824083359,18.68154356841031,-1.0452872657467367
1,120,742.6185187670419,3.4302937919464274,25.446475956511435
0,0,128.41642235057952,9.340388242285705,0.5314809277914634
0,0,142.79396786402845,80.66678196541453,-20.657350577417844
1,120,625.903595308813,84.05027506989818,-6.479990171844307
0,0,102.34891805220929,97.2419151171122,-22.772801801269146
0,0,83.12710637177024,58.91748963493334,-14.192044583790604
0,0,63.584875333236354,9.910648295090317,-1.3970240827090095
0,0,93.24974172529316,4.277063202481487,1.667911001216865
1,120,646.1925551848492,2.942740718651872,21.943776036980992
0,0,116.05926851373874,13.853645132054062,-2.237669104383315
0,0,82.58619501018622,16.555246728787104,-2.983055043686562
0,0,99.03270154236556,54.21103861930626,-12.563535934595777
0,0,103.6356967108589,81.05430911101985,-17.68811314385934
0,0,78.95043768677199,5.627218296745971,2.629156937914331
0,0,62.66799225947413,6.701028730692476,-0.7943154088918902
0,0,85.68133570953427,30.893061643180392,-10.072596530610582
0,0,119.67137881937562,69.24321060505804,-19.82043074173596
1,0,547.123884329249,3.327821769262677,22.044752355158906
0,0,175.15144285847447,14.934053840692458,-2.0668495118110854
1,240,834.7174181777301,4.3250560284750765,24.312761834291877
1,0,334.5853500868222,6.138119145967664,10.170909584561116
1,120,716.2556988118558,53.52682510365273,-19.057116354103172
1,240,537.5138995437727,7.711509174125294,12.737874486502548
1,240,694.9259527439814,2.514612727905223,25.80396699694286
1,240,828.8265674250413,1.5367203748842062,31.463417507298885
0,0,121.27586185013843,3.9534900926540915,3.422003331946712
0,0,217.07456731407885,32.84046911686297,-13.134482774369587
0,0,85.44797727978559,8.048394347138094,-1.247768297278796
0,0,423.21360186437767,4.743380236534813,11.446814848704662
0,0,201.96577801887247,59.516432306151735,-17.15857663404681
0,0,144.0406168760185,5.953979767988459,5.1742568474632975
1,120,567.7253113184275,1.6047089332353943,26.547482417322243
0,0,68.14706069156742,8.927574403543986,-3.2999283469210354
1,240,348.733657827743,1.6442426293890824,20.493648315330276
1,240,442.722504891279,1.316633756117505,32.96261200501449
0,0,68.31817849278946,15.302430963872563,-7.299134793797748
1,120,607.6231582562627,1.7239609148950534,24.254384735221777
0,0,100.60421931536396,8.742040286655348,-1.7728187320450957
0,0,414.2665497728706,4.982867420845285,10.547697616828529
0,0,124.96969380062522,19.99240321373695,-6.557067176201244
1,120,247.90767120232226,2.953650230131268,12.921417834918444
1,120,433.50229913708586,1.8109643535480708,18.391787415411656
0,0,145.17197817430016,3.055955750499398,6.06862909065687
1,240,329.39640539680744,1.6469187367288167,35.39261687727662
0,0,98.81409699259639,73.53572513218388,-18.509017321749624
0,0,104.5021343248372,64.62196545735267,-15.47892461574449
0,0,131.6373819618695,53.012517950960536,-12.292569604272316
0,0,132.3732621915037,80.01337814653748,-16.54256825364395
0,0,219.30713599535562,64.62723577455169,-12.789768329299449
1,0,409.85233398455284,8.396027718411228,8.77180370112734
1,120,345.2131088656285,7.495249288456675,16.3784010038013
0,0,78.264413441886,35.52991559332998,-10.737275390696169
0,0,65.52874294776107,14.230165978248545,-4.678749139539278
1,120,628.8858402027705,1.616673072186829,27.682031403920234
0,0,67.70721595845609,11.382490862202962,-2.798729670409841
0,0,60.70923473226939,12.746377659635309,-3.534165928544624
0,0,67.36759898549742,5.382340317951192,-0.0109220045623033
1,240,509.62048498633425,2.0633181283851516,29.856578344281317
0,0,405.8072656012695,89.55017594964426,-22.299158933198427
0,0,95.1485031635302,11.396531203809534,-1.9168539731341383
0,0,67.87685440405974,5.495279425229609,0.843181242250651
1,240,548.7589973897502,1.37615630343553,31.072806657221236
0,0,92.40157783742083,47.992854872040645,-13.971767202723072
0,0,55.35871720218722,5.479636329625526,0.3087887807685519
0,0,52.416726651531434,4.389339459077937,-0.7299251727162783
0,0,65.65481692101652,4.291706832966063,-1.050692748399598
0,0,70.75840109144187,16.330465895345682,-5.5490318466484325
0,0,112.14939396267629,7.565651340739222,0.08290512688120089
1,120,697.1058767701489,4.68334690162524,19.523778969356698
0,0,124.4286804145158,62.10130269408747,-13.49673465533887
0,0,78.00769706384862,21.98934625438088,-4.838578112445887
0,0,91.27239306234783,4.684132936947217,2.972930839570779
0,0,97.25710071038071,76.70995776541596,-17.84198710312981
0,0,69.0664320301437,18.94255241788555,-4.65573752961437
0,0,76.53403214677263,25.59038614047934,-9.100301850778095
1,120,497.72927715702104,2.1748507648836584,22.878253474050567
0,0,70.37151275504525,5.970591645358491,0.3081864102676519
1,120,638.9270033047278,1.981501642966899,26.58529437613339
0,0,362.9462636917861,102.38732579851695,-22.81596111926377
1,240,773.7794841357056,3.6338699463388564,22.405878754402806
0,0,196.3888000505649,4.058089644926317,7.420369630493212
0,0,201.27824607822217,2.733716012874324,6.979032843497308
0,0,87.78087007771126,3.7691765415208773,0.6320662335389642
1,120,372.7173338668195,1.6831391947306968,13.94383079721652
1,120,457.3181334958117,3.6179256575215595,9.760092902944365
0,0,78.43268589245507,6.461433703418772,-2.1797834128271205
1,240,555.540000790545,1.6607017668300164,24.97107881645563
0,0,94.0981096622163,13.187515843515467,-4.763012318292965
0,0,265.5049066885228,102.09254901600183,-20.879810230563223
0,0,140.2587944403985,20.359016946539164,-5.542125721695086
0,0,307.77246594189666,2.879030796025035,12.981063082411495
0,0,68.21833615862165,6.516619970918081,-0.40019073089230517
0,0,97.69841346305206,4.176197994827335,0.9509051668290311
0,0,129.14021834198235,67.4058841745153,-24.031576493799264
1,240,400.27903268398904,2.4962442285441124,33.1465463658608
1,0,312.67243183172906,2.5256939307967956,15.400732545026528
0,0,210.08858530568568,2.610016749852203,7.940289348098318
0,0,151.0041988330559,3.77860445312673,3.310913530095732
0,0,283.18967921752136,99.95114694191334,-20.963080026385597
1,120,600.72784204278,4.02579767143762,18.357906716711668
0,0,79.32534947749183,10.402416719692514,-0.9640042357869874
0,0,121.35401263659915,3.766962150968292,3.7523137245127742
0,0,100.73733864890158,68.11248931865205,-16.025713228060994
0,0,98.15236592081531,73.93017588627394,-16.495239897708856
0,0,83.3724866914292,4.695122992229697,3.068971946802691
0,0,59.83264000998402,4.998271818007733,-0.4298654039894956
0,0,72.2925722201126,13.131495259534908,-3.7417248377202696
0,0,70.90023785387248,7.755500981060346,-1.2608830655528607
0,0,175.21110453372003,52.137674174373366,-12.322323536645925
0,0,89.06078475301273,11.436172291700668,-1.9416304229476538
0,0,90.32594554833472,8.494346207720236,-0.4324492564012701
0,0,109.30405464575479,77.38717908626502,-20.5150537564586
1,0,385.4920514140289,3.8767568913459054,16.53207945685658
0,0,65.33080970044492,6.768249189946744,0.2119920684346397
0,0,62.8941636282109,5.211246779942715,-0.4412628879408089
0,0,102.20280759577001,76.76919468681044,-17.816211986433217
0,0,99.94888178050833,47.47587285287964,-12.294318592305643
0,0,185.65400620854967,4.557247343026047,7.951713251808442
0,0,227.1515750326287,67.21467995437983,-14.624467344163477
0,0,159.2177966114218,8.201694698664635,1.3128452946443332
1,240,555.0283364595773,3.049803738111431,19.59678204690489
1,240,622.5646273298038,1.4599418253843675,31.30354626277817
0,0,79.97722384651287,4.46457143219082,1.6256129673595012
1,120,519.4659877206802,1.456211428991935,24.828792563399915
0,0,80.38223854025655,27.10692893901355,-10.332149525127434
0,0,109.03745322481144,5.174646953859921,1.9987709247662053
1,120,547.0797643900402,1.7517671400228962,21.177793253708245
1,120,583.6521559304532,3.361628507720305,16.070367751865177
0,0,227.20782455430233,7.058881012377103,2.8047954944938027
0,0,430.7659106772392,161.31692994339545,-40.00667467165941
0,0,416.47345361797863,106.19243705930973,-29.310402822908422
1,120,553.7351642640023,4.177152788593871,21.33380721344247
0,0,85.8229570868557,5.460499392748154,2.3541906561067947
0,0,102.00697718728304,74.55683104046281,-17.52583241733501
0,0,68.14567769244526,6.784083154058975,0.6797116265797882
0,0,82.12562796235916,30.75088942202733,-8.52296671332364
0,0,86.00534859813506,16.195944658646958,-4.0544872264836584
0,0,108.62579560085801,50.04497921670022,-12.34524531939087
0,0,210.52436606186836,71.5088694316292,-14.116230443904868
0,0,149.1508439766536,65.21307123909224,-17.702670430964517
1,120,610.6492510240279,3.194119732981317,24.9405270073659
0,0,263.46382670537406,2.844671080364719,14.102169695726161
0,0,90.80233206562885,50.69079161292691,-13.482420430014741
0,0,65.15529350857206,14.719010459747176,-4.629079992973473
0,0,118.15252837360327,3.3024421236140324,4.503258381069969
1,240,266.73244310608686,1.8544625194715023,23.263770594629335
0,0,57.61730213744243,5.647569030991953,-1.7336752173898446
0,0,97.6307712027081,30.316705529985473,-9.90169767876192
0,0,208.3282314722198,58.03931400713061,-12.985089606193554
1,240,501.9607103400454,4.595756305416123,22.930649139725716
0,0,196.28605001742304,3.559524631898583,10.206692505895532
0,0,138.64062878717297,45.838764328805205,-18.09855466490096
1,360,276.1299221412015,2.6096474215450627,32.134098936586454
1,240,582.6169924235707,1.5902359789049734,31.41666510210588
0,0,71.54898347078108,5.883711729764825,0.20335809125501214
0,0,87.58570849666862,50.554907674349664,-13.310057923527907
0,0,109.25228286714062,75.77593482433511,-17.741512760369332
0,0,287.39966457809373,6.002981083617307,11.99751886927703
0,0,907.7038591951266,103.43398913540484,-22.33863533681472
0,0,356.54136803587005,4.506903630679125,10.290094400511975
0,0,77.04565113350684,4.61401515691085,1.744089733774203
1,240,420.07188130115276,1.2875593609136473,22.349065705054358
0,0,88.00751756089991,3.2057284188185795,0.03939178411850719
0,0,87.78045631158044,3.4396980141984312,-0.7726776264251924
0,0,63.147127770925024,10.331569758783406,-2.526944327563214
0,0,66.47745200542067,13.82657429215354,-3.26431979599478
0,0,64.59189707519448,7.29135163569059,-0.776799108799807
0,0,80.47329542918109,5.9623157131883495,-0.7568786106558605
0,0,185.825282714589,50.49256270973028,-12.48139162049877
1,120,1155.400725055844,47.88309871146787,-4.803365857901795
1,240,763.8340427106956,8.029704575016222,26.695570449412983
0,0,128.35023110570802,72.15599940715563,-18.439808121566784
0,0,113.48555249162223,5.961587434767183,4.458957729494699
0,0,93.93828257513916,79.46878110917612,-19.11329004528838
0,0,64.11340771907115,9.43132106790348,-1.97162741710234
1,240,404.89861250589,1.6805507380002014,23.210434385540495
1,240,428.8424536358248,1.4921645357146698,31.67036876202185
0,0,92.13059502991423,5.441875950817057,0.017632470761270724
0,0,215.08708421494322,5.4610562053700376,3.518879303557071
0,0,121.68228221512103,11.186909751927901,-1.74147961414279
0,0,160.9957213353742,61.51969070291874,-19.4162348516774
1,240,733.4410272808186,2.9500796804740883,30.683918375418116
0,0,81.82353334263301,7.194672900893675,1.0736777860265079
0,0,112.17598835563203,85.94363291384037,-18.80582217619083
0,0,112.00828270798189,85.54336315199359,-17.848053079752958
0,0,75.52294075985665,9.981409523099783,-0.348011707239408
0,0,126.31201914532902,66.49770022693485,-15.680153350708878
0,0,166.7415612292865,99.43393389514908,-20.349570955166314
0,0,436.3438862186841,137.33240945345798,-28.54668157098994
0,0,116.65672413451425,8.367513858442,-0.13744094555924846
0,0,87.95976441498087,17.39232471185636,-4.727028606791578
0,0,112.46417363172786,85.00745852820431,-21.943527843787336
0,0,188.9432428994528,7.646066093248334,6.298702918291738
1,0,322.5394504048773,7.04159410122884,13.306998362918364
0,0,121.91993134296592,91.5546364119094,-24.81760130610649
0,0,146.4501867728157,5.07904484379219,6.697271399723434
1,240,383.72693643604407,2.127491008670053,27.316424213581897
0,0,75.43105633867049,6.997344193143288,-1.0418157094388931
0,0,122.25475316323053,7.710696065256061,-1.0080988132435351
0,0,125.51117196512816,57.05196339756953,-13.255295047463235
0,0,102.8982294330517,49.70655265639702,-13.425189948477069
1,120,743.8605880114471,2.708330275677547,30.99323034368072
0,0,106.31548423122214,22.441638739730198,-6.090230038000399
0,0,182.4959843933766,66.94449317238507,-16.53719975865343
0,0,111.34955569167111,86.57064904865932,-19.47055915974579
0,0,67.11098463198545,8.37620717446566,-0.18448396809917256
0,0,97.99588297095981,49.7255366277324,-15.00597394535464
0,0,284.930013571891,3.5615118302671185,12.156248780217084
0,0,139.64756550869325,8.394896946587535,0.13083585331717984
0,0,111.84956655462584,6.283082649842738,0.7355788485627954
0,0,79.14244784358543,4.460758574285706,1.695223747876284
1,240,292.29910900924074,1.5597412377282374,31.436585600249828
0,0,115.04127913529952,34.33717783467799,-16.363743474151804
1,240,645.7110901134015,1.8565749329960932,30.053912806796873
0,0,75.71034847696846,4.461018480339356,1.27225926115797
0,0,76.20805812007238,16.840441280477034,-5.06740492746485
0,0,73.84787376160071,9.936698462259315,-1.979521641035248
0,0,149.00975539407594,95.95179200407992,-21.595151620145913
0,0,197.56645781126397,50.08706233855378,-11.093086134467185
0,0,243.29183227968622,5.3225641817405425,5.826983408662514
0,0,76.86391711361343,6.803349592737384,0.03244867150282005
0,0,57.29240503628812,4.39969689580622,-0.5021234443392046
0,0,85.1530527169838,3.1048456133587123,-0.7366622112132291
0,0,55.927316886360494,4.351438297823741,-1.4319510038579324
0,0,84.49005200666436,3.61564561361688,-0.02694823025740334
0,0,94.56485486185959,63.39084823811164,-18.068837720189677
0,0,378.3110892015271,29.682058264646855,-2.6274503740342823
1,240,992.1777176423974,3.572411414779187,38.270288710745916
0,0,993.1675822599998,71.8457726536735,-10.866959418798757
1,240,602.5198914954719,4.9934567876283875,24.394282642080924
1,0,255.97060142878072,3.6213024057029704,10.662982876378805
0,0,64.78440035054737,5.079762292794454,0.018895335232471666
0,0,96.54693066114872,4.478577029411747,-0.654739823090253
0,0,76.70867546215034,3.9771212383758345,-0.6561136505484484
0,0,56.396686383518386,4.250940387960686,-1.1222321713096193
0,0,52.68623577144885,4.563951204552233,-1.4138587530237459
0,0,64.71271678539152,6.47592346590978,-2.6766175451826513
1,240,280.6413786382892,11.17650899752401,9.987482483083994
0,0,315.7400145731592,71.13700884536892,-19.05884949028122
0,0,177.8552968307751,6.094835763519124,3.1965054065380087
0,0,80.18583566082148,13.936556065620108,-4.840147446119289
1,360,233.6176627316714,1.7384020578074495,32.01277940412362
0,0,49.27437693706652,4.700757448639301,-0.37418840426994393
0,0,60.51019621926133,7.953921203990907,-2.104344433516502
0,0,82.8690013265815,29.357738827366788,-9.077242685287345
0,0,143.5431112819654,53.4652706866132,-13.475693959421307
0,0,121.34123689880668,83.97432474533146,-18.27904917315
0,0,124.92669613119592,68.59966877699449,-15.175641636442691
0,0,185.8946367197481,20.760306478665896,-3.5181661226083207
0,0,134.36478092742206,18.86728254180651,-3.327452451650956
0,0,103.55654835126086,65.635873411868,-14.909219504634834
0,0,120.48256448481759,96.23881492266116,-24.220990312623094
1,0,317.209779886153,4.227493342360279,15.856431112912418
0,0,76.72464230037633,8.003827678549655,-1.8709364323195956
1,240,341.8617619108701,1.5078010885448319,26.386047123079877
0,0,101.54347976836516,3.2787922520221047,2.2789577509149126
0,0,103.72618112883532,58.5685765873266,-16.923625718935313
0,0,386.49284399190805,5.353003873371192,15.09546808381387
0,0,264.4665917574111,79.29749580020791,-15.91432224095955
0,0,118.07996626392311,8.981554544513074,-1.1730003798419801
0,0,70.44737932574273,4.974080701083594,0.10384542771525673
1,120,358.77334724211113,2.0059136349140623,13.614386972739482
0,0,73.94659382598905,5.515454632644219,-0.765560143401359
1,120,483.8005261947732,1.4004816600314764,25.31597291588568
0,0,76.39851523688797,27.885376448146843,-10.620389093761915
0,0,64.34097909101764,4.698153424619134,0.23643562928712925
1,240,307.90915613382344,1.4920344698813977,22.574965210797004
1,360,411.56784237107377,1.7261253321916634,27.957790278492126
1,360,561.1246419343164,4.665741876296726,29.52032878993441
0,0,117.15871880768519,54.313315261223984,-13.205039382251826
0,0,127.56380339176448,4.429682654294558,5.260501508127859
0,0,62.155358695515055,10.163120855115979,-1.471237185210768
0,0,52.12617780726371,6.080230938452281,-0.3133965392444651
0,0,48.75006156494849,4.619020604572558,-0.7757264665920616
0,0,54.568537252920436,5.581996899539742,-2.0133495002176147
0,0,69.8871003084192,32.540422017148806,-11.625771879530049
1,0,326.3543514588455,2.8068854329121447,17.017442129936114
1,240,790.0815522800565,1.8163841392892308,30.181012982487673
1,240,1006.5742397175718,3.1872642595905005,36.16053358689439
0,0,117.07053560955957,11.292167191398429,-1.0715643578607512
1,240,517.7478947128491,1.9435402430700595,31.632134087069716
0,0,98.67305375425227,46.374242995451,-15.39780010433762
1,120,476.06738457865936,2.1957450005907897,24.779514429264523
0,0,65.97400631677729,4.696559695137375,0.8662298398378852
0,0,68.4691917944774,4.582777698087745,-0.31449031725927057
0,0,102.74812868406322,85.05930256629496,-19.389667142216453
0,0,102.77106153016274,79.73524257106857,-17.773744866119472
0,0,100.6233659179651,7.618656834007121,2.2108898843127207
1,240,621.468611861546,3.46616263225333,27.949970029883886
0,0,173.46680255891795,89.61274833206059,-20.54309040450947
0,0,78.73377160298553,12.949362482633104,-2.1747108191352993
0,0,91.32732760124958,55.54754413349622,-16.136903424995452
1,240,629.6739229812373,2.080941202745168,36.460450688923586
0,0,58.34174995220202,7.2883054103985865,0.4100451483898695
0,0,49.718274311048134,6.7170928199563775,-1.092557498212443
0,0,51.62061227570356,5.274100727250499,-1.6311612692491053
1,120,476.0690169710658,1.5378129053224023,17.722944801337363
1,120,457.84612175084436,4.1412252889345815,8.635699671633546
0,0,460.7500118092903,5.023858125067092,10.157636297734172
0,0,119.1461112183538,22.647760484403303,-4.812454254932987
0,0,126.9703267274798,92.47729568275564,-20.455751965830103
0,0,81.81825640745787,23.71151444922185,-6.066600205719311
0,0,192.2427727313635,3.7588579102103274,9.457607800358673
0,0,121.81227279654621,79.08630769239178,-19.15284042422934
0,0,109.3832710217031,85.11334136661644,-19.084952211987073
0,0,115.06086784417741,74.8631880815906,-19.289166379697164
1,120,667.2142778744656,3.027267266150375,31.38404198392533
0,0,102.89056625758789,10.442821281616245,-0.8111078075925349
0,0,328.62559877130934,115.21467141347696,-24.889183000630624
0,0,125.5116140714049,7.522798878917827,1.0643251914072067
1,240,307.0028382664699,1.7307977752221317,26.160073642012563
0,0,108.53243182405346,2.8933281107176376,3.2001830369645887
1,0,296.79680353145704,1.6991222889657263,9.33864491038183
0,0,64.44989593991737,4.664072340882653,-0.9215899549908642
0,0,62.22477504899522,3.885790882839194,-1.0790147298456247
0,0,84.8756083562015,3.4146874712440334,-0.5191166332068207
0,0,94.28164611539188,38.45125241674764,-10.87145606174849
0,0,118.87817214252179,29.008432310873282,-9.105522395119266
0,0,721.0259575217226,169.63119464664425,-42.57735683366564
0,0,136.72086730078993,44.56383850029888,-11.118887670922575
0,0,139.69867979592146,105.5758099470242,-27.155242701563296
0,0,188.3621678830341,5.816331085355965,9.567355478462034
1,360,287.5125717195426,2.107545700794218,32.42122887535085
0,0,60.00345173762984,4.420109899210889,0.21965908244176546
0,0,63.90867283672795,3.7507669806130965,-1.0687004560055726
0,0,69.61059684048232,25.713949810152293,-9.367558846964414
0,0,91.15599441491835,5.158224591320675,1.4226246764582697
1,240,251.7048880052201,2.913605295160243,24.0630422740047
0,0,180.7386799596145,8.87151591659727,-0.43203710816379726
0,0,109.06354883119853,16.859019148603586,-2.954278642388971
0,0,118.18913250610716,78.83293538814567,-16.708146166067962
0,0,82.05152414873952,17.761373259008394,-3.0015013192888063
0,0,122.53509388692851,92.57847133375165,-19.9293805431232
0,0,124.35390777345184,86.66319726259665,-18.30045446173915
0,0,97.4076662377627,54.06190308179915,-12.13066932227487
0,0,74.85095055524314,9.898941693257147,-0.37143018145000894
0,0,119.0111441073005,84.69001216212078,-18.59649314317481
0,0,139.3147728428784,92.7928505103376,-19.012382418483384
0,0,194.03509424945648,19.234094813955263,-1.9675693421488774
0,0,167.5076407184408,56.54770233581218,-15.228253944140107
1,240,276.3075128317576,3.3124600129371555,33.14669431651015
0,0,63.986880303480575,12.316505681219633,-3.8693481246355503
1,0,246.9440382238075,2.554688797455591,11.730763848508147
1,120,598.7042649337676,1.6754051847314477,28.042756222830207
0,0,112.95965007133123,76.37517710947647,-18.45707607592604
0,0,110.88629632997917,95.16011094504826,-22.504392903598642
0,0,79.28664250615876,16.88884878296942,-5.533940880415258
1,240,598.8409324535776,2.3180908118630423,28.78130472855301
1,240,846.2930754860221,4.730198577602021,28.966803139120955
0,0,109.98810641648294,20.913466950198284,-4.596795047705712
0,0,110.44510827395,55.01387397980707,-12.911938577996011
0,0,105.93902506853367,75.2135919791995,-17.093605163177344
0,0,115.17196121628578,16.911079775072277,-2.6865566584475715
0,0,61.67083288830523,10.005160243655236,-1.390730896160079
0,0,59.337146566293086,5.6099449223713345,-1.243192395052617
0,0,111.86490424161181,71.93784437317915,-22.083298935804194
1,240,361.7698755696254,2.8465885643490716,38.109688280882
0,0,76.47265305868275,16.64629687310965,-4.448939509492504
0,0,124.53861750866957,9.779179149618832,-1.5509561654488664
0,0,121.3068999779785,8.58003308233152,0.6047851905901211
1,360,184.531362339161,1.9784694056743113,31.401225395056386
0,0,59.54354784921791,3.618891280706997,0.4033133938446696
0,0,55.82317251803808,7.8472541351599565,-2.3249441356415304
0,0,98.75876569165139,66.03487252189694,-19.631370947680196
1,120,746.6094007912765,2.3000835187448954,32.12280184771862
0,0,99.37630880787343,7.299970499459298,1.3206391234937485
0,0,78.30387992913043,14.94584798032842,-4.217581681579389
0,0,141.44979474180897,89.90252914265555,-20.55453016007489
0,0,158.13745891190132,14.853192374653634,-1.7304678586701243
0,0,85.65531378752664,9.069836869854562,-1.988044655227867
1,120,320.89615271022683,2.4043376576767224,14.970111612204619
1,240,555.7444125952245,1.5408265295512522,35.10168249324336
0,0,107.289784440671,75.18249710772528,-19.777038929863792
0,0,67.1550535589315,13.724027817214838,-5.693775137273633
0,0,260.154400494499,35.83446773130741,-14.338124714211673
1,240,607.204812357866,2.393630069737272,31.97499914902305
1,240,694.9848095590821,2.555405118393386,34.37239147100814
0,0,266.98977163127665,112.47755744480921,-32.105745403969024
1,120,818.6128695145646,9.19859505079422,20.16107639140995
0,0,231.8147986792865,12.66946171188315,0.38087245071010045
1,120,641.780153165872,2.6966857173901713,22.909037777017843
1,0,574.8976807986785,15.097590700436209,8.732480532112163
0,0,128.55676275330418,81.96309950605881,-19.459663651211898
0,0,128.68785293239208,97.54565865847827,-23.925305655955512
0,0,216.73101672886287,5.217728187155622,9.867917222606238
0,0,188.61126642984118,41.96050034332876,-13.930531243169938
0,0,145.49116757006092,6.1400318920812476,4.230447951581468
0,0,140.25728674463417,84.65187094874759,-18.684613606715004
0,0,186.59092009746655,41.119574306742955,-9.262793935372926
0,0,111.49811473672011,22.044789269353327,-5.43936871177327
0,0,154.78920670108025,108.3116604834867,-28.344131848084984
0,0,275.43790112143336,4.459758657940412,12.063071574840365
0,0,76.93335613921035,14.194644581798084,-2.7335626933251547
0,0,102.2960466759324,84.88519438879962,-18.98660730178679
0,0,67.05448571702748,12.738994703298802,-2.0438114821273814
0,0,94.44303191049606,7.886484607584386,-0.5744343242065213
0,0,67.74010186381184,10.926351225788672,-2.6659386786710115
0,0,99.01984645216446,4.022646310537109,1.3850293596693746
0,0,122.51290922068196,8.57278188392499,-1.7445812938272667
0,0,91.67142231726771,9.199720407908464,-0.8477150254018824
0,0,67.79778539687035,10.547972231800903,-0.9790582143578348
0,0,63.7184027648756,7.142454345399328,-0.09506365242546622
0,0,101.42186653408163,80.46888516439758,-17.73440056129725
0,0,106.68745431479277,93.17221227409074,-20.44817477900294
0,0,65.44271360072734,12.80187572415384,-2.164718866352743
0,0,85.30680367677012,4.37771678524126,1.0946392226676238
0,0,74.38234624202579,4.998885033853064,-0.9086442731731807
0,0,123.63531503284469,5.708347339676834,0.13852928708311651
1,120,747.6256104085503,3.1061613877553174,21.778092445521736
0,0,106.4003913084764,10.306422945641156,-1.8627885787020944
0,0,125.76100735572984,7.003904113643235,0.5160729244525442
1,0,319.03975979017906,2.105102313154432,11.975136049611848
0,0,86.18792715437766,3.360509693379982,0.7330636875239236
0,0,74.05112362029634,3.6347681112690493,-0.7709603421024411
0,0,61.232801924534435,3.8978715508502733,-1.1590454632377032
0,0,57.50629378577189,5.616788663891674,-1.2673506225099374
0,0,63.19136673874676,5.653301403397464,-0.9735206329109332
0,0,114.76556352341993,61.505670215246816,-15.054068474295264
0,0,154.83036792905222,21.395520483593724,-4.855671696396982
0,0,180.21751601172568,47.787059814837754,-12.940688559534792
0,0,206.29433855008298,37.21746394084409,-10.557393820851559
1,240,787.912828279567,2.1376147104403658,33.40584044674131
0,0,65.95773340497509,5.159383790368987,1.894037716885279
0,0,58.157737384574546,10.403527637581554,-2.121644091586333
0,0,52.33064062420582,5.953797021544486,-0.7366199395991373
0,0,58.59591571710426,4.199255181347267,-0.8819761686287535
1,240,454.14866226167646,1.2013250366155726,23.321735545461976
0,0,69.67300184185545,5.307686816297997,-1.0656833195492936
0,0,136.18922883495947,10.298796327379353,-2.84758508840423
1,240,813.2909982040047,4.582210507272748,24.5202097804805
1,240,711.9587432114043,2.9011250667142554,33.9775323237136
0,0,193.16650278438627,102.19494478152747,-25.762202794752668
0,0,145.25960590556522,106.0663970625145,-28.28611405773472
0,0,88.87155193050201,19.967093056859593,-7.8397517504558465
1,240,569.916798124141,1.8502305856161665,31.293549026043863
0,0,64.20258282230488,7.310209715031233,-0.6294983855216572
0,0,61.599086974828296,6.43353982768169,-1.2325822199138798
0,0,103.29310969060508,44.82280239450478,-12.496884167065886
0,0,238.41408506427547,10.558905432634146,3.2130230397470143
1,240,829.0388691263521,4.246625315753986,24.836443725551746
1,240,779.7892274686673,1.8439304583634235,32.467748786666306
0,0,256.80770132367576,2.5898492132759814,11.065894766159118
0,0,78.55704812089537,9.659306506888347,-2.859436992207108
0,0,139.1259821266444,3.5621679125622703,3.107185485947781
0,0,212.4471202676633,2.5167163425269554,5.560429178060588
0,0,99.79491543561282,3.6583715066048557,0.5725689366952622
0,0,99.03117117448448,47.035281554654034,-12.254218682381406
0,0,131.63556819252895,83.09429728689648,-17.064744218651555
0,0,255.7602722016278,96.20329442866228,-17.39271910453867
0,0,179.02177723791306,84.0298002485606,-20.275674889770286
0,0,199.18774088054357,6.853521839285023,7.315134447194879
0,0,165.2144694690731,25.751526088839427,-5.435432167710346
0,0,106.54430256959027,79.45544648470133,-17.570349710932533
0,0,102.28464260120371,85.16663654683997,-18.769193822574437
0,0,65.45355087253711,12.764452862234487,-2.8748502794977924
1,0,305.4687975024705,3.245431550255507,11.251234658174198
0,0,64.01296457380928,4.898116839743245,-0.08854853990251854
0,0,71.23838113924195,8.068264525920297,-2.4900729121657577
1,240,682.6433788352122,2.9180947661338448,25.61523480789637
1,120,421.44399780727497,7.771527618583877,17.82409020597167
0,0,167.39856516472378,110.0672248013186,-25.08867859941696
0,0,137.7658705063449,109.07680946620822,-25.0154747317018
0,0,99.44028952136115,21.114623406304776,-4.000411264148099
0,0,96.66938276375227,73.33710636990678,-16.117479618317176
0,0,69.78863530534437,15.784368983466381,-2.6971774014898386
0,0,64.48046362133475,13.618504154529633,-2.7867139641023186
0,0,77.58689690881302,37.40443746799513,-10.053183291835822
0,0,72.59922960333606,6.104560581693209,0.7449367271338616
1,120,704.0014197047991,2.8624823158781587,24.0504770367139
0,0,100.50154863463075,11.756413550312518,-2.391944643987742
1,120,570.890202784978,1.9232865223684086,24.75940370885715
0,0,96.75966313267789,25.418351796703742,-7.96684135824313
0,0,65.97456745166701,6.445936804969867,0.07102680331949784
0,0,80.89640247209671,45.83832393243652,-11.704085328599362
0,0,56.132629907680986,6.177356838004695,0.463893900799647
0,0,64.33854750649549,14.550848535680654,-4.1031048666487635
0,0,77.76765602768589,22.002697122984017,-8.259514162406205
1,120,357.1183053909806,3.2088220228182793,15.040261355801164
0,0,142.71555634822502,9.533044507005624,-0.9736210279944117
0,0,248.80854776165418,18.067780837424387,-2.908059916323964
0,0,271.5647553995169,14.383236204623415,-0.021717118012716696
1,240,615.7945518892858,1.9113466368030567,30.887466765206156
0,0,142.50067002560394,3.104237812222832,6.703939746847482
1,0,246.50211332398374,1.9173400433266872,9.326777154723672
0,0,92.35494129325207,2.8149824540575077,0.903603230652763
0,0,71.13374932040927,3.293163116518084,0.1586347235387393
1,360,250.2975843738913,1.1995138163041965,25.051659080830987
1,240,593.1607056655595,1.4080764668752548,22.12255326090728
1,240,1004.2070893512266,5.2574333491085925,18.087252139542187
0,0,302.4929914896719,59.03359905459534,-13.36869922018613
0,0,109.58482613967115,24.424857296818868,-6.115423920003124
0,0,90.10293693988552,41.16905753151295,-11.074317537807417
0,0,75.84698198860339,5.178087099264488,2.260633006203193
1,120,472.0688847231945,1.6405105408999463,18.782197475322334
0,0,70.95402745087802,8.701841483690757,-3.27608715656946
1,120,549.4528548509757,1.4885935348317025,23.310385617076506
0,0,74.04947989183147,7.247512343071742,-1.8864712505008185
1,0,318.60858147369805,2.6046643095598405,11.95166473588364
0,0,263.18280581817334,81.17917953057365,-17.40671100880529
0,0,218.48409281284984,88.39181798620012,-22.094712271610803
0,0,89.88432105405798,12.142073523608797,-3.852756516101863
0,0,85.40131239547088,5.302689039474678,1.0339001971597668
1,360,263.6686466081551,1.5919741006387602,31.125012100632944
0,0,112.3708665352152,15.422220581058133,-5.424367572720058
0,0,112.70278632453493,95.18790645356366,-24.189207342772747
0,0,65.06333540300643,10.010988275927716,-1.981318184634432
0,0,108.96470973819721,72.33659079676704,-19.004688984717447
1,240,733.5392882348426,3.304349906243952,38.297627877164146
0,0,290.8175315234166,91.63793630210434,-17.5236448613054
0,0,358.1701782479129,134.20438234087484,-33.47451612033532
0,0,113.30958285741424,15.962031015264769,-4.62882636328888
0,0,204.76000304856575,3.7859472503681406,9.960449785867965
0,0,101.29098040404455,51.05899546540458,-16.570441099190177
1,120,434.31210180340565,4.786447030605311,22.304268362013417
0,0,62.24063419466661,5.6140564917478315,0.337269280767444
0,0,142.82492663945987,2.3242956176681573,3.4619077356557426
0,0,71.28573185508854,3.8480756266094835,-0.5179066082532415
1,240,383.46684191260994,1.5764962664793818,20.79035277468799
0,0,142.09776383871863,8.869901430729282,-1.8248973606145142
0,0,103.10188172181975,20.297226087186935,-4.920859809288714
0,0,73.61131856338932,8.506544645661876,-0.5900378337606611
0,0,118.19358757704987,46.81642260844891,-14.608330155481354
0,0,68.83226874025016,6.438303418321251,0.4308269306710599
0,0,80.81053749790948,35.017489149720454,-12.334291687387577
1,120,749.8405401829903,1.8479346360024747,30.989827478745795
0,0,86.60851759233327,4.194110756142982,2.672897490602807
0,0,65.96454637606051,11.106744076053538,-2.8701845500916647
0,0,91.54389732853984,6.252574371892375,-0.44617696307976473
0,0,267.6775983094448,9.750307016374261,1.1818138588423608
0,0,131.7248396522589,64.42181613720408,-14.71625487022672
0,0,84.02044445228051,26.791000496479462,-7.660409143690998
0,0,153.44355989127158,4.071504136365505,6.7094984641014435
1,120,498.78593383058904,1.728174461299545,19.78268203780678
0,0,75.97552722258533,9.07640942467656,-2.577363795279254
0,0,117.68167385279781,4.72744925887825,2.320119735143365
0,0,120.97184010048795,90.45180448898263,-23.063799592723555
0,0,124.39468357543896,32.09471923320142,-8.97696384874206
0,0,113.9576653149077,6.348862796383027,2.715073993569632
1,120,752.0154763434713,3.2880403501516033,23.83026306306752
0,0,267.54199637912234,46.99561339321565,-12.049809008456108
0,0,299.3193032418199,8.292789063114366,11.950132389872564
0,0,196.27605161393328,108.54210329811077,-28.071707147075124
0,0,113.5567089300635,69.93566530849606,-17.397152340067265
0,0,73.56136622214487,12.514902440409239,-2.1988584786890897
0,0,62.69218907608284,6.723826011158757,-1.0237551623152967
0,0,208.20246924056977,2.6434279889070105,7.5132297987642005
1,120,595.7138580777776,9.05007498526138,4.923543904244795
0,0,132.57214199969445,13.19735707794275,-4.628752387964212
0,0,151.86102346952936,15.472312058189793,-4.2716312241561525
1,240,542.073216879334,4.757932719410297,23.737498005928245
0,0,75.24036116462895,7.0215980304519015,0.49199924022342145
1,240,555.068738171638,1.4342266933626517,24.29755462111993
0,0,72.50286743909042,5.270646142620729,-0.19282732793188018
0,0,77.16692995406821,33.89994726611833,-9.468963165235067
0,0,95.66661771171523,85.97059816690661,-19.250582963928707
0,0,69.43785231488299,14.21002867380009,-3.5846752234406267
1,240,624.5696586473092,1.6674852697077125,33.03009863692283
0,0,87.68343665594885,16.233492058883687,-4.75918673721705
0,0,155.8897565926894,7.086973427460724,1.4380960872183408
0,0,119.45089248391562,26.939829200451012,-7.463397002232938
0,0,253.35126910774952,3.8097606913080693,12.499589397829027
0,0,170.9330688147021,99.48938051992783,-27.736509099128916
0,0,74.10168244066402,9.789491463768357,-1.3692569161980117
0,0,84.00510676529453,33.611397399471905,-8.722330213315928
0,0,99.64188998356272,73.76484675770189,-16.10900944364218
0,0,66.14097512063283,8.590349006287346,0.10709505804908304
0,0,68.88920976148489,10.919902306832471,-2.0908122330531995
0,0,87.59752066949892,14.259285383224714,-3.9867575327942575
0,0,221.82455715156496,82.65225484653799,-16.39178012220266
0,0,174.7800282417644,71.7337892426132,-16.088460155238522
0,0,88.70941795554485,15.013299015960143,-2.0892746030903595
0,0,137.52312015222972,103.70173568834034,-23.198159918135794
0,0,151.15007123226926,111.97591710242618,-26.717335199261136
0,0,211.95599687447725,36.87512435051093,-6.880207246225837
0,0,92.09145728836279,30.27191866321269,-7.73304762856759
0,0,121.7996784356878,101.66753042215744,-23.531645965711007
0,0,144.3283373737208,97.30725261115485,-24.327937496292428
1,240,685.057732548645,3.7012776642949725,40.857427740515874
0,0,208.1571023349394,30.35223685340326,-5.574769975682685
0,0,142.68824778359144,74.93317500614856,-15.655535419448228
0,0,77.1623161783082,14.424369947419889,-1.6019093122929036
0,0,97.05887839357591,61.58838531682105,-13.364472058776272
0,0,109.1028849537716,88.405585787431,-18.69074299075929
0,0,73.65960450405214,18.092264348658883,-3.718528289483686
0,0,66.13907633085445,4.835122109989734,0.6639865861351382
0,0,68.52263564170238,13.17837130170422,-3.116104949061736
0,0,80.54849317243425,22.531494038167217,-6.179877563599888
0,0,96.13528437325367,30.07705409948832,-8.330895066763361
0,0,175.87428662097352,39.041914192312234,-9.765223772644745
1,240,944.5121314382775,5.46059189403461,26.374866281150815
0,0,655.0715455818523,45.693538211521755,-5.6664623906142
0,0,205.66582212935063,74.84757927914636,-18.14981428094721
0,0,125.41347781402305,78.29622938735764,-18.954570702251857
0,0,135.70039532556584,25.38567222026351,-5.079013769486664
0,0,148.00231988598702,111.35588955260539,-28.086185174903875
0,0,151.2868974568966,69.95519436058284,-18.518068731118476
1,120,719.4897402345146,3.6695285154287434,35.65285150157082
0,0,148.04838962723687,72.51991119994177,-16.139968117017602
0,0,210.8332963247967,34.61726992516188,-7.779398453426651
0,0,181.0091016322314,6.287470820627027,3.058636537155593
0,0,75.0016351112381,9.298741906994533,-2.1405553549436718
1,240,477.59784314821115,1.6171800243591834,24.143379476598994
0,0,147.72136701513662,9.222944096744014,-3.252710953972965
0,0,63.65634918131221,6.510826231805458,-1.292718874920837
0,0,61.8139506253326,9.10364541321534,-2.483943528121472
0,0,66.36083230485282,4.696234812570312,-0.4475772102967852
1,120,490.71053393991434,3.977067091281324,13.821803215217543
0,0,100.46225785629119,23.953315519371067,-8.53624528410235
0,0,170.06071377825023,8.127921087297235,1.1919273425154415
1,240,714.1368081239978,12.204885958144123,22.33234728167838
0,0,292.58822384212357,90.32265283915619,-18.259276625655403
0,0,158.51666140071737,113.66317666543623,-26.772541927273842
0,0,119.67802174958535,87.74107820437298,-20.703574587434602
0,0,99.81569443062044,45.83707854926278,-13.73376744744472
1,240,712.4531313894034,2.2925261636414866,32.87676892468386
0,0,88.7131758588973,7.448893058394664,0.8606869744392043
0,0,91.27467161008188,38.391964958064946,-10.255220471419847
0,0,121.59567472911002,75.15445613238144,-15.865361143929903
0,0,181.1061042837754,44.95405856140452,-9.874231697501386
1,240,597.8202791014195,4.422293380797025,25.947405151482755
0,0,96.1620941513186,42.49785971905722,-10.666169251830652
0,0,65.29116183626644,10.158131200356838,-1.936394026751202
0,0,156.83036603663763,2.8916001415640715,5.153829089950165
0,0,69.10584183709624,13.974870549695734,-4.239969785196337
0,0,97.74544676926406,76.30152262171698,-19.269467807527235
0,0,102.83978071605263,4.951777061628933,3.7607363436219146
0,0,136.76784392671004,7.57951841164336,-0.2908129294123114
1,120,562.2232420238845,3.2669563740007916,19.078796255644804
0,0,422.63568960824654,13.494365623203295,1.9149093263464465
0,0,146.60453854369607,12.541828888057735,-2.269510197703056
1,0,416.52310555367603,2.3692868897227157,16.015879641292145
0,0,171.10199875665708,2.8046453224896664,5.577073626111883
0,0,123.12860455938832,7.429928038542363,-1.881393372857218
0,0,64.3204324852068,6.31939865490514,-1.0550942802176024
0,0,63.19353759392622,6.419652000391323,-1.357621654417386
0,0,119.06867460357091,92.16416664500774,-24.003782907529462
0,0,340.06320556066896,11.822268149107757,10.108210212949444
0,0,211.78101347734818,94.9477460403781,-24.969684005729547
1,240,1041.3913559786724,7.281846113249272,32.81360456531711
0,0,99.20036184578218,12.846868349885762,-3.671495834847292
0,0,172.61074877441428,3.3711326764842595,7.886773484649552
1,360,235.1535399371281,1.5218325184420987,33.374284686816736
0,0,87.63132479558332,6.141231701450442,-0.9063616060118562
0,0,85.98748863815987,40.03092170296534,-11.423533909779067
0,0,127.75564350770225,104.88425047554875,-24.193994603069413
0,0,97.98655339491438,56.1495009929757,-13.051107299511969
0,0,75.03367648024467,16.181028939012467,-3.067164987839149
0,0,74.82081364404415,11.000992093119814,-1.942169386027416
0,0,132.85978314498814,12.678272346611582,-2.9945106511072623
1,0,377.68225537116024,5.456339542212386,11.301802076539587
0,0,143.4360195384646,19.449923327770946,-6.937886863663309
1,240,248.79408295116335,2.333979374295572,28.26303360389774
0,0,53.05150057648865,4.9119992523241605,0.6474636689743676
1,240,289.7128553065577,1.6893174910207913,29.870908421460726
0,0,106.65391091805107,66.65739083806521,-20.619691853207797
0,0,63.404841722099704,7.7760371691050265,-1.4750839020937292
0,0,102.73864040320049,11.904300094839583,-3.4858124859676423
0,0,139.4184410967489,66.96577659033399,-16.616184269596573
0,0,223.68664077291865,63.80814184647252,-13.242301810079695
0,0,160.57075517888453,93.59560645509981,-21.278526662644254
0,0,84.90921976929347,14.909272520438154,-3.59547033689104
1,120,425.93457328482964,2.1849169353660534,18.921049159732533
1,0,381.77382426591174,1.797358655181393,15.175784150601103
0,0,60.124146751184725,4.6166056441573895,-0.03358487367087548
0,0,51.52196022766548,5.079834488920468,-0.8317839108384959
0,0,55.91997112053129,4.342152071115191,-0.9815575235414116
0,0,64.52403942974134,14.392211987990105,-5.122268198613014
0,0,292.922501531586,2.7867115791748964,12.663582124724343
1,120,826.5580861108217,3.0990252519246217,23.110789623206685
0,0,177.97709144199268,32.40201121416108,-9.391997123865139
0,0,281.9931582556806,3.63844695511525,13.150075563481025
0,0,96.95108381445566,35.93958529078379,-9.357223437317316
0,0,100.80604649873311,74.34042315273585,-16.07764390598105
0,0,99.31629571481814,71.71924894283399,-16.29258449576865
0,0,131.2330474316285,99.99227707490351,-25.47281660858576
1,240,484.9167651911781,7.563142074134447,26.345857385975677
0,0,275.04281681482917,28.587999975933936,-3.5714442082277884
0,0,121.11874408101372,39.11931926881814,-11.212323789935667
0,0,260.3921176386942,90.26142330468372,-17.920263564536796
1,120,389.14752214296317,4.97195678130142,12.619429423798408
1,240,601.656401256672,1.6535102430338944,29.740056640018665
0,0,156.8599871571804,2.7474089106244532,7.327858203038531
1,120,475.96082562990233,1.4099627034738174,17.591141908578095
0,0,70.57519338395926,3.754311133561702,-0.07486310483811565
0,0,75.18829464849694,5.134263148322418,-1.3298544879064025
0,0,80.4331317743464,32.43065863696343,-11.711461725259568
1,0,366.23963804399733,2.9565148370437666,15.538252673592638
0,0,220.35256997112896,3.2971528549319324,8.132572352729085
0,0,206.79190082442796,42.78628324248312,-11.085614626675266
0,0,279.06727624398053,36.66182811581518,-6.567344462378955
0,0,136.05464714989103,72.07061304891889,-19.623883588032996
1,0,416.13382530896155,5.313677289854008,17.28365818762525
1,120,601.3698710450994,3.2836600758185983,23.040608175899578
1,240,630.1043304457486,1.928200371195236,34.03693450942559
1,240,592.0772052057515,2.8078194702924506,34.82003729640826
0,0,90.58548460490832,58.761737322477046,-16.497427453738453
0,0,61.70795281146532,5.943774845576381,0.035312573357984434
1,120,614.668518538442,1.6237239263436707,23.664410385151854
1,240,1020.8854239452735,2.8010280709634716,27.693846320060786
1,120,445.15064325170005,4.5303678228594615,13.352725681469465
0,0,89.21306769323905,6.54108227454056,0.8721531497634345
0,0,67.06663230357994,8.950688895738942,-2.3413983614293983
1,240,524.454397537981,1.4884086450652385,29.70539391645785
0,0,84.93142143962758,19.865446326141342,-7.94364481000656
0,0,63.73533316806375,5.281579794679761,0.024744669833353328
1,120,504.99446628327433,1.5848815080965666,24.428776279185342
0,0,104.5239789093324,49.5366968307239,-16.692558508369117
1,120,669.8950743040245,2.8388642557042556,27.659363250859897
1,240,1012.4437786805092,3.6691113571881186,39.449539929253135
0,0,191.81946163939705,5.216855516482427,4.139817610954182
0,0,85.81295301533675,4.219346911991174,1.4555542638410373
0,0,79.69548878763435,29.52686366726402,-8.341991365464239
0,0,59.96479577855947,6.524705937031649,-0.4387952824678081
1,0,300.9406089832163,1.946629786037671,10.2333975981023
0,0,72.41775631278534,6.654606621665478,-1.1334975564668923
0,0,117.78975183337754,85.04837207281645,-19.18739746875491
0,0,123.06782061436331,97.3100538208442,-19.789604167154593
0,0,123.67959367687074,80.94449880335256,-16.217156084361548
0,0,141.43053477862406,15.557263434767309,-2.191117489357296
0,0,136.01196689009632,7.565024136894475,2.2444112742928723
1,240,561.6509977969425,1.8529151534394181,32.924641527650465
0,0,117.52904516279096,54.46369618190483,-16.503218664869962
0,0,277.0644667939173,3.686527318911632,13.098271700403245
0,0,110.58570940601736,59.362762851930945,-14.844269169572414
0,0,96.36524765351801,60.67930613727804,-13.991545034169434
0,0,75.96025188392042,6.8319356488326255,1.206030209769068
0,0,75.33158809442916,14.99814234175508,-3.6597601779831734
0,0,124.72235234286678,81.3315999918144,-17.2969263430396
0,0,186.32145065375346,39.42741984638916,-8.824537692254452
0,0,168.6020351303505,106.28444380230196,-21.58100648127818
0,0,119.55109190392236,99.57178517816021,-22.56162338513633
0,0,86.09790751479474,6.402043816482297,2.145157524389475
0,0,53.70082433237455,4.774368167497382,-0.41458421549286584
1,360,194.44963123223803,1.3186007621320455,27.346151726196695
0,0,47.794726581166714,4.87507138509379,-2.5044135572486823
1,120,438.2947311771407,1.401363693639763,17.045468210083456
1,120,503.3717775427558,1.4797830129097167,15.923621843522056
0,0,79.8702227914791,6.412602048686057,-1.182437517689479
0,0,147.78815907110217,24.22220277109759,-7.462149989617032
0,0,143.50690391150476,6.870860641398858,1.0337892341727581
0,0,83.45342048022184,4.458983000811549,1.0298262703510233
0,0,77.41702607401261,24.910605466963073,-6.489522420823519
0,0,64.37908525125667,9.836455946192036,-1.001462169830063
0,0,76.88393659270969,4.323275491517257,0.7508177654453192
0,0,98.08787508470057,65.56009635800372,-15.70804733206215
0,0,117.71929823055575,92.9764885764668,-21.038545425455027
0,0,172.16711212977535,36.63166818417284,-9.368071390285365
0,0,91.75377311335764,14.722096844134274,-3.588828409525817
0,0,217.52220558732535,31.212507841954512,-8.016758850541763
0,0,151.8878672557694,7.46303176722293,1.378519531098192
0,0,72.88346993111621,6.972801571330618,-0.017743586287451762
0,0,68.49937971793909,11.076117576946826,-2.687898782195205
0,0,170.15897473227426,2.6692897693096924,6.03760172590853
0,0,80.29253631030822,22.682793654551595,-6.811415478232206
0,0,87.29409406291332,46.556906413879005,-11.592953255134276
0,0,92.04055838624375,66.27803629392467,-14.891063846379495
0,0,72.51577920958341,7.49214530626386,0.6099898830759969
0,0,115.3007275034061,9.844513033855197,-2.158742716909572
0,0,399.9363663113266,5.403979301820736,10.26285034522546
0,0,198.48662834195594,15.384138929488902,-1.325209894307335
0,0,98.84520313678674,18.418060196715935,-4.0520935963353395
0,0,88.45235582772693,15.640411713097626,-3.6655566730664475
0,0,143.1654618331472,101.79795994341431,-26.537015061420256
0,0,88.75470550876659,49.73682088222839,-14.055581245576974
0,0,92.29364155757084,13.49060149768324,-2.707290885162905
1,360,267.6708873628848,2.294827189545289,39.31883609846042
0,0,132.59604974681451,81.00956917172898,-27.43561446602368
1,120,558.187423864238,4.145649106556089,20.84958587394358
1,120,850.2659558495517,5.122812842736598,24.154285553036416
0,0,116.61171998275198,46.75840219177777,-11.097989641702611
0,0,64.04715979390775,9.783568674080485,-0.527195795451405
0,0,68.90386161693898,4.503796489905798,0.40102544273158003
0,0,76.49322233661036,30.629159533955136,-9.758597697134803
0,0,66.99907506367383,7.9547686060199965,-2.5043977053934015
1,0,567.9293603692389,33.40419090800544,-11.31983635644356
1,240,802.3868889940496,2.451343652872859,40.71560647521524
0,0,123.61487611958842,71.36483816023129,-17.462779020955253
0,0,102.64347419311378,10.556240493132655,-1.2693638081313878
0,0,248.35905037483363,77.59111870302937,-16.492782860139386
0,0,170.71435090434912,16.51297048229646,-2.0643132149651677
0,0,121.94054029709787,57.487804190703415,-15.231741352303231
1,240,465.7452232616181,3.254788619412708,39.8957062481598
0,0,98.31528775182977,78.12183242535824,-18.332036641422533
0,0,83.82622376408328,27.34500468906045,-7.631003952133682
0,0,96.84033052409862,78.57840072627073,-19.953089634680737
0,0,202.67507519160932,3.62731837351598,10.93265463852049
0,0,108.66730824663973,3.8289278603132093,3.8336231742313345
1,120,485.3310301085586,1.8647045552046095,19.24108755007265
1,360,699.354361277389,2.8298135688568262,33.464407768074835
0,0,288.7844094532495,8.627535425894003,4.5672576048151825
0,0,209.151796113411,7.907569486186772,6.880825316042859
0,0,96.29233412602811,47.17725884626685,-12.612343797024309
0,0,69.06982151159885,7.508993625946589,-0.3211322446244935
0,0,97.3206846618252,18.20905421680857,-6.326433249679553
0,0,78.04746395664007,21.83947792619473,-6.478066813402819
0,0,106.0609557124518,70.65673855628603,-17.921700799416158
0,0,203.4213279146598,23.624889927423958,-3.5610559590630686
0,0,102.76157324930001,31.692763691812203,-9.07568391951746
0,0,176.34189902908278,34.97861875547452,-8.980002121005398
1,240,778.2784482964603,4.082165248048834,26.375405244230564
0,0,108.97282635599616,8.434200517589552,1.0075068581069928
0,0,79.83797737342172,5.649472301363996,0.3820666238083845
0,0,88.64867368672417,44.60679519527721,-15.310503937272358
1,120,668.6380868067934,2.1347938724292628,29.672887045216072
1,0,355.06863267558106,2.2605333528499605,16.249874161134656
0,0,63.38013478286397,5.161919679295229,-0.137319414668724
1,120,489.2416074952405,1.5238991325492492,18.753484481445895
0,0,80.47526790333895,8.184253919522805,-2.1145266085624854
0,0,155.81937100621786,6.3950412434847275,0.9826987045829014
0,0,156.700511487913,71.36809420551451,-16.932592585075966
0,0,129.86011472930304,18.484653903351244,-4.641370464772635
0,0,67.5258900366643,6.037345085922605,0.2999117418078612
0,0,67.44601616933005,10.752854910461291,-2.5372057618856303
0,0,73.84463731693367,4.01785248776978,0.3940294905982711
0,0,68.78481033184897,11.450546540390054,-3.044105822348385
0,0,71.08154110354751,20.90633216804495,-5.671128120020327
0,0,73.03987352856306,16.53294173565508,-4.383698557083164
0,0,93.63868188825627,4.265042998725944,1.8357187412845661
0,0,142.3334404924057,6.222404964508489,0.5924630150803836
0,0,100.8517761582316,8.061076499124027,-0.9031806670509468
1,240,293.22050383423755,1.7724112838372572,21.674801756471936
1,240,551.3366810322992,1.26014299486628,24.567205247454567
1,120,364.5001879021812,2.1282533546381823,11.842614539412907
0,0,78.1137005457451,7.732864788200233,-1.9629828720191824
1,240,590.0564847834504,1.6375033466385698,34.34146978529506
0,0,137.42355555149217,94.16682220412252,-25.263984267035404
0,0,68.47709302716714,7.171788082624602,-0.2918644358130109
0,0,74.3798239690366,11.28808991518179,-2.639143759284295
0,0,142.29308412457857,7.184570857961167,0.6229514167489612
1,120,415.7245482572676,5.67601926812513,14.670152238561315
0,0,81.3081904607215,17.81541025442672,-4.767704467457904
0,0,60.84100507485997,6.194253890072482,-1.1088373535921505
1,240,324.0955284663643,1.6990901391283606,21.919131685961545
1,120,497.8578734032657,1.8337374934347164,24.15887202316611
0,0,140.5910883196447,87.38894159973974,-26.606129150471382
1,240,711.2531415936988,3.908239816997458,28.56857283060205
0,0,119.74967697459526,7.345297032274034,1.950549580983278
0,0,82.88564266028101,8.547716291424505,-1.7944036749941716
0,0,237.2366766968607,77.17930478063293,-16.503773479805005
0,0,242.96948012363785,124.36903189786241,-28.06591593594362
0,0,100.14153809264933,54.11759878321264,-13.507535052741048
0,0,65.94420381930045,10.605159685668163,-1.756655123604176
0,0,205.72168622503943,2.665526095015425,7.719229942169946
0,0,107.55108058629325,12.34429577502557,-3.7596744218568574
0,0,119.7725984846364,90.55809884531303,-22.669759457952168
0,0,102.42101538349594,8.376550106064228,1.4625132283120053
0,0,104.00103520027815,72.81416817034962,-17.337485956767154
0,0,83.42064793544986,15.209727528264294,-3.5784295924575673
0,0,418.1086573669469,4.586187611364544,13.272684380173857
0,0,389.8629181151076,6.0718801028014,9.469961679578972
0,0,87.68043260047857,6.903986028917229,1.0332925427071018
1,240,491.3945063582338,1.5549938912170296,29.899705958565363
0,0,82.33210292966344,29.156042705218344,-9.181410510329698
0,0,62.90440575695579,8.527608767878034,-1.0156812840224632
0,0,68.51775546857048,14.124074673522555,-3.2886840975708225
0,0,63.23115630365496,10.055643384770521,-1.4537420209257306
0,0,69.02073637882035,4.746782027747435,-0.03161395966353098
0,0,95.0566300784024,27.428364141059358,-8.399396217410057
0,0,238.6432548204533,71.89971037941856,-15.177792204809961
0,0,192.33538832831508,5.887586405602839,3.3286253364030216
0,0,70.44080441188325,6.814897363093323,0.27990670043571697
0,0,61.28413159687186,7.507193235054115,-0.42594471178185245
0,0,94.1374287807018,74.8286927725811,-16.970383408080068
0,0,58.180511525856765,6.719949079191807,0.6135195628532273
0,0,58.67669080107959,7.575315694657769,-1.8413145987400412
0,0,194.7976935686886,2.3747144591087115,6.2409176218190225
0,0,87.40058499532006,24.256382222055763,-7.963475480970544
0,0,99.01106100692118,28.766795486910745,-8.560630721485452
0,0,140.6999711603693,13.688903499457453,-2.6774365577058177
0,0,111.23447202701354,39.447309879106015,-9.119398052447124
0,0,106.90788396996088,89.65379904931214,-19.84715168579801
0,0,77.88594779686456,15.097920997712722,-4.328623927864513
1,120,588.9565697111104,1.8673074511603078,25.5135504401823
0,0,193.74459641745145,4.5886350600364185,6.199649958555312
0,0,209.67425237195496,58.45420348449523,-18.357346770364032
0,0,100.25756265015232,51.215985941422005,-16.441924824427062
1,240,256.96046604638315,3.951090925141489,21.115506030334032
0,0,68.56671590470681,7.36552548433158,-0.9740754478459763
0,0,155.13105687753944,30.409676091259993,-8.961534709596094
0,0,338.73443814178574,5.112329062787792,10.884464998448152
1,240,606.3546079794855,1.7206780216774609,30.92130519229204
0,0,77.2619544634252,10.683964464567163,-2.729885062898589
1,120,442.83350757492036,2.2178288930868955,20.749803728863967
0,0,109.70419483439576,74.02968380675902,-18.313917970829536
0,0,68.4746444385574,6.218119221977983,0.878113447351339
0,0,61.45918867838039,5.2690154126243876,-0.43743202291312855
0,0,63.87544684962084,9.956416126725312,-1.9423860280496683
0,0,78.70727923455519,17.22053583490921,-4.510534535185855
0,0,121.88559442213774,8.616219585592884,-0.6083203068582748
0,0,145.3488206850033,54.6446413325337,-13.573473486783016
0,0,229.15225330371678,4.982686028078675,11.28279041809877
0,0,124.31232711131985,83.47942030150553,-18.767767155598605
0,0,123.58880318531808,96.22140843667918,-23.336900639558998
0,0,105.19364522197834,8.431987706327224,-0.03864689945918087
0,0,62.618623725236176,8.02788884244697,-1.9932546316655078
0,0,210.19632320451404,2.4544350007436204,6.403927533686556
0,0,84.7971855043397,10.653967876659923,-3.2273215657550196
0,0,115.9690561611634,39.62148303311477,-11.510782521278472
0,0,431.134559295705,136.18424558300703,-30.446949143272583
0,0,137.47198319288472,59.176619580229065,-13.678639978708446
0,0,86.13604768320889,7.482279705644048,1.3782341977030228
0,0,63.112065342360616,6.063466546766044,0.10794049033106035
0,0,78.70576020273249,11.832584073063583,-2.5927242430523165
0,0,91.73701841907436,54.9066843915141,-13.228056276128484
0,0,105.18541524359561,87.0730402307529,-19.248427111609686
0,0,68.70164900758498,13.729702432719536,-3.210777512787203
0,0,119.2906799708536,19.788243398788275,-8.203160816861072
1,120,696.7695585901783,2.3089956792755353,25.898951313822295
0,0,182.024676430236,12.231368399617631,-0.9463981085149413
0,0,137.82278885546287,10.080473437409884,-0.7675733290227953
1,120,560.5317660811259,2.070245797901982,23.289630254554126
0,0,198.06159416911598,7.5767397632433955,0.9190165179434473
0,0,366.9908559606175,13.690936722856323,-1.6901196030130592
1,0,371.12402818961783,2.5045752102603394,13.634983816708996
0,0,119.03211581530054,3.3552738949537106,2.5109443690877384
0,0,80.27893870828333,19.884446541605072,-5.7424350490528155
0,0,99.08489275513975,52.19487516501425,-12.711766633384102
0,0,111.5325083378402,37.79352404992235,-9.584417511241725
0,0,246.05773983555022,90.06176491819203,-17.033479076073917
0,0,142.3138631195862,65.79042365882616,-15.649427171210988
0,0,90.67811720594746,6.238913962398952,1.881594010485017
0,0,95.845126623,34.53341051499032,-11.429673861726869
0,0,150.9841113376094,3.4997322515595806,6.512798075797363
0,0,65.62063870500562,13.159075984575404,-4.448537929158576
1,0,303.65620711199693,2.1768456340905824,12.44086355794262
0,0,87.10658998930529,4.543455175602648,0.08990636296626064
0,0,124.17933247442438,44.70163924602179,-16.60585414390124
1,240,732.2233078898103,2.582726614218913,33.50340333208075
0,0,203.15883014684943,33.47339450459615,-8.145238137642536
1,120,578.723736534091,4.100845093203379,18.84378721706392
0,0,105.60202672506041,29.189180727058766,-6.658048778330908
0,0,109.47952549339414,73.90874807607298,-15.556123150991965
0,0,114.25957855769978,93.10307004420713,-18.846645987506506
0,0,107.17982467440045,89.34123314134716,-18.599552551245196
0,0,62.63375169514216,9.000450978045663,0.13181866834497669
0,0,56.894537727352024,5.712402054604095,-0.3137769837713478
0,0,77.23220864624027,4.119241568563321,-0.1566850978776131
0,0,121.36118836155268,69.0031512664489,-16.912455444909767
0,0,142.62102495740749,15.48379665693547,-2.905285841648748
0,0,204.1406234908864,5.84293941882421,4.143315587020837
0,0,71.32938701590379,9.785949341335796,-0.667743628377309
0,0,63.17845496825375,6.9914462208737325,-0.6093876651142693
0,0,105.03700356730553,77.51140696029731,-19.96644746473588
1,0,356.6606913863611,3.4717776859540685,19.728574371760644
0,0,112.45110315641756,80.90629983307856,-18.920536768950768
0,0,68.5470931876538,5.9269269771194395,1.1508763212739836
0,0,62.749254793959736,8.524058523381296,-1.283572354420258
0,0,71.68978298387006,9.126672367607503,-1.8366541532856786
0,0,139.4142467551489,16.377182203586187,-4.736423473024985
0,0,197.76379591551526,10.354702300009865,0.37081709050640654
0,0,68.95198318475532,6.1993098750224,0.36403778039534984
0,0,55.355843511388294,5.3576411207902295,-0.2529322792282471
0,0,72.99257949300836,3.406871789377231,-0.079608093520676
0,0,68.86407772005997,24.470564664198328,-7.657011562707822
0,0,59.235161717091756,5.455198843421364,-0.4939491709628925
1,120,426.69404385194935,1.4924502744446595,18.415057938972907
0,0,63.602582256423425,4.641513307632218,-0.7359277419182746
0,0,84.32391073507044,4.399693737225707,-0.6524941435912552
0,0,206.68554592472177,64.58768673672122,-14.80091962931435
0,0,175.48882662793258,109.08638989213028,-21.67440561262893
0,0,125.63068802861169,93.15475525082056,-19.023198667740857
0,0,109.62483108968854,87.49717803185992,-19.632533417067904
0,0,137.29186456131023,4.368070029128427,6.49925002347878
0,0,58.36892248413506,6.790215763738076,-0.4066635718011469
0,0,67.86184546276672,20.818927928086108,-6.019182022604255
0,0,68.91607621984171,4.245467470383037,0.7914989100634102
0,0,57.71355660913347,5.0270965725446075,-1.227065774274024
1,0,363.4719620630263,2.0138802518068126,12.581564625469639
0,0,199.4252766478047,27.610818190721922,-8.64520565339312
0,0,91.0224216390456,8.83847084726909,-1.1779355907879818
0,0,125.57837211919534,6.973775316580232,1.364834096033789
0,0,80.72203689014927,39.04714119183564,-10.511074699703073
0,0,57.53900398222278,6.1374468195441585,0.3361120953315009
0,0,103.74631396851537,4.5064907590834835,1.6447038850767512
0,0,88.38728685263489,64.4967268375562,-16.720140736568425
0,0,65.52644739593944,6.136839469634066,0.46871814875865425
1,120,492.99964688038256,1.733561420364658,19.43560038234712
1,120,472.4736273515371,2.324157091351368,20.10332279864781
0,0,292.85682040934154,85.3798678050223,-18.345685088824595
0,0,198.6513185980774,61.54101743854327,-13.292023796163122
0,0,101.96991961244403,69.70972753213526,-15.48247543132878
0,0,61.13408752817528,7.600627656438276,-0.06501381875315815
0,0,109.28123516023906,3.5981267724137966,2.324378600263799
1,120,384.64556526279654,1.9248484404321426,13.881765499816325
0,0,283.48169608134907,4.19310497386245,8.031363540673638
0,0,113.64755610190804,60.545826329697064,-17.594946506386137
0,0,105.58867284829066,8.726741927552983,-1.149058794406912
0,0,93.5930995975167,10.599660145769047,-3.4667268522021573
0,0,415.48209264067026,48.55725891657395,-11.017678858867129
1,360,441.16783250103094,4.535165706658879,27.778738289074198
0,0,89.71995954362947,5.0053253795193005,3.169409301900842
0,0,107.0341223160628,43.7544766100064,-12.834877425494355
0,0,109.46735056669573,67.46315014166959,-18.156725689852323
1,0,381.025735101404,3.003200461930716,17.168869619540644
0,0,71.87716802886511,5.110394206610616,1.0224340218355366
0,0,62.878349826773025,8.91826290819133,-1.3857428456964556
0,0,63.37280602112233,7.278026486957344,-0.8802324645471913
0,0,88.55990101356286,17.39986920702482,-5.402650530976928
0,0,283.8611819716246,104.65928012727655,-21.215029414316476
1,240,689.5550643169933,4.667775099695596,24.371677896441724
1,240,714.1164939073836,2.435892328228501,24.639510843370132
1,120,728.5831635118036,1.7683035498799549,25.19157812349718
0,0,68.18070611283453,6.184640524667931,0.12180029580362373
0,0,74.86963804747994,32.46850384621997,-8.992186913769302
0,0,71.17324414779962,24.180975173337295,-6.6719138677552365
0,0,102.12574507091361,83.39214962437981,-21.27907619362753
0,0,130.18441668739246,5.210461195846525,5.920097206618095
1,120,442.73297940922066,2.3415326683668924,21.155568952595928
1,240,897.2593591360657,3.20722829333652,30.92965383607651
0,0,150.71087832251467,14.117077966460224,-2.128291302903321
0,0,69.37849671321365,7.222488714569504,-0.4456062962894407
1,0,305.03342484438946,1.9087137343324838,11.592461695081212
0,0,58.67289322152283,4.705780494106725,-0.4148536970327399
0,0,63.523547257409184,3.562874080919845,-0.992986711203315
0,0,72.75156355582507,3.6908471289891005,-1.232524096444493
0,0,70.36200180206576,9.93009161427746,-4.134486256165161
0,0,162.85593450709547,34.4167018674824,-13.983059007639142
0,0,153.22265412165157,5.2153890326727685,4.1406207716220536
0,0,205.91183726827882,52.07706191677831,-12.586473569196002
0,0,191.887432645434,6.478240961554829,4.582940373645741
1,120,644.6437775449579,1.796086536879737,25.043859968029807
0,0,69.0248060237782,6.1305223086078415,-0.1989461440726501
0,0,54.248219919351016,5.941913539202583,-1.359148716476696
0,0,59.60979010635212,13.254389310139079,-6.073939614717162
1,240,385.5088287804289,1.7112926381020883,23.78931243690954
1,240,650.4535528081244,1.4795992512077216,31.340481085596778
0,0,100.98489549176922,37.61801887738863,-13.38578752018546
1,0,307.3119272342155,3.327812293521138,12.883331110615657
0,0,413.2692487009719,4.54169674870842,11.821975423829286
0,0,457.7161198333608,155.78036787085946,-37.84278546200294
0,0,188.0940134220929,63.11575211954791,-16.56827996291939
0,0,119.61375763463818,26.140204762654665,-7.0921624032677215
0,0,129.72637191255458,7.562654750283853,2.7231584397659816
0,0,86.7781163617326,39.386582107709344,-10.701027481606658
0,0,73.06441609495232,7.207208404498642,0.16837304663670238
0,0,118.32211580694424,86.82753730424231,-23.809502569132533
1,120,688.1164278203065,2.955442724572459,28.245036464195294
0,0,110.80943785417358,28.730289515791767,-7.551543885531942
0,0,196.5405218559015,7.9979418893763645,3.278977325644277
1,120,403.9652921474791,4.997017861544028,15.674494085832265
0,0,71.96881439282534,4.611150775611245,1.3717772086494762
0,0,83.24499004284728,2.993471582724543,0.2946700616596303
0,0,52.969818607843045,4.409947843248632,-0.9071013592585899
0,0,56.97258082125816,5.940217832692829,-1.5066238101630205
0,0,75.65435968463751,8.444705053924588,-3.062869135056374
0,0,310.8918544701161,56.50054021649355,-12.486828806862192
0,0,128.50913997205652,102.95477290976176,-25.58227895329395
0,0,108.3898922260034,29.570358223381152,-9.154927344096947
1,240,876.0850531006759,4.39742632764308,32.18179188519315
0,0,94.7072697632675,12.302560097028454,-1.5939781006976688
0,0,103.51344865730616,62.03491835621761,-13.630873054777084
0,0,97.62628212359026,64.09974199944304,-14.038033241774315
0,0,114.33659573832267,90.76782859138368,-22.02616884935
0,0,295.4947892103469,3.397767181048185,14.272629979578568
0,0,61.31561183098869,5.247261366179009,0.5654303178643687
0,0,59.17432675980404,5.847157928712365,-1.218262710638001
0,0,113.20186763070262,11.66998847031274,-4.305892367383024
0,0,130.16149517735133,30.219554813014742,-10.63630435647002
0,0,780.3571186491919,174.8168257898514,-44.698446034047336
0,0,123.89144193584639,11.190219944305644,-1.9967367558768814
1,240,488.38804764358,1.9004438937104746,24.954962763580554
1,120,622.7768836868811,1.805712987832128,22.759977497802836
1,120,588.7502534486234,2.2769516543571178,25.38366033796099
0,0,134.07185717892403,76.84368664963168,-21.31628049798603
0,0,99.81897055149179,67.44892028523223,-19.494358078483273
1,120,685.7004417144672,2.530245896541978,31.46887054551759
1,240,941.1881270563279,1.7443905008474165,36.569817922500064
0,0,93.60466237706267,4.793073281296033,3.497384187787958
0,0,137.7270218342821,7.000780277515767,0.1843411488624298
0,0,262.6309891684293,20.39981497734967,-4.488014332774853
1,120,521.6796932008153,2.7242955464939667,20.043666983251228
0,0,80.65908775797398,6.346089562692514,0.7643975214744785
0,0,100.75147471369947,70.60261312061334,-19.770206780235128
0,0,67.0223990037874,11.987374372140735,-4.361093811443965
1,360,190.89459798053645,1.7671804488946496,31.612245292636345
1,240,439.82918003924175,1.4570137084422656,25.67123412867342
1,240,454.58564464004724,1.6431682607888365,30.842384088770046
0,0,103.38393419033287,7.9462864636649275,-1.9618521063420502
1,120,606.6543333630107,29.613291454618526,-1.3690191383687136
0,0,106.30402347620158,7.507573167167264,-0.067740337862503
0,0,72.90181167357247,9.57079947110464,-2.5119273366547077
1,120,389.13450834794475,2.0128805610744127,16.742412440707426
1,120,411.34016897460185,2.0198637313631163,18.955120080695963
0,0,105.52975935289808,31.578361710530427,-12.570785516413679
0,0,204.2685169015116,64.29447661014059,-15.789023892819685
0,0,172.6570225647149,34.584038048357634,-7.352259644816101
0,0,111.73769099448934,76.27844873984291,-22.660132097841228
1,240,738.0313147278697,3.1298875165053475,33.486536958055424
1,240,1244.970368465376,4.032782646629474,34.194840123890714
0,0,124.92515442725646,19.453991579471836,-4.371254850682902
0,0,127.5203296078833,15.1762249159875,-1.4342600907780678
0,0,118.91808640407217,80.9157936236494,-17.333729067064155
0,0,107.67684281794328,77.9472982907194,-15.962379782237832
0,0,97.72087019469969,65.2148833618552,-13.924835143170156
0,0,70.22655290853139,15.33729086331842,-2.4184172423169485
0,0,62.602339477375594,6.844528458112617,-0.22705676744817538
0,0,98.43915686173061,62.07436631947165,-14.790663478943685
0,0,135.8553819157154,87.63323163133329,-19.300267962349793
0,0,343.9843254816428,8.368323357504933,10.757618452441932
1,240,630.7050961955706,5.306981550391997,18.312211101871142
1,120,608.7692337583195,2.6847970459517105,21.983194317127897
1,120,505.38651252623316,1.9996551332402241,21.557001335882802
0,0,115.31637126396829,4.0149556182134685,3.3359383256420756
0,0,107.38597089601177,77.87166562910714,-21.094074474525243
0,0,315.14976868551236,3.3048223396435565,14.232186612789775
0,0,69.33023911269677,6.857830594330695,-0.27058596206616414
0,0,98.59975480077749,26.756023278328833,-8.696866849773315
0,0,100.02279288113553,37.7437448210357,-10.01890629675367
0,0,142.1868199133394,9.814418078726263,0.12257175276091914
0,0,428.48137750435586,115.35763418220988,-21.663161363278718
0,0,229.68736060341107,117.04279283795292,-25.144963253589175
0,0,193.86181126108417,131.0396940355018,-31.039338259297885
0,0,121.74288478321199,87.13728034368015,-19.337546242032943
0,0,74.52588341321317,14.254743344446858,-2.214028704198711
0,0,66.5447371799257,5.68881603146111,0.29585895080616353
0,0,94.25497803805668,51.01541427393623,-12.516096615673675
0,0,104.72412835606153,65.63544023511191,-14.063766086856802
0,0,138.4652146198255,93.66069126270142,-19.04344677089405
0,0,197.58074124482076,27.422276202733226,-5.010332964480057
0,0,96.6342409827792,26.652037393127728,-6.8465326216445845
0,0,61.29055347394323,8.560357833089556,-1.5092393662853567
1,0,316.28602716101346,2.1716118661803554,13.020354547716096
0,0,62.59134916877773,4.682830248098451,-0.7008053145541453
0,0,77.02598874024949,24.95243229256928,-10.966022946438699
1,240,419.238953075741,2.2887782822497855,25.607298312349357
0,0,129.0080172291734,14.670666128865054,-6.344927080847668
0,0,236.50429930926543,2.748359868971794,8.757706117825478
0,0,187.60948761488308,3.005803583499308,5.126194022233236
0,0,145.9826423810567,12.468027300691503,-3.29458627168934
0,0,118.59441926525191,70.10473419639563,-15.361039651927172
0,0,59.52429355406218,9.119505097197464,-0.18131359704177896
0,0,52.57674645160101,4.849231489141806,-0.5559669127972313
1,120,336.04849514172304,1.6989404449733285,14.765960851915679
1,240,573.6337102894862,1.3052080423371089,35.20503658971431
0,0,104.45032853804788,62.36412547122882,-18.78133634372425
0,0,112.07386180570097,5.47128278661992,4.11315479036152
1,360,261.19697778356095,3.366038562955291,31.754647792630834
0,0,197.42353278722902,100.98651158508004,-31.890862937650816
1,240,748.6247252497895,7.241640993123654,30.65579718413906
1,120,500.65230248200976,4.966530339979893,19.546256900153608
0,0,119.46869009556971,70.7086908885657,-14.906128392853873
0,0,106.62374566670613,85.55651006654074,-17.50422633857889
0,0,93.83192200740376,71.86342460648393,-15.543827395241053
0,0,72.34378853186625,6.292226289202411,1.6956041924031666
0,0,78.48446900712763,34.425816628391665,-11.066048153299391
0,0,95.1090763524901,68.01644681221565,-18.933656821176598
1,360,247.47102890570284,2.673394119073588,39.51121421422292
0,0,67.78317321762059,6.19657544674962,2.0391720199408923
1,240,633.6046785518328,2.918281347997012,27.212594561452335
1,120,502.10259244670954,4.7098911610316465,15.341161272858159
0,0,73.9859922968832,5.087240006546353,1.2580877025314265
1,0,382.9875080201374,1.6791920971537755,13.180606236763694
0,0,81.03071209176407,3.962791209813632,0.26130190628059324
0,0,93.25836846571913,56.2784793720997,-14.127390150026883
0,0,84.93988380720707,31.06521330566076,-7.92912451056371
0,0,67.18638075626022,8.008870577951733,-0.1680720139254106
0,0,70.78185539622679,10.340121389909763,-2.2207657426956615
0,0,124.4809169715235,63.26494541395583,-15.395543856935106
0,0,234.14238620189104,82.97125342933083,-15.825345777233863
0,0,94.09717443740008,19.14746307254477,-4.33880610291051
0,0,70.44538984749732,5.081467926271534,1.0937885064338957
0,0,74.33790322515324,20.77052764520633,-6.121796365828487
0,0,90.21945461592797,20.247950426279235,-6.054790573530525
0,0,76.74183910093637,4.988692294537251,1.61227098915964
1,120,377.85068652654655,1.656165368374506,14.82404204968708
0,0,57.491602254113474,4.288321285881794,-0.4997086783838114
0,0,61.42328171346679,4.417472033256653,-1.4773718532068187
1,120,468.1975300985019,1.6978659635666358,18.314335250479587
1,240,742.8840999427313,2.746199399900825,30.768651825878663
0,0,167.2283089039385,82.50283052452683,-18.163600111095093
0,0,86.86246797212632,11.760126236092788,-1.5740470346502065
0,0,95.22208551846443,10.81364495101665,-3.2331550485006204
0,0,70.42506996285402,10.236348483280398,-2.2086337894493795
0,0,106.00928595836302,70.25955156902003,-18.13759778447273
0,0,154.0066672551605,7.87877045151979,4.6968940773518995
0,0,106.69094582077332,68.60038351864203,-16.86688136095978
0,0,79.92838810701869,21.55732824611944,-6.312504752834087
0,0,145.58018963650656,83.667563405898,-20.60325876322699
1,240,759.4702043658115,6.435864994165128,34.58200583741933
0,0,132.7108273378959,17.354955997031517,-4.921958871255271
1,120,529.4147392747368,2.2750959883056643,21.091400642394333
0,0,69.9356073022204,4.478468283996939,1.1549872357450681
0,0,51.44588960791719,4.693453456815623,-0.5937260320907569
0,0,51.945140954960564,4.851405043760615,-1.000870367232693
0,0,50.88826889628341,6.505416485838072,-1.3629584456973305
0,0,56.06189290339974,4.150419916808251,-1.3480312819687867
1,120,281.80869791374715,1.6072617431286704,11.05997674018532
0,0,147.00960991773164,3.492109243104078,1.9465971850650732
0,0,261.17777450066797,39.892139089928634,-12.16460286049248
0,0,197.3600281881932,15.941953272620276,-2.8183278474962776
0,0,85.69894627622512,10.591008342517844,-2.0394575058752196
0,0,144.2697072797877,3.52968304004938,4.777294687367345
1,0,378.20282984401337,1.8768829135987013,15.28588056952077
0,0,93.68132813987583,41.662287025215356,-11.89934319807233
0,0,65.23531474466523,8.788884743019528,-0.6950035355191204
0,0,98.14085982156124,77.79433635853356,-17.77915034877232
0,0,79.55422449615185,17.90270259039024,-4.62104838629476
0,0,137.91062063577877,8.199676816942544,0.3364978238101486
0,0,457.45802045620127,5.998417837227435,11.598358585247965
0,0,160.93851958479678,99.46888403975245,-20.909801940766144
0,0,108.22554205163325,18.538116939567757,-2.8426181737476526
0,0,92.3423299283061,39.04138355078603,-9.80754822626092
0,0,72.7464566615256,12.504228243178071,-2.017502686302791
0,0,68.06013579592181,12.636054759473323,-2.3309836925058676
0,0,66.04751498733206,7.418243997998573,-0.5793272635384312
0,0,114.07272630744852,86.78203930562829,-20.267992023907865
0,0,84.72529222210385,21.51126170301306,-5.194774584695551
0,0,81.2997394292004,10.448340675450016,-1.899681129906611
0,0,209.3459147770828,70.06628253968057,-14.78900431809032
0,0,288.9729507761991,6.191310093034262,8.1935702918733
0,0,96.79971342692879,29.28134449662508,-9.1120956311116
0,0,204.91927466878235,3.6970918682764173,7.835867893371372
0,0,157.10483468209557,6.78886659863319,-0.4888343056569653
0,0,75.05290243525444,6.264159142762895,-0.7209477386720948
0,0,97.09322665046248,58.52172852115612,-13.984554365987876
0,0,103.38553257456422,69.24536926922585,-14.943068499624246
0,0,79.79783072267459,11.510042465386611,-1.5316169019987882
0,0,187.7470053390715,94.49598600145814,-21.99550079332151
0,0,406.06173743974796,132.5686924706766,-27.759066289202252
0,0,152.07610250514284,74.47901805584492,-15.066380081901471
0,0,119.02354575516648,83.62355264747987,-17.39559357429738
0,0,77.99029054620858,16.63612443895428,-2.8902688507402416
0,0,89.74161708316142,31.155530659304265,-9.239201090754165
0,0,110.44260300504837,73.3738325392101,-20.941489799484756
1,0,378.8488264667652,3.822509173484778,17.226760595048603
0,0,63.11885564132928,6.495064012593453,-0.3110980202278597
0,0,206.16195606033995,2.4367778588366416,8.235651683708397
1,240,748.3911117587273,1.3857903124198632,24.75755432574033
0,0,190.4852075682587,7.290601698431619,1.2383257229403597
0,0,128.73832106429273,21.819990386880402,-5.3823284524990385
1,240,645.1801544831906,2.3171080420976766,35.75526505462807
0,0,122.18462830610171,75.53417165715204,-20.07299835202302
0,0,62.91162115811365,7.047377462148349,-0.6715850613085195
1,360,199.44917305886636,1.5929516813075684,29.006179147653754
0,0,62.759032144311114,4.141027200813831,-0.8139030180748108
0,0,82.07194605790822,24.68635707995101,-9.792171926632577
0,0,72.73823235117207,6.660338091619414,-0.795636396832478
0,0,143.22664254021544,13.999402793315289,-4.521445895575042
1,240,653.6429755050057,3.819923198496114,33.60344967474849
0,0,312.6102648875819,4.81199047121485,9.195132780517255
0,0,80.29091525396011,14.770817497323243,-2.568941176170128
0,0,79.09619672540154,42.80114842482941,-10.896116264623231
0,0,61.91924560358043,9.485322867710373,-1.026074817138948
1,240,567.1847173664781,1.663674103899302,35.497471616048074
0,0,109.71160861657525,86.74086585496251,-20.986398105512706
0,0,74.81892052229495,26.665444213728527,-7.87393891835805
0,0,115.391075888682,4.56968628431247,4.221528641006671
1,120,572.8643546794606,2.119840475441508,20.369137276003002
0,0,265.1854338913025,20.967807169345868,-5.248079090073816
1,240,461.742461048203,7.648065925938921,26.080740390253112
0,0,80.74394949099472,24.43425181771644,-7.935798141639509
0,0,224.63862028342044,3.13124299877126,10.335895694387759
1,0,267.10406177184774,2.5148645118946966,11.117719765043944
1,120,545.4507728010633,1.484995798820821,21.203969950738767
0,0,78.83096129949278,3.9390553797091687,0.2480656071159899
0,0,214.88505298252326,2.3103985402491447,7.1072109453476315
1,120,573.9703458790914,1.6468159700556937,22.399664827130323
0,0,146.89856188985678,52.18852912553762,-14.579537902328482
0,0,222.6021654120901,61.351119968288664,-13.373021492727702
0,0,144.91990958019792,32.75297824155291,-9.186282313854548
0,0,137.7137359738626,68.21729643478658,-20.214259518436847
1,240,639.462019915955,2.671065342783849,31.466830940137342
0,0,71.87185708551483,6.575083491312639,0.7711134241643833
1,0,260.7663889421156,3.5407527366833693,10.086302948942873
0,0,108.54325775980485,38.19685492751213,-12.678155416223987
0,0,88.33103166293205,46.804575224170016,-11.832929208371738
0,0,67.00189207418086,9.323712742079621,-0.7979877553667052
0,0,108.36197151421737,59.42437502587129,-14.076003719138328
0,0,167.16832981905836,10.682479931726,1.2337075491000888
0,0,93.94568502126026,10.721283544555371,-2.165706965332305
0,0,178.9757641769551,2.7424630247667072,6.722898565770677
0,0,160.59196494411052,2.3233493971915866,4.531020263629202
0,0,65.4869355644615,3.8117081818072966,-0.8012638054593424
0,0,58.85029686711569,5.786173861068344,-1.9549988209063258
1,240,216.6059119885988,5.3445623413370065,20.491777796406424
0,0,128.53032706516575,116.75402999273474,-32.50795981211672
0,0,165.7482391138787,114.6865350928468,-33.037776371372644
1,240,514.2910317267044,5.118319536343803,32.90873683284589
1,360,973.8014228801993,5.057499714886464,39.37803749400544
1,120,571.7801287119163,4.477925459374471,16.403827379681573
0,0,176.36573875985255,4.379829424378744,5.4535031301983
0,0,67.53553702234431,4.634350549480055,0.42835404124629406
1,360,225.00137415152943,1.3212335517961715,27.274564747720802
0,0,53.45302376425179,4.387775059272371,-1.6015288677660209
1,240,259.9608939779796,1.9958440802382604,13.983143398328167
0,0,74.14189710776142,4.511523280292446,-1.8827302126530867
0,0,164.352112836111,2.557542574949188,2.930701497086332
0,0,100.33244865180006,6.4592344289300705,-1.815565901802259
0,0,376.15884782991975,113.75908921884582,-26.343152155212543
1,240,778.194108022125,4.121401135182714,25.914982823469174
1,240,667.3411963840703,2.3659108183799864,38.506830095337875
0,0,119.91669112268431,81.73681518829315,-19.335152611884624
0,0,73.65512676099267,26.771366760009958,-7.277354344633466
0,0,63.629267337846194,7.0986430287793105,-0.831715219465579
1,0,314.2793407789848,2.041730133029605,11.345056505665937
0,0,73.83871989446014,9.634687627917575,-2.5949223669854433
0,0,74.22677584486974,15.642981895183725,-4.10407711377303
0,0,79.10654654670103,9.73812933481885,-2.029930540847758
0,0,237.69757815840993,90.05043012640782,-17.836988484762657
1,120,591.6371847637353,4.422465297822096,19.91000413947161
0,0,98.0065955461274,9.809646817248314,-0.6137257895111361
1,120,269.81698459085106,4.278191266950455,19.79702268288972
0,0,137.90531536045768,84.57176212732246,-21.33751141616702
0,0,125.84351118860788,99.78646757847542,-21.810398679135716
0,0,107.25163860422765,81.12838955592281,-16.617098393251453
0,0,104.43128395997216,77.85243980074961,-16.085569833624533
0,0,111.91631326635789,77.70027924556251,-17.229281192578398
0,0,102.46879686956092,16.07802131131885,-4.01359472379508
1,240,664.5023753007163,18.91293937189776,11.798303319934107
0,0,169.28684641699,94.17839524312257,-20.749640078898494
0,0,71.9325049978393,14.861231413285292,-2.47378248888252
0,0,61.2493072255334,7.959416231632147,-0.8324496887605477
0,0,84.86243585636579,58.38668927725325,-16.979202323571386
1,120,409.0315580137227,2.739413640894191,21.49153317354768
1,240,352.18852566761296,1.8673833698990694,25.19627027266212
0,0,58.566152895831756,4.384792908042206,0.20085878207143537
0,0,76.71391272112118,3.4252533742861817,-0.5913746735565155
0,0,68.1164136577414,6.042602317573787,-1.3546520735269638
0,0,175.36221419190417,6.1990517738719,1.34117784399389
1,240,528.5163793203649,6.102196158566251,21.92555697130453
0,0,100.35640174315364,5.3239774209072666,3.076136985392395
0,0,92.91124702211397,46.94723837897997,-14.49681235353762
1,0,426.09033072694893,2.825394940331876,18.556276833772642
0,0,67.16525601147207,9.16201507864608,-1.0161251359704977
0,0,70.71846415777473,18.751730837217963,-5.208053155474246
0,0,97.27079466890183,85.0311027594739,-19.520006380337577
0,0,70.80296880495656,12.865497657752098,-3.5487020798427693
1,240,421.322611294159,1.9366502509064927,29.62105147842773
0,0,137.68777640017606,8.673225646693535,0.06317485100069575
0,0,103.01811958646171,16.626673966059048,-3.667268673437434
0,0,139.49357649168098,4.270596685719571,5.531578801438329
0,0,119.39503972428521,85.85030498174208,-20.34912710321828
0,0,84.17847477410467,29.16500404935983,-7.4608290016764585
0,0,59.730320747060524,5.499885989295089,0.6167797610905836
0,0,84.7862632120921,3.33582245370239,0.6259421334464434
0,0,80.97362370177042,31.092467343231043,-9.21002839307441
0,0,98.40184989360728,76.51398138135097,-17.192103307978726
0,0,84.85952815739174,6.873126697304123,1.717315950194532
1,120,620.0807609063945,3.7024075336670914,18.26838600595447
0,0,352.1921305341773,122.5081767498517,-33.8499778807104
1,240,603.7727073232198,4.1466363885793305,24.346114137815633
0,0,176.77982230029897,3.679975746088756,8.61123497497401
0,0,196.55566682989505,4.5991156814047125,7.362869667415666
0,0,105.19217153438915,81.6324195900769,-18.424785846706513
0,0,91.06574238613868,71.97141557177565,-15.390244053317502
0,0,81.494810321776,55.86412775587389,-13.215221557297824
0,0,66.17523268905236,10.416368621044718,-2.4321819366577984
1,240,483.8426963319409,1.8473015662224894,28.494703184964848
1,240,953.9775588073123,3.107975089808525,28.999394553590946
0,0,103.30856073817485,10.251512377098063,-1.2898444051621283
0,0,60.20307972567356,5.169086498479481,0.13159674237095942
0,0,64.56466219494035,4.037719056745681,-0.559100296192284
1,0,373.225665396624,1.5894860416460028,12.239819761289922
0,0,76.71149247265738,8.054867632286824,-2.456276756693967
0,0,99.61417332082752,65.79779488329218,-16.307014968031538
0,0,67.87592484727271,8.847170480453777,-0.3362496306164928
0,0,69.53982015999675,8.351224607510094,-1.3165442134171315
0,0,126.65410737901416,70.18656850523249,-16.167058937703004
0,0,270.31926266548146,97.63684958524655,-18.440014195685507
0,0,175.95891029676832,98.34879724270834,-19.205140978772775
0,0,123.31326895037255,87.7241121147597,-17.011323466334517
0,0,125.12818323281371,104.77613677684279,-21.937440731357142
0,0,94.55828561602931,70.62399039352609,-14.967733986450739
0,0,57.176726228565684,6.291055809509409,1.124667920532886
0,0,55.86517828235926,5.0984245401432835,-0.8540451996131395
0,0,86.88659677238476,44.81596542137125,-14.038033241774315
1,240,590.0343567974958,2.374795002911796,42.00325268017467
0,0,127.1076063944423,74.3958336794516,-17.035988953161024
0,0,137.23973002882795,12.888058044679896,-1.6826956507869966
0,0,93.19844039310169,13.295961644401087,-2.66144731967303
0,0,72.79462924160464,4.455324010900003,0.5603524402207825
0,0,137.62404507997266,2.9948196197649604,2.4726357188109347
0,0,76.28445748551364,13.977231363016392,-4.51254243685554
0,0,88.59940150898242,4.488740890277155,1.4377896180161258
0,0,110.24054910051166,79.78931024984045,-18.790630814874163
0,0,119.47374597760648,92.38673286228368,-21.4743340631005
0,0,152.38773074996521,5.8991964451174645,5.588550369339643
0,0,89.49052339007972,13.335887906989976,-3.2241142070352993
0,0,158.93505264334757,27.64251770475152,-7.665708947308602
0,0,105.41688621962429,9.039690474985843,-1.126882048860466
0,0,207.24180630935012,2.514214295534783,7.72775824031433
0,0,84.580003629897,3.3438355468512624,1.0155120450269095
1,0,259.64668111184693,1.933097299055029,7.88991215199637
0,0,71.25382651878252,4.381901453195345,-1.1547496104549282
0,0,74.64626668516264,21.22608159054833,-8.88972052119442
1,120,714.8502089498676,1.6789933321943433,28.880632453781075
0,0,72.91723438099629,5.570057916425966,0.5376208797392792
0,0,69.82558518762879,6.1708776869207265,-1.1740201825321037
0,0,162.8696171295582,33.18840029715591,-9.50864564297008
0,0,132.30742236444192,28.003557896625452,-6.986594331008362
0,0,74.3742522963436,12.077782873393335,-1.4819319035777028
0,0,66.44849404429303,5.565414803071691,0.023164768256421553
0,0,97.86214015421137,59.244657209384656,-17.140431543695016
1,120,654.4813903826725,2.5754043477508377,28.650083070487582
0,0,95.05823413066295,27.39292306279909,-7.417151856409134
0,0,113.13108528218785,76.31317507645565,-17.724884164173304
0,0,84.43004458163826,17.346861006402197,-4.005695215910407
0,0,189.1618247771052,117.56810629005594,-28.960547092773545
0,0,162.07328170059196,17.37302307756652,-3.680526108409083
0,0,282.85800882148595,40.708901083137555,-10.39129808115483
0,0,86.46500876129184,9.344270588962107,-0.027492477288930672
0,0,100.37583174721422,76.05967281918271,-18.88729542841402
0,0,87.82708718772001,5.231061457953044,3.5967964562442205
1,240,540.9879026501854,1.3946684054035403,25.339296278964568
0,0,110.0181016269522,3.4913148601050303,1.5016408911119754
0,0,103.40734315088427,7.197787712505391,-2.5949699225513
0,0,235.07275918512357,3.2295817932407096,8.55958963044911
0,0,194.57083636841995,109.17182678765523,-25.84931930745801
0,0,311.8849612004147,112.07647908635107,-21.393727378966332
0,0,230.81779234490568,9.278957461111972,5.023569111105488
0,0,170.54618047830547,105.57764372862496,-23.33448587360362
0,0,162.97542789846224,123.06776892258618,-28.710917359666325
0,0,106.81226431753902,76.19968276636165,-17.452987858339682
0,0,68.33712104633977,8.733525656043572,-1.0895720654667258
1,120,491.8832718512772,7.651959102034226,9.977876258780086
0,0,67.96964004188699,8.119525580293383,-1.7826680181300674
0,0,98.72119799418535,59.05765841358951,-16.234122853470353
0,0,366.8265284583642,5.935592768370057,13.814511361785534
0,0,443.0219128651695,56.334164244094296,-11.556356605228459
1,120,664.3940479268523,4.498645747540487,19.952529383254756
0,0,90.9076100397891,5.733124147673261,1.9510357045454185
0,0,91.42311729454711,18.547117991578553,-6.137870147089458
0,0,92.02539640816262,52.30414400173643,-15.544762654702993
1,240,328.6330578977224,2.7534616533391514,32.466195304848185
0,0,67.7962436929309,25.642085786317963,-7.843202170956644
0,0,59.32840079725414,8.144367364803223,-1.176123195333517
0,0,95.83567235031241,72.03605276339599,-16.774623563189692
0,0,85.08645904203985,17.609949104306644,-4.5615722252580895
1,0,571.2204901818911,4.344893719000572,18.144762670523264
0,0,159.7636391584004,15.372385400173822,-2.987953266970223
1,120,719.5341775833579,1.9526035642395414,26.987804685579775
1,120,656.7194910604379,1.767879961671857,28.03364668999197
0,0,105.1185438352214,40.21784469282817,-11.863623684159052
0,0,93.7780984022231,60.6527740609679,-16.301149781575376
0,0,92.86200318451817,7.075378278397089,1.4244106521539237
1,120,562.3120713773377,2.655841661549329,23.42471976530956
0,0,149.0665717186685,31.361542304885198,-12.04388569853056
1,120,703.2084397491129,4.173842144990341,29.126727223159293
0,0,374.32623796034994,102.82825641853482,-21.697232284242148
0,0,152.94065833343035,70.8129059964669,-14.408934951778505
0,0,126.03682499213484,92.03058215304405,-18.641861153006076
0,0,105.66206249023244,80.12497891812991,-17.214031707792344
0,0,72.09731995060295,8.396719898769387,0.26918556230997126
0,0,91.50435148888677,40.16397555340283,-13.819251219055502
1,240,655.8438032228229,2.404294340001114,32.19242319613893
0,0,222.38383292772198,20.79576560595767,-5.620645244883136
0,0,156.84880980361928,3.988363980099364,5.301166800890655
0,0,104.72809597649398,24.586374469937375,-7.645851856585807
0,0,248.50580698660048,80.98659636443132,-16.414041410977305
0,0,183.68688267026167,83.02711157202785,-18.266542059328586
0,0,124.35144784878372,83.87539439385448,-21.481514953545485
1,0,346.81731983099024,3.2515657392248647,18.350562023762052
0,0,73.29763849200046,4.343608176731736,1.9193425618750268
0,0,170.39247486275266,3.3802463093290576,5.094162706650067
1,240,408.24782828167326,1.2943902424990401,26.895821653301326
1,0,221.3323228246578,3.1602881771053717,5.984402899565509
1,120,621.5407998812997,1.480460641236226,21.35504869952699
1,120,811.960779769649,1.5719025623488476,23.931366196087723
1,120,764.2376970774338,3.6603029785886236,17.801485460332472
1,360,421.79242289759367,4.827275293543588,28.121751301676866
0,0,64.96892304080188,6.65448659560598,0.26984605628025804
0,0,139.57766737273198,2.478752460888284,3.87567286235587
0,0,112.9417050909182,2.468192198168481,1.1195847589375347
0,0,85.3317996854945,3.0975436520510784,-0.6519340447044613
0,0,121.99949913672395,4.853745100695043,-1.2499875570189687
0,0,83.91611870702404,4.31875059931933,-0.6177680126093037
0,0,58.4427088881201,5.8374818429233395,-1.6872662690613964
1,0,329.90285514092113,2.0398852963970535,11.01456645873995
0,0,227.29941990599986,5.101276738346624,3.9778750573426436
1,240,570.1975242738239,5.285556447545769,22.001582469260768
0,0,153.36103338627677,32.85842068359635,-11.784359123772518
1,240,506.4195448541405,2.611834512937499,27.409738801704435
1,120,570.6795788203071,2.4902433767949868,27.845316081279407
0,0,187.57364299829055,94.25037478075852,-26.802327563358034
0,0,86.36999558799323,22.220610299938357,-6.786163472760094
0,0,71.74713210320643,9.422161184415454,-1.2262784654614336
0,0,99.5446719469095,36.94199601223139,-9.927890227647723
0,0,191.87768363522855,109.69104688672269,-23.13965072027164
0,0,725.1890116006083,171.22573272501452,-39.87534733455875
0,0,150.99457451949266,5.493729013423458,2.4456347253054815
0,0,60.895888601499024,5.535576144190107,-0.06982221485685614
0,0,125.5365533998374,2.5269311919063604,2.817212781135254
0,0,61.182237436137555,13.636782408733225,-4.672852249372525
0,0,53.73215719773246,7.167223031331579,-2.8052500668845397
1,360,238.90960684811233,1.409776911255778,25.56847183479985
1,240,465.0215746389742,1.4135445337756867,27.355504320815996
0,0,98.24045843047391,38.18004044976347,-12.891051116679577
0,0,83.31890681150367,7.938474842830213,-1.0962826842048798
0,0,206.06578094105757,67.06687282559137,-14.552864513832304
0,0,139.63630880272348,15.516548429501718,-3.649852768428829
0,0,285.06101306251185,3.1647530562735495,13.42376312896208
0,0,94.44578090465282,36.03104695302462,-9.607582355767732
0,0,112.41400023734504,93.6264991774212,-20.17843960944009
0,0,98.60933377010724,75.52952222663674,-16.1307000656265
0,0,83.23856816577592,35.78353697421084,-9.304151425816585
0,0,59.123240812721754,5.898363482313578,0.30755762000792686
0,0,67.31901263928758,14.06675004701587,-5.380151464372972
1,0,361.5363074227967,3.2058764208769084,14.417167196085018
1,240,816.8409982457863,3.4755950561170583,25.421493432579183
0,0,109.59552737878037,26.322779740828306,-5.836774723817257
0,0,89.64596342256442,45.30047362305117,-9.939076353528563
0,0,94.02122851429395,75.40808112306861,-15.905138732796644
0,0,58.87142161190385,7.725450246058596,0.3080860151841591
0,0,60.30475283326948,7.836357934841294,-2.238535672472338
1,240,451.13875738527565,1.431417587222026,29.63016101126597
0,0,74.19409398856479,13.01032850124562,-4.4470848424239335
0,0,117.2611400951341,91.98465097767395,-20.91593132481043
0,0,97.45927931155958,23.95925184583257,-6.301709639383674
0,0,213.728389601941,75.08932800710423,-14.906741331258303
1,240,774.685915363643,3.7026857143651393,23.477749505196186
0,0,98.92197092412529,4.809533998027224,3.33760805439897
1,120,305.2820246046279,3.9440991815628212,11.76201313923049
0,0,68.19019439369725,8.191957246168498,-2.2642051101336875
0,0,107.28807269585586,87.32939423500339,-22.285875078467967
0,0,155.65369451301746,113.22498227859428,-33.06406931534194
1,240,723.308903646433,3.0672334622214654,32.24288493546908
1,240,961.8739850083088,1.955650015144438,36.566288242722834
1,0,403.2881213641866,2.784468761397693,17.62946112675843
0,0,157.81094642242812,7.442791583294906,2.0433040702190226
0,0,186.8427052901093,6.700477332780045,4.1072473322912515
1,240,526.3003159400871,1.66057440835147,25.97220802105508
1,240,639.9401295141226,1.28322714212702,30.53132841642588
0,0,66.31033583280622,4.355690649645965,0.21366708114329924
0,0,102.46505597029605,3.191115020461772,0.154513241164139
0,0,67.44703074655492,7.398451430051837,-1.7858965126568478
0,0,115.82606312077817,85.18871412217504,-20.017173401654134
0,0,122.45570747010453,65.23079538802868,-15.245981602302678
0,0,158.21827367208098,96.8601853204258,-22.035722234136273
0,0,530.826758706351,12.708691281856003,13.874568757516045
0,0,170.71064401325938,91.29986350281861,-21.73377081067858
0,0,106.26697723742095,6.877141253136288,2.408499112319916
1,240,377.9840212451934,1.6934821922337768,22.720569785559462
0,0,64.29018221342402,4.87740557609298,-0.27402053071166677
0,0,57.477182787856144,6.175422433053307,-0.9225410663080851
0,0,89.89572512878665,57.20146713531931,-13.800445634733421
0,0,105.21331328326488,92.2372074656961,-19.523076356311478
0,0,86.07484430402387,48.339800575213495,-11.669279938340978
0,0,101.76082601565435,5.304575614492581,3.9120158825770943
1,120,712.7292324272679,3.216549715656502,22.24878686850907
0,0,268.6515924453174,11.758907024014725,2.5007146384758983
1,120,308.8741040951101,8.311587129425261,13.788725677185425
0,0,115.04328561763249,62.0209411862213,-17.99207775293847
0,0,248.4711413200793,33.949589322365554,-9.43544705920668
0,0,144.5700448104652,5.037000076130577,4.7952812591662735
0,0,123.11623691969749,17.416707148514437,-5.244850595547035
0,0,87.44528874153531,34.33329007329213,-9.321403528320559
0,0,102.9549210610021,64.0499916490068,-14.952870230143347
0,0,133.62853794391972,11.38770793475905,0.26286067205047914
0,0,227.73261604087227,58.784681251324294,-13.318681332804019
0,0,102.8769629875338,6.95109039133506,-0.24880022895011678
0,0,58.89377631902606,5.8382917932120595,-0.9258329682560031
1,240,352.1339992268129,1.2605197683989156,24.19782531555792
0,0,117.96241133853904,2.706568238977018,3.3769946308352843
1,240,454.1546930447338,1.256789372006483,21.077292491188942
0,0,112.74945687687882,3.646826443603643,-0.02488748907011029
0,0,72.06497817604935,14.47743139268545,-7.106867641022262
1,120,410.6372880109072,2.5747994795825764,21.27698359619049
0,0,82.90996984156106,8.046396319350658,-1.9855136423337143
1,120,434.2127072435438,4.180450346649559,14.74660045265854
0,0,161.37744042915025,6.518596791093501,2.750666692640621
1,120,384.5907894287121,2.0707234203981435,17.174121867592376
1,240,654.1594009804923,1.2530342710021802,27.687526713753044
0,0,87.31522447573066,3.801296146758716,1.0547506708138883
0,0,94.48121175511453,51.54375635352554,-16.21398571330417
1,240,701.917398732513,2.33456145556156,36.699243036966294
0,0,105.75864570761647,58.54334043147841,-15.129269675776584
0,0,119.02649313034486,7.207947061112923,1.9829085015757215
0,0,114.36754317769572,42.34803470854668,-12.353091987757907
0,0,135.4654328435566,10.855895026411615,-1.0201620751169145
0,0,145.9240576313571,24.521515275229554,-7.605746662709805
0,0,248.76148044726705,3.625311772438579,9.870865667689614
0,0,60.41500166902867,5.641872305423661,-0.5125064095521594
0,0,101.64285165611027,9.37142535685912,-3.909574849402077
1,240,528.2704775420206,1.5001140060274918,27.728096895384127
0,0,73.27178094283931,5.257479825364714,-1.0824862861534683
0,0,110.86544931862129,7.586151430720895,-4.403920240477561
0,0,72.38954653151069,5.731055728662961,-1.6027653124783967
0,0,102.99145717715571,20.681105523525396,-7.200599661334024
0,0,267.297205534499,87.27453239884535,-18.059120532898774
0,0,108.05611332310961,7.870824365400375,-0.41313112875822355
0,0,90.80731426328616,6.068302784757406,0.029072226326690043
0,0,148.3653911637306,2.968951296588359,3.69289040299374
0,0,89.80218564307724,3.73939180412091,0.07448250777206056
0,0,80.89442432990968,18.0786788426462,-7.814087596746262
0,0,55.64040691683223,7.629997040500768,-1.5268613454126978
0,0,67.46500406711388,5.11456263043635,-0.7833617768886114
1,240,445.0926026328026,1.4133315552039454,26.12236736223666
0,0,86.65726264336041,15.465139373070302,-6.061353241619315
0,0,218.6637013217973,6.2433477069877865,4.014239213370914
0,0,328.3131770024005,13.827202398449861,5.060778699415735
0,0,153.6795652906516,78.0220718184321,-22.3271955812493
1,120,450.2641578092649,3.636561056936028,22.024863560725535
1,120,410.23154780942724,2.3110904949944104,20.41522390327394
0,0,70.14296081404902,5.643163713627736,-0.10909782830617587
0,0,114.24242710137325,86.7500925198671,-24.771414283752065
1,120,538.3684569685704,2.9505800898725227,29.064429431881564
0,0,106.80367158528819,47.65850378305094,-14.48702119092205
1,120,648.9006941872168,2.807060057291941,24.883745661728028
0,0,499.81610947178507,4.930024368860916,15.397023210889387
0,0,95.7742535860182,10.7765018490856,-1.4940215852098788
0,0,71.33398945560542,6.478854628625949,0.1257579756735936
0,0,85.05809622397707,39.9843118840107,-10.26984644989794
0,0,82.56401601196887,40.7824003492261,-10.231463824296455
0,0,64.62853521587348,6.175492824276171,0.6743854032033738
0,0,76.26926149925738,3.5804425569595626,-0.0073659050262619985
0,0,69.32001398803945,7.438047395364212,-2.018749698918697
0,0,80.83901934458522,5.11380502233899,-0.4706733634498761
0,0,99.43958668574169,22.90038014403572,-7.531269362619923
0,0,272.4976676598262,96.35027852161416,-19.19427188999768
0,0,135.9480315208421,24.52725847705397,-7.12482779306238
0,0,172.95265563116536,104.31824728682425,-27.41726330155315
1,360,381.2593032482327,34.05808927034569,7.325163387639762
1,360,244.50825936003943,3.513769434585639,36.9533905488303
0,0,55.300313829421675,5.683910755924247,1.786308508355134
1,240,405.2215087927405,1.6457226499723692,34.95167110271113
0,0,112.02783740868465,84.13182781384359,-21.37254930030295
0,0,99.7697833941879,80.08743693260264,-18.404907620176658
0,0,81.79212679289564,8.60879511648392,0.11453486213042652
1,240,796.0138476621769,3.14436915693218,28.14161896030319
1,120,510.1811210894967,3.871924714386631,15.782540331468155
0,0,64.31069481105973,5.627614021761684,1.1827913899183926
0,0,54.12729251659937,5.781216243340121,-0.42344011864651065
0,0,52.75462621164577,4.668922115647643,-0.615886925781922
0,0,49.48197417415027,5.225445953026518,-1.0461538338357599
0,0,66.42539682534704,4.304314983922832,-1.1732223058159974
0,0,235.2781685629403,2.204981592462705,7.2544958167705005
1,0,359.44392043942736,1.9849738254023845,10.839678223310727
0,0,218.53381276489753,8.320267811126868,-0.133641784242144
0,0,603.1716695079967,148.26567526321563,-37.13063557928468
1,240,479.01017998945997,6.863926654721002,23.92743493597655
0,0,88.79599710140992,12.831102520867455,-1.1223008626825361
0,0,104.57434501670765,78.2470566059295,-17.0288397664266
0,0,90.60092431641971,39.955570606244535,-9.295871473405043
0,0,103.52757338604566,81.10938753555592,-17.227933784879
0,0,72.3663869642436,16.778381490555407,-3.123724407503005
0,0,86.61323906064789,46.17131051464457,-12.050126045561854
0,0,134.62604306486918,4.089430434454779,5.5589602394706645
0,0,100.38402771742182,29.97236971676803,-8.800839168600461
0,0,132.10184294574955,10.544444548593544,-1.1079707855031273
0,0,116.42212440637314,8.393230118528185,-0.22103306243913323
0,0,75.27651752282688,7.0893342407813815,-0.8441430740105602
0,0,76.36240989095275,4.164920508718162,0.3023951991361429
1,240,245.68480618701741,1.4918661626626275,20.870552594536463
1,120,215.99698427674434,1.7541288557951291,6.996290229953047
0,0,65.77688926566438,3.5682581070173383,-1.1539517337388219
0,0,59.953159314634036,4.487235601049763,-1.313896953584205
0,0,107.66297881854649,6.143579880449048,-0.43940293692047305
0,0,131.51633553050488,79.68300145428485,-17.82289618541256
0,0,220.09705521527968,75.5081377341114,-14.452670220515216
1,120,382.1629684779257,7.739966179645285,9.816123927431988
1,0,300.1534557615365,3.0053593517114283,11.886968030505813
0,0,75.89364120488891,11.41822794457989,-1.8430583028216034
0,0,102.74244931881564,82.30598778694967,-18.653374883896177
0,0,70.27363722700609,18.49412423018113,-3.7722132393888472
0,0,56.85542265791734,7.162995948153459,-0.12886509184900774
0,0,61.62116394852024,5.324755334165067,-0.5171192994406653
0,0,77.71652473637009,33.325161418664216,-9.953549097405542
0,0,74.22943415055947,6.206608452136627,0.5458479926332132
1,240,751.6969331030381,2.89155366530795,25.036737201054194
1,120,346.51174504134195,4.236480857597446,11.275805033868991
0,0,125.34303554725963,3.418468066505335,5.36886479086948
1,120,487.38290201928356,1.3967831878635157,19.48808059125048
0,0,171.808960701368,2.4316668243406387,6.608796911415169
1,240,542.9370245277686,1.1535029995825843,23.431958779223933
1,120,531.9502527801181,1.6242423847736087,17.293739967587754
1,240,726.1051464945176,1.5439557803881712,31.65899769782935
0,0,167.1604966027189,91.87451578743959,-22.985597106641244
0,0,176.5596307023568,67.30924965984556,-17.000232451585404
0,0,792.6366091500822,103.32069175485108,-16.580316805033945
0,0,110.75900373044806,22.96749546768148,-7.284778296859528
1,120,580.9706793373916,2.2079319322748456,22.79204051709658
0,0,222.42235285409183,2.537730604293585,8.699075389070785
0,0,58.72240345649051,4.736868597194139,-0.1230738807175129
0,0,58.584494638288014,5.4320473507118265,-0.8716513268851855
0,0,68.36974055432364,19.823222421842058,-5.780933921593075
0,0,66.88242702296003,12.528826365762614,-3.430611041906701
1,0,326.58293173998766,2.3644768228270334,14.776243422045141
0,0,125.30136419666061,52.37807644458106,-14.479644794261844
0,0,218.31289565921915,7.7670902641887425,4.947194872332943
0,0,164.28425519065786,9.418303203931583,2.0214390778265425
0,0,129.58134971771963,73.36015859294305,-16.930827745187358
0,0,133.7288167163351,54.577567521660406,-13.32867328558656
0,0,76.06276385983635,17.86127464838026,-3.772540844398108
0,0,85.70333333081756,47.62190395696815,-12.30977415121042
0,0,117.51401354938119,102.60148838672487,-25.63916069401531
0,0,205.97479773651247,41.13445753812074,-10.231289453888294
1,240,756.4599367355426,2.4355358598563073,34.86982268991282
1,120,966.627874449877,2.2420854377502346,32.87857603618657
1,120,962.7523934999347,4.2862045857122215,25.590009222183056
0,0,101.00379270108601,10.716113399481195,-1.7443118122873926
1,0,276.0681406230392,3.128682518039595,14.29695729349227
0,0,104.72868545152964,71.92341236758895,-18.156789097273474
0,0,73.73650265606206,16.861432304115603,-5.754360928180375
1,240,471.68196237862276,1.9248193363688433,28.016981106133613
0,0,65.55399968582816,4.7706405912661225,0.5654831573819905
1,0,284.0917347269246,1.9866192202368222,11.102523119775512
0,0,105.61895146021938,53.01408460689505,-14.067649791402104
0,0,105.72451283583909,45.3558588811228,-11.28820662119432
0,0,182.5999247126482,47.50981947133142,-10.781882511473668
0,0,182.3439678505222,14.118392838405255,-1.773944213770477
1,120,453.07794887571924,2.530064503775368,19.300299513521196
0,0,90.97740615122495,27.580410987347978,-7.817622560475257
0,0,59.26439174362047,6.981512485159994,-0.3765133430453602
0,0,78.33931077959214,19.72636409918168,-7.0967224536386055
0,0,91.02036414444991,12.534776228997742,-3.9418228070075116
1,0,331.47462230720384,2.2921904516555216,13.635681298341623
0,0,66.22235101570222,5.832311246623375,-0.7116744033292264
0,0,87.05317448222624,21.146808439281816,-7.02257804250975
0,0,271.83482565432405,6.383776391697606,6.769830625323593
0,0,267.4857241853319,14.488571254929408,-0.07588290752823923
1,240,457.80182043470154,2.1726751797488055,28.609449481435348
0,0,70.71996051748069,4.818910469893291,0.9819113957703252
0,0,58.06110315492783,10.238167825655951,-3.850378737808825
0,0,78.25822962204059,23.328902054894932,-11.093561690125782
1,360,159.48906848841705,2.67423633200612,32.852991141753435
1,360,208.1115767244917,1.685265370641809,33.97226950775833
0,0,76.36395159489221,3.7366255644301054,1.2236838926069709
0,0,96.63750576759219,48.06093581887185,-13.022927984763513
0,0,137.6319009684289,14.349665006026909,-2.7770073447149457
1,120,411.61268781801874,4.201739179307936,12.679729881309996
0,0,122.31391605190743,3.684952315300058,5.3976940316846935
1,240,518.2658165480417,1.255460512062038,25.138791445391618
1,120,577.3350240385028,1.53088749193451,25.11991716969662
0,0,99.63155149832161,50.15558729155996,-13.607391173145345
0,0,98.15287604344235,82.96251769808313,-18.383724257561525
0,0,59.24881033137935,7.097895798875066,0.6195379839105044
0,0,64.35351677158417,14.478827485272245,-3.7371330836388097
0,0,90.63966529592791,4.7422038909065725,1.660603295929576
1,120,665.7219084610653,3.0312667059186564,18.861615270309983
1,240,745.2854852053792,4.15695682479303,23.536168875880378
1,240,774.5635766216232,2.0231251913557986,30.553003186554903
1,240,846.1303803761751,1.7304355537211458,30.067799032028248
1,120,606.0533862362546,2.0516586796467857,25.583150652795567
0,0,124.7328948771587,65.73465937109295,-16.627000518854032
0,0,130.00551101406447,68.53158061055069,-16.191687436867184
0,0,103.34101587331223,54.72173235589145,-13.342459115734457
0,0,127.21025440305876,91.08132582937425,-22.59141430517228
0,0,302.4522270237432,4.668395083927741,13.792012295181578
0,0,164.518616861573,9.671531115925667,0.5636813298310415
0,0,88.20949211302796,12.062010727214004,-2.306598255122765
0,0,70.6306607176048,15.250967760346638,-4.560795484349029
1,120,383.2467410031348,2.020905160480868,16.387478832928963
0,0,63.67581886157712,7.21619005380057,-1.2303365404148963
0,0,61.65408953008033,8.176401688367207,-2.754772475699113
1,120,299.0026644591943,3.7352646674547416,15.323333219612095
0,0,121.36329686841107,53.08046894476491,-15.278018201837611
0,0,164.28807544233138,114.68578425313625,-26.308859308275096
0,0,187.11219740593916,97.13980813609061,-20.719748763779066
0,0,508.70688936950177,148.23828405300594,-32.39720289922676
0,0,112.43230797162616,13.723025193514818,-1.9074591069007454
0,0,109.51585756049693,79.44572166652725,-18.20693908344964
0,0,72.51352900199531,11.927260267815184,-1.4953003015363606
1,240,579.4304264134008,1.8747544815586514,37.36169206940818
0,0,125.99219493029905,92.14809578735702,-23.539392238994573
0,0,67.66188872903003,14.436408651432721,-3.581536556093809
0,0,69.06301420854261,10.841779781324304,-2.8420316551020335
0,0,65.05173294725613,8.668560874501456,-2.54194546661644
0,0,130.8931470572104,20.020741998100593,-8.310340494407939
1,120,540.5705543249261,6.60398540545919,19.050474274198777
0,0,141.6468494446008,58.14269885958265,-14.41046729778958
0,0,307.4335404684991,4.215977609035258,16.951836584855158
0,0,126.18235730959681,90.14001829917859,-19.60337657124343
0,0,115.6141241733355,95.95713451740495,-20.192352254430276
0,0,93.84006696534864,69.62266622377498,-15.085935987373816
0,0,63.05035750857776,12.029452981736418,-1.8271536080170279
0,0,89.02745107335103,64.72896011610541,-17.374463051199868
0,0,231.82588534438057,7.205246474774212,8.313177823965134
1,240,521.895078310005,3.3446784366224755,27.026071064242487
1,240,919.4201743157778,4.809764123178893,30.694528550556853
0,0,86.68134043135615,10.299924391848322,-1.3732198800197608
0,0,71.49734772486744,16.912610332943775,-4.008474574537388
0,0,54.6482977596709,5.508333838490302,0.14528746138712734
0,0,49.97671943798822,4.880935515429276,-1.0252927922781225
0,0,63.71025780693071,16.027697001680796,-7.260736316340967
1,240,449.18841121338767,1.590552400988519,26.630387620473016
1,0,310.78545422617634,2.048485208682683,12.364721813047609
0,0,69.92562023478904,7.044037488868626,-1.4041362817810779
0,0,88.51338916603628,5.900866882983114,-0.6030574909030122
0,0,123.70059939304592,7.766238349901777,-1.0374141776208887
0,0,141.51842323923182,16.250340829792204,-2.89021601122262
0,0,120.60026677896057,61.42948164346425,-16.617980813195757
1,0,393.96140200546995,3.337714894655532,19.642562204973615
0,0,116.04756970149224,62.693924594473344,-16.82148164741794
1,0,505.33699662323625,6.460262772499982,20.581002605864924
0,0,121.84971579737008,77.13107054884298,-16.9978493893406
0,0,115.94903668206713,89.9775553568093,-18.325606072127783
0,0,133.31617285530277,105.19511255493981,-22.16386863227602
0,0,166.66720802238254,102.04521001617445,-22.845308187351684
0,0,456.91724512731776,10.99088192812313,13.17848208815525
0,0,90.67420059777773,13.308627552258667,-2.6111969384133857
0,0,61.87486493502897,6.295661019897526,-0.3324504692993884
1,120,520.0244019564005,1.7523858833841257,23.07234359018406
0,0,256.2813681331664,46.431801356915656,-16.38499552813984
0,0,380.5970960619997,57.57166721068127,-12.321636622916827
0,0,147.7935550348903,96.7739687067399,-25.760295288166468
1,240,830.0991986828346,3.1003065075484764,42.41957523952776
0,0,126.05153919591001,85.9777744618324,-18.381040010066272
0,0,105.86827672819403,53.29262448066964,-12.395770466142167
0,0,147.59219262991468,8.931117428428124,1.7038207373935705
0,0,213.16235753499043,82.83151060781813,-17.47584094971171
0,0,122.29448604784685,63.33711988113202,-13.49657613678599
0,0,114.0388768371306,73.85899050602414,-15.498639039769714
0,0,114.11469239556538,92.68312683802154,-20.270781950438376
0,0,63.440125203802495,9.77696904571123,-0.4295377989802205
0,0,74.61695163819608,25.6175066152165,-7.543010303435793
0,0,88.30176762822819,53.95411426566025,-15.055632524016914
0,0,238.0723709205168,3.4532444891804883,11.948652883379111
0,0,131.2537357381691,5.134310075804327,4.387550405378718
1,360,380.3680169942889,5.336734927599727,30.29403671068367
0,0,159.68477420026184,7.382300254210931,1.6602069995473983
1,120,321.62558272264374,2.9150607239381063,12.502157398385506
1,0,268.22474450313695,2.512982900360457,11.052589775621598
1,240,452.0794235095158,2.163145291114958,18.2531259532649
1,120,514.4461996937881,1.6819010311695568,19.307580799049674
1,240,577.9635404592351,1.5667353502422898,24.9611132834319
0,0,88.77726426493962,20.56871420435311,-7.266833996674691
0,0,73.61936149680879,8.810317967929933,-1.9878808527232366
0,0,149.68588325999758,87.57421851792944,-19.811986986819775
0,0,383.18629713986115,111.82548203465082,-22.31086288635197
0,0,201.27831409457244,112.30806259976616,-25.935653795302535
0,0,76.11976722939217,18.951087804883556,-5.278498800369491
0,0,115.85226075169068,4.290370302183229,3.0805226653551188
0,0,56.90805597696828,9.140544853221092,-3.3427230722440555
1,120,371.08353578909015,1.9237650473161452,16.458051292666482
1,240,528.4556633916902,1.801850720703273,21.038053865401963
1,240,717.0679500667854,1.2980100885735137,29.501063501809
0,0,115.06406461264011,7.986955443900185,-2.2735154331388827
0,0,107.80067791966898,12.621416994923987,-4.193814466552482
0,0,284.5999528961453,101.11735262425519,-20.831462071938006
0,0,384.24902994071994,5.327445993536451,10.693471278047383
0,0,116.80319734482163,18.854940614064418,-4.289374734174018
0,0,97.73114066359051,34.6333768808756,-9.131836474895621
0,0,86.38668226592625,38.63605645031196,-9.389392135646318
0,0,65.17226358796454,9.385241890475049,-0.49440359081445706
0,0,89.07175238949384,45.04039068889205,-11.545793985655592
0,0,123.64635635370526,74.447482788002,-16.74291456866402
0,0,116.55948342574428,91.93434471706739,-19.904139105554606
0,0,160.79092410470992,84.44697112350727,-19.538040507702362
1,240,786.2242997119866,6.1825576664324275,38.70114213744537
0,0,213.6563149427711,12.534577689651204,-0.1708619404559215
1,240,488.001805462511,2.2120543310702447,27.0778115198991
1,240,604.2467812846048,2.118732490520087,29.278683107940054
0,0,95.86298091494598,24.77742888311136,-7.886335069192455
0,0,86.60957184576246,41.19916331606078,-10.885601200616208
0,0,97.03974312703316,63.62852510456231,-15.109127251658634
0,0,68.8504121016848,6.691902237912732,0.5016213163826109
0,0,176.8566014236959,7.3155427526147285,2.4297828700185278
0,0,153.13076403243622,80.63031570216486,-18.907665062457752
0,0,418.5738438585632,116.9828917121991,-23.87712658378669
0,0,151.63607072706827,83.56035937837981,-19.943018422621748
0,0,142.42675892497675,5.907477791997057,6.361169796025877
1,240,636.3000304803495,1.5495796329917675,29.46252235765465
0,0,75.45663615440137,7.686155699572329,-1.4985816355807628
0,0,61.65836889211817,11.91460248202178,-4.582708032307366
1,120,360.94919028726235,2.1283720270203177,15.48056248825165
0,0,338.270045174256,11.037507088754543,-0.4049779911889715
0,0,72.28337867676773,12.465701682982278,-3.7580839523763956
0,0,74.64100108604588,10.167976947041996,-2.95211222216642
0,0,336.29489570663605,4.8517849758737635,9.395648181993735
0,0,98.4406305493198,15.138146874224569,-3.45365435554217
0,0,82.85532437214795,4.398109934711275,1.344189696498404
0,0,62.13822991130528,5.362094719313718,-1.2933370972770177
0,0,141.36097672441414,2.2642140015993113,3.076454022498126
0,0,98.43583539662573,2.8962112178874277,-0.6740843704920962
0,0,65.29747602078321,3.4673455206554906,-1.7072818783370707
0,0,134.58244458434584,2.791228349308647,0.9088396268492147
0,0,83.73552962902684,4.342361439880631,-0.8873393796675089
0,0,123.30008511447846,70.93125710584164,-18.869308856615092
1,120,793.7061889302015,5.788887532954895,27.577377455315755
0,0,145.8474712209526,16.829543275255222,-3.8397315750077468
0,0,81.00559138639753,8.220110125507654,0.05444576268934043
0,0,99.7057913446418,70.12325972233081,-17.40434379841578
0,0,126.38767599894649,4.402417336079585,5.171287266572875
0,0,89.67035862019475,8.62296270376259,-2.6896424862767674
0,0,62.868646160801106,11.271538953293081,-2.81730804480614
0,0,58.489283083967784,8.131186157096217,-1.5594474759309094
0,0,82.371183990923,33.29817811656649,-11.047580741890087
0,0,77.67786310927053,8.196897266091005,-1.2052906090615068
1,240,489.0642661979687,3.371855314583081,25.58992467895486
0,0,215.4287756865851,66.4071157476251,-13.728198162287228
0,0,155.4404859270364,96.4933712433739,-20.886145688726245
0,0,113.65867677517724,86.69475418927738,-19.042548499094465
0,0,65.39710296984184,9.931128531137336,-0.8154300801341208
0,0,83.02708266066837,50.97547898683159,-14.54949335260794
0,0,66.92448379954392,5.767743092548547,-0.1937308836832301
1,120,202.66031564360065,6.741756821505908,4.43880473747322
1,120,379.205912305685,2.021759556509665,14.242849627446134
0,0,73.56188201280109,5.470062672090283,-0.37933497328643284
0,0,122.48173506014135,9.525485572611958,-2.3054569215421026
0,0,170.64138069656732,86.82556635000213,-17.786579584950147
0,0,181.95111674741852,99.33886603641386,-21.53414311309818
0,0,119.10892894687262,92.28593263114294,-21.721369375892422
0,0,166.04091346909237,6.058858177797413,7.470292406743596
0,0,239.22742458080933,2.693612869776701,11.493831451485775
0,0,92.24732242303668,42.08151909955972,-14.176182160600135
1,120,494.35525808550585,3.262711016178275,19.938537478988138
0,0,87.48351959841648,4.647516415510282,2.064725210663468
0,0,246.45606625485064,4.551584459391824,4.9394803027599465
0,0,166.95778520679622,12.404787104109545,-2.777868628852204
1,120,568.6838430706721,4.727960948921375,17.30287063623304
0,0,122.49819501690679,17.35786008620043,-4.488130579713626
0,0,112.93108320421764,4.084179068738837,3.0675664156339053
0,0,65.13722383151688,4.686997769472609,0.016945557032173042
0,0,94.68323731950528,79.63047877260966,-19.161965808922858
0,0,101.91031461749039,33.65284519541654,-10.050245414655976
0,0,124.7124219557273,5.479662049495419,4.076811770140296
1,120,487.4379952630026,1.92067527873564,22.871268089820788
1,240,458.535671509886,2.803450476604135,30.80353647541348
0,0,166.84764406359164,21.932526098304717,-6.692674514229381
0,0,250.14604394548877,86.62704866230145,-18.103553283268113
0,0,206.63537253033894,109.14294111763704,-25.35435041007458
0,0,97.98098739025058,44.1986741047264,-10.564801921222326
0,0,73.18991192923046,11.20490463633689,-0.8157259814328057
0,0,96.77800487513414,69.39382616314843,-15.423099665375602
0,0,88.12078745621695,53.926405392496086,-12.180375456503
0,0,62.74146692185377,8.908297135446675,-0.11492602710001165
0,0,62.83593596435022,8.627432546414433,-1.294552406182362
0,0,69.58159920315036,5.641273077577745,-0.5993904283799623
0,0,161.62655031201572,9.328899131282153,-1.4428887840059303
0,0,115.27907563190334,23.65422682322974,-5.218922244249342
0,0,105.74800114879915,76.00091239221992,-17.17558567476972
0,0,107.99970509661865,75.9327448100375,-19.86710388765252
1,240,584.9736229277407,3.0097186440453108,31.893171872031772
1,120,417.6384830096441,3.748697207925433,17.273301642171106
0,0,67.2893348384529,5.617215072260944,0.33484923086031415
0,0,66.41017249894483,7.196182702378943,-2.2696211606900647
0,0,124.69182433765373,72.59295924024273,-21.482968040280127
1,240,484.16867602667037,3.8157195790589493,30.661197382840143
0,0,185.02522905847465,27.15819901790239,-6.572189846144994
0,0,89.01523080241911,7.9060344160574,-0.6313900402525547
0,0,62.64930476723733,5.383728739699598,0.07985628671433176
0,0,57.48283381295778,6.9338779324417485,-1.3764219547877161
0,0,228.8113780282781,2.2266927724582635,9.17558215899669
0,0,94.28466717494973,35.71868680401877,-12.81958566909421
1,240,729.6057213217694,2.131360044185722,39.46374319159024
0,0,125.70932626558269,73.08096895403433,-18.85967092860062
0,0,221.76365984595617,5.122161272699322,10.052781558962721
0,0,186.85968670556016,109.83229138765647,-24.995210776693305
0,0,328.1688009628931,120.86985172105393,-23.527503347529354
0,0,135.1041073188033,14.614734887590439,-2.763290205939967
0,0,145.22763822093813,48.900082220951404,-14.75677221234018
1,240,583.548136258773,2.5104064011133325,39.195973652082984
0,0,88.37553702812566,51.94979097603454,-13.927508822761894
0,0,104.29242858089508,4.049552001799374,3.8105323050300086
0,0,56.89047941845256,4.786285942999142,-0.8827159218754872
0,0,58.766874813509,8.079669708927357,-3.7514208892041125
1,240,243.41888682199138,2.161849596265901,23.239517256040287
0,0,66.25571870353905,5.248729203666031,-1.0145769381041418
0,0,132.86545117417734,16.137112035558154,-5.378175266413862
0,0,213.0094567795825,6.972675228110093,3.3453120560684226
0,0,84.6557568400107,7.273983503900561,-0.8176334880189984
1,120,399.5556107825127,2.3501975571659344,15.565486160975624
0,0,100.02630705923283,4.894070698105947,0.4556826397610081
0,0,170.53203307744923,95.30365128278929,-31.278320829604034
0,0,94.06039459599134,6.985202609650885,-1.0541537368039116
1,120,618.9119679433473,1.5882875859541705,24.22892665563093
0,0,75.82701918979902,6.738198003719206,-0.9356346987751039
0,0,101.68061206656874,30.927080457758183,-9.447991160690421
0,0,249.12217115275115,90.35301852975768,-17.546392273642184
0,0,134.4143081664773,7.172945025543975,1.5504804572510835
1,120,467.78707409673655,2.1333009919110295,18.170484947702235
0,0,76.40539055629448,17.4281267707467,-4.569292078782837
0,0,53.85314694880519,6.484150214469075,-0.2942422141060632
0,0,53.115260236838,4.799155353686925,-0.8817383907994554
0,0,71.08695973945238,22.02236515261338,-8.639900565823751
0,0,60.13325527409177,6.3124299238416395,-1.0689963573042576
1,240,478.7514911372648,1.3898024993166438,27.804830442876522
0,0,83.86202870447147,13.73651955191841,-4.90970538711845
0,0,135.02728285117286,14.393298539686615,-4.181988982508415
1,120,570.8973671738731,5.242832585073837,20.97855656855826
0,0,150.5574107641878,88.18441295538712,-22.992170342633564
1,120,267.8781558542756,10.021056928151943,8.057846706906375
0,0,102.33524676580492,9.245404311546968,-0.7439540646452372
1,360,286.4406567113973,2.030798511486617,30.26118109862557
0,0,57.41344579962355,5.6616125311790375,-0.9085438780897022
0,0,77.03596447162249,30.953764145932958,-8.954813522954424
0,0,77.21294301502617,18.924512410897805,-4.6730054839736255
0,0,92.49926065246756,16.98873212330978,-5.024467535444259
0,0,336.4937528427101,114.41179995491314,-24.403804475695793
0,0,176.60218626550935,71.22814923484898,-14.981287322721087
0,0,105.62102595890262,65.08865565513233,-13.821380651615726
0,0,90.14464229865969,44.803818423169396,-10.727098499601937
0,0,58.25449631086343,6.216376136760533,0.7660831020866539
0,0,59.77370951050387,3.8893221758528536,-0.36414361196976586
0,0,54.53747078493442,6.84660590163867,-1.3562319751039098
0,0,63.536680081040565,13.237396146978535,-4.700291810874248
0,0,158.25940089187785,43.96154953863974,-15.718467284937446
1,120,649.3589430111056,8.559491479577389,15.242213992156977
1,120,1098.8636302532507,4.694866244756559,28.497228913907236
0,0,122.82372126930109,43.68782875627658,-10.108252637102709
0,0,80.13555457388406,24.373040332275476,-5.193559275790207
0,0,61.87229731780626,7.001186831950383,0.41814016248973473
0,0,64.39038730145994,11.637932487910952,-2.1497652828653884
0,0,64.04577112675639,7.740605115360509,-1.1017991298447356
0,0,109.37302322492901,81.1546184085037,-20.612791012206216
0,0,67.56002857647086,9.179889034543994,-1.4274860646187761
0,0,105.31837587231594,48.54039751134338,-14.812068767532836
1,120,438.39208524649445,8.62138612086076,20.77888659936376
0,0,318.91141293721876,97.77223176074799,-20.407541189950706
0,0,127.97775089951035,55.61177341700457,-12.846761033007823
0,0,69.69074277321765,8.980700825322959,-0.2633892197658838
0,0,84.1800901624236,4.547148458674052,0.8334059314903612
0,0,55.40314888300138,4.8469640795591795,-0.426346292115781
0,0,55.85733939799059,6.5315442638425365,-0.7714993051822034
0,0,57.96049563681947,4.507151804862299,-0.5224243870100196
0,0,66.06524458263588,13.073160789715601,-3.1477505361662708
0,0,91.3414863381642,58.58796124716136,-13.981288883798769
0,0,72.25055511973305,6.84951224693652,0.5566166863248156
0,0,228.02966611462,8.625722400679477,1.5007214835053304
0,0,168.5087393698962,10.089404098197816,0.77789273427544
1,240,647.9316425727972,1.701063913529715,27.97322998554162
0,0,76.04015975942981,4.63512575538313,0.9565061556970988
0,0,86.74423288323955,24.184904447495608,-10.42663186658946
1,240,378.20153753335825,2.3865255197117072,32.54766327311961
0,0,94.69061142548044,19.373088600660555,-8.618939129182635
1,120,590.1251812972235,1.8536675724402203,25.85867703348991
0,0,84.3798371790803,5.106087707693882,1.136784021923873
1,120,544.4609988719279,1.7678915807358875,18.85049783580206
0,0,169.11773509810092,14.057710189587342,-3.647136817223
0,0,166.00733606417555,105.39035975813205,-21.96138231679221
0,0,128.84913103494165,67.13005165546623,-15.188634873826231
0,0,97.7662711085052,70.27139895329893,-18.12827160961224
1,120,682.3157214038428,2.4147163020170215,29.589622533345462
0,0,74.12636103975382,4.663162669694877,3.0179923801998427
1,0,308.92269044131996,2.428507566988845,11.20880452552278
0,0,77.52592591882475,18.1356794890374,-8.011437911117099
1,120,573.0464117770177,1.7353285333552975,24.778436503105013
0,0,76.06097276261256,5.3302963868366415,0.6140690938365054
0,0,130.20646532093846,8.825248126789626,-1.7233609435498067
0,0,134.20002265495032,11.34143202288723,-0.28058848275222203
1,240,557.1364352198592,2.034970319505757,34.53362597508354
0,0,106.35449160810224,63.29776577284179,-15.91064461053297
0,0,66.62777380754753,12.134048924202341,-2.032033553649171
0,0,89.45264961903747,66.0284254078439,-15.630938623994638
0,0,56.6219395315265,7.708391203933065,0.12674079070139044
0,0,54.73756921940085,5.467559722646535,-0.7535919926597074
1,120,578.3423008417744,1.497312796338149,26.686408077057123
0,0,143.22159799423704,68.83617606620373,-17.818071937453553
0,0,218.34481799961273,15.34827911369775,-0.4300450583494069
0,0,235.53651733338415,68.21797507837111,-15.035030396095635
0,0,118.65930686340991,69.6774269853566,-16.75810064602892
0,0,304.4116193702171,4.284766980352967,14.612314102570977
0,0,97.8425401092751,39.149555006392795,-9.84361119703874
0,0,106.66585912358191,80.03863957102978,-16.641394003454593
0,0,106.3845888430969,82.42445441012603,-16.883578648528697
0,0,86.8314015041403,35.092760830702645,-8.186061948958212
0,0,70.08542464974941,10.639895046796646,-1.2299349600809677
0,0,117.85493416905337,64.22314683763877,-15.195171122156225
0,0,140.24712963632714,12.90403955962467,-1.3829000796483228
1,120,618.9597154212372,10.138714052265374,14.940680000888506
0,0,391.1087055866609,58.48243938937931,-16.881919487675333
1,360,335.83630680099606,4.914633959697883,33.50667938217339
0,0,167.23074615648986,25.791104005120296,-9.418654660506036
0,0,58.231699497464454,7.100933902102892,-2.2104726046626695
0,0,94.43735254524847,3.606008558858481,0.37938237631313143
0,0,82.18788559497337,21.662438585983214,-6.847219535373682
0,0,86.35115505896832,29.85404207113424,-8.143473297753928
0,0,93.95887452518353,7.694508791352148,-0.1343286979712559
0,0,288.11390427228355,98.0545186134627,-20.535301859611806
1,240,672.1544867715413,3.7739074182908383,25.288211033326462
0,0,102.61864822526508,4.608223673927165,3.3906906338032172
0,0,90.73338049054219,3.3642950265120533,1.584070538604152
0,0,214.4311572050519,2.187617521704764,6.18229746096786
0,0,67.34980704187251,4.810541133985119,-1.2215598965376842
1,120,494.8606649122487,1.3624858541683333,20.844745774129308
0,0,81.24987210839379,15.502269840679299,-6.804128908751977
1,120,676.2048604301458,1.87673355786301,31.254785955915494
0,0,142.6522444621816,54.924051169626765,-14.762938584046793
0,0,286.9510967480602,65.37361376450957,-14.526846335354648
0,0,115.09647440354398,26.05665038111552,-5.42502278273858
0,0,109.94107311027093,88.76442941217095,-17.955613201826708
0,0,88.8193720537862,53.78344984337578,-12.086648720143003
0,0,97.5422705949479,24.494293725915977,-6.186878799684962
0,0,58.35494512415448,5.844150508838095,-0.17146431095682146
1,120,436.1564785015723,1.5628211921478623,16.349466083950844
0,0,74.85930523026802,7.205169766390322,-1.7149330404889014
0,0,105.50997793102776,72.07524804020899,-16.979144200102
0,0,104.20907454363865,7.704367172359359,1.2663518030876872
0,0,282.72807492035264,93.06852419790944,-19.33078278377718
0,0,324.35893311884496,5.463858317510955,8.39132747052983
0,0,107.94184585465527,6.424824401594438,0.6704382912369198
0,0,203.90771283544368,5.956595523879103,2.9654593317788596
1,240,527.0378398981862,4.822001366538266,13.248240819321381
1,120,627.4584037317616,1.8076934178138493,21.87798026963661
0,0,65.00951746585494,5.4604326113315915,-0.2658621091906497
0,0,60.11486251937281,4.117417713929892,-0.8111553631584059
0,0,60.07045917870459,5.4215631195372325,-1.1409902000658576
0,0,95.33979914866579,34.20937625240801,-10.056903193876494
0,0,161.35612863939886,8.640379116711893,1.4394646307247712
0,0,112.71020010671441,17.72991921180725,-5.783021082539193
0,0,177.29228015535318,2.9276174351550903,6.211993269872096
0,0,60.51897032844622,5.397282208681363,-0.31839515761161863
0,0,55.40776265876139,5.544235618279698,-0.7475524357953702
0,0,69.60623245800663,14.576979021039845,-4.618084089356088
0,0,92.49600153568376,46.80249236593451,-14.445621428864285
1,0,324.98427544323135,2.9619367661074176,14.384681460650285
0,0,81.18224118410822,10.025031324889014,-1.9979890524445523
0,0,155.9457567210787,100.10442653705366,-21.94868498070737
0,0,272.80770885647564,92.98091419899146,-17.30607286354018
1,240,755.8654284899454,4.5217494103165405,29.30145694003565
0,0,110.57520087990058,52.17555909149921,-12.92078391324614
0,0,98.51159427476863,7.0683991691404735,2.2632115746632024
0,0,78.15474274510412,40.190666461190204,-10.645889444966869
0,0,58.61468256174971,9.354178604805952,-1.0502488964515635
0,0,56.687563973479094,9.6922107937708,-3.4401855625000337
1,240,463.07267948255867,1.4378302953087723,24.60654955227679
0,0,74.8056630020214,4.232269116096104,0.9677292692402517
1,240,596.3216068395607,1.42447412480263,24.13714441351945
0,0,162.5360536117736,11.001543491032246,-2.442638877195421
0,0,153.78840278714267,18.990344448403665,-4.840110458456962
0,0,88.92860631232053,6.830736290689218,0.7287731186929278
1,0,345.5564780739104,2.4744721330672297,15.685844014217722
0,0,144.98330081864998,78.93227725754092,-22.99400387389509
1,240,818.9200313523859,2.970540062586454,40.866463298029444
0,0,148.4202010059902,103.16595379796529,-23.87935112747862
0,0,120.27013808686463,96.45341068762515,-21.340058280916452
0,0,70.35881636966144,9.303635901886706,-0.3457554598369086
0,0,88.10691212076178,22.578852891929248,-6.338982635115073
0,0,164.68531360002748,31.746694197944656,-8.287508538842971
0,0,113.59156730957709,13.08628514297337,-4.029002727133999
1,120,314.4535533241442,2.4184172559268142,15.531277857266375
0,0,80.68208862042377,18.046242928131264,-4.946249197506646
0,0,101.9611681753759,82.48575614072452,-18.220212370276585
0,0,73.2051192515451,18.672963058833545,-3.927434606358716
0,0,97.14599600221396,84.25290793678165,-18.823618525726317
0,0,98.36479231876827,64.86338208313086,-17.136817320689588
1,120,855.3614687464116,2.3531713607190294,33.738835086802624
0,0,252.1917490404559,3.9904838388494497,12.398443993194718
0,0,271.19665091185334,87.03767134861864,-17.48333887726244
1,120,753.2500184451131,5.447121450597761,25.797964427740865
0,0,121.23441722070697,54.807963408802564,-13.19401705887563
0,0,89.24929206778724,5.397612957183664,2.2992798293927876
0,0,94.85771059400733,24.47047080923451,-7.161572393617547
0,0,102.9513502026129,66.13900821405953,-15.541893468896049
0,0,86.61983097859492,29.57882141425314,-7.760117313445946
0,0,81.75423601776582,31.401080513296762,-8.019823542563898
0,0,75.3377662462454,15.112684203031009,-3.506551996634755
0,0,128.3750117293232,40.569613097218756,-11.274035062567776
0,0,202.8682189542606,64.36504832331927,-13.494277617769384
1,360,403.01283652252545,4.835308466240007,32.52997260261937
1,240,496.32623588364254,2.382029280351292,24.391809752656158
0,0,166.9542256844654,13.058717052254925,-0.585509487100353
0,0,95.49708695866617,76.88691768988886,-20.016512907683847
0,0,180.76770026906323,4.254480705490097,11.104996009200278
1,240,515.6527644033521,1.7226653328524428,34.45686072388057
0,0,95.46306744747258,18.04787817038548,-8.562966228164399
1,240,406.6931105471916,15.199878171772834,5.153670571397299
1,120,609.9238793205104,3.0724737729056124,21.011972279503155
1,120,645.9036217289004,5.9165884918742355,15.635477386019303
0,0,251.3603171747501,128.69596231825912,-27.41423559719334
0,0,143.93758344141716,105.95714988463013,-22.34045301622095
0,0,87.95992878782737,23.920657601768635,-5.048578207335709
0,0,107.54266923097647,83.64679258044377,-18.162083616939313
0,0,73.67685231687489,9.175825295100982,0.1700374914418319
0,0,101.84936063158969,62.483184102638496,-15.800907500333139
0,0,120.17222855065035,91.00431422175512,-22.486866035603043
1,120,713.8619313804381,3.226362297246273,31.841463120085734
0,0,147.3924852894623,84.61128228670252,-17.952268460361168
0,0,154.83228372291816,15.829415756292812,-2.3009391427853245
0,0,127.76467834622983,13.952809218489008,-2.743110794159662
1,240,254.6707182866457,2.9025574829769516,26.969691298938542
0,0,102.77077812870327,63.762470577156066,-21.119115121926868
1,120,631.6331566228939,2.411717906658503,28.437678777545898
1,120,571.2740417216708,2.2690879169439375,22.045079960168167
0,0,76.57201927839866,5.24584902946386,0.636097888733616
0,0,73.84672315167529,7.09453777656384,-1.6712083396557205
0,0,119.5702271704651,49.30237708413288,-15.21990001640387
0,0,86.97747795240444,13.340723242529764,-2.9365298484193403
0,0,146.4681884335206,12.500400043596178,-2.4964612098464016
