event,charge_mode,duration_minutes,km_driven,charge
1,240,707.6113194790522,4.770583285591099,28.202405541376905
1,240,503.0835242503097,2.5583473361413502,33.13714093172388
0,0,94.40203505537055,19.31689113617126,-6.15013948308156
0,0,69.38441980371637,6.003888498676146,-0.29115110232510233
0,0,70.54333905991594,15.929938032348398,-4.5879867001179235
0,0,112.81448050773736,84.46468083321851,-20.695817746247528
0,0,72.26866447299255,7.935734999847982,-0.5015157898865255
1,120,333.4420859272432,2.154376845997665,18.668983524862895
1,240,522.7356697108806,1.9597706090366869,28.310642009276236
1,240,763.7740069455235,3.5579329329328684,29.108656108132166
1,240,596.0472288825698,4.315683617641098,28.53771455231012
0,0,91.86005432868438,15.540389395214689,-3.6918866046980696
0,0,65.61903465274507,9.294076232350877,-1.6638530788025747
0,0,64.85219564767944,8.211919475011367,-1.544092312109612
0,0,111.07839717525964,77.99132348836274,-19.881053520305045
0,0,76.14980778409493,9.811302815888759,-1.756607568038305
1,240,411.6003995307365,1.999256926482678,26.15969319748568
1,360,476.67046288439053,1.8446313248179935,32.986421491655506
1,240,509.3400309020525,2.029355717030806,29.903827440939963
0,0,225.46064322067215,6.694991329654556,3.930964133596774
0,0,104.65376544170677,15.377569082021628,-3.573034677708236
0,0,70.22741444896815,6.91062942618788,-0.7101631931252115
0,0,74.88638707373403,18.485899286524983,-5.363987855932038
0,0,115.5624204110716,82.7152748449356,-20.557034753210218
0,0,77.47634199947761,9.36670102286308,-1.2647931898569738
1,240,397.29642503616344,1.9678040073460001,25.042803177677342
1,240,461.11126931769337,1.7031455308943029,30.972020561306778
1,240,439.96430585511234,1.7937300102040614,29.569501245034544
0,0,89.59325075110483,7.8145411680114405,-1.2450206423623769
0,0,157.34399150570482,9.681773038852327,-1.9760553686791695
0,0,107.88327244101406,9.896184703694988,-1.1968151504347446
0,0,77.93318515212736,12.080734792495733,-2.8477541748606257
0,0,138.4644891120893,97.0150026930502,-23.942526054748903
0,0,83.21450171383856,17.999012222492908,-5.616883071228372
1,240,409.5426782138883,2.2179065039223604,26.31980750378746
1,240,468.4045718687251,1.7883114653338175,31.706257362391526
1,240,432.4999648552672,1.8166927777279407,33.319373860102715
0,0,75.93210445096685,5.099723167959961,0.3689624234378357
0,0,73.92690876061495,7.558076162217203,-1.904500093913839
0,0,156.17009731638737,7.667755614406087,-0.9691930764175964
0,0,147.0932473564475,34.22702459541213,-9.29024934872993
0,0,151.24913704643814,80.24789282266873,-20.2738202227017
0,0,92.25104631821398,10.62307244698381,-2.049016174613257
1,240,412.57702363215293,2.0979300792607294,26.962557964059414
1,240,452.56623920051805,1.7425358500539851,30.99649582586983
1,240,403.5532037533073,1.7576938779364109,27.73964761393657
0,0,68.40649205558643,7.081817270385962,-1.1536664003436528
0,0,67.41806144936889,5.544613294263908,-1.5211229737988106
0,0,120.72229944740411,4.223826681610342,0.5242366299253263
1,240,657.7610934484794,3.5018250367624115,27.788524167738004
0,0,202.08922769461333,91.68470495253621,-21.779202227930995
0,0,86.74826852002226,9.951014051596315,-1.9683725028167487
1,240,409.13816230671324,2.0109520220582637,25.50929157506188
1,240,454.4317009672685,1.6932231886317015,30.76010239192722
1,240,417.94437520892706,1.7048261213401725,28.64385857531157
0,0,70.63682186533346,5.639698299579065,-0.6353635719778197
0,0,87.76993644940528,3.9966268267216654,-0.8942719243796802
1,240,438.5026798320342,1.6961032500274253,25.758472172269293
1,240,536.0925845442881,2.5429542196235912,29.312711757289392
0,0,562.9906931761026,114.71942042824617,-24.624789906299483
0,0,133.84608824025972,10.113189111913126,-1.5263118144294197
1,240,452.59589432923593,2.169129673122837,27.49834010485499
1,360,457.49805941439377,1.7796107040846623,32.501143361804154
1,240,404.3859959460185,1.7454603571897864,27.353866295769677
0,0,73.40963308074991,6.326359715130252,-1.299651419632994
1,0,226.84250873699983,2.3317814534842336,10.26915938362967
1,240,443.4688709749133,1.6644108428039854,29.30755462036936
1,240,456.8220222369392,2.1710351996238186,33.009417249725104
0,0,246.67807162213333,108.30501122028082,-26.766296296290783
0,0,432.83859559114694,129.3009802934816,-25.3908202451381
1,240,663.3617411066812,4.30625660848682,26.24194319061793
1,360,547.749906817138,2.3295097572566243,33.880857142270216
1,240,435.65737452328784,1.947827339277928,28.959817754891176
0,0,79.08174891899826,5.282504807544315,0.015318099889370274
0,0,125.9451842962038,3.077443573730101,2.010385050739771
1,240,417.9982895025747,1.5861883707838669,26.967989866471072
1,240,421.46821162797124,1.8899829006639406,30.646275503063364
0,0,169.31157036031328,92.50886704866156,-24.36270061493672
0,0,142.7937298068025,72.79268260324785,-17.861706811106785
0,0,170.82662322652885,17.20293261448385,-3.2298314428421264
1,240,641.0592251972389,4.223624983683291,25.565121809382532
1,240,483.9518399020082,2.350530561797174,30.505278534237647
0,0,81.20317888393313,8.237859543088195,-1.5076858844672358
0,0,164.61052962290512,2.8405597366011155,5.754698948553994
1,240,429.9722052138168,1.6171931099070236,27.71424237386333
1,240,421.1544748762905,1.9232829125621078,32.016139997444455
0,0,154.91713411988056,86.98350259527034,-23.39602805977934
0,0,151.98539136599885,101.7380443784353,-24.952405483466762
0,0,98.96276939822918,8.887706800307484,0.3020411743680711
1,240,694.1531963164423,4.005196055653739,29.83863404409648
1,240,597.2011489370244,4.602371726687943,26.971635793187076
0,0,97.10351979147008,10.564951858187818,-2.3116232932487293
1,0,214.35620318705386,2.828421537302119,10.111380584006838
1,240,444.2276160342967,1.727402188364089,29.319454079738108
1,240,431.0401072572961,2.043507060181124,31.681866641056658
0,0,198.43627357063906,110.13630205468878,-29.11431537300878
0,0,172.47074845344096,114.05362775414511,-28.68726639157819
0,0,88.30027693655143,9.799496944382321,-1.22923747844834
1,240,468.8556563037186,2.425162404612565,29.25191460831215
0,0,185.0872939780964,11.056306057517011,-1.0127856784567228
0,0,121.30179875170822,12.275857457370604,-3.0780023729036543
1,240,466.9251255618761,2.163707744059186,28.685865991822
1,360,472.1497334915493,1.9079660532024514,34.23078156377801
1,240,445.52074288563824,2.223348512533559,34.49940710347076
0,0,213.96422496044536,114.43695308521642,-30.348947689936857
0,0,167.61896081171676,109.8154408118448,-28.220667031206645
0,0,106.58997554879686,6.557418001728589,2.5821086314226562
1,240,414.50288391794356,2.1469873468872387,31.343841678917613
0,0,101.14171852337608,21.393888851145807,-7.277586838511013
0,0,157.7373527314355,22.571014197547278,-7.088410797516474
1,240,707.227979328928,4.52298396407138,27.30303467981618
1,240,583.0186516440344,2.5200224738726087,33.981379040596565
1,240,484.44999165138887,2.5384444434895483,33.41484430054429
0,0,196.68711976285104,96.95649495252847,-25.542041660623894
0,0,165.86333411459466,108.70743964629543,-27.372635044968604
0,0,86.10402331828989,8.766890193229365,-0.5808437576942254
1,240,397.2529399162239,2.1163723540381105,30.68925516669806
0,0,84.31918359872664,7.316967272426142,-1.379222449221757
0,0,120.92087318201864,5.965018104430211,0.8246134357578541
1,360,697.0708710218763,4.985344199193352,32.129227133061605
1,240,697.3493299598836,4.589311447492012,27.400439046602756
1,240,518.801195913137,2.8838668084035035,34.30729318529639
0,0,173.88019459980327,93.07006919500614,-23.955366057531343
0,0,145.19738228112615,100.73544955686637,-24.790859226237394
0,0,78.91923518608543,11.891786701298207,-2.6921206596532983
1,240,390.6725847487269,2.1436780569610723,30.761592466324203
0,0,74.09034071425643,7.604135485710981,-1.546248164428647
0,0,94.92500710457074,7.357115538102525,-1.2935484553475192
1,360,493.2781965068568,2.9617763553399303,36.03624447354113
1,360,780.4966881999468,4.773139930903569,32.827194889249796
1,240,658.3886122960745,6.245280307036023,28.06349044954554
0,0,253.19743879555455,113.42960053894315,-27.362775190980116
0,0,211.9881912802719,124.93529499264056,-31.006889511525486
0,0,86.986631819545,11.229037093908643,-2.364225033042615
1,240,409.0466576434828,2.1791396659946773,30.643548983954005
0,0,81.61454743839792,10.764083212959617,-3.3127736336552402
0,0,98.98607633425517,10.44501604384707,-3.164099082918881
1,360,472.38688383282556,3.1805985266433647,35.97991754775481
1,360,563.8520068916938,3.95499041839782,34.98702074000104
0,0,610.6566421340906,105.77100661292823,-23.074135002370653
0,0,297.993120444247,120.25666836397929,-26.153379027668876
0,0,227.22029421851857,125.16652474503819,-29.89774048104895
0,0,104.24693697862253,10.408021846425925,-0.9341340564746048
1,240,393.88146012178544,2.341578016558545,31.995141573140998
0,0,84.48469005105136,9.530568179883343,-2.842882371335776
0,0,95.5293607168695,9.34650686396539,-2.7011826369256653
1,360,410.8531719066655,2.6250561053524932,36.24472807427517
1,360,426.1856896500281,2.739419958055217,36.70612274216083
0,0,226.7410963587466,87.4769775558012,-24.47873619563724
0,0,217.73167327404153,14.872973210729894,-2.00539715281532
0,0,225.86617937310126,95.4827843106552,-22.865413623807306
0,0,94.22267027167823,9.120919238815762,-0.9232332639889478
1,240,395.6752326553509,2.0743066043773757,30.862441969659812
0,0,73.48167373174468,5.211920460043583,-0.15663225835999128
0,0,81.03795583306787,5.9093964040458795,-1.1513731652788124
1,360,364.7950614527203,2.0763226811963165,36.218995229192686
1,360,372.6387749822572,2.2407978649653537,36.38945551304508
0,0,153.668433281324,78.2851978193027,-23.065173420181758
0,0,92.77378597821742,8.584118480612338,-1.41841880339463
0,0,170.12476250808822,9.844517546113073,-1.8117720244369195
0,0,153.0432043175214,9.60792813381049,0.019867582356738467
1,240,424.52386883598734,2.4985364555450564,30.47389186076947
0,0,103.20091352781351,25.093119078429602,-9.204527799289835
0,0,89.95377141571328,6.123967802817346,0.7315313415128486
1,360,378.72072900708923,2.2354454246729913,37.4811199471401
1,360,378.59392385806837,2.353923779719832,37.20960936978513
0,0,167.7838211087139,81.93225732102563,-24.949742371778555
0,0,81.96202596784201,7.74974334001073,-1.515854873891783
0,0,83.0698536089301,6.007884103025233,-1.2437630618429552
0,0,151.42113906021368,12.97733396920565,-4.270009050965115
1,240,616.7538091492664,4.871811278778471,26.51497554608045
0,0,112.87764502502183,7.568041032510284,0.5345086321512724
0,0,98.19391257477218,6.228707235083723,0.3099776699150709
1,360,388.33032836658066,2.292680934086629,37.157847778321454
1,360,383.55490041409337,2.419257663956196,36.753202752363094
0,0,170.7236124640443,87.03414095805655,-25.862169878143973
0,0,83.97765649993121,7.128708654232051,-0.8450254939548643
0,0,70.26102019403092,5.641697229818077,-1.1951559895813801
0,0,82.74471845054985,10.32996610233432,-3.4486768729820767
0,0,223.8501520789688,6.258295463653196,2.707856115462306
0,0,115.36997948403977,11.079273450105212,-2.1922112673720875
0,0,102.33015687559302,7.234608187998315,-0.2011971075233845
1,360,392.894769600529,2.3883990091817706,37.34762618981689
1,360,380.6609407427869,2.409974370215265,36.85739171321249
0,0,155.39582185702548,77.84208687627921,-23.454209652634233
0,0,77.01159194610892,13.549015383241164,-4.537424565704299
0,0,88.4437120832134,4.120230204263924,0.5356552496836997
0,0,66.5948765661334,9.736776559907664,-2.543414405206363
0,0,77.3623749365703,11.021770138186643,-3.1311060881149615
0,0,148.15160443877224,9.47981159594078,-1.8094048140473973
0,0,194.80478994123348,15.779912677588166,-1.4892184730579316
1,360,502.9649037354381,3.479741821104987,37.32558154306449
1,360,442.2650722635936,2.9869793460927343,38.36446986695748
0,0,190.19151296779094,83.2264595151777,-24.697983206111125
0,0,74.85624449450586,9.23940030121733,-2.236670437500237
0,0,67.485618689275,12.476865008967192,-3.263928783564367
0,0,83.8256342890476,44.53460989868211,-11.914323201318496
0,0,64.91506542744607,8.61627283023582,-0.7599802903403514
0,0,74.403862080828,6.367648228371867,-1.1253021472835343
0,0,135.9965385146433,9.261503145196514,-2.396192941204646
1,360,839.9035288531503,7.219150546192932,35.203525379510296
1,360,566.2162098828607,4.152509543430568,38.20091042410667
0,0,194.10077537170096,72.25408506395824,-21.822097348337493
0,0,98.0761989445708,6.224569043385759,0.8954236733246859
0,0,63.73975423083133,7.947623896899336,-1.4746770378080356
0,0,74.36510976526142,26.34854834310585,-7.8719363006401295
0,0,61.80163399790447,8.428812881685758,-1.1411275828116771
0,0,63.38617123395047,5.3138956831351996,-1.1184699976548558
0,0,86.64679379344796,4.345825951477728,-1.0811441624058347
0,0,146.7267412530153,7.82173641442031,-1.6635043379862537
1,360,679.8701255135189,7.126563978063648,34.69130966357464
0,0,194.85838682524658,84.36694893743336,-22.48676564051955
0,0,76.95125010736066,11.734654540383474,-2.838195506122588
0,0,60.890571990119554,6.516062255844623,-1.0935825848543317
0,0,60.17023349652213,5.820013539008467,-1.381082400242093
0,0,63.820829720353686,4.964854487404793,-1.5594104882685826
0,0,73.43858537384835,3.8519169117392154,-1.4622597511665845
0,0,64.35998399288904,5.12106750139021,-1.6398216661875438
0,0,85.41693348391632,4.638853782840178,-1.2968773449577782
0,0,145.79698041693518,8.71924435986643,-2.2185940385213456
0,0,221.8790835923651,100.15049488506318,-23.275907984366555
0,0,80.11814238821484,8.338041594899938,-0.641329153517475
0,0,64.3727087184188,6.281973536856849,-1.0389359557284337
0,0,61.01988807607122,6.1039180361716845,-1.32031167102366
0,0,60.69461688499043,6.9872164303408875,-1.7103095826968797
0,0,63.716090208966406,4.760706855552384,-1.211282610359973
0,0,60.44381792942658,6.53043063859877,-1.674061673607369
0,0,66.24155996662442,5.944545087995793,-1.6459193465212536
0,0,91.85596201160978,4.478114071753683,-0.9708363854156659
0,0,191.94236718433575,6.1590041315461495,0.6064866230575774
0,0,102.72602337022533,11.008917422853001,-1.8081842211903023
0,0,66.92382064012878,8.865711348065744,-1.6635254737932996
0,0,61.72199251976698,5.720920295022171,-0.9728918426512081
0,0,63.267363674115586,8.769561449891883,-2.5773532273757382
0,0,85.3689139406254,3.685788211071564,-0.21860772858022415
0,0,63.15604358083964,4.9482575004857505,-1.4395493264921413
0,0,69.59065104576551,5.2635325680794125,-1.6732690808430135
0,0,71.52629434993669,4.746944017805179,-1.1449267441287816
0,0,88.07851529452387,22.259089030200666,-7.410964348895462
0,0,157.25621640568082,20.71564776001679,-6.175904031874623
0,0,104.00697529486844,14.941146207621758,-3.435245067602253
0,0,68.09024436697486,7.172800633291947,-1.023903112964632
0,0,63.45239648699712,6.462869052649087,-1.4386404867890263
0,0,71.09028120455726,4.165642921204089,-1.1935708040526833
0,0,60.62757543574054,5.079662571895397,-1.4556231077531123
0,0,61.066507616152414,5.384455213217614,-1.5716428365983433
0,0,64.75943834999812,4.7521173214598695,-1.5293765064515554
0,0,68.13790115639767,4.808789926703492,-1.577439331681603
0,0,75.77165954870807,5.5629145609826685,-1.5590406116452158
0,0,154.32603802785533,7.95293121461294,-1.6173490193423987
0,0,106.58728890296118,8.100510023152871,-0.5017377158605427
0,0,68.10430674739327,5.840639520984877,-0.8291366510055695
0,0,62.42638684725517,5.6733389869468605,-1.1157910341113535
0,0,63.191519775534864,10.57102264993402,-2.7692399356243413
0,0,60.12914028490041,8.39544563714524,-1.6146225002330397
0,0,58.794189046171766,7.117506071603617,-1.2976488019150736
0,0,60.6027097916875,8.663595585934843,-1.988303568864211
0,0,64.20634072565733,5.569628349476183,-1.074401839957119
0,0,74.62074921775285,10.468250562101526,-3.168585157965083
0,0,147.86759083215966,8.320472667634434,-1.185803394962079
0,0,99.1811925710643,10.001841929213318,-1.5175298866004425
0,0,66.14728363712041,6.469588255852052,-0.9283586971983908
0,0,61.532771033314624,6.787390187856204,-1.2952181841044137
0,0,60.539601954694916,8.130928958397293,-1.7548532960532128
0,0,59.550604545558464,7.652025883450789,-1.6618029055187833
0,0,62.108348061419804,5.615195385635703,-1.2495172853121232
0,0,60.699718111260715,6.792332012681862,-1.8240149406702102
0,0,76.31000329306939,4.285132473240913,-1.0457628214053472
0,0,74.27647879282985,7.50506209565934,-2.123472338896093
0,0,145.43729862064674,14.12905440131437,-4.749395574601465
0,0,106.4329938123727,15.284793450287344,-3.5392438061882103
0,0,68.35097937770738,9.240079847253435,-1.6293435898428612
0,0,60.73084692756782,6.966031379613656,-1.2979447032137728
0,0,67.90441236197765,4.183441071169689,-1.1188610100852685
0,0,59.20056973495005,5.3914171758943015,-1.4494673039500157
0,0,59.50116232694105,5.528759024991236,-1.4249233480140475
0,0,61.346502590069846,6.42798298210755,-1.6369419124770843
0,0,63.56885181471848,5.401697453012907,-1.3203697944930468
0,0,76.00003578079944,8.715569577052317,-2.610494172828993
0,0,148.97987354419047,9.33691380372128,-2.0711453645938462
0,0,99.86819171697083,14.19219532822306,-3.0724912112155636
0,0,67.17494267335641,8.427125297240181,-1.3121902371649838
0,0,63.488371468260986,9.711052177757303,-2.0125938951156
0,0,61.25830238785666,9.830007027235835,-2.087097614964293
0,0,59.02600010395179,5.996807863617323,-0.9658536189038074
0,0,59.23308721840851,7.323419801188643,-1.5192471709231938
0,0,63.26768675177937,11.400017374244435,-2.7827879879429247
0,0,62.716334880428846,7.873092226208789,-1.466687702743414
0,0,74.72548306111094,7.461950179010083,-1.7904829827865285
0,0,149.33770756296323,11.1990260667762,-3.2596223628780763
0,0,102.66993255336898,13.876488888776464,-2.997395688769487
0,0,65.54667092408653,7.461295450392293,-0.968717520758986
0,0,63.38458985380668,10.8394388219383,-2.4476586313696203
0,0,66.35904687565822,13.683990553082202,-3.9811195562638773
0,0,80.4498241203086,4.067024366746336,0.06994359320822241
0,0,71.06378316809774,4.038215405112027,-1.1372491622181258
0,0,61.04740068975561,5.856246518525952,-1.4856729414254204
0,0,64.11704092578144,8.327561424757432,-2.171175855406304
0,0,77.26602410838305,6.725535705667927,-1.5457409050594606
0,0,166.80992899736668,21.616758292151008,-7.39637007412793
0,0,106.59642576601418,17.254767628058747,-4.090988765257762
0,0,71.66127279704837,14.17403258782109,-3.293376246735761
0,0,62.60398887386965,8.277496118721453,-1.2700929934745915
0,0,60.36792868661234,6.754157859826175,-1.2666954124914156
0,0,59.8293922292586,5.987306853433881,-1.2314038986708908
0,0,60.77205916780251,8.080610063468688,-1.7518837151627906
0,0,71.32148578321404,20.900489696547268,-6.342491179085243
0,0,70.76343430136187,6.202679629204103,-0.39655537207983116
0,0,84.90303028141886,11.46391094576682,-3.7028930762189844
0,0,189.40708040012203,9.417453094547767,-0.8977593325428046
0,0,98.77749286009251,8.982380287704359,-1.0475170933904394
0,0,65.45083021852629,7.40874524394407,-1.322435819632119
0,0,64.6835944514174,4.704952043560715,-1.020912396267164
0,0,60.68587678398068,5.468371477838406,-1.4273169781623807
0,0,60.26183451624884,5.766639845497895,-1.3938431437480858
0,0,64.2560096654423,11.187141681982721,-3.3092703736368208
0,0,67.75243549532755,5.025159911464282,-0.8285818360705264
0,0,66.10757342462085,6.101457501951971,-1.4834483977334827
0,0,79.44800562914618,13.073584941955932,-4.150036926201665
0,0,174.04148403841126,31.834611030398197,-9.563810099368695
0,0,101.43912001493356,10.618603506783543,-1.7799943385383301
0,0,68.20273774229297,6.344314440444145,-1.0453770929266994
0,0,71.87724171324457,4.123858962047703,-0.9933618717784327
0,0,60.97784263554571,5.989866206101078,-1.3761260534890312
0,0,61.13682518627366,9.587617558659602,-2.372198516251956
0,0,63.621009019317526,5.118717517488455,-0.8561587803180686
0,0,63.271660040241,9.990901508767472,-2.6910480174455387
0,0,71.26655124431228,5.639925266150221,-1.0623544299390346
0,0,81.93558461167437,8.626710585154292,-2.656316602511822
0,0,168.5102130574854,9.711876116045437,-1.957926130182642
0,0,105.48926695237041,14.401052403620518,-3.1113863801379864
0,0,73.67667093994083,12.99625837873707,-3.000957072257293
0,0,65.74317016001781,9.348302742599989,-1.6155577596949797
0,0,68.45918205492926,16.018044379632727,-4.279578287606668
0,0,73.06272702225394,24.016019659717372,-6.858949908286036
0,0,63.01963112234309,8.851826228130104,-1.2460404450525147
0,0,67.02666702976687,13.33252627487245,-3.9130094180475794
0,0,75.33648527164864,5.44213721054807,-0.6524043164113067
0,0,78.92833237293411,6.843847558399148,-1.7322168467034516
0,0,161.60295997453028,17.822447571809935,-6.207586606641485
0,0,109.21749250397728,10.478014185693342,-1.584202789937379
0,0,70.30080409090993,6.505457096158955,-0.7304799876513215
0,0,73.58084157043898,20.909456455398207,-6.220162411835801
0,0,62.84731736696214,6.923990672984131,-0.42957478664256143
0,0,73.44225258873378,25.24509553349536,-7.546687933862373
0,0,71.77161798930378,20.941396021546797,-5.930411632997306
0,0,66.2553786217877,7.832732786863816,-1.0991201663012475
0,0,67.9398715525853,7.72041456626912,-1.8059543935465996
0,0,92.87961375120902,18.96792394147002,-6.637668576383646
0,0,302.757008289305,104.19947743991862,-20.814162413868175
0,0,102.60829840396559,10.54715912293167,-1.628492873609133
0,0,69.99460015002163,10.338785761578505,-2.3103234411152016
0,0,65.8616092979554,5.618242062153493,-0.6922188929403745
0,0,74.61593706097122,20.946444335658327,-6.425158604406718
0,0,86.8230014848819,46.033917677033635,-12.476134088495257
0,0,66.6178094122329,8.10641476380924,-0.5535521468418381
0,0,68.77456253507489,4.804820042224297,-0.6649642697503282
0,0,75.1779221550807,15.087465193762746,-4.717205740465431
0,0,152.08087498572016,94.53051740853063,-21.590935026639585
0,0,175.88393360665356,22.798401311137802,-5.140471412434195
0,0,107.8705420474551,15.559600784347012,-3.6928218641600097
0,0,70.59588169049985,8.251400828973694,-1.2356891835501216
0,0,65.19606364252999,9.370020239756574,-1.8642786530990776
0,0,67.05214482097233,12.8900064376307,-3.306417039685172
0,0,67.16357260680287,13.492260203678413,-3.4903461165797154
0,0,65.33364371503951,9.655342939570179,-1.9537993638562767
0,0,73.47034900942465,19.1089247804785,-5.537005572437394
0,0,121.99633637643639,86.67240226866345,-20.60879634467389
0,0,84.62591466632955,8.696433091400733,-0.04097712218636218
0,0,149.5447153250113,15.840272248742167,-4.999828468376563
0,0,95.07751676596462,10.640248807814114,-1.694447159506396
0,0,67.57201079017683,9.968177778104568,-1.8830208300000209
0,0,63.83106618106939,9.604008786619504,-1.7365444031967883
0,0,77.7352575728404,33.12188239645292,-9.309599180083538
0,0,70.51115599017965,18.090883597748867,-4.510951967375078
0,0,70.32887217145488,14.729707218267723,-3.6242044665745397
0,0,124.36718229781295,89.7412646559781,-21.795223169674344
0,0,76.99698543488834,9.994405728233877,-1.010603406378877
0,0,87.35816546486807,6.228487036899381,-0.7705164901544066
0,0,168.37073419519749,15.44552188072915,-5.09859609471782
0,0,103.90314833618062,15.927450875807216,-3.7229720929157963
0,0,67.80714898109092,10.536809808267565,-2.062125658935571
0,0,62.82682744144317,8.38424982290362,-1.7492417392816435
0,0,68.63650634811347,4.75855495977138,-1.0429200553572144
0,0,70.84609117102802,4.751250967947701,-0.8013536326393051
0,0,114.56307884866484,84.01165736209329,-20.837749974535157
0,0,68.17299192510802,10.830253669806169,-1.4957652892914552
0,0,67.88405846915921,9.3332742165186,-2.266265851320995
0,0,93.54622499612199,4.592531845938024,-0.20126051494453634
0,0,143.47600181636523,12.38428159941842,-4.031375221475287
0,0,116.44766454589968,23.52741974259561,-6.294127168604746
0,0,71.70711014910145,10.3357941346068,-1.8089979497617037
0,0,65.58124590214067,8.825389811686929,-1.6407833454082805
0,0,65.80764399204499,8.567433053438927,-1.5097149219439672
0,0,125.29697714206817,93.75336221005298,-22.460853141077138
0,0,84.26964502361301,36.99715746231239,-9.955456603991749
0,0,69.79502317424061,7.07628885203644,-0.14985294824893458
0,0,70.09153478521537,8.694374599357758,-2.366729626177957
0,0,78.06503484712661,7.239735015396884,-1.742943268780948
0,0,160.00773850346263,8.4326428861708,-1.5085154648939323
0,0,106.73724228319074,13.852820291314352,-2.802771893508009
0,0,73.56961320461517,15.124980105742766,-3.7653705218566387
0,0,63.842872685870496,7.4179818358159855,-0.716028379581374
0,0,113.66664602421727,85.60812307702814,-20.888227565720598
0,0,66.45403737684008,6.446661473584733,0.6163042054319732
0,0,61.6284303619408,5.19828441674269,-1.026043113428372
0,0,60.00393352011092,6.1542572362607295,-1.6797102180412793
0,0,70.13112030107277,5.228704254438687,-1.5565254506063582
0,0,74.89506482642271,6.984835311859788,-2.0055715232234803
0,0,144.60549266501445,9.905786788454849,-2.7235601726390968
0,0,101.85399707946645,11.550485832728077,-2.072751685929589
0,0,70.98010605317754,7.44685893254422,-0.776809676703337
0,0,110.79840786937139,80.21380903157753,-19.16922595864429
0,0,66.54458414313758,12.020365294374406,-1.684988885851837
0,0,63.134612762475264,10.475834765139295,-2.248564612917221
0,0,58.949980496466196,6.599082386051266,-1.147542300251132
0,0,63.66719778918034,5.1847747166623215,-1.2604127938460152
0,0,63.996538625218975,7.895969373639474,-2.218731421267165
0,0,86.33235987417693,5.130552718671086,-1.0241620266009903
0,0,151.94122608255657,9.403188042498977,-2.4764350326672115
0,0,130.43613386368497,33.56092147796922,-8.771386421477288
0,0,125.66313182769068,86.79769864536073,-20.09252255378479
0,0,64.38817110204695,7.421730168433474,0.14838914107160406
0,0,58.19762897400816,6.804863004028953,-1.1835207278007545
0,0,57.50181037468323,5.8209236614220305,-1.2008256698223505
0,0,59.6521642925706,6.206890919479657,-1.4058588500555942
0,0,62.92103575459691,10.584039611454344,-2.988809267155716
0,0,68.0243308555336,5.194394399227899,-0.8573053978504959
0,0,76.30647777891369,10.717177389888326,-3.2839021212259354
0,0,144.89576377585192,12.45398154437548,-3.6038559683378395
0,0,198.74774311064414,96.25186798224449,-22.12232091956892
0,0,73.32841589049782,10.128002854519622,-1.4924311157294312
0,0,61.95783354630052,6.650601992800639,-1.1327102476543018
0,0,64.13618752838256,5.153776858732425,-1.2364553565556662
0,0,61.024377155189065,7.357277528160268,-1.989830630923521
0,0,66.93443119077097,5.034537285781925,-1.515521984930757
0,0,74.68987650174437,4.429207964766015,-1.872326111633086
0,0,153.9108095455127,2.6519078751331415,3.096205434185677
1,0,288.577299666676,2.294953983991601,12.2958296499705
1,120,640.9182046310116,3.272422523191626,22.527568163489008
0,0,109.46402910159085,17.385189929703028,-4.294447327865839
0,0,68.94106089250772,7.335140842247015,-0.8470175437692546
0,0,65.91251386810363,11.734853982181589,-2.9094126079751277
0,0,65.08752088355676,10.449470544822134,-2.417043414858753
0,0,64.37435244688368,13.009870055845433,-3.482520584019724
0,0,62.23620179584066,8.097047316458925,-2.0100893019802584
0,0,134.98019286466896,2.9319480746514612,2.8327898709305686
1,120,381.9367460969262,1.7232609508920582,21.122332896010946
1,120,431.94785346800535,2.0915016910778648,23.878262480876415
0,0,241.8893578092266,47.50397158512428,-13.028798455171454
0,0,101.59177137705717,13.126696022058127,-2.8067824128956147
0,0,69.12167831065086,6.2567071488808885,-0.6772864452600658
0,0,65.2939618426859,11.121436890148962,-2.9083241139120872
0,0,63.06681179731402,7.656943342083917,-1.5953466442041133
0,0,64.4096189244989,6.100277546517429,-1.8894883869570975
0,0,155.37946392478545,2.6250337696760075,4.035998526728136
1,240,398.5833850717471,1.6263700271685304,22.78708417034352
1,120,411.2534254558903,1.8326390970612816,24.820845499949385
0,0,121.29012261157845,14.073921829683783,-4.6098833962209795
0,0,335.1327230016819,108.82577631644496,-22.12045568459682
0,0,104.00313237107815,10.822621636834915,-1.3302666361438753
0,0,93.34612089362636,46.25667882384981,-11.82475493499544
0,0,84.8405402596079,45.11075664311159,-11.516742818866362
0,0,65.99831082594059,8.279678246630226,-1.2062892759445845
1,120,278.0503411189705,2.1280090158742038,15.413857881204137
1,240,409.1269622810354,1.6562195154690165,24.494857379924895
1,120,384.54635207986877,1.7624320871254198,24.461653027050488
0,0,83.16907245988709,7.874424244733747,-1.759730383529842
0,0,188.5306670547707,98.36271665580385,-25.56891583928705
1,120,763.3056917017948,6.7054092306383755,28.58676019256795
0,0,106.99772223260975,8.782127185624619,-0.5033229013892395
0,0,81.28715640440036,24.89418084829489,-7.20931818174185
0,0,63.3662594474088,7.542289125586881,-1.274468105533785
0,0,162.42133270098415,2.556921011426786,5.355390713875579
1,120,387.7802574698269,1.6082372932814344,22.812499978320275
1,120,358.5178551583786,1.7589823531728668,23.27948506717047
0,0,85.56633139728534,17.968106865849467,-6.475689035109767
0,0,142.7839581244803,87.36850287646517,-23.881728905771666
1,120,492.35299276624477,3.8758982086721265,28.16002824824311
0,0,298.00447917474213,7.900476216805897,7.942698830101932
0,0,103.57295162773441,12.907642146312767,-2.691534141007679
0,0,72.57204006731546,10.87343597767829,-3.1111063306945823
0,0,162.20162855355227,2.8678178352034864,5.735423092525053
1,120,342.7667874675685,1.7751391693361174,19.81486130403931
1,120,316.70985971166533,1.837300372253507,19.84341577936287
0,0,73.91799861872953,7.357278881837631,-1.708660989747031
0,0,135.43493884651872,85.52015931709269,-24.24501644128636
1,120,430.6583088111114,3.325553231615581,28.532663094425345
0,0,102.11258390713627,9.38963682964615,-0.6812969646476574
0,0,324.745923479767,105.96475213669939,-21.65193824973555
0,0,109.73449611844124,9.171479990766514,-1.6400277403062802
1,0,211.06811143804697,2.70529510541734,9.049612748983009
1,240,414.2514501431105,1.668934945356784,24.268778219822337
1,120,379.70531102148726,1.8024675463549051,25.12888931978904
0,0,98.7057356105572,28.467580447548894,-9.961749790540665
0,0,139.30367484172592,90.09911919379167,-24.62087978199537
1,120,387.44965266327904,3.516787458265918,26.66396184997079
0,0,93.22741535831689,11.408432735182942,-1.8973614750829455
0,0,221.64086766160128,114.31398864338938,-25.712390981489285
0,0,459.9225702361337,131.00488106353788,-24.105403867822375
1,120,448.87608013294584,4.193448807912592,18.865102678473107
1,120,437.50469859663286,2.164782563885219,25.072710344652066
1,120,368.4837014884698,1.9548048692442868,23.54126260537926
0,0,84.78172312071155,5.307506325982962,0.48435336202335577
0,0,125.08319041710982,76.66697941159983,-22.1656810277305
1,120,426.30077331468567,3.1394079293976556,30.081230837408057
0,0,87.29844144130143,15.133066071856334,-3.451641169920734
0,0,139.18870453765214,90.13894979651359,-21.279789527115454
0,0,163.48191165075104,93.27246381467377,-20.66917606146191
0,0,201.82770482782348,18.708501601863933,-2.381529975064211
1,120,452.2436149790686,4.36108370025921,19.024487799431682
1,120,371.2908042804809,2.5112508701748024,23.348662563642748
0,0,98.90638384385498,22.114532531985994,-7.502249899541269
0,0,170.98425111828058,104.120971372491,-28.60264390410466
1,120,377.756483881422,3.599979731110525,26.300880388574825
0,0,78.15908445546305,11.730002402513447,-1.7519999621015643
0,0,119.62504834878307,84.61149887508056,-19.97337472549627
0,0,137.6179462805651,97.86973262892988,-22.50926999107527
0,0,82.88314305940857,10.516634600852953,-1.1330801242776687
0,0,158.31000505647904,10.519600056728978,-1.9053085385334754
1,120,361.22869214264034,4.70375403909467,17.104342000619198
0,0,96.42934172758952,23.634112982522243,-7.275695183780101
0,0,163.77153660626092,99.48630496495964,-27.153398602398248
1,120,429.3659528117396,3.4468373086096404,28.27517612504755
0,0,113.36121860332788,4.710321630433006,5.50684990719067
0,0,154.82364564643382,101.61147734992018,-24.814673996830166
0,0,150.20796542861507,103.46104824343489,-24.7729096421008
0,0,79.44071654360886,8.923256172756775,-0.4314875771805191
0,0,89.93264667092512,5.007243991568122,-0.1792000163368641
0,0,149.90446513765002,14.522673997503693,-4.849140732018753
0,0,120.33737224910696,15.73731696323991,-4.140351442621338
0,0,164.70062861489671,93.81729909925097,-25.22577601184208
1,120,417.09203965157144,3.47803460833765,28.259281998146506
0,0,80.9615111233931,8.31708035216335,0.254733954240038
0,0,123.68272242898318,86.40666276803113,-20.806231202272926
0,0,120.88259131287477,88.65749972993163,-20.75667830264591
0,0,68.4634104047044,8.656910224665946,-0.42351937792294336
0,0,70.26952790584392,4.7763693538653325,-0.7516844860735006
0,0,73.60406915405633,5.954979684333752,-1.5235113199953787
0,0,143.28490988028045,8.026787851525256,-1.7189329919729772
0,0,277.44948468068145,99.79693601674745,-25.399633876677647
1,120,400.8387619024812,4.189598949492895,23.90517893115367
0,0,81.47449043713272,10.224742956023649,-0.8156308703010922
0,0,140.83091397069828,101.08903730363251,-23.88255848619835
0,0,131.03227450168856,97.32485402667707,-22.50075754478617
0,0,70.20639739673457,12.947448382842158,-2.439553049366225
0,0,71.41690138658508,4.8946681210487135,-0.20880071410937262
0,0,73.06289706312961,13.418577739920105,-4.098058692715739
0,0,122.68773391299374,62.95483417427532,-15.666446779837415
0,0,261.9364288715844,89.34396215491049,-17.42707535889727
1,120,354.38833314017614,4.716775512872869,16.926642702852433
0,0,93.95147207906243,21.972862073908733,-5.720665167792063
0,0,140.32622131563326,99.88675521712146,-23.13371684244256
0,0,125.83134759796785,94.46183723385352,-21.84696362533097
0,0,66.24612839815092,8.415233692834102,-0.43853108487969905
0,0,90.64507259577441,3.6999955062195427,0.4933202281640092
0,0,68.43652127423083,9.010355384083207,-2.263180023491799
0,0,103.2205589169833,59.115144578928145,-14.876194806120338
0,0,169.32766756321064,102.0305253241432,-22.067167031073836
0,0,327.0997653135759,114.93443493074105,-21.334436156241352
0,0,138.13111830729713,21.746337704024075,-5.074506558633416
0,0,158.8081568058597,100.83840123256232,-22.855876090876322
0,0,137.95487660768805,96.76504526556455,-22.41848641584687
0,0,72.6119146526615,8.63055863867084,-0.39035729666262853
0,0,81.5241026966258,4.060771731007737,-0.08760799648882767
0,0,66.24297130589254,5.945468747182984,-1.1386916810492522
0,0,85.76306302241339,36.60326983800523,-10.434061102767274
0,0,137.05783163608805,93.03308311964916,-20.82731416980458
0,0,193.2273774178783,112.12486493000564,-23.893369451504057
0,0,368.73236926505854,120.80908424178796,-22.218795310845323
0,0,234.667268376928,110.20490281362729,-24.081065986005136
0,0,153.61542587234658,101.38020427984694,-23.345508196979814
0,0,74.87982916396213,12.426039838704915,-2.5471924307164215
0,0,94.18216653509218,3.84594223108577,1.0252503681248584
0,0,70.51105396565424,10.201831515433108,-2.7206645670733423
0,0,107.39647942212855,67.01773614222625,-16.461369766912398
0,0,136.4205524422292,88.46355205700763,-19.710212791925755
0,0,186.22054839812728,113.22788456286005,-24.77171018505075
0,0,238.50295976196216,123.46841410428823,-26.189875282491208
0,0,396.64319600816617,122.20000036634838,-22.22544780611409
0,0,206.3921233896551,98.36415335871152,-22.845699199782096
0,0,80.05173575823413,9.420561137772669,-1.3501395787219508
0,0,80.1971660511707,4.347364631413401,-0.24160348664983644
0,0,62.70020366935638,6.267284783793514,-1.3663877303910823
0,0,68.34817370325872,8.47986366484183,-1.808252912563205
0,0,124.36084544117942,89.86014279707274,-20.91102781757499
0,0,149.31676986313832,104.97983814639129,-23.35632973018904
0,0,172.64618529290516,111.80427803244051,-24.954962916119726
0,0,167.65003294773197,97.25721347621456,-21.421077113288092
0,0,198.56926820753452,13.413578158193635,0.5239301607231113
0,0,112.39045524409309,18.90071656776359,-4.811709217734489
0,0,73.26166917876577,10.763413593890839,-2.292009264306998
0,0,68.77874554061653,7.55294076152867,-1.0965098941306621
0,0,98.76224586157356,53.17493757565422,-13.886029801427696
0,0,136.43098161593733,92.02484256102593,-20.509574298481084
0,0,223.72434450308523,131.1783394758991,-30.0904197820619
0,0,244.4845896701453,137.38075197943695,-31.851349546372198
0,0,208.98429451481167,121.54258244286494,-28.39875734140383
0,0,138.2776595339548,12.076017678112294,0.3833611919901614
1,360,756.0793625836627,6.142522207202942,33.317080625037875
0,0,100.27848901391886,11.189614399298701,-1.9466448931701024
0,0,69.47478519307982,7.357491409183585,-0.9464985035984341
0,0,100.5091891379778,53.27351055630743,-13.685995239561592
0,0,154.03539282709139,100.54953731276773,-22.29653280917256
0,0,239.67000697201905,134.14359320277106,-30.426833138913437
0,0,252.69799473551876,139.26338147905346,-32.327644958227594
0,0,195.0532990130049,115.5332295999011,-27.59907879774277
0,0,144.3034207174051,8.20043668116884,4.5070945300494145
1,360,552.7567717374789,3.5506984298804785,39.06425530255191
1,360,852.3787250658854,5.693447864170696,35.245321437950224
0,0,129.94771978845134,11.222589979855593,-0.83021457716508
0,0,135.24720238371393,73.53230303581081,-17.1214885766271
0,0,162.86371104314307,105.25307882451645,-22.92989897111464
0,0,209.94844895201183,126.82322368790652,-28.508119291028542
0,0,214.98154551144026,129.40647327281326,-29.75758366055345
0,0,141.1793163889002,96.6079464953581,-22.681405287636323
0,0,97.80802181151286,11.142116567994094,-0.5930126986028341
1,360,451.5528862699556,3.0086758612501963,38.527120470105174
1,360,550.3089086354794,3.8749506345181928,35.43614607189461
0,0,618.8462641489862,111.40060783305846,-23.942811388144072
0,0,212.9062533041055,96.68466209886057,-20.893115221100743
0,0,173.89417195978388,107.68553958063035,-23.333888787054477
0,0,195.51202395134547,122.32433653456967,-27.328445356380335
0,0,186.7163989276571,119.30377335555838,-27.101393949153504
0,0,164.56117242472556,107.33944579174445,-25.396505777234353
0,0,110.33951289015515,10.220516775297105,0.6270517633165298
1,360,443.2351214511505,3.1909331764693745,36.76352759410666
1,120,376.6159403758538,7.404239303229222,15.55649287507616
0,0,296.3626098234473,100.01997872845509,-27.198217081246234
1,120,816.9202599659681,8.555858209535733,24.442408874732124
0,0,397.84196150956586,135.57238341503842,-27.51450914978686
0,0,418.79208565446424,158.74115987714376,-33.861597290635736
0,0,483.686621480187,170.13048861493183,-37.43210087918025
0,0,350.3598834184756,148.12889248286953,-34.19258931297914
0,0,191.3018798859558,13.918717305333624,1.392125706886162
1,360,563.2604006770416,4.302684253926491,37.21060275271644
1,360,586.8097923196414,6.297885111804545,27.459291701331466
0,0,327.2920702079072,92.09617233352776,-27.966223618043955
1,120,515.5071640695398,5.055612237416985,22.72173225494717
0,0,243.00575551044875,13.355201273150294,-0.05239574194473562
0,0,339.049625908939,131.36347922144938,-27.829939934190236
0,0,257.52101146107856,135.66905402777115,-30.547877905884633
0,0,173.71822499769263,108.26741869746533,-25.49471330468881
0,0,94.02568925326585,9.365014340869077,0.42515196647833875
1,360,372.5210840241726,2.8493719506198047,36.80006083659133
0,0,169.70942066516182,80.71736979091254,-23.654048708285124
0,0,153.41111609219257,90.36076517407898,-25.52039859420544
1,120,429.3387462716314,3.495261732069058,27.505336056988313
0,0,98.80779414413799,7.390910995915463,0.7949810342747696
1,240,686.4561487102052,3.616690426928039,27.374822448459042
0,0,288.9182883026985,122.8125556171267,-26.778396545826496
0,0,193.687394666874,114.59058644137419,-26.973834069659368
0,0,98.613131349664,8.29541068494025,1.187536378600953
1,360,393.3268094574468,2.552442144259193,37.34484683118991
1,240,296.8931600276735,3.6912509760689916,21.676429213614725
0,0,165.04403183135375,67.21870127859881,-23.2315756290807
1,120,392.1415111934007,3.3371479294534283,24.10517650535742
0,0,105.43703039536271,8.187905238595961,-0.36757289666351767
1,240,494.650403701446,2.764038385800202,30.127930403083425
0,0,400.8056606120163,96.54450053981701,-21.420992570059894
0,0,308.95035042376327,115.43288420435427,-26.403399773206502
0,0,135.24043475686202,14.117186260649245,-1.8777051745271223
1,360,440.6155850810685,3.3818741063577793,36.691908911920194
1,120,279.3845725179921,9.59833687846953,10.129324884191675
0,0,174.25115577417824,88.93872529959394,-26.927921812796583
1,120,396.0211184685928,3.5062447933518306,25.40951999788578
0,0,86.66825861998747,10.016208958290102,-1.6701726851103018
1,240,406.87915793729803,2.418936616808327,32.88478996345907
0,0,173.70023467304608,89.53136163920502,-22.894987901821004
0,0,173.52438973548027,19.622966612407588,-4.895148100013273
0,0,204.2077102843698,10.331326999309685,2.4310404505379637
1,360,520.5805036362116,3.5179464317013363,36.58055491248109
1,240,486.18971385860607,6.505980969298344,23.320911248987045
0,0,249.57862887941604,107.72652532136848,-32.25042528717307
1,120,437.7873292041233,3.8274546081167364,25.617496339250636
0,0,85.37340868777244,8.325851279022476,-0.6331707319964579
1,240,403.3581782049652,2.18572553197741,31.89721937908172
0,0,148.7503977144364,81.29104742783234,-22.499949100166546
0,0,105.08382148840835,7.995493538252915,0.3522387161100937
0,0,196.02822270566458,7.609407607813153,1.0336307156198927
1,360,850.476715846923,9.77614240006837,32.035975952360204
0,0,394.7622718577876,103.3445236960483,-24.543390629400967
0,0,224.2319505251535,106.25840987926132,-28.97837514601961
1,120,380.2205348747858,4.019167810940598,23.38631600390103
0,0,85.00808153441156,6.602167867986789,0.8177125947562729
1,240,394.07226865641076,2.062635423768532,31.212408662781698
0,0,140.71721330516286,82.4851352540408,-23.252526497818295
0,0,87.93256354290189,6.475079222461204,0.46810521035422425
0,0,191.47194343374866,2.955959152486353,7.140911989687709
0,0,144.0068580941676,8.234776768507396,-1.1275900983966096
0,0,260.37511355112656,117.6881034711038,-26.66284708868811
0,0,207.3764786828856,116.15054979499637,-29.437175393589975
1,120,333.16238002281443,4.2766101717907485,21.998961629186653
0,0,87.56512788268262,15.278644145254102,-4.1668557446611345
1,240,402.7880651569984,2.435565640758288,33.34192576622429
0,0,137.20790971295975,86.24100875689201,-23.225277158580013
0,0,71.78220019980002,11.67854551614855,-3.091201684405931
0,0,181.47740553990172,2.7552807701018103,8.285902064968056
0,0,80.69074370099568,6.4785292948330975,-1.0812022858752215
0,0,142.81347722049767,9.940349781332474,-2.616956445834319
0,0,296.0116908002854,108.87720161700473,-27.496305935965673
1,120,393.4502364610709,4.275240250299634,22.76441601728318
0,0,86.33451939329801,8.126785803215665,-0.08915091040341849
1,240,386.50032579043784,2.213433277077112,32.404436476650204
0,0,141.0622489140264,83.1418312162641,-23.43099725254237
0,0,81.55774811789291,6.385017262613472,0.2654920800281104
0,0,91.10612709411174,3.6006211485675803,0.11823362836405238
0,0,66.05299597155802,6.370653843342987,-1.5986174103449855
0,0,78.438076188214,10.58301532891652,-3.325909537736365
0,0,140.54351088263056,10.546271110581698,-2.6610193195802907
1,120,432.7592885267316,4.452326969218847,19.592808515179627
0,0,93.3447945747961,8.40793376204251,-0.4292577495368306
1,240,392.54276231576273,2.2845121680410396,31.41253305182775
0,0,154.42163500816042,92.4771151924406,-25.28227202408479
0,0,71.40690865112451,7.267303106115328,-0.64072149906481
0,0,72.83551840417555,4.1607710363755075,-0.7550820670566765
0,0,61.858314289796496,6.550627053625398,-1.639187591976068
0,0,65.83611450266235,6.023862008163705,-1.435998510907865
0,0,75.38858579595579,8.143244715043705,-2.219133001601108
0,0,150.9853696400894,18.94553953259938,-6.46190848891365
0,0,121.27496630152653,11.811664343099451,-2.057010793629644
1,240,420.7780723938939,2.537072040256601,31.431238241066367
0,0,147.29029072318096,88.39113934261559,-23.656162288990046
0,0,68.43352855481892,8.855152664636199,-1.4761512603497238
0,0,89.5668660752291,3.577614724948752,0.21822713151416906
0,0,62.86817004634921,5.169405063885518,-1.1872300619379104
0,0,62.40540947122593,10.605882549379878,-2.830248442672058
0,0,62.43985408460872,6.212156273195015,-1.144197558785578
0,0,72.31089695848131,5.934357312163643,-1.4140965308530582
0,0,140.99891435586625,8.314563414720187,-1.9369329898309502
1,240,590.8038484402219,4.957808145505827,28.670151519280864
0,0,153.59769627704276,80.07428279844288,-20.52361375831356
0,0,72.35871812075061,10.700353887623915,-1.9958014964149413
0,0,71.35567533528331,4.571298062825733,-0.41243893107736085
0,0,61.614356645464014,7.4425027987908505,-1.7084337798212488
0,0,66.99301027244138,15.348412676530877,-4.533255527763828
0,0,63.40052835188672,9.47860682308792,-2.0017512260993158
0,0,68.84849630781885,5.1152850429222765,-1.0288964473800206
0,0,83.95795443046954,5.429951406928483,-1.3897058095181904
0,0,153.96103962018742,10.435307469801339,-3.003699443221933
0,0,181.09835041984456,84.81050027682554,-20.106974161854737
0,0,77.35301135234974,6.702422115924547,0.28465697307004234
0,0,62.82036588816748,4.9074075787096705,-0.8637095473864207
0,0,60.14975490706154,5.061709200258867,-1.3771458561791547
0,0,62.516451831071606,4.926292731597568,-1.4209815199993585
0,0,58.45120526387472,6.5587337761251945,-1.447829278903697
0,0,62.412273454574056,10.314712865810714,-2.574684831735766
0,0,67.9337840892361,13.565707127575598,-3.8850784490319654
0,0,72.3525796451387,6.365000886676092,-0.8889774047138275
0,0,135.14380619524448,9.9474520752291,-2.7771130237501893
0,0,96.01475940057446,10.229945589354532,-1.6133120801959961
0,0,65.43443827811112,7.262315707485124,-1.1173550838330044
0,0,61.6785130678566,7.543616631853963,-1.509434872500563
0,0,68.14838134236851,12.482997167420505,-4.075665305147041
0,0,78.63473979699177,4.8718875359365725,-0.3347331364607129
0,0,64.30198305019593,6.144007191269893,-1.4332614238949901
0,0,63.09881349011626,9.30437591217835,-2.365715107439584
0,0,63.247270510639865,8.225051047881736,-1.7225683507854512
0,0,72.96864907377154,9.866252189849586,-2.6169934334966456
0,0,137.99152608442546,10.94670421616359,-2.9677262996240756
0,0,111.42889676426157,22.861089207355754,-6.145838346347034
0,0,66.43492478241409,7.058180709954768,-0.6637331089897174
0,0,58.959808859080276,6.441033334336154,-1.1361765200103804
0,0,58.52119975633219,5.594958360288192,-1.2271820212127977
0,0,60.08382439153273,6.0347843795780465,-1.5713205155408474
0,0,64.87025398867623,5.568613091454111,-1.6211957362253742
0,0,71.33483399195461,4.493696703102228,-1.275419216851006
0,0,67.0194572966382,8.398646632882386,-2.527039438694942
0,0,86.32384082630556,7.616323094233718,-2.032630640198306
1,240,661.3112295229615,3.5668868318488602,26.11000291511283
0,0,99.90061284393308,10.591990209831636,-1.8922201900182216
0,0,73.21978244305755,5.2227128784311,-0.6123308262458806
0,0,60.81711999985667,6.615366673499509,-1.3204384858659637
0,0,61.05615779485293,8.602941815567336,-1.944298818587626
0,0,60.93168787385803,5.708872566493586,-0.9377324276247379
0,0,65.91251386810363,15.353554845606222,-4.404982314781776
0,0,61.319143013173566,8.964958460045608,-1.8771186558815032
0,0,78.53701163771153,4.861255753929437,-0.8128092400600053
1,240,425.311679549053,2.0201159665783774,28.21831023618148
0,0,187.83993834565769,9.55361137840386,-0.8564546816167535
0,0,106.38224227901257,15.619198686371565,-3.808022580482074
0,0,69.30863825345672,6.640821673854681,-0.8243969462747742
0,0,63.876591791517065,5.6614523460244435,-1.125048517598941
0,0,62.28438571197807,7.675303719380851,-1.9657463787908824
0,0,62.31514610638787,7.970191503439736,-2.22118845883665
0,0,78.29355844797689,4.012636768891056,-0.9999615275295639
0,0,72.00058936446001,5.481578405415303,-1.9514057337079436
1,240,369.31742323796806,1.799550597251046,28.10899584212264
0,0,101.25147424059581,4.686223014795321,0.30767915089846554
0,0,197.8759548771112,6.797183141124214,0.6302115664703933
0,0,104.12525572798873,12.838112764703414,-2.6288876089136295
0,0,68.28900514655263,7.886935833371973,-1.3443589354939718
0,0,61.68279242989445,5.625190036830765,-0.9930078470103609
0,0,58.96955786928571,6.113907272657296,-1.4081679369757296
0,0,62.17826886949781,6.187426392680496,-1.8212461499467594
0,0,71.84873152642288,5.140330781488107,-1.7163491395612027
1,240,361.672770893556,1.710704578094415,27.930440544170366
0,0,72.55347160369162,6.319432948064997,-1.1431513363366435
0,0,82.2729060328114,17.281669709514713,-5.824933387917895
0,0,143.16269583490285,11.294031656352741,-2.5447829487128075
0,0,102.8946585746625,13.495675080438874,-2.943298590626867
0,0,70.39035328407016,7.864880819326273,-1.4927428688834112
0,0,76.08905784724506,4.333217800520959,-0.5684951624256769
0,0,65.01835392336092,11.145806692484985,-3.452238256469869
0,0,66.59666766335718,7.087298310027787,-1.901504093264606
1,240,354.7463938801165,1.8309028930370919,29.168142837072352
0,0,68.80381523372037,7.1230940517571,-1.4844417806647954
0,0,71.87233319996673,14.980692538097498,-4.801363240183875
0,0,83.72737333502359,8.870633318956749,-2.229986238520908
0,0,312.2442462346599,110.57484298293559,-22.543657949144432
0,0,100.63724125342027,12.58905598388979,-2.5410894664309467
0,0,66.37766635154475,7.581383779049246,-1.1594893151857377
0,0,66.83556942565289,11.078739198772709,-3.1093045031436333
0,0,69.72373070309881,6.929804717257197,-1.6977284935507981
1,240,364.67578344646273,1.857973958550508,29.411722445411712
0,0,77.79265770443946,13.404245906454753,-4.817785762261167
0,0,66.4983330249537,5.7639225638050435,-1.1439227932939389
0,0,83.8304124376541,4.46503348739731,-0.5236819675294555
0,0,129.63601219122032,68.00005107199786,-17.192076888219916
0,0,208.40189317956268,52.43150157783142,-12.03963211736189
0,0,110.91954498920303,17.24174164202267,-4.128150798002153
0,0,89.32379831147932,33.773463263148116,-9.950473837479876
0,0,75.31676053007021,9.495055807948635,-1.9464599548584118
1,240,361.4367541581176,2.02344285431026,30.73282663293014
0,0,69.8987594444614,6.014430035525764,-0.7351298652021683
0,0,62.37443369170693,7.005616966732917,-1.7550170985578575
0,0,69.3153718721335,5.172565900527568,-1.0009179227985499
0,0,111.07397611249206,65.52055453978585,-17.49698204071275
0,0,106.12244249309627,13.278095810567349,-2.1253956973375807
1,360,689.6925480330066,5.169548102460182,33.825491895704644
0,0,105.58248336041603,11.49636129950696,-2.4485727550245002
0,0,76.34946411228461,5.962710535752488,-1.1346758777098813
1,240,370.7283997522115,1.740754185031696,26.11474790379539
0,0,67.47098383790849,5.710621517646275,-0.8564546816167535
0,0,63.330686896217365,5.03319353538649,-1.3363643164775851
0,0,67.87343091442946,5.193622351905336,-1.29539255451256
0,0,131.6065025388467,87.00769551709763,-22.184021624297515
0,0,105.86563542659187,20.54390220074525,-5.461455630139767
1,360,467.15551961235883,4.051365929465476,36.82828770690564
0,0,351.96114700865894,75.14652177813251,-18.108197876867195
0,0,121.843991087889,12.700709097673581,-3.009527642015769
1,240,417.6337672093587,2.225393693415799,28.797663843209136
0,0,72.17198489911232,6.151697883593534,-0.335890321896656
0,0,61.79387446594445,7.721694242602718,-1.7949267862186389
0,0,70.73793383803965,4.848390855499531,-0.6993997833853598
0,0,116.22775634941699,78.7665582698884,-20.263437257488746
0,0,98.30371363622541,21.67563242801227,-6.052185585311705
1,360,405.12338387141705,3.5462802525813157,38.79617929384244
0,0,231.27996344499329,93.98922695374071,-25.2338498901349
0,0,223.41684258351262,14.684289537843895,-1.4839345212956232
1,240,530.5568698284779,4.126678220768549,24.79497527212108
0,0,78.54373958835912,6.902142320349147,0.21822713151416906
0,0,62.87021620488652,5.899326849370078,-1.0058267139857406
0,0,66.23660044108387,6.088233427795144,-1.2350973809527517
0,0,111.14476979706521,76.0178929210584,-19.3838283755191
0,0,99.5844161675842,27.555353516911673,-8.050745228276995
1,360,384.25197731589833,3.4310405706248845,39.55572622386869
0,0,153.01127064106944,65.28797471983177,-20.465268362954035
0,0,105.59381941879445,6.762645416890694,0.23825330869335914
0,0,157.77024997284963,9.10527072850223,-1.5066925015359232
0,0,111.75437767242236,15.923234622047998,-4.14502245597923
0,0,90.72749707624381,4.452065709487833,0.5653193548773601
0,0,71.13894690317576,6.089797376374922,-0.9349266492389603
0,0,117.08811783610449,83.7115019681901,-21.00640314688485
0,0,81.40532914496606,13.134828013202029,-2.4600283624452146
1,360,352.150391167228,2.611066075421238,38.23692583931863
0,0,110.03383607598143,55.207605064353025,-17.08506629712943
0,0,76.841046615835,6.209216085963095,-0.3942938407255667
0,0,181.99759458677,2.9450661107482037,5.867965738531055
0,0,154.71166806177195,12.738404499968638,-3.857327134376277
0,0,115.21092324893236,18.682263724767296,-4.821780429793478
0,0,77.42620828129911,9.17743978096897,-1.4718818273257739
0,0,131.22566765762417,91.97148962390159,-22.359744724105184
0,0,102.66030823980572,36.05076732484534,-10.269941561029668
1,360,382.56535320612556,3.488451381257,40.66407737762911
0,0,145.7077769735555,84.78564315063892,-23.919234395380606
0,0,80.94220581597466,7.341345196826342,-1.0946288073032662
0,0,138.3057389505581,3.165253465671984,3.2539948017120395
0,0,94.7733193074093,4.966861088482195,-0.7553198448859746
0,0,221.65002719677102,5.628752915649556,2.3384339119515687
0,0,128.37235909166264,11.648478537018445,-1.3433391328038482
0,0,147.52033335585395,90.59956830009547,-22.05868628849531
0,0,95.33662505231985,12.853101582915494,-1.7413422313969704
1,360,359.83564927275154,2.760968922380138,38.28436515824073
0,0,116.00915179964781,56.173054979087766,-17.439952349342036
0,0,73.5080187314161,11.297189334414279,-3.239966062322253
0,0,94.97826390683248,4.101273757701588,0.6138260320554423
0,0,70.90264676627788,7.658553315694029,-2.265605357350694
0,0,86.40324991524629,5.7063876660813415,-1.18552862947044
0,0,160.2362621043129,12.802274607750068,-4.119696475182437
0,0,258.6566351173105,110.54687420371778,-25.001276753316446
0,0,135.40904728918244,51.62116143003144,-13.917501018124057
1,360,407.00557766033404,3.948252714937564,40.814934200443304
0,0,132.03977802612778,77.55977114511408,-21.324613289915206
0,0,67.71637549362583,9.447255655366344,-2.0953775673758486
0,0,78.71779909673036,4.188821487460882,0.0865404856936749
0,0,85.50612559123762,43.10814440167241,-12.519520616415662
0,0,69.07695189231886,6.785971533980029,-0.30950226679563286
0,0,104.575523966779,4.538612169224472,-0.11391679231341811
0,0,169.77325400989062,11.209019815519687,-3.1867091125098455
0,0,199.9030915084545,37.85796270219614,-9.957221443880357
1,360,438.0106948984114,4.1354879530454065,37.7093126879476
0,0,135.46666847391987,63.295152273080085,-18.716803440851052
0,0,67.75911243371243,7.898126232904142,-1.383761363785581
0,0,71.57120214520275,4.340783503301438,-0.9688073479389345
0,0,60.595670099434514,5.4867011717817835,-1.4313856210193592
0,0,59.69338220083449,5.8806109061525245,-1.4953795608128075
0,0,65.90222639512523,5.411742190270391,-1.4886002507017508
0,0,77.947973040282,8.076716887373385,-2.3893132360100964
0,0,160.19695998991497,19.785564922513156,-6.795156758659559
1,360,646.3973750876303,6.560310810252813,34.853040859115694
0,0,139.23776699831387,54.70004463963684,-15.70357710887123
0,0,71.86928380026293,9.088247784439705,-2.0197113781394336
0,0,140.63534429155402,2.783081918939543,4.68896814970843
0,0,61.51438961465404,6.845273431887923,-1.432696041056417
0,0,59.22120702922794,6.084708451942511,-1.452986415823716
0,0,68.188749046254,4.534544819975158,-1.5974179532949364
0,0,98.92545109404746,3.5206880795867175,-0.313734712157256
0,0,79.87217826154937,8.784700075065443,-2.8363566909093123
0,0,203.88955246992145,7.198173059327991,0.8340135859430262
0,0,172.18725630551378,70.17302451199227,-17.238432997030728
0,0,79.53393295165449,9.509827135331097,-1.3896371181452878
0,0,83.73667457092307,4.768406572391777,0.0013261956227523797
0,0,62.09736342085113,6.786141194876161,-1.5351888533901104
0,0,59.872849009052224,5.95866845514728,-1.4092247273281941
0,0,68.16836681328964,4.135906690576288,-1.4562783177716483
0,0,69.53191892730699,4.093149437396075,-1.5451543864138415
0,0,64.35716131435282,6.382121295508735,-1.8712059138594697
0,0,79.66586766709158,7.417727795697574,-2.2782128662555863
1,120,608.3760539095229,3.4100926390490303,22.386275293364605
0,0,113.96360540949799,12.655993524575239,-2.753203142025697
0,0,84.75015219812768,5.03212548394727,-0.0848550576206577
0,0,67.4370096709484,7.541766606124854,-1.9246636538388486
0,0,61.39264601569915,5.827005282587134,-1.192429470472021
0,0,62.94714269704238,7.487611840775969,-1.8416897593151589
0,0,60.260326820484515,7.023527471919626,-1.4400882895719036
0,0,62.70233484833152,7.876881620372949,-1.9434956579197546
0,0,69.97243815589185,7.585502568038344,-2.436773690739244
1,120,398.8013094580136,2.1331053855321103,22.47659916478969
0,0,162.15595557434565,13.253254026057508,-3.4511761821656535
0,0,105.58074894348414,9.90053271538418,-1.3141030277029415
0,0,68.24815566018604,7.882954217022301,-1.3095852489461492
0,0,60.32286218652899,6.371794090908221,-1.0189256304045387
0,0,60.508144392694845,7.770524994883858,-1.6619085845540411
0,0,59.61834883042782,5.70685919702937,-1.039770820106881
0,0,65.38100009891531,13.451768103951888,-3.993843312107529
0,0,67.0817149292524,8.545470991905471,-2.446263668104365
1,120,383.5683676514469,1.9523395971538027,24.875544968592905
0,0,100.85508628727808,13.692248887446627,-4.684239165420323
0,0,198.99935826241122,8.879729128382937,0.2864059611033696
0,0,97.12662267844526,11.593487650285162,-2.2104461849038586
0,0,65.97525328319891,6.563411182639326,-0.9686224096272582
0,0,61.13376445051149,6.330673884885376,-1.315799176218647
0,0,63.046729969896674,5.143687901347757,-1.2296073550717068
0,0,63.911444503001476,9.556990157101314,-2.72165266605289
0,0,73.68448715219274,15.934058626240645,-5.978712236056666
1,120,364.8329692319377,2.1596970236462147,25.457603958922874
0,0,76.80411940566734,12.22837587019435,-3.3639487064732947
0,0,74.870238858574,8.306206713134067,-1.8502339093148379
0,0,147.21348892766727,12.011320924688002,-3.6033170052580914
0,0,99.70401158347639,11.94261818872151,-2.2618009120818243
0,0,66.53134362695161,8.177458459161736,-1.411433419164851
0,0,63.25145351618149,5.401158238196739,-0.8168990187240439
0,0,67.8515126455548,16.262467974059405,-5.007141457615617
0,0,64.71710950801315,7.211626356184911,-1.4703759010735098
1,120,362.5760506972641,1.8936759581224503,26.083984736635173
0,0,109.02091391563735,61.39212736786461,-17.01387033108395
0,0,84.14700587604622,33.58038194373629,-9.551054639814453
0,0,80.45724357051728,6.978275391359841,-0.13530622904727352
0,0,146.45588881018003,13.686527344460018,-4.3004498970678355
0,0,111.33916052613812,9.202762572168378,-0.8475723587042978
0,0,74.30741489614452,10.050050892359163,-2.050057113110441
0,0,85.26478657639055,39.8981205389689,-11.262627010712933
0,0,78.25487414876058,22.859755383927645,-7.34930591578096
1,120,313.4856126434456,2.4656389370494174,23.054864277754305
0,0,83.24272283117159,27.113052975402688,-8.38451660924737
0,0,70.7644715507035,16.058497673941517,-4.54251829520318
0,0,72.19225943952209,6.270741173326433,-0.6679232827372346
0,0,80.66326509548642,10.794592393361556,-3.4314670420922084
0,0,146.27718718590285,12.020377026244883,-3.3882971561940565
0,0,107.08651757788779,13.039316148291816,-2.584391451123139
0,0,72.4140040774621,11.648722198943743,-2.7029104891519466
0,0,71.71778871609392,12.228675484117309,-3.9114348004224126
1,120,356.3021091877354,2.082586823192499,25.252026531658103
0,0,88.87226043415065,30.889426568235585,-9.837027393142904
0,0,67.02157713955496,12.216680097780083,-2.7570868465709992
0,0,62.33158905906575,7.701101200108801,-1.2787586743647807
0,0,71.62579093432396,13.293389657411838,-3.8634248147099868
0,0,86.69311859601132,15.4070954926582,-4.8421659156925045
0,0,160.35984781275428,13.754086674280764,-3.6035283633285786
0,0,112.51271463370419,19.622421531656183,-5.308379547585389
0,0,79.64850649368505,13.196609848038504,-4.188298020912626
1,120,352.140324747388,2.1492209145357966,23.984522750816637
0,0,79.04324599671601,16.623136355884363,-5.521232976426873
0,0,71.74094261533182,4.918989190999677,-0.3347859759783347
0,0,63.53206063725136,5.60715724945562,-1.3496217514492486
0,0,62.97123182109649,7.834290418282568,-1.924906715619926
0,0,69.93907046805501,14.664847121108327,-4.4037300182141195
0,0,77.76552484871074,8.733873099900014,-1.8893932758253698
0,0,143.20418580856781,12.45139692306418,-3.7451118507999155
0,0,119.0367069189438,18.774761401416427,-5.861123173538019
1,120,361.2894987597821,2.488672659828395,23.235110440270518
0,0,74.82691244345173,13.147818803626672,-3.2410175687229525
0,0,65.5616968694671,12.189686868715027,-2.8845251951746036
0,0,70.42931531671674,17.59936334732984,-4.897203557248815
0,0,68.37640615665013,15.114745402428708,-3.883757461091392
0,0,65.8845421440549,9.022017765789192,-1.7172421274090368
0,0,66.16241160702639,6.869874261827192,-1.3027583832692358
0,0,82.73537187041686,15.293096004778954,-5.108408393140451
0,0,163.15518377616863,11.17759193941422,-2.1935375392644403
1,120,382.5697969410099,4.578350270659937,18.50915455195627
0,0,85.98522709451338,19.15803078049007,-4.939956010957729
0,0,65.07155971335996,9.59870327380905,-1.6386539128480706
0,0,63.004406795940895,9.984732349799577,-2.3595645875882525
0,0,61.07642666723352,5.676066195607039,-0.9900435500717037
0,0,60.35641691932907,6.881933722226255,-1.6035631891945172
0,0,61.65467333708681,7.78665812169326,-1.8235922245292215
0,0,67.8098356269266,12.261488623390669,-3.550625438284243
0,0,82.92144193264001,10.504187988728141,-3.161626193494115
1,120,614.7527227800767,3.6556165475587403,23.31845949536934
0,0,110.00752508448515,18.573583286472132,-4.5357442690438745
0,0,72.38524449735608,13.923265661272506,-3.3129532880151515
0,0,62.43781926212979,6.641392474475979,-0.854256557683641
0,0,61.320010221639514,6.526090297747967,-1.661628535110637
0,0,92.8276039153689,3.265319778069212,-0.2443564255180064
0,0,66.05966724191371,5.007335590403002,-1.3621077294636024
0,0,65.5301939632335,10.316072860334502,-3.1348418420109283
0,0,75.34712983046596,7.742202454648568,-2.328130358554219
1,120,403.1952110297172,2.2967701677866406,22.43430641488409
0,0,212.8062465970912,28.42597562503018,-8.885392964701083
0,0,105.48244264522661,16.745604449345052,-4.015840403294064
0,0,71.41390866717317,13.188235999872456,-3.2036336100045446
0,0,65.29020393933347,5.1399625812454355,-0.525959350739015
0,0,58.76825781263116,5.673810517894889,-1.2823359097078821
0,0,62.03563858298071,4.604286277704677,-1.2594828183358544
0,0,61.845668916675386,10.61317255320414,-3.033522066968459
0,0,65.88621421266572,9.093669713503356,-2.8805780832081496
1,120,368.7554721520337,2.001349486072615,23.99076838179971
0,0,101.75252802092135,20.83909952569442,-7.313179537581988
0,0,168.18741879516028,11.492148655554043,-1.886608633246638
0,0,112.79621811768975,17.49205102562264,-4.461129586208173
0,0,72.08932802944616,6.9271862540118265,-1.194574754887526
0,0,115.75924839269585,3.0533381897056033,1.9036967807067953
0,0,69.65999371486623,4.522569738798374,-0.8132689438633349
0,0,73.9366974470247,25.143793539278825,-8.056103155363985
0,0,70.00713783058815,9.368519462787058,-2.3516914994623903
1,120,361.2338387131441,2.0105707362677525,25.15195905318332
0,0,95.64959095203088,32.797804816195,-10.825839706184397
0,0,79.65972352345048,7.696558258879371,-0.8136071167761116
0,0,152.75501904142558,20.768426737939322,-6.939535456613157
0,0,110.27660910221337,19.615052112093306,-5.280406306955683
0,0,77.4116697864288,4.959594999624674,0.12387160489444682
0,0,60.219426321855224,5.299435250320385,-0.9780067079571353
0,0,59.24027994744961,7.84616668101187,-1.8269686697053373
0,0,70.40764644112642,16.369581756420065,-5.9802287302124455
1,120,309.51406993480464,2.2159068968446665,21.16465734962712
0,0,70.62636435147938,10.924579713346603,-2.6245547684685278
0,0,67.79413518607251,11.300446282149084,-2.9732427452639314
0,0,78.6483203949291,8.304117537737538,-1.8947723387194202
0,0,161.31642976295768,17.151530777665037,-5.655123030132273
0,0,111.93985825960984,19.863780400533567,-5.205812759927028
0,0,71.14411047776713,7.264325467143038,-0.7401179156657918
0,0,68.37273327373553,13.635080385062446,-4.049308953756594
0,0,68.95735080839749,5.203852994187307,-0.927999388478554
1,120,333.4806285257298,1.7514719255513673,21.322298766504133
0,0,67.6017452713034,8.881152294516989,-2.062675189918849
0,0,65.41801799755,10.922640344911551,-2.7403684231950223
0,0,69.22456437649328,9.27941410160901,-1.9927420883445706
0,0,129.40290882278515,67.017505114623,-16.507514517652723
0,0,365.2137247607516,120.96294862554899,-22.94520657937008
0,0,105.5155212635748,14.242542199150494,-3.074419853608802
0,0,70.61188820493015,11.586530651092138,-2.676961002047207
0,0,65.31007604967081,7.759262399225675,-1.9683619349132329
1,120,295.9278039682852,1.9953202070988714,19.196237367514087
0,0,80.17546316740524,21.36001262391689,-7.112368234806837
0,0,71.73756446993505,15.127228112616528,-4.36016383593379
0,0,71.6959611356863,6.474589191255884,-0.46937879526811344
0,0,125.79947060180777,86.12828172573377,-21.179695628881845
0,0,184.63618687098614,98.765895921529,-23.626915615985617
1,120,757.922741708692,6.889171835084945,29.32520301925551
0,0,110.23118551629109,16.316008621111383,-4.109228966741284
0,0,87.89930354761965,23.954916468465427,-8.212233362036969
1,120,318.2179409019782,2.4733431661466856,22.025867511560378
0,0,69.30926740469673,8.4112277102919,-1.3274767096133644
0,0,64.52656737075972,8.512918661137336,-1.9438813863984024
0,0,68.07528643794454,6.472307342448055,-1.152118202477297
0,0,134.09471067261492,96.78036528350472,-24.187283984331266
0,0,156.45651416737616,99.17845346402336,-25.511595530569416
1,120,513.647143610811,3.972758787461439,30.759267527548772
0,0,180.43028249142998,12.212644334335902,0.1259376300335191
0,0,120.99484096293774,12.83692604088206,-3.232695344697305
1,120,320.9382094868107,2.450854524119114,19.754571414431254
0,0,73.93603995563876,11.595193283762242,-2.6863400164253193
0,0,68.41487507075726,14.35999627165951,-3.9102828989382203
0,0,67.74071401096427,6.1186392774917255,-0.42160130343322066
0,0,124.19715275819523,92.51597114746133,-23.010790988643976
0,0,119.13649824084891,74.26577235843739,-19.743834576989386
1,120,441.94072496127063,3.2628199872059773,30.275923324042452
0,0,100.88020699264464,12.731083812790818,-2.69124880761251
0,0,330.09191792255615,106.83704017042568,-21.656397905022942
1,120,392.65965974976086,4.38728908909914,19.023388737465126
0,0,80.4815877558849,13.006845038165446,-2.582547351958098
0,0,64.28372632817751,8.266453721247611,-1.1929684335517834
0,0,77.64422335603261,26.269813052978137,-7.863529533386284
0,0,128.0391016474543,96.41482185827067,-23.37556331460388
0,0,144.3325430513792,97.01490161847379,-25.20173931527529
1,120,440.8927743805373,3.478103194657363,31.312264783185995
0,0,87.9357092991019,12.983226977991544,-2.3753054798881976
0,0,159.696223619224,95.48402608402264,-21.70932724982609
0,0,317.45593105778175,110.87997268992115,-20.868803759042308
0,0,107.3656906875728,19.550561117628156,-4.896310569400981
0,0,72.83153944768473,13.641588865822607,-3.187771186814061
0,0,66.23572189655954,6.396390859815401,-0.5807169428519217
0,0,118.13722469479244,86.2930260656851,-21.497710265696995
0,0,153.4163533511634,100.99425100978873,-26.529902862348173
1,120,412.69423847578565,3.5001142141887733,29.128386384012657
0,0,76.63705424531558,9.910223240398409,-0.8245924524899806
0,0,130.39943904271405,89.24259879398684,-20.67720766814064
0,0,173.53186019795163,105.37432499854435,-22.514448263802336
0,0,306.7739179035764,101.658029411974,-18.863232312088414
0,0,120.5276479889885,13.801577285972769,-2.5225692155040207
0,0,101.4687071273012,39.64865404514014,-10.908179526496596
0,0,157.2344285014775,106.88993105234353,-25.442460305711244
0,0,156.5572463821267,101.8024722012902,-26.241932775253574
1,120,395.63995484167725,3.6274787842834675,27.67351367367938
0,0,83.80845449257514,12.77783621909433,-2.1346109092110623
0,0,139.22127303337328,93.89023884536292,-21.790118872271947
0,0,206.7379638586635,124.78134397352832,-28.16739422953895
0,0,235.95139439791706,126.47497845446541,-27.306083672522206
0,0,363.48930623234526,116.77737821988767,-21.458646010318176
0,0,117.34616053297214,12.990859913414372,-2.4387393207948236
0,0,168.70834468582316,108.34168685229594,-25.998834006524582
0,0,157.46948167195376,100.3899766546642,-25.932002584634773
1,120,403.11272986895597,3.536614093759617,27.843963389628257
0,0,77.65425009966832,7.631124202518162,0.5757445917044066
0,0,140.00425458556978,97.10996225759642,-22.682287707580628
0,0,178.57816326539088,116.27416400195753,-26.030696235651362
0,0,229.54479833324422,130.39765388685936,-29.087546873380873
0,0,295.02388934530785,139.9558722805545,-30.427842373700038
0,0,388.0805723283876,119.10462756156137,-21.852918638967097
0,0,228.22188032048425,104.91691200295749,-24.07198287292571
0,0,151.03435274834249,87.50706890112383,-22.651566812034503
1,120,406.6303994722423,3.421064870912901,27.51864104752582
0,0,85.09174164524418,6.03561237889827,2.040788909180165
0,0,130.8700328341768,90.3912969157703,-21.251990656893895
0,0,166.66891976719768,112.80741432495455,-25.530189756821017
0,0,169.9282859442737,114.28950693705804,-25.582574854592643
0,0,180.3222385190254,115.79551090609735,-25.559357170549013
0,0,222.67841174074326,122.58932519549144,-26.289430217645055
0,0,343.02300505903725,111.3368658734007,-20.4559897436594
0,0,288.4604475769114,110.37836122598851,-27.792693358217647
1,120,382.7738913360547,4.3307694493975095,22.575239976288643
0,0,82.52103534662714,10.282198438008736,-0.9549105548040444
0,0,140.7113185548061,96.55438418946832,-22.100799384040997
0,0,198.14350852695836,122.78250758947968,-27.483476501086763
0,0,274.10784139189496,142.24007107228607,-32.20403219069991
0,0,316.6062934823202,151.080226796646,-34.6551200304937
0,0,274.2135161280985,141.48385996996507,-32.288390480585335
0,0,195.8878823029399,95.91784538562814,-21.63965834583992
0,0,239.78722181565178,12.883408614164594,2.3223178590764917
1,120,431.73854448610643,4.798673895771569,19.12380495675623
0,0,103.16908187588695,13.885281474473393,-2.766534552322028
0,0,229.1527294181687,120.59667601944219,-26.71942764415902
0,0,445.97667915361774,164.915690236815,-36.53881713004971
0,0,566.3793130908092,178.4223436406659,-40.20780301154031
0,0,531.6808626888137,177.16386408966554,-40.437295604481335
0,0,332.6266605759677,154.787382353663,-35.96415567218699
0,0,162.15144382311107,98.74649682246904,-22.828822257853247
0,0,96.91129424954745,21.303136515843068,-5.77468300665825
0,0,157.69153238346996,10.311998291472587,-1.083173199882566
0,0,139.62365776157318,23.035099920080985,-5.692602099982395
0,0,194.81388146005298,109.84392218355731,-23.75028003778047
0,0,311.59611843293294,147.46984292693818,-32.69998390311114
0,0,357.43437737068734,157.2312934153627,-35.711043814868404
0,0,333.63278110128476,155.30918707404172,-35.958834732762334
0,0,234.1009415724596,135.7718757504403,-31.534460391282423
0,0,150.17612244063014,103.1231920325272,-23.988057867084805
0,0,74.50394247222175,10.539350209451682,-1.473678370924958
0,0,83.757073807975,5.6363975829428625,-0.5596392592720321
0,0,146.44711470099514,11.41640048014016,-3.4453426994200527
0,0,376.91444146507405,136.41909958093055,-28.28733993454358
0,0,345.444364456548,152.19539703750857,-33.72243385307156
0,0,301.6716033716894,148.7323799002205,-33.84490528701858
0,0,241.1471633950756,137.48771775973927,-31.690152029959144
0,0,188.89523469222024,123.56531574462421,-28.643351468481562
0,0,130.2397819965126,94.99993661987362,-22.064662437938495
0,0,71.08220993099184,7.688530049666615,0.04738111918312882
0,0,75.78554055219243,5.9184579203122105,-1.39015494541799
0,0,118.19253332362068,7.871453374148272,-1.2570944721392863
1,360,690.6632773840662,5.051098625863748,32.21965668352192
0,0,298.01953346026863,122.33207595927837,-25.70299083130412
0,0,243.91767339064123,131.47977274123272,-28.801716786750013
0,0,244.25848064972962,136.59898344850703,-30.891239659303622
0,0,194.18980877420498,123.97042264691395,-28.325130757547683
0,0,144.21792416511514,103.14682904418417,-23.705625361437114
0,0,77.55341586039239,19.24264103037217,-5.085296388132065
0,0,69.77018587033352,8.323206193455638,-1.8315128682209405
0,0,83.13254767979187,5.6349640386156965,-0.5469630589942369
1,360,397.8583761220978,2.4506810278037867,33.90804835803911
0,0,197.8348049851976,8.767252978762585,0.09964997001597453
0,0,276.9146041021548,118.27422050053582,-25.24638870766688
0,0,199.87908173680904,120.91218030973594,-26.819843863450117
0,0,180.03573097956956,119.49311491564268,-27.26430874988931
0,0,141.13630738341254,99.97013452305502,-23.552100142982944
0,0,80.89658951705997,6.581147965897814,1.2932999570755186
0,0,69.50055772180313,5.451038090434021,-1.0408857339287323
0,0,78.40947531292528,11.491049469535481,-4.317617456343612
1,360,357.1007571726108,2.4058296357433804,35.576656917158175
0,0,91.83991015294596,5.861786217520163,-0.10747565511515234
0,0,150.3548807451992,11.768815039858572,-3.576775715555968
0,0,259.68953141251734,117.0503878704096,-25.15770286128813
0,0,184.497240803442,117.64309640614668,-26.39434836383765
0,0,128.27814511047973,93.17631301404833,-21.22909529390776
0,0,66.76727534195219,10.336732684244982,-1.1834626043313676
0,0,63.089047475823264,5.394585232148953,-0.9395659588862628
0,0,68.01926930546765,6.9314530450592535,-1.8858318923375776
1,360,327.05351419539204,2.0536481341442587,35.12218422608116
0,0,74.11979746195271,8.57985529937121,-2.5699873986190624
0,0,86.41539083376956,17.906945917696714,-6.368324419251223
0,0,158.76189435161743,20.867454554186416,-6.60189622295276
0,0,212.1841690575178,102.52254192292857,-22.57723746259397
0,0,136.67181617618658,92.72743360055632,-21.40974832070968
0,0,72.96946526997479,6.600070119300295,0.7391190962435417
0,0,63.32779053330168,6.4647840548916085,-1.4887587692546163
0,0,72.10726734183,5.730136581733645,-1.2655857826213293
1,360,323.6246512734421,1.9504058690410966,34.2716159429972
0,0,69.71988777930854,5.50846695009764,-0.9798666589774712
0,0,68.1186695333587,8.970822590381093,-3.222053465847992
0,0,159.9243731301478,3.5474186952433993,3.7212440881503426
1,240,679.2736674658807,3.37021804181282,27.954725586469976
0,0,219.52533244702317,98.05179681951198,-22.440446519371065
0,0,86.57262196347806,15.593491450801132,-3.874256915822741
0,0,70.06210070963584,8.438871606942659,-1.8482101557898574
0,0,77.42548277356289,6.5784875386541986,-1.2062892759445845
1,360,327.62040780277937,2.117328050256221,35.26028558934112
0,0,75.60232717668063,6.958000011820387,-1.9772918133915454
0,0,95.07858235545218,32.004546271809936,-12.633897036262809
1,120,396.063333949994,2.8921041607688065,23.826352938763392
1,240,563.8436635527273,2.326297480874789,31.824417091700482
1,360,826.4868049757383,4.312913542531098,32.95055402709288
0,0,104.62042609401587,10.409596624424605,-1.6677262154443468
0,0,69.02871129588956,7.3433283341627895,-1.4665291841905486
0,0,71.80862455188009,6.187884386854898,-1.0502594643550793
1,360,321.6052458339129,1.9864793402426701,35.69880074609594
0,0,75.15175853234332,4.477913727503994,-0.34134336011537414
0,0,67.7838477130941,10.313220210905374,-4.211230371561086
0,0,192.89325843323317,2.6661408901510133,7.7859239813139425
1,240,439.0283101869241,1.693285006564601,26.903219185768577
1,240,482.52209087509016,1.9773657073978723,28.92925537789793
0,0,173.97434056463595,11.150008507018999,-1.7283542779651953
0,0,122.25160173900133,17.187226347269505,-4.656704492786872
0,0,93.71749583413214,9.99978975433137,-2.042432370717407
1,360,345.57112426133534,2.3193601100035255,36.27559692047063
0,0,72.97490090996723,4.855817580737432,-0.3693271686486099
0,0,85.48192877462891,3.9224322216944465,-1.4240303601662134
1,120,284.6917296247769,1.931705944339003,14.24870424599878
1,240,439.22782481438406,1.5683558148519634,27.83272970818156
1,240,442.8834315760189,1.7625471497012546,27.72056198017107
0,0,118.34598954588915,6.906880191118815,-0.2790191490788203
0,0,383.4707868609256,115.58353586050767,-23.702587089173782
0,0,170.46160214674418,15.333027682077294,-2.329969173767495
1,360,410.280610270089,2.9708351642515365,35.727545443682956
0,0,82.8446458051555,5.513601899560385,0.06968996352362922
0,0,70.46378260221628,5.78263038495842,-2.070326352070694
1,120,302.23595770199995,1.9465884988781066,16.246418456682107
1,240,436.24616939546223,1.5680162674468037,27.8032769610584
1,240,424.1330015430999,1.7285499939612647,31.150596995066095
0,0,88.04590712259838,11.11145126346965,-3.090525338580349
0,0,160.9898946013677,94.62107300938997,-21.748306961976724
0,0,304.2626635631249,103.26755540610478,-19.43988053581377
1,360,646.8053371565524,5.841254992959146,33.21810164062612
0,0,99.41654047905838,6.320512731374693,1.3022192676503153
0,0,77.37862517625575,12.074062968000463,-4.511892510788769
1,0,211.23917255897712,2.794066108286785,9.85794112167899
1,240,427.34305586622986,1.6882651196776906,28.588852637465834
1,240,417.0581221649033,1.7044847690318625,28.430376356210374
0,0,84.6258353139209,5.048417893459691,0.6857670352994063
0,0,124.679400017671,80.47996726974073,-19.216570166434664
0,0,184.09224878181507,109.73062480300355,-23.698291236391015
0,0,265.96206725080714,80.70488708072472,-15.866898773892743
0,0,108.81366809636333,9.956266319763834,-1.3243855978324035
0,0,81.22542023047157,16.854986994965707,-5.682435776791692
0,0,143.75542431933457,3.5288818886635185,4.690965483474585
1,240,399.6354166334967,1.7342715369478738,24.258072933551873
1,240,408.1941407091931,1.734710015606962,27.939793138789668
0,0,78.98693979475047,8.367600493793217,-1.5359867301062167
0,0,135.19053342788027,93.09733767180163,-21.95603495760875
0,0,180.3649641230536,117.16792316356037,-26.58279521948898
0,0,167.30465725711707,97.14638520317048,-21.15185977099796
0,0,204.39350828119188,20.40372981228278,-3.172939134217245
0,0,114.2058683131029,16.034656708228546,-4.6864108695946385
0,0,149.38259835414172,3.796284381935982,4.085561994258683
1,240,426.7748472760706,1.714286634009178,26.29860828931703
1,240,411.9461493112779,1.7924516875478262,28.770610010186076
0,0,89.71464293224999,17.013361831699452,-5.496731292105011
0,0,152.7443404744331,105.05650321260555,-25.01970189311165
0,0,156.53706819821312,110.34228482181932,-25.325795934751007
0,0,121.25952659001514,82.7513151510418,-18.88343814362753
0,0,83.89828141916561,12.480907992023976,-2.034464171459831
0,0,156.70597546805138,8.633702779958748,-0.5626088401624543
1,240,594.773237297771,4.3114696200108185,23.259279235631368
1,240,538.303614714646,2.236892731386678,30.75033764907046
1,240,464.5336706863676,1.9728369797807508,31.961905516556016
0,0,101.41991673204055,4.282433691805353,3.342796895029565
0,0,120.18990146566227,82.29044396101885,-19.909571007966278
0,0,121.2741954495568,90.61034718170936,-20.55376927102111
0,0,88.3200300182758,47.49585674056031,-11.822482835737645
0,0,66.0873385604154,8.053662859433965,-0.3789175410972092
0,0,74.70447734493575,6.490480912268927,-1.258663805812688
0,0,142.95692370321802,10.946549896944237,-3.2713315999833696
1,240,666.4054274370495,4.282901161721293,26.6802258534952
1,240,495.2923420152984,2.41481669975476,31.603643019167293
0,0,90.16801725103596,5.606538167675049,1.7321955583572333
0,0,126.67689285635477,86.50254644299032,-20.67142702491266
0,0,130.09912418415334,95.05876202334981,-21.677523144168703
0,0,92.98103179749143,50.141577633306945,-12.891405141447649
0,0,75.89446873715053,6.364203119483637,0.7938555525494024
0,0,71.69109796664196,8.68953384910852,-2.442580753726034
0,0,87.82778435531029,6.049223153555058,-1.2141148085045756
0,0,161.75168906045496,8.997761672351642,-1.8388522772187912
1,240,574.5235001837241,4.443066913605977,25.5493227936132
0,0,98.31809909430761,8.558911203214551,0.31129337390389367
0,0,148.99533592781862,97.62947836078051,-22.799401214440657
0,0,156.83040004481276,109.7303432381121,-25.05834343234949
0,0,111.37930150885605,78.54707482719326,-18.153629294119597
0,0,69.01575418116305,9.417865514917622,-0.5110057672516604
0,0,66.3848364084691,8.337384610153212,-1.8242474345477433
0,0,69.78550655323194,5.7900178535528015,-1.2111082399518267
0,0,78.65609693097669,8.717280625238848,-2.5414434911990185
0,0,153.08739227308044,18.508399209197247,-6.242122515360009
0,0,122.90179270335318,16.041522559812478,-3.143676609357513
0,0,144.6579672792481,96.39664287374035,-21.785474278672865
0,0,115.96208448526068,84.10177256658396,-18.65060080922096
0,0,84.39027202081762,43.59827668156882,-10.82945392918981
0,0,64.07400358014782,10.174886116301534,-1.1996843362416882
0,0,65.58230015556985,12.381597708433851,-3.1293676679851643
0,0,71.69600081189063,18.44934097321465,-5.466972075779623
0,0,71.91986529274737,8.999654113304782,-1.5804776039449422
0,0,114.479112664256,54.18475922943716,-14.23456982757375
0,0,200.2039051535839,36.31236637765075,-9.189442117008412
0,0,206.73857600581593,98.2938343319739,-21.633042838233493
0,0,125.38275709581757,83.43834792541617,-18.952251047428206
0,0,67.30583447142268,12.795519757709883,-2.0609790414031437
0,0,60.397487458834036,8.844075974002502,-1.4654037024651672
0,0,59.52153889187623,6.875836759384373,-1.344591429371519
0,0,63.52079259522323,4.807858145452124,-1.2800215388359817
0,0,64.36286901974636,4.960632818936125,-1.4640404429104876
0,0,70.33729486283003,9.432784844358414,-3.028708386912996
0,0,127.40275201038247,48.86681785589045,-14.817564077365645
1,240,761.1556495255129,5.586275873683435,32.18413795977561
0,0,104.27576457507882,11.167121696239041,-1.7887974021743531
0,0,70.57725087855493,11.646366800332537,-2.6975102904508645
0,0,64.68350376295038,5.448837011042169,-0.6515747359846245
0,0,62.263022909963965,9.212782492007545,-2.2308422387064013
0,0,63.38764492153966,9.525863699821956,-2.2581391335105394
0,0,65.0842957749481,8.819074455563856,-1.9361721007771848
0,0,88.69962360110591,41.7429806352612,-12.387342563081262
0,0,85.77878613538424,9.031399652364712,-0.9015690617634391
1,360,474.8004213500552,2.6739008456330486,35.05653640938611
1,360,761.3726670271091,4.091724015133086,29.874099928325165
0,0,116.80577063007352,21.655500538273266,-5.706588720297248
0,0,76.55591073944295,14.247720466288847,-3.751568839853462
0,0,69.76650165136054,5.529476473993499,-0.7779404423804692
0,0,76.24108005812867,4.0548033675153174,-1.1917795444052643
0,0,75.37385458809305,3.8990916653799097,-1.2373166406929244
0,0,66.69702578818121,10.419381906854227,-3.41697844635992
0,0,79.41694482918935,12.564604960911998,-4.8291145548395775
1,240,437.3191046488616,2.2496482075630944,32.18586052805013
1,240,513.9039733494321,2.81144236214099,30.338347930162485
0,0,461.2693393157218,95.04945594270662,-20.92943710551492
0,0,108.71954480364744,17.961944926494173,-4.62487925132244
0,0,67.13842922931957,7.740891192509839,-1.136900421401819
0,0,64.03531361290231,6.052924558690638,-1.3642794336379183
0,0,82.37300342829273,3.6288572790645475,-0.5990733912742172
0,0,67.84898470453643,14.80817989498706,-4.736608411336661
0,0,68.4247204374589,9.165990377834724,-2.796674213174299
1,240,395.33179543071867,1.9627417052350564,27.527782284074632
0,0,147.16315682846715,6.394418100672069,2.851463356458609
0,0,173.5468464671279,81.56116923331369,-22.12936971121985
1,120,722.0329622595931,6.4663024296668405,26.797688101171545
0,0,101.58715760129716,11.665799290100779,-2.302392229519967
0,0,69.44256244713921,5.803664726272597,-0.760387154626045
0,0,61.35565078918122,5.509814761525163,-1.1172071331836548
0,0,68.02420615889145,12.965497414345656,-4.186004785847771
0,0,77.10385045722157,13.90644306145967,-5.068821026537151
1,240,400.7341527557653,2.3594388869086194,31.229644913430377
0,0,158.77917050458612,20.09470512429878,-6.6561412717447155
0,0,190.4708787904684,97.60189944064317,-27.34008061816096
1,120,497.12379560691363,4.438676035466963,27.370870052540823
0,0,241.32910713204902,31.983919838607736,-7.826520735243008
0,0,109.7903262059549,13.727334399786278,-2.889608356769955
0,0,69.8671035014397,7.260891638899498,-0.8407137893168084
0,0,85.32136484375718,37.36116671986864,-10.949082597088704
0,0,89.06986493577384,27.8227282597982,-8.784168300790341
1,240,414.83353406872493,2.8538063720473206,35.736972013626925
0,0,149.61053247995633,66.23444427303743,-19.792330686263952
0,0,154.1380635078246,93.37151689956497,-25.6763649983738
1,120,438.240726195026,3.641726238526542,28.582205426148832
0,0,111.51227347363475,17.81602753130414,-5.119351457240214
1,120,674.6525459400403,4.396376325235364,25.509967920887448
0,0,100.02850625455825,11.760689365875695,-2.2095320612489786
0,0,68.09223384522026,9.128741689069379,-1.9770381837069522
0,0,69.27049241701339,7.2180847508826504,-2.113374707078293
1,240,380.3281140687969,1.828521774555993,27.218280093548586
0,0,99.39383435412644,7.827193539095393,-1.3534790362357398
0,0,132.6886653437661,82.20818369503851,-23.73761440540619
1,120,434.484727300392,3.267721427323646,30.105008620338495
0,0,110.06805963622584,28.290483350436567,-10.02300135936946
1,240,521.0334471847792,2.850966356940245,28.322393517995636
1,240,768.2351540155279,3.9427689679410136,29.453666454501004
0,0,130.08664318387872,28.35313875839781,-8.111970377346978
0,0,91.20652489514009,16.905600089107814,-5.372458030607035
1,240,400.12989549996274,2.4922644170975907,31.244513953689548
0,0,121.8576283661182,41.00058065184669,-14.011550075541564
0,0,147.0944149704605,91.00401099802586,-25.21203245330829
1,120,416.27248797504626,3.5370928443202474,29.55848948956188
0,0,112.44617197102296,46.13511498686745,-15.062654895909034
1,120,465.2283443437963,2.7697903865274727,28.445234828566015
1,240,553.8757313878946,2.255070362239639,30.92620869952748
1,120,700.0683515782945,3.6633178436883895,27.078339915075333
0,0,156.27007001522654,28.991623247834074,-9.29132727488944
1,240,451.55751138177396,2.914073667527759,28.376490616138256
0,0,117.29532964720336,8.452006789619329,0.3577604457017145
0,0,145.69977371634036,84.99253558895722,-24.402081907421277
1,120,398.8165904647077,3.367018399753037,27.864613073115393
0,0,95.6649059669001,23.45332124866115,-8.475067690598223
1,120,409.91935276168596,2.365448311947709,25.49991784463552
1,240,491.1179518780342,1.8428139001520383,29.640950840764617
1,240,541.4581676959552,1.946368300693764,29.588851076388153
1,120,573.999184811606,3.708366647030865,21.152546532187884
1,240,675.5797448269269,6.048642425966433,28.61896059460753
0,0,280.7441740156646,120.82438982050293,-30.232140652279043
0,0,197.97854620543578,109.94257818975544,-29.01314883256743
1,120,454.7668855414012,4.010479007174813,30.737730140165567
0,0,124.03961555491053,59.57578474134784,-18.213993159052336
1,120,424.9209029446326,2.929446478885076,26.955276678530936
1,240,493.3976332179316,1.97872682998613,31.343017382442696
1,240,494.7313885025014,1.8472773128364066,30.085627085274297
1,120,491.64993042561605,2.073942690779686,26.484740774096466
1,240,700.4915493096771,3.445372855316025,25.90096978339551
0,0,280.05929471267484,119.76462288674351,-27.11008604980252
0,0,199.48635533034755,109.46771539051099,-27.837918701351335
1,120,368.3703635768025,4.065104852245939,24.85217933389994
0,0,88.18297140445168,20.244300912109225,-6.836720323221954
1,120,395.31560753935435,2.2550437399181713,24.940421328330658
1,240,464.3117106633184,1.7372742189513746,29.050289576965596
1,240,463.8314698861756,1.6538178662145822,28.615082174013992
1,120,402.95198456115014,1.7619941724985662,24.612129405337797
0,0,150.3361422406997,3.1939694747940504,5.0824851732553356
0,0,153.84616000458064,9.641452404925086,-1.9109782187744457
0,0,192.77189459223396,76.65579623168026,-20.29657291899025
1,120,346.7931513545275,3.7169241440924616,22.82000318982277
0,0,93.1772249598465,26.466038513677873,-9.146446601518434
1,120,407.96225029900444,2.3560567240177575,25.88325797708822
1,240,467.3028883712781,1.7812026286632707,29.501137477133668
1,240,460.9824010060476,1.6688084893298127,28.817457526510793
1,120,385.10150153077603,1.7420128793661713,24.149191823537535
0,0,145.56167785317461,2.7214749340957574,5.537465123701551
0,0,87.73727726521709,5.457830843440362,-0.7939191125097125
0,0,153.50986449672686,8.334062685904993,-1.5666230824241438
1,120,411.69403537294215,5.063917950489108,19.327078581052632
0,0,140.98854186245,64.11587783360717,-19.08744095326712
1,120,424.8835846404509,2.99333463569801,26.431467972428763
1,240,482.70582570928735,1.9491478515453027,30.76323049137052
1,240,467.37099541001555,1.7523478676115214,29.76568380606591
1,120,398.7330663865756,1.7516021041910863,26.441253851092583
0,0,81.83339004539305,3.754575777486122,1.0559342760086423
0,0,66.7609158132019,9.401847901909843,-2.726434642397791
0,0,83.91706526789864,5.573725930853264,-0.9664771252117532
1,120,603.5212735483868,3.29976522662917,21.940499986888355
0,0,128.2681240348732,22.573782918979912,-7.460659915220063
1,120,379.10472664859935,2.592314710979359,21.65860116036866
1,240,463.02534010277043,1.7691197045232536,28.15289491336398
1,240,451.46568930890885,1.648706718912132,27.65091949594371
1,120,381.6747471156845,1.7164901951428615,23.61727753543198
1,0,197.44976442631665,2.210542499068933,10.917151524049842
0,0,68.89983164818547,5.259180946583919,-1.0040301703865566
0,0,80.10830268954237,5.029649608050778,-1.7642692980936658
1,120,433.5524045151184,1.955577819018424,21.96863174607094
1,240,662.0042254437502,3.2989954354355455,23.63587704563534
1,120,497.749047242833,4.108198268637905,20.62935076449014
1,120,454.8524954542749,2.1389519180618812,25.88012987764492
1,120,429.48357575347393,1.777515211527106,25.99536229767756
1,120,351.8710933609009,1.7898745114620205,22.089951278533775
0,0,127.8707385084182,2.7548428554749567,4.344306544155913
0,0,73.89397184299649,4.833068581430423,-1.0475170933904394
0,0,67.61405056267316,5.637288753873348,-2.15408755540696
1,120,375.2291776823067,1.7711097230529613,20.65915225242962
1,240,504.9007397526017,1.8091225626895857,26.161679963348305
1,240,695.3712784613188,3.2656146541214004,24.917023989927102
1,120,454.3310821131018,4.10008929000917,19.30270899552481
1,120,437.6547426653294,2.114738465461256,25.25055759306818
1,120,378.4542636188464,1.8381040053812003,23.950029113712233
0,0,117.3117896039688,2.961706866568642,3.939122555117791
0,0,65.20559159959704,8.158059360101776,-2.152993777392169
0,0,69.74621577489238,5.470096062798564,-1.7829216478146606
1,120,358.21887795470656,1.736043387809283,20.237440062278978
1,240,451.48781729486353,1.5846037786243066,25.78539919045008
1,240,512.7163625294769,1.7708095450977688,26.9657706067309
1,120,618.1423856121542,3.3142053542835437,22.294165446243866
1,120,424.7721285144744,4.172659030975287,18.27972536643641
1,120,378.72764400270006,2.1945833198006457,23.136184295376395
0,0,104.3546748774509,3.2550153603709706,2.9181151239884855
0,0,63.18343716591106,5.682074266968766,-1.2694642032148664
0,0,64.14838512719773,5.866448282357517,-2.1722907692281552
1,120,359.7711924448119,1.7090709151304546,20.579523099371485
1,240,438.4018796009334,1.557655672138008,25.72050169490528
1,240,438.9241091383098,1.6864242312707804,25.432484052244817
0,0,212.89834073535738,3.3498819724049342,9.046843958259558
0,0,370.80816025896195,107.5599399802038,-22.516086288848655
1,120,441.7492362631426,4.092959471339501,20.23913092684292
0,0,101.77156126293869,3.9296098702976003,2.777424624364997
0,0,61.89855729703984,6.824974588607514,-1.2575488919908366
0,0,67.79008254520222,10.452949495644434,-3.857316566472747
1,120,346.8079789188864,2.0054601529975367,20.843657280066267
1,120,391.99092299390196,1.738484519320131,24.90829490161576
0,0,110.715144520582,3.5465485063120368,3.2130336076505444
0,0,87.96939439657334,26.957399932619666,-8.43923721369795
0,0,160.15295341128999,99.71084213647576,-22.611276679846824
0,0,170.05908138584374,23.52301938871506,-5.474612670027938
0,0,103.0512548851018,8.059464720610766,-0.6033164045393562
0,0,68.55982924924193,6.9122285703790896,-1.2883331949581134
0,0,66.4982763446618,5.567061325970597,-1.7608664331587391
1,120,334.03892940086627,1.7582572333322137,18.856595516135783
1,120,368.32023552665316,1.6653986888594612,23.226254537116873
0,0,72.31859981014944,5.351763453681115,-0.02601825474724251
0,0,116.33165132445508,79.74576154662881,-19.228744391295052
0,0,138.48724058125475,94.27754218297758,-21.427512966534593
0,0,101.31891245188895,14.593341370549341,-3.0442696248530154
0,0,378.55762579914074,116.59579774334988,-23.04096763715858
0,0,98.82685005827209,9.194969000365166,-1.3262296969974585
0,0,71.3848656856077,6.344403783150087,-1.6415548023655901
1,120,329.8944664577211,1.8627671044791558,18.599795460487087
1,120,348.8737941814168,1.7736946827836029,22.010015656273424
0,0,73.59564079465198,6.56729894402518,-0.6068883559306926
0,0,134.4664426989596,94.59350130886523,-22.604069369643028
0,0,162.59241649403106,107.55409209399666,-25.38832621990629
0,0,96.95527815605566,11.190183846242636,-0.3033200432337253
0,0,188.8143519156903,104.66927929072948,-24.48098715908798
0,0,186.1582227491628,15.36508817673696,-1.3777746464388798
0,0,123.98630207235689,13.758275854492725,-3.884956918141441
1,120,390.93494648383665,2.3243842835354185,22.027167363693906
1,120,334.70018435819543,2.033852407617009,21.58889526872015
0,0,78.32311722019858,8.880868924722384,-1.4011349971800797
0,0,127.36618188605374,89.7217356038913,-21.46165786282269
0,0,124.33555469493719,86.03059314762423,-20.129018808607128
0,0,77.47265778050463,9.08322293406913,0.3383419229752036
0,0,126.69007669224885,88.30633055338696,-21.214601414223722
0,0,83.37068425814704,9.310801367393594,-0.6296674719780384
0,0,155.11652405069833,8.68547732927811,-0.9788415723355826
1,120,409.81651204007704,4.81945690432206,18.71147706493545
0,0,101.35312467607497,18.80496104092808,-4.664878766163184
0,0,174.24300514820416,107.37843169979202,-24.47984054155556
0,0,218.5896315163528,128.9372995282987,-29.470427302030245
0,0,159.05475008376519,102.69631077863166,-23.990446213281373
0,0,87.63927704053577,12.527576470330997,-1.309643372415536
0,0,135.60479834526075,93.68023475401341,-23.131814619808125
0,0,74.24870544980276,9.036048180428438,-0.9920461677896242
0,0,116.19160565924825,3.865614772973008,1.3726543446420152
0,0,147.28947452697773,8.395331928246769,-1.5859359261154111
0,0,260.7856148971254,111.06472979600355,-23.500386107085134
0,0,254.39398242951205,135.57040524118563,-30.20989521535968
0,0,217.06123610942583,130.51998300277748,-29.93279421704017
0,0,135.43692265673494,97.13975037918979,-22.23182025193944
0,0,73.89376779394568,13.891365802993223,-2.3689488859181296
0,0,117.01911524875513,87.39063820870106,-21.311968793347972
0,0,67.33907179458816,7.913905598696076,-0.6906072876528668
1,0,230.1480353437927,2.300653868140406,11.393626590265171
0,0,148.3558348665176,3.072838363341983,3.932126602984482
0,0,149.28159407399014,10.115467802140444,-2.5097503485286268
0,0,286.24619796597415,122.61538799698249,-26.213277904846514
0,0,214.8037734439501,126.6095520333555,-28.53863411245593
0,0,165.28687287393595,110.55070059839652,-25.816875843637376
0,0,77.09405043475344,10.639220013018415,-1.0477337354126917
0,0,120.57876227621674,84.51596174152624,-21.43321963443789
0,0,91.28975423575436,5.545476940421351,2.115725913073362
0,0,144.69682728736927,2.697836794374307,4.90934064190769
0,0,74.21919202181458,4.502553814086783,-0.8006667189101933
0,0,78.46308353299676,9.804154496961798,-2.9942306016638582
0,0,158.11766615397264,9.93013854175937,-2.111678558562602
0,0,255.75367461565156,111.92875137330124,-24.197154406223277
0,0,169.7609883947252,106.71795266056559,-24.272699064569146
0,0,82.228916458274,17.558738587221768,-3.938615448287777
0,0,120.30253654171011,87.22152600312587,-21.23490235689455
0,0,69.94055549170258,8.054293673085013,-0.6329118183601139
1,0,233.86467544373687,2.2616869115759277,12.323010297835864
1,0,194.87185406260014,2.2587252911190974,9.542288411301598
0,0,79.32699887398589,4.491427037390663,-0.5848648449853471
0,0,83.77846495013506,5.845563296779031,-1.5007956113691847
0,0,152.45723212388322,11.201365221259055,-3.411266494504858
0,0,245.00963054999957,111.21345381559239,-25.28475548141308
0,0,85.7017972949073,11.949227744058092,-2.010802635468167
0,0,133.5427806622871,93.92198348197127,-23.07317332314991
0,0,70.75553306867212,7.489388767927489,-0.34221521215614814
0,0,184.4050106324753,2.427901345143221,8.40646070837711
0,0,84.31042649362932,3.5844884729839657,-0.05231648266830291
0,0,64.55890914531331,7.08344303689864,-2.090120035372337
0,0,70.15532278571067,5.064401664533401,-1.322488659149741
0,0,75.83855362919904,5.372553230618419,-1.3604432846584729
0,0,136.02759931460014,10.342819720119536,-3.18074353097019
0,0,109.24500511766168,16.93085248908436,-3.694232679280546
0,0,123.9774712828801,87.10705182571809,-20.30027696917564
0,0,65.23971313531605,8.793617199079746,-0.6554003170605398
0,0,82.45589268715564,3.7060080898391456,-0.32643733219386206
0,0,82.41776952282906,3.4271699558189592,-0.7380518905267195
0,0,64.14614625566799,10.220950854504764,-2.6592808994504793
0,0,77.63655451253962,28.451596225249396,-8.476219592082415
0,0,76.20002085468208,17.36669147731509,-5.016922052327658
0,0,94.77074035412821,5.666840433154026,0.23263646797001059
0,0,161.6776532631856,15.521132883503606,-5.052255837762289
0,0,196.7551134410047,87.28778760758152,-20.49004481276755
0,0,75.40562955972773,9.824074310580635,-1.4792476560824497
0,0,66.186665103927,4.873737561665681,-0.954741468347649
0,0,94.8882215951328,3.124210419258816,-0.21990758071376604
0,0,59.70496765249722,6.003617763203593,-1.4126751478289918
0,0,59.40451109320676,7.288106419826261,-1.5885673340930566
0,0,66.40710609515347,14.793152271357247,-4.273005051614348
0,0,64.58854726994366,7.820992794322366,-1.3947255636923899
0,0,75.93493279753226,7.164511164348179,-1.7435350713783322
0,0,165.17772930386866,10.73501615017481,-2.891024455842256
0,0,101.76936206761329,9.214836471792642,-1.3097226316919688
0,0,80.10796260779102,4.694234979879725,-0.311890612992201
0,0,61.72857876968483,7.889628748872295,-1.6475573715675722
0,0,60.43234583834763,6.8669958925281716,-1.5006265249127893
0,0,63.838054861059675,5.502465195896939,-1.705966174348248
0,0,104.22041060201707,3.1592501321810267,0.28939667780083767
0,0,65.64103794205757,6.5202979123127065,-1.9420531390886424
0,0,68.48655863591311,6.113058968176632,-1.8451507477194866
0,0,101.08542365746892,4.717829125086886,-0.9317509942298017
0,0,252.37772841421202,5.439033228355256,3.4260614069001747
0,0,100.96879828887188,13.602878205505478,-2.9249791298669123
0,0,65.48443029555989,7.2400328244166925,-0.898271875863756
0,0,61.32087743010546,9.194334576907819,-1.8750949023565369
0,0,59.376301311932096,8.777932590703205,-1.6216448721251737
0,0,61.95520358075673,11.197537924128737,-2.5712027075243924
0,0,60.98233738269275,9.893755304054617,-2.079388329343061
0,0,61.80656518329907,7.880300106939711,-1.4440354015383576
0,0,82.067655359812,33.544031194288245,-9.93927185974377
0,0,79.96273636390526,10.590942463552857,-2.1640161007683645
0,0,199.63320263058142,44.42026206449485,-12.200951164665469
0,0,97.45278375010876,10.137555304442849,-1.5127320584002604
0,0,68.94132162185043,10.23766696503173,-2.1394985645912072
0,0,62.75820461204949,9.76095504250975,-2.003220164689239
0,0,64.32862845541437,11.394297636160976,-2.911684707232922
0,0,59.65737887942467,5.924206085620288,-0.9083272360674357
0,0,62.24962935698988,4.979167820612855,-1.0551048481211325
0,0,72.15097351490795,22.39898165867483,-6.684066956808564
0,0,77.96900142857395,25.332510602873104,-7.020665251971792
0,0,94.78969424373689,31.692922523289432,-9.07020446153993
0,0,151.77135524775616,11.963825800738121,-1.7950536010609426
0,0,103.69472356683525,13.951837278142545,-3.160083279579524
0,0,69.32939457634758,5.95024813072511,-0.8037631146429192
0,0,70.09496961090403,4.432096261032362,-1.1307393336469573
0,0,64.87542323129678,4.298331729979422,-1.5446312751893743
0,0,81.51316906831984,3.4342194562984383,-1.1919961864275166
0,0,60.699491390093144,6.257946666119391,-1.4346722390155264
0,0,73.63673400627371,23.529253524196367,-7.172763803450138
0,0,85.24305535247915,40.16927113924596,-11.103590630570665
0,0,86.96157913052872,7.152622267296824,0.1204634560077551
1,120,606.0029181043539,3.557687014878633,22.615419145489312
0,0,105.03095011213146,13.758676542992102,-2.969158250551658
0,0,66.48037104045311,8.306158883200583,-1.3086447055324584
0,0,60.39931823226215,6.045029009859432,-1.032500102481933
0,0,62.80655290103339,7.123007867631671,-1.698621481398618
0,0,65.33629635270006,6.919054714093712,-1.3000529999669368
0,0,100.24726950914473,66.70880891901237,-16.703971844175726
0,0,96.85264148349758,56.7453464503881,-14.372539092039645
0,0,80.56623410379646,8.156428630105435,-0.3010215242171199
1,120,370.41092210126584,2.7370327480259857,20.455392504571094
0,0,345.19812259645227,103.57805650486577,-22.376357468445903
0,0,99.27689157589481,10.468033071271908,-1.7647448537522763
0,0,67.65298992320298,6.038160902146563,-0.8540557675166696
0,0,61.60260115292561,5.708250326132503,-1.1488527202881897
0,0,63.357434325961215,9.224536923774199,-2.320241418573076
0,0,71.247279945069,16.44238613479573,-5.081597621898439
0,0,71.49933153508366,14.351101708934587,-4.236001537422837
0,0,73.60018655406172,7.274685160000259,-1.635171788636697
1,120,355.0159200041215,2.2928011857590214,22.471653385940158
0,0,209.7514509295119,106.30481754906312,-25.776305662006294
0,0,362.8939364463114,117.36641197281065,-22.610288580867277
0,0,99.17425490333672,9.300441223310587,-1.22464572436688
0,0,68.66107725464867,6.93650361529972,-1.08712031184902
0,0,62.61415731823509,6.385459915111095,-0.9891716980309155
0,0,77.31726876028263,30.937924315885486,-8.983056245124018
0,0,81.2799976835344,38.515413113936276,-10.612161980867995
0,0,70.34578557055545,8.201867969367068,-1.0246217304043057
1,120,359.5907677396612,2.3070693963883246,24.094978478456156
0,0,201.37235803487968,106.08011432645715,-26.597088309006054
0,0,249.81521241777338,123.51495172711685,-28.03812234967382
0,0,219.4058957359483,24.585240990758958,-5.12764726150705
0,0,109.8349449317323,11.008897568918346,-1.463327109422579
0,0,81.41176802612499,24.008283844814972,-6.576533254493626
0,0,78.69242899807948,32.03233456071272,-8.549819756179744
0,0,78.46651835868542,33.04167611025767,-9.104957012280707
0,0,68.21868757643138,9.680044844085867,-1.8682627527278584
1,120,344.9201171007802,2.3177415631034495,24.144785007767766
0,0,182.28472560943663,105.6918435607539,-27.152748676331477
0,0,172.3905004961802,107.26304063158385,-25.80968966924062
0,0,137.5087913744394,10.679785211322528,1.5787284633724425
1,360,748.3318921897585,5.949093443934674,34.25208645728368
0,0,129.09554293591307,38.807262343541545,-9.78337943090007
0,0,108.44961058154084,71.32561400496787,-16.140956215997164
0,0,92.58378230373695,57.109608394385404,-13.678370497168572
0,0,69.71420274603176,9.991186683465228,-1.3987942065493826
1,120,291.41448835762344,2.3463743210677057,20.133927447255147
0,0,135.20619986055922,83.21119725413833,-21.66473069695212
0,0,148.17346035932582,99.74800870214777,-24.78587645972553
0,0,113.29940307699043,6.905839664452638,3.2976085395582118
1,360,438.175838596868,2.6456717091357893,35.38309519620093
0,0,178.41705520371698,10.684378689840168,-0.8611309789264112
0,0,131.94168711297942,40.38701104549786,-10.52212344283808
0,0,96.70342494706262,46.33324281548766,-12.237420999728997
0,0,72.4960034557423,9.647937421944293,-1.5590670314040267
1,120,323.28980678106075,2.310727935074084,23.026574000018854
0,0,148.2674816275163,95.38248945239657,-24.442329767994863
0,0,140.45372930027358,99.84231850155984,-24.152409902699965
0,0,103.06855371018725,23.78561113825316,-6.9916352209896075
1,360,394.1465425109061,3.0786000654236876,38.7328986875369
0,0,109.16937093616096,9.06739664079529,-1.4808117058040864
1,240,683.8488099389383,3.8850364333223477,26.454093853875023
0,0,133.5268648363238,46.85544822436578,-12.414111062709168
0,0,74.7051858485844,8.295323147137458,-1.0872735464501204
1,120,338.90590736081754,2.165506104435616,23.484745457329495
0,0,130.83947082078865,82.39224049869858,-21.21976911904727
0,0,139.3860653140202,98.38994181492372,-24.06639245196118
0,0,90.66900868304042,6.995592083410085,1.9807843529672624
1,360,355.9275884910296,2.3283230334352694,36.672548512663056
0,0,107.9465049746488,4.595060064025876,1.204217814314589
1,240,451.48591283705593,2.1044139682154674,27.086065052551845
0,0,238.75242106263735,8.39709892843096,1.5985168627223345
0,0,123.47419563511241,9.710949298277733,-1.1802552456116473
1,120,320.2503601365258,2.732109423457619,20.420824892142008
0,0,159.10704332106476,97.77573327285967,-24.485700444059972
0,0,147.64328424502614,103.61084798530132,-25.07717015247863
0,0,88.15802073996082,12.7380823247563,-2.174541732678904
1,360,357.4043141438678,2.57093473071189,37.20498062804134
0,0,85.69970579213647,10.200657425933805,-3.7981257388312457
1,240,412.4704193391624,2.17626445527617,28.200355368093128
0,0,114.59759714642709,12.456165477187405,-4.06508683371888
0,0,381.9714797797976,117.83582396454104,-24.036390173854734
1,120,474.0975403863605,5.507423716076738,22.226044740124053
0,0,179.19028774570805,94.77261989750595,-22.741415127800977
0,0,143.84145366636827,98.50396115673762,-23.527006656063698
0,0,82.65396763520152,9.458279101357105,-0.3281863202271893
1,360,350.67262259701903,2.3176682389129666,36.3314271547913
0,0,80.76591310410289,6.988066088498915,-1.7398363051447063
1,240,384.7978311989353,1.905623514526191,28.15025293748282
0,0,91.73175281995759,7.246206495642464,-1.745125540858794
0,0,226.1334609575473,107.21778809979828,-28.019274493737633
1,240,819.8319038883449,7.407839182562594,28.788311248589835
0,0,229.98817424854045,95.7829902418466,-21.278579502161875
0,0,151.54783084865076,92.62108148732511,-21.567727910499485
0,0,106.27364283974745,20.045001701344447,-5.236163778849786
1,360,371.87853356316776,3.042740926471218,37.76178232894742
0,0,94.40247149361812,14.380450336610851,-6.131164812303069
1,240,398.0380299752788,2.1903201385595192,28.915982091070987
0,0,77.4520941706062,9.76319582977091,-2.62905141141826
0,0,123.32425359094123,74.971583345188,-21.3775637705254
1,120,530.6443841991593,3.4488615074927575,29.78191610587976
1,240,753.6985636030299,4.231979880366261,29.775744450221367
0,0,111.8401916343469,10.4779212331811,-1.8573778120974822
0,0,88.81691212911808,6.938257981161859,-0.5848754128888629
1,360,344.38480575203516,2.254944695857796,35.269838974127396
0,0,93.86946136472385,5.632398368787475,-0.9817424618531021
1,240,364.3096967771905,1.9358818133902314,25.843321869668614
0,0,94.205467803089,5.807228056317175,-0.4075407077937001
0,0,147.97819675375777,89.41398517753146,-25.97381977888176
1,120,447.7294151558533,3.4078141744346073,26.938188378531606
1,240,520.7872279968002,2.5172697709554317,30.826405418640803
0,0,199.99792897284826,9.95740250629698,1.325917791304306
0,0,144.93042944237308,11.030402087503191,-0.5765637567667454
1,360,396.213151297523,2.6344018938650047,35.3825245294106
0,0,86.24094023138427,5.73212017029588,-0.2525993902672212
1,240,383.27689491842136,1.808164046310303,27.55169744975089
0,0,78.84687712545607,7.095844977670481,-1.875068482597726
0,0,164.99157988923687,101.51910240668526,-29.315089688121603
1,120,459.93816865246237,3.3324323943602456,28.127880685721166
1,120,414.42765783454445,2.359440240585982,28.275366347310992
0,0,90.1808610051787,9.281471691200409,-1.1737348491369488
0,0,168.549594524292,26.749596018210436,-8.434122348392023
1,360,700.9294839169517,6.634792394880937,33.38211550332849
0,0,142.27744036401637,6.881123771937535,2.3334035898738392
1,240,398.9443705147491,2.087360115186493,28.71281414580983
0,0,80.31456793976666,5.409876822864504,0.021849064267598806
0,0,111.03810882378278,67.69156424515266,-20.11457776844071
1,120,429.67660615554144,2.851310190990387,28.274288421151482
1,120,364.65943685028105,2.198421446349865,25.919590429405915
0,0,71.62433991885153,7.104636209690048,-0.49051460231738986
0,0,74.02608226733844,7.451537241509927,-1.7305841056088838
0,0,140.3492108420247,9.836295309811653,-2.5842329325702735
0,0,115.21149005185129,13.448140248619685,-3.5033499218667856
1,240,412.3047768541372,2.30612949307278,27.48143145921557
0,0,78.66379978264482,8.839780304504668,-1.9545074133924345
0,0,130.863956706886,84.67983972796542,-24.06783497079229
1,120,386.60062723497,3.196555675395608,25.553032127750356
1,120,383.3426440570161,2.189056931967168,28.206632702786763
0,0,81.22239917091372,22.327144708387756,-6.668400039833301
0,0,68.1368809111436,13.033007109329768,-3.199184522620669
0,0,72.07170612669694,7.264373748302311,-1.2697495366100355
0,0,140.7526838318289,7.794618647037878,-1.349774986050349
1,240,586.3331337369463,4.386416869651733,26.05333781641373
0,0,92.1322897706418,7.466995334541099,0.058757467327396284
0,0,145.11448168620487,89.18726046339711,-25.326424725010725
1,120,461.1404710040761,3.122809363188357,29.297737037994978
1,240,435.54918318212435,2.145917264931975,30.94674213607584
0,0,76.59286628975656,5.47995173645105,0.8129570381701825
0,0,65.25639981324906,8.501138960726578,-2.332658705214527
0,0,72.06807291998666,4.459256894864615,-0.9961887859712704
0,0,76.67329562395135,5.059407948742171,-1.2991494442155727
0,0,135.97022752314703,9.3367531673409,-2.6520048978737663
0,0,115.32260609607641,11.37876373719749,-2.1324392050367464
0,0,142.1481979624442,83.07310050429876,-22.91975378373099
1,120,432.2236824404687,3.148660765397924,27.615326796872736
1,120,411.43180967053286,2.1456190046863797,29.43248837583762
0,0,69.49653342107881,8.092851819085936,-0.9055584453439849
0,0,63.34434117853415,4.921049487945802,-0.9594970249337393
0,0,62.25379535844394,4.899113597508025,-1.332755377423922
0,0,62.46782014062824,7.885950356251882,-1.988942927027452
0,0,73.74650105955182,8.208622819407253,-2.1220509558720266
0,0,151.01220209027107,7.953389660013129,-1.2053751522897045
0,0,296.54992685209214,104.22287620435975,-26.87727513515476
1,120,429.9777372103054,4.115841131028061,23.07439376346784
1,120,340.3349082078826,2.4042264305200822,23.471842047125918
0,0,71.43073704583593,6.236146594643678,0.026118497291562903
0,0,68.46847762279955,14.232455497894763,-4.256059418312589
0,0,62.558775005027385,7.078747581353004,-1.042465635505664
0,0,65.28413914810102,11.350440294510625,-3.126044062326656
0,0,64.08137768612296,6.81718733396533,-1.2400114560917075
0,0,78.00960152165621,5.501565000450702,-1.1792248750179937
0,0,142.56236085529923,8.238438014547881,-1.8231272367741411
1,120,350.63550834188817,4.33086465803869,16.132433049265373
0,0,86.19019436605333,4.463421708884047,1.3485648085576116
0,0,66.27790903781478,10.386823258925066,-2.530648377748605
0,0,68.92754264289148,5.212963694064485,-0.9281790428384653
0,0,65.23288316014306,5.894956276391505,-1.7626682607096882
0,0,78.48324471282275,4.471618225315574,-1.2598421270556912
0,0,67.92443184107391,5.447341197556316,-1.6453486797309296
0,0,72.9873138938916,6.2470915273474,-2.032012417842111
0,0,108.6552013362916,4.946501780946248,-0.5227308562122346
0,0,179.88061969277783,10.476828364323563,-2.5326615633700413
0,0,104.10822896830436,8.741969895432485,-0.8165185741971612
0,0,67.59536873846554,8.048457518748357,-1.308190285680908
0,0,65.58839328694825,12.048489295263158,-2.973676029308436
0,0,61.73723385025674,6.163393204782013,-0.7728467128815879
0,0,63.31380183726273,10.50416001272931,-2.516910103166566
0,0,69.44066365736083,19.791297294918667,-5.717690302949876
0,0,63.801411052351476,10.593038858561988,-2.1011159389897216
0,0,67.72691235988856,9.971152258496344,-2.7959767315416713
0,0,152.49286135536656,3.590277474225819,3.5221553536497083
1,240,639.4133202091614,3.226788480002649,23.330316683123982
0,0,104.20346319474135,12.79807730547393,-2.622393632197742
0,0,69.61916690061639,6.423857875957426,-0.7831821225286859
0,0,62.052648338577505,5.844944666224249,-1.1518645727927037
0,0,61.0227334267242,5.41956418929822,-1.336078983082416
0,0,61.367820047850444,5.106920670497768,-1.3328346367003547
0,0,62.97459296240569,10.058026759380558,-2.964481953242
0,0,71.02839766186955,5.08575005899574,-1.4313380654535024
1,120,333.7368687893153,1.864748775331793,17.91009180485517
1,120,430.4583860855498,1.9584900302515136,23.28423005585303
0,0,190.8737849773537,9.280097257451418,-0.2569216628088071
0,0,109.15910046727012,17.090714566013997,-4.132319835942624
0,0,70.26006229709795,11.659537178620639,-2.408906129144782
0,0,67.10209149418759,13.277074235384251,-3.34226336844074
0,0,63.33170147344223,7.839540881546936,-1.452109279831177
0,0,70.53399247978294,4.91108281274957,-1.0654666775270414
0,0,65.70593687627394,8.047806851162655,-2.989179143779083
1,120,309.19729511947844,2.000618951522511,17.450314026208773
1,120,388.56335238260715,1.7648080165099616,24.016057374934164
0,0,87.22191171118881,6.214304107943931,-0.4694210668822052
0,0,157.04736086611706,18.290731499071352,-6.16970067250567
0,0,100.8934021645971,11.178298558997582,-1.8937472520775316
0,0,68.64505373613079,8.42523827099649,-1.4119829501481291
0,0,61.075848528256216,6.805974373143781,-1.155690153868619
0,0,59.585763330619095,5.967742154509876,-1.428394904321891
0,0,69.31592733899404,4.421919765844903,-1.7928501931760508
1,120,285.95470256083183,1.830378794284809,14.803339526682322
1,120,374.2120158361291,1.637117887009523,23.212505694631318
0,0,73.01372690991327,5.692125321387277,-0.6545231810679866
0,0,86.9413782744984,8.747580436875348,-2.840007901577067
0,0,365.21061868075594,117.94378605138236,-24.03858829778786
0,0,104.8271391185461,11.714887241080843,-2.2113021850893517
0,0,69.13849535325524,6.520709881456774,-1.0153431111096864
0,0,68.6350213244659,4.401971525001448,-1.1295768642592492
0,0,62.31056067077381,5.634637802371271,-1.9465973376042314
0,0,146.6728042872508,2.558118113441256,3.3387176842690565
1,120,320.6168322317829,1.753497816531188,20.017606533159466
0,0,82.18792527117769,18.841833407386577,-6.436867841512026
0,0,80.02311787885785,16.3671740156175,-4.732983620427717
0,0,182.8192547701536,109.11679168079478,-24.736133337835064
0,0,235.43283774345525,71.01906925391246,-14.67606513312252
0,0,97.07312781895757,10.868753156454707,-1.9141485898318393
0,0,64.84427174287292,6.764982315244611,-1.1251647645377147
0,0,63.70184645161394,7.351866879741308,-2.3421645344349287
1,120,291.7864471051357,1.9635654179102973,16.256500236644612
1,120,358.0271625354109,1.7110577750796492,23.180495514855195
0,0,70.73736136709154,8.464902822628579,-1.924293777215496
0,0,68.06007344760073,5.9373778175857534,-0.7772271088925606
0,0,138.57984484214796,98.36871615387561,-23.287717616555334
0,0,136.8474003844097,83.22589638539478,-18.425832069155447
0,0,178.77089892994056,11.72753509990692,1.0911782342633103
0,0,105.79746037150413,12.554880142737915,-2.7068206134560597
0,0,71.77834593995136,6.559457993514272,-1.4917864736144253
0,0,168.31306766622654,2.5500526781010233,5.602130125368802
1,120,335.60174108103007,1.7141519431115833,20.93342105260453
0,0,69.00163512045273,7.616189531400592,-1.7405866262949559
0,0,77.22188149705754,4.555109886470245,-0.07849846365058966
0,0,123.57862340489427,90.66645079123484,-21.785405587299962
0,0,105.93034164781581,71.37641841884393,-16.454680283981304
0,0,83.16630079361357,8.174582345991654,0.2531276329042811
0,0,167.7888203104588,26.80413297180141,-8.412901998114549
0,0,117.85512688204581,17.218682199373802,-5.365055214188018
1,0,262.5801809547773,2.808297092788612,13.943429216882592
1,120,365.20928102586726,1.8840030309139377,23.846495362881356
0,0,72.10451834767323,8.558231657178444,-1.6748119947576185
0,0,69.2464939814263,10.551802236285946,-2.403976202150531
0,0,118.35310859055079,89.6349919584855,-21.092964844655157
0,0,112.98794487304373,82.2153022330635,-19.181664381092787
0,0,80.59800907543112,6.483345227664019,1.607134988046667
0,0,86.60232810445866,13.455270518515142,-4.544843233978597
1,120,582.8384536600512,3.879637065548076,22.046939911188502
1,0,323.0719277390278,4.614287246060766,13.294729026926262
1,120,348.11733900582584,2.2881438587924374,21.806868846819327
0,0,73.7955351800676,8.351661394072478,-1.252893730488239
0,0,67.36902732885311,5.8841634067782005,-0.5351745626124966
0,0,109.45931330130544,80.04073325868418,-19.236934516526645
0,0,102.21249992568355,71.01962516408277,-16.81928880743658
0,0,77.1010561188313,6.410704193023463,1.4762515028940442
0,0,101.97977064717487,49.81259432628638,-15.479579825763025
1,120,436.17742753745557,3.182007027939319,25.222827414219537
1,120,681.5168013535662,3.9517397878240397,26.673388419914758
1,120,382.91668032738914,4.760990676572777,18.892156511496182
0,0,101.42971108647949,36.55981498975741,-10.105790315581473
0,0,71.54227252422106,11.899109193379177,-1.8754700629316687
0,0,111.98765108173319,83.79625300051794,-19.401143885444213
0,0,115.3492798414408,88.2771921969277,-20.171655015377283
0,0,69.33759621458437,11.980035635931413,-1.81438758055927
0,0,96.03927929484695,48.33662755547518,-15.186933441358775
1,120,415.22716735985665,2.799402304450794,26.412826190611312
1,240,540.1652675657813,2.237678089869974,30.3545273904587
1,120,681.1551357470615,3.7121558155821313,26.122039757227398
0,0,101.48065533283204,12.35257396332465,-2.3534933270133394
0,0,70.57209297199276,8.070263456159308,-0.9790582143578348
0,0,121.71987258470382,91.11782819068692,-21.150295721276308
0,0,109.13251741037276,81.83694399546195,-18.64150184428624
0,0,66.80712158715228,10.1993452613435,-0.9936789088841778
0,0,88.39393545087381,40.43484097898213,-13.344493437162939
1,120,414.8842289217931,2.522006739273525,27.147739337521628
1,240,469.5718684720663,1.985699622081719,30.13171371254525
0,0,164.63181874053979,3.744462905134712,7.255351816956008
0,0,299.08353589966583,98.88000189869412,-20.719722344020255
0,0,123.11393569984666,20.233103292964454,-4.816691984246361
0,0,127.2097102722566,82.53755686113956,-19.369915730528916
0,0,77.86505544127316,18.80852572465002,-4.788724027568406
0,0,82.62939672866632,4.672369931890599,0.6739204154482934
0,0,69.35809180813251,9.90836779995985,-3.7052180149944007
1,120,373.3371215226005,1.9248412208195411,22.710318919140562
1,120,376.5108777868028,1.8859713906058413,25.14147569288687
0,0,93.21253111366605,21.904174679619018,-7.164890715324276
0,0,161.4032526340779,95.49626332738202,-22.197553824760803
0,0,187.216863232947,17.56014460677589,-2.6213315578935124
0,0,222.78161521622025,100.5085948897052,-22.24424810648442
0,0,119.32406466277801,70.68009400305155,-16.915567692497774
0,0,70.86866693128862,8.020307346763925,-0.10594330910407734
0,0,87.1893715556136,33.66739271480836,-11.771043565331468
1,120,382.924524879787,2.5062206050947773,25.00181027990527
1,120,387.2819696877457,2.0388939533417236,26.279438112323334
0,0,87.8497139602433,7.558213786082417,-0.3714988728229258
0,0,129.50489934001567,78.82957104867342,-20.619105334562178
0,0,109.23247877315355,7.728409384773594,1.5649056455622201
1,240,697.5146550352742,4.28868677876974,29.847574490478323
0,0,202.6307965475833,89.7964802531536,-20.61998247055473
0,0,90.34216177984503,25.775213637784617,-7.261085057157288
0,0,83.69053681332295,21.493604335493185,-7.4319839090059645
1,120,369.1953792334661,2.3382630863100333,23.641108157880026
1,120,359.7463211327297,2.0062531823192216,24.359091523343892
0,0,78.832735392629,8.224363379781453,-1.1717903548884152
0,0,122.5178290700182,85.3509388173285,-21.695752777748694
0,0,83.4086033734228,11.827372415216947,-2.562484187116567
1,240,502.1201860093128,2.4258676705185644,31.0280515857944
1,240,771.6764185853438,3.913721759090858,30.209282124416077
0,0,109.71775276021634,12.79537807281258,-2.636692005666575
0,0,85.80238780892807,19.297002908357555,-6.840857657451849
1,120,321.32678689590574,2.4639705296998127,19.841925704965902
1,120,287.62615902449426,2.1979404396602966,19.04446113709325
0,0,85.80508012279294,18.43985801206271,-5.976725470194026
0,0,134.78916894493443,87.15744472167586,-22.37074062772257
0,0,99.248018635205,17.484289942076135,-5.234710692115144
1,240,455.415308080646,2.490864037865813,32.883236481640935
1,240,504.66535783643246,2.3748229789106263,30.67337160770053
0,0,199.13199014543858,11.378544441464722,-0.7004777095448702
0,0,147.37297593299306,41.866464889195534,-12.966801849144176
1,120,324.8317601138083,3.1082282274753616,19.475409674924435
1,0,222.83258213468957,2.5481331636006264,14.885039988831295
0,0,89.799153247461,32.43782410247032,-9.812335486557586
0,0,112.33092960154808,74.54244957216082,-18.924415189544305
0,0,87.79226281638155,12.484863437277967,-2.7169288131773754
1,240,427.0466406117513,2.1509168466584443,30.8578449316266
1,240,422.83379856446754,1.95534385844756,27.33580574864608
0,0,115.48455302607033,4.576925299622736,1.9664014362702318
0,0,218.18643059194966,6.3706290259246705,2.1633026147412835
1,120,389.6816318695201,4.654131836782101,18.67953029258048
0,0,94.80954368195748,21.83880108751335,-5.703730102393834
0,0,121.06303869014224,83.74573737114595,-19.56930036632825
0,0,121.89754262766859,86.29536522016795,-20.5327074392965
0,0,77.61528239899255,10.073842223235498,-1.5330805566369463
1,240,410.2239753224305,1.9907188321299483,30.33790407821445
1,240,419.3262860694882,1.7995200267039368,29.560338872678685
0,0,81.57593682356107,4.982719870012743,0.6353792712939423
0,0,105.16935204887342,41.497434391075004,-12.166388836188148
0,0,168.7367415120611,11.129391098332553,-0.49035608376451023
0,0,242.82644173901915,110.97445576003565,-24.073974922740106
0,0,161.35378207531454,104.1405654010912,-23.344720888167224
0,0,129.89447432224796,90.78487409673559,-21.48826784389773
0,0,83.26742410237814,7.666397424785449,0.22908036843396928
1,240,418.16751418204757,1.8939105955319957,28.131716834700597
1,240,413.55301291430015,1.8665062997744464,31.628889740687654
0,0,82.96220639856875,7.39139967344342,-0.78408567828005
0,0,106.03645849029606,67.08183908251408,-16.678334110224966
0,0,99.8907278010271,37.25070664706723,-9.854517273476176
0,0,164.51899095149952,23.475685803597134,-6.345804216840222
0,0,234.89355877427772,107.4206664335102,-24.020622861795978
0,0,166.3253351738066,102.35288824640828,-25.072282497098485
0,0,143.89727241782356,5.513622655946614,6.005137126280843
1,240,436.693036816739,1.9780109602741225,31.79696167834348
1,240,398.6682241326511,1.8696024983224246,28.690325647109404
0,0,74.13847928616033,7.084513795692584,-0.8562538914497964
0,0,73.83311988162122,21.853030943950706,-6.6117930646035745
0,0,96.76215706552114,63.5129391068139,-15.201326925959322
0,0,83.91548388775485,17.957398375458443,-4.44009417424239
0,0,145.8125561611471,10.642521180880404,-1.7452417877975677
0,0,268.2816515161965,111.34832339859912,-26.152253545943502
0,0,100.6270954811716,9.25583484685284,-0.9797556959904625
1,360,415.7362017252806,2.1322879900178955,32.09532529855457
1,240,407.4258280165383,1.8230470520751942,29.722957772115805
0,0,71.96786216392155,9.27822106062663,-1.9529803513331245
0,0,81.39388539403306,40.40915720715265,-11.212577419620246
0,0,71.88449112257757,21.054817940417934,-5.683751480780515
0,0,67.78193191922816,6.598869858705312,-0.5188577195704625
0,0,77.79082693101135,8.94941012185692,-2.4591300906456155
0,0,146.67236218097406,9.61038731435284,-2.1822721541071672
0,0,120.65819403727423,10.963352642822418,-2.440995568197337
1,240,447.2484488709743,2.107910291230589,26.386269049053894
1,240,411.8296599753814,1.8624454932990528,28.78415806250466
0,0,78.89739626961943,12.166641865291359,-3.181927136164944
0,0,87.74853397118684,51.99916590661552,-13.52410024151591
0,0,68.50670847968073,17.152606499942646,-3.8760111878078334
0,0,66.72320641500613,13.926006406706312,-3.436978203780299
0,0,66.38844127503343,5.943400328172683,-0.7908332846805308
0,0,79.15563167947953,6.470072421122134,-1.6605875966134533
0,0,154.72966972247684,7.999166516163878,-1.3925115879039822
1,240,588.921654651305,4.121810396972055,25.817515049261445
0,0,142.63195291768426,3.5556849260591075,6.2813292848972395
0,0,71.46342457017006,4.6127043459979085,-0.22421400140005687
0,0,60.951078201714296,8.235925589362594,-1.7064840016209502
0,0,61.08510441992219,10.145539293528422,-2.2811243236766217
0,0,59.364211405671526,7.829289934104524,-1.4613297756564236
0,0,60.35069220984798,6.987426701557903,-1.6850470093212238
0,0,89.6429820392109,3.5211235124717395,-0.5988831690107759
0,0,73.25445944563711,6.8564345017439,-1.8693776665497097
0,0,152.97875882564017,7.88263835897099,-1.4120622094245618
0,0,101.0965670028549,11.139871268475058,-1.9912731497546474
0,0,69.01676309035872,8.864587795854652,-1.9706234662674973
0,0,71.51126273652693,4.744790768346812,-0.8758520685362328
0,0,62.968675539932164,5.369896413181105,-1.423290606919494
0,0,61.87860583429384,6.473705691163788,-1.578707480104569
0,0,69.3134787503843,15.637045568722224,-4.992922343423217
0,0,67.98219472654108,9.187287332557277,-1.8362578569035009
0,0,103.41354397481727,52.69181192978748,-13.962800336582418
0,0,168.31238750272385,94.46266748930267,-20.46959591944737
0,0,415.9809245535536,123.30162661397071,-22.505159076604187
0,0,102.56501733307684,11.446463849463964,-2.2098596662582395
0,0,70.81882228259876,5.245304851164029,-0.6856562248515701
0,0,63.35809181734716,5.0500599041007215,-1.3007980371654213
0,0,72.79510535605652,3.936305158533823,-1.264476152751243
0,0,64.64429800504865,7.767607368941317,-1.7384888974453219
0,0,99.33981803595333,60.27083850532237,-15.012150884964797
0,0,160.5829414416413,108.23299558458186,-24.229249129227597
0,0,234.92947140722052,132.26969943440224,-29.992037884199284
0,0,234.84084610281815,123.0843740315694,-27.42890384728554
0,0,201.17794463369003,16.970134401248576,-1.7537278143278456
0,0,99.09265795512896,8.788648300706832,-1.0694349253005413
0,0,67.56350307836384,5.351103761579662,-0.7618930808783091
0,0,60.229492741695246,5.407837733530396,-1.1746225530330179
0,0,64.44065138430979,5.21983811893838,-1.1816132212145618
0,0,78.28176894726334,20.76533313393962,-6.35983310876918
0,0,137.32425168009735,96.97486164698643,-22.432261678091237
0,0,178.02167615959496,117.50782252483425,-27.157979788576178
0,0,165.36146413806588,105.56182555741529,-25.236021594309214
0,0,141.43496717745,8.025406198163664,3.5251037987330847
1,240,735.6858842493775,4.362818663412484,29.307036793096657
0,0,105.08963688635647,9.443080011928009,-1.2002180153696855
0,0,70.31992802139432,6.20061166141959,-0.9242689185343522
0,0,69.45166530201708,5.331885152834737,-0.7292276910836506
0,0,98.07307019245837,51.06882857776768,-13.621900904684665
0,0,162.14279441056834,108.44501394784716,-24.831170494232126
0,0,196.74155551518413,125.81584226318286,-29.570552903974416
0,0,160.35310285801913,107.35684505811383,-26.168565105033778
0,0,126.50544630943975,6.750959120217967,3.9113078330409508
1,240,525.870543294845,2.4393164551176088,32.10929606701413
1,360,791.4216557573181,4.1014312355014555,32.3519774035539
0,0,101.04605352672071,9.889363974689816,-1.3205230290941472
0,0,71.3440785475622,10.363111343787345,-2.0031514733163363
0,0,89.77843660077447,40.28679921278414,-10.819731457947157
0,0,136.4899517916218,92.98882689440259,-20.966202841877134
0,0,211.19190119553917,129.2834799525358,-30.29191271461439
0,0,182.20906875581917,117.47793332866446,-28.62413373592201
0,0,91.18266816028274,9.468420852158921,-1.0017157995146562
1,240,459.81592059890966,2.156739238608579,29.679026997163888
1,360,560.0918816718101,2.242034674849131,34.1762617494944
1,240,805.4095356000678,3.9055013276925896,29.975646913293403
0,0,130.73622200107812,11.76282095649626,-1.363735186606391
0,0,168.30971219294653,88.99780338951119,-20.23134781843619
0,0,224.02896706382975,127.88092581246194,-28.637877294455798
0,0,253.99114425897702,140.54444397827098,-32.84075894596283
0,0,169.59738640020802,111.22675234200416,-26.917311637657846
0,0,86.61820425421762,7.816210703425514,0.03829800610370171
1,240,433.5247445326751,1.9642156342702108,29.71924843797865
1,360,471.36192277848363,1.9079218330752679,34.11194548864346
1,240,483.95741724273034,2.1163834090699063,27.921278171814507
0,0,196.29974397594415,12.30640634564185,-1.7407504287995863
0,0,357.7226986794837,134.76476867099547,-28.306436136212604
0,0,304.8742439126399,146.05048152872826,-32.724353488638954
0,0,254.61041045607257,141.22406943011632,-33.03256111098324
0,0,149.01568415260786,104.08711138939044,-24.916474611482997
0,0,78.96750412266069,8.38290877986291,-0.6226133963753426
1,240,416.95441990285764,1.910826824695756,29.576919913308842
1,240,449.094684682715,1.7138428534470858,29.81026979103636
1,120,329.34172025119,2.0432821241260117,20.77827366095933
0,0,86.18388018153657,6.769599708728993,-0.7349449268904777
0,0,156.38733020309274,16.882932310442573,-5.6240428258663115
0,0,267.34075867078883,115.58155046704228,-24.78319221223027
0,0,208.6770193164066,122.9027718961938,-27.761459919350585
0,0,164.92133033546588,109.62905207331447,-26.316246272838818
0,0,85.22414113907477,9.185914703711436,-0.9105834834699493
1,240,428.6373163234092,1.9382631574842242,29.00254378884128
1,240,451.4437880441218,1.7063420143735726,29.439600574909704
1,120,276.22210696793474,2.1229658908592324,17.203796540689567
0,0,82.0716343163028,5.367843335847581,0.04672590916459285
0,0,141.00847065307926,72.9988025430178,-17.785945510738657
0,0,391.92499247837316,122.93133268364492,-23.14466519049408
0,0,295.3216875989086,122.92586021729306,-26.863658391463268
0,0,176.60308181412125,108.97996558277305,-25.902909146231444
0,0,82.96290923418822,10.02814027056549,-1.8144826916909835
1,240,428.3048524032873,1.9748665933733192,29.13461087918867
1,240,454.23703817279454,1.7558594194969739,31.91098935737432
1,120,378.9943134399937,1.934779468791155,26.53940853902941
0,0,101.71145748141639,38.25218242868296,-11.725326814683882
0,0,139.4935084753307,90.97245407134514,-20.799536435390067
0,0,217.14739015310172,118.89670993825368,-25.604957674257825
0,0,377.58070696020644,119.28489406860572,-21.911781861599323
0,0,217.1347617840682,100.2429275851989,-23.645826879342955
0,0,92.39415838721217,10.730407329980391,-2.2781547427861994
1,240,439.16416151053096,2.014870918023461,28.60885767883798
1,240,462.1944523678668,1.7299148391622698,30.556670249077953
1,240,405.9599849797434,1.7928700866593668,26.958277963131934
0,0,80.53299678063097,5.525590066285009,0.36946439885525706
0,0,126.86140987858008,79.72451422674288,-19.04524331449325
0,0,231.09579784057772,127.74801274447017,-28.384136646877494
0,0,332.759949950381,144.59922388204535,-31.04384547015114
0,0,566.8652218971412,147.267621577973,-27.201376884400098
0,0,129.1716985760992,8.976573914269684,-0.9832853757676929
1,240,454.7612628564455,2.076124593075565,26.933897809700596
1,240,461.93834813698186,1.7143240857495479,30.122424525347085
1,120,357.19325940897863,1.8850479570315435,23.022695579425317
0,0,77.8064990317195,6.866260845720192,-0.4820602794976736
0,0,122.43136895276609,83.0768402636263,-19.72730637587685
0,0,164.85987756299656,111.98106468621097,-25.43094657482115
0,0,159.6360291492347,107.94220402822269,-24.15257898915636
0,0,137.03831094356042,71.72597040216588,-16.58242510178711
0,0,192.80733111072487,11.062683682798772,1.7072447381355573
1,240,643.5337507085444,4.1523150651161185,25.764242247593742
1,120,427.60110989915586,2.337866684455638,25.996693853521663
0,0,100.07416789770647,3.7272416473385426,2.840261378722488
0,0,66.18232339356807,6.39620405233934,-0.8102306715999958
0,0,110.52957324492749,74.86317364236538,-17.866821676412712
0,0,145.63471607730668,100.68904910667717,-22.73809680609424
0,0,131.3489132843142,89.79943307470757,-20.523254449593722
0,0,90.55238331444338,31.763566432594125,-8.927870652918358
0,0,89.7022526204424,11.51163438996522,-2.7697736147523244
0,0,193.76722318997477,7.841867401707737,0.6512416944844261
0,0,109.78666465909868,14.60323223981326,-3.6828721829915594
0,0,85.08321692934362,4.832934116145722,0.09988246389352184
0,0,70.1550960645431,7.011599318224751,-1.1200076276176816
0,0,115.0749925729169,79.15248266149621,-18.72082981209394
0,0,148.7047247352298,105.50882638130842,-23.883588856792002
0,0,143.3759611011758,104.56445051575716,-23.929812866808767
0,0,92.77021511982821,47.373004202728595,-12.431733041836495
0,0,71.91708229041548,5.930654102124913,0.43566703048534805
0,0,102.98113002797298,4.200061973055473,-0.10956281606125629
0,0,204.1081796918074,6.128290545862434,1.2399267603243374
0,0,101.88323277402436,9.672128538868433,-1.2670388693559715
0,0,73.45575383426245,9.389440997654338,-1.637961715167208
0,0,104.49160312660366,67.24952180479418,-15.92962984921499
0,0,152.25438469526003,108.39762441073157,-24.698094169098134
0,0,143.60501749676988,105.86245022613757,-24.368914542209204
0,0,84.10135556895638,37.36491008900247,-9.94877768896417
0,0,71.51841012133451,5.5601110951643875,0.5758766904984753
0,0,68.80378689357443,6.028931078661462,-1.4895777817777685
0,0,100.84657290743591,7.086574995090284,-1.031839608511632
1,360,659.3696801323753,4.691018191240014,32.252110715246076
0,0,115.37734792198574,13.567922646192653,-2.2587626398184995
0,0,121.74173984131576,77.08618621730008,-17.49644307763299
0,0,138.215084491706,99.88814138274093,-22.093174641647963
0,0,138.09427611756732,102.00054949262218,-23.21140150125217
0,0,97.66976724352982,56.84634161106907,-14.6338727783004
0,0,117.15353822900626,4.458704594500608,5.165982179003507
0,0,75.0297201958706,9.521873961408108,-2.7555122289458325
0,0,98.36174291906448,7.011779808539786,-0.5837552151152607
1,360,491.7267435571881,2.928002105139009,37.058266423408796
1,360,796.047493083444,4.989330779026687,33.47397172076464
0,0,269.17135072196737,119.4127461881639,-25.7206762178526
0,0,170.1896160980711,111.33343655741504,-24.74443971000543
0,0,125.2271923666907,91.83363834089047,-20.41072741286338
0,0,86.24458477415293,41.42813693952047,-10.689571874185958
0,0,64.5152426484397,6.887110184461458,-0.22903824935904993
0,0,71.09889094089566,4.827970181256473,-1.1685988480239757
0,0,78.54219221639046,7.729950772063994,-2.3713953555840845
1,360,390.70006335423614,2.2886052371602457,36.78531861117446
1,360,455.5946445241924,2.533240682094196,36.231190589860105
0,0,234.07874557015467,9.851351811891872,0.29409939486930625
0,0,243.06093944263483,112.66183083684733,-24.566750980142174
0,0,148.73042357957365,98.25323123070362,-22.359232180784232
0,0,75.2781782553793,14.905477711564545,-3.219934601191298
0,0,67.9148868799193,7.8039554110346385,-1.2441857779839438
0,0,73.46249312096842,13.917012574308119,-4.849589867918553
0,0,92.2401750382291,14.928323273190099,-5.369916449809352
1,360,404.60718511709797,2.7410502368257705,37.5273122534463
1,360,408.52832771018853,2.390252193491392,36.182557097839734
0,0,105.57076187605277,7.625549759138306,-0.9490770720584436
0,0,194.7916627856313,25.26459390222859,-8.28212947594892
0,0,105.22598699653193,14.05770116507159,-2.884081343226569
0,0,81.94506155647872,25.34192678260848,-7.208515021073978
0,0,64.1546482994518,9.826547027896614,-1.7045976308418034
0,0,64.48621100293259,7.293702070818132,-1.8125276295389199
0,0,81.97617903672744,9.000709079196163,-2.9207572524088192
1,360,367.58121520884816,2.228487071802605,37.36039221727465
1,360,368.0994997979089,1.997033511414341,35.71677674999134
0,0,83.56440049174643,5.952556601854408,-0.7362817666863464
0,0,85.75395449950634,16.357712713303364,-5.763153423912868
0,0,156.8634446549858,12.659557305845604,-3.1575152790230305
0,0,109.89457259880271,13.080970605647165,-2.80082211530771
0,0,70.51723778549966,7.370114450591344,-1.310319718241118
0,0,68.01531868912278,4.883559844609885,-1.1435159290082453
0,0,72.3750477128447,7.092142670083326,-2.018142044466032
1,360,352.4688210470774,2.003696085780964,36.45798836740235
1,360,366.6647175610708,1.7688375755995647,33.93798722872441
0,0,82.37257832610354,3.7420923904596215,0.5974774853028322
0,0,67.3060895327362,10.70734788733152,-3.425475040793728
0,0,95.7439636380311,5.306297492098015,-0.2563985515843399
1,240,649.7817326443866,3.4836343203616105,26.99148231600634
0,0,121.48182669481568,22.62550061385004,-6.435567989378484
0,0,78.31751720735966,8.214117847048492,-1.6070875850199826
0,0,94.37592244489589,11.878270684056812,-3.8938181052468366
1,360,388.32071538907576,2.5185900576099125,37.794246928575106
1,360,373.3740770729141,2.1760361350276507,36.807342122119806
0,0,80.7367737660412,7.217014894540281,-1.2315835530308021
0,0,91.22674842328718,46.33830376392124,-13.638983920732244
0,0,83.15628538603625,7.10779840000946,0.11566034385580792
1,240,478.7992386151546,2.769175591391885,29.806285691407567
0,0,463.05676365659536,109.55827099137035,-23.82000178128426
0,0,116.21317817834236,9.102037244508379,-1.0462542289192385
0,0,88.34431185532235,6.804853528287413,-0.4921103557496025
1,360,372.8065259741408,2.1602890318795294,36.64787245793303
1,360,367.2139949337381,1.8872084261025122,34.493457373786384
0,0,75.71387965915333,8.189182207574834,-2.049032026468552
0,0,84.83526899246195,42.18530825031743,-12.43953215463769
0,0,73.10297569752646,6.951429713127325,-0.1921404142027825
1,240,415.43715650525826,2.2706489325560963,30.758369255749187
0,0,234.04401188728323,112.36616604198223,-27.610116972974254
0,0,416.57443522601346,128.76732096921137,-25.250647572787315
0,0,170.57254815009364,13.651838910813444,-1.2494750136980173
1,360,450.54696979368936,2.894425717445944,37.20265568926591
1,360,400.44263467850624,2.1275334238940866,36.25242150804111
0,0,82.9809789112434,4.587752913621685,1.0810436147831837
0,0,86.69380442754321,37.967448127296365,-12.22650963933981
0,0,123.0334383493016,4.367601656760911,4.519205347488651
1,240,410.7842033274913,2.2688307182450127,32.79904199426015
0,0,206.22709305178228,104.872056549865,-26.637991379598162
0,0,247.19767119396596,125.35531761456478,-27.84242062825283
0,0,469.21564417358326,134.88587045277134,-25.082443536337422
1,360,719.6468126594057,5.454006253664771,32.78138302747048
1,240,441.2574780506874,2.6355229643342657,28.085439985166218
0,0,83.2022474347315,13.18658361103831,-3.2349463081480536
0,0,82.61370195584142,35.26872805844285,-10.62849467576531
0,0,74.8772218705351,6.313160007165956,0.27090284663272257
1,240,379.80107804266805,2.0669753133935482,31.611368156643806
0,0,146.53635215254994,87.77927717464699,-22.992054095694797
0,0,141.37705125519474,96.55971948318076,-22.131044723928497
0,0,142.41306496645564,78.59190862144794,-17.498926534961285
0,0,266.15271708061516,76.89541517392071,-15.356225971871694
0,0,109.25897114158387,19.523422593859493,-4.914635314112701
0,0,71.78125363892542,11.072391354392929,-2.1731362015101183
0,0,73.70694388384037,20.909858948800736,-6.412535243646545
0,0,73.22664642640568,5.718989951102872,-0.04634033322511755
1,240,375.297579458562,1.9986046796067205,30.951339174109066
0,0,146.0656903447369,91.76209919962321,-23.94280082024055
0,0,123.80529922822888,87.99351917859352,-20.32009178828433
0,0,119.23931629034105,70.97670456716745,-16.341365938438372
0,0,189.29394653750552,105.79343794928079,-22.68925195600336
0,0,412.50982347808576,126.13717278084594,-23.23832851943294
0,0,103.51912802255374,11.789404472546186,-1.9766260354694936
0,0,93.6212300263827,43.57574066083355,-11.8834596390748
0,0,78.34871404001703,15.676784121383477,-4.1516590993927025
1,240,393.67378353229304,2.5034924939830234,34.02331248178233
0,0,150.6091258625101,92.74549707128503,-23.817095607814984
0,0,121.84487530044251,83.08452915104678,-19.374819237764342
0,0,129.5500735326536,88.18444183383752,-19.667507893782698
0,0,163.09693910822037,106.95778097157148,-23.772652289542123
0,0,186.47311577879816,106.27822049623956,-23.45151483723545
0,0,186.02268883519056,14.265435590709531,-0.5656629642810742
0,0,107.63387915668912,12.51858715019068,-2.7797655675348665
0,0,81.05694939888089,7.617445743993236,-1.4167490746377354
1,240,386.3484679524007,2.159811409383368,30.317962444263458
0,0,149.03620241827278,88.44914171025523,-22.849847101915515
0,0,139.2146527752803,96.64938707169014,-22.061513202688147
0,0,161.1284325708102,109.69171109108201,-24.545646876803474
0,0,194.85326292685954,124.43896106551956,-28.608419263380874
0,0,157.73463207742466,105.87736594577206,-23.93462126291248
0,0,104.33349912040003,18.29632850374059,-4.680107115142192
0,0,345.5828457456986,112.41084100475967,-22.20267925797026
0,0,139.88868347040193,14.800514471307524,-3.284668294231466
1,240,438.36206736390847,2.889681078289462,29.978627062087355
0,0,184.68910359149652,101.35868261468217,-25.317003439018507
0,0,170.4229575237322,111.33334992206382,-25.54469420440858
0,0,175.09121438031002,110.79966171934318,-24.7664315172402
0,0,186.95226829433662,117.60874548938922,-26.636797206499878
0,0,148.8775996255005,97.0205906732037,-22.10500012569203
0,0,103.92950467191041,15.907907384495227,-3.1782336538830833
0,0,229.7892944403497,100.4203856629413,-22.452372398498625
0,0,607.8759977023346,143.45155094525128,-26.039256237506315
1,240,644.233185510492,6.148241042834826,28.810556685509198
0,0,208.92060853884178,101.57648388764119,-24.08433146819425
0,0,166.99887841841795,108.49056970336198,-24.541129098046696
0,0,167.53777196161062,112.16303502182924,-25.04977814654277
0,0,177.09856958978298,116.76536478451894,-26.48513193906605
0,0,141.4462692276533,94.24651950762937,-21.712851645651554
0,0,86.68018982143074,10.835358838366934,-0.6800605199352816
0,0,181.7623600393597,109.719477721147,-25.167182270749727
0,0,268.41235626929955,132.22678605709953,-28.482222643441418
0,0,379.88215353219044,106.97685518806438,-19.63010808320901
0,0,249.21306366882922,111.98812546733514,-23.939260572559796
0,0,170.86814720836895,106.12390127688464,-22.910749929928002
0,0,192.54385844189395,120.34582335999396,-26.6391221452753
0,0,246.9240867610615,138.62781010330187,-32.24080321101389
0,0,177.23427354463087,113.04945183741647,-26.757958220409847
0,0,91.95142862724353,8.9431146196685,0.8015965418811959
0,0,156.4037901598582,101.98013242818543,-23.7583803358321
0,0,207.31621619654598,125.49038212711177,-28.513757267558937
0,0,198.81902424572755,113.83007966955537,-24.373220962895495
0,0,350.3495222611177,117.28195694459947,-21.6565035840582
0,0,299.4179042775953,117.42660910268111,-24.562946534873305
0,0,271.59017084240133,138.70415028694907,-30.76352654520838
0,0,216.31405382958835,128.48569832085596,-29.035135355850436
0,0,157.38429119324005,106.53870411889805,-24.665333668171755
0,0,77.05519609466145,13.436131325508832,-2.154415160416221
0,0,115.91812325086921,84.09548428400814,-19.280685637118637
0,0,135.71741074919183,99.64849356205008,-22.14275924498557
0,0,137.10191756712166,97.25387079558011,-21.199642546784602
0,0,157.53971988966637,95.61251352948976,-20.239675326413604
0,0,320.9204118751566,108.53519412885124,-20.00134796612599
0,0,308.1776620125744,125.87068244050309,-26.626218735071717
0,0,227.84933209793633,127.12432485106048,-28.121455552917354
0,0,163.69487084344777,108.52043002108138,-24.430858308718868
0,0,91.78264605404745,31.143661616187565,-8.122670379665678
0,0,158.8872711572826,106.70126091623115,-24.407688180241102
0,0,167.93129189215858,114.12802586200253,-25.880188153653478
0,0,145.4406881021019,99.95977437897201,-22.54564471500707
0,0,141.80298097664658,96.14853366708066,-22.402169572804837
0,0,104.684089397869,10.701124581269115,-0.5012780120572273
1,240,710.9264817354667,4.26181357576418,29.624390935941506
0,0,313.42523679652226,126.297448180597,-26.953316484966287
0,0,225.65838942302506,124.78974760259636,-28.602094373121375
0,0,89.02597738576183,15.2621184520095,-3.245979199427765
0,0,138.76630033035596,88.60092684558705,-20.681899817305577
0,0,197.55061000165097,124.79467137839052,-29.04688158061807
0,0,170.16875775065483,116.11505817944789,-27.399556779197617
0,0,152.12674067791917,91.49048293433336,-23.52835406376309
1,120,397.6103885090118,4.301602214487856,24.601952514243578
1,240,568.1486450825107,3.313165955681836,34.192124172684885
0,0,468.24233020121335,109.50169088741318,-23.138609781774463
0,0,224.13203450660623,98.3759068880266,-22.480556997198832
0,0,90.9316538196097,11.523544945854379,-1.5018312659145892
0,0,132.97968463445653,86.39143660505478,-20.223612113056163
0,0,170.22359026503116,115.8680246950658,-26.872635825507444
0,0,141.46422554412467,102.30423527708746,-24.033283210218492
0,0,148.11391204466403,93.43375717980163,-24.328888607609642
1,120,449.2713458164841,3.7295277827913544,28.981228327432092
1,240,494.92269582369534,2.8693314721079486,38.25243952169281
0,0,204.04501517452292,95.88236098969226,-23.39345477527109
0,0,312.3440488926234,99.70507366600724,-19.806491676986965
0,0,132.15922607326104,21.681180700296444,-5.326841675042942
0,0,163.77802083165338,98.05824393356502,-22.012256204359815
0,0,190.0523741872544,120.91987641676904,-27.54493942798605
0,0,196.76978230054635,125.6788717729091,-29.983129141528018
0,0,179.07920570965805,106.67193484984428,-27.779546886233
1,240,487.2739851703838,3.8660046320534835,30.962995571696737
1,240,491.30740008565414,2.8427908225078418,37.58076470947391
0,0,190.06490053176253,101.69892851736093,-25.21057408262189
0,0,263.59446344212677,132.35829852024662,-29.838026542182988
0,0,395.4576710229525,125.72969784562295,-23.755072582028887
0,0,279.2475195721972,118.50051925752668,-25.47128954652645
0,0,176.70659136317445,111.363195800558,-24.820840368536793
0,0,173.95064820262508,117.2078043035705,-27.467561238378657
0,0,142.64500072087782,84.37620448078836,-22.36087020583055
1,120,395.5834105824858,3.6125883332930813,26.007716176897873
1,240,471.1075869727057,2.7209797137938803,36.86195704753513
0,0,200.72915008248893,104.08885853563997,-26.15390742284511
0,0,276.00518015480554,141.26403720547768,-33.208014729251026
0,0,285.9802313643,138.40430533638775,-30.630687997903685
0,0,339.49597187153034,103.76726089231065,-19.579656911782394
0,0,302.56447667380615,129.41016971446516,-28.412421640661186
0,0,195.59933427297597,121.10115366957757,-28.302156135285124
0,0,165.43077279899146,101.40651254816645,-26.094906817467056
1,120,446.302114717545,3.7824800314163185,28.398524694987117
1,240,482.5755063821692,2.8576065956303824,38.705622928539825
0,0,191.5991113366376,96.42446726070614,-24.027634665784575
0,0,348.8952646759855,153.7536637821694,-35.91043901857125
0,0,501.1177156947936,174.45993146051384,-40.730993495286285
0,0,335.8355132769095,148.2503985629511,-32.9459624255506
0,0,326.9820290112578,96.31732820970137,-18.592054623694466
0,0,344.1099970248258,133.78843158045783,-30.126651839296116
0,0,221.74123712248368,113.90701186143589,-28.926676961977087
1,120,430.6151864450399,4.510166895574958,24.4104832381842
1,240,519.4968217994696,2.9668625724176163,36.60858099262843
0,0,222.53836607553643,87.47590905313619,-21.918793665587927
0,0,685.9466609024462,182.60182069329161,-41.84249916824882
0,0,1109.5956127527882,203.8056785113497,-46.75792171490452
0,0,980.8593435150618,199.86283148134743,-45.44963903633736
0,0,798.4430289399687,188.97197367601038,-41.685396714451564
0,0,708.5596034345226,159.63299862179463,-29.787194926229482
0,0,325.91664357273845,110.08175788148522,-27.878536438548274
1,240,561.4633633586632,4.473913610897031,28.315725170871588
1,240,531.1687902597444,3.0965435100928906,34.80229378639039
0,0,256.47024953786735,111.3636722949897,-26.368980111426758
0,0,673.5909467450194,182.57265345838198,-41.75777100174004
0,0,947.2452097690776,198.54692713171556,-45.62862761833414
0,0,937.4274577056419,199.65743350283762,-46.25464644535072
0,0,614.4417973708738,183.34726013361131,-42.4861584682239
0,0,367.4474723920997,150.06252132590234,-34.020099991650014
0,0,229.7081282623603,18.252005497077448,-2.1132109045736627
1,240,809.3552094234892,5.608829040998631,27.06363996127257
1,240,668.5781870743218,4.316045500722743,33.00847670631141
0,0,422.219384200358,131.24916387551883,-29.011637622363402
0,0,1097.196685540823,198.86053266389516,-43.93763888152577
0,0,1543.6299811259228,212.6812392159069,-47.50165641928203
0,0,1410.87131562167,211.50416801659995,-47.34723821298003
0,0,882.3540747608683,198.05356768498632,-45.432051402896484
0,0,350.3999223766681,151.38115468909754,-34.97696024838476
0,0,126.80615793004372,15.65776044217879,-3.9060821572871873
0,0,361.7630512624816,101.80488355189907,-20.14542019487736
1,240,736.8232536585998,6.947868187985898,29.135604262119998
0,0,325.76326670287864,116.19882012484932,-25.52087414986405
0,0,703.5684276189776,182.45709633908396,-40.321439678140734
0,0,1041.4792331032218,201.23295512161582,-45.53850453707604
0,0,1066.0695923145938,203.94488708152988,-46.97167605752148
0,0,746.1562758657749,192.86266622458015,-45.22292580202332
0,0,300.29218644397145,142.92786912559617,-34.01121766873755
0,0,128.91213684740885,10.18886057894312,0.8757198172030058
0,0,222.43616017319673,113.40453404399109,-25.370149425843913
0,0,448.08532204470174,133.98198939430134,-25.13734907909968
0,0,402.184261343531,117.94237822692509,-22.71389630702282
0,0,758.1593479191662,180.478243842716,-36.11246563025175
0,0,1485.4781781679094,209.80832433420682,-44.09567659478496
0,0,1608.1729631092144,213.59766796107814,-45.11684518644301
0,0,1096.4039776505376,203.34825829615022,-43.67928798603484
0,0,469.3602922784917,168.39044646419293,-37.48099856878874
0,0,133.36744584734828,46.82260259683571,-12.762260076424823
0,0,231.4925145395884,124.99267647359649,-27.99017048743078
0,0,243.74518392635542,123.99005999318975,-27.397749667694903
0,0,207.73850704325838,17.045037881988094,-1.515580108400144
0,0,595.054507578256,159.97302793609535,-32.0406418343055
0,0,832.6587899762117,191.19030072236677,-41.75647114960651
0,0,862.6396716676833,196.42101112665708,-44.470092132711095
0,0,534.749261626447,179.07410138786983,-41.7167464002574
0,0,249.6371909569989,136.90350670803403,-32.67509649031062
0,0,85.73488158128467,14.011847600536951,-2.874992946195377
0,0,133.03735116342747,94.59677179337366,-22.019801687476416
0,0,115.15639680813223,78.48050277939575,-17.80329272437436
0,0,84.36368329589106,14.91997198631343,-3.2455089277209197
0,0,163.3838094015443,9.315149379082786,-0.74037682930215
0,0,632.7808645173573,160.9539567002475,-31.805569388303468
0,0,679.9416787140035,183.4132185143377,-39.98743580329281
0,0,479.03448449862327,172.49896916417214,-39.38467428995808
0,0,242.48803772430696,132.94246625427624,-31.14627487506369
0,0,88.21931480761286,17.306247075713024,-4.2327466231372455
0,0,125.82435324994837,89.71627035715206,-20.826759354869537
0,0,122.68039948322291,84.41314723846972,-19.836208621698248
0,0,74.06287911283474,8.62316846272173,-0.468300869108603
0,0,93.21335864592767,4.769349634287835,-0.23834857236425933
0,0,170.8431398635862,7.389102482958812,-0.6867869905287023
0,0,424.143340028341,145.79246701357945,-30.67976005792034
0,0,343.875227255809,154.69315196998951,-35.41750972656808
0,0,196.0269530671262,122.37633218452495,-28.410244652535113
0,0,90.94813644849191,30.483157308317036,-8.055801970113535
0,0,134.01246756907958,97.84922892914192,-22.541528516584222
0,0,125.7444340383806,93.49898637965528,-21.73811950297896
0,0,70.43881493363784,7.757548643684418,0.017986495529342506
0,0,84.37944608506625,4.103561923670443,-0.5009081354338605
0,0,109.22234433696325,3.820084286102283,-0.10993797663638816
0,0,169.17254494036052,6.86708027175045,-0.44027478896126127
0,0,347.2034259793587,135.2678168378358,-28.9945863100264
0,0,230.372784037203,129.31017807993578,-29.856520373351103
0,0,89.09041720961389,23.12243196391381,-6.034410371583263
0,0,133.31777123953412,96.55854990593933,-22.254921689044295
0,0,124.7460673769944,91.39153092401858,-21.222474502349584
0,0,70.56441846047058,9.880041649918258,-1.1033209079522805
0,0,97.60970880624103,3.644609120083438,0.6924036787128784
0,0,97.70638271209208,3.6325970383920723,-0.3353460748651287
0,0,120.8374284562952,4.259943244874631,0.4609031841021789
0,0,200.0415274533716,32.30340935505747,-10.23517315843361
0,0,279.21371544611276,118.7472134201165,-26.805777983858825
0,0,88.59798450168512,13.373657310314197,-2.642160895740574
0,0,141.0586327114037,99.71424979362362,-23.171026825836293
0,0,125.52011611518871,93.65409253678375,-21.593466039533737
0,0,64.68878636615472,8.462493276922862,-0.22966175566699576
0,0,60.9823090425468,7.187346799006405,-1.2694060797454796
0,0,61.290638494381064,6.9049539082316045,-1.34246728076306
0,0,88.0870060022493,41.4071459158819,-12.011362975433485
0,0,99.59127448290313,14.732349596479835,-3.764678324175776
1,240,701.4235546853162,4.5367883145910435,30.247178626455437
0,0,119.80995079699325,16.820977204903663,-3.465606654428541
0,0,129.22291488785282,88.54683028836477,-20.061151732171908
0,0,99.70345611661584,65.01965059788816,-15.1684184743836
0,0,65.18738588984132,9.016999232579645,-0.43707271419329174
0,0,62.194094006994064,6.506570721402721,-0.7001870921979503
0,0,98.84442094875862,71.56778147045662,-17.19308083905476
0,0,96.01278692641662,60.27442665278526,-14.86633495213185
0,0,84.0497991754514,8.8955256407548,-0.7128051690063728
1,240,447.5046891345598,2.374940748841187,28.78999154525026
0,0,201.55436978820336,9.681931870329558,0.18924465609785557
0,0,235.80085154265183,111.01619234048435,-25.010491965189935
0,0,87.37565700294594,26.50059338449132,-7.3390920370244
0,0,63.94905754470103,6.980631692422623,-0.3204611827506909
0,0,65.54512355211787,13.250697380745038,-3.2550041890378054
0,0,87.83971555675356,52.90509733506432,-13.374654233822255
0,0,112.25240472516086,82.02668985385193,-19.617981413914478
0,0,91.86869240516873,6.766288613899676,1.9263437979601008
1,240,401.7152659362996,2.2238096652884733,31.862176210994022
0,0,116.1514760125887,7.6005202647008305,-0.6947446218827622
0,0,355.7663897408887,104.89034382858434,-21.745976739249528
0,0,111.82579484020631,16.026451618507053,-3.739399898944839
0,0,72.4538956668957,8.722262157933814,-1.060737540699762
0,0,88.75791361328767,49.41174699543148,-12.395268490724746
0,0,113.87148859911507,88.44610947296265,-19.78753814201552
0,0,111.67154509385135,86.03555302148139,-19.775987423463093
0,0,79.34427502695458,15.324454392113132,-3.8107068279773273
1,240,401.91754656200385,2.2354781385425913,32.120656563303115
0,0,83.284824951989,6.284175518700275,0.27389356333020487
0,0,154.37915879741655,91.82215193724164,-21.6959482839639
0,0,181.05122642516554,26.71169846676254,-6.62158951117091
0,0,110.11222491966811,9.654202240779158,-0.5651821246707129
0,0,112.22210344111538,70.86344328467669,-16.353920607825643
0,0,123.77303680608394,94.4019361080997,-20.91167774364176
0,0,123.32496776261907,95.50862330415562,-21.995183756215766
0,0,88.4620821658156,30.980722179386582,-9.51567858276573
1,240,414.803878940007,2.5544586723039213,32.75516405882587
0,0,80.292649670892,10.920518681258315,-2.1575696796183337
0,0,143.66376095128678,95.6953224860278,-23.30539243520029
0,0,97.43454403217791,12.288231873369403,-2.1793818324931777
0,0,298.85357261940146,96.5336133640141,-19.69492103552561
0,0,124.86081095990063,26.972608046564513,-6.786765843260994
0,0,127.73667828203517,88.26245696760824,-19.8391306470228
0,0,121.1076234077445,90.58348300321956,-20.844006173421747
0,0,78.2688288366244,15.99149605919423,-4.145017172027465
1,240,397.0157442307141,2.2473187544346738,32.50902701783353
0,0,76.7374690504315,11.588266065471199,-2.834221974397323
0,0,119.50235818895358,84.69313825437719,-20.83144622008271
0,0,78.10961956472887,8.246133219129398,0.0017277759566951545
0,0,175.22705436785844,97.65590214290164,-23.628532505224882
0,0,288.8194832178723,9.56689275823571,7.386182462591009
0,0,135.96822104081406,26.735201915586398,-6.929860540936346
0,0,115.04084836508115,68.06610330768807,-16.92950147329502
0,0,81.95866482653281,8.130179923589898,-0.06031110168468956
1,240,379.56966374693127,2.012479872575035,31.26030240155535
0,0,76.00375400794755,6.567227199124953,-0.4448189874768502
0,0,128.83013180109944,90.70072229225367,-23.071841767305806
0,0,86.8909328147145,6.7748510744449355,1.9312790089061025
0,0,119.52364730658823,77.45385220863895,-19.502490080245494
0,0,101.4805193001315,11.641221923902464,-1.4474171306662384
1,240,697.4507650102535,4.441081068914804,29.908244824613263
0,0,143.06670209255452,42.78648539163596,-11.793896656703495
0,0,97.60928937208104,24.737374472398795,-7.985958695719205
1,240,418.4857400128462,2.5398759573006697,33.542610254157154
0,0,84.7559675960758,8.432331540377366,-0.62346939656085
0,0,136.1786976367259,93.8659087508962,-23.490816870443574
0,0,77.7706884233021,11.357103996941717,-1.3453945900393904
0,0,127.33767169923205,89.90047877267676,-22.270551618357246
0,0,92.29884480836652,12.55989687104431,-2.2138543337905503
1,240,455.82091224942536,2.7716699675456686,33.727685948584124
0,0,214.1799048071529,12.465724244271657,-1.2659186715823552
0,0,125.67664440927774,16.689536937882586,-4.951971717265238
1,240,431.40866518729484,2.350991263326301,28.173438917815872
0,0,77.19734459869747,5.678474387635394,0.6775135026466756
0,0,124.86322554033524,87.99349751975572,-21.648778446581687
0,0,79.9707963014123,18.701280184359383,-4.428120739548973
0,0,133.4721116743561,96.99619560222357,-23.931836620333733
0,0,79.88849651758508,13.650126057723762,-3.451620034113688
1,240,423.02519657412853,2.2905400933374205,30.507804263180034
0,0,112.91473660803598,11.693759044802848,-3.2243572688163624
1,240,708.2901679989847,4.16684182812171,28.56118586603833
1,240,583.5324018097438,4.2318648177904254,26.838279418609673
0,0,85.20174675574823,8.839887696242114,-0.27009983850402364
0,0,113.48318325542115,75.66385033869838,-18.647240215900126
0,0,73.22775169209758,8.839930111466147,-0.05118571699117069
0,0,126.84778393640923,91.06298801336669,-22.92304040172715
0,0,80.25835809429734,8.09521172995502,-0.17901507802517358
1,240,382.9735419962152,2.0316301206131406,29.397392368232303
0,0,85.82097894466865,6.350299950516493,-0.9003431849545791
1,240,448.04736892125084,2.0893197887819857,27.669212536944855
0,0,198.53222196875387,8.376524837420122,0.7744898693404991
0,0,111.39212259088202,13.361201673673634,-2.2575737506719804
0,0,121.70547579056324,81.49122562643134,-19.095763177292767
0,0,70.32622520182352,9.924636294505527,-0.5850920549111294
0,0,110.29096055212044,81.85256723713138,-20.07065227744056
0,0,77.02407294638354,15.878538000432734,-4.492172802811808
1,240,403.49421090550607,2.128205299091804,30.627137029780243
0,0,80.80628080798839,5.046911701780724,0.5840720996818334
1,240,396.9766121571919,1.7992550443601762,28.16464642208338
0,0,92.24247059005071,7.411207583066934,-1.4201519395726763
0,0,295.6955281321117,99.1605849228349,-20.74520155941815
0,0,219.22977873298137,97.94932163824771,-22.45638820183798
0,0,95.25306696601261,10.765228424008514,-0.9471114420028641
0,0,152.76108383265802,98.54722107544521,-24.61942141130897
0,0,79.1049821706448,10.63279997251262,-2.1466477513256166
1,240,389.9012339924266,2.0964798395794233,28.09648344434946
0,0,91.82054249720645,6.738178149784552,-0.6592628857987961
1,240,369.36020552228814,2.096769977760842,31.948970402641862
0,0,95.70900323399209,13.489128696712555,-4.688661833045387
0,0,162.86554748460037,94.50994151261663,-22.62367283068123
0,0,189.0878569961861,12.829682964539705,0.23401557937998518
0,0,113.44038963504266,18.053307319061734,-4.360354058197245
0,0,133.73920054580972,89.22273763972039,-21.366921891676085
0,0,82.33163248324074,14.283063177327422,-3.528977087914029
1,240,390.9033868973112,2.2738131533915533,32.4257942096735
0,0,91.35143372939126,7.3423284178174955,-1.1548869932007477
1,240,373.1659697132033,2.00666221849567,30.93353225667005
0,0,75.51056745213663,8.556811198399119,-1.7918039707271163
0,0,120.21223350066774,84.17567252117189,-20.41164153651826
0,0,84.93608622765029,15.462540312533799,-3.6752791443091013
0,0,151.49022099997168,10.941031405562041,-2.066009363480873
0,0,206.39450396191458,96.4386971171435,-22.818957119913
0,0,84.61047495481816,9.550879657485805,-1.5303910251899282
1,240,403.5915649748598,1.9696262826891722,29.42237489216454
0,0,75.73798578729502,4.9669576508007385,0.05724097317161636
1,240,375.59315584472057,1.6936699021614132,26.70570506889311
0,0,75.220171644657,9.34537338478697,-2.570669028396395
0,0,116.12798769962865,82.85515483908772,-20.85804563325422
0,0,97.80650277969016,30.074978460865417,-9.730191172460579
1,240,485.9475303074098,3.057858344032761,27.481685088900164
1,240,808.562410844737,4.296093198847201,33.53432501779385
0,0,133.5263433776384,15.824932376867343,-4.383862359587795
1,240,425.0822377274741,2.4129317040271134,29.618208712379598
0,0,77.07749978952097,6.326126882623857,-0.5803682020356149
1,240,386.37435950973696,1.761257095174542,27.680594169040887
0,0,75.7727988225751,5.588015800320371,-0.10872795168280902
0,0,107.47141076800982,73.81569448925354,-19.18119410938594
0,0,81.35873794503081,10.302786065793201,-1.828046595864862
1,240,446.3133600874564,2.1556560711054753,27.436961721183906
1,240,541.8970998763671,2.7559497123319088,32.97303195788979
0,0,475.522029482191,110.81610799684915,-23.957638156789137
1,240,614.88517328617,4.67365276680471,27.43630651116537
0,0,104.3431801142552,7.105276499082634,0.5340964839138138
1,240,395.4502799128898,1.9538590999935035,28.03045518312753
0,0,77.59742243901736,5.634662619789588,0.15518430303795583
0,0,116.82807999296223,85.14229923276065,-21.531273927291238
0,0,81.02374041586135,19.24590970997745,-6.153774841894034
1,240,447.12162104983673,2.2432297463475566,30.327864569866037
1,240,459.0037146882136,2.361939354610535,35.96670766834902
0,0,198.09773352322634,92.46429316046051,-24.019893676452774
0,0,194.51209291390305,17.15821252912763,-3.022542015206369
0,0,127.50640892819462,13.385268252280397,-3.176796419003736
1,240,430.59323983601934,2.3878236963025965,29.741620689740316
0,0,86.19209882386092,10.483892755254033,-2.2797452122666613
0,0,140.98128678508783,97.95167523195578,-24.88079208523206
0,0,82.95026952909629,15.750891639833691,-4.877452145561264
1,240,438.072635121391,2.188855234040117,29.38005043854838
1,240,436.80535448315226,2.2631691882881526,36.02967123754881
0,0,161.78297658157936,88.32602565656357,-23.789497527760396
0,0,99.61996604665887,19.281459082426743,-5.901561256375047
0,0,178.8699307359343,10.469134062193621,-0.9634441369001934
1,240,596.0781083055925,4.473465543689956,27.098661993553222
0,0,92.7471802492033,8.40047319487054,0.21093527808217516
0,0,113.0671272408169,73.42138090780291,-18.78398360355716
0,0,73.81650122003846,9.410671170960327,-1.568678539659686
1,240,420.3689313749005,1.9291646407033105,27.45049920559896
1,240,424.4374880711439,2.0569014720727643,34.36895690236264
0,0,151.83819264795525,85.43150247434751,-23.80789624779679
0,0,80.04872603473466,8.566686725986258,-0.907328569184358
0,0,91.25421569273806,15.478358483743465,-5.203186635901162
0,0,287.09488331253186,94.27455326336062,-19.273731956599434
0,0,109.97204322176074,12.454269426427961,-2.0828598856509046
0,0,109.9282293561282,66.50931658361051,-16.62971118610811
0,0,79.73660467137282,16.376458437422897,-4.836707593522021
1,240,432.223002276966,2.1479150671065184,29.24802561981508
1,240,430.01138263157253,2.1156862652280837,34.23776694800779
0,0,143.84671359745587,81.29818762469512,-22.700490921401816
0,0,78.12499125989,9.62091170462253,-1.6181310442032242
0,0,76.51825802153907,8.219670631590544,-2.2286335468697587
0,0,164.15506946937754,75.18490845833415,-20.318105022421705
1,240,812.3810301258533,6.550713237750827,33.408292200359014
0,0,231.75324388229174,101.90605920289508,-24.110280955298997
0,0,95.25865564279317,11.348681416390608,-2.525818845837847
1,240,443.1607569081882,2.12485630129633,29.134663718706292
1,240,427.2853780012005,2.2037734354164398,35.16579796392733
0,0,155.89212582889047,86.12517007270257,-24.043380842036278
0,0,80.2953363167277,11.534668563969985,-2.525744870513165
0,0,80.22897503098051,12.102671585385085,-4.224186621282286
0,0,173.85543664830485,89.21897622155505,-25.018618683000376
1,240,613.0139074575299,4.244147183728557,35.22481970511244
1,360,883.0924602594042,5.393210798399961,35.7390221869107
0,0,136.46011528596983,14.071668408100573,-3.7535397538608066
1,240,475.0746632743456,2.3207744772347185,28.236952017998945
1,240,439.8443703574688,2.2120062755238665,33.66835773819682
0,0,156.8737377959934,90.4924292490907,-24.25611273998723
0,0,84.39145663891817,25.72245812360304,-7.8154931279150475
0,0,86.62492653683601,34.189641441362085,-10.562249772521128
0,0,147.3496576609087,88.69596582587188,-24.417088330426267
1,240,529.3433674511864,3.4157085952013437,34.486482557460135
1,240,571.4920114521708,2.7179190492766745,35.58088407856803
0,0,266.74529819628793,7.943290324435346,6.2986183750635405
1,240,740.105813411118,5.175318377831851,29.223381268795634
1,240,531.8974720923082,3.2215109431910265,35.159467789716075
0,0,198.5341037544447,96.53320184609582,-25.81192478083608
0,0,87.00548368462829,21.79243132067771,-6.7888530042071125
0,0,78.18503269309122,14.491802934020109,-4.550560469785424
0,0,151.91488108288516,91.25404784125013,-25.637094668876244
1,240,505.35513431664174,3.4088808721964643,34.42972234762931
1,240,482.25918500917817,2.5713166933410827,37.21877174214099
0,0,112.71368027663658,19.280394189568035,-5.925613804797123
0,0,171.33200738115494,16.001729860056713,-4.2552034181270955
1,240,599.6238913336573,5.027832070578375,28.64020208069205
0,0,154.6905943292465,73.60950235335758,-19.0873035705213
0,0,84.83723013056141,20.606304922265444,-5.882311820104917
0,0,83.30683390933068,18.21205035603815,-5.994685622234144
0,0,149.57212591417027,87.68380501760609,-24.59253666474229
1,240,484.2460332890446,3.4045263177333513,35.93810035350782
1,240,459.99961008887334,2.318974537568032,35.12402304129445
0,0,77.73566000291284,7.1357721427109455,-0.28458315028454706
0,0,96.94786437387619,5.910440540518357,-0.5779851397908118
1,240,653.1395638245374,3.712473027310805,27.606925313570642
0,0,233.79974250134535,106.6937452995131,-23.92914180493495
0,0,94.35014991617258,27.941124491751697,-7.764915141646128
0,0,84.81117986840783,27.51892515662816,-8.365827271864049
0,0,134.58317009208204,84.9346487351192,-23.4739293606112
1,240,494.65421261706115,3.132341282338248,33.61601491203929
1,240,454.26415402443564,2.339696630637199,34.17630402110851
0,0,92.38617780211376,21.471012362760256,-7.311150500105256
0,0,123.56158530915154,4.375944821573404,3.2342750937350644
1,240,455.6768536195526,2.159268359148007,28.788321816493365
0,0,190.30435209288962,19.64742665990113,-6.058473487908856
0,0,138.05440720025047,35.41161141143715,-9.774555231457
0,0,86.62638888836683,17.089167764014146,-5.004393802699212
0,0,142.14081818843982,83.84999579672275,-23.542985326192948
1,240,494.22566426612394,3.121885027162484,33.628400494970165
1,240,443.94081375732304,2.226484306144398,32.666404237122435
0,0,72.75042994998724,9.290976311190152,-1.5837113824234876
0,0,70.03895814645634,5.273908956290774,-0.8697808079613338
1,240,381.35706541568806,1.8355249115857972,29.654118448556318
0,0,104.78475359626924,23.31975480572896,-8.609380460444598
0,0,156.81335061301164,13.01671966330101,-3.101447266873066
0,0,187.0100141757162,62.32107492128667,-16.497136836391533
0,0,225.5819390453211,109.92102042652766,-28.798488292223233
1,240,531.6426828441952,3.8193366049722504,32.847612078859385
1,240,472.6481119620975,2.4546843029912626,35.23519738637363
0,0,85.19550058758173,14.123720010053512,-3.93718878131196
0,0,73.8082939137725,6.766945147420616,-1.3602636302985474
1,240,383.45759168897314,1.9102402311718922,28.953582691811633
0,0,94.35768272696504,24.377020143721996,-8.410931084107204
0,0,157.70506763717378,96.32240359736016,-21.74402167709748
0,0,331.942801518232,116.55645085467225,-21.98088009879517
0,0,348.35272092199506,111.16807133077998,-28.609550029058006
1,240,569.7756868694466,4.149696150644961,30.546715283957752
1,120,398.6165317064456,2.5854669084269317,28.734689706105826
0,0,86.7700337521088,24.135520492398886,-7.650998425602296
0,0,70.10147650841324,8.410641116768035,-1.8552642313925531
1,240,366.36818894600844,1.9968390330998906,28.61996454544237
0,0,87.11362968155828,18.14771638814708,-6.462484439655739
0,0,142.73633534323264,97.54604851755875,-23.836905142971922
0,0,180.87482602073916,88.4257357262015,-20.919931276294506
1,240,844.3599601228692,7.556672398792019,35.028362378589435
1,240,612.5126723002702,4.2555329640267505,26.467113511017374
0,0,179.31983622085647,3.287358322373665,9.70339610053469
0,0,69.13868806624767,7.241455990550743,-1.2670705730665333
0,0,70.05586587752772,6.6093021989143335,-1.846249809686043
1,240,378.5628403859948,1.892575869652312,28.427660405004545
0,0,96.25672756666154,21.684772457565643,-8.037741422989924
0,0,201.36052318993262,124.18267925739508,-31.065335301968496
0,0,181.77383213043865,96.14068594818293,-23.364932003658097
1,240,655.9339022148145,6.560759328685674,35.61736448153508
0,0,824.9599739448676,145.38435675244753,-28.02248185245736
0,0,110.00901010813273,16.010859060191184,-3.8309707829858297
0,0,70.3614633392928,8.718701084018173,-1.6426908519944874
0,0,69.01484729649277,6.627164422941771,-1.6154150929973952
1,240,374.0141336010756,1.8739412598829719,29.32134573446902
0,0,87.17998529927628,14.935430981796175,-5.667709403230106
0,0,188.93970604923874,121.47457369215975,-30.920491616259817
0,0,191.76547932939908,110.47016581982791,-27.995480858951915
1,240,538.1729779778932,4.939719857358808,36.23085241694733
0,0,300.93639196949954,126.5270029828711,-30.79530423110696
0,0,216.33724740503058,24.124384239961227,-5.967362307671195
0,0,118.43411606372288,17.653104338631508,-4.802483437957491
0,0,86.41125317246144,12.218561709314324,-3.711247003955208
1,240,400.45845981600246,2.204576166092558,30.082657504383874
0,0,91.76174236239765,16.127219361391088,-5.502691589692901
0,0,181.87719431073296,118.24924786054757,-29.96650582928376
0,0,162.15786003215325,97.04108715337907,-24.67051722485059
1,240,510.6082184249615,4.528240293270986,37.11669636199652
0,0,275.65172185456686,126.99691312787098,-32.04374351398998
0,0,134.75403850001976,25.155346724344213,-8.365446827337166
0,0,497.5965999297602,133.56821895688995,-26.23838195966929
0,0,134.9954965434798,15.707924115436462,-4.269195322393713
1,240,438.54983783488836,2.541344471626373,28.8380966420944
0,0,94.91627833961937,15.581546601752116,-5.007537753997781
0,0,210.0501560677829,126.11213516434428,-31.694173117250266
0,0,229.4403478913456,121.2085742854738,-30.602154658387164
1,240,517.1362010027503,4.87495542006638,37.36869858944502
0,0,211.8281488080856,113.1981686373927,-29.144270095549366
0,0,103.68126766554008,16.23134241923162,-5.286609666324637
0,0,286.18072089278047,114.85927154394787,-28.45037626616992
1,240,917.520522996958,8.96300555483693,32.654325123393775
1,240,595.6474287756802,4.856869388048299,25.864351997682633
0,0,118.38107464657033,17.317410401697938,-4.18612631673831
0,0,199.44132850646852,121.33165424110246,-29.937909082346096
0,0,184.52206677129072,106.20019092324362,-26.387933646398196
1,240,490.1973732492406,4.6493389164663474,38.88094444801355
0,0,210.7673658092679,112.27825281933498,-29.533353883567692
0,0,98.0973633655633,11.58504702070255,-2.995493466135059
0,0,237.62248810771138,117.02164659264342,-31.895127086723008
1,240,587.7331369466793,4.655654723815209,33.56191781389667
0,0,221.72681765622633,12.487418277687288,1.279762472660451
0,0,198.5378899979431,49.34982798795558,-13.106266471958804
0,0,333.58258503478515,150.1804464781336,-35.66503116292213
0,0,262.1829427970812,129.16873142984917,-31.814150525965474
1,240,540.0716317235756,5.472881479585342,36.88183527406498
0,0,257.009891260913,126.52057752765586,-33.16795709094089
0,0,94.95446385226703,11.095548261811917,-2.7629995885930327
0,0,196.40720980937144,109.87466329401407,-30.60252453501053
1,240,516.1223946298527,3.8575621975677223,34.36801635894895
0,0,107.99662168873974,9.272546445121929,0.07576650805030738
0,0,312.6065920046673,104.89369372883138,-21.444130994827077
0,0,314.2752144537351,125.15365939538249,-28.210907572301643
0,0,280.88517190977524,128.16329930052788,-31.322040246485457
1,240,559.1799184473841,5.671069772461083,34.52845827025999
0,0,310.7969263172553,133.11170841287824,-35.02392929560001
0,0,143.12044634532654,9.497681039580819,1.3042430211752816
0,0,247.89565498044115,119.57975748647208,-32.82234437407115
1,240,493.0104841521923,4.200668420513991,34.82463433444147
0,0,95.73160733439865,14.495123955816753,-3.440645266303349
0,0,171.9239763496753,92.15062987138012,-21.296122222012784
0,0,411.41276509245716,123.71170060973019,-23.09276093233283
0,0,350.4442690370444,117.5106453933614,-28.215457054768997
1,240,557.5076684596352,5.411512516344509,33.4941141448826
0,0,222.4706444627838,110.70780658821558,-28.662637892414025
0,0,96.88255734155818,13.45110389959256,-3.9297542611823673
0,0,219.80041323963357,117.31079929694206,-32.425054608965944
1,240,495.72456324915026,3.8995176225233923,34.10751753706664
0,0,91.90364147314935,14.389778978543433,-2.960936421609489
0,0,169.05437786782403,107.16335944039632,-24.796882931246436
0,0,243.58663781387503,124.96545853408922,-26.85441675983097
0,0,418.82369058522323,127.05604175507645,-23.379129982043445
1,240,698.1013640727069,6.751511871807762,27.2104387091333
0,0,324.08822804476864,117.61365482595818,-29.01192823971033
0,0,124.40629169921844,20.257561535554846,-6.5225576872415445
0,0,235.3229006493015,112.82815627195836,-30.485860164050294
1,240,493.69200798190207,4.03401584670695,32.86667657681784
0,0,105.16900063106368,9.495345494904265,0.7157111899364708
0,0,167.30808074674735,106.50200682804514,-25.101788083739272
0,0,205.8858550224755,122.63515529628512,-27.45639096435312
0,0,255.10178324254295,129.55407103283625,-27.84094112175938
0,0,420.26853924190135,128.32244844071312,-23.60017882006828
0,0,350.3286865858182,131.27745031769112,-29.62212427317465
0,0,106.06507070164315,18.212564753436002,-5.960318799972029
0,0,203.513512741393,110.27686069242543,-29.56498361881693
1,240,473.85259083691994,3.854459117826483,35.35219464629489
0,0,84.899918533394,7.336553178962164,1.1296665389000395
0,0,133.8280525713797,89.39478100801173,-21.137196804857524
0,0,183.11462710726136,116.67263608026657,-26.204818298075047
0,0,231.30336106948633,130.86388202943255,-29.24556345083301
0,0,261.860205215048,131.57188055880138,-28.22803814391508
0,0,402.90904357201276,123.36059640969894,-22.5693115349505
0,0,128.7561300120052,11.976368072729903,-2.5347645761714404
0,0,190.56154458537887,97.84117906109135,-26.329704497977445
1,240,483.9238171656968,3.676154766119465,35.428780243137936
0,0,85.18312727986171,13.0908316940091,-2.3618789584601387
0,0,152.78165877861483,103.20680958567661,-24.154401952514355
0,0,185.60412755168468,120.71920728451315,-27.54519834162241
0,0,174.36290663767258,115.80514186930762,-25.987505213946164
0,0,166.15936394308835,110.19724280465721,-24.183035687114362
0,0,197.4511020812053,113.30192890970001,-24.01996765177745
0,0,391.92707831311475,126.9923358934817,-23.47698348472982
0,0,446.1311669571986,131.2361252551607,-32.352648617966885
1,240,553.5985420884257,4.705049508330833,29.852097553186866
0,0,84.19434525583445,8.00782012431823,0.5529496238017657
0,0,144.98960366710836,99.79583863563204,-23.405771666829054
0,0,168.36235684805584,114.92360551183894,-26.27159159649547
0,0,146.8365989947604,105.30588307108309,-23.796969035552316
0,0,103.39130262827884,60.183690561610874,-14.099998144091018
0,0,121.06382087817035,80.38304397056693,-17.820666357768857
0,0,170.37924568262505,103.71496201862611,-22.14456107253652
0,0,291.4798293981166,99.34672819453678,-18.535500487982375
1,240,601.5604982027907,4.771393235879819,27.16191089614817
0,0,101.26191475036232,13.9596109960111,-2.6122325929588044
0,0,123.9652963561817,75.37518134844403,-17.957420313329422
0,0,161.1308584873032,111.58217387037105,-25.39073041795814
0,0,142.73473695900128,104.44296609451342,-23.437565204582924
0,0,125.24754059147995,94.09041704396192,-21.118359516824853
0,0,100.85598183588999,69.17240786427611,-16.39015266505986
0,0,76.40423427833987,6.847303947932067,0.3274728342001083
1,120,323.99808370854356,2.490107106607135,15.878444055954233
1,240,722.293646258063,3.3593484638156257,28.09067109741092
0,0,138.7452265978305,19.05718362186742,-4.222633139464165
0,0,180.06980717105506,106.20099230024239,-23.529056829347475
0,0,221.35193420565247,130.33835198895147,-29.509708199431316
0,0,205.23695636877878,127.94373644209412,-29.67923322382179
0,0,159.56325165444534,108.00839343655232,-26.1322009490055
0,0,105.3718934039204,9.956252782990207,-0.2865329284848315
1,240,451.46246986832944,2.1488542935833816,30.75970081159329
1,240,510.13786269072466,2.016643784142892,33.38531757809646
1,240,561.8852461072739,2.8070230567773584,31.09770463792529
0,0,560.6512027922007,122.29356654566251,-26.01731198583741
0,0,369.52061074834256,133.74150409854875,-27.92855960988215
0,0,330.90419184960246,150.17729872703939,-33.627729585635514
0,0,299.57359370336434,149.26302142642336,-34.88808417974256
0,0,237.57687180879668,128.16201420948482,-32.028140004435855
0,0,234.88634904114906,6.409563494232442,10.961927731283737
1,240,485.83131303691437,2.280526039433492,33.52760383115218
1,240,505.7278639161237,1.990906090831797,33.60185392131628
1,240,493.42760575628415,2.434049522111994,33.649631413151155
0,0,261.6283601490928,103.18884718952432,-25.45820119801119
0,0,435.86976691306563,126.0508406533584,-24.668017915667015
0,0,290.029992875752,120.26690577464807,-25.7815631940098
0,0,207.43533549798627,124.42608127663867,-28.30828023537765
0,0,144.24706917120602,97.76777004016033,-23.423673695399792
0,0,111.33749412555649,6.15246722356137,3.56054854715471
1,240,433.0836358290546,1.9947360953168394,32.303777195578036
1,360,463.3300986962155,1.9104038005198927,34.77459531125231
1,240,454.2891840413352,2.3144699505305466,34.30950187713303
0,0,234.99936954318179,116.09722573632243,-29.717985726046635
0,0,240.83125012018618,125.45151173286582,-29.45661505212354
0,0,192.66485952902505,18.071045907223372,-3.1814410126028037
0,0,242.92758205187127,110.46255634814604,-24.32418589054118
0,0,151.1004873129221,96.31661346805383,-22.637828537452478
0,0,91.76842496881173,14.373413019227636,-3.7181161412462274
1,240,440.01822014876,2.189052645322186,30.07353740364212
1,360,465.0764411615257,1.912007005743191,34.422398790486724
1,240,435.3983229172245,2.1109244794916733,33.22866954415076
0,0,166.7042542611632,95.6927523039417,-25.062327531978276
0,0,164.79920697855533,108.41513919090256,-26.485496531737645
0,0,89.98326783961389,9.787417630048605,-0.8536806069415377
0,0,160.0529467042757,8.178783258074093,-0.4119897951775613
0,0,331.92647759416707,111.00029475353607,-28.266574004117672
1,240,534.9618807373924,4.294716960195059,27.125863777225632
1,240,535.7867830334723,2.328822314769235,34.9439353973311
1,240,509.2093034768327,1.9866878065565357,34.55059802814411
1,240,442.5832527501587,2.1728457430965133,33.36584093190055
0,0,151.29491205017013,88.27216012694453,-23.20329063529701
0,0,119.45380585091887,83.15805368577944,-20.355790166390562
0,0,76.06440758830122,6.625943857186347,0.8420082049594129
0,0,76.68809484816435,6.275548984093178,-1.1142217004379518
0,0,146.0308886455152,9.06781357342302,-2.13163076041711
1,240,676.4127183965722,4.269384693254111,26.056761817155703
1,240,574.040856162205,2.3026737803785413,32.92166137885653
1,240,523.8432026144509,1.985266670938529,34.27164764670778
1,240,459.87382518510657,2.208579892505821,34.40614535486584
0,0,168.2345654619561,94.44819216603688,-24.97145412956992
0,0,125.4577564580491,88.98829515971515,-21.88084432403096
0,0,75.01067561779487,6.709924647094763,0.5587672546920857
0,0,88.23838205780534,3.981443530195135,0.012660272152928087
0,0,81.8370856004244,11.311133113702306,-3.610994587168733
0,0,152.01563596975242,9.567270885445707,-1.7394611445695887
1,240,703.0611616786606,4.456073496933185,27.185931740859672
1,360,577.8212502544693,2.521786541089182,34.64914372851135
1,240,477.693791546326,2.4349264794301706,34.38198712740852
0,0,173.5184383048316,92.66701266269521,-24.23564799481177
0,0,123.10890248992665,85.1275567838286,-20.618481828254232
0,0,73.37610102006659,14.568269460887832,-3.0572364424777447
0,0,70.70610218611309,12.997002901286589,-3.4438684768783645
0,0,66.6982897586904,6.11971590222091,-0.7954091869066957
0,0,80.04274059591086,12.677387041616335,-4.048225743645318
0,0,157.6508359338915,8.325883767279182,-0.7158698610285086
1,240,718.5351080863522,4.91905236260994,28.35003915361608
1,240,517.3884056295531,2.991917109886304,35.10072081402262
0,0,175.00061660174978,92.81469705806944,-23.990187299645022
0,0,145.0864816220102,101.3902612002007,-24.93059333059191
0,0,69.96933774392535,7.577390430829097,-0.10364479008745775
0,0,63.44976085342414,5.150320017973718,-1.0375304245596624
0,0,64.41260030785241,4.810710794881252,-1.4943808939297298
0,0,74.55396849784566,4.5996436155761895,-1.5248006042253905
0,0,102.15917510707152,5.477262881982816,-1.1307763213092983
0,0,305.71798673774464,101.76541392980721,-21.289342911901727
1,240,632.1788744732304,5.484663436125039,29.8760444225737
0,0,191.88475733565667,97.72401918779585,-24.158359632384332
0,0,133.54711103658764,89.98415408272697,-22.260300751938345
0,0,103.9699857363797,5.1456723923615675,4.035670921718875
0,0,62.584201783970144,7.427346575811575,-1.2534432614715172
0,0,65.50887083742373,4.832789723893694,-1.2611578310444997
0,0,77.97079819382692,4.063283704967236,-1.1695552432929475
0,0,68.99842134790246,6.346048049920055,-1.5670616504204133
0,0,168.29605224260055,100.95917813177114,-23.531635397807484
0,0,195.95734966868278,29.601178749576526,-7.1034066526179345
0,0,191.66803457157832,95.83967142038018,-21.35426154325357
0,0,101.60091957616855,55.87793887478036,-13.747579697351412
0,0,63.06851220607078,7.351258627379639,-0.10901856902974316
0,0,61.49926164474806,5.858492720496562,-1.2730150187991427
0,0,68.32091615088784,4.34899761753868,-1.573550343184536
0,0,126.62940610780763,2.623789740179629,2.1697067642772083
0,0,68.9168187316655,9.469605771077127,-2.555535790549115
0,0,124.97066870164576,88.25075397558138,-21.035258807458874
0,0,92.62844070571869,13.795852133179858,-2.8272418741193093
0,0,296.14699799309005,99.23530069364678,-20.03842017169042
0,0,100.94158041270532,13.352633798418923,-2.6853730532528175
0,0,71.50048214500907,14.240854614704917,-3.505637872979861
0,0,63.56540565297144,9.586298174456696,-2.0130747347259614
0,0,66.98425883537325,4.775353644617473,-1.1322346919956914
1,0,223.927327964409,2.059080892626812,11.538428004359744
0,0,73.37627106094226,11.440974236532174,-3.1906562244762995
0,0,132.71571317905696,93.64505358180679,-22.464768549333016
0,0,90.57863195761857,21.99919200106604,-5.843754824095285
0,0,202.0076534185223,110.10512776747595,-24.366293702135096
0,0,368.58581670234247,111.96921730193208,-20.5399728729697
0,0,98.48880879742802,10.671311191031636,-1.7325074640503715
0,0,66.55020116006409,8.772470051318672,-1.825605410150672
0,0,78.04217568540655,3.997378568883786,-0.8658653997054557
0,0,137.50680756422318,2.567914902128461,3.3059466154391544
0,0,66.36317320090797,8.583668157276325,-2.0310877262837153
0,0,128.85779178354275,94.14712710094591,-22.56718738634204
0,0,83.7970277457297,26.92692414292601,-7.011159422751376
0,0,141.57132862368385,97.027304912923,-21.873763828669453
0,0,184.37986725499198,106.03930907603404,-23.117146369715925
0,0,211.3511047994055,18.61543538072244,-2.0283295034637803
0,0,102.00363305006141,9.915243578511108,-1.800099774993953
0,0,98.64265044568137,3.9152130603188344,0.32185070952500894
0,0,144.95610561460018,2.5473432928594546,4.197824833400915
0,0,68.46076343507305,6.314108483771465,-1.0485844516464198
0,0,104.2229045348603,70.31627606522923,-17.633746564176832
0,0,70.49653814290069,10.544470719689224,-1.0414881044296322
0,0,151.55483653272861,106.20344696852686,-25.018153695245296
0,0,158.35715172327482,108.29967592656838,-24.897938508700783
0,0,90.46560578755668,16.45930529692711,-3.8058825800183342
0,0,154.94753742845143,15.397477163769986,-4.222606719705354
0,0,105.29123734855804,11.043660003594084,-2.0415922223871945
0,0,69.78857295702329,5.9187828028792735,-0.7581995985964483
0,0,65.54917052495895,6.643770885602352,-1.0287220769718743
0,0,109.55777830438028,79.77004110380732,-19.28173185956757
0,0,70.64361216430213,11.132148087894713,-1.0900529050771013
0,0,132.30279725262355,97.88609227108466,-23.06993954467137
0,0,119.1811283026847,89.83122824860413,-20.395012940322246
0,0,74.96440749552342,17.60296954382424,-4.205560691320116
0,0,80.7036498034595,6.165690846492408,-0.35424148636718655
0,0,149.55455502368375,8.366574406352244,-1.5313051488448082
0,0,110.63047550055369,14.501167674015699,-3.205990252490537
0,0,73.19394756601318,8.499531694471191,-1.1406942987671584
0,0,130.0436115062743,92.92860088608171,-21.85501108386498
0,0,82.21827756748587,29.337834355424732,-7.308328869864184
0,0,123.6998738853097,91.8033304071898,-20.82820187370065
0,0,125.70688901303133,91.19035641888058,-20.958683778519344
0,0,72.65736657872971,14.376800822440844,-2.7248600247726245
0,0,69.92265018749389,7.768917728628471,-1.200413521584892
0,0,75.38077525173307,8.425298735252028,-2.155995061993167
0,0,143.80780824510117,10.276494041602055,-2.6799517187446753
0,0,113.5524012278797,13.237719224642447,-2.2213998169071374
0,0,127.93867550627999,83.30755742352922,-19.57482209591987
0,0,75.48710181129333,13.657360109550364,-2.0956734686745335
0,0,121.37557381963488,90.26330762357269,-20.80463016488895
0,0,118.80755983488271,91.648520254178,-20.56344418669792
0,0,80.51837326532282,37.64293376047606,-9.66328049129433
0,0,65.54608144905085,11.656798238089983,-2.1166243374121194
0,0,64.7255378674175,9.074735377004611,-1.865361863210353
0,0,78.24363444687839,11.739839124682854,-3.5449451901397566
0,0,150.14570779600086,9.51468593461184,-1.7780339924345157
0,0,268.6053639992503,113.14024568549166,-24.879000825584633
0,0,112.49217369592253,35.10327980626288,-9.374385712641327
0,0,162.74850268184332,106.90665889474097,-24.354283279779345
0,0,133.48247283171398,94.95563707695143,-21.51328735549231
0,0,84.63180374865713,31.85428447473701,-8.678658352000369
0,0,65.67197971340141,7.088569864297209,-0.3028550554786449
0,0,64.18598683283889,6.959406031374509,-1.3741287197228758
0,0,71.28963145917072,11.146775925476723,-2.98373138951213
0,0,123.4127201905263,60.046835585138744,-15.260449062227906
0,0,311.9873258075717,105.09329435842227,-19.919811306481648
0,0,137.98291068005787,18.89288148318792,-4.122417710340031
0,0,156.46149069700428,100.09416024793447,-22.684285041346783
0,0,126.44698625638232,91.6160608759221,-20.459297497462615
0,0,82.03215082497083,34.62316473885092,-8.974945379168858
0,0,62.315673233102466,8.747898099829808,-0.8211737356997588
0,0,61.365615184495844,8.380950459944781,-1.5399866815902925
0,0,69.44488633910679,16.09964044125374,-4.5424443198784985
0,0,88.55245889123745,39.22613704706214,-10.718807979286865
0,0,125.18172343653492,68.94630403682548,-15.872536750423137
0,0,254.20501033634403,82.88572989845464,-16.188733707832043
0,0,255.1155678895311,114.42894653484146,-24.84973301677315
0,0,136.32284695506573,91.56766059304232,-20.3951450391163
0,0,87.03689590239485,41.16920553357128,-10.409178973918515
0,0,64.35603904457336,8.276130709488212,-0.36267995733160774
0,0,68.62958568447345,16.684573454219123,-4.611568976833155
0,0,78.42648506852208,29.399816534510897,-8.142416507401464
0,0,117.95700403869253,85.88973850577094,-19.86605238125182
0,0,109.45571977079949,58.46680892809728,-14.897483847770715
0,0,113.73416358791906,9.198274680485033,0.6291230724073529
1,240,703.3416157629424,4.373446835613319,30.28291927617576
0,0,142.7051271745169,49.36204718228345,-12.465656012150589
0,0,94.62445418878406,41.33997464023848,-11.063770770089832
0,0,67.86433939560997,6.279672285340152,0.33134068689012963
0,0,63.450452352985224,8.42533754066976,-1.7188590166483095
0,0,69.07454297991346,15.461347271551418,-4.296402390017903
0,0,94.39960347084838,60.10657426960903,-15.211170928092528
0,0,107.93260696707688,60.819770920050864,-16.537490376000363
0,0,234.1669174322219,4.470324109756772,13.057035740850111
1,240,555.1235140057224,2.513198811899817,33.01916085677483
1,240,821.14353118696,4.162124262512482,31.517873914161342
0,0,113.88345947676265,21.02312023129149,-5.411997841644464
0,0,72.45133938573137,10.814325399504332,-1.9271576790706604
0,0,70.23975941654223,15.02127307807839,-3.747315258684793
0,0,85.1995135522477,43.79294270594665,-11.45143845903587
0,0,112.56181110254107,85.23108602853266,-19.803648910938833
0,0,112.05759456192796,74.95424183571944,-19.151635683227525
1,0,247.42597940970705,3.979735640589116,15.90216899936705
1,240,488.5083912393252,2.168013791750133,33.90661112315976
1,240,500.9415533475932,2.6279509443927607,29.632200616646216
0,0,336.29816049144904,76.05186841796059,-17.569578253975237
0,0,103.83148177511234,14.588135127412157,-3.289429134769321
0,0,68.02430251538766,7.439689406005243,-0.8112821780006954
0,0,86.6276075146425,43.58368223469509,-11.704592587968548
0,0,113.66989947297186,86.24336235060008,-20.27379380294289
0,0,106.62682907458506,58.73274335826983,-16.505046912179722
1,240,397.569533354616,3.0208449695156427,28.368913429311093
1,240,447.29442792375715,2.2118066081128593,35.779941109358106
0,0,110.6823379676349,4.739957688935962,3.632780167745608
0,0,160.67773356180155,89.69034472830043,-21.492389326272345
0,0,194.5513383480091,26.02260810279677,-6.034716840785478
0,0,130.59619900798805,29.854462613568273,-7.762547931256606
0,0,133.26035410384748,87.8041054223832,-19.828821657134526
0,0,154.46908774853244,109.941336416388,-25.71629582184164
0,0,138.9856643960365,91.95724532823904,-23.786485675255875
1,120,409.3646114088803,3.536431347315644,26.77960641824089
1,240,471.60306341230904,2.240086507511222,33.771532180307844
0,0,110.3479355815303,5.332030898764128,3.9120264504806244
0,0,142.7354057864456,92.49143168422918,-22.747581499507604
0,0,97.27604326393103,21.87110163429201,-6.117019673435351
0,0,169.72590329404403,13.833838124882123,-2.9201284621491084
0,0,203.96688706017895,83.73648904740355,-19.070125443342008
0,0,171.01685362217688,109.14635599439751,-25.247065053492463
0,0,156.61028779927923,97.65968521990477,-25.155636836149064
1,120,346.3161980343144,3.854625620142103,22.25153452342549
1,240,466.7826993244098,2.1392632638553164,32.757964553259896
0,0,162.90340991958425,3.1277123825962825,11.079094077661395
0,0,117.04183270974545,77.71130359400486,-19.824552224110562
0,0,69.64102282116997,9.719885373775115,-1.2214330816953947
0,0,79.97590886374097,5.373263460008082,-0.6598811081549769
0,0,141.13552519538442,11.225887537911282,-3.494383055726132
0,0,166.23313901101503,70.27768723587475,-16.850247480812
0,0,127.6968207007767,73.51388580406464,-18.865197942144007
0,0,179.36818450984038,4.601136270481529,9.570050293860817
1,240,436.2033190947919,2.020094758966361,28.94756955470612
1,0,230.32535396894772,2.9863239406362636,15.599895254851845
0,0,146.60968511419986,85.7626588847611,-23.510230109218334
0,0,84.81589000066406,9.415622922753313,-1.7361956623804673
1,120,321.61302236996045,2.370156176202503,17.579802548096154
1,240,531.9233636496446,2.0220693230128437,28.29785484601142
1,240,793.9963013362217,3.6374028186427725,30.08059676319658
0,0,222.66571535535942,81.00755489981319,-22.102527236267264
1,120,448.31000272176175,3.648637663915019,24.925182411448134
1,240,470.66665964601924,2.1441958385523288,31.633064062579876
0,0,113.22978834248865,4.000255584505444,5.181633244123489
0,0,118.09362621426908,80.66987917922053,-20.672800852370855
0,0,82.21714962967722,25.12338730426097,-8.090221631893272
1,120,290.74783743650613,2.717188740339464,17.790072124525864
1,240,462.44688371583715,1.8943327172562838,28.129022019301814
1,240,562.1923626008618,2.0273118898259286,31.353204841440444
1,240,799.5732793045293,3.6190983933434993,29.97553066635463
1,240,635.2666807428076,4.14534588282683,25.416748443896623
1,240,495.73630740563027,2.325045329314234,30.500565249265662
0,0,95.45315973244986,7.207478237519619,0.8886760669242051
0,0,119.0884220172661,82.11354179344677,-20.8841747747189
0,0,73.18460665390937,9.790891166161453,-1.802192219891836
1,120,328.7014143297441,2.152399348983563,19.394998497005474
1,240,452.1402301266575,1.7030656639299,28.357605772539728
1,240,472.32684806765354,1.778647337028163,29.011748432811245
0,0,244.51873387798108,3.6049637455473222,10.828486813478136
0,0,394.289376846474,109.11960732970932,-22.735856410547015
1,240,615.1227770697815,5.090581784729226,28.626178472714855
0,0,129.81436239768777,43.17535899499144,-12.030126288141474
0,0,126.59154367282375,86.49079291367524,-21.10787615652842
0,0,79.83005346861522,14.313524527795877,-4.019882626392246
1,240,414.6164712228952,2.1569725223407614,26.746602855533453
1,240,471.5885079133512,1.8196803436675573,30.56967933831679
1,240,448.0889495833828,2.0574578334688596,32.47587550447675
0,0,143.09747949105187,53.22787899486028,-15.883627765172236
0,0,196.2494798930943,108.63781370236752,-24.79363330091261
0,0,206.85721919280434,40.32661176647456,-9.848044432567335
0,0,210.68805874485255,100.43005272421458,-22.247085588580788
0,0,144.47861949964334,99.9231131861821,-23.10758241702613
0,0,79.11418138201888,17.592811548894073,-5.353863804355427
1,120,337.92286705035895,2.350462877929036,20.943323178207123
1,240,460.6318447367538,1.7657372032130512,29.967837232588693
1,240,432.96741855855913,1.967633669611186,34.49227376859163
0,0,114.08569475823342,40.063319714514115,-12.734350243216255
0,0,149.3483747938973,101.27050948598128,-23.940655535825044
0,0,110.83950108099312,42.54912979794606,-11.265025924813031
0,0,188.88404600260074,36.349980559304036,-9.452820692601193
0,0,187.86993355612694,87.49629723912254,-20.808291943460233
0,0,84.64764022221176,13.050353131056205,-3.656896276127995
1,120,365.43210258935324,2.2331843322513905,21.75085895813875
1,240,460.1026321874163,1.7276590486436734,29.325245290869603
1,240,438.3300089908143,1.8300833542003863,31.149846673915846
0,0,110.59505031812117,13.475411432769896,-3.7186445364224596
0,0,156.69203211624594,100.44280256006864,-25.425319166194278
0,0,83.63678689252174,12.763461067953369,-2.244300463845036
0,0,117.82444017201546,58.634368916963155,-15.003189302775908
0,0,170.76558988821952,10.02978634223861,1.1390138495675757
0,0,161.31180465113928,29.340992935937845,-9.86329920130514
1,240,470.05900157270315,2.772618444151177,26.436825899515767
1,240,499.34244360850175,1.9887634451794378,32.37737207572361
1,240,451.0310194864473,2.0746793168779227,33.01477517681211
0,0,120.76665744383881,33.76913510539358,-11.189143093554364
0,0,167.0109173124158,104.86214402176327,-25.86813545968363
0,0,87.15319252529892,19.671735095530043,-4.699530921820468
0,0,98.72884983359077,52.08968901921816,-13.684447041695236
0,0,83.5064562293452,7.673317423463891,0.06365569061107124
0,0,153.4365088629602,11.640091152078769,-2.9908013169701206
1,240,709.148398306697,4.520057313613088,27.3021892475342
1,240,570.1758043859708,2.3835490088038864,32.124482144379044
1,240,472.6942723918144,2.1587420042667858,32.881820382568634
0,0,112.02441391905437,26.573706401305692,-8.438259682621919
0,0,145.68601174146897,100.09062985737238,-24.158518150937205
0,0,92.5821272392137,43.295002415021834,-11.28943249800318
0,0,89.2138272091504,40.419383788402534,-10.714739336429886
0,0,87.37684162104648,24.346629184476406,-6.8692853179331195
0,0,94.6670097519366,14.300602323690947,-4.098349310062673
0,0,323.5603758224365,105.84337600964467,-21.18704560578324
1,240,717.5695933221466,4.926832397639523,28.066121857523186
1,240,514.2873134995564,2.7107691510594574,31.799497975189396
0,0,108.5108366328426,17.547669116200673,-4.610380087686636
0,0,143.20799472418295,98.03981948220625,-24.060210228399264
0,0,72.34692295200787,13.833766831207683,-2.8074587587211823
0,0,71.91236649013007,15.127911268458936,-4.192926762656413
0,0,73.08080236733831,6.325580899420876,-0.49020284916340984
0,0,134.60065029410154,87.58606590220835,-21.865568419486095
0,0,232.86993632103176,112.27255654499247,-26.990774419009362
1,240,871.0651743853167,7.657342225680145,32.68970646439426
1,240,621.132339025809,5.423561598550457,28.083262997040137
0,0,173.89626913058387,67.46175675643752,-17.364560925597274
0,0,175.21465271999247,108.91084501172725,-26.042664386393014
0,0,81.51167837664308,20.078377970400716,-5.682578443489277
0,0,74.88829153154161,7.55189707628198,-1.4512849833562456
0,0,196.1980822044066,3.0683800269477253,10.044337804046535
0,0,174.77338531155465,101.30297608384977,-26.202070643158642
0,0,250.37342260444285,117.56152200336346,-28.434603670159397
1,240,638.2592187777726,6.942110095710494,35.009551510315575
0,0,622.368921617959,129.17075292137756,-25.19376583206595
0,0,264.34339147495456,118.08614959226936,-25.566009665817774
0,0,158.57380647100294,104.2308394370591,-23.51495396209385
0,0,81.12829855031458,27.783567276145057,-7.203764748439653
0,0,79.64693644959964,33.923364079590975,-9.12141123806856
0,0,66.98157218953757,11.801444079010595,-2.151429727670518
0,0,116.99044635711614,83.93694159128141,-20.64777077287276
0,0,162.04778690529892,99.20374376696607,-24.720218075126958
1,240,506.34513496694467,4.414191621780892,38.69014094987622
0,0,215.33371150102383,99.49451366448743,-23.69156476579758
0,0,328.3777471909239,106.21885362181825,-20.908142779912765
0,0,232.03764291488918,113.5882804043093,-25.197670672418305
0,0,100.09411936045247,49.14027512239366,-12.29787997579345
0,0,85.40537070437036,39.80556510541896,-10.345026515572215
0,0,68.39430579282964,7.770955464285216,-0.23838556002658606
0,0,119.87583596828854,85.23961239101492,-21.186670445208108
0,0,155.74065341683823,95.10036865077168,-23.693894988524768
1,240,478.17353353690015,4.397676306729403,39.436298346136766
0,0,204.5799637693999,110.99053383729897,-27.29406796621469
0,0,250.10532482379355,128.05021128873955,-30.3066496560795
0,0,228.53300977873798,14.552285238588333,0.581768296713463
0,0,127.25150631949778,32.021566508517736,-8.474259245978587
0,0,96.06023966678862,43.08942755600329,-11.48293081153929
0,0,70.08393395807266,7.996335525572554,-0.34884657161785526
0,0,130.76336052483603,95.77493315418344,-23.54258902981077
0,0,135.5895966909753,83.17154714173145,-21.092098276566134
1,240,467.01590471737035,3.8953487474718718,38.57074477585488
0,0,173.99191145512248,100.01516324684995,-25.015458879846513
0,0,183.73765687573854,114.72341287401474,-27.890298515171196
0,0,107.52886191187157,12.361848458162722,-1.8053361711904046
0,0,165.5178904076295,10.785594048705487,-1.788538488537995
0,0,163.74591711432575,66.77115749343805,-16.092993785850595
0,0,85.84119680478655,15.934591072669999,-3.600669745425165
0,0,130.78756300947393,93.26327324783219,-22.396695398779073
0,0,148.7083976181444,90.745743796436,-22.394809027999926
1,360,450.33770615602396,4.169513987235803,40.6680192056438
0,0,144.78536190330462,74.06394086855266,-19.520883516330116
0,0,139.7166814566264,97.1795087857857,-23.74509119714987
0,0,74.59892163734523,10.356084855823033,-1.6832980212878965
0,0,90.86483342349818,5.143094990662868,-0.39218026002063766
0,0,167.63428716264437,8.438904095199364,-1.4942065235215694
0,0,169.0915488032468,10.663785647346252,0.5761990115559712
0,0,230.64006562164903,122.356969183528,-29.50714019887483
0,0,255.21727500530216,127.36732257199839,-31.43973498803934
1,240,519.917616286476,5.220023121511291,38.3377964784613
0,0,226.7597328387207,121.4551818127124,-30.63252152916521
0,0,144.80827207728737,98.18402402430661,-24.625439832366247
0,0,94.18871310880571,6.21004949999277,1.9029992990741817
0,0,72.82917021148364,6.884237229871888,-1.2661828691704642
0,0,122.65464395858717,33.021587538194275,-11.12468416600585
0,0,391.94231397557536,114.18953696136646,-22.151414357972243
0,0,255.47360595735466,111.88790280520251,-25.378936637624648
0,0,211.22733771403009,108.48405761279552,-26.193373258557862
1,240,491.9220411709313,4.840160497133935,38.29463716046668
0,0,171.89461595847524,99.10063325979289,-24.821759776143438
0,0,150.25849024080762,103.93043857632748,-25.78653539261814
0,0,80.18818222490582,6.293759103202845,1.065128352075078
0,0,68.52024373338455,5.485998613230509,-0.4866150459167926
0,0,103.26546104422015,65.52313194148455,-16.148211081766817
0,0,125.53743761239092,71.11232498988474,-16.144681401989587
0,0,188.08037614386367,34.29592496827359,-8.501767498853226
0,0,335.809553703223,111.37313720711013,-27.09311399674195
1,240,525.3372044202578,4.905928911803746,32.16469301729029
0,0,160.80383587520294,90.69288901258116,-22.28575354757743
0,0,147.31602357569994,103.39997032082705,-24.71511377772456
0,0,69.55817890654058,10.32081253600732,-1.2889514173142942
0,0,66.61790010069993,8.164031784626284,-1.2786265755707262
0,0,111.66846168597242,74.41068442257267,-17.85340043893642
0,0,139.6485744178889,97.89775916504851,-21.829035177001415
0,0,117.07869757159203,52.85936830884705,-12.892963907217535
0,0,196.87021977777903,40.72331864950255,-10.124754418456433
1,240,609.8154159139458,5.502681784274981,28.32390472819965
0,0,195.55754956179317,102.01255570837831,-24.722257680507212
0,0,142.29172379757318,99.06434748685825,-23.646608904203774
0,0,71.7239385277642,7.4350178654263495,0.4035458877222169
0,0,65.3313991754806,9.987569657551926,-1.9888425319439733
0,0,106.03873703803012,73.97120494468768,-17.422340938118225
0,0,130.53781830733925,95.66164299324228,-21.173064269420138
0,0,126.17568037121193,79.99273005449749,-17.582043096182545
0,0,216.64495337365403,115.58508807721697,-24.53771566520824
0,0,537.6737379669082,145.6111536627079,-27.292414089313084
0,0,198.33862476376746,99.35384673256176,-22.344051387371096
0,0,84.89564483938534,26.19347467423409,-7.081906252897056
0,0,62.439083232638986,7.809292509650223,-0.7270242831987588
0,0,63.3913518126294,9.302728938053654,-1.8345564244360304
0,0,93.79743204978746,60.50491278508493,-14.87183026196466
0,0,111.28741141964069,82.49588525720428,-18.55184375078322
0,0,92.39146040531811,46.81181649560922,-11.67498132229251
0,0,131.12682856462285,84.92566031743046,-20.16070138337399
0,0,240.84591897972786,113.3059935515946,-26.61965606698292
1,240,893.3033468274031,8.45074425986566,34.86429567636944
0,0,106.54678516637513,9.27140755123406,-1.1123511815140859
0,0,73.49859846690364,6.7961611147153285,-1.0526689463586933
0,0,65.2500856287323,7.156889509570038,-1.450545230109526
0,0,70.928413626972,9.253118467611563,-1.9800711720185262
0,0,107.28560143512937,74.0636232055982,-17.90201279514976
0,0,105.24743481898388,69.0382169248539,-16.116433395868242
0,0,139.65520601204028,96.88616870617824,-22.69846188392509
0,0,227.76678292082477,117.79111290370057,-28.984478110305083
1,240,623.3531182063722,5.8772519813897235,35.904272494325454
0,0,488.05966470447436,120.47100422288963,-24.262612000654883
0,0,114.6667811107105,16.680207393498428,-3.8695806185130834
0,0,78.51908932941528,15.002770113432579,-3.534530521216226
0,0,94.44361571750254,55.532310750907264,-13.449078694394515
0,0,112.58362167886112,84.44694946466947,-18.730404332687257
0,0,99.35105206980633,63.487338360529336,-14.800010789611221
0,0,102.10411587152761,50.890121507045244,-13.7936610406706
0,0,226.35544365271323,120.28111397224762,-30.846722365706086
1,240,547.0535554230694,5.124078982296569,36.70241340802369
0,0,291.7046687799939,123.56459378336407,-28.837610671071438
0,0,488.0719983359901,137.4677483112838,-26.823035370314564
0,0,109.56246009649055,12.072550459160471,-1.7753655967945434
0,0,115.73020541113038,71.38905996050897,-16.538758524423315
0,0,127.11964528844017,90.18015934524237,-19.935140050544135
0,0,125.35585662928561,85.76787144505931,-19.423500285350585
0,0,143.2103979685592,90.64895766990163,-21.78041225288456
0,0,267.7915710403813,131.64328252742922,-33.28391341236497
1,240,534.5760013101915,5.510431135951008,36.518648133633775
0,0,266.09859873791663,126.6595839486832,-31.842525346929122
0,0,339.35837479493324,134.5549522895736,-32.545005597922334
1,240,961.9253146806462,9.857956854970578,31.85152376424118
0,0,302.2895545860131,124.7781240263081,-26.674064918279512
0,0,193.09170747120555,118.43423599423323,-26.52434414509421
0,0,120.1495677699519,75.83377836049752,-17.504633202864582
0,0,147.85913413260937,101.02910729942829,-23.622403121180596
0,0,243.13999711376584,127.57807750305844,-31.576552351021057
1,240,491.584952138991,5.1472467191344595,38.59153184208783
0,0,183.47116881537897,102.05255236219007,-26.796335562059568
0,0,101.00000645758763,17.073055393590973,-5.277278207512381
1,240,516.9584969516104,3.4696248877214884,32.44906473323475
0,0,505.30099330182645,123.36253126587611,-26.21581948564419
0,0,228.07011317091417,104.75153233709723,-22.921967759519404
0,0,139.17240328570398,82.7096002294309,-18.95558522099023
0,0,161.29166047540087,105.46775400521906,-24.68266502995216
0,0,236.760811638252,125.28193747208417,-31.45236363275128
1,240,499.22926440165173,4.76221710826344,37.53483660075584
0,0,176.5257812320389,97.45677800774244,-26.039002607821722
0,0,107.56136239124247,8.277775878709758,0.736297466002469
1,240,443.3518375082146,2.6917120811464885,32.39320279520351
0,0,252.01146036800574,109.77667149217528,-26.93568393793543
0,0,417.9019330063583,125.77288556820453,-24.615093854815633
0,0,238.88228694742037,93.84549168645944,-20.976511831765407
0,0,264.67299870836507,133.44431596542472,-30.588268433155797
0,0,358.8819013371427,146.58224931449692,-35.383660731578665
1,240,545.0245823502687,6.339908671854141,34.73708982164338
0,0,228.18141059207335,111.57751722024315,-29.2729660246724
0,0,146.44600376727405,18.38676498099202,-4.377991889179853
1,240,447.82332306346007,3.2376233136141996,34.456681069520656
0,0,194.75516067765284,91.24300905358258,-23.25573914048978
0,0,363.3188799306843,150.01256160670064,-34.05261214684356
0,0,454.0964710489023,133.30314366061697,-25.32573781128162
0,0,235.46720867245858,100.16808186136019,-23.12488207509596
0,0,267.08048277042064,124.527921131994,-30.11200472501097
1,240,519.5332785632145,5.307142637998166,36.61204726498451
0,0,200.97958628418468,105.56419359034855,-27.684298371765443
0,0,123.64227537268903,20.318238769663306,-6.13609473929732
1,240,447.02512852091974,3.3509394200381455,32.81492555325768
0,0,235.02716555832563,112.15877545039442,-27.862716286971896
0,0,325.55647432593975,149.76479894144583,-35.103859633908606
0,0,258.91251262702787,126.61981832247469,-27.489880650622695
0,0,442.0912224723024,131.4862992710244,-24.348909500837067
0,0,660.2627348114261,151.62048484683393,-34.357844904345654
1,240,620.2749249142998,7.0582289911140395,31.220239479293454
0,0,227.8209012635233,108.65400729343247,-28.722748127662157
0,0,139.13424611320227,9.013123203064268,2.2689288104700296
1,240,434.42405671595077,2.766685953108871,34.059021427792075
0,0,199.28146741121623,108.00806855398527,-27.643664782713216
0,0,226.92181580141516,133.32631861706744,-32.18272201324248
0,0,188.42651135038992,119.04936864671026,-28.046486845313574
0,0,244.38546717568454,115.72650584885318,-27.277481641632775
1,240,900.5527108161601,8.130429000224646,33.33252033208737
1,240,746.9916526797964,7.586431190709199,28.58447752540664
0,0,299.55280337229834,93.97663594936387,-25.898993737975566
0,0,243.61561277909024,6.456628148780965,10.197107417398698
1,240,457.11580752587395,2.8515734812374443,33.78341050386955
0,0,207.70916932417506,107.40193153880958,-27.15690186241666
0,0,266.3620940788643,141.12625811859257,-33.810512044997644
0,0,207.003340985302,122.73429501652754,-29.248675698421017
0,0,214.09483902508134,104.90147647121569,-26.409397058456733
1,240,649.7129000979129,4.977294782368579,35.10113296226008
1,240,912.178246781317,5.639243915210964,35.30899305668618
0,0,370.0577131943115,116.71340523262667,-28.931680864296
1,240,590.8714113481572,4.631975296934194,30.79790378283485
1,240,503.7629169010443,3.0799902920752444,37.71549491150951
0,0,189.92220222889517,95.6720464550009,-24.35173641502991
0,0,233.37581926222649,132.9962668073819,-31.817817588488523
0,0,232.53389020646227,133.46393887247532,-32.02000800267364
0,0,192.03527751880515,100.44184235159265,-25.71605276006057
1,240,573.3812789415159,4.338956490087496,35.26999749268026
1,360,658.7407102693078,3.5303246831193293,41.64665991154284
1,360,916.7133049519484,5.324454366564747,35.958295617143406
1,240,737.8916091444142,5.1564038952677596,27.180563245869152
1,240,554.1384105326389,3.3151019399234802,33.39353940703863
0,0,234.72013975320488,110.42961325584585,-27.519449644684627
0,0,211.59691588928285,125.94647393359257,-29.862554646263668
0,0,221.82219925142226,130.27429958595187,-31.1918753787725
0,0,202.87080357557087,106.80954788563955,-27.51751043438786
1,240,544.2454777300377,4.1567348217055375,35.053524556881584
1,360,562.0273095908722,2.851315380086944,39.43126802405904
1,240,574.3661103491983,3.2901412574186106,33.68747507567288
0,0,454.2968018725655,101.79551971435505,-21.440030648259523
1,240,677.7676040939593,6.467770267153862,29.683391541319565
0,0,267.3116930171066,118.40639716804223,-27.980199670455285
0,0,247.57464047928147,136.74011243563916,-32.32980081054662
0,0,235.191493060579,136.3611405309665,-32.74936771628177
0,0,207.6026783917683,109.53150066784436,-27.657984291989095
1,240,524.6310133275166,4.3209255076155015,36.12087224496642
1,240,483.2811079998747,3.1689377242276358,38.395719157679835
0,0,174.45741535637333,78.4028486262551,-21.651758595375625
0,0,250.5798522275136,106.87572285474397,-25.771153809038033
1,240,899.5979426352973,8.859461870907658,34.02194922222765
0,0,243.42741153789194,113.33781760394156,-24.78411690378868
0,0,136.46523918435688,87.19214939945078,-19.71025506353986
0,0,130.7110899596532,93.04474279400043,-21.643357112073545
0,0,136.42313706353949,82.93233249779668,-21.820760508541625
1,240,502.82918844453184,3.464833546695991,33.136475153801825
1,240,488.4969644924798,3.2569206612590587,35.049318531278786
0,0,300.5982146759549,126.55235826232722,-32.50110652668099
0,0,389.6989533667223,142.82267936999378,-34.550106773169375
1,240,832.1711580890061,10.54024453896268,31.84632435570707
0,0,1375.390903912732,174.01396155090018,-33.132311552352284
0,0,258.85347443499313,110.52915005478134,-24.271700397686068
0,0,207.50570974839943,122.91360131509589,-28.683789551318583
0,0,183.88462887261457,101.88652293119569,-25.95991241784334
1,240,527.2892736730192,4.079199792172808,35.35510081976416
1,120,442.0290555281552,3.4664430690803156,30.694306624582836
0,0,302.1357016017013,126.33442703634137,-31.864606981343854
0,0,391.68185669827307,141.57462493958988,-33.37300083907766
1,240,787.9013108442545,11.108218681927374,31.992098016925908
0,0,1222.407531311332,187.66861701307974,-39.40625923290715
0,0,1990.0236458509319,203.7670535839322,-39.43755607919536
0,0,282.3983316542416,119.70666383677947,-27.258903267236462
0,0,203.09965592211415,99.57825395105105,-25.39290740608422
1,240,530.4275934187307,4.124748328075038,34.32876716525844
1,120,361.45094690320735,3.5688701947982007,25.933423815119667
0,0,258.54667535103994,121.99388042657841,-30.80386951691368
0,0,343.5171211716352,134.24469665764107,-31.52464280890804
1,240,816.2395523324616,12.275870091692656,31.636815668331124
0,0,1489.1066237336695,197.34232032994686,-41.55829653876075
0,0,1749.5354248572762,198.89303535982665,-37.774754583063086
1,360,1650.4940058860177,31.802920540884354,25.99955775537684
0,0,266.8580466329196,93.14294396460467,-24.301713243696035
1,240,563.9164410475167,4.036950619229419,30.778416568735423
1,0,288.11122896250623,4.17878938452545,18.495765018190568
0,0,306.22414174434044,132.93624294821385,-32.97405719707084
0,0,408.89557065741536,146.78704084554823,-34.179067680419365
1,240,821.5142656401673,13.213944137894464,31.236186445712136
0,0,1304.3301418041922,192.62177663052185,-40.32019266552483
0,0,1246.0074817742995,184.76308392164657,-35.54969306385424
1,360,1202.2490267951143,18.108869457642104,31.575046272229628
1,360,1298.2847579036888,12.90503225635736,35.80535691733486
1,240,783.6715100536367,8.243560329688574,28.115252041009214
0,0,427.3721668641456,141.96354547042725,-32.54009152278338
0,0,682.8086585663693,187.1606450704453,-44.61983139972756
0,0,438.1860410494086,152.76942843544583,-35.072885108677895
1,240,849.3188961883861,13.495777959918444,30.967265004720687
0,0,1303.2636454319518,191.46672524964916,-39.200872027905824
0,0,1353.5825948043548,185.0490383375628,-32.96110094734964
1,360,1306.6439673519253,21.34939437868338,30.867514563351634
1,360,1689.0467614809047,26.604702003106652,26.273805419744704
0,120,2791.7690046292305,188.96306467406026,-26.09111294010171
0,0,537.1716412692118,155.57661596402275,-32.56025508270839
0,0,583.6144295281699,178.52333158173425,-40.883631009844386
0,0,436.2293920290622,147.90198005880754,-33.10157480495088
1,240,832.2783518570324,12.41572571965224,31.364153189491958
0,0,1278.0771909268096,188.9157906507463,-37.83203790411838
0,0,1256.337260922571,176.44040115010452,-28.7311284751572
1,360,1513.2108020733085,39.59298361237075,22.673563750681865
0,120,2081.6266153796814,195.37813808638492,-31.122528795843827
0,0,2139.5408145540837,202.93272627326408,-36.80331590341609
1,240,1522.8530719530465,25.717936841211415,23.53384393710496
0,0,345.52938489438606,130.26180965615143,-28.956420326447173
0,0,316.3635204560883,132.03252072122106,-31.25397766383503
1,240,632.5117918356874,7.187283176170355,33.88580292111975
0,0,563.0701362732184,163.78800118770164,-38.93960174906622
0,0,367.55396332450647,124.6924849816303,-28.403671416542785
1,360,731.8390608550159,11.25865465215431,33.86408587937662
0,0,901.930359318771,182.1982587880986,-41.31003006520821
0,0,1129.6809316761146,196.78753641920494,-47.07323625236912
1,240,790.4361441861331,9.05167593435574,26.65079424217909
0,0,284.7671144129933,15.930069790278372,0.7438852207331479
0,0,805.227614535211,154.9313703073853,-31.91726684460712
1,240,953.3980595030082,15.681139352685271,25.67155116577915
0,0,1262.328141054391,187.61097562607017,-37.54033734707958
0,0,1026.418871449408,169.2058872682958,-29.704966068904277
1,360,1377.4618657457663,35.20870419927482,22.969190283880067
0,120,2072.2936838609735,202.31807733483134,-35.2392926015286
0,0,1731.8295899318105,203.22884590372308,-40.748552066992474
1,240,832.7408630388713,12.408830989617904,26.693520276129192
0,0,238.04509636405834,12.07837127182035,3.666227582401092
1,360,874.3336774254457,6.811660720518958,33.417792745627665
1,240,938.9545608019138,10.30703029555125,26.258524231248074
0,0,770.3369499273514,159.1668859930231,-36.04262763980918
0,0,420.5813237646783,27.360880617170928,0.43697216657064075
1,360,808.5839040114224,10.199088965096152,32.16826496868161
0,0,1265.882675519524,186.2676511877782,-38.34601317599087
0,0,1203.9102581341194,196.08015877651982,-45.6846824206047
1,240,706.1383573975957,8.580987876098055,24.519829335953617
0,0,201.6208217624176,7.848047390094535,6.4847614277465055
1,360,640.265837143451,3.9710653370806233,38.76266847176581
1,360,945.8332810259304,6.226561656463745,35.15996448118173
0,0,1539.5043813839193,170.79141527013954,-28.149264991042436
1,360,1130.0321681089113,15.265813088758266,32.23451515587756
1,360,1103.8486845972714,13.784594049779551,33.13685559832871
0,120,1742.8161349582933,189.8041495421233,-33.73970180743081
0,0,1486.272699827535,199.14499983961548,-43.144105573764286
1,240,713.3084143219373,9.397669551116783,25.84620690733084
0,0,183.36518800559926,9.480515508169416,4.071517250474443
1,360,554.4762250723154,3.4709068201840245,39.29310325337792
1,360,669.2764882704316,3.511133599147447,40.94040691899133
1,360,919.3538810463808,5.679093469415963,35.42621224258144
1,360,1619.5082959798842,17.407559899348463,32.18997144252121
1,360,1516.827639515289,18.150893017691697,28.922280561571668
0,120,2293.2398098487956,172.87093804462143,-24.52540405760203
0,0,1693.7233843485658,192.94624046005396,-38.8033603368266
1,240,773.7410322256861,9.706902705414649,25.720047275053716
0,0,202.0871872041052,6.968481986866044,7.498931425295368
1,360,541.9247598588104,3.2123995664751663,39.663930988057444
1,360,587.4746748156517,2.8933172812987356,41.54726877889361
1,360,656.3857575017777,3.074250700057132,39.3814509268439
1,360,990.0098098381111,5.960147122053204,34.622015920163605
1,360,2193.375120973864,46.01203142143249,19.1135435224338
0,120,2494.70804826544,205.11553282562159,-35.31453607462401
0,0,1641.0634935767882,202.49601190700542,-43.742100962609406
1,240,748.568271679065,9.170653345123654,25.570183835170837
0,0,168.28176880904377,6.568313299595676,6.6891024102988865
1,360,489.6283484628782,2.861389898246409,39.9848465143901
1,360,550.4599956215468,2.6980529315265613,41.81829323268646
1,360,600.8844610253361,2.762543023540137,41.04628674440467
1,360,750.1130590264072,3.545463759518676,40.121975630525796
1,360,1117.7017106895516,6.936561372200531,34.86186505855876
0,0,1744.0286397624477,207.08749781156783,-43.72648688515176
0,0,1146.170724947212,197.8021663349804,-46.455021822105486
1,240,676.6903157941426,7.650305810748505,26.12825368449988
0,0,144.69514955072927,7.537941565123475,4.483274475504885
1,360,461.7632287071522,2.724426401972367,39.50527505244207
1,360,527.3514859613999,2.6120574184765672,41.81449935532113
1,360,575.9763294255006,2.6796088518460297,41.487243086873676
1,360,644.1170135842301,2.8844795730230475,40.714095265011224
1,360,799.8841593694987,3.7341129136319244,40.09330490826346
1,360,1181.5157387748782,7.345394045818365,34.26139678028888
0,0,1226.751599570404,176.35796761342175,-36.50133277624782
1,240,682.6747117005701,7.732266462805892,27.68422952785336
0,0,164.36957036601373,6.703158516409889,6.152781306423549
1,360,464.7734056489541,2.7100582448311132,39.63362224074879
1,360,505.20967001553004,2.4805241989432463,41.60880568111757
1,360,521.4507048215715,2.414539647121181,41.43275497630064
1,360,547.7329934180375,2.446603300361359,40.96818993735759
1,360,577.6545648520732,2.510156196414115,40.64970502883561
1,360,633.3977728143101,2.525692577119433,35.46961462235713
1,360,895.290240451503,4.406595235646857,29.692025518499193
1,240,653.5674773562055,5.061363110079787,25.69727344295812
0,0,178.30363793964105,8.291030184994352,3.6493400725687195
1,360,487.3098071148596,2.8466086438966194,38.883829485675776
1,360,520.9079343464135,2.537592980428371,41.36357747982838
1,360,518.7271034355757,2.371059530229253,41.09273268039544
1,360,525.2918148425106,2.3256427522569996,40.73420598541861
1,360,527.027410724478,2.2873409025034257,40.83600660007144
1,360,529.566869178175,2.110241098036372,37.07519620485526
1,360,614.0694305252599,2.2089659161671023,31.424443079100016
1,240,880.2225330318599,4.128848616806845,29.375802141331476
0,0,266.3191984339604,11.141104919778323,4.232688347128686
1,360,610.7692318659049,3.8850675679016913,38.25592692985593
1,360,594.2367696710713,2.9830809809008727,41.179273242358704
1,360,591.6891945995754,2.7448897170523523,41.18505388558668
1,360,571.6184311752068,2.5634689744433614,41.28051375812473
1,360,547.658266121207,2.405277560992267,40.658772290059744
1,360,515.9234241331949,2.1659821476415204,38.1593574274478
1,240,511.1761549497196,1.8684624763700848,29.11615931963466
1,120,436.4540727061222,2.482879597554453,21.162512065211615
0,0,266.2407302378651,7.466815295451851,3.8725024912984765
1,360,1453.2141236305597,13.278124689017755,34.50137273352634
1,360,1022.9391549695725,6.246185917191712,40.76046722567733
1,360,854.5881681880702,4.321731396872132,42.8457048133517
1,360,737.9976239623692,3.447367047684268,43.20975852187193
1,360,616.2095423144025,2.7476370052600787,41.500949657745124
1,360,533.6592315970131,2.237649662645356,37.855614744342674
1,240,466.4578078912847,1.9399647299292164,29.994288695110868
0,0,122.34300437770642,3.960639765258415,3.0040216117402707
0,0,132.25775909268614,5.2191062307109135,1.9541426681816603
1,360,698.2125481332823,4.6754247304725665,32.19367020875484
1,360,993.0829699202634,8.356932613723075,35.00685669491679
1,360,758.4868239736015,4.349828775439416,41.42314875199675
1,360,644.6661775963136,3.183928798568654,42.94901663820856
1,360,560.3274903091469,2.559595652282711,41.79971485829016
1,360,498.9768330536814,1.9606940426109845,35.497323665398724
1,240,448.4284418596993,1.8206139298220756,30.352635735727787
0,0,85.74770266331065,5.44200635506967,0.13832849691615934
0,0,99.86917795404976,5.684059209208363,-0.14721625631953827
1,360,540.6608346938517,4.004238103306691,30.52587537820716
0,0,1148.20069559315,159.16599076106053,-31.368834923292546
1,360,1169.280141492029,10.432767971068797,35.17153633554122
1,360,835.3205871719284,5.0248783465728275,40.99998875906323
1,360,659.3709497709136,3.33518848147083,42.386413158267445
1,360,536.76290834832,2.445079285263782,39.65094303462567
1,240,466.3367387878033,2.0740496312913446,31.779556341238404
0,0,103.91191110930713,9.305246777948392,-2.1870065748862118
0,0,134.03837046247423,9.472159709034871,-0.9673067056384355
1,360,677.7798470370079,7.381310716058752,29.125184309244702
0,0,1786.3404323156142,195.6874984863549,-37.425110210998696
0,0,2332.6341544176958,206.83466697826682,-37.596431778988354
1,360,840.7432133693555,6.635881653932174,34.74721387321998
1,360,641.5383777127773,3.557215709543498,41.44734925106819
1,360,537.4621164291001,2.583361263289155,40.66652913124683
1,360,462.31910366579575,2.122635819195612,33.272758837655545
0,0,99.11273411451711,6.8547640638782505,-0.28489490343851287
0,0,126.21498248560987,6.319639609475712,0.9412355351039849
1,360,682.2931853197865,7.142610920747621,28.03371009741312
0,0,2016.8683389756673,204.4205873558361,-40.34836669632151
0,0,2898.691070008223,223.12065464527845,-45.58487385576626
0,0,3024.0852878590613,219.3177814643921,-40.39513495336979
1,360,786.4513836334229,5.970814099671772,32.92011846494192
1,360,573.6698496435965,2.715682774273391,35.13573227839974
1,240,442.20041138660315,2.1408786521748797,28.83266473968274
0,0,83.36731178077946,6.265103107110528,-0.021817513096195285
0,0,111.01663832921409,7.469783909908389,-0.5324057718890458
1,360,672.4155788681128,7.480802843641275,28.174855016888174
0,0,2251.6683979404397,210.05968236653715,-41.10695723107878
0,0,3320.53464120122,228.0286050486106,-46.73877531569376
0,0,3395.613083776001,228.48553433015314,-46.026786593504255
0,0,2827.304192172253,217.7438192819358,-39.783813438180104
1,240,675.0224641970445,4.460818136089667,25.809800479688462
1,240,521.5380831595523,2.496598892013156,31.03226817930073
0,0,105.16820710697719,5.984069759633729,1.1910766262816992
0,0,161.7450461302452,7.102755049381595,1.9531492852503476
1,360,710.6654349831288,7.798321405850821,28.447358977174474
0,0,1983.4811984626522,207.07012742364887,-41.63311729571518
0,0,2765.6739423729427,225.60674268379552,-48.184089357289004
0,0,2482.8666737487583,224.7578750733482,-48.88364758295765
0,0,1452.3256487190938,205.35541167391568,-43.87840578227018
0,0,736.4287134827978,35.59362867453733,0.4255799665710782
1,240,600.9065436670572,4.467679024189935,27.43068438649027
0,0,100.78780678080226,16.125084160964224,-4.505129052533007
0,0,127.69980208413021,5.629177519115675,2.8688581256601537
1,360,518.3685665811836,4.561663941034952,32.79295488182997
0,0,980.1283944708223,186.9295885887501,-41.714965708513496
0,0,1255.092833778023,209.50520167952448,-48.827175348497875
0,0,733.129603085047,194.55947733506184,-46.77152524871661
0,0,197.30325720783415,109.77746564956144,-27.33495518495151
0,0,174.05155045825128,6.302161378593511,5.841545979719456
0,0,210.0072150786455,7.752800845947423,2.189796348877536
0,0,121.09330596601258,13.291392532075976,-2.9935119842241846
0,0,118.3372494448794,6.588621167391838,1.1525354821273481
1,360,525.0873123493642,4.660436363486273,32.02429841896547
0,0,997.7862551972305,186.96119605271903,-41.67032160007367
0,0,1203.4415801365228,207.96530162932157,-48.337820649861904
0,0,692.0031994843938,192.38848206892024,-46.140822198462736
0,0,194.32647629401504,118.05264337018626,-28.89075137394508
0,0,92.62991439330787,7.176750663836488,0.6106873647086246
0,0,80.15743316655438,6.921542321860683,-1.2766979331774877
0,0,146.57087045031219,11.165250011672128,-3.1717660969260066
0,0,273.5764296472321,16.088942780281617,0.9547413158084765
1,360,796.4407182764741,9.488550034543199,30.07474214464392
0,0,1459.3841134847585,196.82546826381267,-39.56893097186189
0,0,1613.1450490024504,214.69507795494127,-47.76602573583024
0,0,880.4761886741352,200.5120623641409,-47.06013997792621
0,0,253.75732671886402,134.46218026764564,-33.08552215949695
0,0,120.26399394322354,7.102860184990103,1.8167282186507947
0,0,91.73317549528407,5.587482451439444,-0.3904576917461213
0,0,108.3779213483558,7.545847943373583,-1.2850043053478544
1,360,684.7651715540152,4.521682628899978,29.934220731476827
1,360,1680.6089251317555,30.07969286789413,23.656262531534367
0,0,1696.772874740824,198.51563733070108,-37.511206921013915
0,0,1473.5022219661591,211.27211522836575,-46.58146942975365
0,0,657.6607013154803,188.99408012979586,-44.462187340874664
0,0,174.9982020213152,107.17115662200584,-26.447647585264157
0,0,104.58963735946013,6.359267611819005,2.198916449619304
0,0,73.00760543838894,6.103505164576042,-1.074364852294778
0,0,78.79230534042243,8.515194644009927,-3.086012843775336
1,240,474.9957643080319,2.1809168187590906,30.333381015505893
1,240,741.4406116130585,3.5256267458318624,28.879755317788522
0,0,790.7932753692863,177.7284522343202,-36.970907001461555
0,0,296.92676010470706,143.55772256816746,-32.31130697937851
0,0,156.75680635382014,105.17880345007325,-24.283066177926813
0,0,73.90936054224518,13.95830785593655,-3.154334340062121
0,0,77.41243497036935,4.5236224485608165,-0.26596250427412826
0,0,84.09573855202989,3.747973667375036,-1.0972707831844275
0,0,79.07203958499716,4.540302912250562,-1.809499925179125
1,240,420.0403670588608,1.6463525611718413,26.449158642929007
1,240,530.9443816480854,1.8506114201808903,29.37890910496772
1,240,777.867992294695,3.5330295561030223,29.4608737647048
0,0,104.05138997159503,13.384844100040066,-2.894691518365306
0,0,67.23272256291115,6.377236776358101,-0.7589129320843568
0,0,61.23991530116689,7.0156053007669525,-1.459337725842019
0,0,61.7144200327702,5.432994473639973,-1.3135640646231792
0,0,63.05890489659508,6.472995461774125,-2.135593724238845
0,0,87.11817544096802,4.050700822654572,-1.1852908516411276
1,240,410.42231099981905,1.5987014259059016,26.340372644046397
1,240,470.80650126217523,1.6570660150465304,30.27768816393106
1,240,547.6433025241475,1.9448397733383114,28.757294451745025
1,240,786.661690188459,3.668386011734572,27.66224828852212
0,0,101.98254798147758,9.682029335099676,-1.4125694687937482
0,0,68.44013747685354,6.0562009091343105,-1.243171259245571
0,0,106.84150001209693,3.1242634382888577,0.5302286312238067
0,0,78.98177055212992,3.9784943184474635,-1.3376747365146429
0,0,78.51783102693527,6.8509561694568,-2.9152725104795394
1,240,397.7961638337171,1.8089915944047386,29.73040814410068
1,360,445.39486729340445,1.7313264990387374,31.681602443468535
1,240,469.5889179038674,1.8039763325821507,29.11590568995007
1,120,309.3079803934852,3.1019764941883374,15.25577261237909
0,0,247.8965845372282,40.606425901873294,-11.347138535199463
0,0,108.22346755295001,17.486242847284814,-4.421986071552922
0,0,69.0222327385263,8.48221816100146,-1.401985713413822
0,0,64.34644873918523,7.098533832138714,-1.6273145523661299
0,0,69.41140529068616,6.127695379048606,-2.1005928277652544
1,240,396.031638330768,1.6946975688926436,28.24533236549398
1,360,429.5876861136212,1.6815020347668828,32.72683150947631
1,240,441.9833031965399,1.634496152377193,28.9394956764133
1,0,218.64660654576267,2.57939611668073,12.129945268344272
0,0,110.2525993305679,28.427054957114088,-9.38165114631451
0,0,271.95725508481087,81.22025912627562,-17.062070539059818
0,0,112.0863994862675,15.019257001259449,-3.4890885360602795
0,0,82.04765855283249,17.106339612586577,-5.1852687554751355
0,0,80.89781381136483,12.587426156345023,-4.223663510057818
1,240,412.6546983041618,2.130953038525318,31.479639239209206
1,360,443.0963227523653,1.9048176252695599,34.95032897896351
1,240,440.568835176316,1.7978700068051765,30.882531554260154
1,120,244.44933452858848,2.5585127103925007,14.536732456562774
0,0,96.27420776868104,12.006352928766665,-4.150945765904794
0,0,191.76323478984017,85.45457635622158,-22.417963304622404
1,240,846.845549627152,7.131039686650728,31.837637539009805
0,0,133.3636596038499,25.518964317916847,-7.38293826874812
0,0,109.82867609144904,33.00644440076284,-11.443808432691071
1,240,444.47324574724,2.6742124170393775,28.79859381871931
1,360,476.5717031437979,2.1079960241302307,36.495758054599406
1,240,466.1979400890181,1.9338846880543692,33.05587375361941
1,120,337.94184361208437,2.297176045382576,23.36061486252912
0,0,128.71309833440077,53.20184507181964,-16.345371173874213
0,0,178.8263095832942,86.47333589040505,-22.21379669247817
1,240,596.9917492666585,5.787172874962063,35.83958635685116
0,0,536.8046703873861,116.53939091009514,-23.120633777879057
0,0,119.80776293772621,10.862779829478624,-2.4279336394408944
1,240,452.89348853378584,2.1036092070233052,27.023101483352065
1,240,468.94530185337504,1.7440775757637246,31.218263281334345
1,240,457.45471032715477,1.6871703331105563,28.60970311111994
1,240,391.4142803763092,1.941979904296582,27.173535590025267
0,0,109.28247079060232,31.42613617882992,-11.252576934461004
0,0,161.2314319972364,89.03847146729487,-23.590900200773653
1,240,473.48162966254495,4.388524545305555,38.71515517751904
0,0,197.7098136055173,100.26854999032126,-24.738014424662445
0,0,169.84320882614378,15.428895112908126,-2.8524146203149883
1,240,651.0316464411895,4.364646579078001,24.956579652819826
1,240,551.8935082198465,2.2780961885673334,31.25828393198215
1,240,489.0497560432443,1.877214902971919,30.4777174418454
1,120,274.8114932075594,2.343303729583173,18.62897344211862
0,0,95.98826703214412,32.75917988877751,-10.784741129377082
0,0,132.62518341684702,78.98024436366462,-21.118750529255266
1,240,457.97421921052035,3.8083840014301398,37.25408967572032
0,0,171.65910934566384,98.26820470723892,-24.520923266507587
0,0,119.8649873604204,44.26105516740879,-12.473021840907265
0,0,329.54329804127485,110.78183649583032,-21.437230153825496
1,240,682.3418396823466,4.174769413983833,26.961152432890643
1,240,539.933059745958,2.285199610528429,30.426685035724915
1,120,407.9698681302348,2.1524289042726497,27.02038553214622
0,0,93.09204014916197,16.887625058633482,-5.464282544332605
0,0,133.2886942497935,74.9823766660271,-20.900930185757204
1,240,459.2562820688845,3.715623936985528,37.959867112613225
0,0,175.6477695024562,101.8928256529967,-26.610884707057465
0,0,84.31003539961526,9.343756191564257,-1.0924306833701394
0,0,161.4250858825147,93.93332549336807,-21.373854436388243
0,0,345.6501365882328,116.99252267540938,-21.866704469114993
1,240,576.0898260419851,4.297409424469593,23.563191005192877
1,0,246.30595416980378,3.011627103513912,15.046982542442834
0,0,84.73277968866277,14.993188785058946,-4.633058808650503
0,0,130.12982223024207,64.26813946337069,-18.672275579349986
1,240,446.9790134354364,3.6510941371026453,37.37232338035396
0,0,178.7259401224118,99.98818355455852,-26.42033483860473
0,0,91.75993992911549,10.179622182168053,-0.8730621420057219
0,0,142.09660756076406,86.30576146231397,-20.784487740770984
0,0,167.49150950736833,93.67300792179941,-20.924258832787842
0,0,215.03403146173227,14.600337175160098,0.3903994157375621
0,0,138.83372720559072,47.324954071059985,-12.146658560307642
0,0,92.8644007608652,31.542465796676268,-9.08638920578791
0,0,132.93045213291913,76.16811140045573,-20.006822140151755
1,240,446.7404574229212,3.698267311453083,38.3860072543407
0,0,149.84008766211903,87.04541077332735,-22.977010685027473
0,0,77.79803666414001,9.544630180327719,-0.893104171040207
0,0,125.81563582105538,89.22345960098053,-21.093186770629174
0,0,135.65678550898411,93.94104325923897,-21.71441041142144
0,0,86.88047530086043,7.93520796812808,0.5517343148964358
0,0,149.29150178901284,9.444551910447121,-1.6275523301954422
0,0,121.32433483576449,20.466753420486697,-5.756062360647846
0,0,142.46592500667413,79.65937166224046,-20.996247391597677
1,240,469.7707936244906,3.6096675487700276,37.684964238226826
0,0,149.29475523776745,89.87139095350572,-23.532491397992985
0,0,78.84713218676958,7.448256378808378,0.5368282869749379
0,0,110.41563452216614,78.07201709840858,-18.687868521000595
0,0,112.99671898222861,83.52003062238839,-18.904426000027456
0,0,79.32154622990588,25.137609941085728,-6.4976385707304445
0,0,80.41281188970311,8.207405412232342,-1.11538416982566
0,0,259.46473737487355,93.43180788439926,-19.301023567451807
0,0,222.62717275687285,80.5799083669819,-20.589562760259057
1,240,498.4739201597818,4.1839505050838754,34.06292098419267
0,0,170.75470727217626,96.88744657760869,-25.07071844737684
0,0,77.43798644595428,10.233871253706544,-1.2618764484841734
0,0,122.36158417738862,89.80070372652541,-21.177555628418105
0,0,124.16045793722434,90.92089881775856,-21.21971627952965
0,0,71.50226757420367,8.268309161686172,0.04523583476762383
0,0,72.91523923472168,6.563231594775866,-1.0337841027601655
0,0,173.34039417194035,101.27675445088148,-23.060195937621657
0,0,380.1091921093931,124.74238694393118,-23.413052952357532
1,240,645.4374830083804,5.935606756369473,29.53234449624192
0,0,197.411788630749,91.06773851845841,-23.164633244203884
0,0,86.20137738764363,11.597072187941755,-1.7082488415095725
0,0,121.56272080740398,84.28555502496518,-20.092607097012987
0,0,112.72802039048526,79.70073282283388,-18.913741606984416
0,0,83.81716058540975,5.6310496549083755,2.309213658705943
0,0,68.29466750771265,9.585398430236246,-1.9800447522597153
0,0,131.41853935487438,92.82003957139447,-21.53353017469375
0,0,159.56532615312858,100.64720423203946,-21.993181138497846
0,0,165.1604418148416,18.453701619225892,-3.4195887185305054
0,0,210.7560070787727,96.54682525507467,-21.91933791261944
0,0,85.33528552344586,14.85169340258727,-3.069648445167431
0,0,132.47324622640124,93.90121987612964,-21.87994605223136
0,0,104.70885868542581,66.29242498183926,-16.274280886863977
0,0,82.26957889967734,6.1788427245232205,1.43530616068783
0,0,78.58493482450625,5.671344568965724,-0.08138350131281413
0,0,125.10673541036176,89.44909415361207,-21.376263918391857
0,0,122.69899061896349,85.76587161236873,-19.515721095458332
0,0,85.59545373125947,10.839561555352523,-1.0784070753929598
0,0,151.38242642085143,18.076594179507545,-5.642335866867455
0,0,126.35298766030857,20.19376001409313,-4.664181284530557
0,0,148.3900697628204,100.08069567043285,-22.77122718364398
0,0,111.90968167220652,77.80059576265896,-18.02444195748268
0,0,70.37078157927984,6.684481829835856,0.9007868843634412
0,0,63.9850325259649,6.443280889984128,-0.8423835180737029
0,0,109.45879184262003,81.03969661511462,-19.300046036375775
0,0,109.0607828329542,76.82656172854117,-18.005240076778406
0,0,72.53060677394238,8.214475217872263,0.024279682078272913
0,0,76.77758169300348,6.374044805136707,-1.0627665781764932
0,0,136.2248920746179,8.79555205525692,-2.0694756358369517
0,0,211.46099654932578,106.24423777972477,-23.497104773040732
0,0,102.54006666858596,56.19672808880775,-13.61012826015822
0,0,75.09040778439939,20.6176667875969,-5.0704854713422804
0,0,65.71312960531503,8.66579937268142,-0.9174948923750605
0,0,120.34153258253183,89.74844817051648,-20.90643077954178
0,0,125.34149384332018,93.62171979387907,-21.21529889585635
0,0,83.5534441913237,37.820316032286144,-9.816478104739247
0,0,67.37157227395906,8.40676147744636,-0.8820607118569512
0,0,87.85581842768008,6.165935862095068,-0.9410348974762002
1,240,649.2181945102792,3.6493298442731783,25.552968720329204
0,0,95.63877635233787,9.76704117593273,-1.454561033448897
0,0,69.71505295041014,8.517363235145073,-1.7515402582982489
0,0,77.26727107480467,5.508786869181039,-0.2870560397093129
0,0,131.2310522853539,90.05529614530117,-21.822636311417256
0,0,126.14583252950159,89.29848581513427,-21.112858923040278
0,0,73.30651462571075,8.21817707423363,0.2688685252042404
0,0,70.84035512548854,14.185770775459389,-4.482814924240742
0,0,79.8788325278175,5.920678402412928,-0.7815335295788373
1,240,430.2403710108163,2.111759698424498,29.06049817177039
0,0,173.4102016194346,11.3524987865536,-2.2049350232157536
0,0,120.8172162642065,26.024214466600583,-6.966066178411751
0,0,75.15374234255955,10.672334571117883,-1.5921762731467197
0,0,107.72219838751528,76.47817210284803,-17.70231112224468
0,0,114.56886023843784,87.07271534818584,-19.775712657971454
0,0,67.3322814956195,13.565704420220873,-2.331728729704352
0,0,63.25249643355231,9.674920724042023,-2.1633767426051236
0,0,68.37418428920797,6.415064387808921,-1.8043058005967652
1,240,386.6563099537247,1.8362486777490876,27.373712818588956
0,0,118.12032263175023,5.414979735296331,1.071511365803957
1,240,677.8689938000957,3.907473184384347,28.621644842102782
0,0,114.09646401369291,13.134554570374751,-2.2299016952927104
0,0,142.05849573249586,92.45768721493023,-20.922578536127432
0,0,133.9960869647228,95.86931514972153,-21.64952348378017
0,0,76.73598402678392,23.82972477615086,-6.06472440284368
0,0,62.28444806029915,7.762346978709623,-0.9952799462681554
0,0,66.89100841915248,5.7677593366768996,-1.6401334193415238
1,240,366.65775722122646,1.7832871789954778,27.168061415999503
0,0,89.29173993838518,9.464178427304024,-3.6205902435691115
1,240,498.2669690780256,2.2672965505672154,29.757789582133015
1,240,763.8681415742979,3.707133898179176,29.070770173996337
0,0,230.72488201043626,107.8844687862493,-23.65416495522389
0,0,132.19622696780814,89.0618485728982,-20.2372922641688
0,0,70.70626655895957,11.871518541371353,-1.6547329780608067
0,0,73.89881800795327,23.177972443656376,-7.160261973580489
0,0,69.30123013930644,7.929656086037603,-1.6851738241635275
1,240,383.548688254102,1.8701085480432038,28.280597459555693
0,0,89.44516782050772,6.8829187481205585,-1.7167031643292745
1,240,432.0699654888575,1.938875696490874,28.474687575689174
1,240,491.66026891085716,2.1737258589952027,31.485483289858323
0,0,217.39401743918233,9.749950548002067,0.3510551109153397
0,0,215.37656180169418,98.93598277480537,-22.41982325564274
0,0,87.3961525964941,20.747155954312447,-5.452446492385008
0,0,80.59357100857598,28.982501267312205,-8.45433346388289
0,0,73.64016883196237,12.33864372081025,-3.586403075666908
1,240,392.0363125716491,2.0303712006657717,28.953307926319994
0,0,80.29968369511582,6.493341232536444,-1.142670496726268
1,240,414.1557284661633,1.7448637238921487,26.733741716943968
1,240,424.4743075887569,1.7904389949222923,27.99305537255384
0,0,98.13759503674825,6.914530724347361,-0.82747220620044
0,0,195.5887690665673,7.7297414032985525,0.20386535062419853
0,0,112.01418879439704,15.12982175844358,-3.5118729360594045
0,0,72.02278536676492,10.396882886633541,-2.4825961204220732
0,0,76.83601907394417,5.1821395580628105,-0.6530912301404044
1,240,354.0067840872758,1.8382014701513192,30.520010191751
0,0,86.54898061372988,8.835213899534283,-3.835773895137777
1,240,418.4730889716959,1.822381155619162,27.143089459970795
1,240,408.426575250184,1.7525973954720573,28.478280662887556
0,0,75.91341129070085,6.069619461605586,-0.7230666033287889
0,0,75.69740836632951,6.358422465918855,-1.4799292858597823
0,0,140.0039258398768,8.91373891844498,-2.1691468179295725
0,0,108.24922307758575,11.07046462027993,-2.121052288988949
0,0,79.12705914433676,6.929717630680192,-1.5017203029275805
1,240,376.84839758896146,1.8968670268922687,28.569228040620587
0,0,87.28272966438897,7.663817315732024,-2.3913792611491687
1,240,397.3135198121981,1.8910330158781037,29.315860992539726
1,240,392.13144477356064,1.743597020299944,27.632848380916585
0,0,69.79459240402223,6.208933167394278,-0.8495168529528314
0,0,63.356538777349314,7.142661006810043,-1.7358469215641605
0,0,75.77886361380754,6.026830622620242,-1.4474435504250494
0,0,146.3515970730987,9.108161280897516,-2.339580682023154
0,0,120.23391938034563,9.664057914431643,-1.5211441096058707
1,240,418.81412295195184,2.1426560305521867,27.5899638284136
0,0,86.1459610662608,8.199101052837582,-2.368853774786402
1,240,406.27444723916034,1.8483876666932124,26.85962658372945
1,240,407.9303733028444,1.7062651931832358,28.23344347402876
0,0,80.69400848580865,4.37146414950266,0.45823478846220667
0,0,64.1485041558107,8.031431867331106,-2.1431127875966354
0,0,71.20514948410565,4.7456656951489435,-1.038222622240525
0,0,72.76081944749104,6.831492996335003,-1.7478256402093422
0,0,140.2325514652525,10.600298179032695,-3.1152595167797728
1,240,563.1599178555754,4.210641412871249,25.423110321818456
0,0,92.27613301540539,9.325997749467964,-1.6378666040354801
1,240,428.08275634753755,1.8744848741505677,27.47881061914147
1,240,403.39000985689177,1.7202789124683397,27.323346190390524
0,0,67.94835659228153,5.106935109722971,-0.1855407584516371
0,0,61.7364176540535,5.613616095379147,-1.5523722645211677
0,0,74.69680850144276,3.9581823896192136,-1.2867110217670756
0,0,64.09661901661273,5.159610305714356,-1.62428156405457
0,0,89.30617640873008,4.431441532414573,-1.2184846366120183
0,0,162.13598143948292,7.651872466683009,-1.305130877610523
0,0,140.79058027498792,13.879330708786691,-3.6722461559975415
1,240,461.1411511675788,2.2782491541093255,27.61588689575953
1,240,382.73961109551846,1.9866341106878127,26.386395863896198
0,0,70.39569823559557,8.795113463791385,-1.7595295933628705
0,0,60.49006337958129,7.201847390916315,-1.4457738216681548
0,0,60.76368182066087,7.235389259836629,-1.7052581248120902
0,0,61.31198996033679,5.396479478005245,-1.2240961933836019
0,0,63.43758025869654,6.5333121664783045,-1.6059409674875553
0,0,81.27372884325115,11.23867166692521,-3.6946501114697696
0,0,156.4412785049156,15.805491765034924,-5.059050999728626
1,240,617.319659839283,4.210248846436048,26.91873286814274
0,0,133.3672304622391,4.016068341005659,5.801440785843468
0,0,71.05189731088798,10.95444003106599,-2.5937334778389243
0,0,65.2748039040264,6.553475642022438,-1.057107465839053
0,0,60.563470025610656,6.277063297836321,-1.1741364294708774
0,0,66.00983959731143,13.548015466895869,-3.7535503217643367
0,0,63.94688668952156,8.26997418484237,-1.3872857596110464
0,0,68.92475397253038,12.613016975662259,-3.4310865975653115
0,0,78.27734221646658,11.082857987761807,-3.005591097952845
0,0,147.77253798265673,10.20189468704337,-2.2182875693191306
0,0,104.04119885511284,11.192697173879498,-1.9554638086614062
0,0,66.92031779808985,7.629702841287262,-1.2252163911572183
0,0,60.72169872845644,6.331429688079584,-1.1276270860589506
0,0,59.11109989419848,5.579404607390052,-1.125973209157351
0,0,62.42576336404436,10.860552578991092,-2.7699902567745767
0,0,60.72089386831158,8.430703517735749,-1.6316368249077158
0,0,60.90416959214445,7.504882959021667,-1.694346764422903
0,0,73.96083758334152,4.292185132300905,-1.0574984782694514
0,0,76.43391774720374,5.366253216172123,-1.3976687248240012
0,0,137.31138525383784,11.138044706486905,-3.557933143571532
0,0,95.62724758096704,10.349702718283396,-1.705025630934557
0,0,66.0084906063644,6.646421385878641,-1.0090076529466643
0,0,61.86616451022354,6.827322767606119,-1.4649439986618518
0,0,64.9925360504041,4.88766058456748,-0.9314022534134807
0,0,71.65063957428943,22.14510939625607,-6.6400357867731685
0,0,79.26455986443763,35.988927733108056,-9.714191366524275
0,0,78.294550353085,33.79202488714631,-9.088994194006744
0,0,64.3450430679463,8.369807890346095,-0.9498590969192691
0,0,83.42260907354932,5.026697237722593,-0.6959229431257512
0,0,137.63428154068836,9.435936205258924,-2.579197326540779
0,0,105.77173885504352,13.987384845688686,-3.0716616307888813
0,0,68.67046351098598,9.247649611066004,-1.7398680088552823
0,0,60.23830652708446,6.514328646368712,-1.0277603977511234
0,0,61.25219792041989,8.493007872034251,-1.905144736028845
0,0,67.37518847658177,15.134140891682367,-4.533583132773089
0,0,62.483537585569906,8.396412162782253,-1.414075395045998
0,0,63.085981072031906,9.70549939321525,-2.1142412751673163
0,0,69.53496832701079,14.175718367363515,-3.8869225481970204
0,0,75.56021938783405,8.820245837708432,-1.8462815133966188
0,0,146.8952404247519,11.212775818975565,-3.031297523276521
0,0,104.69650238179335,12.21023749598491,-2.387839013468408
0,0,68.58343092278578,6.732784647945519,-0.9730609291076036
0,0,64.54456336343544,6.439984234380014,-1.2433879012678233
0,0,64.52760462010134,10.542914893173622,-2.832425430798139
0,0,66.40515629311238,5.5108458124498005,-0.9098701499820407
0,0,63.84414232440888,8.268154842466817,-2.107060384722331
0,0,66.15804155652151,9.917960860203959,-2.613162568468965
0,0,68.18524053618589,12.092039803377949,-3.412724865191251
0,0,76.48007250889141,7.100028291947204,-1.3836873884609133
0,0,155.46834995853052,8.270017502517979,-1.3940016623009512
0,0,112.85381663031043,24.283544209565378,-6.5440580869624085
0,0,67.6261007927294,8.453852303090562,-1.1537509435718505
0,0,60.82464147459075,6.492467659411674,-1.0482092910713021
0,0,60.53322542185707,6.874897307294615,-1.417208778441065
0,0,62.792626553315515,7.905738411940742,-1.854439934917636
0,0,62.2844197201532,7.161325510287811,-1.3408134038614605
0,0,80.55815716220184,32.235469190672,-9.578594596399654
0,0,85.61602300918707,34.60594957260288,-9.44338355475368
0,0,105.11169685596084,36.40056838480204,-10.178814528936712
0,0,288.0262765410185,100.71366076603535,-19.66282631252129
0,0,106.3500478732179,13.256043503876375,-2.5733162882293215
0,0,76.71008680141846,19.31492559664053,-5.395897640624682
0,0,61.71925486166859,6.063166932843085,-0.6174298396965128
0,0,72.68512858569842,3.9438343120255075,-1.0952206099006503
0,0,61.66026201386737,5.19116587871771,-1.2733214880013577
0,0,71.20160129783321,16.138871816129747,-4.828565023856285
0,0,120.5587314610621,84.63362698770385,-19.4852538295968
0,0,177.1444466180404,115.04208657424051,-25.937260116638278
0,0,179.53252334815213,101.50420834588859,-22.27309848310668
0,0,216.66499552486704,14.974752601829698,0.26695573466628275
0,0,112.61554401925471,20.571692294551188,-5.40456860546665
0,0,79.03791804927816,16.465550261827318,-5.048435540638138
0,0,131.45714996971122,3.280628064138904,4.809790990705608
0,0,67.18758237844834,6.128593769591693,-0.6976719311590784
0,0,109.94506340282014,72.7986532228692,-17.376185619474384
0,0,175.36238423277985,116.4194587055607,-26.48910018683955
0,0,192.7402216451247,123.31364004933944,-28.198606532598966
0,0,172.11417273714818,110.20319176544075,-25.11795697613197
0,0,110.81620548102549,14.04503164740771,-2.5781141164295036
0,0,387.8892650071936,117.93973584871297,-23.245583385202607
0,0,106.48376801784958,12.194642230314312,-2.4324091465835664
0,0,72.73028010621962,6.63746094418873,-0.8542459897801109
0,0,73.34541431003625,11.225524752378062,-2.8493921999069443
0,0,123.14450904929322,81.10377067695204,-18.836960503926164
0,0,204.90855075755638,125.14687295953718,-28.498999190286774
0,0,237.05212566646026,134.86002423965834,-31.24337277264806
0,0,181.9042988263157,106.87191089929044,-25.66471916868965
0,0,156.44738864038155,8.831231380733037,4.60202600741124
0,0,282.91201380360064,108.70411140488618,-26.992090122998185
1,240,916.5604041965405,8.793362707735547,32.456546808930185
0,0,119.09877183856558,16.455366998253044,-3.708494065087038
0,0,86.25140341326754,19.880325947712826,-5.242985360574934
0,0,116.3683348093676,69.78115837921351,-16.418696572479917
0,0,166.718628383187,110.71548825602346,-24.786204064734797
0,0,195.44047075086098,122.42229223834546,-28.08997905226922
0,0,126.26608543677972,69.03083126116266,-17.59739297605209
0,0,89.22266933468556,10.066290508454436,-1.6766032544050375
0,0,207.15494943005478,100.58974333534492,-27.819414302279696
1,240,632.5642097696291,4.491348524103623,34.140130087343664
1,240,901.487708911211,5.416510744393615,34.73252448732073
0,0,141.66172235319326,26.55785213203302,-6.778660261257599
0,0,192.12891336101077,107.68785707627539,-23.33025871219376
0,0,316.46722271813394,148.35187743767634,-32.990384608016406
0,0,329.54159763251806,153.59897636257182,-35.220360202364205
0,0,168.020427319188,105.74117517365926,-24.737845338206057
0,0,99.06262873648456,15.411696190788444,-3.5421922512715867
0,0,177.93307352730932,85.82687011923795,-24.477774516416495
1,240,546.6221957296542,3.851779287874001,33.64357600443154
1,240,600.2729940364048,3.773696470235141,36.488075188737
0,0,480.9276062478171,100.75140490071546,-21.069873975453817
0,0,298.3858241785917,121.21251619395416,-25.435670427696664
0,0,265.88919906755075,136.7681100933074,-30.21302859875474
0,0,271.5691991344013,144.36143872140565,-33.47615942933341
0,0,170.83402567264994,113.68321831001771,-26.51764937821136
0,0,92.83705818805649,25.450119897053053,-7.859624693033922
0,0,173.48110866459152,95.91305878247341,-26.189478986109037
1,240,503.3109709256141,3.7576646436150525,34.80682741700245
1,240,444.20240464046316,3.223509647817145,30.759859330146156
0,0,268.73033270681384,113.68146394415557,-26.872059874765355
0,0,446.11366408306236,125.26863894567238,-23.900476366624375
0,0,295.1380434531784,120.89377751721497,-25.60112152527838
0,0,257.23903834497406,137.09865283664988,-30.910198478226818
0,0,175.62443989431347,116.34640344564713,-26.73607209221032
0,0,100.60902580411641,48.10091081384579,-13.194651133087106
0,0,139.48620805373503,82.18164439911577,-22.289357202679327
1,240,491.6659822842799,3.357736008463682,34.65233523537579
1,240,455.416804440352,2.731976763076068,37.837332271245046
0,0,148.83435256278688,75.99764912732408,-20.04029069061427
0,0,165.69734021175967,99.96199801965324,-22.78112930924656
0,0,173.5059459684986,21.39498623226122,-4.767942245287216
0,0,300.1593505118933,125.46769810431817,-27.11796442188014
0,0,194.72496141813275,116.38427753335408,-26.78440439898025
0,0,97.20371921147681,22.29140943091398,-6.75670544168517
0,0,169.60647791902753,92.73394569112278,-25.447517047547777
1,240,494.51795319535273,3.6409377214627328,35.966644260927865
1,240,446.13175643223434,2.7645920398415713,35.12758442478224
0,0,163.1586072657989,91.44084087808614,-23.266000574812203
0,0,163.48831652373485,104.57071713949517,-24.07831833108873
0,0,141.76237521553514,52.58220377127303,-13.614059520269393
0,0,428.5867575030415,121.86098179781186,-22.79378965766908
0,0,290.6976186978898,116.6181496639638,-27.27390440628968
0,0,123.43809028917718,8.92151173386196,0.8797831761082193
0,0,180.94744481071123,97.9265509801029,-27.310247426510912
1,240,507.9321831399215,3.5904006588658306,34.04115110293192
1,240,400.5212615794188,2.804212822572264,31.56056824440087
0,0,151.65179384003912,91.78278338972622,-23.255823683717978
0,0,121.20234751155446,80.94091787550227,-19.121406195195306
0,0,93.68467227709746,18.283259200028905,-4.488167567375967
0,0,213.20266855858407,107.15787975443186,-23.818717781006015
0,0,403.9856517083267,118.28041492814782,-21.694902061514966
0,0,126.45072715564719,18.244063923215908,-5.237040914842325
0,0,160.2447188038632,84.6106974980818,-23.250550299859185
1,240,501.5072680049091,3.3859473215423312,33.74026175377844
1,240,411.4229222007642,2.700648382256764,32.71064148127657
0,0,145.86335303874074,88.32604731540138,-22.573660227250883
0,0,113.7707790564813,81.01148958868094,-18.843195567005708
0,0,89.48236142804727,38.61076253756296,-9.899002863363137
0,0,147.04279056060523,98.37319231368848,-21.93069312495666
0,0,202.44733377878717,113.92607163870359,-24.32114761827785
0,0,335.59611839607436,109.2453874204509,-20.122968683839275
0,0,410.77771910209884,128.16874288842934,-32.028346078554584
1,240,579.4119259661272,4.735034364367595,28.927754735597432
1,0,251.05038933868448,4.141800150587968,18.586067753808592
0,0,161.39052224051895,102.00047007688357,-25.202346969727955
0,0,111.13639244992356,75.77303975968195,-17.985335430489755
0,0,71.31926958380106,9.136426966683569,-0.20172021874786594
0,0,131.78571428575094,92.29869690622222,-21.310441731288662
0,0,178.949158447941,115.81707588893774,-25.892330674803283
0,0,201.03424875768536,115.65729142284356,-24.702379453977372
0,0,322.46651420527064,104.87909567215135,-19.34834663943512
1,240,614.2757467877469,4.94335357862625,28.535833465482725
0,0,128.2900252996603,29.960894142538102,-8.103431511299078
0,0,134.44345317256818,93.78499133285972,-21.89262753646092
0,0,94.84897616102677,50.76274949172505,-12.850650021504876
0,0,78.38378780463981,6.613363231002621,1.3067211945518125
0,0,126.53105446531657,81.99734934823985,-19.53908673015131
0,0,235.75432835906685,134.3521244931499,-31.327662371160564
0,0,263.8857321261016,141.25908455123312,-33.3416405853683
0,0,236.03523588568373,107.1652221004475,-24.61754032448158
1,240,894.2380728570529,8.493876932901145,34.495349028517296
0,0,245.98521173404518,110.72077301244768,-23.904006046401605
0,0,161.65682892394446,104.00974602075384,-23.207058092903537
0,0,92.59069163131859,36.17716108265804,-9.550832713840435
0,0,90.77755144201365,19.67336853288111,-5.565570615664498
0,0,227.43316272274828,120.92616469934485,-27.32783770192767
0,0,552.0274097414122,178.21319146360335,-41.06483356762958
0,0,557.9359447451714,181.08118256950928,-42.951394569040765
0,0,348.0940320697998,135.45855900276476,-30.54436407796269
1,360,745.9726770642782,9.9555696271478,35.20803787431531
0,0,855.5997073492922,145.64033533684275,-27.570402791528664
0,0,259.24001135358003,115.86427771612568,-25.627271802550098
0,0,106.24581281642845,38.735986718134235,-10.471165012042277
0,0,89.03309076239428,24.526065436071587,-6.737382030090359
0,0,195.9382824184903,115.58286443653573,-26.273425127756987
0,0,375.82488755009194,161.5318433713139,-37.95320420198011
0,0,390.909372336135,166.1296103388395,-40.293408314041635
0,0,206.65983574431954,108.54515719424117,-26.55597388034345
1,240,565.6185275409176,5.714146944724695,36.32518152380824
0,0,373.71490700411925,137.75270642066104,-31.698025118085
0,0,543.0861617117948,145.1871602538529,-28.521371442048434
0,0,130.37533858260156,23.868436338919565,-6.168839388368411
0,0,109.35576974407708,36.67420975142659,-10.093288485711824
0,0,201.67051904234853,115.43848662373294,-25.62636824679874
0,0,425.54248169763736,167.0127422306931,-38.87667516752877
0,0,480.08733225657613,175.2444867619079,-41.982851494959526
0,0,276.77020539053063,123.71974325816815,-28.718975386103864
1,240,641.9125583277317,8.28313012390527,35.86399821399307
0,0,610.5604670148082,167.53681390942867,-38.198300304475254
0,0,879.1482374514552,192.44595018522736,-43.78912549131816
0,0,725.8479540020284,160.6625586964298,-31.009874944271196
0,0,195.75908200764445,63.37661116206168,-14.89579826715854
0,0,238.6328709909787,120.87133174163722,-25.951141057917894
0,0,454.49618046732485,168.49066912632557,-38.29694639992598
0,0,536.3768928884185,179.0719210648642,-42.27586247203538
0,0,360.61321218904317,141.95066568154635,-32.67992602222138
1,240,711.8434328255793,9.534173473926167,33.802052285687
0,0,824.3802932636294,178.64353813154756,-39.37351986778783
0,0,1416.4750466877506,209.6492329509224,-47.677514259859635
0,0,1266.755189260793,205.16088643198358,-45.623555024642314
0,0,1068.1255905505686,180.16183710084707,-34.24186216316276
0,0,479.9129383344827,145.7241983568206,-29.651333958516744
0,0,663.3310430605924,183.34070472536925,-40.93184178572378
0,0,666.8951905032302,187.4402895449479,-43.8071675446106
0,0,391.8216529701956,143.58014668490742,-32.953724550689444
1,240,754.1838375900927,9.990283329438478,31.34401076537401
0,0,926.0850511345442,179.2178871924393,-37.656621273512926
0,0,1853.9851412481717,215.8581286665763,-47.604136021736316
0,0,1764.006583540814,216.66216248276893,-48.45012576061822
0,0,1276.6950080008473,206.01773893396808,-45.20765253945434
0,0,745.8854801032315,159.4971110734111,-29.32155724507868
0,0,446.09561707812395,143.5469509061662,-30.14063317565921
0,0,420.06449019109004,163.18334419310924,-37.54441127388833
0,0,274.5402213305641,123.54281943175826,-28.857938033501078
1,240,604.8370725164851,6.8449535128045245,36.93712654530587
0,0,452.0133116170529,153.409952465442,-34.974804396065736
0,0,969.9468909661402,199.3762729096887,-46.179334280882394
0,0,887.2873459902165,198.2876708431993,-46.09816221390965
0,0,562.2058751824487,179.35013605607173,-41.11085678747937
0,0,357.5096261262032,149.82776840255522,-32.5405512265867
0,0,486.5509713670091,137.19916428328656,-25.23272969236129
0,0,354.0162383599634,127.5283343722348,-27.943370526671927
0,0,313.19665651538,124.47501581085095,-28.49440743620532
1,240,672.6356797775879,7.946958790088432,33.91922919996817
0,0,701.7335278656152,168.36836888885787,-36.498727788029
0,0,1234.2880832457695,205.50994026203605,-46.44935742581628
0,0,993.1145295067889,201.31586515273028,-46.06082845273299
0,0,596.5550842979223,182.32760536746528,-41.70033444608364
0,0,309.76196685942364,145.00734858240247,-31.984795748129557
0,0,306.6927970698205,137.6105089308639,-29.140259576161768
0,0,530.705100127834,144.72820948078194,-26.9227171203107
0,0,596.1199156888921,136.13998935776044,-28.66799053554925
1,240,824.4900263087324,10.924579713346603,31.4329713772444
0,0,944.0040946459909,181.43046742716498,-38.49067720733963
0,0,1750.0102696706308,215.19802504720514,-47.87518953726386
0,0,1624.6760875849648,215.95269115242942,-48.79116521723767
0,0,977.2181108754509,202.04256247873676,-46.02746293932983
0,0,408.22887439206454,157.9008691664669,-36.22471790149044
0,0,148.0067296126962,25.100874747266655,-8.432066891156481
1,120,427.4485265533825,3.920598440093691,19.99546677527536
1,240,825.8352990286146,4.356251523299936,30.483899665407307
1,240,982.8691813213197,11.94800853198003,25.042665794931523
0,0,915.4910964818223,175.98384728841722,-36.72627060276972
0,0,1340.7729395252234,207.9452599847401,-46.81664491281504
0,0,1248.2852133121557,209.99066287006778,-48.89877289487729
0,0,749.1259150628156,194.70391290476545,-46.554344263381786
0,0,402.87471798724295,157.80623448448773,-39.66039089291586
1,120,454.8780696019766,6.11572074909761,21.194955529032256
1,240,546.4568706542635,2.6150977778333315,34.85978318156441
1,240,543.637502247087,2.403212977401161,33.30172546121658
0,0,180.67200126423273,9.866428167906745,0.6458414957833298
0,0,551.3840204120874,156.43170688053252,-31.76819599748859
0,0,530.1596543428986,172.81449511330368,-37.99669640893575
0,0,476.0649359900496,172.51980496613976,-39.47948952038112
0,0,333.88986023319023,155.84069495375675,-36.44028199758599
0,0,220.95007093613796,127.5825103451957,-31.272196729511506
0,0,117.77447082668344,10.406366750237055,-0.42303325436081707
1,240,443.6373248024164,2.1776183582518263,31.028294647575464
1,240,443.6439904047429,1.9495812539142805,31.23296323513712
0,0,87.21490035908177,7.905627410396996,-1.1114581936662518
0,0,154.14479712650137,17.62515541334834,-5.863685890142747
0,0,266.7774019136156,118.78109506205486,-25.436859316843183
0,0,227.80620973186487,130.83384844101073,-29.512598521045305
0,0,206.438374507839,129.47699444870372,-30.281070045598113
0,0,150.6155307354939,106.22346695427055,-25.658404846333674
0,0,87.69189335549915,7.203019675512468,0.910863380374181
1,240,420.582094616648,1.8876861614051204,29.652554398834667
1,240,426.5436370293846,1.7922948865866395,30.475698972272184
0,0,81.6075247502325,10.363974989944788,-2.903304359737888
0,0,84.93021981743948,9.064030496419885,-2.585532784703801
0,0,292.8414713862972,99.27780977264382,-20.401031361379523
0,0,418.55384705158366,144.94085595034358,-30.71180194140704
0,0,317.00330491884876,149.5445285609771,-34.307346177353175
0,0,223.4416232071278,128.55435683669526,-31.455898596480274
0,0,126.43018621786551,10.3276765826881,0.34433920822543485
1,240,447.7908565922643,2.168220678773742,30.91737393218088
1,240,434.2427704703633,1.8814820324386867,31.766969968140558
0,0,72.37893598086849,6.4885537269301405,-0.47038274610295616
0,0,71.34021295165516,7.562952108077873,-1.593037557283978
0,0,151.94023984547766,93.76824183162447,-21.944848831727924
0,0,163.68367081776992,16.028088665664423,-2.5116314353560085
0,0,288.6032592403626,123.19806849081623,-27.201054563342595
0,0,222.23687226690433,122.61502701635241,-29.805033547379068
0,0,137.62920298653484,8.559045668499252,2.4875047590700916
1,240,438.67929562156974,2.193512335393807,31.914339382791624
1,240,421.2619407097178,1.9183327400593797,32.7182926434284
0,0,72.70945009894929,7.424124823688201,-1.2718948210255405
0,0,65.7416511281951,6.2959051330486115,-1.0265081011834525
0,0,115.75110910278016,82.80341909518609,-19.969771070394373
0,0,80.33667892163373,11.00132600020263,-1.6068339553353894
0,0,149.9362287732263,8.505732439244218,-0.836919911951469
0,0,467.61227207654156,133.11692097317646,-32.42679302909574
1,120,484.43040294251097,5.466967263187433,21.834355963886907
1,240,523.6075486328806,2.391025594491317,33.7633631908833
1,240,448.36119636139864,2.035199090980064,32.53435828258209
0,0,75.95284943779933,8.738169671849423,-1.4184980626710626
0,0,65.1445639293169,7.91379820695863,-1.4840296324273368
0,0,112.23812129160407,79.42813469023024,-19.58974397569665
0,0,72.84323825993124,10.830862824619413,-1.6745319453142145
0,0,95.78971596964635,5.658848773230064,-0.24455193173321277
0,0,266.42104158243205,89.70280577965045,-19.1147748357336
1,240,684.9060107433085,4.390980567267393,26.492878059810437
1,240,557.2330184372432,2.281838655249584,32.19462132007206
1,240,457.98229048408575,1.978986961652674,32.11900797035328
0,0,78.29960056709258,10.783340627122275,-2.4968258025180035
0,0,64.51615520113916,7.930693905349055,-1.3375215019135283
0,0,110.24305436941329,79.6904737533273,-19.7487697879354
0,0,70.47089031081954,7.1856704952055175,0.3509230121212852
0,0,84.1426584976581,4.628222452058829,0.09734088309585331
0,0,146.69724482911465,87.15325734636704,-21.049145032690248
0,0,179.62536566627128,11.34236154800966,1.0119031059732464
1,240,688.7465312892118,4.357482467248475,27.908184539347474
1,240,494.9545274756219,2.4374289776481306,31.126586718258125
0,0,81.43336888536504,9.361620220494846,-1.4284318919842178
0,0,67.03934074303392,6.969058202196792,-1.0002944164905898
0,0,117.68118640228754,83.98353697101084,-21.009816579723307
0,0,74.31434122781373,7.775710481634813,0.28969257909953683
0,0,71.7712438993773,5.677710462377008,-0.5233015230025728
0,0,123.14143697747268,82.97205480632958,-20.94280550347358
0,0,101.4090227799389,8.568385139850736,0.7145909921628544
1,240,686.7410918736049,4.076359325839945,30.217038965603166
1,240,600.3430508771834,4.455639868951314,27.79557295938895
0,0,92.18317733670247,13.371014932102085,-2.7925685826549653
0,0,68.29772824347481,8.812182432884244,-1.4804206933736737
0,0,123.44337289238152,89.08163753103864,-22.00001857207829
0,0,71.55751385471083,7.552910078175114,0.2599597825329596
0,0,68.97005852983969,6.183072063830277,-0.8151236109319058
0,0,120.68258923490455,82.99040706156234,-21.05118992202226
0,0,90.61020854823163,13.107777929687735,-2.4761602671755725
1,240,509.9178524697166,3.51572843134245,32.08715630913002
0,0,608.5486340622757,125.19831991893476,-26.19737321004194
0,0,118.10980276957507,19.11233604743266,-5.004710839804943
0,0,73.05508651890689,6.725018600915352,-0.18706782051094706
0,0,113.1368893440776,82.8003796382809,-19.728574524299816
0,0,66.53686428738189,11.610282274099166,-1.5387396689743866
0,0,65.58706130008878,9.178791653428581,-1.699546172957028
0,0,118.26909706190843,83.94006768353782,-21.356581198077222
0,0,83.26155202413813,7.053865186522281,1.1100260901994972
1,240,415.65444607225555,2.2781090485022797,31.92754926219743
0,0,194.31212484410798,98.1494420799459,-25.033360908417244
0,0,178.9708216555021,18.260762887162944,-4.026757047635016
0,0,113.87980926596481,12.995087899044067,-2.1900606990048317
0,0,141.95155135775397,93.5568443550429,-22.34613326436545
0,0,73.06971570224422,7.962647910722849,0.07005455619523104
0,0,68.18810289092644,5.619317333205314,-0.46725993061141935
0,0,105.15274472334906,73.34378451156307,-18.80587501570845
0,0,72.07778792201695,8.24758797106858,-0.3468809415622758
1,240,386.50213955977836,2.127560497441342,31.40297966704148
0,0,133.57532648589148,77.1295833086471,-20.995106058017015
0,0,83.34641375715887,9.874118860230386,-1.5762028869692273
0,0,151.85113842662338,8.992277474129303,-1.3631856556231128
0,0,215.06280237789667,103.67154326844128,-23.507255244376147
0,0,82.0439233215968,15.592579974710205,-3.6254620470939614
0,0,69.34842215033574,8.755524718091612,-1.304533791061374
0,0,113.92346442678006,80.63752087554106,-20.294945461847462
0,0,76.61046552038903,8.1864243155611,-0.00526289222484877
1,240,393.44103158166763,2.182580713850819,31.67989044309755
0,0,153.66999765738024,86.6850799083915,-23.847975021913975
0,0,79.11693604420483,16.35330153000391,-4.56052071885739
0,0,79.57976463567839,10.807593110753526,-2.7500539067753493
0,0,155.88983594509804,9.55301666281582,-1.6936175790797137
0,0,108.45229722737652,12.439707467810939,-2.4287737877710924
0,0,77.45814762578027,8.345004008802412,-1.3250249559956444
0,0,125.82527147067702,84.64895422525662,-21.113228799663645
0,0,94.33061221955741,21.96308130373699,-6.404545908581909
1,240,408.323553151641,2.8157017079629223,34.620039722204496
0,0,154.9777933682634,90.1395418047469,-24.511206079216684
0,0,84.83479287801005,8.148145027096904,-0.21733429620550737
0,0,74.62545935000908,11.936991403150294,-3.453078404800081
0,0,83.46408771115591,9.128657761072889,-2.253705897981959
0,0,194.96712229721226,38.21638036979262,-11.089640997918153
0,0,115.49592309262387,17.31546291119871,-4.034947172866609
0,0,127.57390381977964,84.02866676938218,-20.129087499980045
0,0,81.88679988444291,18.103711044438402,-4.766335923951459
1,240,409.8124310590608,2.5186909065734384,34.17429611943882
0,0,151.4358305918721,94.60766618878918,-25.32798349078061
0,0,70.22857639495193,9.184119727528413,-1.2596677566475307
0,0,63.155114024052615,8.712110480164672,-1.9846153705341152
0,0,65.53890572409732,5.468263183649384,-1.0551893913493302
0,0,72.73582910679585,7.46071246667473,-1.9404996572705215
0,0,136.77670872436195,13.479784713103195,-4.444279064038142
0,0,196.20089354688443,84.72648564498306,-20.387335358411605
0,0,91.8574243631406,10.150980174075151,-1.1508130663920042
1,240,393.5034252469824,2.3334304581249716,31.18544994089035
0,0,136.08287393525325,85.66658749987428,-23.005544024543994
0,0,66.70722257269257,7.382512330331098,-0.5565111598287444
0,0,63.58316358842122,4.860670062857149,-1.051580452295667
0,0,61.60502140138939,4.966636378039976,-1.4180066551571713
0,0,62.27075410177804,5.32696182826637,-1.4980690922598257
0,0,79.61826755796065,5.084075560098002,-1.4438029076608103
0,0,171.67527456491146,6.667578460607042,-0.30747322931890153
0,0,144.94703676789746,17.399129196733178,-4.457652745948579
1,240,427.78597833919093,2.888114647967852,30.219300496957445
0,0,154.50477366030765,89.13989258511933,-23.648046139083128
0,0,72.81280661121441,10.123824503726562,-1.7310702291710243
0,0,64.67517176004225,7.0643259539559216,-1.2378080482068157
0,0,65.37584786038232,11.618813148839296,-3.1844951367214236
0,0,60.08736690977599,5.9835720575900195,-0.9275079809646627
0,0,62.15148743157883,6.153373736168634,-1.4381596471786509
0,0,75.34067394521946,8.43008443595518,-2.459299177102011
0,0,144.94794365256772,13.322791529731038,-4.26774751961085
1,240,612.4769410442615,5.325458343942128,29.13265581703662
0,0,183.57984760705276,94.33860566636022,-23.945670006047486
0,0,74.19021705659938,10.92241834182406,-2.0446569144093445
0,0,66.3110216643381,12.452797527908851,-3.1914646690959216
0,0,60.58952028776423,7.926771850803345,-1.3067002112839248
0,0,64.74590309629431,13.129795943218854,-3.599190238931712
0,0,63.255778222452854,8.85987880353539,-2.092106801234962
0,0,83.60449613023086,4.503130029417532,-0.9685801380131664
1,120,416.5358472832934,2.008343485780221,21.34790479674433
1,240,734.3635103674197,3.356638852961163,28.70039685916838
0,0,293.5709920871811,119.27769611484213,-26.932418455746316
0,0,91.03204028457968,16.039959513684273,-4.206511802637337
0,0,68.1589862249815,7.885388128920548,-1.1655024522912498
0,0,62.854175682281074,9.48525969610011,-2.0745218097699762
0,0,61.61639146794293,7.5233033493483505,-1.7125552621958633
0,0,74.9114397627503,5.1411786347429835,-1.8330927697978723
1,240,387.25294937829693,1.7315043948054938,22.510141690576887
1,240,482.25759796100516,1.7122319773853987,29.283227306455643
1,240,543.4818354934347,2.57476044855195,30.806009364838246
0,0,535.0182889638834,113.61905039321647,-24.536252010570074
0,0,113.95356166177471,21.83665325276443,-5.601485635792969
0,0,77.37669237830224,18.717609143160598,-5.003569506224281
0,0,62.73243775135537,7.684255136555011,-0.8948478751217692
0,0,65.98110268932217,12.995022922530655,-3.8388385871599127
0,0,66.4415280364195,7.163322184397885,-2.09707371589154
1,240,398.19691616951053,1.7376771635796902,25.138009420530793
1,240,454.1093941554537,1.6433364552011598,30.36783238099622
1,240,434.59133159338256,1.9332626733061797,30.27463403981244
0,0,157.9522617261733,77.29302089871757,-20.279685409157878
0,0,173.51399456994727,19.16020929859254,-4.4395129395485355
0,0,103.33097212558896,9.257951095796624,-1.0639713191782931
0,0,67.32196001446596,8.257716185096768,-1.3662503476452628
0,0,68.6416869267924,14.201113354688939,-4.075855527410482
0,0,68.31218738593647,7.902680003552475,-2.315401318758788
1,240,400.3577502733687,1.794320100727779,25.469535122002185
1,240,453.56186253577664,1.6611478035210467,30.23229901829275
1,240,426.54604027376087,1.9862095072216928,32.73335190595101
0,0,155.06034254537494,79.00837197435968,-22.351348524754854
0,0,101.17434369938914,8.434215859266331,-0.3860297401692918
0,0,214.79833213592846,7.528842145890986,1.5566098412953835
0,0,101.22227255421303,11.138916474708523,-1.954591956620618
0,0,77.03969970285817,15.197647311479002,-4.556293557447532
0,0,70.25621937330767,6.6233497601335065,-1.542581101905597
1,240,406.56669082415567,1.6906378904817192,25.54178787840013
1,240,451.64538850632334,1.6065585077387152,29.456889665076005
1,240,423.444222636028,1.8808459168846352,31.89022342694841
0,0,146.7945535542349,81.65490146371766,-22.828853961563823
0,0,86.49680073701408,9.562844360469475,-1.5563986357640545
0,0,134.97233697621272,5.948422471188532,1.0057790058807115
0,0,384.08969030415307,109.14519363676868,-22.639551105726994
0,0,104.16284609757152,12.599067781664779,-2.7931233975900085
0,0,76.8112781265333,8.282062523691838,-2.491219529698185
1,240,393.00386782636275,1.8948974263294496,24.07411743689852
1,360,448.48942985377516,1.7404705896241972,32.46240142748283
1,240,426.3638017992696,2.0435120236647877,33.73188140628341
0,0,175.9863775662192,96.79214769127022,-26.643602936369746
0,0,81.17174399404982,15.4986564245723,-4.6757267191312195
0,0,80.14864205328193,7.727750595123717,-1.8901488809273843
0,0,216.36205070076252,98.65124847341878,-25.571568383071735
1,240,860.4780213676219,7.640093668723826,31.727963836231126
0,0,143.48485527795876,17.408904552195473,-5.169173838407104
1,240,487.9217275461259,2.4488018980113786,29.160977798482648
1,240,492.46644403849587,1.9642666227842083,33.02460332709002
1,240,445.82087636726493,2.25716021447485,32.77592998925178
0,0,193.25342768003188,102.42074538524884,-28.08729480477396
0,0,82.07101650112119,17.532264267812437,-5.6222462822671275
0,0,82.60557400198411,5.826150209719656,-0.25597583544335123
0,0,155.84062611567737,91.67983171403026,-25.66061882212209
1,240,529.4759086457467,3.824303698442013,32.0271834566277
0,0,200.38147317202322,9.07589141747241,3.16705265941485
1,240,696.3181567455503,4.5796294957677475,27.018124000791957
1,240,568.6941815559131,2.4516076199585974,33.88180825358744
1,240,468.0609532671588,2.3352615323710015,33.36395984507317
0,0,171.4683121470969,91.97267364036823,-25.194251955628083
0,0,76.83056076183496,9.814076952030847,-1.699894913773349
0,0,77.16852833829957,15.832222380691606,-5.410560606765117
0,0,132.5089208021181,78.84737461334846,-22.24086637735654
1,240,463.43919692204923,3.303871381296216,35.31484767523882
0,0,94.25527844360371,5.946872510608168,1.9432365917442382
0,0,148.36831586679224,9.320244620676224,-1.731418969987331
1,240,713.8016235498651,4.8105803906286395,27.128283827132776
1,240,523.4943694260306,3.0235392386933273,34.91794892256402
0,0,172.80640914202556,91.51824234478573,-24.00223999361487
0,0,86.98463100524121,30.9034253970697,-9.306064216354542
0,0,69.34491930829681,7.117107639233177,-0.6442247590832295
0,0,119.33959506275643,72.58324886129385,-20.941373552545997
1,240,433.8957510512836,3.1097499864440006,32.42321564121349
0,0,88.50307902094112,19.85171101316718,-5.728913416493043
0,0,83.2561107161165,12.004502903037556,-3.2365473455320313
0,0,166.33604774897418,11.663385232137186,-2.5924389096571474
1,240,656.2811936992953,5.727482020425268,30.4700874155006
0,0,207.17288307440944,97.01633110176887,-25.249844412119437
0,0,83.13547805088268,8.768354872135873,-1.0666027271559386
0,0,77.1617380393309,10.301191433859868,-3.1781755304136965
0,0,146.95455068218772,87.71758558496803,-24.355968860391528
1,240,438.3913143945247,3.494343713204211,36.762703297631745
0,0,79.79632869493946,13.176841646284297,-3.251226163527747
0,0,70.1126822021203,7.440778213830692,-1.6741884884496585
0,0,91.62953558155951,6.860199980941317,-1.336718341245657
1,240,656.7151833582542,3.8196434385078097,28.688412856571446
0,0,224.0169735140654,102.89447470531486,-23.58613407628404
0,0,82.78418493779427,12.785187589625705,-2.9662732128894334
0,0,83.90278183434185,5.115008441514486,-0.0339970219083483
0,0,131.0751474744757,79.4191607117667,-22.73376396564914
1,240,440.1118559909657,3.2062155170562803,35.84969984052424
0,0,73.58382295379249,10.972674967593976,-2.1663251876885
0,0,63.85510996088998,6.386217974434242,-1.3954124774215018
0,0,75.9529174541496,8.052232473687313,-2.9535071854316755
1,240,477.0997820872975,2.2067941664514437,28.956150692368126
1,240,748.8298625622051,3.757174838022626,27.67765629186104
0,0,110.47710996675224,9.738389240872502,-1.3517036284436017
0,0,78.93397773000655,7.42886449936102,-1.756401493919583
0,0,148.55624504258944,85.07875220264313,-23.872323471634743
1,240,452.3557966127813,3.3966619034814896,35.937455711392815
0,0,87.05984575258194,21.832518219646982,-6.476613726668177
0,0,64.89513096878764,7.186400578529834,-1.1931850755740356
0,0,82.29341863044714,16.729123878679207,-6.967852154107419
1,240,444.0777079983007,2.185851649585041,30.900380743313264
1,240,493.83933139658785,2.1624382203058086,30.193166071541015
0,0,178.02061057010738,9.533961397806001,0.012559877069449499
0,0,141.2113974341111,20.90565893916987,-6.320203470551789
0,0,219.3471976256649,109.4327002693942,-28.541001322845446
1,240,469.51976794775914,3.983132017092287,35.47926311827513
0,0,80.18327371162796,12.634787717461778,-2.8275800470321
0,0,65.01019196132846,6.268145271370443,-1.2181041920851357
0,0,68.16039756424962,6.015046409951608,-2.213875469597596
1,240,394.25278405002854,1.6539737647241937,25.155277374890048
1,0,243.8604716400638,2.197637215931038,13.438399675343703
0,0,89.73934987148573,5.921403071027794,-0.6099741837598884
1,240,654.2671388793207,3.366196943206734,26.09628577633785
0,0,347.45250185404905,101.25559376634679,-24.720070124477616
1,240,511.2981762821048,4.547813565484955,33.61288681259599
0,0,80.30527803992555,8.354222551642826,-0.4292841692956415
0,0,66.67102087026115,5.5700913071342475,-1.3615370626732641
0,0,98.05866206225942,3.6316451775931564,-0.5664608409971947
1,240,395.06811871283696,1.5575709544963885,24.35046811406778
1,120,283.90790920426036,1.956868550383818,16.435837559457696
0,0,90.94707085900433,5.188555988762304,-0.6422062895100282
1,240,488.6266036560952,1.9644635828404902,27.347694640111285
1,240,753.5165518497063,3.5780835485420557,27.790901946031056
1,240,558.6280791255233,4.176734051062989,25.527859381554663
0,0,82.62679510326848,7.09133948818142,0.26604161101138857
0,0,63.41902313113109,6.521562698195314,-1.2816384280752544
0,0,65.65636996101435,6.583766429143184,-2.272860223120361
1,240,394.289376846474,1.6463993758473034,25.551129905115914
1,120,296.8425331909555,1.8982917723165762,18.537909817446817
0,0,74.86883318733507,5.776714814883149,-1.0589198612935178
1,240,417.4253197678966,1.827251799576828,28.00879098090202
1,240,473.5027600753623,2.380436002095321,27.019899408584095
0,0,351.0319756476145,87.13020512333078,-20.009902684029186
0,0,103.34251223301818,12.18039432484545,-2.33212502608653
0,0,70.12252756882194,10.048487846230959,-2.2811982990013036
0,0,73.67990738460787,10.795426258617018,-3.8529256025582583
1,240,398.55010240434814,1.8986574908174159,26.823494921578714
0,0,174.02563622879825,2.629781341800109,8.806741190179793
0,0,78.69134640450434,7.447039422859255,-2.4982947411079266
1,240,410.100775039974,1.922047005129906,27.03472617722916
1,120,291.7907548073195,3.0506581341402277,17.584357314515273
0,0,248.61522262206884,114.25753849245903,-27.264298181985787
0,0,418.6608140984423,125.65127841354655,-24.08480702385286
0,0,103.03782165592338,11.795352530878166,-2.4679173024263577
0,0,84.46668839034646,17.393005160344043,-6.390585708025867
1,240,423.75451322596166,2.1074798218292305,28.269089012617357
1,120,301.5253002022577,2.131872862293315,18.982036530973218
0,0,136.62359258384484,3.2215201933196718,4.179151347872875
1,240,415.82979222325275,1.6671979516874662,28.235155474399747
1,120,355.3200664504141,2.120177089879048,24.903792974714264
0,0,156.41003632802472,90.44619484999134,-23.2119298964284
0,0,166.46328366821342,97.31876067364149,-22.36800354070968
0,0,206.74165941369486,12.199346710375698,1.7663932941629525
0,0,124.5267939997809,10.781664774547176,-2.3100381077200325
1,240,429.1472575735034,2.112219046276262,26.515556780774304
0,0,170.88346222323818,2.664364865451069,8.284940385747305
0,0,77.41728113532612,4.696099896059824,-0.7826273075936427
1,240,383.89987934266503,1.68117241432905,25.924102924210942
0,0,99.92469063192881,5.448553641247564,1.075136156712901
0,0,154.87660771117774,104.84805855757794,-25.449900109792587
0,0,144.12678225575274,101.56138045807906,-22.959853693655226
0,0,105.06024248698127,38.11746084773454,-10.075180383022357
0,0,169.95786172058297,22.3173170107341,-5.847025590236157
1,240,575.3075473254081,4.522367138419748,26.85191201415647
0,0,90.97069520466493,14.10451584053379,-3.4046932585125376
0,0,74.78551315825379,8.47047997336316,-2.3826607407413434
1,240,398.6467309659657,1.8594762020038336,28.724047827256513
1,0,213.68492715411818,2.6094714434879034,14.886815396623433
0,0,129.27913040135135,88.3715597532406,-22.006544252504753
0,0,121.02927990829134,90.6441133098461,-21.04675668649368
0,0,74.82701446797714,15.787751371970137,-3.779240895232732
0,0,101.53135018590027,4.819031849630153,0.8558627264802112
0,0,159.15027904772,8.366235084559978,-1.2853583301159262
0,0,114.10210937076535,19.568866445379,-5.446037058897318
0,0,83.82811688583247,8.396006962025,-1.9240718512414787
1,240,408.479990757263,1.9618119544997326,29.54293353557361
1,240,388.72019808633075,2.1201852119432245,29.990505385649044
0,0,154.19591141372962,92.98996759319361,-24.502043706860825
0,0,125.88811857832691,92.00371797455423,-22.250292947300508
0,0,76.58713024421708,17.21758120845209,-4.953747125057376
0,0,154.7002979952184,3.2240540517298695,5.747766403841823
1,0,241.26888998994292,2.6208718886241944,10.888998629060211
0,0,164.11596006797205,10.81718526854606,-2.333551693062347
0,0,120.25370080221595,10.718615897699154,-2.053343731106594
1,240,423.16054911116674,2.195549845437658,27.78874609371202
0,0,97.87692237433681,5.985270922680287,1.2754454840706444
0,0,134.98674510641166,93.2411234763711,-22.69409205581765
0,0,123.28827294164817,89.71375071235417,-21.197507830272627
0,0,70.83748143468962,9.315733265251925,-0.6858358792114956
0,0,82.64727936075826,3.8510185211961288,-0.09292365196172625
0,0,68.46770110280063,4.575885675408134,-1.2505740756645736
0,0,72.52295493453695,6.568154919344233,-1.7442536888180058
0,0,146.87695536258752,17.14696076288835,-6.015034120470844
1,240,577.0687173550773,4.904586966311461,26.889100466659656
0,0,116.8883084711267,32.903564921192896,-8.969555748371292
0,0,130.8136132716275,93.13238889098142,-21.686114849734224
0,0,96.24209271529502,59.85746875641034,-14.828554697031265
0,0,79.66605471205482,5.275225181913166,1.652994405391837
0,0,90.25375186055184,3.369867890601652,-0.08402547719397546
0,0,92.62309575419326,3.227380713848858,-0.5415047368237538
0,0,70.58956183795388,4.676933629506259,-1.3016593213026795
0,0,78.01224282325838,12.699242613863921,-4.082677109135631
0,0,147.23592298719814,15.381951386870677,-4.762536762634355
0,0,229.4138215147401,105.52299126123236,-22.82018299672186
0,0,159.52843861916523,105.67046628784115,-23.409259074992185
0,0,119.18276069509119,83.75653791159765,-19.00779594835369
0,0,71.27414073539663,16.146645533998303,-3.387309057214509
0,0,63.564050993995224,8.747845757638448,-1.6957945672057804
0,0,74.88469233300647,4.228995021781369,-0.6287480643714076
0,0,62.682632778869845,7.814131454996311,-2.0139465867667496
0,0,64.33529972577007,8.221370850358173,-2.043283086951149
0,0,74.23607708076922,6.565036949152003,-1.4343182142474404
0,0,138.7047568694196,11.44694485615353,-3.5558195628666027
0,0,277.27411585756755,120.45582137758889,-26.312922667180324
0,0,121.03678437893784,73.82386709071832,-17.31510313710197
0,0,72.1252746705641,16.536575005696736,-3.751331062024164
0,0,61.68180619281553,6.388448834728075,-0.6721398762435626
0,0,64.03589175187962,4.952852332680754,-1.246833037816856
0,0,63.068959980376725,4.8341745358358,-1.5080293413317918
0,0,66.8083175413112,4.562292498557062,-1.4902118559892585
0,0,66.14048200209336,6.464585966770858,-1.7634185818599377
0,0,89.10812980083014,9.243294379764208,-3.2033641284646706
0,0,394.3062449013411,122.0190624353321,-24.768238628742907
0,0,103.92696539483364,16.02187799392407,-3.9363961885476044
0,0,66.62996733484374,6.833154860910687,-0.8802113287401454
0,0,61.27446193907508,5.629718087609205,-1.0258476072131657
0,0,61.03993589531343,9.219901030032524,-2.3674482436176305
0,0,63.48180789045989,5.287232751346656,-1.175193219823342
0,0,63.87906305224356,6.2328801711673325,-2.045121902164425
0,0,87.10974708156368,3.709864491032762,-0.7873722962762031
0,0,83.20491140845043,5.019005642947377,-0.9023299508172045
0,0,162.65167007117498,92.65368525783303,-21.683647244261223
0,0,355.2601667179426,120.567826447487,-22.816611045330532
0,0,94.99004773951684,9.755779482726123,-1.4382389064550836
0,0,66.34696830545603,8.127767670529455,-1.5479813006066792
0,0,65.91516083773499,4.7309205388621605,-0.9164063983120201
0,0,59.15465869851751,5.839916206047374,-1.3576797778867729
0,0,60.2979738703592,5.693635122872545,-1.246214815460661
0,0,68.87793605142757,16.081753851033774,-4.83895855697277
0,0,69.51645087564967,11.212739720912559,-2.5802276971344327
0,0,159.12888790555994,105.40736916542096,-24.427783048793195
0,0,199.45014795988692,113.60796828787332,-24.671235842290265
0,0,215.8240867143569,52.7749890865682,-11.91720823898072
0,0,111.10575108412674,11.057888957579868,-1.8397452650666253
0,0,72.9149671693206,9.03845862858573,-1.9022544144148554
0,0,68.43281438314109,5.044613157618753,-0.7488998434947689
0,0,62.21975884316278,9.416480251749729,-2.413128006602875
0,0,65.18840046706619,5.223051297771791,-1.0207855814248745
0,0,67.75706627517512,5.736920761450023,-1.1197487139813376
0,0,136.81209989861935,96.71801670907904,-23.27220921813293
0,0,128.71538821819323,83.25310710528946,-19.266968498343658
0,0,116.95688028825768,9.324200065930217,0.925790544102739
0,0,380.76115149885203,113.07492985028681,-22.55629187780815
0,0,94.86727255924951,10.825466164199867,-1.8544980583870228
0,0,63.77681747369952,6.76665816781971,-0.9658536189038074
0,0,60.86470877292922,5.687191167400008,-1.1333284700104969
0,0,63.54222341358761,6.410896415208976,-1.4306617196279205
0,0,72.30343783206831,17.677595069478606,-5.189469497126183
0,0,130.58149614027127,97.1599147571855,-22.930955761467104
0,0,98.24012968478094,60.11098545290848,-14.474672595653502
0,0,76.21552858254374,7.9768452789035,0.21745567455687365
0,0,167.0504574840397,97.38190340545333,-22.761066144405035
0,0,180.79304769559735,17.56307396458891,-2.7888909522283996
0,0,106.56420868810275,15.670898332210186,-3.4600003816087224
0,0,76.01953946923949,15.576631850473714,-3.744113183916838
0,0,82.91835852476108,34.611548382175265,-9.551789109109407
0,0,71.0546122968696,11.321800091320874,-1.831977855976021
0,0,153.0232075105419,107.36418018451685,-25.893524847901567
0,0,111.2899280246007,75.1469982725642,-17.950889348951193
0,0,92.94017097506647,6.64254625881484,2.9839954345610806
0,0,134.22599356469524,90.21420703827057,-22.434935357682974
0,0,101.61421677264642,10.218651407891219,-0.7333438895065001
1,240,693.4689064884882,4.190480644681841,27.412803493726585
0,0,109.9015102665303,15.72973637000844,-3.682306800152986
0,0,72.2597089868736,8.800674370397614,-1.6448519882652732
0,0,78.80294989923975,5.030233494219916,0.05714057808812356
0,0,132.28675673001808,94.99020458208693,-22.946506431503607
0,0,106.17739970411478,72.90843465208609,-17.171828785066708
0,0,73.56676785396219,7.708755794369435,0.7603024588586749
0,0,122.60006083749515,86.94855967027956,-21.855956911230436
0,0,86.1642291243376,7.9806274534550585,0.24433513717178812
1,240,494.0707683644414,2.3179069373546004,31.0579904564797
1,240,757.482993332077,3.855716232870702,29.39587059012476
0,0,121.53136526992931,22.72223800799934,-6.025031357205151
0,0,79.0220418995192,13.263747732973643,-2.863426375787668
0,0,149.73649876065718,103.79740999453408,-24.69781411965473
0,0,93.93356110682456,45.32245012380983,-12.080957904094973
0,0,90.66215603575067,5.473442804465101,2.5686239865252105
0,0,141.6476769768624,95.92325287546659,-24.769612456201116
0,0,98.05314140182914,8.32517895259897,0.38519472325168636
1,360,444.1156157775181,2.200997043145414,32.76472801151566
1,360,554.01040376143,2.2301764611513324,33.704478832444025
1,360,803.2884230447675,4.0186624380585,31.634194828257023
0,0,117.26599192812004,15.57305633733287,-3.1481626844037294
0,0,143.8150406503466,96.55998660884701,-22.183213179677878
0,0,97.5348114685349,51.01792669912152,-13.049707052294949
0,0,78.77761380876402,6.627745150530396,1.1372807133895435
0,0,139.64363189643595,96.22069369503164,-24.61286402717193
0,0,81.15115771203463,10.082794542861235,-1.9155382691453298
1,240,420.95858778751165,2.0957317072236035,30.21499936022292
1,360,461.69190222783527,1.9907037160660639,35.857520089132464
1,240,502.7070310794461,2.1433274545241168,29.714936733340608
0,0,241.7365930865192,7.863047037725518,3.0790431588616656
0,0,276.39922154403894,113.64901178551229,-26.213367732026477
0,0,93.59402348627454,10.72220404516205,-1.6699296233292387
0,0,75.71212823813387,6.704482864096458,-0.6493554762444376
0,0,130.0193523413445,91.79889034543994,-23.268357217298195
0,0,79.89217506852887,12.077867703841402,-3.041955253981129
1,240,419.5827983984748,2.0495751445726005,29.381773006822897
1,240,439.645218483877,1.8191531991412082,31.708772523430383
0,0,170.0088059669355,2.771584911484708,8.421139526372826
0,0,82.83634214239332,8.628409901470347,-2.093374949657928
0,0,154.30934001386393,20.406047307927828,-6.811251675727576
0,0,108.26868708982147,11.53631553809468,-2.073327636671692
0,0,76.8051339828922,8.728763419081375,-1.6939874557030663
0,0,133.71073570322156,89.99026909460036,-22.669204643017125
0,0,80.54955876192182,9.816209445102986,-1.744206133252149
1,240,407.0507405169136,1.9993724402843005,28.809003203691077
1,240,429.58464804997584,1.7656470708619805,31.375334031421033
1,0,228.63226830589932,2.3030990606833424,14.145276174203161
0,0,72.20222383483672,8.016817566522723,-1.7452734915081294
0,0,78.78611018451862,10.893837700438269,-3.231834060560047
0,0,161.65889208656932,11.596501838546246,-2.844631359369103
0,0,123.75154363939848,19.57148896965646,-4.752819575343452
0,0,149.00177480897756,97.65717279471949,-23.648484707079398
0,0,82.31641382486772,7.8377540274280895,-0.023513661611900716
1,240,414.06853150511654,1.9172394199760552,30.267659223486177
1,240,419.6227466682003,1.787691819521013,31.35946104032702
0,0,112.98572300560156,3.6971123990497525,3.3630132944721964
0,0,68.67836474367574,9.88393753336829,-2.855563855565336
0,0,72.69530269809304,4.860286069711911,-0.8442064814317121
0,0,75.1178580497627,5.892035040642664,-1.4747932847468093
0,0,137.79842766600768,10.062778166923854,-2.933074143966792
0,0,330.6346883977142,121.76400796134986,-27.909907260161162
0,0,116.59119038102868,13.95942238363189,-3.5245861239995406
1,360,438.5533293408689,2.4773105688840484,32.606198890742576
1,360,438.29890284662395,1.9842482543359439,32.6704623120759
1,120,239.7949756795826,2.3550647041237465,15.46820860903135
0,0,70.77151124295649,8.742024042526994,-2.0382686167287005
0,0,62.9385216246456,8.09766188598162,-1.8416157839904912
0,0,63.496301041096686,6.788435678006044,-1.5777510848355831
0,0,82.82851459408302,5.368063985257712,-1.2348807389304994
0,0,142.75197910379484,10.604647995625038,-3.21511563718407
0,0,135.79278420134983,12.920403714037315,-3.0491995518472663
1,240,452.6117194667322,2.308787438574564,29.318714326491374
1,240,446.2357761039146,1.7873398634066948,30.088099974699062
0,0,177.3328405722311,2.5882530020523906,9.568433404621544
0,0,66.26821670790125,6.239084074520872,-1.1485356831824447
0,0,64.5428572866495,5.188389035220897,-1.4072485293690846
0,0,71.95782975225666,4.973294214535829,-1.61998042732003
0,0,72.25133730776116,5.891025197330043,-1.9842507778625134
0,0,129.10734377268497,4.717022784604467,1.419491293063217
1,360,689.9010861629357,4.780893794837472,31.909171677968075
1,240,617.3835952085371,4.186049156221945,25.61690453665325
1,0,233.0284370892786,3.019132793264642,13.220288714498707
0,0,117.80713001087163,3.266513721503168,3.423905554581154
0,0,67.46080405748468,5.595855397153916,-1.0392107212200727
0,0,60.87246263686005,6.308973083082932,-1.4090609248235637
0,0,61.75471972030543,8.176435079075489,-2.1031555443699688
0,0,64.86323696854,5.9652816202901615,-1.5487421896604587
0,0,84.7321392013644,6.034501009783441,-0.9469529234499845
1,360,432.4826887022985,3.120606704506249,34.06537273781039
0,0,461.5064896569981,105.19799318036777,-23.94203993118677
0,0,101.6912339532693,15.85417361280616,-3.604104314070682
0,0,71.53526117211402,13.764653479774486,-3.272182316217112
0,0,61.62206516516133,6.941951715459051,-0.97082581751215
0,0,60.61272519926482,5.194748160245367,-1.1234316283596684
0,0,59.13175419256394,5.470591508713335,-1.3962896134140408
0,0,62.47132865069636,7.713046951609392,-2.311470058647629
0,0,76.95092702969689,5.77299806807079,-0.7355472973913919
1,360,354.9544785677105,2.495952285459543,35.69716272104962
0,0,212.44750569364817,96.9138053832164,-26.037834854482256
0,0,188.64119362396016,21.86516350292736,-6.299189194393051
0,0,98.5908786670672,11.83685988862676,-2.1546106666314273
0,0,67.82924862689963,10.266995738773339,-2.258577701506809
0,0,71.38506973465852,4.256204839224469,-0.5954750201240842
0,0,60.25284502195476,5.323075420557879,-1.3866199816889946
0,0,61.33526288818766,6.2717113087697465,-1.8366858569962403
0,0,72.43024298108917,5.759497392506174,-1.1203986400480943
1,360,333.1407508234284,2.234558540387488,35.71269753923083
0,0,147.48821830246794,70.64488395239452,-22.097766395729423
0,0,109.14023726612845,6.4803581129501895,0.8050046907678876
0,0,151.0395900073133,13.193413364559234,-3.9389113495864763
0,0,99.43533566384978,10.639727190803663,-1.7961156753651721
0,0,68.62715976798047,7.530423241050693,-1.614860278062352
0,0,95.62652207323082,3.6910346133038434,0.38417492056154856
0,0,72.14121883667332,12.63384285066257,-4.47785857748768
0,0,87.66238559554016,5.171384591415664,0.5969755098854108
1,360,344.8040131908686,2.4135868838706904,35.63099707708187
0,0,185.30979813194776,101.62857339256028,-28.529619690749414
0,0,83.42406008902176,10.924736739920684,-3.11090025657586
0,0,82.3666155593965,7.172596679235959,-1.5766414549654968
0,0,158.5595910537964,18.46940247173079,-6.310311912852725
0,0,113.66348326392969,12.419782239482652,-2.4147396118903828
0,0,74.2276883975692,7.4287133387221775,-1.2002338672249664
0,0,68.36589763053335,8.601974387478748,-2.415822822001658
0,0,78.55220762396779,6.531377310301129,-0.9940065138934386
1,360,334.183645522125,2.4043137427099803,35.85073549506964
0,0,146.462418379806,89.053574896857,-25.111272777152635
0,0,69.60419763552771,8.052146740787672,-1.4984231170278974
0,0,66.06349882964561,5.607763245688349,-1.078898482906851
0,0,84.84751760353981,21.068230175728182,-6.901940139824248
0,0,142.80536060269873,14.18504881419925,-3.7896714160115437
0,0,107.5430206487862,11.184144640301566,-1.9696934907573365
0,0,72.95994298093693,9.42184983862202,-2.2602262944566576
0,0,80.8895895010113,10.288502964712908,-2.8298257265310838
1,360,349.6047205535397,2.640004313243691,36.50358887111116
0,0,161.99528961894853,88.92826408093451,-25.656085191510023
0,0,76.14195756366789,7.601401959889776,-0.9995652311474004
0,0,64.1729617017621,7.9493394573437435,-1.593296470920322
0,0,91.04755934849972,50.522924790525465,-13.415293106826255
0,0,77.26504353933332,9.4655970811802,-1.040690227713526
0,0,138.68388718594497,12.877913586523354,-3.728229624919308
0,0,115.8249521870571,16.972946440356818,-4.5217787845360675
0,0,86.8527132938917,8.092499862971618,-0.6688796780062063
1,360,350.87719310651573,2.602658836546908,36.66341784401777
0,0,158.88898290209775,81.08844343939927,-23.553981229810333
0,0,75.34964643542597,15.918420945346014,-5.19932935111467
0,0,62.91720416686501,8.514751540286516,-1.644619494387726
0,0,68.44336825349139,14.849638520350595,-4.467576007358204
0,0,66.71354242523854,8.571471524237836,-1.746309146053548
0,0,77.4949898155101,6.775664183314168,-1.4710416789955616
0,0,156.4011035140225,11.572517383032821,-3.424587336897659
0,0,165.34619446743017,12.139062945154013,0.011090938479526358
1,360,412.6811339923002,3.374845362264529,36.70776076720715
0,0,148.86932430288425,79.37848541437042,-22.521946191353067
0,0,71.24304592726466,8.811453252011503,-2.1440163433479853
0,0,94.06630635043568,3.7389773532350112,0.3025061621231515
0,0,67.00741840264034,7.342854547085823,-2.343025818572187
0,0,75.81470256237088,4.5735411062158295,-1.106787180308359
0,0,70.49567093443474,6.140775060953404,-1.5214135911457447
0,0,89.43881962781582,22.745014080853604,-7.546333909094301
0,0,155.6456005673353,14.38042055570887,-3.5781548269659282
1,360,690.3499487304871,7.269756420722441,33.69954362149802
0,0,179.84014996436693,77.59490178003249,-20.768102206356033
0,0,73.59227965334279,8.846868159176092,-1.3929237361414408
0,0,61.47033202376637,7.930321192848507,-1.5521556224989155
0,0,60.112538627405236,7.436456373237179,-1.5509297456900555
0,0,60.06929723272081,5.803816789363014,-1.1764032447769068
0,0,61.78043556873685,7.702980104288316,-1.8488283781460524
0,0,83.97370588358635,25.727190579663258,-8.698367492073814
0,0,114.17049981096227,13.836088839110609,-3.2491812741957347
1,360,702.4587181921986,5.621377630151438,34.18312031888189
0,0,219.202776241924,105.6448799807818,-23.976486012725324
0,0,78.38582262711874,15.224089142631628,-3.613182143198344
0,0,62.702601245703406,6.5760626512717035,-0.7698982677982116
0,0,59.76600665883574,6.675339092927759,-1.314837496997896
0,0,58.5252864053776,6.85370007347112,-1.3739173616523885
0,0,61.02763060394367,8.664285058938276,-1.9989084600511973
0,0,71.28009216604529,15.451185666814947,-5.073624138689098
0,0,84.96995837008497,11.782510644963425,-3.390891576509361
1,360,416.5962004581,3.017256822052747,36.10475619209136
0,0,217.10111636280106,20.610900205686235,-6.389993905428497
0,0,119.49023994254706,29.031215603340147,-8.014560726608636
0,0,70.4183646843232,6.167757009373771,-0.1128917056715153
0,0,60.89962383273471,7.458974796166731,-1.4001257623934862
0,0,59.22828072965606,5.824630932492849,-1.1650374645361694
0,0,60.18245376745405,5.8890668774119135,-1.360675778536006
0,0,63.037003631808005,9.530014074616187,-2.794122064473086
0,0,75.83387750511795,6.0575076590151635,-1.1578090185253131
1,360,346.86230131063576,2.1029869666622223,33.33460220908172
0,0,89.34599431378423,7.919116354091136,-2.0202926128332876
0,0,153.81959961980004,12.195964321871942,-3.7035218664786953
0,0,105.5377286019381,14.772109807978893,-3.1025727485984476
0,0,81.24234496563052,24.91707965456338,-6.852244573499647
0,0,73.01001435079435,20.24941600763732,-5.478940226521274
0,0,64.10451458127329,5.921258678775766,-0.33474370436422873
0,0,64.68808353053525,9.123652764636969,-2.883452552966858
0,0,89.88410566894878,4.676575807456702,0.20893266036425473
1,360,327.338797440543,2.000042736191762,35.393906161506635
0,0,76.62154084942473,6.239375115153866,-1.1957160884681883
0,0,86.07977548941848,20.966772959840718,-7.308328869864184
0,0,173.9424408963591,7.236081891420576,1.3547787358300951
0,0,123.961260719399,33.35257067790543,-9.168945668122376
0,0,69.96096039678372,7.374808101233829,-0.6525099954465503
0,0,64.6954066242477,5.3729918220839545,-0.8822720699274527
0,0,73.22233872422188,20.79494798483056,-7.228736704468375
0,0,91.86803491378278,4.748914972045361,1.610796766617952
1,360,332.13177361140004,2.0129870503602834,35.75711443774489
0,0,71.16245222022339,7.357764852010863,-1.511928897732389
0,0,83.34873198109726,36.06687789036536,-10.741550107671884
0,0,77.31111328058316,8.870887810300948,-1.24987659403196
0,0,153.45002144454725,8.075860460828544,-0.909177952301178
0,0,101.6771205605882,12.573056419913511,-2.607107159749347
0,0,68.12762501947765,7.122255223017975,-1.1526096099911882
0,0,66.42354904783134,8.461598044960288,-2.4235955150440276
0,0,72.9020553988276,5.658195398289638,-0.7783578745696929
1,360,318.46493094192687,1.98186803830642,35.485265687477124
0,0,68.854402394234,6.121237886802442,-1.0981849068393075
0,0,71.8578060411548,21.61564286200409,-6.998187321174882
0,0,69.9270032339112,5.676246685922074,-0.5707197061176146
0,0,92.45926137047935,4.194594470187276,-0.6838808170594319
0,0,140.66173463545894,8.274572175617886,-1.9459949671033314
0,0,108.78946561172545,12.404901715459593,-2.361852538701328
0,0,78.37076267356302,16.84862471136072,-5.016705410305406
0,0,75.97720495922533,6.936071792220998,-0.5561518511089076
1,360,327.0146995315044,2.1231233686591002,35.95374085072429
0,0,70.58204036321982,8.059565795187185,-2.1711969912133497
0,0,78.27178187983198,28.732291153385503,-9.616950802242329
0,0,78.60676240491387,7.158795938522595,-1.0999021911620588
1,240,420.72678806579,2.1551211429342905,29.393830984744497
1,360,557.5245818587358,2.680525065807726,38.51920511036522
1,360,855.0631036898919,5.100377445351962,34.97052424259908
0,0,107.01481700864439,13.128327654506045,-3.039260438582346
0,0,82.49635674753735,6.966217284638142,-0.5737843981397646
1,360,335.04566207333573,2.174811733853032,35.663345429770786
0,0,73.5679127958584,9.00497587024359,-2.3965786696832936
0,0,92.41068636032789,54.86124053999459,-15.340194462224815
0,0,87.84991234126493,5.6812503286806315,1.89651589026181
1,360,401.1048872089727,2.1313559831536337,36.12642039431685
1,360,477.2101952959032,2.3615267086277867,39.270139199018885
1,360,580.1314029192879,3.7040493186952284,36.20213942307089
0,0,688.6547092163468,109.1334256682284,-22.662742370011813
0,0,159.7017556157127,14.418654721594306,-1.9395802496638765
1,360,401.3740959233431,2.917645119636514,36.52316062843879
0,0,82.46849271604323,5.188650746177697,0.8445233659982705
0,0,88.76237435225957,37.242696486885976,-11.994179564302428
0,0,91.66453566180283,6.188962816487232,1.2239058185809881
1,360,393.0684833591197,2.2508344801586615,37.35379784547527
1,360,448.0901285334542,2.2885264982603117,39.573194968394915
1,360,448.3226991071456,2.755893760334248,36.839457980931186
0,0,253.08371545790237,83.40797501520207,-23.84027630419628
0,0,252.1600987654634,14.148013104005646,-0.6254033229058535
1,360,644.3666789339561,5.883695485636473,34.24238512184806
0,0,98.21828510028575,6.222974411452425,1.6857654742217392
0,0,88.73923178908007,29.93715786120785,-10.028274743228252
0,0,109.75855123432022,4.99801055827672,2.7668778566474117
1,360,397.33102268633434,2.106517808450094,36.46493148001804
1,360,438.83110811537335,2.188577053342069,39.515716141124415
1,360,424.7463729898387,2.560924286614262,36.29462971471851
0,0,202.65675612126984,92.48271761181928,-26.346639563375675
0,0,106.53001913603347,10.281858213764895,-2.1002282350936525
0,0,171.99905506431548,9.309233809007516,-1.0498843037799617
0,0,108.5909485574028,16.436142974798667,-3.747283554974217
0,0,96.61229437375862,45.02484325315494,-12.444509637197783
0,0,80.13918211256515,7.546322181676337,-0.16512356884204848
1,360,387.73926628273057,2.1154144016910625,33.30893277142037
1,360,418.4523666569802,2.1077816918811267,40.00567585223716
1,360,387.32450257878145,2.136181617338988,37.38632585252411
0,0,125.29905164075143,58.72921296770774,-18.510037124439762
0,0,70.91367108305089,8.12907803021661,-1.4085589494061423
0,0,74.31371207657372,6.425775585554672,-1.360992815641751
0,0,144.09635627506512,8.493813761290882,-1.894481721372486
0,0,122.76417295463933,17.216628219588703,-4.66795402608885
0,0,105.69464232201199,16.938321178320507,-5.738514356845187
1,360,426.6090234141113,2.6545870282469424,35.53172219137143
1,360,455.8419973180092,2.4323222297971094,41.188012898573575
1,360,409.52794133799637,2.531616720484669,38.909234725749
0,0,146.34226749705326,65.8628508124434,-20.788012136596464
0,0,76.70928760930278,7.769298563193195,-1.4077082331724142
0,0,73.27675180443823,7.3474624648286655,-1.9640925018892688
0,0,84.11697665740182,5.68075668766901,-1.1969155455182374
0,0,154.10385128363856,10.858214326959814,-3.17522708533032
0,0,190.19146762355743,12.386153283985333,0.4141454949574239
1,360,497.75521405859087,3.1677837142758807,37.458631448439675
1,360,488.35807510522756,2.5865624846391944,40.93999477075387
1,360,423.86197905938894,2.6388015709068764,38.05977607253514
0,0,161.88013793794067,74.4299246901554,-22.66341343188563
0,0,71.17895185319315,8.804332909083373,-2.0437639265615104
0,0,64.16161430732532,8.354161184935712,-2.0139835744290906
0,0,66.65373338123408,6.075061695829679,-1.4583126392001304
0,0,99.4195785427038,4.76457747035831,-0.5422127863599115
0,0,212.0813736801424,54.28096417715711,-14.233682123677681
1,360,925.9535528573547,7.924933556944713,36.012392715286026
1,360,664.5389227529283,4.022503271962444,41.689544464045824
1,360,486.3797968854952,3.0804541521848843,39.42108056506129
0,0,148.80133062473058,57.28429775069517,-18.059839150338448
0,0,71.46244966914952,7.5507315600726415,-1.2496916557202695
0,0,64.27222589695262,5.302609623736062,-1.1750347012704765
0,0,62.873486657728684,6.234787953797252,-1.5508187827030468
0,0,65.85574288774457,8.038533258776157,-1.9122410832456467
0,0,102.45971668679982,42.48435182388,-11.966792842318327
0,0,208.5591016371544,60.94280755800391,-13.609245840213916
1,360,799.6013927293077,6.7505056383014415,35.728845295816484
1,360,531.8052419213416,3.728564641347749,38.98297755654393
0,0,159.76246020832906,68.37707368126814,-19.780616165206894
0,0,71.44470306975812,11.236780128423643,-2.7757973197613666
0,0,60.1801185394281,6.321907019058338,-1.06494356630256
0,0,60.0717684934473,6.286014715010482,-1.4171559389234432
0,0,61.40110838327863,5.148383356893392,-0.9669579648221287
0,0,89.74161708316142,49.044460033754184,-13.085622072423433
0,0,99.48669934436234,42.858602101911345,-11.120747621942911
0,0,156.08601777139472,17.66715911946328,-4.171310115996761
1,360,665.9112206359846,6.979476103180612,34.76241051848841
0,0,160.56162965188992,69.70673861251828,-19.27280198108926
0,0,72.09564788199214,7.203291764662383,-0.7909548155710553
0,0,66.62424829339183,4.974740393185047,-1.0926790291029818
0,0,63.15827678434019,5.344033955939742,-1.482116841889379
0,0,64.70987143473855,5.153887409050385,-1.1563982034047768
0,0,82.96587361345416,36.375974774475374,-10.60141970693519
0,0,90.78889316842125,36.96897209471652,-9.992338587292721
0,0,131.319099450779,79.31007958497216,-17.84780473402013
0,0,165.08081734079167,20.35254636874516,-4.377225716174323
0,0,203.2497226629275,97.05588735921194,-22.124703981813724
0,0,82.41749745742797,16.60335461735653,-4.219711114139599
0,0,68.93241714799419,6.119782683637473,-0.5234019180860514
0,0,63.25652640230583,7.125565415395717,-1.5012341793654542
0,0,69.78275189104598,13.18338712755904,-3.5728550233483247
0,0,99.64819283202111,66.13492191332713,-16.04436029383021
0,0,100.43959707559276,67.70338275098116,-15.600053925943882
0,0,78.57106515708027,21.340479962023807,-5.152603365680477
0,0,98.12493265953958,30.959460420275462,-8.957497770449677
0,0,176.68371519736684,26.364958522548832,-7.375831353627802
0,0,99.8412232340886,11.13853383524065,-2.008699622666768
0,0,68.51752874740292,6.395893157771693,-0.9367654644522361
0,0,63.578215398939044,5.916477039104702,-1.251065483178479
0,0,68.41462000944375,5.316504670639031,-0.791657581155448
0,0,99.95454980969753,65.95265557359221,-16.31046010458057
0,0,112.79431365988218,82.85371813618004,-18.55427436859388
0,0,103.89131349123356,64.2001668107285,-14.974264950828967
0,0,109.61047963978149,64.9445810660588,-15.590807010359825
0,0,90.665551185235,17.121766119812616,-4.298822439925033
0,0,160.92440619211564,15.061784129287993,-4.018598626113999
0,0,98.99763911380116,9.5578159002926,-1.2307856763146958
0,0,68.8354485046253,10.411905998005478,-2.1366293787842636
0,0,64.76915902005761,9.842556518840217,-1.853842848368501
0,0,87.71781325298137,46.79464464703679,-12.227645688968707
0,0,100.50853164659185,69.3302213761301,-16.06015930959954
0,0,101.54143927785705,63.64215573315375,-15.771544580389943
0,0,78.5022779548401,5.830403012767667,1.4695884397217611
0,0,67.37919577321853,7.220212731696913,-1.5880178031097643
0,0,81.7666943459237,5.9703583616263085,-1.3594446177753952
0,0,155.58757128449622,11.422070583386985,-3.4498974658391717
0,0,111.20836508456806,19.595299252015877,-4.7838416561400265
0,0,78.61763935292795,19.588687891776146,-4.839391841017289
0,0,101.56673002409927,72.90002380340546,-16.535366227391904
0,0,93.77431782675389,63.69789114243655,-14.325559476920873
0,0,88.27654489833624,53.97953813143608,-12.718556511398674
0,0,75.1864185308353,27.79803537979826,-7.2084516136528265
0,0,65.59365321803583,9.166018353833556,-1.339989107386529
0,0,67.2005168210581,6.959504398596203,-1.7515296903947188
0,0,144.07359346984128,4.4257416482657685,2.402739604898983
1,360,684.5966723822786,4.514113316313198,31.643822188367963
0,0,133.34509114022606,29.19564228033702,-7.544045957981211
0,0,116.45205160049213,67.85548554926744,-15.841303311556075
0,0,110.16679670470175,63.858664695457115,-15.21078519961388
0,0,84.08510532927093,36.55830609072372,-9.57647573174296
0,0,73.00571231663974,14.926515662685022,-3.770215905622692
0,0,70.82486440171445,6.234755014314758,-0.812354820208455
0,0,73.07604689084856,10.008259262364387,-3.5750425793779215
0,0,121.41613423651282,6.758306429717254,-0.055444582111590535
1,360,505.36130113239955,2.928258626999252,35.74663107744844
1,360,767.406714869234,4.028823140343394,28.73160387827663
0,0,180.98357282876322,87.43558029714477,-19.570510391281815
0,0,102.68736741115497,57.79380025120113,-13.737392238353664
0,0,84.06798221309036,40.17541141976344,-10.199939768082459
0,0,66.87631121946488,11.116808216019889,-1.6284347501397463
0,0,68.51629878506886,17.13015169984914,-4.9241622791401625
0,0,62.02638835934393,7.167954468333258,-1.2262784654614336
0,0,71.50253963960475,6.412094419675021,-1.5506549801984164
1,360,376.78314723693535,2.017453508818718,34.787477585648844
1,240,452.2297396436134,2.137538904508051,28.035305850845333
0,0,216.66846435873083,23.073445087510166,-7.477003178020908
0,0,117.88497472375614,27.566107129881456,-7.473056066054454
0,0,71.98787597498863,10.457959906789805,-1.9240929870485246
0,0,62.62240430070538,5.978108615753911,-0.8501033715984505
0,0,65.64361122730946,9.343017986175765,-2.6644644561293234
0,0,71.61634232966557,13.17380579918541,-4.6869815363849625
0,0,82.74790388295418,6.097143332196847,-0.5439459225379437
1,360,364.6509348064973,2.0495760470241757,35.86392423866839
1,240,396.38913226778936,1.8023939965515283,27.266110424901086
0,0,95.65835372515738,6.618327165891871,-0.9919616245614264
0,0,149.21807813889592,11.15062578389642,-3.1389474725302478
0,0,116.46030425099161,24.796190851359245,-6.494124742808509
0,0,84.55137441446234,27.36430451844714,-7.855032938952476
0,0,70.59046305459496,6.369308288044402,-0.07519070984737652
0,0,64.50367420086454,8.2560719183268,-2.275280273027505
0,0,79.99073642809992,5.367834762557617,-0.6519921681738339
1,360,354.95704051690404,1.9248166290141178,35.520731571705795
1,240,379.8562393027374,1.7651164293357777,28.15980632226909
0,0,90.72831327244705,17.022543374025283,-6.692198958570785
0,0,104.01277935675819,15.438175924907226,-5.377356253890696
1,240,713.9479947356471,4.457424466941222,28.95165933337016
0,0,129.0093775561788,28.762553964507422,-7.8479788633497805
0,0,74.91760657850817,10.12306373704869,-1.793722045216839
0,0,66.58706035388147,8.199289665216794,-1.9647529958595698
0,0,75.24536036637383,6.706160070348921,-1.5454502877125265
1,360,360.2662381141969,1.9909184995409557,35.24531087004671
1,360,384.1617422912062,1.789215496199249,31.03578729117443
0,0,86.25477022260593,8.717412383168824,-3.7143751033984955
1,120,336.12687264935136,2.287936520543041,18.103621822101843
1,240,499.46500907168905,2.315434220038621,30.334596324411237
0,0,287.5023919391188,43.842447589554446,-12.309467682008204
0,0,105.6957872639082,15.135908794318135,-3.5201000489533385
0,0,72.75780405596238,10.885967420251168,-2.7668093178136672
0,0,78.80599363091434,5.440023217733223,-0.32673851744431204
1,360,359.8996980025895,1.9237242113823685,34.788629487133036
1,360,384.1929844680971,1.7513990525866718,30.49815576726205
0,0,90.8648730997025,7.419804336772051,-2.7712953928598694
1,240,404.9048246658814,1.9497333170046975,26.458659188197657
1,240,428.36379990685504,2.1268344751491135,33.750914200531284
0,0,158.01360113805887,60.73764060709735,-17.84885624042083
0,0,176.6616325556457,16.966524594947874,-3.8479692558051966
0,0,110.74224903616476,12.537414094951979,-2.8240820709654457
0,0,86.47061444215997,7.294772829612078,-0.8844120703911926
1,360,371.4650848419906,2.1004734134124665,35.61533544405836
1,240,390.6024825637148,1.7517737956032633,28.76596013263523
0,0,85.00037301471424,8.48796948489005,-3.4442013658393904
1,120,341.27237756366003,2.1224131392694376,20.12075983946346
1,240,409.2042288549426,1.983892688415325,32.72236128628539
0,0,131.7178679763562,67.29840580171826,-19.182462257808893
0,0,86.90187211104966,11.221574721833521,-2.4084464253414524
0,0,161.32923950892527,10.503083388000126,-2.028435182499024
0,0,143.0365255051512,11.234226190465899,-1.045546179383095
1,360,434.95689680396936,2.500601039136163,34.61281127619364
1,240,419.09140293988764,1.8691072780205473,29.850026244096043
0,0,82.35258718715322,8.227032831540821,-2.6034189614192513
1,240,384.70047712958154,1.9207887620212183,25.347824577108938
1,240,404.48140021333114,1.8837108622164749,32.058485586867675
0,0,112.07679784482097,48.03637108699558,-15.60684380395847
0,0,79.06567438821769,6.488998184330915,-0.34856652217445117
0,0,124.16317859123515,3.8269731502013804,1.1390032816640456
0,0,166.98801847449144,8.160827179082839,-1.2024689788204341
1,360,722.420247358033,5.518379026973574,33.69411171908635
1,240,491.25108254763023,2.5023881188679034,30.379330260031026
0,0,83.67179830882345,6.875396814241475,-0.6530912301404044
1,120,338.9861213099031,2.025319953586624,20.10176931682969
1,240,402.5117373979664,1.8288237574143358,31.987923695033672
0,0,104.1842259036732,50.6866331160685,-15.47421661472427
0,0,64.2307642634336,6.420195727465366,-0.40207710167145194
0,0,68.66401896179786,4.592943363856303,-1.147531732347602
0,0,71.27465085802365,5.672544829560707,-1.4533404405917878
0,0,135.74920839294325,8.118137609770763,-1.9405102251740516
1,240,603.2558737496315,4.813358587802815,26.941644082984155
0,0,105.15894554728204,12.042261476942874,-3.038658068081432
1,240,408.867729298038,2.2340867838265654,25.365451840188044
1,360,409.36325108187486,2.2266095213004538,36.94311854660435
0,0,129.14519487161047,60.63453009992416,-19.608697510668094
0,0,151.09012615556423,4.148012176005684,6.468666510678489
0,0,152.4004044632323,2.848491383495328,6.135164611247987
0,0,67.65988224669705,6.687792022213598,-1.4778315570101483
0,0,75.61656526600392,5.996815083229924,-1.4277555461586502
0,0,153.96770522251393,9.389488827587822,-2.423204502613615
0,0,124.44330392982394,10.70675136684033,-2.103710359305012
1,240,459.42972376207416,2.1897118861978515,27.637212925072248
1,240,422.89016144672496,2.159476599848978,32.380331088710506
0,0,141.46538182207928,79.64270157674383,-22.55249271649103
0,0,77.70894658134412,6.268265748655729,0.2586599303994319
0,0,71.60598117230771,4.437186087916349,-0.8454957656617097
0,0,63.197391853774874,6.11198956306005,-1.5789611097891623
0,0,66.88899060076113,8.317631750075781,-2.1904675632905253
0,0,100.3252955989633,28.550548235564175,-9.426813082027053
0,0,201.55459650937095,11.627379219190855,-0.5162897190139688
1,240,640.6524874226217,4.566169430524013,25.207588497337014
1,240,490.6900836905997,2.624365278671697,32.71110646903165
0,0,131.76410775848169,62.97077507889921,-18.15469665237559
0,0,72.98146448776833,6.296139319232369,-0.12862731401970962
0,0,111.88773506318593,2.975169187941314,1.4747878482558718
0,0,77.20679887138506,3.78264721057062,-1.0818152242796515
0,0,74.70845063339739,3.8277420389434296,-1.3343247110973238
0,0,65.93260136355016,9.643807803536292,-2.8960600618717365
0,0,83.55500856737991,5.170777692731359,-0.8427798144558807
0,0,156.70954632644057,10.261045875538212,-2.838533679035379
1,240,604.8464134285889,5.360604771763104,28.66366282651674
0,0,167.66048479355686,84.96528877099954,-21.873927631174084
0,0,71.93009608543389,8.570282995513331,-1.0075334304049761
0,0,64.40263024450861,4.963339722435862,-0.9620069020208319
0,0,68.08366945311538,4.134569257341878,-1.337030094399637
0,0,61.48892882753614,4.966187408381327,-1.2989169503380396
0,0,68.46099015624061,15.647048341981463,-4.658300246219099
0,0,68.56741874032627,11.974737342733562,-2.74351765844537
0,0,85.89956616937695,16.75104803724651,-5.140513684048301
0,0,174.27399793181073,35.98011258612174,-10.209493152868731
0,0,188.55257965561617,78.15548303969335,-18.901292616632404
0,0,86.60465199642624,9.41083722205016,-1.1837796414371127
0,0,75.16153021466552,4.711488951545494,-0.6216939887687118
0,0,69.34808773661358,4.608958720735145,-1.1937451744608438
0,0,62.03496408750719,7.3693744402997,-1.7644172487430154
0,0,69.88334240506677,16.329314367135762,-4.821436972928922
0,0,70.65869478997459,15.740293248534837,-4.150232432416871
0,0,73.5162600458572,15.467021887056116,-4.082978294386081
0,0,103.62364648080265,40.91641440813958,-11.534634279533577
0,0,186.69767175921598,10.244784600605135,0.9621177124686682
0,0,109.75649940775374,14.439052834547985,-3.1705455040689117
0,0,68.41565159075618,8.57688172143101,-1.50980474912393
0,0,63.13872775166663,5.062921643950115,-0.9085280262344071
0,0,61.37836258214236,4.9921428181349325,-1.3028587783527286
0,0,62.39198191007671,7.907226554588206,-2.17655491830034
0,0,68.11715616956519,4.685034486070816,-1.0876011514593813
0,0,64.98707207026571,8.940058918634955,-2.774803936830054
0,0,82.31030368940176,7.382994690698029,-2.6271122011214914
1,120,293.98008776194104,4.166740302319502,10.623490620907234
1,360,750.2212957118041,4.322293624203467,29.74468538176245
0,0,100.55247020886655,8.985966630264105,-1.0119983696441324
0,0,67.07614892458861,7.702749076685071,-1.3575318272374375
0,0,64.12968063087335,6.445118281391184,-1.2136709565565411
0,0,65.81046667058122,10.282428563160407,-2.7968274477753994
0,0,66.27840782438344,9.351057024807423,-2.2013049483550446
0,0,96.54689665297359,47.702507321856466,-14.131157607633412
0,0,114.4537539016635,14.910473683484714,-3.6378423460730858
1,360,468.26327923709664,2.9462760726976196,36.33887752677616
1,360,610.4313266377613,3.1907502044125073,40.055144208635994
1,360,940.8072354948134,5.97046846071848,35.29342653479438
0,0,102.06610606778482,11.193567137197967,-1.9542062281419703
0,0,67.60350236035205,7.835647705451631,-1.2154622162039743
0,0,63.14599983311638,9.747372243851792,-2.1988796144961356
0,0,61.95429669608646,6.242210166777278,-1.2127198452393344
0,0,68.45537313931412,10.712785158071949,-3.8668488154519736
0,0,106.4121014567813,4.702217164062147,1.0531390655263806
1,360,403.68270688422217,2.225852364428882,36.05375548968145
1,360,481.6946493019335,2.4118909517480427,37.75844287143363
1,360,524.7312694278152,3.508201082753916,30.416666663183562
0,0,469.7493004578051,88.21958690798114,-20.084105218627414
0,0,107.15934041691068,11.9895167921802,-2.023008564039131
0,0,83.32814569908207,24.999827244394318,-7.240926781184044
0,0,67.18467467947427,6.9811375165305085,-0.7912401489662244
0,0,78.1082989139278,12.165404604181795,-5.041857020694039
1,240,360.4359389081216,2.315381877847261,25.193025926280058
1,360,436.71353241028714,2.1620345988388117,38.7419025413399
1,360,423.2656117002178,2.067873703936635,37.7232517526966
1,0,200.70282775493428,3.18393331082653,11.556002427921214
0,0,126.55365856572311,45.42863979575751,-13.690814203568834
0,0,168.07173431940865,12.774754346965109,-1.7053743717508638
0,0,123.2413189878448,22.931623017568278,-6.234899353300918
0,0,74.64880029421022,10.388999069672813,-2.246170982768888
0,0,85.912778345417,23.19902483400206,-8.737452883259678
1,120,293.400021654718,2.840314946611349,18.72723380909069
1,360,428.92380119074824,2.2306917610007573,39.27086838436209
1,360,403.91953981586386,2.1298534012809673,37.03598928277886
0,0,107.13042213198736,11.962704053430178,-3.212943933009754
0,0,109.11943559900408,65.21844985048028,-17.139390605197832
0,0,82.86229038002149,7.940567628033044,-0.19269522913782566
0,0,155.46782849984513,11.149235106019074,-2.7643258604853713
0,0,117.50610098063306,10.771489633037078,-1.6846190092284843
0,0,105.30140579292346,34.06286504408151,-11.634992375355296
1,120,246.67138334769007,3.4787049042451113,14.568827179567094
1,360,439.58785802848223,2.350911170749004,39.036007296430554
1,360,424.5151173989192,2.321042054126758,38.30014303820302
0,0,149.90704975896028,5.5965760047366935,5.312876037995963
0,0,114.45319843480296,59.732851023297584,-17.36562828385327
0,0,76.05280513255092,8.768263724526781,-1.5120662804782086
0,0,145.68356315285922,3.6735162233265477,3.1459802597867252
0,0,166.65114482766035,14.350830973462035,-4.449658126932192
0,0,219.24741763981817,13.933767490252817,-0.09364755335316488
1,360,509.107278951427,3.1945644159949844,35.493867960946176
1,360,489.2590196809097,2.52115843479286,40.87449490470817
1,360,422.221152625465,2.204767034600707,38.495152561943144
0,0,119.05470857964872,4.695640096982272,3.815298429519615
0,0,97.466511716805,50.093783797885685,-14.478957880532747
0,0,66.544895884743,7.3312887276983805,-0.3929622848814631
0,0,65.84303516630237,6.024275330985135,-0.9637558900541592
0,0,101.15048129650259,45.098689060648354,-12.584819692294388
0,0,148.2722087638601,12.017838429963916,-1.5719651576558533
1,360,863.2362204037885,7.136311808752899,35.06474767042475
1,360,636.0863231077998,3.5829026399534896,40.42243169563476
1,360,526.4857285109243,2.827235715932339,39.42821389994042
0,0,217.1771586424034,4.639093383733386,12.721325149582967
0,0,137.68190432193606,77.04829769036795,-21.144435818771896
0,0,79.3791674146433,6.2673429919201125,0.56683584903314
0,0,65.9553074884821,5.9873145242722705,-1.1386177057245703
0,0,65.68434168506307,7.661450185250341,-2.042664864594954
0,0,85.01056413119642,6.881758195394883,-1.645237716743921
1,240,647.8125232713569,3.542491535255838,27.290849887052275
1,360,958.8719246843059,8.43983091296707,34.6703112392712
1,360,642.382505963867,4.0111188453416124,38.91549092463559
1,120,312.6567427269333,3.571340881598136,22.718519612275685
0,0,116.38708464992548,54.4114442357022,-15.765758653210199
0,0,69.99232160228757,6.761252031658625,-0.21305957922979246
0,0,65.25116255427824,7.491834411696213,-1.6857656267608974
0,0,69.65247790816134,11.511369971653695,-3.854236022595316
0,0,112.48112103900358,4.0157917395978675,1.550691815321585
1,360,483.8446914782155,2.208553721410141,32.1999158397379
1,360,777.1749510296728,4.549766019467846,34.726257720530626
1,360,709.248427685828,6.396861488311855,33.34180951928552
0,0,181.98723342941213,6.8497310914435,7.043222289505962
0,0,125.3187990544466,62.04034028528126,-17.074434986183647
0,0,75.84548562889744,10.455494409086427,-1.7814685610800183
0,0,66.28591796305912,9.083588426957077,-1.7720895467019062
0,0,85.82831904246868,46.6290881006678,-13.096380198211506
0,0,70.68500578147088,6.629475601425794,-0.3003293265362572
1,240,418.00264254899207,1.8370797228433768,26.58814771008504
1,360,467.2963134574186,2.1544736339291024,35.15924586374206
0,0,183.02619451585142,7.656244844564732,1.5573337426868221
0,0,192.5065174655955,95.15427749806634,-21.07619886571331
0,0,123.26921702751407,83.20210776187317,-18.995595303734504
0,0,68.56266893186573,8.598025259385782,-0.16506016142089663
0,0,62.22110783410981,8.324141133287519,-1.5679493543164824
0,0,68.97281886005483,15.086362397937881,-4.6802867695021035
0,0,76.26650116904224,11.955318389738947,-4.3086664420582395
1,240,413.86411970043713,2.104186099192736,30.93079516965716
1,360,415.3208938905293,2.3122772188157654,38.06905469182978
0,0,123.12112276085857,20.671698368305773,-7.804412681069465
0,0,177.10762710042732,16.299244680650933,-4.688989438054648
0,0,198.97718493222305,88.9210589075583,-20.69399478288952
0,0,81.59167694061948,12.071343881404463,-2.361546069499113
0,0,66.43498713073517,6.085654672419082,-0.742781027353999
0,0,66.67771481273358,12.991968123948688,-3.998202572311442
0,0,67.80619108415794,8.110742019112205,-2.4185070694969113
1,240,390.65131830320894,1.8426483002879936,28.895226728548593
1,360,386.21452108660145,1.9712448295892484,36.49639212881088
0,0,88.80238497030616,12.368475160079232,-4.010323957654208
0,0,108.31068718611347,49.19950482417554,-13.641208464424182
0,0,161.78917740551233,12.58042583947639,-1.4506244893859588
0,0,140.58594174914091,38.46026971288679,-10.122255109272857
0,0,91.42187032812548,33.92462390198992,-9.354618449098496
0,0,67.4659903041928,7.091835385321978,-0.5920351675268165
0,0,83.7390721472701,4.452325164315696,-0.6277546814400807
1,360,383.0652733806133,1.6953789198319007,30.10511429937374
1,360,366.30262118434774,1.9299333038324658,37.528273932667034
0,0,76.2665748534217,9.244397175589073,-2.2858006209862793
0,0,105.34730549329764,72.75089548551095,-17.625561722897004
0,0,97.75929943260248,40.522288536616585,-10.61079343736155
0,0,147.33954589683515,10.268254658720709,-0.3800166030637797
0,0,120.51219694141874,27.4964252339559,-7.472680905479336
0,0,77.32629226275185,16.495735462113768,-4.5117973996570555
0,0,73.06045414254906,7.152911503026667,-1.468494814246128
1,240,383.6547484162904,1.9215687057950632,29.152248710171293
1,360,378.7064229014157,2.011297209785768,37.3493910297055
0,0,97.48836763735858,4.688876673652124,1.725506075426125
0,0,83.62125082451414,36.536520909699,-11.019787155620293
0,0,65.68675626549768,9.857306187384877,-1.6875146147942246
0,0,76.42599951042642,6.42124031516363,-1.1817506039603813
0,0,155.03650281460517,13.929471820754985,-4.6411326869433225
0,0,125.95298350436815,22.909182656699976,-6.541262876480147
0,0,86.8251553359738,12.946670469584356,-4.031517888172871
1,240,416.4957629808673,2.168707325785655,31.42639814125208
1,360,387.29167335371756,2.105729291386285,38.33670798439826
0,0,71.19444824499644,7.15717919652567,-0.7914779267955225
0,0,78.78941464553593,36.50629961134954,-10.655876113797646
0,0,61.703820818186394,6.920473819195675,-0.5260597458225078
0,0,74.55646243068891,5.289634174988197,-1.299387222044885
0,0,119.37826235788518,20.669774341547498,-7.55897840566152
1,360,723.3414154618622,6.106094298145219,34.131770875655675
0,0,120.57408048410645,10.900740552536782,-2.291375190095522
1,240,435.2312294167268,2.2126754433668587,27.406758652910483
1,360,394.2996246432481,2.1259220966066117,38.47297053244493
0,0,76.651955494054,8.196523651138882,-1.5701897498637152
0,0,74.76611149433914,24.740043924158165,-7.862282520770378
0,0,63.693820522282024,6.240602449296104,-0.6370544365417601
0,0,68.90746081547412,5.877879636460258,-1.7811303881672274
0,0,91.93856220098404,9.695395545379593,-3.451324132814989
1,360,411.03305248101407,2.806110227009069,35.71715719451824
0,0,212.0182318349747,10.773773737973846,-0.8931622945095938
1,240,692.2194007897867,4.960988384856743,28.62239516325303
1,360,495.06525809386216,3.0068881046797746,39.92688156355747
0,0,89.67776673434504,5.415854662098464,1.9593420767157852
0,0,75.73099710730473,24.97119606572032,-7.6666653425775735
0,0,60.769332845762506,7.191757531080072,-0.8380401097250854
0,0,65.43502775314678,7.053009662429015,-1.9251867650633159
0,0,81.2390575087008,14.754146509375037,-5.855960752666235
1,360,362.5360344111883,2.5535539645998084,33.63710844747446
0,0,88.36477910872456,7.463929706540229,-1.0402041041513854
0,0,168.67076565229877,27.377843096977916,-8.971119798092928
1,360,636.6199793920217,6.078551024845092,34.077081974915686
0,0,97.6142885738259,12.80045255801979,-2.4095719070668338
0,0,77.28713184908364,23.04261553679904,-7.051079678315702
0,0,67.20127633696946,5.2457402840490515,-0.17803226299739094
0,0,63.29205360926375,6.00467137541761,-1.6088999804744475
0,0,90.64758353270523,28.873851512370596,-10.631311022054632
1,360,366.7484003440202,2.809529616027407,38.84870177435988
0,0,79.32568955924317,5.581690066004183,0.5346301630418111
0,0,88.13176076072723,16.574746902423485,-6.0416546694494
0,0,159.2075488146477,10.587051092360703,-1.9267719505920127
0,0,133.9237855843853,36.685761131588826,-10.42526860703478
0,0,82.29431417905903,7.493336993568879,-1.0432370924629595
0,0,173.4658389939558,2.7053474476087,7.5648117358679485
0,0,73.32571790860376,6.896523656842108,-1.8184932110785894
0,0,100.52648796306325,32.92023139688323,-11.88068028044782
1,360,375.22280681749805,2.932380574568864,39.11046874466514
0,0,103.46106473153955,3.938896548231938,3.8655488107792735
0,0,91.6175703719411,35.996999259996414,-10.988659395788474
0,0,96.76283722902384,12.894617062728267,-3.395726392371884
0,0,385.25703225172776,119.21410576704899,-23.88118994269191
0,0,104.39199318163261,9.539618866730773,-1.4628779735227795
0,0,82.88970096918047,4.698295109516437,-0.2935235966663896
0,0,67.21524802892084,8.740983515860819,-2.44749482886499
0,0,91.58187312410749,29.957809563054155,-10.555354215471297
1,360,366.0355436489525,2.8423756947832612,39.231936227777325
0,0,78.76845994162345,12.20810319800962,-3.277661774194627
0,0,94.71479690603077,54.668964207387816,-14.746251864381392
0,0,77.11172901779457,10.193454057460759,-1.2360643441252535
0,0,163.94901393623326,95.55430179308468,-22.433196937553163
0,0,217.20892227797972,13.150277984169023,1.3345781882427445
0,0,107.89803198902274,13.595368003496873,-2.8347715053806155
0,0,85.71243618569542,23.69202330010122,-7.3053540050219965
0,0,103.04458928277529,39.155420941631434,-12.023568904004435
1,360,382.1926689508771,3.224047960181737,39.088466369526856
0,0,87.53862984622309,7.600580728956367,-0.06271529973653855
0,0,110.23691022577219,62.29530812391228,-17.050942536648378
0,0,89.57796974441074,13.866347137974648,-2.9961328242983
0,0,165.96606147561977,94.99248597966897,-23.190709546150927
0,0,174.1429304248396,32.04696871545576,-7.6755159617794675
1,360,824.5867002145834,7.7095887571733215,34.678744426283856
0,0,119.95865721080118,14.174516301865383,-3.1508680677060283
0,0,107.04228427809525,31.853454219287848,-10.177768306487778
1,360,374.86751207580204,2.953849220703594,39.13083309475712
0,0,71.9510451213172,6.0281572264357495,0.30968176861638597
0,0,73.85020332159746,23.350642113340896,-7.505198344624645
0,0,66.71568494027206,8.01264733779384,-1.204048880397366
0,0,129.12452923718664,85.6940364669848,-21.781706821066336
0,0,101.39965919571833,19.272272125391464,-5.008092568932824
1,360,453.20142122357686,3.6572944306498845,37.72402320965389
0,0,273.94555438014976,39.46985311945388,-11.348052658854343
0,0,206.26627046953803,46.25837904261744,-12.413376593414199
1,360,437.9718348902902,3.8640769954889103,37.95690809962632
0,0,79.91094191317433,5.529922285071636,1.443485718015907
0,0,94.2814817425454,51.88291570450778,-14.38279524241031
0,0,76.49890736988714,6.929196916121316,0.3899185761271866
0,0,146.8063657270652,97.22301417132174,-24.74025482020967
0,0,97.63700603481624,13.629853385539032,-2.3354856194073648
1,360,385.49490810074025,2.9594475790501913,37.41285129037095
0,0,124.84341011028978,26.459282761186113,-9.45837412590339
0,0,219.00527943285542,46.776552297857684,-12.537586447491023
1,240,623.2516831560022,4.740707626194933,31.189698238107255
0,0,100.73724796043456,4.971655362475311,3.2185077816763084
0,0,102.31850340758002,61.67676781428738,-15.67028292881686
0,0,75.00229827065324,23.061252966729555,-5.84648134320463
0,0,106.06333628471126,74.81557473648436,-18.32302221971601
0,0,79.09738701153127,7.394805074462343,1.2122335691380215
1,360,345.6344474834371,2.326351402356406,37.176035140287354
0,0,95.26835930876508,24.0159023410126,-8.788480005428397
0,0,145.46478856221438,87.62682061534323,-20.31538378726411
0,0,230.3624908961954,66.03046133859749,-14.208773575070111
0,0,113.8412326593031,19.45185998885127,-4.604610012362173
0,0,99.29430376156404,50.12365855483027,-12.743052911768785
0,0,77.03795961789709,19.31930790148958,-4.655203850486373
0,0,120.64181343291743,87.09026622641984,-21.012056975270525
0,0,90.0562267113373,21.303603985759008,-5.7093733628759935
1,360,368.6795432330151,2.9564744523357778,39.20417434521811
0,0,105.69187632376766,41.173508422681714,-12.975874394320073
0,0,122.65529011391475,84.72991496096871,-19.822623581717323
0,0,126.9207201360159,64.92770161179673,-15.283096079481211
0,0,249.9283236082731,69.46793548650179,-14.593836275797315
0,0,167.2871657190392,64.71643408824198,-15.740548919352179
0,0,91.40714478829193,19.851086516677157,-5.16599818339796
0,0,131.5665089248877,87.16480150691669,-21.34713877627796
0,0,83.19093971649905,10.67579547290868,-1.0136839502563078
1,360,353.77410015300063,2.537818142096377,37.29406805475402
0,0,90.89031121470366,11.092420364652362,-3.4329624004409425
0,0,140.67707232244493,93.5878525911659,-23.660225647895274
0,0,132.12063813054093,49.795534381709274,-14.355656866159038
1,240,532.9383489726134,4.90158721727558,32.436668582400344
1,360,899.2678366153181,6.547451777758145,37.091734973871326
0,0,143.38586881619852,26.77612448471428,-7.310923290179474
0,0,189.63603477119068,108.05968878408527,-25.814941917292366
0,0,104.96768357032158,13.331234866668375,-1.7978329596879234
1,360,370.805915719403,2.9830403705799897,37.86820111744052
0,0,116.56043565464807,39.43115599591038,-13.53602612064347
0,0,133.0368183686837,89.01762122610202,-22.390428631988968
0,0,146.66526580842918,58.927041182404984,-15.909149252184235
1,360,488.94469345419327,4.259557898052031,40.313117301575915
1,360,511.82557506210173,3.419768499225162,40.70440449747913
0,0,227.60569753126762,12.33051894927895,-0.10434227172008548
0,0,256.326803055147,106.4152126453511,-24.364782491931074
0,0,115.59770956080357,18.58698469236348,-4.574470351509916
1,360,383.9906131539258,3.1579684253313847,37.855952917255465
0,0,103.81835461951015,26.323600971761714,-9.50070914742308
0,0,132.4063974901438,85.76175643318592,-21.832194980155293
0,0,165.6497060944536,74.40314714701681,-19.10135888220907
1,360,505.8183256619834,4.6768163108014855,40.35656195296569
1,360,498.88052190169844,3.374931095164171,40.957548058508294
0,0,179.9117598451433,8.180995166884847,2.1920578802318147
0,0,832.7937344151482,156.82508913195755,-31.69997489628529
0,0,191.1433564455922,34.0803292869643,-9.293012855501615
1,360,439.5265979690053,3.692072883841082,36.70986378000856
0,0,97.54401634793817,10.446975266216777,-1.839290845215075
0,0,141.69092403957603,93.49088597431651,-23.591571262647463
0,0,156.83215713386141,75.31916437426977,-19.561474833768244
1,360,483.80587681432786,4.553546389116254,38.819904237255244
1,360,458.55009097614334,3.142275694890668,40.90612463995741
0,0,115.99862060141427,11.32751080488858,-2.5080753358199814
0,0,360.4231971785043,141.6041675943548,-33.73304402821029
0,0,228.71753813702168,20.601668126072198,-4.187685082508196
1,360,662.4757601280584,6.310631789078103,33.810696830770155
0,0,117.67800096988321,19.031034185025153,-5.018412126724641
0,0,111.74045699273368,61.6169894219478,-16.871975090458648
0,0,91.52983494812142,7.800883465872743,0.2508079780806298
1,360,390.9565756832227,2.2065155345276084,33.340002407782805
1,360,398.90990889727874,2.1370621844634647,35.96536554460138
0,0,98.897246980802,10.655300797636457,-3.7035324343822253
0,0,270.9214340865424,131.47337616446788,-33.82184612152781
0,0,175.3271404272814,9.889687954805304,2.7390419987635113
1,360,833.8831749695465,6.9206236261571545,33.49812994822196
0,0,184.17689512972663,66.91474114885469,-15.998268382607506
0,0,153.0179135712792,87.52119046337216,-20.540194798943716
0,0,140.42686284191674,40.05964493170001,-11.512489237697693
1,360,468.3466672825282,4.294351016081325,35.74178040973064
1,360,438.17828718547776,2.8863555442349424,39.01388867435348
0,0,109.30181010619587,7.044102916607827,0.14086479376206285
0,0,295.07524168976204,137.21218846441948,-35.67061101598314
0,0,138.18422774079997,9.403479534357759,1.1916261572649773
1,360,557.2852549942509,3.619120729019985,38.2385427285579
1,360,847.9261934002487,5.569829596177446,35.051611766343626
0,0,175.72754134526505,62.76661887375683,-16.068196200230034
0,0,116.82075689924979,24.77964530417999,-8.090501681336676
1,240,415.5577721664045,3.131461166439559,31.373400105076016
1,360,419.88288653586795,2.5460900132344304,38.646305286056034
0,0,109.38972123892042,8.155362834795154,-1.0574826264141706
0,0,266.7424868538101,132.73161024863978,-35.04142445988505
0,0,113.92297697626978,8.452306403542288,0.6182856873428335
1,360,429.20974192728517,2.666833747347854,38.36937337419292
1,360,473.5309641886078,2.5685827162940904,36.99986818853165
0,0,254.93584601999984,7.180208407046771,4.316586933210786
0,0,240.2358803341523,40.05232424452219,-10.520046849795492
1,360,520.0730563189607,4.04159643993842,37.28507476885456
1,360,454.311856158092,2.792762742599338,39.677563583604226
0,0,121.82185176587596,6.422467198080081,1.7038418732006306
0,0,297.1656788710904,138.04976460075824,-36.011499879977364
0,0,118.31024695382204,10.096919714915872,-0.5608122965632703
1,360,429.7601302336735,2.821315182373404,38.48465863374318
1,360,427.57086529540226,2.570245708934244,37.774981640449695
0,0,129.70554757331345,11.731162052787548,-3.4632130242802077
0,0,421.43783099151716,120.22817255304156,-24.42900364165029
1,360,947.7375574565685,8.486538196691823,35.44786587690342
1,360,596.9628649899104,3.9715571731890935,38.81917505191204
0,0,152.0589623848747,5.747424846559271,4.8845589081424095
0,0,276.7960062593999,132.35084788004198,-33.81332839128696
0,0,106.54395115178053,16.53154293571356,-5.003928814944118
1,360,418.75712525042525,2.772787202595735,38.01923759461464
1,360,409.8605866350523,2.401639778692737,37.47453614324425
0,0,102.67311798577332,11.23789194876426,-3.283104244509815
0,0,242.1738248581743,121.33256391229023,-27.8939021702731
0,0,436.67313069822654,130.50437420033325,-24.654443443589614
1,360,692.8135916257493,6.100240546002847,31.515464432157714
0,0,128.77087822395552,11.460078233927051,-1.5548768576565095
0,0,288.98927470026405,135.77456144632802,-34.32652163829863
0,0,107.77205437226351,10.957824224472898,-1.55412653650626
1,360,415.11525779154505,2.6481498411612194,37.71066537959875
1,360,411.25542060216486,2.4032718623664406,34.404264268038446
0,0,112.66768988779539,10.440956816661934,-2.7761302087223925
0,0,269.6371040165025,128.3465186291262,-29.564201593956113
0,0,459.1432388947351,160.71813527423538,-34.84411641712831
0,0,621.523433039864,148.97559420953644,-27.3247201703879
0,0,163.71620530531592,18.80109132857373,-4.804591734710655
0,0,336.94914497988736,143.64172998039734,-35.316094840393895
0,0,122.79898598991942,9.927328307554275,0.31034754653843777
1,360,419.1196977416002,2.696993453377306,38.3678198923748
1,360,395.158172360595,2.288503711358038,38.10085351353541
0,0,87.45609767319911,5.967197976210046,0.5097586020965821
0,0,154.40022119388362,102.79900976788656,-24.6745964356111
0,0,169.77592931966794,112.96780523850724,-25.712908808761995
0,0,151.35099153096812,93.18722906830165,-20.3321973217718
0,0,168.42530598023114,19.185347989670614,-3.6744072922683273
0,0,570.3977644090199,157.28393883045212,-35.12885272574437
0,0,130.88144824496388,13.46957708333639,-2.673336211138249
1,360,432.4636441242228,2.90948921352587,37.80451893080105
1,360,395.41609036082053,2.274463144138573,36.991022853281535
0,0,83.27506460572519,9.267681328680162,-2.0348498999384788
0,0,137.6090021305045,96.54113620034475,-23.04815381155533
0,0,171.5794395273804,116.58900408789195,-27.184949078371048
0,0,140.40587979785832,97.42299022076789,-22.73350505201278
0,0,96.63673491562245,9.624460144216117,-0.1314859319231232
1,240,692.7225404048539,4.096104966304773,29.799596208476473
0,0,146.473743102126,10.868341638536426,-0.253925662159574
1,360,438.0963501555186,2.713479889978389,36.977369121927694
1,360,407.5787287719462,2.0170862110276215,33.85495521073133
0,0,78.86031035463448,6.461472508836504,-0.2723402340512422
0,0,138.25285623822285,97.69109775433346,-23.291754555701743
0,0,175.13151406784525,119.02669184352926,-27.901833381868343
0,0,130.43120267829036,92.74114364488638,-21.81945008850458
0,0,91.0267293412294,9.02268016524537,0.33103950163967966
1,360,472.5540680217903,2.6170806895568846,35.2900448056665
1,240,736.1281719030694,3.946501507655937,28.338657521520048
1,360,737.1836496265661,5.912920928672725,34.55369442387682
1,240,472.8723391968224,2.604987387223753,29.038157623719314
0,0,85.74516905426307,6.799694212632138,0.6650539443911185
0,0,124.5842224715259,87.20127498977895,-20.780466653479863
0,0,131.4579888380312,99.33812963592851,-22.856689819447716
0,0,108.30596004976967,74.09213345576113,-18.336749926394518
0,0,148.46585131308004,4.399728932837139,7.836385720644074
1,240,470.65264827786353,1.9584390417375162,31.20683937762422
1,240,565.2078901622182,2.098658132069002,32.77495774212751
1,240,802.6886095238492,3.7216701369263063,30.774104864097367
0,0,111.691995343166,16.364405294184863,-3.6573137083172185
0,0,88.00341957579612,20.765096691626926,-5.541967203142221
0,0,162.93163670494647,109.4192212526674,-25.15970547900605
0,0,182.07750246227937,121.91071048941029,-28.440917992515374
0,0,127.39588235900516,92.55282726979148,-21.928780334418704
0,0,89.53455830885063,6.302814302308151,2.1353927815327154
1,240,429.19273783971755,1.9673144273664678,31.842667861087534
1,360,491.3675265392932,2.033885121486609,36.304045716758964
1,360,589.8087692357655,2.7376924401274385,41.03207291416403
1,360,868.583212419715,5.048255452176159,36.35191831972557
0,0,145.70461421326794,18.194425476774985,-3.67539010729611
0,0,177.83936966875342,105.7568417330043,-23.859340802154726
0,0,163.9308422346527,110.14142076002318,-24.90816823931263
0,0,125.7963645218121,87.17545043550375,-20.75918289578125
0,0,90.83227059580622,7.227853789183919,1.089117493076003
1,240,430.15281129590153,2.0105707362677525,31.47958639969157
1,360,478.18704611848716,2.059725694277274,37.5462288007554
1,360,553.5039993615499,2.527665787488553,42.00977307664938
1,360,685.1477861964031,3.1998870753853663,40.741635221596425
1,360,1049.0195256942022,6.429754494549618,35.642505524020194
0,0,327.7542866522283,130.34378113762773,-27.83424107092476
0,0,207.1246594820677,124.88573957174457,-28.367656001330822
0,0,115.55390703122941,74.6377773369497,-17.975195527057863
0,0,81.95628425427334,8.474696227122378,-0.4364914794994377
1,240,420.82346197164105,2.0447801937408023,31.455089999321473
1,360,454.55004941673906,2.116753639828622,39.520915549658525
1,360,485.59851574205544,2.252866349880168,41.469837749768615
1,360,494.2995300225176,2.2123521400900525,38.84581673669766
1,240,507.05504428683395,2.6347511426245975,30.218264842412026
0,0,258.2288349462262,10.75411202550551,0.8720686065352368
0,0,110.34601978766435,8.683528936327306,-0.4428639253248008
0,0,90.230989055328,31.89936373582015,-9.649447105580592
0,0,77.99861688108753,8.715797897300837,-1.7667844591325377
1,240,414.83462233032924,1.9604918934581455,29.531636446705775
1,360,447.63609672328226,1.9618239119831036,37.55620490168265
1,360,462.7613006310206,2.1326789771628403,41.39025086832457
1,360,449.2470413073208,2.0333551567990877,39.301494168776486
1,240,379.66316355643636,2.0714627538511055,25.325801066163606
0,0,98.78462324081254,9.24517960110475,-2.2056377888001464
0,0,164.72722300785244,11.55984425556264,-2.7943651262541636
0,0,112.80492421052436,9.26011246731917,-1.3068006063674176
0,0,89.05154019740515,6.556046726560111,-1.0970541411621753
1,360,412.32812913439665,1.9822008173247658,31.250622201926788
1,360,450.8458336367776,2.085405405074664,39.20638303705475
1,360,475.1795444864626,2.1754574379550697,40.64164171844631
1,360,450.8442465886047,2.031839714991475,38.927411519811386
1,240,405.6380862660302,1.8820039878684784,29.268009525380165
0,0,80.00007734020373,5.797741034133149,-0.21968565473974877
0,0,90.73363555185571,20.455180381486652,-6.7964407589378055
0,0,154.99564766020939,14.247384754302882,-3.6525053122135205
0,0,142.2315973439341,13.099703695444646,-2.984560969938812
1,240,474.37654345516984,2.401850726748434,28.97553222743231
1,360,470.6599033552257,2.164115652171165,39.22838541219305
1,360,465.0326386319515,2.1138969293674057,40.74443571603045
1,360,452.68077873437346,2.057682543911078,39.437323432778655
1,240,361.9750808983913,1.999585193243148,25.309230593436965
0,0,80.48587278595194,6.238157707978955,-0.8005504719714338
0,0,73.15458310329416,6.7647395557708885,-1.9448272137638583
0,0,113.73213443346931,4.171632492308525,0.2998694701937552
0,0,169.21961225474766,12.9067830124132,-4.046091027133343
1,360,801.0826981497307,5.551661892291812,29.560412848003352
1,360,697.490803968446,3.7599995114529237,42.16530091282145
1,360,605.0252510855667,2.949403067405601,43.36856240813664
1,360,519.0367592062403,2.436841030446904,41.490941853107316
1,240,400.3383429414249,2.05704631555058,28.277976619481578
0,0,77.1427841497222,8.165667929332075,-1.5200291957840193
0,0,64.1462936244269,6.127486010283166,-1.389261957570156
0,0,80.58678070960731,4.557404820825915,-1.141117014908147
0,0,103.70081103018445,11.298162177212317,-3.4991808839263143
1,360,680.0219833515561,5.206308564923358,33.66135121815998
1,360,965.1584492186346,8.15342978352113,35.86270892976306
1,360,741.9858760210599,4.3380463676739325,41.74631524178015
1,360,601.6448838213596,3.0928215741839753,41.52743282397789
1,360,441.8830924404748,2.4548672750481293,32.372183235093004
0,0,87.26591828981378,7.014249367275252,-0.5705717554682792
0,0,67.76697399019785,6.646376263299882,-1.57780920830497
0,0,66.78213691448627,7.140795188178369,-2.1637201994696653
0,0,98.13243713018608,5.2007287068340515,0.05141277437778058
1,360,479.63289234830256,2.6848931570444665,35.8712160921004
1,360,790.0969693194512,4.812927667175669,33.03260323005816
1,360,904.9223532229339,7.657806085789784,34.6679968683993
1,360,622.8091687811427,3.465120075071109,38.486782782351625
1,240,463.0059781150601,2.3134416069606347,30.4310918514947
0,0,103.09000153263919,4.616421092810267,1.976715710110284
0,0,70.73776379716398,7.557013074261647,-2.111969175909522
0,0,76.52719083554126,5.126873423599098,-1.421441223802674
0,0,88.0509913447811,7.881121337873121,-2.4056670667144715
1,360,395.39731784814586,2.3264391657720918,36.90591952619762
1,360,452.103546641745,2.327049899875591,34.72141762071634
0,0,213.7654585128384,7.4310497858503055,2.186182125872122
1,360,692.3528942132509,5.202165860967518,32.9086100180036
1,120,366.76114207363753,2.7132957898570536,23.408011909837114
0,0,73.6693875224327,6.629277964530831,-0.2938247819168396
0,0,63.30490303143568,5.715630123888495,-1.4057795907791615
0,0,85.2567323069127,3.8221071313080373,-1.1713253671333206
0,0,87.35919137815131,4.941421881029588,-0.8629539422844061
1,360,364.71487017575146,2.009089136394209,35.77418160193717
1,360,383.6175661448092,1.8706440402466233,32.62409035140979
0,0,98.01652593326688,5.044281957890664,0.07568724877386046
0,0,186.9973177903324,6.949286390636285,0.22017690971446768
0,0,114.2628773506879,18.726514535304425,-4.389378805227651
0,0,90.00872295870259,37.68631280279157,-10.20577325082806
0,0,66.99512444732895,9.826542515638739,-1.3906357850283655
0,0,65.83092258792504,7.620864230559999,-1.8702759383493088
0,0,82.49119317294598,13.145517552109975,-5.100207700005328
1,360,381.0846826049717,2.3796102589040355,36.908487526754115
1,360,384.1107753727369,2.0756857759971368,35.5198755715203
0,0,81.58254007756649,7.697473344776598,-1.8610131709099562
0,0,81.98963493802262,9.518753283861153,-2.992148724669505
0,0,168.04045813434263,9.697047934213739,-1.8627885787020944
0,0,108.22418172462785,8.457272594560475,-0.8685232274418979
0,0,78.74851414690664,4.626967141917761,-0.553890319754629
0,0,64.99246803405383,5.071492677785338,-1.3982869471801962
0,0,72.51390309192179,6.152774508322717,-1.610643684556024
1,360,349.2702614871432,1.939381069372972,35.90852079154236
1,360,365.4064377531845,1.7733025675741894,32.0345598532879
0,0,74.72238831717364,8.597170637744092,-2.8133926365502617
0,0,65.59142568256446,7.393851183147382,-1.943389978884511
0,0,80.97941642760178,5.713721438807,-1.267186820005307
0,0,152.09987421956237,17.368209400864536,-6.077289640134481
0,0,101.99736420977815,9.759446143476058,-1.5798435297334663
0,0,77.19320126936017,5.505672057569323,-0.9284960799442104
0,0,78.23542714061243,6.336687370956554,-1.257437929003828
1,360,357.1343345775277,2.0233259868312747,36.01339666612087
1,360,360.0681291579759,1.8003070772839365,34.273021474165986
0,0,77.64708004274397,4.05771873732892,-0.022462155211201207
0,0,64.35794917041012,4.668687478238097,-1.3960148479224017
0,0,65.53062473345189,5.005909265688438,-1.5521661904024455
0,0,78.07862678112231,5.653161974629099,-1.607573708582109
0,0,167.64789043269843,7.376774994441923,-0.8708481662173142
0,0,122.41914868183417,14.05524920414184,-3.3727623380128477
0,0,97.8009141029096,11.183715073351783,-2.7579217109494465
1,360,388.06501925629243,2.4190361120944903,37.33369769297141
1,360,371.3714489997849,2.0332734849315344,37.176552967560056
0,0,78.85496540310906,4.562751395183039,0.20859977140322883
0,0,62.710530818539105,5.562913658531094,-1.399227490593887
0,0,61.71520222079831,6.616559263256103,-1.7271495369633811
0,0,66.19312665720268,6.34515687898957,-1.6271983054273704
0,0,85.39640955022223,6.035296520846958,-1.5032843526492314
0,0,271.15005971191806,94.34487229009824,-19.857344428747524
0,0,157.56497662773344,10.889239709662753,-0.019624673114833513
1,360,440.9504522455666,2.7089786871343104,36.338645032898626
1,360,397.43853386399513,1.993680001360991,32.47999698685136
0,0,73.66882638754298,5.074880480998545,-0.04575381457949845
0,0,61.91588446227123,6.72956379827372,-1.5614870813111708
0,0,59.42566417814086,6.204508447321195,-1.3132734472762593
0,0,62.09378689443274,7.741112293145757,-1.868109518126758
0,0,73.14676122301306,5.730934800151887,-1.0349465721478879
0,0,154.25541438415786,89.79362128656345,-20.837343110249464
0,0,288.33423190292626,90.27789124102752,-17.395392784130408
1,360,653.1289079296618,5.488696943440282,32.33288120188489
0,0,154.03504140928166,3.9242231368453813,7.175141429204004
0,0,66.9525802202348,5.739000009879225,-0.6843088171521856
0,0,68.04011064879636,4.444404346840386,-1.1176985406975604
0,0,60.12840344110581,6.87090892255813,-1.6027653124783967
0,0,59.973802276941115,6.149790552189401,-1.2590178305807598
0,0,64.36059047201229,9.142646662939676,-2.0439541488249517
0,0,121.17618388881709,88.21640305882393,-20.468840314345357
0,0,121.18813209434794,70.13158393566023,-15.842222719162706
0,0,167.0593222816916,11.139346944109883,0.7669232504168662
