event,charge_mode,duration_minutes,km_driven,charge
1,240,1044.7170834414956,3.4225767029142125,40.22808794981668
0,0,157.63170066734875,7.061736820386744,-0.050197618011608824
0,0,91.77053914369931,9.261335289203531,-2.659365442678677
0,0,123.70550790632377,99.47187295936943,-26.16488219065544
0,0,87.27670454936084,9.657238087878046,-2.33688058267262
0,0,91.88391673157093,7.107704545045642,-3.4629541106438637
0,0,71.0527305111788,4.970990706890195,-0.05370087803002832
0,0,68.54690047466137,4.936516154266937,-0.13450306837940218
0,0,91.21141073630119,5.582437295908428,-1.6080598321442494
0,0,125.74203079400439,9.557787021842195,-2.055732077303162
0,0,172.89630408496632,12.629118516666528,-5.3720405984178115
0,0,101.99544841591221,5.721757770083933,-1.3439467872565132
0,0,60.632614313689736,5.336775989146397,-1.4645952578455308
0,0,118.35979686499405,15.670685353638444,-10.6970962214955
0,0,84.5591679545975,6.489320359543252,-2.3425925345276823
1,240,211.1698865701683,1.7854535140016854,22.70748672099596
1,120,380.5020998927887,2.1783581429305756,18.730879735806695
0,0,112.45020760780567,55.56533325894607,-14.894551254542634
0,0,84.02834568497026,8.22534614954682,-1.7982186881665712
1,120,465.0046612398736,6.8270800081323975,8.58816524157973
1,360,544.4210506022024,3.441557966894867,39.46335217915983
1,360,257.55529170161486,2.397003433725276,34.33354385765158
0,0,107.50277764154286,36.12995564566379,-12.53152047086789
0,0,114.85735158810988,85.28479994628707,-20.54240349078036
0,0,89.87439633494768,6.19140755780438,0.4687762722280411
0,0,87.61782355005464,21.03447126720404,-6.183069070464327
0,0,72.23377208530381,5.80708501774251,0.0751588535976282
0,0,78.81514749805491,9.780171846351525,-3.5297961004371814
0,0,132.5185791238565,5.556335688999644,0.8533581333448694
0,0,177.55755525746625,66.61887420483674,-14.815355385529003
1,240,659.9453251768307,5.4443536316167,16.169462983215695
1,240,952.1825619794421,1.9360401936416745,42.54436104434667
0,0,99.19430839060811,11.756698725010272,-2.571620139713616
0,0,102.04725420270152,85.0960937121117,-18.90411953082524
0,0,100.76002210171679,77.25995507300317,-18.5984165016163
0,0,210.0960897763322,6.13362177854278,3.4298869879761043
0,0,69.2637644663658,17.12668989560677,-7.564325764844995
1,240,236.38248202593107,2.519552973440624,15.107895938358837
1,120,505.0407627456918,2.1525550218802803,21.94801376629438
0,0,162.1564203527392,10.744287937658155,-1.6664052275037733
0,0,141.25425907083985,15.400706135505963,-4.511770979898245
0,0,145.57566654921357,34.732458844217206,-12.639450469565006
0,0,98.45194393558145,22.555349443105392,-5.6161486019334035
0,0,93.46869769287207,23.724874342340737,-7.304508572740019
0,0,82.54817387038504,5.473977507023392,0.9814569759187606
1,120,763.5640631443555,1.3433541063875187,35.1698137672667
1,120,602.8909887025475,1.9694090174724488,31.998047746610283
0,0,141.12737456941034,103.75957922450276,-23.803595111062265
0,0,141.34370057144545,112.98923304870819,-26.065977181568364
0,0,206.7466246072646,32.476080829645134,-9.109612173783304
0,0,215.2128237744765,125.44845061712284,-32.788389700046494
1,240,729.4230747491764,3.3001363598394606,34.10144099253998
1,120,397.22246859130274,12.398606213271172,2.2066838587099085
0,0,144.67536812885896,123.25819342456069,-31.496569173194835
0,0,120.46609319199375,119.68852816992475,-28.987273320787352
0,0,120.2243290749575,91.3735613082537,-22.50062016204035
0,0,111.04824325997308,11.398201641675183,-3.990229089102101
0,0,99.6038915158783,50.464572271674655,-11.796374830080026
0,0,128.81308236929831,66.70610878389945,-16.822152709291743
1,120,913.7083425970006,5.478967161782534,24.725850615166422
0,0,116.6515548918937,7.4294813250126515,-1.0636331462655164
0,0,63.68654844083228,5.78585664933967,-0.09060399713806078
0,0,50.43089294888986,5.666493891749159,-1.1033209079522805
0,0,44.13408660961189,3.70543029521814,2.2382079149239047
1,360,98.66282862959494,1.099581743578776,49.83210356187526
1,360,99.43696805625628,2.09376007614474,27.770062040280465
0,0,108.12775721206113,94.55646469622006,-31.83717798774566
1,120,437.9419530404047,2.6403328056170543,21.11770415426716
0,0,95.16229914657671,5.032290181359739,0.9307151871452106
0,0,164.75546112927304,6.092498413939421,2.6464248922735862
0,0,126.78088985591826,9.810960786741768,0.15309714209183767
0,0,124.19998677278984,87.01085770741705,-20.221308310087792
0,0,159.3839378830157,37.08782857697336,-13.61091556897081
0,0,107.77690620524947,5.46488981966138,0.9542129206322443
0,0,96.4845256597756,4.61232260898161,1.769885986277842
0,0,100.23932293222147,85.84026972022615,-20.73712768112533
0,0,107.37681136084201,83.69386445460489,-20.24234900600534
1,120,815.4700606897354,3.746068366486948,27.61439682136256
0,0,171.89921839817686,72.30558978025664,-16.907372283314416
0,0,165.306586279456,10.029482216057776,0.33247145256726185
0,0,122.07505396581604,7.491996852979744,1.2185954470598546
1,240,752.4320538167609,1.2964909241531537,42.517529137297615
1,240,1099.0495416106567,1.1459432755437908,45.58423962901561
1,0,255.18734781118317,3.8497284666694163,4.029224500568844
1,0,284.9729999052619,4.69402831846901,2.8401134280731384
0,0,119.98635120141962,56.1789064751012,-16.097675367112004
0,0,133.76206537555896,5.021185514727212,2.311971881525878
0,0,94.04886015659132,25.794697567292644,-7.694775965953113
0,0,85.00764509616398,5.687582831383634,0.6372445062660432
1,120,516.610888057495,3.4536959405809697,20.398621726836737
0,0,183.75807311687805,89.83781975490922,-19.75676440695179
0,0,93.44109439072065,17.63923907263052,-3.2564784115794936
0,0,109.97172581212614,96.19017639256553,-23.678344318488264
0,0,126.3114976866436,7.105105935734926,-1.5269775923514715
0,0,57.86304521096951,8.82649892467282,-3.891551289940807
1,240,255.40100983949935,6.771827410442312,5.227571920745092
0,0,112.18207581898123,87.92717093878666,-23.243543779822353
1,120,410.3735206045584,14.86730491238622,-0.11817565743383796
0,0,115.67599637996484,9.325474327554364,-1.846862748090473
0,0,135.21076829208573,16.50869286183013,-3.921722654503654
0,0,143.48418645051444,7.076105203140892,-0.15331922060502734
0,0,93.25447452966614,5.393741439926164,-0.5978739342241681
1,240,326.77700505942596,1.7012491417155198,25.36274645688573
0,0,106.68379276793655,8.00183867527797,-6.048698177148566
0,0,66.76204941903974,6.802353286198391,-1.6287200835349154
0,0,64.74624317804566,10.219289441154867,-4.193212096051582
1,120,255.86460928294264,14.516127613777375,-3.421475089309652
0,0,123.08998260849309,90.71288011987443,-19.78234401743316
0,0,129.61332873840513,76.92673385338557,-16.23907391627165
0,0,143.00300478052625,11.026902380294661,-0.7177086762417986
0,0,111.36642374653817,7.5568366449787,-0.32627881364099665
0,0,72.74134976722613,5.478335445679912,0.5803152099788207
0,0,107.0699215884218,30.809765362791744,-13.474642453020607
0,0,74.92269080069087,7.285846229856235,-0.9208766215029414
1,240,880.4354695524399,1.2189710106843088,47.29208681392167
0,0,149.36806552730062,5.317421110213621,-0.627374236913198
1,120,478.39322634827363,2.411662180273736,14.178480527077568
0,0,106.49314293812851,5.058730207609215,-0.04688458025664488
0,0,120.77323235769829,23.65617250882582,-9.633003447696254
1,240,1191.533368219642,3.2265989651718625,40.26842563757022
0,0,374.69252867867294,159.65786296759384,-42.74283435100617
0,0,134.7379526331808,57.60728516945027,-15.632740451545587
0,0,113.79940260388678,108.41108898823319,-25.098089317505647
0,0,108.34097713410057,109.81211257043554,-26.953675793686124
0,0,63.22080648235548,7.50665356901216,-2.147186714405379
1,240,298.6979058657492,3.3860062065076115,8.020256674069245
1,120,357.71909381291937,3.8967033272862093,8.000241064793585
0,0,100.57364596591741,23.546571569923977,-5.8113959035028415
0,0,124.3516178896594,94.7543326187866,-20.094720677717916
0,0,198.20417911139958,107.52492485908701,-22.908351015827904
0,0,130.49341496667105,14.261111945212868,-2.4418938399969363
0,0,95.7354615942473,16.425048235133467,-3.5924320646277152
0,0,95.20885633833683,19.528512420743482,-6.0901349268686715
0,0,111.66971998845243,97.30502175086103,-22.269077395815557
0,0,114.554814862107,98.91378246605606,-22.395194756478574
0,0,118.36441064075406,88.38622278643405,-21.552055709572443
0,0,91.25726509244184,17.122387006496336,-6.242133083263525
0,0,72.92208054595305,6.011520982873187,0.1725737882877354
1,240,687.936819311359,1.377009345786964,46.489613059778335
0,0,179.8113903842609,6.046487371604915,4.486994377545557
0,0,271.32583663313363,114.70848993476764,-30.113183046253965
1,0,542.2541857152869,3.936192352086926,17.566793458857333
0,0,289.6873945194398,3.026161086132104,13.251294943440001
0,0,87.2353562764256,12.550126930291468,-4.201460344752562
0,0,113.19503198750044,78.63687958834207,-22.54395385044313
0,0,73.30430409432695,11.266166659066064,-2.5523759873952514
0,0,92.15634488652078,60.88937520514096,-17.726300263245605
1,0,260.9031698225095,2.7429995322281484,19.76069023057201
1,360,394.6225209300986,1.4034926897120474,56.08883084363673
0,0,124.94892614167598,6.545366663393703,3.20037325922803
1,120,1173.8770491971732,2.811776269223805,35.031131169312886
0,0,126.81009154230104,5.666612564131294,1.539130528865627
0,0,257.85032395697124,2.62713557939459,15.244137350598464
0,0,109.31511863873212,50.318880489378415,-13.223760423345723
0,0,71.18556077522776,6.182883451451066,-0.402705891931177
0,0,142.58346859599982,11.422764568648294,-8.55965319040942
0,0,74.73981183890125,9.023071829228996,-3.3345963544336144
0,0,141.9347286471204,103.991920797241,-33.36009214492232
0,0,275.596515250264,8.079528024030054,1.3910372128231216
0,0,165.9417456303981,15.13154453850059,-3.1428998684484526
0,0,188.97582273123234,110.07139773740221,-29.274810123837447
1,240,698.5547157193762,3.645692964425223,26.478093562779463
1,120,643.7909432010337,7.215881866587648,12.250334825296932
0,0,134.45916494948065,69.53575652727935,-15.645485343196299
0,0,119.48767799335354,73.23785113586274,-17.22811872319069
0,0,401.0817616498807,2.9438040322203216,21.90981079505282
0,0,113.7086234483925,44.500562205653914,-13.538282368045984
0,0,74.20832074182968,5.482396477768199,0.06586438244771387
0,0,74.4474322212054,6.978139572397778,-2.2196296930667643
1,120,379.11066674318965,8.36420186116111,3.9405175183830465
0,0,145.8538760939364,15.116025981213882,-3.1627199715089205
0,0,102.84576615487643,23.449592318752526,-5.972815345889913
0,0,80.73009115962712,5.581702700326235,0.5657579228736296
0,0,119.67709219279833,18.58224140688436,-11.216292037709167
0,0,78.05933280976227,5.674959789975874,-0.418769105288618
0,0,73.31255674482644,6.944844072757486,-2.291665807442456
0,0,108.71276584073715,23.77270788563131,-12.016277050572441
0,0,112.55327505058213,17.03808900485925,-8.51269999504946
0,0,87.35770635450373,9.880461289900715,-2.108888632032091
0,0,153.78228131561832,31.917513841900067,-9.415135548632335
0,0,116.23596365568295,9.89607189724809,-0.6945174119569799
0,0,104.31907965414271,48.64922234189058,-11.553450431759188
0,0,110.47652049171656,4.2673311646948004,2.4413652922815317
0,0,61.56063506480874,4.039502752284014,-0.36851344007720854
0,0,47.77372653302072,3.8813977485712425,-0.7060628465576428
1,240,130.09351283525604,2.152739122001616,8.139071613396737
1,240,323.8380412363572,2.0382268160147756,11.690035148324185
0,0,78.65198760981451,6.334355436086302,-1.886899250593558
1,120,324.41720045891,4.061131357960444,7.030826138671557
0,0,471.166851885908,4.142017641417585,17.3025113275132
0,0,135.68824307098419,43.66776545285729,-8.916880033252738
0,0,122.62272161819358,106.6973551058138,-28.4010611443722
1,120,492.4271759322731,4.492375513996172,15.668586627761997
0,0,91.91459777357208,5.064174697962245,1.4609069069762626
0,0,146.60712316500633,7.25797897644062,-2.07997484798868
1,240,495.7342669151222,2.1986082538259257,21.74065036333394
1,240,870.4212862694233,1.6863342117261568,48.23955220442302
0,0,160.5438887205277,75.15330099436522,-21.460368578592693
0,0,115.50511663596875,21.314743848002966,-7.045801010505144
0,0,145.50754817441774,9.532751210243692,-0.5170189043571725
1,120,533.4282480714946,5.572663745349283,16.82614194033313
0,0,240.09082413114223,33.6315004107605,-10.346294663995167
1,240,1005.9811371432136,2.689423238338951,36.459457305992274
0,0,161.20967810120823,79.15445361573639,-21.564103119590527
1,0,521.7847557898664,3.8286259902613136,14.196741864368136
0,0,79.56317431424159,7.823790394205408,-2.182092499747256
0,0,56.88521381933579,6.147283992939353,-1.960066130646382
1,240,305.3147858133415,4.937098235532925,3.939746061425751
1,120,464.48120740819235,3.171802331140135,12.495975174823599
0,0,158.0000998925302,8.624780241234994,-0.5310900679002231
0,0,142.68666073541846,9.107550321181122,-1.5785595294552195
0,0,78.7318444730612,4.517409520691524,1.2103207786000638
0,0,57.36684893165911,4.713488784236082,-0.03527045428306508
1,240,393.0221868967023,1.6191228897940881,32.210790212464744
1,120,275.1727053717289,26.00327217534707,-9.8833729340502
0,0,140.25946326784285,143.96521194261567,-39.25094275480556
0,0,108.69770021915224,107.74439386255695,-27.072406189785426
1,120,442.953715137965,12.169339293049557,4.287852803527301
1,0,593.8017824389751,3.343772375241,21.59224529413747
0,0,185.88866261698269,16.14492546129602,-3.4939127840192867
0,0,155.39730688067306,40.23991143874435,-8.755946714427793
0,0,141.2650963426496,120.87140393776325,-31.379878382475795
0,0,73.33898676493568,10.34371675698526,-2.685468164384531
0,0,52.742451284947364,4.485508759960666,-0.3900244077016026
0,0,41.113106404175376,5.371173382159977,-1.9129861204441312
1,360,93.61639519748432,2.4221761923503116,20.0458862429914
0,0,107.41032074940858,37.28440418888427,-16.30311012767919
0,0,89.12479947467558,9.923157176373817,-3.8049737403152193
0,0,89.49720599649379,10.82089614942318,-2.868599364562968
1,120,727.2153093636316,3.4697647677156405,28.422439860663374
0,0,129.12196728799313,9.825649991030891,-0.30253801837289984
1,240,357.290182708114,2.2899189810408065,39.45433775745332
0,0,121.69885553247026,66.31153529639516,-18.04624882640576
1,120,602.2700447688119,2.964281560912616,31.561339701358165
0,0,188.2981644974296,125.78426367766433,-36.2984131767195
0,0,120.01907840195808,108.54487562934972,-26.160987918206615
0,0,117.21954809694373,94.41218073838108,-22.014105587476635
0,0,117.98924378872073,88.34624057184749,-19.882469619377346
0,0,110.26532972412686,7.320503980149253,1.513276152892601
1,240,855.1878910205214,2.69202320132703,46.20515680060568
1,360,455.142426483361,3.793845957779859,37.50862820001474
1,120,519.1199205305043,2.0403126072178988,35.30990189638929
0,0,111.52778120149641,73.3635373716405,-18.479162994292523
0,0,72.29287829368883,15.686841041737226,-7.596325376717587
1,240,261.9071364967346,3.80834474478662,11.257903005298246
0,0,99.7771291600171,39.969161526966666,-11.277279408949838
0,0,72.69838610597198,6.284310886436551,-0.03050432979344464
0,0,73.65446360157753,6.182852316871722,-1.401710947922183
0,0,100.92372612075934,5.935733550815784,-1.46090177556367
0,0,149.5393193612232,27.93576212449201,-8.745368242999632
0,0,122.1360192877751,22.751475634131857,-5.64400559562435
0,0,78.72702664825037,14.94692731241233,-4.200815702637556
1,120,443.1777156515223,2.3652784254386825,18.918312072719658
0,0,78.72880640941578,6.9373956886817805,-0.32842409805650163
0,0,101.69376189428769,86.08653070605988,-19.780552757785742
0,0,88.44158657226745,37.1829650220283,-8.063717329853489
0,0,91.56891600938097,71.72756593655079,-17.109668376534785
0,0,123.22559587487396,125.84844603369078,-35.97125730335554
1,240,707.307603802978,3.1276988458226547,45.29740559154992
1,240,1089.3794303715413,3.7601691723490567,43.71580258214918
0,0,100.10641898379303,9.762040691754686,-2.480234193984316
1,120,236.93611244501565,17.455104658134978,-4.758256761706875
0,0,126.64964097201307,83.22726811178904,-20.61460340766068
0,0,98.97131678624649,31.71823087526364,-6.754354083150929
0,0,119.84512658614143,103.00587332775446,-24.781284705644076
0,0,104.53392063253025,36.00317924838322,-9.227845878416943
0,0,137.44004951643277,9.612894324828677,-4.479168997524738
0,0,89.13957602677185,10.962840952779294,-3.422553015469177
0,0,83.63226380522876,5.899192835311164,-0.06370339871610042
0,0,278.7814261959106,4.4710853276604325,11.833483870767623
0,0,308.5946702560824,6.627768163045563,5.866930083985636
1,120,460.63832896214626,3.843564271185184,10.503005952822846
0,0,91.30501823836087,8.038146107050407,-1.006973331518168
0,0,97.78310515519713,40.13257023858674,-10.96942581137364
0,0,184.29999338765774,14.126599733029895,-5.269331144061866
0,0,123.85749044100307,93.79265856144241,-22.40426730165447
0,0,168.16618635781754,15.513147991966457,-7.159088936289251
0,0,90.74378132410438,5.2527437594981965,0.4208931013579047
0,0,108.97890248328699,5.003510549401623,-0.44145311020425027
0,0,197.94553560343786,8.578489890137972,-1.120203133832888
0,0,392.0772130702784,4.711420816451568,13.22815123472104
0,0,97.71707261514291,24.84012760874821,-7.52595899109879
0,0,61.804144934835286,9.401302821158437,-3.1535364633460006
0,0,51.07668552259089,18.971412819259644,-8.169100463801172
1,240,152.2288332196751,2.4320386343896105,14.157556078098793
1,360,166.8410011333819,2.6940649980158633,12.075150688569025
0,0,73.15554666825632,20.50397774305951,-8.163319820573193
0,0,82.23808166147295,5.634119343941333,0.10073318012724997
1,240,425.67797026737605,2.091616302427912,37.8250417994459
0,0,203.72177880592105,71.43072434483166,-15.982284428526498
0,0,119.36023802506351,14.35758762840537,-3.9943188677661396
0,0,111.04285863224334,4.369672783125938,3.595380357171919
1,240,542.2168674111051,1.6022949880782482,27.35684644456363
0,0,78.80443492288732,5.476406455437975,-0.928601758979454
1,240,869.9151539349442,1.1287633049071857,39.68324911570049
1,240,736.0570268006866,1.9103505558769573,23.471123429686244
0,0,99.77947572410143,13.348049344417033,-5.067262260767279
0,0,94.22082249416255,30.44232317944352,-8.078184789778717
0,0,82.29341863044714,10.210140387085744,-1.4363208319653609
0,0,170.29766007047567,81.09742463747541,-19.128000566994686
0,0,127.50995711446706,6.904276167098648,-0.08225006940183732
0,0,86.0237526889124,9.736731437328904,-5.543716191175548
1,0,202.8026058483664,2.1806126925782565,13.545959797417453
0,0,50.42800792203256,4.916455106976587,-1.9402777312965043
1,240,136.8789372988184,3.1521658873159035,3.141710826762761
1,240,302.23978928973185,2.0011430502747936,15.700152955590085
0,0,127.518493166426,13.219650339204295,-9.431050811340427
0,0,98.76914952112601,7.745248228714783,-3.8705317298303044
0,0,83.52035990494632,7.440532295776456,-0.7058039329212988
0,0,154.11994848653592,40.72591410023275,-8.995890963954679
0,0,123.87986782024204,7.561565040006829,-0.3884550740282009
0,0,86.84715862528628,5.603717104051053,-0.3165457744948128
0,0,255.81377839717388,2.9048163192696146,7.857035404131224
0,0,99.55892137229117,8.55212206001451,-4.981324069304918
0,0,83.45200347292453,9.870630884892334,-4.138940627500801
0,0,101.22175109552762,86.47324203544123,-20.783462654129096
0,0,78.91834530550273,12.874150363454875,-4.988901256132081
0,0,60.11338883178362,6.420158726950784,-1.6945052829757827
1,240,340.764658181008,2.22566194714652,21.491966457592184
1,360,494.98903443732576,3.121132833774576,44.60887497320921
0,0,231.43114111952772,138.49405956024836,-32.324971278635864
0,0,142.13276958699117,110.18444243151492,-27.379630997101913
0,0,94.61853676631054,7.294429446787723,-0.6123466781011615
1,120,469.1385136323766,3.349815867827053,10.903444953178393
0,0,82.8410182664744,7.856886000821798,-0.8911438249363783
0,0,108.47953777565982,96.32825148356729,-22.75496318011956
0,0,106.46955260064306,44.098613883877306,-12.057676812630206
0,0,132.814393567241,21.23328856882768,-9.080481747717641
0,0,120.06716596159927,64.31539182784684,-13.558255705707538
0,0,202.9019777361115,117.02857020112816,-26.514959846764334
0,0,105.63577417085293,6.713238449278806,-0.28074700130510166
0,0,47.48603437546434,5.546892435717013,-1.316026386144415
1,240,109.83343723596798,6.517019305740096,-1.2163076484859374
1,360,146.9771887907694,1.7954227837461958,25.686483613459473
1,240,448.7289834394276,1.2061025024481018,30.988665009358073
1,120,366.4395154253254,2.523516089533005,9.651106113894784
0,0,70.6595279902654,5.937380976166266,-1.3404223914310478
1,120,496.3241953931344,1.360635490019884,32.4567687349042
1,240,442.81546056998195,1.778084996890382,32.39811687034248
0,0,261.5830612598127,5.929131666317592,6.103883616815054
1,120,411.41181286355334,40.67090426201639,-9.885745428391473
0,0,146.31482289971913,72.71525947771045,-18.900758937504406
0,0,79.94290959780143,6.956520442462887,-0.16830450780295791
0,0,72.93028785221902,5.757228629246184,-1.5050914641519455
0,0,85.77072619787718,11.91937915820918,-6.317482235394195
1,240,719.9155225872074,1.4936382391369303,50.1604694601928
0,0,107.86099708630049,28.29757481491429,-11.01923234068525
0,0,181.00692510902275,47.474779081570524,-15.962078596987382
0,0,125.98506454957904,19.395121053416876,-6.01247668781788
1,120,807.3301359547708,3.9693335325078625,35.252380797504685
0,0,139.4507261910106,25.08991176553143,-4.936701096672138
0,0,117.97451824888718,55.519362375706656,-13.417322144302986
1,240,913.8274165542074,2.0829845787242576,50.288161438481
0,0,155.22724333288022,60.97122395320302,-18.01181331277074
0,0,90.60825307816135,17.929086664642053,-4.576203487687948
0,0,118.12643276721619,80.53532725916826,-21.431613313102147
0,0,81.5503059955675,6.995335787162736,-0.6336092999927274
0,0,70.08625218201104,6.221447914613016,-0.7291695676142638
0,0,132.51989410662839,18.235523121508454,-8.811761096893164
0,0,193.99362694790827,81.36182850977646,-17.756804516769478
0,0,191.48259932862436,107.36508985570462,-23.143899017488543
0,0,150.68422724926702,59.555133039501534,-15.752744280019613
0,0,118.20710015863693,90.97496649653043,-19.75163897374233
0,0,115.30884412120503,91.66877126752492,-20.787166704314487
0,0,107.72013522489041,95.95351027187905,-22.21930257021451
0,0,101.51068455147644,12.987460378330688,-5.185855274120755
1,120,289.9565578895767,26.601065123258696,-6.972042327854936
0,0,125.87979791147716,102.1012342099613,-22.860652783269458
0,0,146.18163554983124,81.35779996594488,-19.83340812726422
0,0,233.11783324565073,8.363843587885764,4.6382739165007365
1,0,390.8814402882906,4.476144471190864,13.987613621519088
1,240,689.5578756594712,2.4787980346928307,25.748538342956138
0,0,160.8632254850474,54.83725337712644,-18.246674400702275
0,0,72.0675231211553,5.943459889976644,-0.20233315715229594
0,0,60.29546860145757,8.110085936817052,-1.8229898540283216
0,0,54.62369851298976,5.464490033613578,-1.8438878832482857
1,240,249.97668323331538,1.8091833653644631,17.38334522157315
0,0,79.47627775874192,5.874670067433148,-1.360411580947897
0,0,108.45468913569435,65.859796916313,-14.588557607986758
0,0,188.39682221349688,100.48984555577935,-22.401266017053473
1,240,956.9318263091919,3.2311044546609233,38.97745054300054
0,0,397.1615712856939,2.986281976638018,22.20245717945707
0,0,150.17724471040958,53.68869964759501,-16.84444041782521
0,0,124.68300488423533,102.07833359878967,-25.350281767217595
0,0,73.93157921666685,7.154629319600013,-1.1827915424575508
0,0,65.99844119061194,14.016359858412827,-6.101928707202163
1,240,326.47646347969766,2.9593805720207347,11.576609839794259
0,0,78.7946802446527,6.0474606656287415,-0.4089673747695173
0,0,113.31379987113101,66.19213012358063,-16.620844715050936
0,0,189.68167374222216,109.44995514351154,-24.204573074497574
0,0,107.20446926531511,7.963492605397212,-0.7059043280047774
0,0,76.5953602225998,13.379023287380187,-4.037420062291375
0,0,162.90276376425666,67.9238408413775,-23.931292373302213
0,0,80.62660995071985,13.365452220592706,-3.7584326931927166
0,0,101.69347849282823,23.118204880735693,-10.931423630299037
1,120,419.1584670612543,5.954231551977933,4.940146080681998
0,0,86.37210976288081,6.6661408552477885,-0.6238287052806868
0,0,74.83473999176202,9.148518915339338,-1.1138412559110549
0,0,112.28831735810365,60.34752884018073,-13.258428430858302
0,0,135.99453203231033,14.825276840078748,-2.306022304380676
0,0,141.59910196671095,29.194653193410627,-5.625701986719676
0,0,122.46672611884834,54.12855454533527,-13.386009446159477
0,0,121.60766827887436,69.74224466729197,-16.78720993628754
0,0,104.09485241941783,5.74368057497387,0.9403583991114459
0,0,84.88602619385125,11.994876452085165,-5.22909913534356
0,0,98.50322826368536,47.26322277351172,-13.377338481317508
0,0,107.3861636090042,89.10645855916225,-20.60799318400602
0,0,90.07175711131572,8.525715424473317,-2.0066705851900366
1,0,290.278728668691,3.1684903338592427,13.44439167664217
1,240,828.7811325030607,3.2967000498540884,33.57313035953631
0,0,172.97371802763243,10.870754794048445,-2.1876036614353467
1,240,236.08695098400602,4.855672737259617,10.576378906994393
0,0,189.32207129834237,20.06103285112585,-11.338552113585692
0,0,84.36856346902297,4.948405502544079,0.20853636398207698
0,0,60.767383043721416,6.022634222795679,-0.9126653604643025
0,0,57.84979335872515,6.362918028440588,-2.285906300021523
1,120,200.8453446808676,8.492136103812632,-0.6378734490649265
1,240,906.4123647361916,1.5818610026744562,48.93544865152036
0,0,126.49097016289053,12.90257668562131,-4.300460464971351
0,0,141.85797219584023,7.659290618630947,0.876274632138049
0,0,190.59482725277786,78.31598946704767,-20.03433039302638
0,0,100.19269772411108,21.959292812024405,-7.9536367627891025
0,0,65.75250540409243,13.033348236025184,-5.260845117531574
1,240,331.0399298126255,2.050296203381165,21.722452433464525
1,240,376.6091840850603,2.193471950685818,14.54870589125619
1,240,478.4897188771906,2.1978251514715677,16.446754203798648
0,0,80.10943629538022,9.875901202091356,-3.530192396819359
0,0,67.85548026598725,7.804488759915567,-2.1600320011395695
1,240,821.719312264116,1.429401736015979,44.009981312564506
1,240,800.4876004290979,4.286903083231406,19.236627894785258
0,0,135.20979339106518,27.84609453598263,-5.542178561212708
0,0,99.78106277227441,41.92762222754199,-10.769887940973206
0,0,75.56737810870001,12.880262667973534,-4.9988562212522965
1,0,162.39580389751598,5.895131803222877,0.722585611179241
1,240,433.7863354158152,3.248571856124222,9.639967543579814
0,0,121.48469471758541,7.217520267422379,-3.9540023158196504
0,0,78.67375284190106,8.417151402431347,-4.408908290941184
1,240,423.8836536030085,3.0191499398445703,17.194782118983042
0,0,153.9096986117916,67.7655436154792,-18.3344249876191
1,120,623.9760572863823,6.523239453221989,15.282794741691589
0,0,98.61406090645103,26.24929310906181,-8.101677239313986
1,120,148.7612236501878,28.864976803580323,-10.924332567034014
1,360,203.6645770553436,2.6357192475518665,28.698917352674925
1,240,557.9778428169379,1.9288909722631387,38.748581456367475
0,0,138.98583443691217,85.33167689090796,-26.130774282029677
0,0,183.08464323285048,75.47212630645562,-24.692804933384053
1,120,430.9774868708138,17.722421644120693,0.1900742365245378
0,0,120.98653163214637,41.79169858109544,-11.228587793460079
0,0,86.11733751885532,7.200319540399544,-0.3820826282028378
0,0,118.14908221185624,10.107730182334892,-1.3848709936556673
0,0,177.78669100546898,85.91209764599746,-16.685985272376797
0,0,128.83990348342164,101.03953242002471,-21.295197530454374
0,0,148.45010552799243,133.65681804273433,-35.11150551210868
0,0,89.16923115548975,13.406887382215288,-3.4061939008130366
0,0,75.65671191675104,9.971470823902381,-2.017106389920613
0,0,103.35263533315009,86.071694402164,-20.44736105043154
0,0,76.00325522137891,6.609567068451648,-0.7818822703951582
1,120,356.8351079805713,3.4645124995481225,7.781358646991293
0,0,100.72595724628967,6.348345240404663,-0.39652895232102026
0,0,162.72432286932218,38.169683915486765,-10.188008605003148
1,120,894.5728039888504,4.0303063195071935,30.859715450550453
0,0,226.93823041394708,20.707108763212485,-6.134779035308497
1,120,1056.86344327279,1.8491541864998766,38.044558291459666
1,0,337.3574017863273,10.594775175392625,-0.6265076688241749
0,0,189.7666374997683,46.289029907916685,-15.372273333373855
0,0,99.79425794422687,100.67283385677443,-23.83103467256398
0,0,97.2023588844714,108.61979354931444,-29.21244892513856
1,120,322.10933767788384,25.388110644419633,-1.4559454288106224
0,0,122.83522736855518,63.47177287576072,-12.774809461860329
0,0,184.52035502647558,100.68304960860542,-21.03410690597468
0,0,175.66197358360438,105.98161715173626,-23.217515033441167
0,0,151.58488842348976,25.100013808463938,-8.909678007000693
1,120,624.6532734139083,2.8207646869125473,20.686871863374748
0,0,91.4509473178661,7.837642123432768,-2.1640161007683645
1,120,555.5716510655376,2.5618077867063582,20.760329360774506
0,0,127.27768127829351,74.03096889780207,-18.076473030486227
0,0,80.78484432159483,7.827061781165417,-1.6326513436460743
0,0,64.1076603374733,6.634876774103216,-1.497915857658711
1,120,303.084801753375,6.585490562877556,3.505574313019551
1,120,708.7601156351199,5.043074026457292,18.574411356220907
0,0,236.90917797030858,42.19270113362127,-14.681983159096319
1,240,304.5592601945375,7.961736434631922,3.2809112519892807
0,0,85.70216571680459,8.062626910930177,-2.4783266873981233
0,0,119.63042164045443,10.518500870710415,-7.079803240095657
0,0,79.49158143755277,11.7645717125521,-3.0490568851496818
0,0,108.6684871967111,64.57562276406429,-17.727187967141674
0,0,173.58529837714744,6.485620308085035,0.6254507259325379
0,0,103.65109107813676,33.76428713553174,-9.424916143344376
0,0,89.12115493190693,6.623370967745523,-0.2896134723622623
0,0,229.1958064400066,13.400789516921831,-3.8143051991274746
1,240,864.2773240052613,3.822772689344729,26.047240136080006
0,0,173.41955386759676,4.556677896082111,7.7895593401264165
0,0,98.99954357160873,93.7854317292284,-23.725450748449333
1,0,234.28800920782004,45.24899417539689,-11.331413494754798
1,240,1017.2153523731479,1.9816234739295477,48.2823099420837
1,120,418.0505260595824,3.8856690518765453,9.636839444136527
0,0,78.1862003071042,8.145582064623408,-1.9844621359330148
0,0,93.92187363063641,100.55176095344896,-25.05785202483559
0,0,228.1899353079739,79.83763833659421,-22.079124613911958
0,0,327.6425811329675,138.02682067191097,-36.31015411753537
0,0,166.44903424283174,48.25531666855192,-9.975815670131965
0,0,165.85733733971247,131.20074915341385,-35.47834386320765
0,0,116.09113417384044,5.813179724455454,0.13905768225934878
0,0,51.41235754723387,5.1730839077317174,-1.1757110470960441
1,0,111.85066615228854,7.766294301899438,-4.211056001152926
1,240,203.60036962068833,4.913742337541611,2.016207965581856
1,240,291.40299359442776,9.141490622471876,1.4569967826721495
0,0,134.06960130330674,89.04307758013456,-24.67049080509178
0,0,203.21210962122794,34.60664626521892,-10.992912976957143
0,0,221.022599037643,105.42185170829936,-23.311220633994125
0,0,181.22235556244596,8.796074574718947,0.11817550489466555
0,0,105.2003901767135,49.12800178097128,-13.955762112835004
0,0,71.34094979544976,10.870956040749709,-3.675453514717262
1,240,492.0844642153771,1.7597469552699336,27.251473878519477
1,120,506.24628453788495,1.776179696002294,22.944292303176027
0,0,145.39766776055583,3.3029344109482905,4.598908475871468
0,0,78.75660242455963,16.66015852930434,-4.738938634063842
0,0,116.53053113264583,102.72621441402664,-27.48319645164336
0,0,381.1216381552853,5.321092283221432,12.508445300982672
1,240,1317.3244388021913,3.2430474988067886,39.93518793572784
0,0,168.50174502187673,57.52847587829339,-12.6048987089912
0,0,91.01711069569531,9.883119912241181,-1.1249005669495915
0,0,77.10421887911887,6.956414404402804,-1.340358984009896
0,0,171.9213463841315,3.717149080147574,3.90242022617673
0,0,146.43577864261673,9.221565150737147,-6.066684748947495
0,0,101.94156813043965,13.632377542594798,-7.762970647397594
0,0,136.81703108401396,67.96867463563218,-21.9043262056627
1,240,710.2623700914262,2.5675600130465233,38.93507324986675
1,240,533.0524350641338,9.387618045472484,6.2743544685709765
0,0,365.1057374686389,47.049511411091395,-13.354226476309137
1,240,629.458583216281,4.500539090945204,26.28917115146953
1,240,1036.763070063937,1.6838541619911291,39.132122378987134
0,0,162.04277636749566,7.029132598653037,-2.869180599256822
0,0,84.1942659034258,6.786693044014381,-0.42719700834952334
0,0,112.46582869625111,77.21526567100051,-18.452907037985568
0,0,104.2249563614268,6.8786758720398735,-1.0167644941337386
0,0,74.93614103395686,6.953173700796351,-0.7441548548122086
0,0,93.96580652488193,34.511600065321495,-8.72468685580192
0,0,102.62639075313753,32.988962108848554,-6.996290382492219
0,0,171.39339213727402,58.76630733725373,-13.268219593473873
0,0,146.52596832307532,8.081222828088233,-0.7043719819937024
1,120,268.28489362889275,6.504905698246523,1.0586079556003796
0,0,77.1680975680812,6.196131891800421,0.25969558494485057
0,0,108.05136351464905,78.81340633605889,-20.280736915558577
0,0,75.39433317755365,6.972407199992267,-0.6790988407145306
0,0,85.66470004386396,4.65015022043243,-0.942894848496536
0,0,107.59314869893551,6.152996060184423,-3.2106771177037245
1,120,462.8632344679592,3.0103961595653734,10.496126247628297
0,0,102.00879095662359,6.41000343937534,-1.166369020380273
0,0,118.48825707853815,7.007824814511582,0.3248625620295229
0,0,181.10145649984025,68.46435879761907,-14.129900027113976
0,0,163.96396619723438,74.56950868019086,-18.68362022378369
0,0,133.53265756215518,98.48847508770763,-23.08208734977294
0,0,99.52582008182623,23.182179672899842,-6.574911081302588
0,0,107.033918267012,13.361948903577877,-6.16254091786773
0,0,122.12331156633292,86.11408796735942,-23.151676994482678
0,0,84.56644570407643,7.301345835659864,-0.31146789685121234
1,120,753.6251512889713,1.534539713459243,33.00768411354707
0,0,119.80116535174999,6.898892141001154,-1.4622227635042577
1,120,661.8285618831185,3.1444594020896974,26.8201871677755
1,360,290.4209281849897,6.697276337042899,29.15166747547744
1,360,156.7465358849293,10.99900669965443,13.55536523155439
0,0,84.38277321820031,98.19050723642266,-27.51455142140096
1,120,255.96878765944018,13.551970009698286,-1.4817733850248374
0,0,109.73458680690827,33.197244322592624,-11.09061852899417
1,240,885.4120898690271,1.8170821855826287,49.63406104982356
0,0,151.06907509515554,61.85647841116142,-18.689284620072897
0,0,166.32887202402065,5.618550700592203,1.143753554298371
0,0,131.17264891258836,5.435374689669497,1.5439494928728692
0,0,178.9485803089637,91.42398308266186,-20.406357584755952
0,0,126.00215932561366,8.929696067197222,-1.0567111694568752
0,0,74.92925437849198,7.24647091395399,0.10838434227909488
0,0,86.59511837133,64.19192923275031,-14.261644796403871
0,0,87.97307294751712,91.85224328256427,-22.617775940514477
1,240,406.5682325280951,11.386173767081251,10.189509094764475
0,0,127.34230814710881,90.59673821195572,-22.218758323182996
1,240,1050.71576278148,2.608218615088667,47.39900229388043
0,0,160.71747778247624,103.63985638873375,-23.13658074429773
0,0,141.96431575948804,90.2953554839103,-19.69457229470929
0,0,150.4871725464752,10.35511291547657,-0.2554632921223998
1,120,648.7706922697333,4.111221030188953,22.52036085328521
0,0,237.41884715500169,7.210243349145955,0.21399997010432514
0,0,94.03344878522587,10.43958689517082,-4.094972864886543
1,120,771.7898698575949,1.4856856102435951,35.454365137571074
1,240,681.3405936621323,2.811831995608572,15.771021316626303
1,120,651.1256450372633,4.9854606154465495,12.181706859807932
0,0,138.3502103075766,106.52372342275014,-25.583552385668675
0,0,153.33889406426374,127.98023880340679,-35.927041195008464
0,0,251.33229443843868,7.5782676137601666,3.0116622059885856
0,0,390.0752198164184,10.646716678253393,2.031003030516345
0,0,277.8955132336382,7.551086674767473,6.10818475354958
0,0,112.10476390084051,35.03775099248628,-8.678003141981833
0,0,92.26143581571779,38.73124704246141,-9.956265048611385
0,0,101.4246665405011,88.92554228698378,-22.329409557037707
1,240,826.6617430286339,1.8775160961851336,52.10276558479292
0,0,75.3807072353828,5.258193664560678,0.4193343355880188
0,0,96.82693130309535,4.0765614749927845,1.0131448346373872
1,240,433.44929172810845,1.6012501747670895,26.733276729188887
0,0,229.99116696795232,6.37338782038998,-1.782778981117076
0,0,144.2420926415779,8.688045706461057,-0.9404219590717702
0,0,108.46469887524249,17.444683147344858,-4.831703691203103
0,0,73.7478160423237,24.0197810778827,-7.528114843417825
1,360,329.62156218831933,1.5267373427531743,54.04879217933724
1,240,476.39721853323744,2.2848359225436337,30.35505578563493
0,0,150.8430454271485,120.09936022500739,-32.44449955145127
0,0,104.45723219760033,66.19328526159684,-15.230779673082495
0,0,80.66508453285616,20.97973216446023,-6.632072871467358
0,0,222.81594080099006,35.060059595424605,-12.966035676138631
0,0,90.84818075374031,8.627785404980326,-0.9440414660289491
0,0,173.5992303928945,91.16698653288985,-20.621604643745755
0,0,136.59795041979288,25.144724869304405,-3.815694878440965
0,0,123.49664103070164,89.07802772473794,-17.991031530489536
0,0,118.74447467000688,71.17553269820999,-14.810642100557018
0,0,84.47952647646,11.67053084370942,-1.0079614304977156
0,0,97.61465132769402,49.01922748771229,-11.49159649242948
0,0,109.57268522114788,95.50566326298905,-21.791582526910105
0,0,73.95463675940853,9.855096083477273,-1.752116209040338
0,0,124.02971917594618,31.20636395163072,-12.726868167520806
1,120,829.7481436269721,3.127454507058676,29.925090062831543
0,0,260.63187527339744,89.30395828148613,-19.078796408183962
0,0,138.92917681713692,10.972968264355908,-2.574668979880471
0,0,288.4022255810799,3.079034821470028,14.356687084213519
0,0,125.91014453975615,43.19039022842755,-14.799175925232774
0,0,115.13083399648893,7.0487613716388795,-0.18596347459262574
1,120,910.7270499319469,1.7021266630659304,29.51557323334832
1,0,515.3732172037406,2.1157322902584177,20.587681520892502
0,0,150.47275308021787,6.648414450182416,-3.451556626692536
0,0,109.92745850415847,49.12203838096252,-12.327528229131815
0,0,94.2074572813344,11.673060415474636,-2.886776158625352
0,0,129.50029690031405,14.41434461287127,-3.5338488914388932
0,0,174.2938700421481,21.98810628591659,-7.231114482761413
0,0,146.99521312359107,22.042666703248514,-7.284286889345623
1,240,447.7402524276631,2.314084152482159,44.97651120102431
0,0,116.12849782225567,62.93160868053662,-21.929678606218303
1,240,232.58048140639752,10.155771289487754,0.4546575531191195
0,0,78.44879443141078,7.876325710202641,-2.4166893900906814
0,0,83.44164231556667,34.38596797663824,-9.57692486764276
0,0,85.64086031309417,37.79669345985436,-11.46137757230079
0,0,70.36982935037605,8.499750990203959,-2.618383112810136
1,240,310.4523328146685,8.081788665225867,6.5667260874835875
0,0,143.19596716624346,34.41519296844871,-8.094855657588823
0,0,78.6513187823702,20.772063617787275,-5.22436471456453
0,0,59.7365782512854,13.869495791520434,-5.780759551184914
1,240,183.69198389653195,2.355252639664277,23.915250143212646
1,120,247.38235825706693,16.15792798359114,-7.876311412699337
0,0,112.89747179112567,5.219918437128571,1.8119462423059076
0,0,106.83613805648395,77.65755357818743,-17.905236005724774
0,0,92.36365872214506,24.61920746314539,-6.060196056183372
0,0,145.39451633632663,4.606437271034106,5.783549325176253
0,0,281.9189297454188,36.2130714357374,-11.817500069225773
0,0,147.55843384806377,8.458580246892904,-1.2418555552567483
0,0,78.94698585699577,6.162594083912196,0.5080518856773466
0,0,80.7027032425849,21.8127527252475,-5.232206098979816
0,0,65.9553074884821,11.240406178852696,-2.042125901515192
0,0,99.26562353386667,83.4519568951698,-23.6236924054106
1,240,857.9949711404158,2.6337521287308787,29.21667065005748
1,120,640.3058761016435,2.1478277549166203,29.636153012564435
0,0,146.0553972037293,31.326288936552565,-14.024590868490975
0,0,89.8871947448569,10.398308760122317,-2.0813803791574657
0,0,165.56096742946744,83.31443049472574,-17.565794944513414
1,240,704.7453825440572,3.9473714709744057,38.194411163439014
0,0,110.11525164725514,6.762281728905899,-0.33766572968879416
0,0,129.10102958816822,4.838417411916485,-0.5132620146541598
0,0,107.2485211881736,10.936036336093448,-7.198153191668069
0,0,81.96989319235662,11.983334998890253,-2.923938191369743
0,0,106.0385896692712,66.81890801118372,-16.06989763269749
0,0,76.04714277139091,7.186206551441171,-0.6220163098262077
0,0,124.8354748694249,10.352287339594698,-6.33628781971629
0,0,117.82159482136248,56.63191550700121,-12.80705741946575
0,0,163.49806553394026,32.51115009785644,-7.9531189355164
1,240,361.985827481734,6.463807602287269,10.869331760600872
0,0,76.54203540398778,6.593845008334737,-0.2863321383178743
0,0,86.45293585911884,111.65348198403507,-32.35929582928389
0,0,73.18567224339694,95.39106635216703,-26.86289221845773
1,360,167.54118411518252,4.9623754529277875,17.342711632520917
1,0,192.58373869526918,38.21905523626143,-13.23208264737137
0,0,101.46938729080391,50.92716894910932,-11.3759360723041
0,0,114.43247612008723,102.61784802887965,-23.443462094749677
0,0,131.31670754246116,62.768467094582796,-15.2761846705761
0,0,535.3146135298949,5.876467299745109,16.956771795801174
0,0,265.50322895188276,66.91601902028513,-17.267716657697505
1,120,754.286088836666,3.0159315719146025,34.5742278604252
0,0,127.64196551428358,50.541006310285674,-12.5767563819051
0,0,78.94840286429307,14.883133913014788,-3.518646962218696
0,0,62.508902016191584,5.9829389878100345,0.2430247171347304
1,240,466.74787495307135,1.2438823967718844,54.96455385926468
0,0,90.24977290406102,27.7737143098473,-9.385841320062042
0,0,206.33040988784308,4.0146546506131475,7.272894536806902
1,120,739.6829784336035,2.1798544076422157,26.961797075005634
0,0,205.47510428319234,20.39909662589583,-5.752712335230527
0,0,487.56468705143965,3.9037185346058316,19.17837761055746
0,0,150.6503891150075,4.445029745781982,5.352230910721701
1,240,998.1771224901179,1.2088414429787577,49.67001305761438
0,0,97.87959768411412,9.969159645418358,-4.200001974066154
0,0,71.7916034602249,8.339666910186828,-2.5216550918491407
0,0,173.36726063029718,6.761505620551249,-0.15901003665304358
1,120,1303.1925456738024,1.2982611957243062,43.21765274580484
0,0,221.93444890148524,3.2823395635512234,9.879541916483348
1,120,800.4242998791129,2.054915627381592,32.1132273271253
0,0,246.28797518121564,80.54007776425998,-17.60655534840795
0,0,152.7046529340503,24.725727432369588,-8.372955322791412
0,0,249.52487329058565,42.70640544866124,-16.243184830742734
0,0,87.29894022787008,11.892118803477873,-4.047945694201914
1,120,350.0197789950067,5.048284781852352,5.069296429656589
0,0,122.26911594919596,5.450118492278917,0.1013302666763991
0,0,100.15827011481586,70.67136549141647,-19.007013923492877
0,0,64.47391704762121,11.937784658084874,-3.9367713491227363
0,0,85.1008218280053,110.27397284738488,-31.727319346655293
1,240,240.0513066316351,16.45380214722169,4.573661754351107
0,0,247.662971046166,117.19527827570708,-29.62151133477022
1,120,500.1281231425923,5.580400011477471,20.65862385725339
0,0,155.75911985593663,57.83104984241805,-16.270994268867824
1,240,892.973875626693,2.6913959974822834,39.26731756877781
0,0,141.6794066042636,84.72766966144968,-19.269314572926135
0,0,79.15499686021033,6.379074618990945,-0.1566111225529454
0,0,83.06340905974197,5.159683404291945,-2.090680134259145
0,0,65.42191193360297,7.828575192456985,-3.1359514718810146
1,120,474.515160777021,2.395580267591225,16.783003758145554
0,0,99.84191473364969,9.978648923731322,-2.286202201320222
0,0,160.38449240366893,32.74711591612057,-9.166604877491679
0,0,179.5282383180851,32.40279454212833,-10.132130815116625
0,0,100.79697765203038,22.64330417852509,-6.011060588745579
1,0,415.8492902436636,2.2032443731804934,24.526022127419054
0,0,123.007716832841,9.571724483969195,-6.188448133358378
1,120,301.6724422400094,4.187021999019984,3.9025153373084436
0,0,66.21829270680274,7.135413869435601,-2.989480329029533
1,0,150.76195860156776,15.972993996999993,-8.75675515904743
0,0,73.6778895662165,30.662117065480526,-9.661346564949326
0,0,141.23817320400087,48.01413107037697,-15.813071157289997
1,360,330.1974339539424,16.24877597876085,7.054012119004611
1,240,421.51505222119084,4.680376933491338,22.77028120373936
0,0,132.17650222622973,6.867835623718872,-1.9808531968793517
0,0,54.973245873087905,7.10640320987424,-2.201257392789188
1,120,142.02186892787523,33.53213688252744,-14.508220405392464
1,240,289.59863318233687,22.22283935532904,-7.496273750098084
0,0,75.97305596185883,26.22695382276993,-10.028480817346988
1,240,345.40058459909056,3.477379202881179,12.973411920259664
1,240,832.883243932104,1.6379322367496716,36.14266326203423
1,240,517.7298023636771,6.754518840456244,8.564672792044462
0,0,263.4277326954972,95.92930291082656,-22.945132604045405
0,0,144.07260723276235,55.72962276330351,-14.284291813657163
1,120,763.2524575716499,2.2125696309196696,33.57204186547327
1,240,573.7634854858022,3.7967211684983666,18.507981514665047
0,0,128.31129174517818,90.8865767794515,-21.963585724677102
0,0,189.90863296701622,49.66579433345582,-16.753065039999427
0,0,97.80366876509555,7.438087554459307,-1.253776150432543
0,0,79.28023196514577,16.23186223133892,-3.6503441759427204
0,0,105.4638628455444,85.7688749712109,-19.737964106581458
0,0,178.19910814533375,29.94100771962755,-10.762353025760135
0,0,197.5693371700921,45.109594285482764,-12.088714745282061
0,0,177.8349712781026,21.393361819425905,-4.64593579909527
0,0,136.66060481445032,91.34700035349314,-21.153719722018295
0,0,85.62975664391251,8.085793745316494,-0.45183079146545424
0,0,71.35433201236548,5.390717324697753,-0.28982483043276375
0,0,72.6837285824887,9.99375235329345,-3.936840040495639
0,0,68.18395956158913,5.6620926354170305,-1.2451580251082106
0,0,78.26040047722006,50.03940206596564,-13.758073625551376
0,0,53.270394195746476,6.015457025418312,-1.354567530298766
1,240,147.46299557257598,2.3079806468663575,16.24293104851897
0,0,117.75009830116987,6.152047132353126,1.1597269404758634
1,120,397.2572022741742,7.8610029849077465,7.4409347707521505
1,120,631.5817816063229,2.1657107353302867,37.2082249744234
0,0,109.91477345483304,46.56854803919877,-14.707340843603689
1,360,413.1256435134343,1.6590140695779925,51.94331705641319
1,120,546.7797215968806,1.5797200491188006,28.43358899888186
0,0,70.25916674848605,4.802393349938652,-0.24524412941407547
1,120,333.32106216799536,2.6233145994252993,11.02284112719974
1,120,453.98147807271175,2.7239625418627273,20.39981589993502
0,0,173.10700740204572,99.74164822344594,-27.333322443856957
0,0,368.6971821398519,10.877935601232112,4.339381901113427
0,0,231.85769432419036,10.325776922122358,1.1500256050402555
0,0,126.66183857082824,82.68421607152439,-18.90062683871035
0,0,88.62147281464519,23.462939577549363,-6.107920708500643
0,0,74.1164476567019,6.360419140028929,-0.7616658709525268
0,0,90.49855404123352,92.05218323394743,-27.16764413634946
1,240,452.64382318405984,3.0312396323714013,27.217286710617273
0,0,97.52162763264081,18.498217750526123,-7.496226194532227
0,0,117.65293694480856,116.34786902700522,-28.926243677932575
0,0,122.35770724542321,44.01188106789039,-11.682141076930463
1,120,1131.9111424572486,3.5742124825103425,38.51868728309252
1,120,801.9857739043881,4.663654505803347,30.341518301219864
0,0,192.28006836342846,38.5542221414751,-12.801128825588435
0,0,88.83039070253001,6.77359350817493,-0.13166030233128367
0,0,77.36751017101572,6.552457225419853,-1.257411509245017
0,0,128.39471379878486,62.362140077763435,-20.2688850117557
0,0,98.67920923395174,9.961104362658347,-3.8143263349345204
0,0,103.0943545790565,15.282456100707641,-7.973361754717843
0,0,95.45711601682392,24.160364984263452,-6.9516040024382875
0,0,99.16830347268805,13.856890347918391,-3.886378301165493
0,0,177.69400739216712,70.49291832674767,-15.02248101066013
0,0,172.14353312834825,87.61666262041307,-20.97216842341679
1,120,445.4327297283883,13.402800179031322,2.3658047820803745
0,0,110.05298267858255,16.732046016879625,-5.45557987578006
0,0,130.00353853990663,22.39381602585853,-11.14407626897355
0,0,101.52200927379647,8.145909654545196,-3.710322312396798
0,0,79.46568988021649,9.817892517290687,-2.9898554896046647
0,0,71.92318108982306,6.731214382204715,-0.21681118498104013
0,0,100.7431087026162,56.00767170342121,-12.232924356779264
0,0,121.98794769323636,71.42180090365632,-14.589635534146268
0,0,134.6173709802097,12.10200286876788,-1.1805035913444755
1,120,586.4985041565703,7.64073260443905,11.451496429966085
0,0,127.91844064207453,33.29706268641957,-7.703790387659623
0,0,111.89624844302811,56.47514883897442,-12.379157721801434
0,0,84.97735514817688,6.098845807093414,1.5143435111485957
1,120,1198.3812543648694,1.1557692811007423,42.02618503082313
0,0,230.60199913761434,3.2354247159641796,5.663772706628009
0,0,76.51760053015313,6.101036057066364,-0.4588003238399523
0,0,101.81776703688908,62.445685434786824,-13.611607766651673
0,0,117.38447641029114,68.3417336775843,-13.443657359886373
0,0,188.69912088227383,82.8055200024531,-17.78271701621189
0,0,137.272355204841,28.879320368916154,-8.481667346349369
0,0,223.97840824346207,16.668704745721246,-6.916116982402556
0,0,127.14662510738077,4.608415896112677,3.6116443606963315
1,0,511.93535345143823,1.6927486119096065,25.863147256680833
0,0,80.24442041052109,5.652409330015403,-1.3714708919864336
0,0,116.54496193496155,5.319469675289268,-0.516892089514883
1,120,819.6699342862343,1.6993749754067753,36.140465138101106
0,0,138.85491429869998,57.820155447002534,-16.936904289714022
0,0,125.36355381292455,9.756781203974567,-1.5309194203661605
1,240,987.6858271820709,2.9931430903511793,43.92016470050861
1,120,462.1904167310841,14.589136848660601,4.023190227656286
0,0,137.11552083717575,68.06325156071051,-17.432110964926764
0,0,75.90800965888354,12.946439441981113,-3.1814568644580987
0,0,141.97261375422104,15.087616805627375,-7.673449936640395
1,120,490.7721567532593,3.211052883112112,14.013251355469862
0,0,102.93807567825179,20.689615641879293,-8.107706228274793
0,0,71.51499796776261,8.02601084071903,-1.642183592625301
0,0,75.64327868757263,5.31960007954188,-1.2634457821575893
1,120,322.5143523716275,4.303659804079254,4.928827856007118
0,0,182.31094591246588,6.43928167582874,2.7638871399499294
0,0,210.895916711279,75.84557520748821,-18.539812192620417
0,0,329.56685437058513,4.093897569751896,11.692381222906661
0,0,95.60533498012158,4.844076685744407,0.6206211940217798
0,0,84.53344643813689,4.287041609548196,-0.28655406429189156
0,0,72.75317327611481,4.905090083064621,0.02088738504686205
0,0,94.1235137690423,64.10641292148674,-15.760760034843045
0,0,70.94539504242286,6.896427996975139,-1.1468448186185043
1,240,563.1000634673375,1.7256145446001145,24.457045421113747
0,0,91.22109173015635,5.002131152168968,0.41712035979961115
0,0,117.53902089416395,8.662488277852104,-1.2542305702841077
0,0,179.34950268563276,16.622863815508662,-6.047815757204262
0,0,135.87907427772626,23.324839217903495,-10.14695229980994
0,0,212.16063540032422,3.3842234134208535,8.996995157333842
0,0,88.37225523922511,5.297017582550491,-1.0474959575833935
0,0,73.52131592789397,5.242527556441429,-0.7580780677059096
0,0,74.79576662305706,4.806656079953991,-0.8734161667738078
0,0,68.85622183160373,6.139034683090679,-0.8270442061077006
0,0,102.03768656943015,43.56993609230203,-13.267971247741045
0,0,95.44550789304444,19.27726629240848,-4.039385692346954
0,0,168.25164890193233,67.56728583383217,-14.15526299557311
0,0,140.89265014462708,21.224294736429485,-5.493534501288806
0,0,158.07181179783197,4.448360243320165,5.418544505338801
0,0,137.41064378099918,10.209621477430018,-3.89347993233406
1,240,1175.7112234427993,1.4402777439806467,49.92450931029468
0,0,104.07314386762319,21.672800534969372,-6.735347708661877
0,0,106.42891283135647,93.56128441679276,-22.913666671300803
0,0,258.1319796634411,14.599320112234874,-4.9228941307171965
0,0,100.58840551392609,5.351593792784982,0.46101414708918753
0,0,84.76183400628663,7.295099065856504,-1.5609903898455144
0,0,175.65257599120866,91.29320702000012,-21.867629160673403
0,0,178.27012855107446,53.68027796949548,-13.25513652891037
1,0,397.41214352009024,7.344945527385503,5.058591143386138
0,0,124.67170283403206,5.49243625154202,2.861228099315369
0,0,109.88741954596594,79.87633546013771,-19.134573802987006
0,0,75.08920616221128,8.509214097421243,-1.1786436403241396
0,0,102.20549424160569,116.93202232180964,-31.16961408999785
0,0,208.2688078542002,71.59303567533631,-20.26044654079128
1,240,1332.900364391055,2.673788716024833,47.25144265696592
0,0,172.86923357755867,63.26662036407935,-13.797137880930208
0,0,188.74682301593015,49.98059832132724,-10.385850326887876
0,0,191.14582770631867,111.88984488099229,-23.517289468772788
0,0,114.4226250853564,49.54872470531783,-9.600438452985088
0,0,100.01106006071389,44.84611452359469,-9.655571205673112
0,0,96.0636631564189,30.734042456021967,-10.660494287637917
0,0,64.74663427205972,5.584464653372058,0.8483172433636241
1,240,501.5127546571643,1.319150580754221,51.67299008425296
0,0,102.80287050997255,46.755499907512004,-14.102338934721729
0,0,118.14374292836001,31.07322707564831,-11.863459881654421
1,120,703.6825137104978,3.1147820564271758,26.886247132708007
0,0,241.67456217507257,77.11791641468324,-16.94924760103079
0,0,140.14817718274202,23.00500496495205,-8.001868674475546
1,120,504.09637839430354,3.5454856439693745,14.127162787561929
0,0,291.5537858429773,2.879037564411849,11.55421645222556
0,0,81.57750686764648,5.073799344011485,-1.065260603408305
0,0,71.72117252951988,4.490077872285776,-0.2343486208801835
1,240,442.87041778100047,1.6570047611458654,28.844701581797295
0,0,100.42169743941325,34.66203152329055,-13.500560236414785
1,120,341.6772788968199,6.7053054487072306,4.55999745509375
0,0,116.40595918712553,30.769303043967202,-7.991369462323817
0,0,156.41468411195984,35.26267441327658,-8.023733666868026
0,0,193.528440456292,69.13811470441946,-19.553929350651657
0,0,76.39758001207176,6.513341815571258,-0.39993181725596116
1,240,310.6834297007707,1.608801212709472,30.115861857258295
0,0,72.98618028805375,8.9335865359378,-3.08352938644704
0,0,74.0911399063721,36.93331803788451,-9.848673222827045
0,0,54.56899636328476,9.813699727272425,-3.762892348480108
1,240,282.86732706147296,2.226161454093379,15.759808770986652
1,240,604.2512250194891,1.5888648165429418,32.050675906162965
0,0,132.12927620702527,4.6439648173361805,2.83544241471526
1,240,933.3650678251564,2.5240424444142255,41.229904068145245
0,0,149.5315314891172,26.519441988090424,-6.6734462137663115
0,0,100.03310869425988,17.14639582820229,-4.477515120623124
1,0,414.62068823661195,2.1373279564523537,23.06208215586163
0,0,74.57360255095706,8.467312368334296,-1.8593223063460158
0,0,92.0941779423736,105.20804288110891,-28.064711194941808
0,0,69.45827989208087,9.092987460112525,-4.313348023319648
1,360,190.3903927759817,2.0528939102403063,30.95848307689171
0,0,80.31415417363584,29.885006989581644,-8.934237814791956
0,0,78.88399138058698,13.73823420991124,-4.202284641227479
1,240,446.76453521091696,3.983731696163991,29.596174633530737
0,0,118.47972102657921,9.180480140325733,-2.0085992275832893
0,0,75.51262494673232,4.2487587112777,0.9432011651595786
0,0,54.01753679937964,5.179997138023346,-2.034770640662046
1,240,203.56042135096283,2.416050576670918,7.471465444034834
0,0,78.80758634711651,4.769320304611641,-1.7288773891896625
0,0,77.95171393954688,11.933680308320978,-4.298420859591104
0,0,76.6621352744778,12.268642357027082,-2.077892970994327
0,0,94.98549064404872,41.32491813815826,-9.193230710422
0,0,125.73739434612762,87.68997056676768,-19.260918373575805
0,0,168.41058044039758,42.60823315650742,-8.534464592358447
0,0,198.02203132537534,80.77831776049355,-18.433034095407493
1,120,990.5562985404173,2.6458727302241596,42.29206291559949
0,0,137.48998485358965,47.30695557684469,-11.44210171627185
0,0,99.05286839022075,31.777597749684947,-7.957922047668347
0,0,97.98540845301815,17.76310416112958,-7.363646560863899
0,0,185.04875137960983,4.491409439584947,5.546553520732743
0,0,117.35113706260026,79.68014248769468,-21.187119581107908
0,0,192.87838552464072,47.3693980062342,-15.330905275026666
0,0,188.86934313488396,6.292217715912447,4.18604162097094
0,0,191.9084270255508,77.26100191683037,-16.44707667739533
1,360,268.5615841417929,10.969492020888334,17.998428910417616
0,0,102.6671438830079,15.216495915078106,-7.191183659293571
1,120,411.4681304015773,2.706729326583187,18.276079439720405
1,240,891.3453828242848,2.1784477112494116,36.52923717296545
0,0,151.98471120249613,99.77711096054401,-24.23015796893072
0,0,127.35172841162127,97.00270047317743,-23.197980263775875
0,0,96.54535494903412,17.979822492198387,-5.090892093048367
0,0,90.654736585542,17.43427788068309,-4.763302935639899
0,0,90.55962138771798,9.354618098723062,-1.6553353485617066
0,0,152.43296162289505,32.922729382843315,-7.2640546380477105
0,0,108.40279266043801,7.5085044971928445,-0.30801747635042886
0,0,79.1076631484513,4.469240265414988,1.9993732952671053
1,240,686.249379005383,1.2184488296416232,41.085662752937466
0,0,78.83700341860848,8.79059579120606,-2.222165989912682
0,0,89.81463263517672,55.884079155297854,-16.84496352904968
1,120,313.7362302220754,22.690863376536807,-6.185415145046804
0,0,86.35285546772508,8.721416560807876,-1.5639494028324066
0,0,69.86522738377808,6.47440103010246,0.07829752094444586
0,0,115.03658600713086,102.01591282823797,-22.661505925299437
0,0,193.67175090631181,115.43847218450775,-25.46160934689788
0,0,227.84296123312765,36.32459640139752,-12.057349207620945
1,0,295.0182213161187,10.032308694391224,1.6040227404586602
0,0,139.7624451243,95.17184281552554,-23.737688380730866
0,0,109.40411803306098,12.53138752333296,-4.856274066897896
0,0,74.41921677190155,5.582875436148175,0.14155170749117474
0,0,79.37008723188221,15.302797359212084,-5.15667200853747
0,0,95.97372286924463,23.526051626007646,-9.101781357271548
0,0,112.09555902143724,72.77884982550357,-16.420609363017874
0,0,107.42827706587998,33.337431150280295,-6.492708643736208
0,0,169.34094208757173,56.001924891790495,-11.199483787153227
0,0,168.7714411867574,92.94467896334503,-17.87713595025275
0,0,112.63721856287422,91.51524620555615,-19.286630082851246
0,0,107.19086599526102,77.83807999128543,-19.433349571435542
1,240,916.5560511501233,1.8838953007571513,46.383849481303756
1,120,716.6681046156623,1.724777295151246,33.22424159257393
1,240,605.6112799594968,2.150813064727299,19.220120829479768
1,240,640.1130270765101,2.5349945967305483,19.61328911221038
0,0,224.0196034796092,45.084220956995146,-16.304642473690265
0,0,137.31611239018164,62.75156598148292,-14.683695159467305
0,0,141.60389711940502,10.017126751542056,-0.1478608984345442
0,0,205.20541945437006,59.5559993930137,-15.556096731233154
0,0,117.96696843400716,40.32020436029081,-9.845592678949615
0,0,103.0258961225093,40.49482874008716,-9.255607760976176
0,0,107.96956251739049,71.38508917357821,-16.6463714860147
0,0,230.87671717635664,4.05491707641379,12.018559565194593
1,240,1082.1932762443023,1.5812689944411413,42.944197674201305
0,0,117.78419716477212,40.04409388615659,-11.57336564595137
0,0,102.887573538176,54.57531139272246,-13.962995842797625
0,0,148.0386519530898,91.72568347366175,-23.393597441968673
0,0,278.59565087120535,157.07321277784246,-40.62397233629228
0,0,203.55600028819526,97.65637141772073,-23.62640835661643
0,0,262.5393258003815,7.523115188194926,10.163131607566982
0,0,162.23060351876748,156.42194596429542,-45.643657819122055
1,120,240.1742575208073,49.61473362333243,-17.625139006756015
0,0,75.35384077702598,15.323044762752708,-7.7596470417391
1,240,214.40098061764857,1.9801732342482417,25.040118930182075
1,360,158.6740965794767,2.502551236990116,27.68117540373474
0,0,102.80628266354445,70.1257649279035,-18.185121646623017
0,0,118.23811561436024,66.10609400020975,-13.778300592897537
0,0,172.12941973566714,50.53994141742697,-10.351044936629492
1,360,624.5097589148377,3.01030140214998,50.337841152950304
0,0,83.81601564351352,4.332909613308037,3.234084871471623
0,0,63.92093845189339,4.993467165821501,-0.23386249731804298
1,0,224.69341878962166,5.241001962053596,1.9696352147487772
0,0,116.71102385414682,89.93488022672243,-21.169344367379466
0,0,91.53095721790089,26.492967668681093,-7.051354443807341
0,0,108.099054312247,93.42798870933312,-23.239406445592458
0,0,77.55505958885726,8.77984308068785,-1.8257005212823856
0,0,188.01672417606892,45.60455287640321,-14.765400905568043
0,0,338.044525628876,71.44658583371692,-17.592494752768417
0,0,119.23735515224159,7.611034728003193,-0.1175468671741271
0,0,67.22920271678466,18.124772459299834,-3.9904562990278833
0,0,65.94168154631126,69.75744917143051,-18.75474221450449
1,240,198.59373142151512,10.199580801204622,2.903129836790555
1,240,349.816138042297,9.299575772249993,1.5051388671786299
1,240,636.281620721543,3.6825684894642334,15.33644798788616
1,240,1341.7806697708302,1.6232187790744665,46.004292658312906
0,0,118.40386012391092,21.518528243096366,-7.520490101024791
0,0,167.56279064245174,31.74345981149923,-11.867005413286932
0,0,194.47314221731486,82.73652216482152,-17.413379355929337
1,240,417.9206148305659,8.524478163363751,12.665103902831888
1,360,236.670939367428,9.164766653498788,7.695441591335992
0,0,89.40457339545465,33.752233992293704,-11.713749676372643
0,0,156.75763388608178,57.23002792277045,-18.836944652070883
0,0,93.54047761452414,35.80482761177237,-9.88061999518203
1,0,284.0978108542154,10.379972749017913,-0.5486486396064123
0,0,149.4288154641505,49.53324585590043,-16.24323238630859
0,0,106.7621362673897,33.00555638841287,-8.975843650968443
0,0,124.35126647184967,88.76372189013601,-18.244455140962103
0,0,187.7335607738347,78.09111297373927,-15.56010725062076
1,360,342.8507196438022,4.500771472225812,22.386708577409124
1,360,207.21711637420196,4.365474127172437,11.62267533125815
0,0,173.81154343026367,28.540738586942027,-12.397033330613354
0,0,116.54167447803181,58.553866626651256,-16.362861054207485
1,0,559.3455155881759,2.346712063569715,26.09961466594811
0,0,88.0656885444687,6.462724209171272,-0.4587210645635196
1,240,1105.9937389078668,1.2529105223299344,46.14068202120187
0,0,110.17778134527043,17.167838077628446,-5.492689069006829
0,0,98.15030275819045,18.48588123749348,-4.622786806424557
0,0,129.66621145074038,8.541770940447254,0.06230299895990754
1,120,539.1201736717593,5.4049999745522594,16.133701197688325
1,120,498.02360657675797,6.9089292074202495,7.094064473362991
1,240,1195.0374798971077,1.5733484025787248,43.361376233739904
0,0,131.61254465796242,3.9206426602208744,2.7538159278909546
0,0,69.75781823064268,6.847636952563307,-1.3863082285350146
0,0,108.16543827011095,68.20699404760438,-20.202111713335285
0,0,85.56645042589831,13.739399274894792,-4.955290038971981
1,120,597.026573637997,1.7677896037078926,32.91320705603681
0,0,100.31245184482056,19.507436566656846,-7.633941829313542
1,240,479.53599172128395,11.380258197005979,4.699282423548468
0,0,259.2652227474136,7.441345404645689,1.7374636582642609
0,0,90.91699629612643,6.595750083609932,-0.8722695492413806
0,0,85.1653806804703,14.776465039280687,-7.829796785335645
1,0,212.9499198009791,3.7620866563334094,9.077205545085832
1,240,663.048412453102,1.580373424059227,31.348977680030586
1,240,1031.3298333158675,1.4154388924384256,34.24686591294251
1,120,1033.2678458562398,1.8236210112770055,23.944660618721713
0,0,233.59669102367135,2.8389727755061704,8.802366078120599
0,0,99.52413100912784,4.350683848306894,0.6341164068227414
0,0,121.16519924824843,6.672456662596651,0.5105089232468316
0,0,139.55661631232329,22.2296059372397,-3.873068026676222
0,0,102.44741706345926,27.106228636591215,-5.924255829194209
0,0,118.25848651126624,54.65342399126331,-15.266906051281467
0,0,91.03605891727481,10.558146470859425,-2.891383764562093
0,0,80.25986579006167,14.804736139776193,-3.5807809509917945
0,0,85.89726494952615,34.657703365536015,-8.440991485683028
0,0,94.4591234453642,72.45033579330209,-16.900989269585537
0,0,99.49613094493317,85.2617044055752,-20.383647160081495
0,0,198.1187052312264,60.20080465328249,-16.234540285659577
1,120,484.5919191022865,46.94363579229187,-8.415464714719278
0,0,177.835402048321,59.64040749374296,-13.284784782248735
0,0,127.69032513932586,74.66036750477947,-15.917133303297106
0,0,91.76256422663009,11.541727540191003,-2.39279536022147
0,0,76.44497040412269,8.214727001861736,-1.8901488809273843
0,0,78.46611026058379,18.24112915069344,-5.886438586431282
0,0,98.1531594449018,63.40783598656273,-16.384276910700166
1,120,675.3125766030647,3.0187235314753003,23.538800283858023
0,0,99.10144340037222,16.56467373794138,-5.956625317690168
1,240,706.5397445526582,2.4554398805725777,29.46514319772875
1,120,556.7458399923728,20.002819309817617,-2.0446304946505336
0,0,184.35291010816815,84.07163068397311,-17.041309892585673
0,0,132.05779102289105,47.5442786822779,-11.326689641879284
1,120,955.2006741621088,2.1006053969553355,33.53165133820211
0,0,149.83316133044983,4.674952297072962,4.133381757707667
0,0,105.95093926588936,55.7543354972381,-12.846692341634906
0,0,113.6947141047622,95.91432943429126,-21.217206402442542
0,0,120.44062106881748,83.32699262065218,-19.686804885618685
0,0,87.56945258895398,7.973063104351942,-1.3785196836373643
0,0,78.5547242289278,5.659440330237591,-0.10060651782413288
0,0,119.50813957872657,11.386861435181535,-2.7728700104850503
1,120,584.3272408790041,6.6275050984114,12.568365313967362
1,120,533.3166559128176,10.321902697510133,5.14926375562753
0,0,131.46726173378477,45.16264399887785,-12.443907266696883
0,0,79.81807125490924,5.898982112868361,0.41973063197019655
0,0,83.29018690760198,6.08489751554751,-2.266450789632671
0,0,84.97947499109364,26.44970955487666,-9.094204170444385
0,0,67.9923631709065,6.510045159967144,-1.1193735534062057
0,0,153.5996687512006,48.352846415184224,-17.56617538904031
0,0,130.86141742980922,105.04375337675147,-23.200680363126423
0,0,209.00340710923766,111.90817547738725,-24.53121112058882
1,120,400.6519436604051,13.871427940342883,4.243879756961277
0,0,131.1520399584564,53.377328585515556,-13.205530789765731
0,0,73.49133205348308,5.742600340438385,0.31323786815242727
0,0,54.227452260401776,5.262312002323989,-0.23490871976697747
0,0,67.67663127295114,59.486474523662224,-17.740831130591985
1,240,204.67836075612445,3.01781363467463,16.547836201011805
0,0,61.67985639077444,6.876524878710444,-0.7144273421973963
0,0,85.20483583165635,59.70074540605916,-15.751090403117999
0,0,80.3896183142609,8.605038210576467,-1.4149155433762104
1,360,259.37028533646463,4.114527161534606,33.91333230980143
0,0,173.068340106917,46.16174813775401,-10.250036914741003
0,0,78.94382876473739,7.826745923114106,0.7779561416965777
0,0,93.04326675798887,52.42024620178584,-14.552890933591115
1,120,308.3404024666548,4.903790552796369,10.310036034462968
1,240,746.234857422454,1.6383597731834108,37.64349578479616
0,0,86.69946678870322,4.498122776852673,0.5961247936516827
0,0,70.1441227600328,6.173560224227934,-0.8080906711362559
0,0,86.02124742001077,19.45107846578717,-5.562907503976277
0,0,99.52203383832783,22.509450755991995,-5.172793345364298
0,0,133.04817709917887,8.225721569402092,0.5418533251009023
0,0,133.2234438977674,29.9206303630601,-11.506433828978075
1,360,172.6649124613463,3.039497741122933,18.64484643321262
1,360,292.90919299904976,2.200233569112816,30.72524944610298
0,0,102.1110535392552,80.3312576893771,-21.247853322664
0,0,94.43207561007333,72.57218119517592,-19.68193308209382
1,240,720.5915144204286,1.8793930826550505,42.673437417996595
1,360,472.23946972967275,1.7013690549685712,51.247145843824185
0,0,110.46897067683653,38.904228960390945,-11.181909363591757
0,0,82.87129687840313,8.213886819445248,-0.9851611786433097
0,0,116.91116196481757,7.561188717699982,0.0689449263251447
1,360,361.1401348545882,3.9394285434355036,46.78097015995259
1,120,125.66565976870906,9.21729474988342,-0.7025225988768966
1,360,191.5447889448883,1.6235370060611625,39.90535474407778
1,240,271.83457626103973,2.7442440129503147,6.43110818155192
0,0,77.34026962273242,6.415737165458214,-2.436562332668757
0,0,80.28049174828116,4.501582776191894,0.39980484987448506
1,120,527.4353727934001,2.088368830434645,24.329924109615888
0,0,126.02932052148833,87.24197194601304,-20.44968070525519
0,0,108.5619169118957,28.97258151959788,-8.024008432359665
1,240,845.8513319631323,3.588316672565858,44.9240098563139
0,0,156.5885339032511,15.031987885630441,-5.560788639319597
0,0,79.54123904127938,6.905140715707666,-0.2723930735688782
0,0,109.16160573617175,3.774011425834877,3.109045436968117
0,0,243.39122683954807,2.2007700765742575,16.911002205635967
1,240,902.8419597893289,1.2843973962071282,49.8664703841374
0,0,113.04683569631955,46.074675999974836,-14.468759853631468
1,240,977.7225201290564,1.686810029319168,49.7787567848829
0,0,105.59771902287662,20.647467543512324,-8.445968968243136
1,240,486.32112144732855,1.830447944636757,44.55495752942652
0,0,139.707113823355,7.578012219964393,1.6549758873026974
1,240,616.8621365231305,5.563462800314587,19.752500105340417
1,240,1058.467903631436,2.0257806551157507,43.0540827350505
0,0,209.8734042455468,42.031090105538944,-14.524315322460495
0,0,170.930280144341,62.542132239528925,-19.669167054636063
0,0,179.4976763046969,9.260936405607303,-1.1619622046105036
0,0,124.61387760024381,85.78696732039,-20.35373470915502
0,0,82.99760890888452,7.247030885156386,-0.1908352781174898
0,0,87.02675579817537,18.129508525166354,-4.841426162445771
0,0,104.4526297578987,31.34524763924384,-6.893110656429414
0,0,148.55251547938295,16.618120530029543,-3.97814469142169
0,0,179.95898586434777,76.69551132060056,-20.988754747998698
0,0,121.08309217741363,77.32008000674762,-25.598030413497426
1,360,168.51354585864865,3.433617069872009,25.88677708896192
1,120,246.7791439186352,4.752136272942948,4.357326201298264
0,0,238.70097802971617,13.552794850437996,-6.783838533984664
0,0,108.34924112065843,4.667691171699104,0.912078689279511
0,0,81.25977982341652,7.347624003660623,-2.8902318630779007
0,0,74.72981910344068,4.820291220803309,-0.1175468671741271
0,0,77.09724720321616,6.2525405299583054,-0.7803446404323182
0,0,115.03906860391574,8.31171257019421,-0.6939890167807476
1,120,588.257951105366,4.377025958560463,24.6362770648916
0,0,146.13082733617924,90.79668538295148,-20.2119240117579
0,0,112.01868920957327,58.03068296026564,-14.73564697319442
0,0,82.33314584703426,5.114226467224596,1.2325028080982747
0,0,110.38514052512822,3.351788852583279,4.711044500171397
1,240,537.857971587674,1.312756260118319,34.37467413816947
1,0,401.60421790842474,1.910994229462951,24.590739968603927
0,0,117.53209456249475,48.634949167777606,-13.135809046261926
0,0,187.15137482369494,4.539210945844601,7.232905589869674
1,120,837.9861932832603,3.0618717718004573,29.478670114240288
1,120,691.5100356006997,4.25884360763028,19.86809183409291
1,120,891.951816603296,2.1170758150409594,27.64854171765066
0,0,97.35717543374528,4.787442434692729,1.165375484909788
0,0,73.70827020267063,8.557907677062957,-1.3025523091505136
0,0,103.4632412547482,69.11965415499769,-17.018990480341643
0,0,100.41076947913648,52.62647804555111,-12.220020946575687
0,0,84.87209984613338,22.583765838304497,-6.662386902727775
0,0,100.47605383933771,91.80431227450359,-21.94415663404706
1,120,486.9812427988199,7.352636670934931,10.906900657630956
1,120,794.9611359369246,8.880640604473864,10.711796022759103
0,0,212.97710366897053,5.558252947371103,5.233711872692908
0,0,85.40082494496062,4.827521211597823,1.0645735371400349
0,0,84.13272811051861,4.492973388164725,-0.12297348563402011
0,0,88.53802242089255,4.958275615421768,-0.7486620656654566
0,0,88.79983435717102,31.566896965719405,-8.236999243946954
0,0,106.55577466066921,79.06700244829564,-18.75250181895727
0,0,86.75666287125146,9.29067759971877,-3.1890287673334967
0,0,78.19882867613774,11.286562967116593,-4.671726767647144
1,240,499.0652996532665,2.017079442640808,29.308569139107732
0,0,157.44161764045964,11.82485638022536,-1.8787936685901627
0,0,372.72436222301417,4.693322601337223,13.419588807069843
0,0,84.38447929498626,5.460068923346796,0.7109556333503804
0,0,64.49838026160181,6.885870667222956,-1.2036473000634231
1,240,565.8165911529051,1.18056571741893,47.100934574968036
0,0,66.91912184393092,4.721865790982643,-0.4113979925801914
1,120,297.4269976888294,6.039115244687311,3.2943430573691046
0,0,113.20557452179237,60.26437695204411,-15.254055480595497
0,0,121.80752298808565,58.93633282382299,-16.408947681478438
0,0,86.96447549344441,6.475286335097707,0.06750769144579749
0,0,130.15097531517617,7.112795725606992,0.36068775497804495
0,0,135.95083152726158,9.431255188938493,0.5018326744530981
0,0,118.41309901148932,53.601811609937165,-12.290788912528413
0,0,88.32335148338068,10.620170162718047,-1.4207860137841521
0,0,99.72310150578562,4.10194834025403,1.6849253258915269
0,0,66.0165222037255,4.916786306704676,-0.051106457714723774
0,0,75.40981823329855,14.123316614199409,-6.129183330392209
1,120,425.5259763966384,3.459492612661212,10.628637189923722
0,0,95.5558190771247,9.822546460063863,-3.936818904688593
0,0,150.2365096236119,46.20694291263877,-15.85457659838302
0,0,156.66408873234315,23.470933493602264,-5.9495712420874725
0,0,110.59086731257953,9.993235248540875,-1.5858355310319325
0,0,67.3436175539979,8.13814315628924,-1.694145974255946
1,0,208.75977254256895,22.19230400383142,-9.320806441771424
0,0,255.705246974259,3.751548503677198,13.994144585897317
0,0,126.06197970567652,92.04725223854068,-23.634704160883274
0,0,108.92365053475064,76.21623733805666,-17.06279972440302
0,0,76.22650188705404,17.082845188278473,-4.085556862846104
0,0,100.49090407581342,106.55585069882638,-27.655928834753553
1,120,347.54915308778334,8.707970934789344,6.030383847801204
1,240,635.905444960314,11.767379239402468,6.375563280626423
1,240,368.8878773138935,10.057745194489105,8.654447132486254
1,240,381.9043703141975,9.134916262746726,5.209627620560255
0,0,192.12589796948214,78.25774163257958,-23.907562145937646
0,0,133.33936643074497,97.79180413051039,-24.16352733720788
0,0,88.34899931546181,11.89726638726267,-1.9648692427983292
0,0,93.97714258326033,27.75194898275723,-7.843064788210825
0,0,75.71352257331442,8.102550466164342,-0.88005281018728
0,0,68.33898582794302,5.675518858726695,0.4909952893885787
0,0,108.24471132635115,57.59130455695708,-14.127369014219823
0,0,207.4889777262329,30.187846274469393,-8.776374471940926
1,240,887.8986769464473,4.535251439558521,21.681660325859426
1,0,437.9316145551636,13.980507262234276,0.2519070400471861
0,0,127.86665752740197,72.65231167543884,-16.362787078882818
0,0,82.71631028825357,8.089059717567052,-0.6150203576928988
0,0,90.45612884275234,80.04977221366113,-18.920066497243923
0,0,138.9318634629726,84.75082295906238,-23.822495806516073
0,0,107.47166016129414,93.02901125814198,-23.035821068142084
1,120,511.35825739151034,3.7428831636523685,25.84400878339771
0,0,334.0091155673311,118.20789391956676,-36.935636623448076
0,0,403.48523274727035,185.13144299579517,-51.3901297310517
1,120,427.7566406201076,10.708730443144688,3.549959507823033
0,0,136.28090353906563,45.8614339123736,-13.476412576860994
0,0,105.36562456363714,82.21286922361682,-19.372679237300602
0,0,62.30268211020081,7.097619648693063,-0.9939959459899086
0,0,67.13425189180712,71.03435317378963,-20.5880145623927
1,360,141.047137948208,3.242339525546064,37.90477663153929
0,0,94.3261514805855,87.33937895923113,-20.340588237170365
0,0,108.85684714272668,93.26057311271927,-20.222206581887377
0,0,105.73456791962073,35.163408349813636,-7.022049647333517
0,0,184.99798851019133,101.71510044958806,-22.093798147955923
0,0,149.53386671714316,45.29073797545818,-10.453537748963186
0,0,120.20053468842121,87.7117232595357,-21.427375583788773
0,0,115.96924887415582,102.00443364420174,-25.954591478418685
1,240,741.7704455676367,2.5689206844089933,45.03730835000154
0,0,109.67925550596327,59.694052825177664,-16.443319787692317
1,240,508.08993572831537,4.503392642825908,19.890580332793334
0,0,119.4620358293016,75.35940649490998,-17.842695152665968
0,0,156.32849606010882,68.38981629750961,-19.178816331092904
0,0,147.1097413213881,74.8446408968176,-18.41878856145628
0,0,161.9154951040229,21.82601334869312,-4.865145821906822
0,0,136.66037809328276,59.363434275902875,-11.013721178997159
0,0,101.71608259323477,81.03719862915453,-19.017698073956282
1,120,486.58874311352594,5.1636329836106984,15.57849525021446
1,120,427.58632767903043,7.455388904832773,5.7377797350110455
1,120,1156.2101196240621,1.7756602223143338,41.447497201717525
0,0,127.87181543396414,40.68667550574415,-12.098669710402277
0,0,83.89595185916886,5.888572785174506,-0.535364784875938
1,0,282.2154810325979,3.2352755858413818,7.4995232278927375
0,0,103.33878266981168,16.62270498403143,-5.135620744716391
0,0,156.0583691250098,41.891646897949215,-9.2007180700692
0,0,130.08425127556086,37.65952804004038,-9.431251601507398
0,0,80.2342292940389,56.12386414862813,-16.08183936368033
1,240,195.85965551757766,18.636386696491705,-3.457696578640352
1,360,459.1889005378833,2.025605353897273,46.05758659578764
0,0,100.31697493211354,18.567979062190293,-7.372153723201222
0,0,97.58749013181935,35.59727096909474,-10.29246176344067
0,0,78.98861186336129,5.292069891789594,0.6218417868788748
0,0,80.99424399196074,4.538959161855127,0.91449345523489
1,120,799.296226037761,1.3507648131099614,40.17243736985594
0,0,167.5334189151933,6.431512921443847,2.4281237091651633
0,0,166.9138579805799,8.839991478173259,-1.4572082932818091
0,0,157.10373508443288,5.309993482524144,2.9425164132268833
0,0,131.37041778705805,93.77569969144172,-23.860355320893092
0,0,83.1976279909423,7.237618315227311,-0.12362869565255608
0,0,68.79359577709224,5.839773618698496,0.7051697061706506
0,0,106.52503127034697,79.02638490780016,-19.562151179593826
1,0,528.4462317911193,2.868033746742847,23.36949190148981
1,120,1196.555786212078,1.507506776524878,43.058817155829544
0,0,124.1379558613432,17.93495801459014,-5.970046555166462
0,0,176.16626947662613,36.719296232122325,-10.866177393937932
0,0,113.32403633184671,16.21087120770035,-4.802615536751546
0,0,67.51776775083617,6.257366840982341,-0.8878466390366953
1,240,406.72802560699716,1.966258559023513,18.427010237859278
0,0,64.07116389752403,6.202222537481277,-2.2304829299865645
0,0,119.03739841850489,64.87194454367612,-23.641953742701176
1,240,436.4942930412488,3.096892082013802,20.97571380251013
0,0,90.37763797454025,15.756898357518056,-5.038163538412178
0,0,107.53384977755807,89.61698624465761,-20.418357439208165
0,0,143.25314624470414,77.1966535097141,-19.018828839633414
0,0,180.69493411033224,47.76291382049238,-10.073394407326703
0,0,214.58850169534418,5.355320917790454,5.149992940970719
0,0,94.31206642805033,4.766815099038956,1.0213983672901321
0,0,79.80413923916218,6.196768571386707,-1.3266048575725762
0,0,126.41109629555628,3.2017472536946956,4.302013794250314
0,0,82.5479358131591,4.2379640367612454,-0.05056221068321065
0,0,130.86278909287302,16.017925256024803,-10.873559074549888
0,0,88.80137606111049,17.099536932612907,-4.7604918733023425
0,0,79.37662246953735,10.752193413456688,-2.0732536613470103
0,0,97.79659506466743,26.36753592424753,-6.310227369624528
0,0,135.62116761355915,13.495468419028159,-3.1195606535142986
0,0,91.99778176995282,16.76677957310496,-5.245162348701015
0,0,135.79601497798768,14.17390895195529,-5.984556286705782
1,240,275.7619310141217,6.357717200012855,2.319549068353041
1,240,352.9559541477143,7.341338428439529,6.1665195810055735
0,0,117.20492458163558,81.60274698228515,-20.414796055720373
0,0,136.60178200752478,26.937484631258705,-11.670194061995858
0,0,130.73396612546082,4.896753235413155,1.062977783707808
0,0,69.94681299592746,6.1139388584624275,-1.234373479561313
1,0,266.2008953287234,5.195316704737728,4.70653200536637
0,0,348.0399590713348,46.575915653858495,-12.876567804899054
0,0,199.52605420678873,71.40745553341735,-15.244486243953943
0,0,142.69588828693847,82.24719126192387,-18.54955051571838
0,0,89.84772258958328,6.675619304141851,0.9735151964199957
0,0,76.50488714068175,4.816292909099497,0.521953962764016
0,0,73.10847935386919,4.565465518295377,-0.05409189046044105
0,0,73.41416750410127,6.5009804851203,-1.961904945859672
0,0,74.97634436499587,8.59942496177888,-2.2991531670896563
0,0,87.33381561147125,19.012375096256836,-5.474771188580803
0,0,81.66655160620886,5.428478605957798,0.5022448226905567
0,0,118.41031034112822,7.9087607222660035,-0.46662057244817845
0,0,154.61365650103224,37.284830146027744,-7.978867632454168
0,0,91.8054542035048,11.395837218548225,-1.5930639770427888
0,0,73.82122835638226,6.766129782422445,0.24422417418477949
0,0,86.18825590007063,33.670739005249104,-9.007764003564617
0,0,75.75275100333289,5.179966003444002,0.5518875494975504
1,240,482.3126005162572,1.6432724939457692,25.027500853373667
0,0,99.35762698366581,6.014035664187412,-3.27975421909251
0,0,106.99912790384866,9.2691775933918,-5.385123662981314
0,0,133.46299748341985,107.91757792963932,-28.74762497255916
1,120,588.8753581888875,9.484432148005675,12.331369509523853
1,240,872.4506220960919,4.041272459822932,23.042129954007123
1,120,849.7226412435914,2.3292270643007007,30.121779883232094
0,0,148.58416575437545,21.563917947521364,-9.563746691947543
0,0,119.85199623751875,74.37845607192003,-18.267831343558598
0,0,93.74381816168679,25.960772120865784,-5.2420923727271145
0,0,112.69935149884627,102.76035596201866,-23.397412455141065
0,0,117.01060186891294,92.89994624366676,-20.962102495309566
0,0,76.63802914633612,6.787742143970522,-0.05528606355872512
0,0,79.85402356405635,6.73080557164116,-1.7253899810265239
1,120,326.3803563767655,8.25377337416483,2.485940709348455
0,0,136.30486796647756,17.76594146888193,-3.861268962390966
0,0,88.96994891722656,19.26942940292966,-4.466609044185702
1,240,604.6150218049689,1.9253082395096943,44.05082625968724
0,0,141.9768421039962,95.06778653910156,-24.66308798867277
0,0,111.60204371993335,57.192323495959634,-14.53089384240458
0,0,113.97918115370992,99.2947108857437,-22.53891296046187
0,0,108.55158976271296,69.91052661741799,-15.566062264256885
0,0,71.34114817647138,5.670758426667648,0.5309895202775721
0,0,85.33746204665451,4.219216507738562,3.5941333445560133
1,360,511.6243373537683,2.3674952977331,50.37958437187261
0,0,262.2171550212672,35.19405560530658,-9.707840056505972
0,0,132.74505089814028,63.219620686044244,-13.855514980000294
0,0,96.95422390262647,25.376672973155866,-5.660105796644132
0,0,111.34909091327759,79.64075950095405,-19.636200479590954
0,0,171.43566429896708,16.659721742741954,-7.826510167339478
0,0,89.82332739195296,7.092609688773479,-1.5391993727777162
0,0,94.74938888817248,49.85638488652017,-15.78796710246722
1,0,275.1025351703666,5.904187002328182,7.323007535320727
1,240,920.6274191888444,2.042176169720635,44.112320890297084
0,0,222.19955396272263,42.22981716200506,-9.72506045529937
1,120,421.6523092160366,50.18265722900891,-15.07705366446136
0,0,169.70004574488289,110.88832578170096,-35.19529841915553
0,0,77.41275804803314,7.368458903176686,-3.733724934752118
0,0,45.05084215271736,9.131357896185811,-4.90696301615381
1,360,87.01198491410831,2.023441951858685,23.450568857330822
1,360,177.64203156450213,1.3166149174408732,32.75232129277774
1,240,567.8678282443609,1.2734183959564438,40.477849781717964
0,0,139.04136978690798,30.56106775770504,-12.760526940246777
0,0,141.50399243691612,78.78798608008935,-19.575667528201834
0,0,196.96322080071548,65.01664001943337,-14.071396113201587
0,0,187.8442347117831,19.471331284037248,-5.634225000912295
0,0,127.88647295744742,59.785803271922546,-14.93904212838136
1,120,1345.854667775095,1.7791971556503383,46.24560016739447
0,0,108.75167119309184,9.029053278269256,-1.7015065190608567
1,120,1088.023819166418,1.265235416298545,43.47675660442188
0,0,93.61265996624864,6.374518140987886,-1.4152008767713795
0,0,70.12778749990952,4.794462605496015,0.13046069274206218
0,0,79.87608920168992,13.865421222658519,-4.014154822681888
0,0,86.76404264525581,12.013376709376251,-2.6501607987087255
0,0,123.58813435787376,7.344434739793954,0.5175260111871864
0,0,166.45508769800583,95.7747382246432,-21.2998632598605
0,0,130.6878850481526,9.109623252449298,-1.2880161578523683
0,0,88.3762001875408,19.091989374218766,-8.776887015261863
1,240,367.69618551292194,1.679727363744301,42.80708969387267
1,120,335.24272811218594,2.6138878158839156,13.826801833584696
1,240,397.81022054610634,5.0042825967241855,8.880357206132416
0,0,105.4545219334406,94.76896677352964,-23.738348874701153
1,0,262.17534763796766,21.514425698235623,-3.57486292501801
1,240,608.7554037670978,9.423484178424662,9.05970509684903
0,0,391.3774608586961,52.51322398267296,-12.521554937844158
0,0,123.1041526814661,21.91252596649569,-5.046374799450831
0,0,97.09349871586356,36.85598154769832,-9.600021020795865
1,240,922.413437858479,1.6927911399400866,43.48802198957914
1,240,1280.134821555191,1.8492449956896286,45.00870103516034
0,0,156.83223648627006,87.20259617888502,-21.68027608303686
0,0,81.76942633599289,9.51270505340433,-0.8781928591669441
0,0,103.79587521574577,77.64661586509632,-17.295446836546148
0,0,114.17052248307903,96.50382524242073,-20.94279493557005
0,0,133.83615785312023,106.96961391662518,-24.411968181168575
0,0,155.51302536459983,23.500651223972774,-5.502728577355242
1,120,1131.1306775100122,3.410083163307491,36.89652465996423
0,0,135.0908894747341,19.28607963449164,-5.267032625045246
0,0,87.19621286684497,14.240259899116877,-2.8924722586251335
0,0,89.2142466433104,31.8929166217671,-9.25830786032671
0,0,68.20595151484324,6.323005302625327,0.22348994746944584
1,240,906.3762707263147,1.1673331827785869,43.9639052531971
1,120,406.45609623861594,3.4046576244375393,9.986246038371604
0,0,210.59959214526748,30.16698520385765,-12.615926316319161
0,0,131.57911462180448,66.52400127564175,-14.182179445850366
0,0,183.7618253522013,65.62802569297028,-13.584870970734343
0,0,177.790556601376,99.52703079964414,-21.474719791579147
0,0,156.32180778566558,66.93704253218041,-19.046490327109154
1,0,449.6050340309109,3.498390757293083,17.76856644085322
0,0,137.82038561108666,11.72103383875936,-6.929945084164544
0,0,113.89096394740916,35.194611515476886,-14.307340411244397
1,0,368.04617497929684,2.9266536168728035,15.212370232603405
0,0,117.16877389146684,3.9173112602311164,4.4163690782904155
1,240,759.0352171337153,1.5452122185937085,36.89460130152274
1,0,352.28946193141434,31.461079103820694,-10.439730783008244
0,0,221.62980366862394,60.62318086891476,-14.280376405401285
0,0,129.43319877077226,21.480693863258733,-3.9101825038547418
0,0,108.33975283979571,83.9693793106995,-18.450798741232404
0,0,94.92473503916966,10.180199751176165,-2.539224231458846
1,240,678.1098623685201,1.5478075565174647,42.96541802447878
0,0,126.36447108744589,12.604190999257048,-7.077959140930616
0,0,101.06779608669049,81.81423109421794,-18.603716305233903
0,0,95.63932048314004,47.23150340554747,-12.194060891567403
1,240,803.6991511119338,2.4661287426418435,41.76806398723387
0,0,171.60671408383885,91.72367642135856,-21.249322261253923
0,0,163.19092636823575,13.735469098284904,-2.372705775621128
1,0,480.83492263451524,4.707852071697539,15.759597412916165
0,0,218.49522482217742,7.835557460294114,0.4835237815966593
0,0,113.21895107067888,94.65482469830152,-23.939181313283356
0,0,117.81498589932787,5.951756578533015,2.8273156969048046
1,240,652.7543645608391,1.4003536247142485,39.69464131570004
1,240,372.1437973292225,5.419302929567206,2.341044184122154
0,0,72.86953791536915,7.548022851669754,-2.514262843333654
1,0,183.07542701738882,8.182022156777396,-0.5470106145600937
1,240,1062.3615222747837,2.047272990604329,49.75544398970756
0,0,325.1261575498955,75.71235891576718,-18.803048101515614
0,0,142.72526001419692,40.6126600373546,-10.421691371691693
0,0,211.66339053561384,8.315070592505435,1.4867877027080993
1,120,348.3636715543886,10.322098529501945,-1.002349873726132
0,0,94.5398645211644,5.178589313566072,1.1630188424237957
0,0,312.2914949259811,2.0736663149847887,19.078310132082663
1,120,643.1584364877522,1.8899327017950716,21.405721796927622
1,120,1286.1757617208098,1.2157861462690696,43.136480678832086
0,0,94.93391724645616,5.078434786527372,0.9636130708174164
0,0,110.95390458214798,48.42888337510217,-12.70544174312461
0,0,157.97140832877443,34.57066371601354,-8.23014595851123
1,360,478.8563723493818,4.603100907560685,35.779180220304326
1,120,306.3782441219365,9.394167136553529,4.575764767152506
0,0,117.3525880780727,92.96965882294587,-21.941509374214135
0,0,108.62909439384613,108.6407737435341,-27.26584637985215
0,0,99.07150487019484,89.86331942661735,-23.023604571667597
1,120,472.08457382799025,7.236163563288129,12.850232436776494
1,240,1004.6492863164515,2.476878971418221,47.48698009072301
0,0,183.23568487468435,118.94545676253833,-31.049478162729777
0,0,206.0789307687765,75.2538052213893,-21.150655029996145
0,0,203.74830518252654,63.77366097668824,-13.67357795292014
1,240,1085.9841448545083,2.941464200898787,36.94694412768027
0,0,133.08456584657355,4.4102785917509335,3.5311486395491727
0,0,77.82107720279413,6.079361877585387,-0.33694182829735553
0,0,81.46165235101917,15.865225034795753,-4.305982194562986
0,0,85.77480151086422,22.782675189988804,-6.211993422411268
0,0,114.23687243276784,83.53506907543711,-20.41481719152742
1,0,708.2625987050084,2.6340700172982343,31.16768529506544
0,0,143.00204121556408,57.205441532056376,-15.54072043160481
0,0,152.40018907812308,4.984734141928534,3.8578342412062767
0,0,135.2699991971129,8.91278863693632,-1.0584284537796265
1,240,643.5893427388321,3.976263458153631,26.35481896816458
1,240,774.2361005671878,2.0283830998456613,52.654293901840205
0,0,159.39503588416815,86.40569533994254,-23.67189261338647
1,0,516.6482063616767,3.1604576123886106,26.494442109532088
0,0,120.7652404365415,90.96310467302634,-20.226666237174783
0,0,109.10033434063646,93.18704135837402,-22.39341406473467
0,0,318.2577077947696,3.3213439718560713,19.02369520666734
1,240,890.9428167191509,1.2948918927683906,55.511421730857606
0,0,100.28159509391453,5.740026097320199,1.4098480810969818
0,0,170.03977607842532,72.58638217316286,-17.878747555540258
1,120,628.1527146353222,43.000496367979245,-7.5340011656810475
0,0,170.16560632642563,104.0404293743098,-23.90494130586353
0,0,136.27176667601262,99.46328162037378,-22.873550909521278
0,0,93.15888888541943,14.201828096336477,-2.261906591117082
0,0,115.82462344136412,90.46474925437694,-21.04833658807061
0,0,112.10109101792591,61.16141742757429,-12.754820272343466
0,0,103.88659769094815,41.061016028933004,-9.772478638414412
0,0,92.90740409832368,17.214949659658878,-4.604345814774064
0,0,256.5932230991563,3.1574071004516258,11.682817270216859
0,0,137.4045336455332,8.733750366485792,-0.8030497811550106
0,0,259.42730571010804,76.63867853020234,-20.341084928636022
0,0,173.83779774146805,7.344399092956735,3.8115045521542754
0,0,118.15421744630166,70.42046229468002,-16.835056119495334
0,0,91.29606275224194,14.29960872450668,-4.400284881665087
1,120,510.83131205384854,3.0346014901018217,14.56688268531856
0,0,122.67592174016345,5.721647670991762,-1.41261174040784
0,0,109.26061487004874,23.490486009430004,-11.651071440568018
0,0,175.26892976750827,3.8966536924495747,9.04152830278666
0,0,124.42629984225633,68.38821354351211,-18.510930112287582
1,240,753.0233426217785,5.539531138218311,29.085015707947548
0,0,125.16613635626462,11.614414599861894,-0.4431968142858267
0,0,123.4407089186626,74.44447220954723,-16.553648700489532
0,0,92.65497275035334,13.120316591873216,-2.577760091661432
0,0,77.59233821683465,6.867861794814552,-0.9529237889414048
0,0,85.53897748841824,3.9340896399167686,0.760587792253844
0,0,66.5598028015106,4.572794327537372,-0.4571992864559604
0,0,63.819299352472605,8.13875140865091,-2.7698211703181954
0,0,218.0042374616919,20.44391237111902,-9.114251483430621
0,0,107.54987896410513,18.071114493543085,-5.495801316594836
0,0,194.1920533137639,64.77846499971321,-15.696734391339035
0,0,164.68738809871073,42.35810606812563,-10.448850883750012
0,0,172.05383089839995,4.780557180399932,4.868654213337834
0,0,71.29833188397615,6.335426194880247,-1.477017828438747
0,0,164.42748628826902,41.16784102678962,-16.028080438450502
0,0,96.7016451858972,71.53288186314145,-16.003013371290066
0,0,82.76558246599531,48.78633722441635,-12.774439585236962
1,120,356.8999729066125,3.6690078008698674,13.356413879799561
1,0,246.61232248353858,2.307812790873375,17.42426414402054
1,240,268.14380504631515,4.311360423370222,6.26299397228199
0,0,155.33341685565236,18.376902990178507,-5.834592451739425
0,0,148.94915282598498,21.902122504737072,-5.511732431158222
0,0,98.6861582377377,5.257214053375825,1.2360483397308002
0,0,81.82187261008059,6.950126573052773,-1.5599335994930499
0,0,71.01640978013438,4.695856234134526,0.6152791187900846
0,0,68.18913447223888,6.011094574503917,-0.721497269655373
0,0,69.30991922805349,5.0852207711469,-0.2748236913795381
0,0,302.39781394352684,2.300188879966297,18.196851866996198
0,0,128.87937563869525,83.38066322073098,-20.292710350251994
0,0,93.38266834583835,13.093187995071883,-2.1710437566122494
0,0,158.97256366052173,52.18904171803232,-11.253417082791216
0,0,188.2797434025647,93.23881320033865,-18.389504900789504
0,0,110.30823670508913,44.57445855043554,-9.435357232026718
0,0,88.1334555014548,11.624498593762898,-3.8485557744508156
0,0,86.43355686732096,35.17176866120606,-12.313409510022893
1,120,410.05180326777923,5.386566498677736,7.794431143651266
0,0,95.18624090187191,4.601356919891659,0.7824527846463241
0,0,110.81050344366115,5.583766607078661,-2.74747533831534
0,0,90.05143722667243,44.60942313426412,-12.328384229317308
0,0,71.36452312884765,7.008776900923391,-1.2141359443116357
1,240,296.7306462947607,5.7190865134214155,12.138621517137992
0,0,148.02101304625302,54.56616775336279,-13.38857744671597
0,0,118.85667897583635,16.92430069064859,-5.34768158079352
1,240,573.3611007576023,1.9751560547160565,50.99115951674689
0,0,184.8856708437781,68.13602525573262,-21.90494971197066
0,0,99.54290352180247,82.25010798541484,-18.655805501706837
0,0,90.71122983247079,78.39378079282774,-19.07250850558681
1,120,332.2068636620986,33.85766560491824,-8.434587336147104
0,0,180.41120390517912,5.2878062593226804,6.796345495266905
1,120,839.5189190644877,2.476516862723682,34.35721596154677
0,0,288.27120341834234,104.19944134185562,-23.988982558643208
0,0,154.0094559255216,20.30355407763206,-7.349279496022149
0,0,89.52349431587331,11.846032406436839,-2.977237412796242
0,0,67.31913733592974,5.273118859936709,0.6146027729645027
0,0,62.69053401155959,8.254546775164755,-2.0886563807341787
0,0,161.72974245143436,28.79360551830604,-12.30539375519946
0,0,99.93261453673531,95.45416576630326,-22.389377125588254
0,0,135.31453857048166,52.905342801892765,-16.659644772841645
1,120,316.6943973280372,10.91929856672868,1.195398898823285
1,120,429.9162504296609,7.31201867921367,4.384623096102402
0,0,235.25683410107212,7.270898473190825,4.196133968836975
1,240,373.3887459324558,22.510299060472658,0.6874737517186418
0,0,237.6001107284724,174.16817247606608,-50.26906274737526
0,0,149.49318160362307,120.1009196613293,-34.54418346324382
0,0,172.30601285308595,7.587959041225971,-1.3763638313183435
0,0,78.34369216615539,6.843422954933027,-1.1400126689898258
0,0,65.2210993274587,5.701217972232952,0.22466826871243484
0,0,88.77714523632665,60.297605219042055,-13.410310340314382
0,0,88.28765990357627,61.118143069641505,-12.860694813805054
0,0,105.21425417611029,90.1767155900315,-22.67181491518771
1,360,358.78125981085924,8.212188405580768,28.06697785770868
0,0,395.6666625952168,4.0692164216224365,14.09096771799004
0,0,89.24614631158724,5.311911643347178,1.0349569875122313
0,0,68.6769704084952,4.629103696021987,0.6005316094214521
0,0,63.512069498301045,6.011980781950739,-0.6442247590832295
0,0,66.46340662908983,8.458975520682829,-3.7174873509865023
0,0,115.64381331022855,6.460926525633523,-4.313966245675843
0,0,71.86068539998291,8.9377053249269,-5.668919428183685
1,240,281.1754656927294,13.237205729696173,-4.715921740187184
1,120,386.1951137546576,5.122234371276911,7.079237704717926
0,0,311.4362346655639,5.90325025759315,8.683202397976785
0,0,278.3770236493194,15.431515832282434,-3.848170045972168
1,0,291.4875379178139,9.668237167676278,-1.2526876563695026
0,0,88.11179796192286,6.413792382313712,-0.29674152328964
1,120,734.4848061920687,1.6047233724605972,29.069100445239442
0,0,105.90974402974224,4.632518572782449,1.7800470255167795
0,0,108.64624585017266,85.86732160864359,-20.723331283073918
0,0,156.18014106411064,15.95610912802847,-6.492830174626732
0,0,121.35762883922186,79.39514828025445,-17.44757709173507
0,0,103.11029307713653,20.508998983623783,-4.3757409257291044
0,0,136.59123947323286,16.02636859296214,-3.4544628001618065
1,120,427.2853780012005,23.279637223406134,-2.8589772884037927
0,0,131.4121231458322,52.53279274262905,-13.459704721388533
0,0,227.07979511097662,23.283766841814135,-7.850071308247649
0,0,204.22822855003471,7.399486542008563,-0.32635807291742935
0,0,65.88127735924192,6.873424055098143,-2.091620677672836
1,240,342.25276523645806,3.2187704233701138,9.510531861210055
1,120,503.88534633153114,2.2861571116496897,20.9345201145711
1,240,1086.5431485652641,1.6609793834958297,45.34508797225307
0,0,174.23828934791874,88.77954006134568,-19.81766723496426
0,0,151.71752030651712,16.74260289540602,-3.204452622527711
0,0,222.48812466480334,51.7504033250154,-14.780687378016424
0,0,113.97882973590019,9.116816693955018,0.0021927637117755694
0,0,118.31829555527071,80.94550232950417,-18.35496370811923
0,0,90.05198702550379,20.15786590514212,-4.696249587776066
0,0,76.72031192607578,16.23732025846558,-3.635327185034214
0,0,106.13417531351791,93.16518759102958,-24.608430791643343
1,120,480.39295239045794,4.9928701941045235,10.20663966637791
0,0,96.93907892863292,7.498870826627852,-1.855940577218135
0,0,97.38030099283723,4.684314780939614,0.4524330094271818
0,0,122.0539688972322,10.123929188109283,-2.3216046781277555
1,240,632.0222554906743,3.9872774284028534,30.285888857066183
0,0,105.99493450845596,7.511464538359418,-0.04952127218604119
0,0,74.93783010665524,4.7533261553448165,1.190537663201951
0,0,68.20382600389729,5.549717560373098,0.8730197178524577
0,0,102.34632209484063,59.20232862070265,-14.998840610475511
0,0,366.1856784061161,3.0968961430458903,19.236701870109925
0,0,110.14616507845305,44.04477001309607,-13.386913001910841
0,0,156.63436558727497,10.406963270728244,-3.5394868679692877
1,120,438.2857076746715,4.374601973629543,12.03710623588033
0,0,209.22389344469764,45.00334685663427,-10.681682934204815
0,0,167.52452010936625,19.725347938708033,-4.630337573492909
1,120,831.8856707948044,2.1847168167292583,35.21768637023331
0,0,141.66871670121273,41.99021626879612,-12.802883097573527
0,0,77.01116117589054,6.170449924874093,0.26486328976839957
0,0,64.2329691267882,5.574076082064432,0.29259346861704216
0,0,95.47158082731477,89.06319864045466,-22.78281488985874
0,0,76.02437996616706,8.452199011804842,-2.4551776947273964
1,120,480.7968334783638,2.3329753969181897,18.677797156402434
1,240,846.0669891377231,2.1320833591232247,25.238584158374763
0,0,189.73793459995417,7.658208579192312,1.0376465189592636
0,0,133.48407121594533,21.000780944999608,-4.632350759114345
0,0,117.47626447498111,82.98186625985488,-17.90230341249668
0,0,111.81101262008087,85.20317500621564,-17.862399008787648
0,0,129.38588206310078,75.57031303783465,-20.03527093644007
0,0,337.6282428931042,4.953611294455476,13.317957278873408
0,0,140.18682180575402,124.28072159652208,-31.633048363263768
0,0,117.4532749485897,109.0824191051995,-25.83585051441586
0,0,136.44119540453627,74.03361849562678,-19.158214203171624
0,0,131.9910556472174,85.04816992366361,-18.098184788277592
0,0,156.72472530860927,21.484298254849982,-4.7267379894446435
0,0,277.39237361857107,131.28738450463064,-35.72526821301256
1,120,622.2212807936386,6.156878858086613,21.795962770381905
0,0,157.46696506699377,102.30409088483543,-27.274295418720094
1,240,893.942428454544,2.168643026110924,49.7211511427701
0,0,97.01060945700065,9.979990869223608,-2.7627882305225455
0,0,73.08602829025075,5.564005624937055,0.39123428011600936
0,0,99.3131216184722,55.69572668213994,-13.943186307640687
0,0,74.37681424553712,7.1422481352144,0.2331014557251052
0,0,118.2904768680101,88.2213918111315,-20.87395032805881
0,0,346.53575481298736,13.281357270560031,2.4566147770675855
1,240,319.8636871852384,18.62258279719783,7.6021587069240155
0,0,92.01204253139286,47.534839038801564,-13.91775464780865
1,120,183.1072133250819,5.974718105185978,0.7541096673932373
0,0,53.905451522163155,4.784831642285748,-0.15306030696866912
1,360,130.71262032753427,1.7180496314647637,24.943295798089352
0,0,82.02782611869947,12.032290289488767,-7.194549536566171
1,120,393.6989495818931,2.3028966859176094,23.37306385288113
0,0,133.01652682418634,91.3410658319348,-21.866995086461912
0,0,115.4232022781264,33.59739496083149,-9.086072168682179
0,0,219.94002813462203,18.139679154418573,-4.526555476929204
0,0,207.63840964777705,6.981106833176953,2.131609472070892
0,0,258.1793190432293,2.9482585331953852,13.921490249165444
0,0,109.83563643129338,22.151978857646302,-9.926051412434447
1,0,569.445626193701,2.190197179532402,24.209122404425756
0,0,316.7156637735551,3.0134342627932,14.633893761568288
0,0,175.15501371686366,62.81568336099595,-20.06600239988971
0,0,120.85287950386497,90.59620396062321,-20.294765807487536
0,0,102.6846240850274,32.70523494341985,-8.000669217425497
0,0,125.88457039205447,96.43465413408671,-20.580590610166638
0,0,205.7289413024016,106.03224829490988,-22.768056812586586
0,0,146.87066385018753,30.87897256918876,-6.859488871365784
0,0,82.90057791719455,8.887931510749702,-0.22607923637214355
0,0,121.32408544248017,89.78497941027958,-25.448557986044953
0,0,264.6471298231456,9.464649507026266,2.17710429674446
0,0,124.01045921276128,104.72074068935225,-24.69936760147285
0,0,120.74128734518794,77.4835175968181,-18.47163864698298
1,120,1247.264695992698,1.9066270406777857,46.09247124532247
0,0,148.17528546472474,11.496528253048368,-4.216757385104472
1,120,1036.3148876598882,1.7523294801606772,37.10477576682072
1,240,1682.184909311755,2.7155239427961604,42.30886588220365
1,120,871.6267173731494,5.979506513243857,26.048466012888866
0,0,191.30042887048336,125.44498520307417,-31.449066446851596
0,0,128.95474909085326,127.80088918716282,-31.87618940360686
0,0,126.62082471161517,109.52931312522614,-29.7436234599974
0,0,86.8863587151588,10.289039020948563,-3.4840053744649424
0,0,89.56703044807558,10.849814307698086,-5.594885980041838
0,0,98.38490248633155,95.84837105356488,-22.990696120091883
0,0,112.56712771392054,112.03319028919307,-28.536066111899444
0,0,243.72069804025807,46.28642001796128,-13.206085604700775
0,0,186.10919429667618,38.563744810496345,-8.69811386238922
1,240,487.78274747040666,38.948611528858045,-13.431779036324684
1,240,625.2584375543811,3.5313218921098977,26.486114601554675
0,0,227.18859859929256,29.7604578427886,-12.724067673086779
0,0,72.21549269116863,7.8240196169055025,-1.1888099635148421
0,0,80.93165194562437,48.08955075341749,-14.676371602324735
1,240,428.01351570296225,3.953102489702554,18.571167009838845
0,0,165.5260296975452,53.65735569948603,-16.967709728488344
0,0,139.1371254720304,120.38889556877392,-28.964668575148153
0,0,139.55611752575464,98.1236464041211,-21.4636340607818
0,0,228.7314361445936,24.073393921060692,-5.325034563540228
0,0,122.32592093773016,16.377851822654968,-3.17019147930084
0,0,90.84831678644085,23.09121435902536,-5.606864698687005
0,0,135.57123227640227,63.927272674008215,-19.717615608344758
0,0,89.03099359159428,14.644984161938726,-3.1805744445137947
0,0,107.98949130801972,91.71654344410838,-20.71694826934504
0,0,111.4994863997839,81.63935763778686,-18.567029828148122
0,0,106.53790903266484,65.65410293368653,-14.702865336461002
0,0,218.4109298920756,36.03286990520647,-11.72341930809769
0,0,278.9958817483133,4.433683673353095,11.182110001219556
0,0,170.07287736889026,23.671469063025036,-6.257683753300029
0,0,267.4420576884583,76.51271072953313,-22.938358577886113
0,0,102.44195308332085,8.2972155880906,-1.7827102897441591
0,0,79.53015804421449,25.06681261501325,-11.221364631400988
1,120,351.6447122750841,1.774615747422516,28.326810901668935
1,360,202.4644285548218,4.103200491814586,11.157592465042399
0,0,93.56871573594475,65.50554496518754,-19.070114875438477
1,0,233.65484500315256,18.814586589428895,-7.181165286752218
0,0,82.94355858253627,5.622389729592997,0.9070642190570766
1,0,354.6052826254221,2.2352362815204443,22.1993396479173
1,240,1354.5040803178188,2.2891922819098967,49.604365240919336
0,0,169.10095773170087,21.650076804306465,-7.460237199079074
1,0,356.10443100173273,2.893982613722533,16.494753621607558
0,0,103.63210318035293,9.515305016392409,-5.920815976596927
0,0,56.54364704433604,6.226813891679006,-1.0387351655614623
0,0,71.55598915485893,75.4817933677289,-21.947828980521862
1,240,227.5525314174729,6.9432571116625414,8.501540136388272
0,0,89.74680899789873,24.281529937649587,-7.056215679428675
0,0,77.40430701651204,10.33905017989003,-1.5023279573802455
0,0,80.72461584343036,8.722839726941926,-1.1359387421810823
0,0,161.77583486480097,68.22478317305422,-14.61005272375587
1,240,336.8837132509272,13.419087625060078,10.237878389196737
0,0,137.91605060774202,79.50092282447754,-23.556015551238822
1,120,293.59391359722224,23.6318243653276,-5.486269067615609
0,0,121.94600427723627,66.15598874289802,-15.920874341144824
0,0,84.77203079079801,6.726566305366776,0.333940391157185
1,120,976.0588402014416,1.2441385802127871,40.20061140065262
0,0,84.76497409445744,4.733962703122075,0.5021814152694191
0,0,75.93081780834089,12.223048698546092,-3.115745640341899
0,0,121.7797269729418,82.96541276273629,-20.165441088104785
0,0,145.22381796926462,15.881902339904986,-3.416360224003739
0,0,123.19989703053011,13.846830720209915,-4.148863888910441
0,0,156.52262605983904,58.58518891592242,-22.981311821762006
0,0,66.35229058486469,13.331051668998613,-5.8642037174154495
1,240,170.54156670254545,3.067857281872805,22.228042073890222
0,0,94.1556401584867,68.17652006281386,-16.205457415159785
0,0,104.2158194983738,73.74453076784155,-17.277153795545004
0,0,111.29490455422881,68.51322113570534,-16.808757891574274
0,0,293.56351028865134,4.487301931240538,12.860758068687034
0,0,165.51566854018733,90.62939251975185,-23.495651686306097
0,0,411.66016323050746,9.011989723885849,9.652712435230526
0,0,119.92695025551677,6.808116793183246,0.3395519479287685
0,0,76.29847452169854,4.962744104396246,0.8333953635868312
0,0,66.82895483558909,5.045416339520659,0.26110111611362186
0,0,64.45640283742658,6.273577578627208,-1.0483836614794626
0,0,137.67161118092847,25.198032683849988,-12.91464924525009
0,0,110.31360999676049,69.77444413949421,-17.35207494758292
0,0,226.97321349010286,4.246724585427256,5.633189193827718
0,0,73.89424957642676,6.447271079623764,-1.7944195268494667
0,0,69.3863469336407,7.423730001124062,-2.4979142965810297
1,120,245.76023631946734,22.501799771537662,-6.615824719798226
1,240,497.36507227343964,16.047567180463,-2.9884710942429393
1,240,619.2340480339947,3.4277035303127814,15.39238390124207
0,0,112.31474171018372,7.303754478914006,-2.2569079727499286
0,0,87.38973638745192,38.671540846247844,-10.531634556010246
0,0,64.10980285250682,17.148745812104046,-4.129561613122689
0,0,83.73380088012414,92.74470291389888,-27.0563112727174
1,240,410.77259520371183,5.044982711538787,13.070552089458133
1,240,387.56677681844474,7.228634409796445,9.421634656760816
0,0,133.14293521116394,76.73913221993821,-17.078593456220588
0,0,194.83437705360112,109.95220915296571,-24.53854524563492
0,0,275.252964665048,25.1372146672958,-7.496226194532227
0,0,113.61238031275984,29.38308508230715,-9.019954080280286
1,240,837.2190595406768,1.6711113201367653,44.4536747420464
1,120,428.3455715249825,5.162748581067027,4.610247836353409
0,0,93.23406962458502,5.244561682291873,-0.2931378681877277
0,0,75.27006730560956,9.313121570393369,-3.601636708597667
1,0,330.12567670440706,2.327809538488995,13.034600081667307
0,0,79.74501035866041,5.822002091054364,-0.4032184352521142
0,0,90.8258713908516,17.59543587807468,-4.650585676646116
0,0,118.83278256477466,8.050920309097009,0.10182695814205545
0,0,155.18371286870715,8.016087483198406,1.7042064658722182
1,240,977.6288389426172,1.3427916534432909,47.660240869009456
0,0,94.67865188389122,5.893298924073696,-0.15624124592957855
0,0,68.51278460697155,5.503694786168115,-0.48173795844017775
0,0,142.6198573433945,24.797927168189883,-13.469918600145093
0,0,80.76252929067694,9.617360557674216,-1.4431529815940394
0,0,110.51904204669395,85.7869023438766,-20.11546547233678
0,0,81.66440342314614,6.2738424481645225,0.3797099813223923
0,0,238.78973936681908,2.8522306915970654,12.398824437721615
1,120,831.042630805319,2.7347951193453395,30.860719401385296
0,0,171.7135791061721,98.34582998192917,-20.04308061714478
0,0,112.83818420580661,39.40555163981952,-10.095232979960358
1,120,561.3583461138456,3.376904079920397,26.62115127279249
0,0,133.50470284219404,94.94210030332381,-21.398150046591383
0,0,114.3628840577022,84.03470236551696,-18.402043718321494
0,0,107.791541056616,36.307623092171625,-11.467316734081635
0,0,77.48597764909925,8.579016921857873,-1.3406918729709218
1,120,449.41703683876335,2.0258237471784653,30.966958535518472
0,0,131.5941235630975,76.64586204474074,-18.30732359903017
1,120,528.917902508128,20.935105934067828,2.208966525871233
0,0,192.1964082525958,75.70853252108844,-17.45317279665136
0,0,89.29618934129871,6.732047796234389,0.9086229848269625
0,0,80.14318374117273,10.186275957631818,-2.329033914305569
0,0,89.16257122119244,21.705418744702495,-6.958959263291433
0,0,72.475473854019,5.046794383075951,0.4295217945857672
0,0,65.08276540706701,6.385027189580799,-0.6757065436831198
0,0,89.08138237108629,58.759647244628944,-14.29844223647666
0,0,106.04903017903771,4.924110603688796,2.84568271323063
1,120,355.5815439729704,7.577504139727568,3.8126458857349377
0,0,211.7162619118907,67.10727377770881,-15.676856164809195
0,0,203.41216837949003,76.53915617049205,-17.93226870294079
0,0,172.29366788551187,8.020785646098767,1.8033703885956527
1,120,430.8629926811919,3.699389058761025,16.86055103420935
0,0,123.76577039266338,102.65445146476874,-25.779470749111923
0,0,65.18827577042403,9.24193438524042,-3.618883527149876
1,240,289.0365687358188,5.474122801726995,3.1107045978214813
0,0,78.2308190328816,7.090358523319205,-2.216369494829408
0,0,71.77127223952324,5.633953744077289,-1.5417990770447716
0,0,221.64624095327264,7.989077107553421,-3.084422374294874
0,0,145.9035507017506,8.212118014357905,-0.3329418768132797
1,120,616.6746381175517,3.768094050856455,31.05832862939249
0,0,90.49170706197296,13.65834287931573,-4.5699842764637
1,240,458.7572687790671,1.5914932067556389,32.65025648053678
1,120,311.44260553037253,1.6431177235006267,24.707008043181986
1,360,299.7292151127831,1.5006437451021195,35.182875696023146
0,0,114.84773861060499,15.356413812196378,-9.268357936578639
0,0,92.08462164516061,87.02774438129171,-21.070243852077184
0,0,138.20255814719786,76.24611209500125,-22.199667405465732
1,240,606.2251048485707,4.618460182144374,18.00497044269936
0,0,511.01028574352677,5.002558011764027,18.241606938423033
1,240,1144.6723700949879,2.7413706071349577,38.78489277287812
0,0,99.72973309993698,4.628490028950869,2.324674501562484
0,0,64.37881318585558,7.546390316770263,-1.0160353087905492
0,0,83.80541642892972,86.07239470458633,-21.098634524896113
0,0,83.19086036409038,94.80553411135574,-23.877533448072384
1,240,327.67636258693517,25.42902418903176,-3.5901546814181557
0,0,99.7301978783305,30.786323280675,-8.768765581403187
0,0,75.1967570160764,6.41004089111571,0.06888151890400707
0,0,135.46042230575335,55.58003960981512,-17.41964083876769
0,0,158.52260149530767,16.128502647530986,-3.909500874077409
0,0,167.68276014827043,8.117319988643654,-0.80745659692478
0,0,67.87407140172785,6.241558145514214,-1.0960079187132408
1,240,278.31154657612575,2.572401665747337,19.798142880663335
0,0,114.806996816793,69.88644920939231,-17.407207700270945
0,0,77.472039965323,5.954470701645354,0.3716730906918997
0,0,71.87443037076673,7.146717977866242,-1.1259150856879643
0,0,72.09344301863753,8.510608385104888,-1.673411747540598
0,0,70.92676989850713,5.592706292382343,0.18806633485485236
0,0,119.02882835837082,69.9812860405243,-18.376321441142522
0,0,167.21449024877523,16.983806542612474,-4.194046960430029
0,0,235.40109677999573,9.021107192149842,4.683092395348723
1,240,1071.1466047641802,1.779481879122306,53.111186642824364
0,0,152.29024064791093,82.51887972333974,-20.325528974647753
0,0,78.8192001389252,9.334334597119431,-2.086326158006983
0,0,89.56442315464855,37.79374424810669,-14.145455981102245
1,120,552.6133025826417,1.9304562745202796,30.212663853543972
1,240,480.39376858666117,3.4459267349702887,15.830328391206564
0,0,152.84068563459118,76.43265966500881,-22.278725891733544
0,0,95.84417439409621,11.384127006908754,-2.694958141749666
0,0,138.7437075660078,11.237594139744452,-2.5432611706052484
0,0,179.67951801714491,47.623311781425414,-12.236681246482277
0,0,101.64061845260973,24.847821910878153,-7.657090821984255
0,0,206.0689550374035,47.33369341211398,-16.832303180627164
0,0,101.73782515320455,7.819152695560584,-1.4768540259341165
0,0,74.9947087795689,27.497670617129643,-10.536802260833795
1,240,527.8300943461362,1.7398346996830396,37.22380206421872
1,240,682.3983385973046,1.8588165099023808,33.91369161852127
0,0,121.04037790944379,32.93624449763313,-11.244830661177446
0,0,96.78399031395794,8.997792355705197,-1.9443939297193538
0,0,182.79998347091032,89.24420876759694,-21.43093696727658
0,0,162.55360183014338,9.860508085573597,-2.455695522000113
1,120,270.7617997124577,2.9884174026777757,9.828911090696806
0,0,148.38723574822578,3.680974308756687,4.3695532656762595
0,0,97.0011891924882,28.423266465401504,-10.099703203151279
0,0,133.65144811790248,3.8971527481706465,3.8731471334134824
0,0,89.62431721909086,9.872628912679772,-6.83692639734069
0,0,91.52545356155817,7.965095359394723,-5.192993892951648
0,0,75.00946832757758,24.479780499684015,-10.078345470127985
1,240,289.30951834945404,3.0779349586127838,16.56375146371991
0,0,141.15468313404392,10.395079788386342,-1.466687702743414
0,0,203.7930599410045,125.65223140240994,-28.068827393364657
0,0,132.4038242048919,76.23930400031813,-17.677022129110227
0,0,111.41796880398479,94.02404714531725,-22.299185352957238
0,0,77.54928953514265,18.349648952608224,-6.405877464426027
1,120,358.20849412523194,3.8433188043567363,9.87686823689161
0,0,163.73334542558408,5.812219515979468,-1.3605595315972465
0,0,95.43631434969954,14.594310603541079,-6.891335248637276
0,0,89.93678433223323,8.665293097347746,-3.3822840190885444
0,0,83.9727253145366,10.526996549839112,-1.9269040493860814
0,0,152.22341458377022,39.56480546438749,-10.373232250079468
0,0,161.21664977711094,10.871510146016867,-0.5292723884939932
0,0,107.29681279686561,69.4958826068818,-14.787508959741587
0,0,109.16655959368312,89.56946675451519,-21.556927513097293
1,240,1008.7934771941956,2.775308201070986,40.35927790417152
0,0,136.95708808527914,76.339757690054,-19.450960982659353
1,0,446.45805353659836,4.852572816098891,10.54342818380458
0,0,109.31005142063697,6.14149025382673,0.2954415186169399
0,0,109.40155608386746,91.2662562061591,-24.44634557133422
1,120,872.5922774815886,2.5295343134749526,35.19227056225655
1,240,798.5147635173872,5.833701924500719,17.83996319706567
0,0,168.94674199352104,14.692056036099851,-3.5294420756691096
0,0,138.2625825763115,19.83345622270454,-7.917404705554887
0,0,115.872042173561,47.380108301528374,-12.714667522901607
0,0,83.84795498799468,8.127857013235397,-0.49818690027626644
0,0,88.8901373982134,21.30964499660323,-5.717716722708687
0,0,73.54647064143565,5.207249821916266,0.4819808676820685
0,0,81.92787609197705,5.418279549480959,-1.1406256073942558
0,0,112.5889382902406,42.42269272245775,-14.202279598354224
0,0,113.75939765386939,49.30769432881381,-10.81115032028515
0,0,171.9397788150548,67.58941394645547,-13.44282777945969
0,0,173.97878429952027,50.65418817703781,-11.809066882213116
0,0,92.22847622598258,8.037910567189288,-0.24886363637126863
1,120,633.0444958910055,1.6346309560812349,28.948531233926857
0,0,75.77411947337619,5.668516736954913,0.17315502298158947
0,0,80.42722568793126,79.03859327270914,-18.846820357914652
0,0,87.42905550593743,27.165355458893526,-11.342927225644885
1,360,312.56079432881853,2.089598195092927,41.20992016258015
1,0,176.5998510374834,16.949863533966994,-7.308904820606273
1,120,459.90869490067854,2.6879639741418933,21.788554670011123
1,240,641.8650375710096,5.835719354997023,14.702965579005308
1,360,345.17134682656246,14.936300042663069,8.627477842691377
1,360,254.0106196072711,19.12008088685081,-10.438769103787507
1,240,263.3458410097716,10.225650822308275,-5.867712261385634
1,120,473.39479545536636,2.334116095709211,18.95365114210604
0,0,73.95052743824635,5.397708165824846,-0.8152926973883012
1,120,208.06389726295214,9.164016716239818,-3.020180088768612
0,0,169.52205829228353,14.07294266972472,-5.728754897940178
1,240,505.00906712646577,4.61625594417201,9.804467529844317
0,0,279.0499094025448,4.184136861334149,12.426015653490495
0,0,227.34628317133618,100.41646541329874,-23.95507544018441
1,240,438.3069741201894,5.240712275097964,12.187677725299352
1,240,354.7211598141662,4.051118657733878,7.579363739021375
0,0,121.80102742663483,3.7125668822746234,4.816026053785137
1,120,567.9617361519676,1.403427487585741,30.270237791946187
1,240,559.4465425404443,3.1787566229784328,8.92207928924769
1,0,500.0879481516992,2.14848248353441,19.86127553631951
0,0,88.12525953124722,8.61051970144408,-3.4478472925553945
0,0,161.4418859210315,6.122159741086483,-1.347936170837059
0,0,122.5661206787102,56.7278280604108,-12.915320307123906
0,0,166.17773969371976,37.8257560103813,-8.005308527072813
0,0,202.4703006330618,99.93844042373487,-19.714503360756765
0,0,139.12737646182495,103.0127897166266,-21.842546241657672
0,0,132.40138695234054,57.38258194684432,-15.270293064361113
0,0,93.25434416499479,6.699412891147126,-0.23355074416406296
0,0,72.75828017041428,5.201691171438975,0.05199929302338546
0,0,70.56671401229221,5.27876324331364,-0.4462192346938707
0,0,76.51616651876826,11.597633512821515,-2.9629284714238793
0,0,111.14304671619169,90.86402270968473,-19.675993920312976
0,0,126.83440738752272,71.01919920693929,-14.586586693979413
0,0,156.02903140592647,12.373718403730999,-1.6059198316805094
1,120,433.7337814491729,21.01740951772378,-4.483676208378
1,240,494.1786876402038,4.825795724186088,19.4699460688022
0,0,131.86794605322788,66.21052569648899,-18.093344688463304
0,0,113.42629891447831,6.910457960388596,-1.3991006757515976
0,0,94.83064575462889,13.006988527965898,-8.621121401260481
0,0,277.2582680479545,78.50880366079323,-34.095179662240795
0,0,95.98281438806411,14.029698092693913,-6.359516071663435
0,0,82.07580598578606,5.82757653443422,0.3555094822509801
0,0,130.9772946185533,68.97152214364218,-18.08435140256384
1,120,829.228408022439,4.955187426131519,30.058995968392225
0,0,176.6209474421256,86.76637274628325,-19.771432657043974
0,0,137.31150995048,7.152799599031345,-0.05756873072004964
0,0,82.04503425531789,6.123376245809819,-0.4155247589065567
0,0,91.08233270757547,45.71561578685684,-12.73156560063751
1,240,856.8748778841623,1.6243454898660725,58.38095627861291
0,0,113.39845755510095,33.921995963003006,-11.032785676955598
0,0,76.80335988975598,6.475003867754677,-0.23984393071299337
0,0,122.75616969742417,72.35791753239158,-21.426487879892704
0,0,214.2121445571811,4.908472020342589,6.011530707913252
0,0,190.88035989121317,7.191667737148342,2.0130164587174164
1,240,1027.9856054057707,2.964236663946751,45.34868105945144
0,0,103.16497822275396,6.882788343867945,1.1035321134836096
0,0,74.79396985780409,13.363945126462164,-3.045041081810311
0,0,58.723287669044026,6.648650441269323,-1.5396168049669399
0,0,87.17048001432599,10.486557694755524,-7.735113653706648
1,120,237.76266980561874,8.737093047120238,-2.675576606685482
0,0,57.70573472885237,6.339637485155801,-1.5011390682337264
0,0,45.89142505154913,4.7624621238661,-1.329991870652222
1,360,142.42513786862864,3.2093869575043388,7.448681044035709
1,240,361.5927156492877,9.183521402134073,1.235831697708548
0,0,138.91523346533148,18.073614284406318,-4.633661179151403
0,0,82.23777558789672,11.35516553095824,-1.4473590071968516
0,0,109.63006834865936,96.28711413096453,-24.48222888775213
0,0,90.32403542249796,40.661396032220345,-9.382158405683697
0,0,100.65724939645816,70.82247198316375,-18.46415128733578
1,240,752.783516970725,2.8242698088305267,38.04873261335189
0,0,146.04036559031957,89.85711055978015,-22.503790533097742
0,0,226.05769074334603,6.143964324820072,6.7568426718918175
0,0,156.2680408607768,99.65550380588603,-24.749295661675
0,0,339.83065765909436,90.1581323071955,-21.63859098758394
1,120,398.4678933089879,12.143346882781369,1.4647589078109888
0,0,80.16591820625062,6.92056271067583,-1.6202287730528724
1,240,275.03787429337615,3.1340769223302036,9.26724815416938
1,0,280.8622503997341,11.652198442411317,-4.765685997884702
0,0,91.14271422252806,12.047355816084737,-3.2017789429359738
0,0,104.6310139725413,62.641257520546134,-14.808274890167496
0,0,73.35587749191951,7.75895105343224,0.06525672799504889
0,0,97.7292588778997,62.20877384727191,-15.24926293634708
0,0,120.09433849353232,42.524081352025505,-11.345141201433307
1,240,1102.732128191232,3.8143496575678335,46.327913567947846
1,360,566.0492524150635,3.5702971963514463,46.69881527795205
0,0,190.14622541456922,20.99984961497403,-8.985323060430048
0,0,84.9487882810633,14.091929348414824,-2.9313779954510863
0,0,103.63598011231835,90.15506397183991,-21.578607567178096
0,0,122.94055068694895,22.7323635146728,-8.808622429546347
1,120,609.6897670428796,2.243514921045312,27.118931232513475
1,120,1116.8684650545051,1.5672868609611685,34.276202413126896
1,240,1232.8071405792145,1.525853729854631,40.11171419620338
0,0,108.38650274454825,6.932383021407471,-0.4310965647501064
0,0,191.74702422635906,114.40721550091125,-27.84100981313229
1,240,816.2272187009459,5.324309071861143,16.434241806025483
1,120,1003.4823071227448,2.5944250939879057,27.242036740671963
0,0,138.98059717794135,13.730104926122065,-5.644116558611358
0,0,111.22479103315837,54.75319542760835,-14.337913356141172
0,0,97.95796385568404,20.460503040877033,-8.017260825959184
0,0,94.04083422725941,4.88355894215831,0.48194916397149257
0,0,166.3411829834196,3.0823662214597864,6.596009748150365
1,240,537.1666534035254,2.0739839779392506,16.569775168728953
0,0,94.86407012275761,6.833113799364017,-1.3156459416175323
0,0,127.81306064338887,16.64798265265208,-4.347836376472301
0,0,171.51286285652404,100.04812799798793,-19.59941889137346
0,0,117.03744565515301,93.9753147602578,-20.15241614701067
0,0,69.65595807808351,7.817012982875844,-0.6988026968362249
1,120,340.86731752568284,2.001205545046375,20.529758841673967
1,240,449.84939410531575,3.559348653841424,11.469483001765013
0,0,144.83001463725716,63.875277024052934,-19.347696713368364
0,0,78.43265755230912,6.433503729618683,0.24030876592890138
0,0,89.9750265251728,23.432868086161385,-6.970853438708417
0,0,194.632549870232,4.124483458537724,6.926309572812897
0,0,527.6337538150223,3.731205440269605,20.16344360179947
1,120,859.7587711356288,3.7752238695261244,25.59941465631998
1,120,1042.7554918996964,2.369674041448466,39.32846345857136
0,0,176.66290219418408,107.27714775460699,-26.469766207341223
0,0,125.59438996968403,95.55746398340409,-21.19440615058815
0,0,101.72056033629424,47.208018005755115,-9.636401028679416
0,0,101.42652565407515,75.66057263457735,-17.309523284040964
0,0,100.6715555021317,58.736656388299785,-15.064287637003588
1,240,1029.6751315464883,1.838565947781243,42.75675476938481
1,120,833.628431065667,2.992255078001207,25.708908704738747
0,0,278.6008654580594,41.5474590867901,-12.151049524222131
0,0,181.9596301272607,9.261607829579233,-0.28588300241807474
1,120,349.2565221843886,3.8073529505055026,12.262075766112801
1,240,812.6370436682712,1.569101239853058,35.62897860750866
1,240,876.2568170572255,1.4403234305916397,35.95406845573355
1,120,301.7347905610906,2.616060016825362,12.757319428987884
1,120,338.9933763872653,25.183820876444134,-17.292123230887654
0,0,71.77242284944865,6.6030788928519275,-2.118896436669928
0,0,58.9161707023526,5.612413127429439,-0.8193402044382339
0,0,131.50968126423675,48.27027209605572,-17.37011435889947
1,240,581.4528699165754,9.180416968715472,10.4247083556088
1,240,1018.164225803654,2.7110820761431493,46.55708912378314
1,240,1184.9615377680454,1.386609738450122,44.63210322515637
1,120,589.4790259696543,1.6396521966455082,32.91193890761386
0,0,76.45259957141134,20.91535126908725,-10.060527984785452
1,240,224.12813490252407,2.102468057006497,27.521039961625917
1,0,124.20675439964175,14.765141076915393,-8.00352783532891
1,240,236.52579247595088,3.170799481827222,18.10012384603519
0,0,116.77228391362372,53.327661260624225,-15.762044035121292
1,120,760.6237616663981,2.280452940855903,32.85718659945272
0,0,187.95760663162554,8.578165910022483,0.8367929445700071
1,240,1192.8405517833726,3.016079122747144,38.42252992892183
0,0,145.74467584357723,9.976974876059373,-3.7213393518212428
0,0,136.95466216878617,6.935769470943315,-3.3117855346756784
0,0,81.32823827996371,5.771392606718554,-0.23199197839417707
1,120,703.6650108363616,1.3249242403192962,34.67801524094065
0,0,78.36648331152517,5.3020496525336664,-0.33797219889100916
0,0,66.80355639679227,9.650463383903208,-2.1399582683945226
0,0,93.63810941730816,70.23850639828696,-17.587902998686957
0,0,216.2426366618044,3.8314817982709544,12.896773483898997
1,240,432.93032697554503,6.6851753638713785,9.937337780859579
1,360,322.65550897055545,4.6933735898512206,28.07844403303291
1,360,339.3480589818089,2.0488737140857958,36.79545323065459
0,0,90.50548037290272,19.375106482382645,-6.54000001200896
0,0,111.63132475872476,96.22942220666674,-24.79062144840809
0,0,100.47370727525339,31.75078049867705,-9.151297269236238
0,0,88.32280735257851,5.572624939931551,-0.5532985171572591
0,0,73.4757846494171,4.730296493597927,-0.7571058205816428
0,0,126.99354297503878,3.3806167657006667,6.103651122937507
0,0,210.76348887730245,49.70829258303396,-19.348505157988
1,120,1036.9825361541427,4.469650429655904,29.45964788789594
0,0,243.71813609106454,41.53322201074014,-15.040673656577795
0,0,152.57253117365,5.967868046504614,1.2092164326817425
0,0,82.24902662583729,10.62108976087315,-2.7658423546411655
0,0,99.74348373874999,87.22792257989072,-20.816091056261413
0,0,60.177335537096205,7.1677013306664215,-0.9994384163050967
0,0,65.87717370610895,36.05321838332352,-12.426227164100169
1,240,241.13931884267774,12.65603052508982,4.211277774587771
0,0,143.89846270395327,124.29960810308735,-33.57250172181576
0,0,121.70926203406164,54.95539872754204,-12.232834529599302
0,0,144.40774646266155,19.073530629700137,-3.6645632901351206
1,240,653.7566081541908,4.326451669836085,42.45505169165996
0,0,131.11737429193525,50.09004403855816,-11.570792361443111
0,0,77.41618720569261,7.826969731104749,0.23315429524272702
0,0,99.16532208933454,38.428099119134956,-12.144708782107358
1,120,911.7141938955385,1.8574148897996872,32.588148911522495
0,0,94.8406101499435,5.271207918726275,-0.5541703691980331
0,0,74.98772009957861,4.628911022610687,-0.9300601296658613
0,0,65.4617921869782,5.124615038532223,-0.9080894582381376
0,0,70.76737358164837,6.496561630982455,-1.7714184848280894
1,120,358.9824295028424,16.27592172214211,-2.1657650888016917
0,0,117.57648656710458,16.406331389464338,-4.084832961454666
0,0,102.66266613994841,5.272812928852724,2.6112020698259784
0,0,94.76490795209251,107.81983159462898,-29.516862670117497
1,120,308.06595649331354,29.93607130951134,-6.202355494396798
0,0,96.84528438160999,53.89555959765661,-13.067989525392576
0,0,59.343449414751476,5.691983636489974,-0.6726999751303708
1,240,298.75696672990074,1.7493490210272151,20.776952673018755
0,0,77.19651139840667,5.057931989190973,0.1780743820723103
0,0,115.51996687244447,94.28434305804811,-21.394895132305805
0,0,178.58795761982984,61.03054029033612,-13.548089382516835
0,0,212.85047989688374,8.65677666183282,1.4932341238581301
1,0,329.8647659847697,2.700552722389796,19.10406411297221
1,240,629.1404027297159,1.9521243624531235,40.616490108057675
0,0,143.95363530008098,98.69208260229229,-28.320396336768646
1,120,490.196965151139,7.498467430773749,9.93205382909727
0,0,131.55174937687903,85.71276414207283,-19.994584507870215
0,0,82.9220257396465,8.136015175474979,-0.22431968043530048
0,0,109.65122143359348,74.41116813661696,-17.35224931799108
0,0,130.61684197029513,95.95771208641307,-21.026101719054765
0,0,154.7796163956921,12.230195212569903,-1.409008085305942
0,0,160.24853905553672,20.965928265166355,-7.888105193032828
1,0,284.7576147960722,6.708112975557599,2.169167801197446
0,0,70.04490390907581,5.617676676241646,-0.08982725622900034
1,120,414.7036228397084,1.566714593856061,28.160715161972206
1,240,359.01539476060685,13.458154753749401,-1.7519788262945184
0,0,116.85878937510934,70.83798693064416,-18.104462122971228
0,0,105.57813031399873,61.11591220934767,-15.102199990898228
0,0,118.16582557008115,121.39110053126238,-30.237170974356772
0,0,189.39830629093714,61.56765780904244,-17.838705769085408
0,0,256.0259667379009,135.5541611128325,-33.37000483842843
1,120,249.53605064414677,5.729155165645642,12.853857227685438
1,360,276.85304930516,1.5627872374073464,50.070050477636
1,240,607.1807345698703,1.156196027889353,44.263072034076046
1,240,516.4731776203141,2.2795051410890754,16.04081989361029
1,240,1270.6744727403095,1.3954719257247865,46.18965368613503
0,0,141.76316873962162,54.97846899960981,-14.990211917247649
0,0,81.7949324673443,5.252346680805119,0.5853772357671261
0,0,73.25786593117982,5.2421340875546525,-0.6112529000863702
0,0,75.2197068662635,5.295495597968958,-0.0018071877723002672
0,0,124.64807848837147,15.078922587152139,-4.223214374158019
0,0,171.398334658727,52.62655385148343,-12.41281121057564
0,0,148.17408384253662,41.58623201626591,-13.420761996900254
0,0,98.51889469636431,14.946069080964337,-4.284661449202019
0,0,88.33741953182827,11.600866094363791,-3.4401380069341627
0,0,116.4219883736726,89.06651244263871,-21.625481503261625
0,0,81.19909223488771,8.155368249504605,-0.5632270625186493
0,0,74.09909781935374,8.147206477458722,-1.143251731420122
0,0,84.68884112638807,18.14517688941454,-4.1747235488352175
0,0,82.60425901921221,7.771195516404213,-0.4622296085336899
0,0,186.64060604133908,72.78551352793465,-18.251599043744747
0,0,146.86779582741778,11.462358729057518,-2.4935074808112603
0,0,82.95534241522063,10.200430910588437,-2.123414215426706
0,0,119.30152857872174,47.8951085370303,-16.351463570256172
0,0,92.66620111617715,61.668566334372194,-14.86645648302239
1,0,231.67203236006884,29.91100120475298,-7.936389944236893
1,120,994.7373089357744,2.079823065243526,34.61718638825285
0,0,91.73248966375219,5.170289015203402,0.9440465974415417
0,0,284.96692377797103,2.341635547846462,15.007627669717081
1,120,512.0288986051768,2.4976843156451976,17.72332524586426
1,240,1084.4736377477022,3.647222394232251,24.45974023651253
1,240,478.44387585710837,5.978802601015221,9.523044258983234
0,0,85.048058144283,4.883684382927259,1.1464536536489192
1,120,296.0663986180196,1.382757398288594,27.192705767018964
1,360,167.77545509763064,1.722870753392242,22.097982885212502
0,0,68.51695060842562,4.14373184818463,-0.5601359507376884
0,0,258.7557576117713,1.9119887310987937,20.39141441663294
0,0,101.26091717722502,38.33767347130242,-12.503695180887519
0,0,120.79338786949509,4.599774019828803,4.799254790891538
1,240,983.8860711020963,1.7807119206192694,43.26578954635956
0,0,242.5360572675979,68.2065969689113,-14.932215262704432
0,0,184.67537562480027,52.45108477701271,-13.656759134460685
0,0,118.70921952845003,34.940123781083855,-9.713076452702424
0,0,87.33612249935125,12.84023442835665,-2.5431554915700048
0,0,110.89680485609595,83.5509955408358,-20.702042241423527
0,0,109.5385523493705,27.316091945494996,-9.91240296503237
0,0,105.9695077295132,78.11028104519599,-19.345995280900894
0,0,113.13399864919111,43.379753447349664,-14.369891832206733
1,120,602.1423554072375,3.9394876540136776,15.680549494551883
0,0,109.89330296026434,10.994482709908077,-2.6270170899897636
0,0,175.45599740286872,71.22373805154953,-15.649881591062552
0,0,195.19685885630903,12.980634234616065,-3.846923033356262
0,0,106.59257150616551,11.035488304580875,-4.335519484914343
0,0,73.76585737923294,5.664863161752818,0.00024298551147694525
0,0,142.34343889589545,29.56008290974621,-13.968026164875354
0,0,116.47292128396677,72.88407567916896,-18.688692817475513
0,0,159.33435396366855,4.199975337704257,6.646682845550998
0,0,75.41497047183154,17.591589629461286,-5.2511913376618224
0,0,98.1077585310963,91.31750101640382,-23.12620306303654
1,120,780.2433046230726,2.5473254694408447,34.86149518193541
1,240,766.9266101247918,4.354295459510745,32.88091154286552
0,0,161.75249392059982,65.18109557488064,-13.33111447130075
0,0,88.12745872657263,8.618149027060609,0.12029436955135964
0,0,109.13241538584735,53.07929936752348,-15.944282247451895
0,0,110.56176765072217,98.17021290540013,-24.877891195714547
1,120,845.5390915711575,3.253354398246861,31.19983285758738
0,0,115.63130963783716,74.5862581814261,-18.946327737502642
1,120,638.9279101893981,4.715845987750439,17.699251561635137
1,120,648.0092719005726,7.7595935989537645,9.81483464320199
0,0,144.27467247335744,56.73236919673708,-14.244567064308058
0,0,366.36000431185926,73.96675044371263,-18.12733106619855
0,0,130.03627707650344,15.975672473275113,-2.9657289658579202
0,0,117.26908667205736,71.82117543354053,-17.399662217154358
0,0,108.64497621163427,71.3659499805719,-16.908027493332952
0,0,266.16049361666273,3.8228033726982846,17.004105435688018
0,0,105.00319944122113,95.67401740924107,-25.929735769328737
1,240,487.43178310301124,6.576385728935616,11.449583639428127
1,120,889.5804945674676,1.9025984968462049,34.31594829828306
1,240,730.0850098700083,2.7273681684945434,17.58885924141677
1,120,849.2527842959232,2.2859639870126025,24.3405659884652
0,0,207.5056190599324,9.973151188735356,-1.4419905122063312
1,240,329.00068627093407,5.906241884564856,14.572895822424073
1,360,216.91593051313143,2.4695776869492683,21.3526075138128
1,240,224.41040275614637,2.026818248814308,13.981832978291123
1,360,159.71106251964136,2.2013526090660327,16.91656092288993
0,0,70.78921816614356,10.26707786186668,-4.198200146515205
1,120,780.5158234664896,1.3844795015069216,35.5827545974919
0,0,83.3436704310313,5.74947476531228,-0.647416265947669
0,0,264.5451506419734,3.4545205557077856,9.042701340077897
0,0,144.40244118734046,84.52570099892553,-20.11683929979499
0,0,415.50009430137516,6.461897112302624,13.93467899276419
0,0,163.98465450377498,52.70394809857043,-10.765655495611583
0,0,84.43357576382313,8.293309777673242,0.5652876511667841
0,0,75.98790619833454,11.351469089306324,-1.2418344194497024
0,0,95.8879089073201,53.14185370090831,-12.81014853124671
0,0,117.74297925650824,4.185402098442545,3.389285102634446
0,0,59.49088052199183,8.422332376924427,-4.220260645122892
1,240,273.33254568727904,3.3861781235326824,11.232550604742642
0,0,120.04996916103923,60.971837620274144,-17.504062536074258
1,120,587.297696272248,3.7932706449006854,25.7889711418414
0,0,297.12176298093243,103.64909027325093,-24.454303202688273
0,0,202.80530383026047,36.49152828396708,-12.310619583492397
0,0,91.37478034162159,6.8344322811153475,-0.2852383603030688
0,0,72.37270114876037,7.143037780342678,-1.2855168486687916
0,0,84.15618241530355,4.378062424194551,-0.46062857114971223
0,0,66.53758412708892,4.774906028636186,-1.3452519233418059
1,120,292.9170375514476,4.924514450768686,5.670419917945011
0,0,111.0100180711211,65.79570119563778,-15.86806124328045
0,0,117.60667449056628,37.00934416838355,-12.234789591751365
1,0,571.2565388475346,2.805368411814275,23.728620966967554
0,0,194.08782959303284,21.68099660017511,-6.5908580477212695
0,0,125.57582150606021,13.005588825572802,-4.38739732331679
1,120,286.6854475560206,6.959299993314426,0.9635232436374537
0,0,84.34917314116672,7.118209983832253,-2.3923356564181546
0,0,67.38307270518395,8.462448154344102,-4.633027104939927
1,120,248.43103434553652,19.590610113631268,-9.0025223234164
0,0,88.89941029396694,8.756416340247885,-4.537345306427866
0,0,56.560373398473374,6.406462219394354,-1.7250148204514062
0,0,160.16988948250733,32.220091415831014,-13.256695294680256
0,0,96.70268810326802,36.913265563884124,-11.013039549219812
1,240,457.94265962399487,6.421655894113998,16.20431592903995
0,0,140.2931880415186,6.605748795837083,0.9402051645103455
0,0,77.55812032461944,7.431035797850891,-0.6660104921992769
0,0,85.64029917820444,4.682612306043047,1.8284480236596181
0,0,101.38211097734856,79.25193282508049,-23.291463938354816
1,120,550.7027233035452,2.909837334220994,23.10722823971888
1,120,322.7762379922855,17.59294691663035,-7.5758976192044685
0,0,83.84929264288334,6.552066463887802,-0.3375441987982555
0,0,86.60016858533757,19.508317359394216,-5.828753685042059
0,0,108.58591534748278,8.539758473434613,-2.9045883600161204
0,0,189.82145867808626,27.086322359746006,-9.552333356140934
1,120,497.80940041763967,9.17726921762126,4.705993042286622
0,0,104.32992826201084,10.08988781224211,-2.267761209669729
0,0,123.947181334893,69.32639498145136,-19.215983647789045
1,120,868.716524466245,2.164198677716081,31.96283549206619
0,0,94.05142210578484,6.548872687763258,0.14753842483787594
0,0,117.92347197800922,96.86756376450442,-24.868866206104506
0,0,87.56162504064369,13.92681680822082,-2.82067392207874
0,0,103.30056881701807,27.909879813315992,-9.887531404087142
0,0,119.5310610887677,11.29949870799515,-4.752196069035506
0,0,130.77818808919497,8.055677131349755,-0.037928282019507265
0,0,156.67039158080155,44.302351351488795,-11.68952275754242
0,0,125.60053411332512,69.34459562481949,-19.03780879436367
1,120,580.8620798981265,3.887135084460417,15.693410633141369
0,0,87.01754525074291,5.501717514766907,1.2219401885254086
0,0,89.47349663039536,28.885816215354264,-8.115420797847776
0,0,71.59127263656173,7.634332417867909,0.13039728532091033
0,0,109.87939361663403,77.03529516807282,-18.831090033518237
1,120,1100.9898213627046,1.8899363116013723,40.286697542764315
0,0,109.04297388524174,10.054051460191912,-1.3483166153639559
0,0,170.37059627008233,67.9600038808979,-14.435809130441655
1,240,822.3265622393304,3.085432526299337,44.34072498917509
1,120,486.6734914859629,5.569379272841434,7.026091717892527
0,0,91.3564556032529,7.647399014224867,-0.8289094410797873
0,0,113.02997897751086,63.72987402626075,-17.962646141622358
0,0,88.85142475885114,20.059931860204138,-4.0043636600663035
0,0,98.98617835878059,55.65646281900723,-12.121755295651838
0,0,96.14476131805802,32.764363570625314,-8.497365967035208
1,120,1022.601340429896,2.063157943230558,42.49021110668643
0,0,161.399840480506,85.06835596049712,-17.76221528337409
0,0,202.74436118041814,102.48924506961092,-21.379259919041104
0,0,175.57934505408417,43.4810482219536,-8.793388796615588
0,0,111.65626408715725,22.558935785665135,-5.460377703980257
0,0,134.3535242214523,4.180552323677555,5.119884983829039
1,120,481.5507267047613,2.14548521624036,16.485591249251698
0,0,83.74077255602685,5.593000040370063,-0.30361066058064523
0,0,73.34980136462869,7.871545424208939,-0.941621416121805
0,0,85.76479743934529,19.602771551058325,-5.28166917142687
0,0,89.68741938805425,6.692309694798924,-0.5734620770822687
0,0,118.44321891860075,72.52457506968229,-16.31300696933002
0,0,138.06216106418128,16.47819180349237,-3.190180668817689
1,360,358.0602638258759,5.848259822085653,31.74669016127679
1,240,271.449240964641,3.8270435414242443,9.126769012616379
1,120,302.87064093849017,2.088938502991474,18.65043685417716
0,0,74.53103565174615,5.468399905063023,0.1508831663034158
1,240,367.43400515474616,1.183850189926779,46.23386979448212
1,0,183.73107062582068,2.648655665269105,8.626886040093993
1,240,546.8440650642364,1.7383148584239982,21.477118553140073
0,0,86.94653618106058,6.173321074560512,-2.523573166338849
1,120,257.8270170209452,50.30559279238554,-19.617394895268873
1,120,463.4662674294569,51.72071266819214,-12.884588843674251
1,240,486.40768358910606,4.7260351172599515,28.10334201373695
1,120,336.3306042905281,4.3192279962025975,12.270878829748824
0,0,110.16318050207904,80.42836869847852,-21.505995502060316
0,0,93.72972744112244,39.80416450057428,-15.002359722349212
1,240,305.48054165895053,4.842593506580607,6.912359940160371
0,0,74.6365290110156,4.768182313175346,0.29412053067635213
0,0,76.03321642367303,4.637539362120935,-0.8575061880174673
0,0,68.75620945656026,5.568634299066128,-0.2810111988932107
0,0,92.69623033482155,28.224351699007748,-6.8996363368558775
0,0,178.90507251690735,93.20474384847265,-20.756023092627373
0,0,190.66055371925586,25.241931538272798,-8.580371565269473
1,240,504.9225503289218,2.0583880354299713,36.64741803808147
1,240,636.6286854848563,2.0708644284567645,27.37625968333839
0,0,104.97913298928377,23.399058640349033,-8.641306096992537
0,0,102.67003457789438,75.8403843060278,-17.356624430050275
0,0,122.03541176966675,82.52043194004904,-22.01005808042669
0,0,92.7906426970261,8.41615599834393,-2.48723543006939
0,0,89.45794355830019,32.4124399445638,-11.258981083996929
0,0,82.86377540366905,6.140081526917882,-0.5506935289384245
1,240,337.30167372333904,9.66091467559531,3.662180075351145
0,0,168.78871733972608,15.996255588801702,-4.644266070338375
0,0,250.51489661300533,22.7942608633109,-5.876689695429818
0,0,108.89130876019703,94.5691206771103,-22.803707635126948
0,0,123.61019432747814,115.37603697473084,-34.808909446535985
1,240,451.1292804404713,5.740131684154495,10.274813212015346
0,0,304.86098072433714,3.4315294737657354,10.971755881561648
0,0,92.78851718608016,4.555382878071735,1.3872169156989713
1,0,221.04978290563443,20.104944339870713,-7.926176065480334
1,0,691.4924873823298,2.429927123316595,28.02135621819282
1,120,1249.144577225706,2.99878386392181,36.90823389706952
1,240,332.0594495589458,8.456284410085658,9.115207726160435
0,0,85.936924149763,5.647700788921928,-0.40707043608685467
0,0,99.52702170401433,5.575382831945285,-2.638097536835346
0,0,69.19277806880022,4.575621257096608,-0.10047970298182918
0,0,169.03762317354074,2.395816709903921,7.700683271484209
0,0,62.32255988856735,6.179987033120542,-1.2018507564642391
0,0,75.24964539644085,65.7013625177753,-16.706571548442795
0,0,54.899028698884486,14.815799293636262,-6.179925119165745
1,360,100.10646432802655,2.963143795089214,26.555514024000956
0,0,119.05830211015467,6.808383016397923,2.738608714719007
0,0,252.44916825411275,6.4983092284577815,6.619639580431453
0,0,113.82834356092685,38.07415400154505,-10.29643529516592
0,0,135.27057733609018,4.959672159234351,1.1579515326837253
0,0,64.00716617994874,4.709998101543305,-0.0822712052088832
0,0,53.624640352042476,6.021457877167438,-1.277786427240514
0,0,74.7065575116482,80.03857459451636,-23.08634093094161
1,240,321.9455996506661,5.001584266514413,11.921134062600956
1,240,292.38551244620095,4.116794119891446,14.5557018433895
0,0,115.63223919462419,71.82694390400906,-19.48391698980093
1,360,359.97691923226324,6.273441759665144,31.17473408671637
1,0,360.60706804540206,54.27840482448991,-15.732068176773652
1,240,813.3075035050036,3.08595842995477,32.53412578870456
0,0,117.2389327567708,31.507407357883874,-11.78453877813243
1,240,560.5665904524643,2.3775583096349817,22.435764785570484
0,0,65.98514399413408,5.394654720920241,-0.49828729535975924
0,0,77.63439499341854,28.544660641487734,-13.949283987974411
1,240,324.924080973242,1.8005567179509192,36.19240638392469
1,120,270.75946448443176,3.4919222100151233,6.154324220338154
0,0,102.51045688410156,5.931255134873979,-0.28701376809520696
1,240,851.40572850315,2.928791299041499,32.758662034892524
0,0,213.23917066656253,114.62471355014101,-27.314564415100726
0,0,227.13822115585893,16.30061099233575,-5.024224473663182
0,0,188.20915376704235,6.291276458919539,1.9560977303337097
0,0,98.40539807987972,27.541073123186106,-10.909400119353691
1,240,662.5073197145839,1.8884036104073845,41.03295005015657
0,0,137.23274701686685,46.89247039778575,-17.213867905287714
0,0,75.04657691467929,28.20413858862698,-10.410415418630905
1,240,231.6265974380882,6.287378319340571,10.738680769325768
0,0,133.5243482313638,85.31109377538137,-20.933072464327395
0,0,193.56176846792454,95.4337487018665,-20.82522172490671
0,0,415.84783922819116,10.509785895848951,3.8378820393517685
0,0,122.28461234099925,33.355252763986854,-8.139267272151116
0,0,80.13660882731325,8.026778827009505,-0.7634941182622867
0,0,138.4252096698081,9.806341137128447,-5.331222071053901
0,0,119.31193508031312,75.64352712922545,-20.756736426115296
0,0,94.21396417884361,5.293090564521117,1.1377562690481398
0,0,109.85886401491074,3.913180288145753,2.283058097482467
1,120,332.5332741270464,2.3573799436398577,15.463653842612231
1,240,677.5044715068798,2.2480704965967946,33.73844407437221
0,0,249.688271236052,82.90892651374294,-19.549311176811386
0,0,137.09495722727732,12.716338656504035,-3.7542160996863885
1,120,209.27635672287292,2.7725491809927827,17.642988043269966
1,240,212.69377022586065,4.4828930040700214,14.1875477883017
0,0,101.82740268651072,50.55705189929228,-12.984825408605445
0,0,110.22756931366838,92.42724932820273,-19.959419808891994
0,0,114.14349731990491,84.38956076410095,-17.99387429653767
0,0,96.26756483847129,32.43259710294691,-6.719099556992745
0,0,116.37004655418274,73.61571843980738,-16.992686968468817
1,0,667.2880982866258,3.2279260202131574,30.449036151679522
0,0,236.80944332869535,77.6780356191376,-16.321778329255466
1,120,777.2606516310135,3.995746033984295,21.04928754684866
0,0,367.30069310821614,3.408099123519469,18.34607066476407
0,0,137.67218931990575,112.33627684581242,-29.610732073175086
0,0,137.06705918760807,93.27174907302623,-26.13880060475664
0,0,100.28065420106913,21.405893261998784,-7.355942559194432
0,0,109.12797165096302,89.46343230423844,-22.329673754625816
1,0,443.5049649847901,3.948045602301061,13.706475684053174
0,0,77.2618524388998,7.8267729966613615,-2.198435762548101
0,0,147.98059999813398,12.794687697357572,-6.534044998372821
1,120,477.06822250077204,56.95719515275726,-18.266087639477036
0,0,232.18439952665602,79.00624940825486,-19.93374508727888
0,0,106.86056726228941,15.532173476074297,-3.382976216769407
0,0,100.51281667665889,32.74150988693559,-8.764131555707621
0,0,111.70069009994224,98.53343883498914,-22.23417689442543
0,0,121.52362274205686,112.13356456319033,-26.983207800085722
0,0,110.18160159694395,69.067701822718,-15.230039919835761
0,0,81.20500965736124,12.309695781633364,-2.5753928812719096
1,0,344.7712293100382,2.797363215116686,16.145547817539438
1,120,798.9945055079613,2.385905761092456,30.058361894180734
0,0,297.7919054080303,80.90894943090328,-19.919790170674602
0,0,150.99615023160726,23.488841742660036,-5.628988604715843
0,0,96.14836618462235,13.950350940398232,-3.7696452388323536
0,0,85.4897676589976,5.072078820083415,1.6846347085445927
1,120,993.1537069245446,1.1670517306935793,42.375665600382874
0,0,100.4706011952577,5.126900948372141,-1.0380746715911755
0,0,73.78862018445678,5.70189345723697,-1.0812022858752215
0,0,81.62737418845309,9.123733082827158,-3.6124159701927994
0,0,84.10001224603855,15.297835680451772,-4.012849686596596
0,0,88.94587112923084,8.601402233180087,-2.0634466468761445
0,0,165.16013574126538,42.30695872265102,-12.444662871798897
0,0,254.17857464820557,33.36260954922768,-9.537749649276932
0,0,115.59540834095276,102.41459427531244,-28.229364415807424
1,240,322.0785942875616,3.7023450388955106,23.260240914852105
1,240,810.5498485996392,1.77032346211809,52.639572812230384
0,0,145.6452586115986,73.39417740752084,-20.338659594777127
0,0,87.34798001641506,7.142905119961128,-2.0297403185843166
0,0,74.09421197819266,5.569796656694953,-1.2375966901363284
0,0,121.44388490742315,72.17255397885064,-22.964915719443525
0,0,119.65013504597448,64.67706554072655,-16.180548866552215
1,120,486.3371279617588,9.653736575766368,8.968673175887815
1,240,533.7596690742457,3.5102523551842886,35.73591522327446
0,0,169.25044633353693,3.173547672486523,12.846945818780327
0,0,84.8348722304187,48.622448408558284,-14.751023272822778
1,120,221.89878566182676,16.997675418419764,-3.6490390398574277
0,0,90.07860975860547,75.75363344100938,-20.963904322860515
1,240,222.83253679045606,2.827205032578783,23.851874425775392
0,0,83.71742027576734,4.724207652820222,0.9141764181291592
0,0,93.77308786441984,41.60933116678409,-10.980796875566142
0,0,113.42105031944911,35.088212474763765,-9.001375705883973
1,120,766.2759203738713,4.141366973831884,29.882839584540037
1,240,856.6303817770569,2.928686389045885,46.12453426461623
0,0,98.5381206513741,5.584542715433311,2.080809559827955
0,0,80.20644461495343,15.779111300589411,-4.301416860240337
0,0,64.5591812107144,8.042662877184158,-1.2709754134188955
0,0,52.39581729185247,5.799948881911814,-0.44523641966607386
0,0,70.7695047606235,79.88289086837979,-22.285552757410457
1,360,236.04831769705243,2.7970374300980483,44.928670301768264
0,0,123.58189952576564,83.62205818767137,-24.256583011694076
1,0,395.81797630245177,3.3668408424056215,21.77839891472395
0,0,165.9910914925193,13.505933247493887,-1.8930022148790329
1,120,410.4959046908117,24.16846177979592,-5.03565894527685
0,0,231.88535430663367,58.54314550193818,-19.223920143336045
0,0,113.4137498978534,7.6094527303919115,-1.2109127337366203
0,0,216.70678023604984,4.328058484865684,1.9855504774568828
0,0,91.71198840217484,4.885705423229863,-0.17452900297897145
0,0,85.74286216638306,15.19330290959611,-5.624819566775372
0,0,103.10338941758408,49.021389761686414,-11.744068991584825
0,0,81.85810265265796,9.740149923895668,-1.3383405144366947
0,0,94.3510341287261,10.601463244016246,-3.0090679382124534
0,0,178.24257059315656,86.41521800896379,-18.90651844492534
0,0,191.81016607152677,82.50148767658297,-17.601778656014815
0,0,111.19150836575938,47.5969421463988,-8.844394782977247
0,0,104.6452407258062,72.16439581661106,-15.81176073725294
0,0,74.83709789190472,12.668199182129479,-3.39085458884702
1,120,518.989419826452,1.6521474283489332,31.600493783916946
1,240,646.7281612711121,1.3937886279241916,48.38339193929686
0,0,177.0296350187839,17.919695753550783,-9.058083076197178
0,0,117.37362780242302,94.2440648393449,-22.33861420100766
0,0,90.65802404247174,12.747300867596712,-3.7128216215803747
0,0,260.23157637993916,72.8543453144764,-20.799631546521795
0,0,190.43458073154073,101.16788269285239,-20.82604602138163
0,0,109.82000400678956,26.58952998722481,-5.295919989329846
0,0,80.76446775665964,6.896791233734147,0.6413712725924086
0,0,73.62463276395476,4.927213232204247,0.19616663290649683
0,0,72.15315570614578,9.963274758696642,-3.061807060752159
0,0,71.5660782468157,8.89896668861094,-3.26217979553104
0,0,61.31259643946004,6.239325931543019,-1.133851581234964
1,120,408.6719782419597,1.8855225337536385,21.920283587445724
1,240,613.9359824460294,3.1894441313703354,18.735476773839906
0,0,245.60978415266914,93.39242489765863,-21.293009974424777
0,0,143.91855019939982,61.985962163167514,-15.489090938935192
1,360,315.5206845156538,2.0743359340535688,48.42741782538049
1,240,299.73132361964144,1.8839254200784727,19.47849550275363
0,0,64.84619887279726,4.073081170493123,1.416727786291517
1,360,169.29132416004947,1.240672376518987,46.243571129917726
0,0,84.66121515211991,17.563297772579553,-9.03060124308135
0,0,74.51640080037963,5.04259572712245,0.12133530804854331
0,0,90.89851285294043,26.62857545707633,-8.773933286226736
0,0,127.34925715089477,84.5090020349785,-19.555641351022643
0,0,149.83121152840874,11.632249750342075,-1.209454363050213
1,240,1035.3943997195618,3.1283968921160525,35.83897341844673
1,240,695.480331342919,4.0139259209661935,19.886818159138556
0,0,185.20993879369237,74.18785829924309,-21.159600760329752
1,240,1258.0053845850703,2.0252030861076387,47.82517413931846
0,0,110.79657142791409,22.227521274101047,-7.007244014495498
0,0,102.88077190314895,67.6215484421443,-18.577106324158862
1,120,473.8818832117697,7.233385817339741,11.937450905643004
0,0,136.89531790317523,111.51573177560037,-25.776580427497933
0,0,126.49023331909594,96.7085373577334,-20.651020403206587
0,0,255.6822574478676,118.64215361754093,-29.74538301593425
0,0,120.13650863069998,10.161867349878062,-1.451226859886873
0,0,75.72714284745608,5.959362440408589,0.19604510201595815
0,0,218.82870898755337,2.2540011827359505,14.766362432249608
1,120,368.0188324064881,2.0073832773042346,16.754713480410103
1,120,407.09513252152345,4.276830821200879,3.6003684076355427
0,0,81.0868142446788,4.214156461756556,0.03782245044509125
0,0,63.20490766047976,13.733690366230235,-7.147955649926047
1,240,288.2307790341649,3.5514510744941745,7.10946190879838
0,0,133.54967298578117,4.1205410988315725,2.066299828288635
0,0,120.12417499918428,6.849161644499564,0.3174914493210963
0,0,143.92451296610685,76.42930254514916,-16.093501045219767
0,0,72.25092354163034,11.174720338502015,-3.1081156139971142
1,240,403.5369705177094,1.6210628222613737,34.4012418476304
1,240,417.9872255095974,3.6134761200301595,6.162524913473263
0,0,238.75768099372493,3.1153774488538977,10.301021612756443
0,0,110.26933135273444,46.57642463654689,-13.954435840942665
0,0,73.21950470962729,8.043171859872556,-0.3431821753286499
0,0,110.02371297584952,103.55483101112706,-25.303502942265787
0,0,114.79211257214216,19.582358096427868,-6.253578122780709
1,120,903.87091113622,3.800566514660187,35.89305994868582
0,0,199.92794014841996,39.07961500931674,-10.389295463436909
1,0,360.49982893314234,3.7417783373114606,16.345577095453777
0,0,145.61428850010878,6.454364800230427,0.6391520128522359
0,0,121.46786067089349,85.86422439483759,-21.348655270433753
0,0,110.97870787787994,55.0289485309188,-13.205282444032889
0,0,120.9274027516446,74.89208819083399,-18.757014313762284
0,0,78.96244257259472,6.191043869819585,0.6495666817757666
0,0,90.5313775982682,24.734585897031504,-6.142224123341606
0,0,93.11424181949607,15.430268644205544,-3.446737662685308
0,0,125.67675776986152,8.615316231566135,-0.1902276236648106
0,0,229.595629219013,152.2522731455824,-36.45203879025715
0,0,124.17648712377141,112.94992225809357,-27.332492863430275
0,0,124.4224342463493,27.812947489626453,-10.674613006746839
1,120,459.98831937472846,11.07788457713102,3.1400622338129267
0,0,102.09296119008326,8.851667396652873,-1.2449308151824283
0,0,108.74713676974048,97.65865281530277,-22.519013598124985
0,0,115.1357311737084,99.1007198951441,-23.128284940030895
0,0,129.0012836104966,13.822534016451481,-5.02509632570397
1,120,468.8483558821229,3.7830907655198183,12.933095368313175
0,0,173.69139254751093,14.437367055005558,-2.716199627834186
0,0,193.48520472963676,90.65197546796902,-20.717957504131633
1,120,869.4793051624113,2.884213124195477,37.76651674972646
0,0,129.4287663719463,41.92914917560718,-11.753268351603026
0,0,105.89029135356489,60.87297224531058,-13.549362814891566
0,0,116.61201472026981,74.97743845100773,-18.977577028225
1,0,465.16994097103077,2.8084958577480443,21.872125651083962
0,0,92.08332366647628,10.306065574817387,-3.1744978999871165
1,120,748.1053523991244,1.7952765865910176,40.570815629024196
0,0,156.76943472285367,91.36539592640152,-19.623096279220405
0,0,208.88548942998548,117.45362489303555,-26.151809693995467
0,0,156.70928559709787,55.02500301263213,-11.086565737992473
0,0,134.88781532494332,91.20600853900042,-21.993329089147196
0,0,86.18489475876143,10.970871869346777,-1.4197662110940286
0,0,75.75464412508208,6.592983618306233,-0.2612597872056597
1,120,840.984444691648,1.4306457655123577,41.95784239872931
0,0,134.63756050018165,48.182384142052584,-15.120038612047821
0,0,111.32444632236295,5.386908527824727,-0.07058838786240074
0,0,78.19021893979934,7.957453399456142,-1.8198723224885498
0,0,77.22337785676349,6.35144877137169,-0.07630033971746286
0,0,143.90545705197275,30.07839694743218,-7.529229757239676
1,120,411.6691413887432,11.884108643296619,2.991202744764877
0,0,127.29977525607303,39.50320411986605,-9.531118289815225
0,0,82.36889410713056,5.389248133533369,1.5320764532629312
0,0,70.34886331040519,4.966378728115264,0.9018225389088599
1,240,935.9263821994069,1.1537137220253877,47.59339887921611
0,0,100.03433298856474,18.73351033991518,-7.317110797693147
0,0,117.60026961758248,103.43940384485589,-26.091292594461628
0,0,120.10391746286207,84.39226089921387,-18.433726293088355
0,0,126.9112205190948,67.31912608988428,-14.459259308362817
0,0,134.4471147194244,9.97454006170955,-0.28414458228826334
1,240,758.9608525907529,4.042411353710802,46.8445466675568
0,0,141.32025760271893,75.68459228570221,-17.082265802695403
0,0,85.60741327284869,10.767385283273184,-1.6919478503228191
1,240,849.2657527467081,1.801592506746326,45.75127591212602
0,0,170.66882529390145,122.71057136951934,-34.29140977883802
1,0,562.5606031212259,3.083446004769483,23.333000930619235
1,120,843.1126309473765,2.612779605349601,27.689841084624945
0,0,149.6765423478938,82.36159324320565,-20.264694838008182
0,0,117.83440456733008,53.064174279123556,-12.31528002894676
0,0,208.0270550732223,106.2454578942544,-25.66769403353183
1,120,467.39724972121996,24.142169755604773,-6.969273537131485
0,0,132.42180319348006,6.071377437274027,2.9080333440259807
1,120,1022.2196326721784,1.469765800425275,43.96913636544177
0,0,130.4752659372072,49.467601528322206,-13.043968680681076
0,0,82.99592550421532,10.021953965017666,-1.7908634273134254
0,0,119.48058162080866,40.88472391862574,-14.401273221723145
0,0,117.1643868368744,75.89656011167929,-17.330653807138475
0,0,88.93266462121998,10.6983405181597,-1.4176579143408503
0,0,130.25445085605426,82.6063525496183,-19.400705317447944
0,0,148.17135185246744,11.227748393059294,-0.8845494531370122
0,0,130.4976433164462,10.986050202389643,-1.0028941207576594
0,0,108.41263235911048,49.827491996889364,-11.795360311341653
0,0,122.06563370130358,76.04182593683205,-20.999275095957486
0,0,80.78487266174078,7.611945301642545,-0.2869926322881611
1,240,976.5972576301823,1.1498929676689909,48.13001588439015
0,0,268.9123217880208,2.3567568008271995,13.452507826549095
0,0,70.8502004921902,10.471199773849197,-3.4649672962653
0,0,68.0071113828568,18.685413280764656,-7.252699425710489
1,120,291.74463972183617,16.30479836764456,-1.2527774835494654
0,0,225.72466002030524,60.653329971138206,-14.910281578939049
0,0,119.03255792157731,8.135959223477318,-0.15985546893500668
0,0,83.73600574347874,8.852879389118332,-0.73578507522069
0,0,74.16324290568795,5.909361208434447,0.606343956360007
0,0,88.749865011839,26.18150997125042,-7.134798610037876
0,0,110.39063851344176,90.68628306705088,-20.622566322966506
0,0,115.46179022084648,95.55308889816764,-21.745554023108554
0,0,108.62818750917586,62.43458889021848,-14.04659324362926
0,0,150.7157981718509,42.10630402962032,-14.664831451675823
0,0,215.91613550838954,4.21505530352543,7.583538060913611
0,0,142.55425557355866,7.501265481882578,0.08601737446919344
1,240,759.686723080839,3.307464492242775,41.51593494494308
1,240,808.0591805412029,1.660110435435383,36.97660823287393
1,240,523.1490277435909,2.975572583795417,12.857175549392181
1,240,679.151147346927,2.4761265524174187,23.412323614475156
0,0,107.59128958536145,44.429369605791514,-11.749997585462154
0,0,93.00028609264714,74.50683522319811,-17.100416176998976
0,0,166.18872433428842,51.43556323908097,-16.51442064260607
0,0,67.4400023903603,8.771536916389941,-2.634837338598004
1,240,354.29707787023,2.66193975245568,16.023308877469958
1,240,999.9189758763102,2.8531042647218348,34.51482567471321
1,240,1216.8798878690873,2.9080518337795103,40.311003720870985
1,120,1003.4702455566302,2.272795188014756,30.872967601570352
0,0,108.4629644583106,13.310721239913073,-3.0606762950750124
0,0,115.67702796127728,95.28467814087281,-21.656741361887498
0,0,127.80902500660616,107.27489523547534,-25.7338860972584
0,0,91.12623159364585,10.926443275849339,-2.2405277222867284
0,0,76.69831430479248,5.407288140521115,0.09864601918114602
0,0,89.3166622627301,16.32926022004125,-6.327209990588614
0,0,129.05340680692052,4.3744444958296755,3.1972345918812124
0,0,133.0714160188546,13.845703558192522,-3.6837493189840984
0,0,173.62014542060265,67.67888660542461,-12.722012215851237
0,0,100.81828944178179,20.330557233664447,-2.1766711652391137
0,0,111.98928347413968,66.57472627377919,-13.339167213786524
0,0,120.4807167073019,90.07242828600428,-20.43826736944858
0,0,90.22000441475933,6.0668773624944174,0.4586258008926194
0,0,76.15847986875441,9.23096689124732,-3.7538462230630216
0,0,79.24583836402569,25.535352838522023,-7.8667791637201105
0,0,103.47420322320012,77.24023831098874,-19.434041769116405
1,240,823.3853500918735,2.4034546088104136,49.96581924517251
0,0,338.4741395693008,8.868487289110982,5.610700695127278
0,0,168.5099523281427,76.60899148318539,-18.06636483076491
1,120,533.9745553968668,3.84614799004491,23.340662660674596
0,0,111.28763814080826,50.117781790172735,-14.090957302625696
0,0,97.72976900052673,80.68305497221809,-21.408031036386916
1,120,429.8738989155592,11.993816071484334,3.659252766074829
0,0,90.29612037874114,6.4502193889198605,-0.841131221506032
0,0,76.24553512907138,8.596390017131565,-4.395265127490873
0,0,184.81670226460386,27.215123858361274,-12.755454346554956
0,0,101.88113560322437,17.279251139293244,-4.603093518206393
0,0,138.70744351525528,11.419594256264704,-2.079087144092611
0,0,115.8273100871998,25.55659654860164,-5.893307723722302
0,0,67.9417590063053,15.65147035469982,-4.8624774262668495
1,240,205.67121809313875,2.66228110476399,26.197209254998143
0,0,108.60616154774662,74.87457341066299,-19.62368808181779
0,0,110.2411612476641,66.25725824885785,-16.55068440355086
0,0,81.8738881139499,12.037558801784638,-1.955231314783859
0,0,127.13116272375262,121.9943136033345,-31.176588906324113
0,0,119.26731635453571,77.25331302940988,-16.925871398434296
0,0,87.63148916842981,7.40801019713609,-0.10944128517073182
0,0,119.83998001563765,7.991186136884605,-0.08443234147966905
1,360,314.5378935984795,9.12791684832967,26.228342298781712
0,0,145.12427604064382,128.47862310050658,-35.793896178501555
0,0,106.01414912740736,126.38161442430412,-32.07072865564014
0,0,89.69176109841318,106.26767264222892,-25.008711273446032
0,0,87.50934313940249,110.50700750293285,-30.48326045978324
1,240,263.635091875355,3.95345489704266,14.043581238585574
1,360,186.3531802811546,2.5928491879247564,21.50890680694218
0,0,78.55328454951373,6.8318819529639025,-2.65916465251172
0,0,80.288874763452,7.357771620397677,-1.527960407379254
0,0,200.8104296210621,113.64410966855593,-30.081595582618824
0,0,99.3152641335057,8.707486318293475,-1.7464253929923217
1,120,266.7551378949604,4.444022609824087,7.95118485663221
1,240,687.8699365669265,1.768172017562873,44.53157075892649
0,0,128.32740028413392,41.730844466478246,-13.316625875568477
0,0,113.26071310974493,93.58806195993134,-22.147007542202473
0,0,101.85500598866214,17.565131554180308,-7.467011225238366
0,0,220.38834657137122,10.84556015097271,-4.766187973302124
0,0,114.4775822963749,15.630587625250271,-6.587254392619371
0,0,131.6169997289051,76.8571728859711,-18.845805839176293
0,0,143.76918629420595,11.195834998006381,-1.1865590000640935
0,0,129.04583431992376,15.83074777481777,-4.100589705609892
0,0,97.36516735490206,19.31709509022725,-7.703489202409173
0,0,67.0929489631054,5.957409083974124,-0.018282549367214074
1,240,637.0479382679232,1.6307845946613924,28.286092769388503
1,120,518.2595136995833,3.4344741732555315,12.044081052206593
0,0,177.55652367615383,44.63908852244327,-15.858137981870811
0,0,125.06394178998329,100.46010075186159,-22.631176042183725
0,0,119.5854968411008,73.17101918201159,-15.230980463249452
0,0,99.616225147394,17.573629038212154,-3.4726237423688957
0,0,122.6298519989136,8.424966633072362,0.0049826902422864805
0,0,209.17444555805105,65.2324125812514,-18.427935081956846
0,0,84.81401388300243,8.738518920609016,-2.2302187323984555
1,240,296.0085847202897,3.7762587558699563,16.844361006009606
0,0,115.98746591996992,78.54299574607347,-20.525584672320903
0,0,252.7743997689892,10.664164677007825,0.22700377539138117
0,0,124.22526618297368,100.62943676542741,-23.01072758122283
0,0,122.84231240504168,73.11939173229898,-17.370320433018207
1,0,576.5130237733678,2.4661147546424282,26.564951161848455
0,0,97.80187766787176,5.667821398016241,0.6259844050605352
0,0,120.20659947965366,8.376802792505277,-0.7374759397846304
0,0,228.5535280444029,106.0550333922799,-23.79470222024628
0,0,122.18730361587902,53.73227000964445,-10.512422107402458
0,0,90.18230068459275,22.53382777794062,-4.067316661362568
0,0,90.72110920734757,30.371307460089856,-8.437657312121004
1,120,867.8829160773306,1.9637677926760304,38.90913961461729
0,0,113.04461382887737,53.51441458959093,-13.239765513233792
0,0,83.45483181948995,35.34341495080433,-11.297490524440718
0,0,147.48962397370687,109.81538305494398,-35.02730045682437
0,0,114.92653555239329,74.58814971992767,-19.475848395459877
1,240,484.595229231333,8.059116374302748,20.465072704199656
0,0,102.46418309380091,16.731777086310224,-4.727678532858349
1,240,329.46832135116006,1.7068769425447574,40.84442921918057
1,120,254.95906226755883,6.825219604210174,-1.5297093954125813
0,0,65.63400958586296,5.1795463634615455,-0.6102172455409516
0,0,50.96226501734845,6.061331797564967,-1.2349018747375453
0,0,48.63078355869091,10.341094232707801,-5.182140656031848
1,240,177.4383566036173,16.3222860742683,-1.483348002650004
0,0,109.84626965405232,94.23058582261808,-25.956324614596724
1,120,674.94252231336,4.627236974938738,26.404519818440946
0,0,279.0415887356951,108.24545663593187,-24.41880561474902
0,0,151.07298603529608,53.901923686164736,-13.609446630380887
0,0,79.710157647176,10.291681399160675,-3.4504681326294957
1,120,317.1558202482718,2.3224839461309936,14.709348592734187
0,0,63.00859546951172,4.346998236073881,-0.6648163191009928
1,240,199.2147660437177,3.222662020175162,3.303864738444801
0,0,100.25996589452853,3.1286470968152695,3.1176477104371685
0,0,72.37259345620578,10.279802429076646,-7.349681076356077
1,240,245.65916402296546,5.470548191037727,7.611236536051678
0,0,133.32432348127682,94.92391409918088,-23.06166487621158
0,0,139.14633035143365,14.26367039542849,-2.932704267343425
0,0,240.79025893308986,70.54270477524692,-19.57681414573426
0,0,179.5207225113802,125.55618167636092,-35.692914576371884
0,0,153.74647070720096,79.69179494243335,-22.536709552576994
0,0,98.21566647080034,45.673359394300846,-11.722742962272108
0,0,185.35811241275653,42.9378084717613,-13.962747497064797
1,0,468.35455717915954,2.6494426030426577,26.814057783731215
0,0,105.4671729745909,63.45583919074943,-17.862948539770926
0,0,60.79317257653229,11.561772794578788,-4.619151447612083
1,240,227.2915300093685,2.3423322404624973,22.925439163288075
1,360,257.9100196403919,5.573760675238908,18.78934137810498
0,0,154.9912265974418,70.4693174131537,-14.2470716574434
0,0,82.88244589181829,7.377441906155977,-0.30458290770491203
1,120,483.02037865717136,2.2314926867737253,17.87519658741681
0,0,166.9755941545087,3.610171116748975,5.237949602006282
0,0,97.49747049223643,32.2592325455495,-13.08798399886119
0,0,199.92725998491727,11.339054965438217,-4.2919850063446034
0,0,102.911299908362,57.59206983589282,-14.554159082014067
0,0,102.07161539215672,27.96449798754873,-11.06570469643485
1,120,402.01331358318464,4.700277344401308,9.327643722812695
0,0,167.90730479262987,7.1994450648232,1.883807986273439
0,0,108.73777318551991,7.356287087556514,-0.7153520337558064
0,0,90.4506932027599,3.970812199413787,2.584264483741677
1,240,365.39439885918665,1.7924307055487034,22.623376776843372
0,0,82.38978646272196,16.477742382607932,-7.391366171809011
0,0,90.83478720076623,101.49368937032834,-26.77456568079881
0,0,112.76319617963345,53.15039450261577,-17.521193107687694
1,240,598.7341014394195,2.8689273994151643,30.401681375985632
1,120,329.8900680670703,28.528506758292103,-8.845979968505944
0,0,132.49461469644456,52.27076773268016,-12.576640134966325
0,0,137.20759230332516,13.284044771350903,-2.1394404411218204
0,0,151.5415506723091,8.129577988389256,0.6375721112753041
1,120,575.2866889779918,2.1848343610469247,27.966191761794207
0,0,132.60641090417238,53.86964840803018,-14.541815770697283
0,0,83.66282581861694,9.579712985312645,-0.29064912690768097
0,0,111.88019658436428,92.94367543719343,-20.823530860342757
0,0,116.54537003306316,78.4357917185553,-17.657017087738083
0,0,88.8901373982134,11.137210841231443,-2.8543062750459
0,0,169.40480944047567,4.105332082435149,3.5297114046698255
0,0,173.87886828097302,4.475916602168132,5.377033780294028
0,0,205.00558741727554,92.29634331251417,-21.4446329702445
1,120,598.8844175735172,5.677922989722961,23.46402179851769
0,0,207.73787222398917,60.35677716392312,-18.260116773985615
0,0,147.04377679768416,104.50002269290228,-28.279863142799897
0,0,108.94736556887825,113.82462164242872,-27.42050764793521
0,0,105.28620413863803,96.3726881991289,-24.417759392300077
1,120,628.9843732221956,5.727973856533738,17.914065336580435
0,0,134.52561692369488,70.94539310731518,-16.6576738588343
0,0,95.7507879451749,20.26754264997628,-4.637058760134579
0,0,84.91784084169025,6.507465050913719,-0.09213634314913577
0,0,280.7835554824712,4.402299114923237,11.059406073394996
1,0,595.5330252745252,3.990296580147601,17.054017644034886
0,0,254.86592521192185,3.4627220356229755,10.350415993830609
0,0,103.24208609184387,20.481248597687156,-8.197797605822316
0,0,116.57062677113025,59.28783410254732,-16.8048266314631
1,0,472.4313211816689,3.763955182319809,13.554963651220447
0,0,89.7458794411117,8.513921284837355,-1.553481894391254
0,0,86.52310606048117,14.029557310248185,-5.697722249240087
0,0,112.59204437023628,51.102941247309296,-14.281834776087692
1,0,539.5894411443918,2.775047843791548,23.242856713554076
0,0,165.95020232994838,8.339083926469266,0.6234005526487607
0,0,189.31836440725263,116.44513886758386,-25.444299120924526
0,0,173.86903991835894,133.96544204221894,-37.55435567110501
0,0,99.44802071317523,25.414852089495216,-6.546420013400166
0,0,125.95350496305355,101.61946224145731,-27.280562185510206
0,0,84.86287796264256,9.805441392907998,-2.0740621059666466
0,0,74.52440972562397,11.257144850669041,-2.650636354367336
0,0,85.03526540240297,4.839808541019617,0.916062788908306
1,120,662.6429896612567,1.7940245478369092,31.72563889745571
0,0,167.05657895556405,51.21160724637926,-15.396336449699461
0,0,169.9074502689742,27.22304016357871,-6.4369153970778825
0,0,129.84586530392136,47.748972748559076,-11.943522318757076
1,120,328.16984388026395,12.480333130370589,0.549552042818604
0,0,147.02523100617708,15.452577247143868,-6.7805889036508376
0,0,79.67347983029266,36.04921149832974,-12.65673955973132
1,240,360.99646165070027,2.3082944744016247,24.685724285483374
1,240,1041.968497382834,1.2889947101439632,45.78554762325642
0,0,222.74103212722557,4.161908125360228,1.1546860504946181
0,0,78.63296003582636,5.058265896273787,0.07679159469219599
0,0,96.75280481735895,23.41411514242925,-6.064629291711967
0,0,133.18790535475108,7.83086561455478,0.8353187220283189
0,0,122.7029809115127,9.143531065483346,-0.8355989240108812
0,0,77.55143771820536,6.1854843168907205,1.2018294681180208
0,0,95.36369555972747,41.460722660996886,-10.165113242017028
0,0,114.70203625226735,96.19692673034784,-22.336394941267486
0,0,116.2045967821499,75.29841520765335,-16.767416252985896
0,0,118.57937631578378,83.92827805615973,-18.956208727298176
0,0,81.65291999600882,6.527579794072793,0.012205852301377718
0,0,82.32740980149478,8.194454329677006,-3.198397213808093
0,0,90.37169787994996,17.899995235664715,-5.06803900167634
0,0,175.4588540895801,99.33474363761846,-21.8702658526028
0,0,130.19113897001085,16.365089352478844,-3.5365437068376764
0,0,125.31646382642066,35.737179841697255,-11.836411332583111
0,0,91.26270073243428,22.379609633162126,-6.618852424158035
0,0,241.445551123712,3.2961822682628314,11.268544884147559
1,120,636.4808179393683,1.6870513223090802,25.609422460957816
0,0,93.21249143746172,5.011636223384499,-1.5481715228701205
1,0,187.09231395954345,2.497937904537822,10.061394400335303
1,360,255.63217474195181,1.547180691092059,26.00779015222254
1,240,543.9917313992954,1.3715639529823587,36.9452426952128
0,0,141.87743620807595,6.516739545751792,1.529122724227804
0,0,109.66480203153081,11.908394517636152,-1.3639993841945142
1,360,252.8100403365309,1.7198644615824406,49.78568932959506
0,0,70.52844347920671,20.066039652464923,-8.960699845217647
1,120,189.7439087027196,22.98136795329507,-9.844763098522932
1,240,323.2304058351579,8.06405368687053,6.885063045356233
0,0,140.185982937434,89.26796851266815,-24.85770649998249
0,0,96.43414821634197,18.72936989208828,-5.409937100457157
0,0,88.51563937362438,5.063576372567904,0.24883706407328532
0,0,81.65456372447369,7.0630918514268695,-1.5624487605319075
0,0,114.70612856934196,7.635243893958836,-0.12668810372294104
1,240,617.5866466862112,3.236109902322631,38.960732119624566
0,0,85.67283933377965,5.348425736530331,0.8913180428053664
1,120,249.67507606409953,4.986556191658812,4.770013401838867
0,0,104.59880823068825,73.70998492154385,-22.049603175415882
1,240,325.74805371253484,4.329238440300225,10.559195495863335
0,0,79.30131136570041,5.725038632785481,-0.10180069092241695
0,0,82.8310425351014,20.736270583412686,-6.335854535671771
0,0,132.9798093310987,8.566810361852058,-2.7166646155892664
0,0,131.45199206314905,93.40737671535612,-20.656975416842712
0,0,169.07540625611597,31.372461968944815,-6.253335060999646
0,0,147.62634817380882,9.091199703542102,-0.011894251686570101
0,0,118.69033365519161,51.537024064774734,-14.270817736663261
0,0,98.85944122611001,33.98648876237131,-8.131859171780349
0,0,133.0227956644696,80.4669142101574,-22.83827524755604
0,0,100.60129461230234,5.948510008991324,-0.01472116587940775
0,0,85.88987383946342,5.3508515263644005,-1.2925814921750174
0,0,141.1874556788159,35.675213906739444,-15.673268361562577
0,0,119.36507852199108,36.28358900182157,-12.766798990988647
0,0,108.72696992188528,13.073346694740087,-4.8531036958405025
0,0,146.26306245716333,22.700750635994424,-6.318496754132553
0,0,193.56222191025967,7.129634118322393,1.8402946435107452
0,0,87.49486699285326,5.988117706174176,0.5107731208349406
0,0,83.05414750004681,7.2232224077001215,-2.0264431326846335
0,0,71.49235985918094,6.182593313269647,-0.7080337605649873
0,0,88.74339779053412,15.265150689302088,-7.263906687398361
0,0,105.06028783121478,61.67825505448327,-16.34830376710231
0,0,117.58040884330352,108.43963533645912,-27.120194249523834
0,0,92.56782680156934,25.062912219305346,-6.706571307364285
0,0,121.31844008540772,82.22840582993503,-19.65766389164949
1,120,646.8276918636745,9.145925269512285,12.787427386129565
0,0,190.23016892686132,19.621138245516285,-7.830367452125969
1,240,327.1375597322095,6.339918598821468,2.900952848664474
0,0,169.98929661046628,5.021694046189823,0.5878342733365969
0,0,123.33294834771746,3.2925160587386832,3.8651577983488608
0,0,62.319941259081936,7.744269971207294,-2.083055391866111
0,0,78.3194330012256,87.6777333234083,-22.427664640058026
0,0,124.33114496822799,6.012669352502598,2.7214781431055712
1,360,154.57037543014349,1.9980368119530416,31.656979228256134
1,120,221.13994991397627,2.7439929057995225,11.895348378000847
0,0,191.79472636001537,12.760636394523072,-3.589404360267906
0,0,242.3692131603845,120.19423315420238,-28.54414527414403
0,0,170.8205697713548,79.17368666370652,-21.40267839325169
0,0,92.56135391223528,8.90646876855537,-0.5099172731886199
0,0,81.48476090602355,4.911910812069793,0.9215739505964109
0,0,87.45432924809208,21.91556181359458,-6.307802035765619
0,0,78.30797224620504,5.363682582860238,-0.10555229667366461
0,0,120.68097951461482,10.052644538186215,-7.126650756420375
0,0,92.08098277042114,21.300042911843367,-6.05722647529295
0,0,80.56669321416078,7.314261271377981,-0.1629782844265435
0,0,166.34691902895906,85.00364657275078,-18.853108260511817
1,360,469.54148783561214,8.130674467053094,29.85664175170247
1,240,351.3264184279352,61.2667371362035,-25.69530268148995
1,0,190.49969505086628,55.5149331433757,-18.787830320440136
1,0,203.63369763232086,40.299263873940454,-12.752262839690516
1,120,389.90898785635744,4.488329823584663,11.255250461513569
0,0,113.77967786230835,11.663451111102173,-5.620539565847892
1,120,532.8314726142219,1.7334556079174688,28.96203701463135
1,240,770.4976498909236,1.4690624522288729,37.411604277755046
0,0,103.99279388583705,6.123176804011705,-0.3170900215263259
0,0,133.67535586502254,14.638181481965058,-3.6497523733453505
0,0,147.0180892893987,36.67565728375317,-8.76458069160742
1,240,635.8341638252306,2.232695880336327,46.787363741585
0,0,153.8784110906672,59.301771564674326,-18.811724350309333
0,0,84.2252360149156,15.629315168529276,-3.644727335219386
0,0,97.96642055523432,71.9530560969303,-17.16047885668125
0,0,61.78994085368714,7.58442233350286,-1.3057808036772798
0,0,53.74505763216709,8.898407168634332,-3.7665646949549227
1,240,183.25509220662818,3.587726694848587,14.115929106115246
0,0,116.00656717833753,87.12699239572315,-25.015427176135937
1,360,371.28717674179984,9.057037399163855,22.74310055587398
0,0,203.8364090282435,66.15359183151435,-14.048833639176493
0,0,141.91229458758954,6.628307829087518,2.2832694555529542
0,0,105.62587779188858,17.185840181650036,-6.870627441680753
0,0,88.17687827307329,6.348671025423301,-1.1760650718641301
0,0,87.24077491233048,4.4803332001770375,0.2782475395823525
0,0,99.37350880145395,20.794097875446745,-10.565610365841962
0,0,94.55366617224011,17.456896926963278,-7.137789326735344
0,0,107.68944851486008,85.69369714519253,-19.49547827625689
0,0,88.20961680967012,12.72753176339093,-3.414214939588234
1,120,356.2139599977849,27.182023739487008,-5.845493244225082
0,0,224.31302601467587,116.2791671934903,-30.272663278344268
1,120,441.26178575287116,11.79769890497362,5.878174333335849
0,0,149.13506418339085,102.40577912832613,-25.726900713028613
0,0,100.14403202549258,8.42188476094314,-2.3090975643063416
0,0,103.44699668309194,15.29287400169146,-8.660058841796996
0,0,71.76440825617512,4.970718166514492,0.022102693952192
0,0,62.38232358833831,4.896753235413155,-0.3276420731956762
0,0,59.470605981582054,6.623240563492911,-0.7674940697463626
0,0,91.72684997470893,50.647250129327865,-13.200040763884672
1,360,563.1005622539061,3.8801085964961053,53.7480930524472
1,120,597.2964625158701,4.7684318410358815,24.543945291796845
1,120,339.181078841895,30.50098253182989,-11.601349454484605
0,0,202.92605552410723,32.4340915627554,-13.616632804777637
0,0,94.948801491107,13.486884299645094,-5.553496785887589
1,0,268.8979930102305,7.131836551391608,2.9945633380857117
1,120,899.3278723804901,2.1933007104994284,27.097531227876075
0,0,152.75836317864722,11.966088246837085,-6.123307576032502
0,0,118.77436785595073,91.27434217227267,-20.46869236369602
0,0,129.85271228318192,103.57654038621948,-22.417746662600152
0,0,192.47001535761703,96.35135424389178,-19.644839740722347
0,0,172.47925049722477,6.658361722669781,2.4818192269738404
0,0,90.53201241753739,15.206413726080251,-3.966889874167947
0,0,68.30117440522184,8.751270561366237,-1.318467571858605
0,0,62.23270462183092,11.88243459562467,-4.292402438533827
0,0,69.30357670339076,18.733589755653796,-9.882152341193105
1,240,258.5272906912129,4.406154839278172,8.358070278137802
1,240,351.36967682670723,2.5338157693604764,30.81359711956894
0,0,157.80904196462052,56.65237227930727,-18.330488443556163
0,0,159.91675529891754,100.90733409368049,-26.984158911402943
0,0,217.50304764866584,13.915964828029342,-1.122623183740032
0,0,246.82358126747854,59.2258068008824,-16.619354640653953
0,0,113.21985795534916,9.268467364002138,-0.4263357242122652
0,0,115.3691292796614,80.40527315776664,-19.9272088389489
0,0,95.09711681090089,18.01144620029567,-7.438282379506646
0,0,124.59155690129673,3.8365612469618267,5.496831534649317
1,240,438.17592928533503,2.278129579275615,21.482064331989605
0,0,119.9762281012877,58.25502520224153,-16.368668117194275
0,0,117.27204538329411,8.523915033580842,-2.9516472344113396
0,0,105.17491805353721,28.00293520503858,-6.892170113015723
0,0,125.7891094444499,8.120395543611851,0.4715661987585378
0,0,157.54900412147828,54.44724629459254,-12.582262259641439
0,0,178.32048332239134,9.90225910524749,-2.582225030900588
0,0,113.74799357914071,5.066608158634704,1.5463536909247182
0,0,208.82534030422966,30.796188881294814,-12.905603119832989
0,0,101.16276958378478,42.301132495281685,-11.88332225632898
0,0,245.0147544483866,24.209600937301843,-9.011298967293612
0,0,100.82888865636559,21.350369026384573,-5.661548315475244
0,0,96.73396428833404,5.628819697066119,1.4676333775696975
0,0,130.63951408705194,92.8909000690772,-22.10603578023745
0,0,143.1720594191234,13.986136755160219,-2.4435794206091117
0,0,126.82998632475514,12.21960404088365,-1.136863433739478
0,0,108.6968273426571,98.82180460151423,-23.070277717584162
0,0,97.75967352252896,70.23154669173921,-18.32349777537462
1,240,479.5845100511435,2.9383442001905133,26.446315876880888
0,0,98.79259248985255,14.532644282506226,-6.931915998171888
0,0,132.71531641701372,6.496676693558291,-1.011464690516135
0,0,107.89803198902274,97.54972330037286,-24.707055751287022
0,0,159.89684918040504,21.753810003066523,-8.6488832838197
1,120,490.0261080792597,2.8473664776068723,24.338906827611822
1,240,1197.0885809558629,2.879428100331006,44.42329201941307
0,0,170.47296087723936,59.1839980243077,-14.041874674705511
0,0,103.65804008192272,5.800957371547073,1.7476458333102443
0,0,69.44495435545706,17.1634702120046,-5.100714959374514
0,0,78.97623288761206,87.59402191529509,-22.79282269449657
1,120,329.95799372887365,3.5804276665085726,17.873632537695173
1,240,271.7020577385962,10.575651324063093,2.992418053670221
0,0,103.38001191413395,73.01721255515137,-21.378102733605147
1,120,437.6104866934201,6.377775991174269,10.515201313490266
1,240,646.5753512041712,7.052833684371857,10.628489239274387
0,0,366.74418333030343,54.87927513227289,-13.480312133261577
0,0,228.68405142057188,62.63245681278503,-16.88215726550463
1,120,622.8885211897916,3.1852955614792564,29.68288428195038
0,0,101.27601680698506,23.971824801177906,-8.365055814906754
0,0,123.54995451325529,13.014153091021212,-6.763616850590282
0,0,75.68147553627867,26.224437787778342,-11.252904539470265
1,360,156.2325023177605,2.2741041940245474,32.000256438446925
0,0,142.18895109231454,5.631309560962026,1.0062968331534137
0,0,114.39964689502337,74.51954174137657,-17.550814941267248
0,0,102.32257305253786,8.59065674227448,-0.6348457447051175
0,0,193.4590411068994,100.93742543900312,-23.884809449649097
1,240,663.3355321397103,7.296095372395497,23.529268034878797
1,120,429.02591640462094,39.702454598245765,-16.367289005784315
0,0,228.30470156299688,12.452780381328923,-4.986253996299169
0,0,101.3256574066241,12.165151917740745,-5.980440088282933
0,0,94.79348048723529,42.328303507307055,-15.192164553603462
1,120,311.329199602355,18.889558656488127,-3.4277841277138634
0,0,188.19992621552234,10.173000894960994,-1.3668844218567386
1,120,649.8219529795132,2.329711229570782,30.444777286559102
0,0,158.03390401861458,70.3584025047584,-18.64463522768129
1,240,812.5622256829737,8.625107831156782,16.30375990120679
0,0,195.1729851173641,85.24179271402053,-17.384148534780195
0,0,115.4930664059125,50.337189426935566,-10.635427220477482
0,0,118.49376640291005,21.254736232963285,-6.883086999936296
1,120,915.9013711066535,2.141751999686755,40.5449136974853
0,0,132.06577160798946,93.87751788795926,-22.138732873742683
0,0,138.09160080779,103.510148828737,-28.617549932026158
0,0,137.77125513407464,127.24754919894117,-32.85291203501617
0,0,97.0877626703241,21.573440616542612,-6.651655196698513
0,0,91.91352651605533,7.4742027640462325,-0.8702088080540733
1,240,667.1049075832307,3.741472406227476,25.938401297679775
0,0,159.219360987478,68.12215637992533,-14.055248356615948
0,0,95.51482789002839,9.948719117240646,-1.248021926963375
1,120,818.4773809448259,1.4656470114361766,38.5005844643548
1,120,686.9504461997373,2.7707059236504876,16.102451906965968
1,120,835.4831915933082,2.136588397386498,23.087529667548964
0,0,88.36722202930511,9.509902941263412,-3.6358185925481052
0,0,74.24331515404383,12.000101646705428,-5.763866757400791
0,0,95.13934362836045,99.06322122729243,-27.681297087164445
1,240,447.5732042713989,5.356637143412847,17.083343576315755
1,360,791.4038808177808,4.319830833854814,43.74820377435573
0,0,126.24223436995155,8.679403830177181,0.0811719907031545
0,0,104.25592647291661,24.363281220941534,-5.974559049971475
0,0,121.27000110795679,96.57313352339416,-21.678891687675133
0,0,114.9506813567393,55.723561898524636,-12.621141576708567
0,0,90.01380151285612,5.64533817069812,0.8552339362205004
0,0,100.98859104680058,12.974090558244471,-7.27213908424406
0,0,108.31509691282267,54.29721913492916,-13.45413015227929
0,0,90.18886426239385,5.681709225306608,0.517013467866235
0,0,92.15604448097375,15.15703879549928,-4.063480512383137
0,0,150.25589428343898,7.036928877810974,2.21592020639045
1,120,1048.4213445656906,3.0208023286787156,32.001355500413496
1,120,875.542917444787,2.166003355253537,36.29408018373523
0,0,120.16865769226115,85.18862748682383,-20.84490972917311
0,0,97.71647180404885,60.49717697018254,-18.935035932586572
1,120,269.7089292823881,7.341425063790746,4.2945528543619105
1,240,332.7297280187442,3.386794272345633,8.996730959745719
0,0,68.44294881933138,4.900799377050451,-0.9002427898711005
1,240,207.37677342040342,2.849901012855751,10.579348487884815
0,0,101.51724812927753,25.739870024294465,-8.191588962501598
0,0,187.25079205567354,7.760996008701587,2.668363859990734
0,0,126.2498748732986,9.879158149826162,-1.731418969987331
0,0,173.9585721074316,3.4849561863063476,14.540684852480979
0,0,97.75127350327057,96.92298151083277,-27.790696024451492
1,240,280.48403414799697,14.615410823820245,2.150314661309494
0,0,191.629469300975,58.27976320482022,-17.39914967383342
1,120,354.3321969790863,13.501161083564362,1.9809957110377638
1,240,741.3692851337416,4.506290414833794,15.388230715156894
1,120,890.4471135583799,2.6988698758149883,23.10866547459824
0,0,392.08551106501136,3.168916967841407,17.482810329547036
0,0,214.80093942935548,36.904818617140485,-11.586020710422119
0,0,111.05218820828877,18.921023533108176,-6.5243489468889635
1,240,291.54789109262055,6.662941213188006,7.7622413095152325
0,0,99.68059128686659,36.82927259087944,-10.204853843221414
0,0,131.72960079677782,48.98665981526738,-16.023752881957165
0,0,109.11770118207218,31.612521307553948,-10.690205948397434
0,0,104.2207053395349,65.09233765755904,-16.453142654018464
1,120,692.1172855759141,3.2178632339241693,22.590447189460605
1,120,887.1806963529925,2.1134454779669247,34.843424066908284
0,0,166.53598181059414,56.55181751499499,-15.152196742473294
0,0,154.15579310312842,14.19921459657477,-2.2425620437152247
0,0,159.62384288647792,49.339294573170136,-10.969552626215929
0,0,141.16468153753368,60.12420817338794,-18.073725375569822
0,0,87.55698292473774,6.103489822899264,0.3262205376324374
0,0,111.55942014043053,4.475461315348456,-0.6096677145576734
0,0,82.5603204569375,5.824695457780474,-1.169121959248443
0,0,97.98002382528841,88.1415140173096,-20.478325007758727
0,0,97.2853501678597,65.0539004400692,-16.31884573602737
0,0,113.97366049327964,110.35361961360351,-29.642472771411335
1,120,411.2629930891616,24.36862553916972,-1.9678388236887514
0,0,210.77523303378248,38.32294907140187,-8.602204853951378
0,0,135.4834004960864,17.79570973654065,-3.10843793505461
0,0,120.23722950939212,88.5124143950939,-20.618397285026035
0,0,79.90450870004459,17.64543530514567,-4.282030041224388
0,0,68.70721501224878,11.244207304887333,-4.14409776442082
1,240,461.37961649162696,2.1747862395960333,34.75117683704171
0,0,120.36997475300325,94.82691138426848,-22.601459097472443
0,0,111.87849617560752,94.01872629083002,-21.767160101864675
0,0,111.85492851023882,18.69555322666332,-7.226205691574222
0,0,111.09373486224563,30.11896034083314,-7.93292895583258
1,240,997.3312711581548,3.5010468978917166,43.26070638476419
0,0,141.46329598733766,30.666806203865136,-7.476052066703701
0,0,112.73560421354041,13.015907456883353,-4.716201789630588
0,0,369.5821202011038,2.750245541538122,22.518088754027403
0,0,144.5640933798165,113.03546744780755,-31.98897535397355
0,0,266.51526689967335,9.140099944594532,-0.709645365852495
0,0,111.76982871999213,33.91246607436916,-11.480410366548654
0,0,84.03600886043407,9.798944644018315,-2.4175031186620686
0,0,71.66815945251325,5.282920386494683,0.22487962678293627
0,0,74.89746240276973,6.125891378349832,0.011254740984156797
0,0,149.91495099165004,45.23315073554312,-10.711690496263017
1,120,734.3717630179193,5.058869636377579,24.83416105839042
0,0,179.0637433260299,84.10511524721841,-22.33163938468141
0,0,110.5776041242768,26.27533966642451,-9.574578793060297
0,0,135.02003910986906,6.110293856550295,-2.169870719321011
0,0,63.3067791490973,5.371981076319758,-0.525076930794711
0,0,58.93311244159913,11.086840506563055,-3.9351967314975553
1,0,189.00461631951347,40.837251355965236,-14.865283445731151
1,240,1119.7891778235846,1.9604918934581455,43.36817139570623
0,0,144.06642908094614,5.8219817858939225,2.702698978542287
0,0,184.15346349705848,58.085858849571835,-13.416772613319694
0,0,170.18722418975324,9.222649897530507,-1.6110822525522934
0,0,88.88616410975177,6.662772454743449,0.42246771898307145
0,0,108.85582689747262,71.44519966809746,-17.66108044664331
0,0,109.4772922898936,93.13466306895086,-20.47913873633013
0,0,94.07006425378812,35.5186566074781,-9.255259020159855
1,120,728.6561677277605,2.5538587676193236,25.816976086181683
1,120,680.6433353833933,2.905756448198053,19.987414032789587
1,240,1426.6650749083333,1.5744558234679114,48.517181597918764
0,0,171.75025125502623,63.99902118404092,-14.760301892117397
0,0,147.613232354265,10.389412392494243,-0.5238986095517078
1,240,390.0030771408982,6.234003272152638,20.411747063014346
1,120,226.1248002089462,10.728125932398347,-1.6285827007890958
0,0,166.8156877150229,40.009977606808675,-15.19193734367768
1,0,257.11048744296295,28.869207496564744,-8.465028182249824
0,0,112.10213393529672,68.5739236384579,-17.3668435927586
1,120,553.9150901825843,3.057702896748937,22.361366744757035
1,120,834.6276365953732,1.902798389870106,28.142327009839335
0,0,96.3423714877104,5.046942836360067,0.23829558030746512
0,0,83.15530481698651,5.533169757064903,0.3536125435683033
1,120,741.38565440204,2.6336465418965833,37.36061414324867
0,0,131.52937199764006,15.355892195185927,-4.1659627568133
0,0,90.14155889078076,13.416305366853814,-3.8743520269544547
0,0,258.5198769090334,4.346403971711627,7.970672070731652
0,0,115.46032786931568,77.1946031397353,-17.396439006579342
0,0,109.35330981940896,95.25818938223827,-21.42419464482785
0,0,86.74365474426224,27.90104481239503,-7.390906468005696
0,0,195.44840599172585,10.311091327639536,-2.4235585273816866
0,0,126.0416201448289,65.80006906126162,-19.36433587746791
0,0,111.86205889095883,37.59712170871388,-11.836580419039507
1,240,356.57596568604095,6.2628320877216,27.450478069791913
0,0,158.76808383949205,78.774788628254,-14.59811099277303
0,0,130.47829266479425,110.93872589727133,-25.537169857099038
0,0,121.8583652099128,111.77375351036179,-26.38185710187153
0,0,123.04737036504866,105.97029679917726,-26.240532528036553
0,0,219.7822755462281,8.435721148493723,1.7375482014924586
0,0,120.87106254150393,88.64973142677252,-20.81174236396103
0,0,81.92244045198461,8.257199080344193,-0.9286440305935599
1,120,515.0050673718436,2.528232301464869,21.751376785411452
0,0,142.38989406313016,67.17572292478268,-14.333527676178448
0,0,174.34686611506712,44.37175709723235,-9.080254537791859
0,0,170.892893823809,50.341228800186045,-10.839313783178298
0,0,127.29906108439519,98.07161465610282,-20.28511731156955
0,0,123.53991076553203,96.09648026022457,-20.370310465833413
0,0,125.90745789392047,89.62839323256782,-20.185039265191236
0,0,105.70504882360336,5.863780184275512,0.7574702607140722
0,0,75.29573214177827,4.762069106205111,0.09385347493271468
0,0,75.886034709717,8.845897121281205,-2.628433189062065
0,0,88.83130325522947,5.467430672071285,-0.8286822311540192
0,0,90.41810770295116,10.01371638703947,-2.4166418345248104
1,120,665.3279124160654,3.2520535143012466,29.332896453021448
1,120,383.36808217201724,7.876469200003094,10.584801526103533
0,0,137.1526691004818,85.34761057591925,-18.89738777628004
0,0,112.65495949423644,65.10792480116547,-15.824468641241324
0,0,83.24295522036836,8.268414748520467,-2.023278045579005
0,0,176.37545376188285,44.228830426562446,-18.224904519441523
0,0,73.81423967639198,7.752351425062986,-1.9836431234098484
0,0,59.20596569873817,8.14979380612475,-2.6195350142943283
0,0,99.13881838484582,76.31892910769896,-23.378664994288364
1,240,534.5143784968465,5.240005655514603,14.950465879552311
1,240,967.9671617309355,4.655593808333885,30.093996864865815
0,0,193.81397309472732,32.21027996230571,-8.85200895746675
0,0,127.26153873116267,120.23155855135161,-29.31435521882664
0,0,96.20036468440411,70.90641441888022,-17.85270295730379
1,120,407.97812078073423,19.293281198061536,-0.3708806504667308
0,0,162.76081364124227,8.239394613217566,0.30806487937711324
0,0,115.00839322994376,67.97898424242698,-15.910195474633184
0,0,87.0936158704912,9.283630355368228,-1.4966477092357593
0,0,107.8931688199784,68.73044483965624,-16.83641409509825
0,0,126.8970391100634,93.51893416927294,-20.00193448477161
0,0,212.28199924132343,126.40643545242773,-29.18956941400772
0,0,127.16254093334405,9.47527587432395,-0.8713765613935465
0,0,84.38511411425544,8.515701821795176,-0.8811307363467904
0,0,78.99173494744453,4.759724085787019,0.5366274968079665
0,0,97.90029732671309,10.152473731432066,-6.8905479398247
0,0,78.44583572017402,7.033856932649078,-2.7749994430452603
0,0,79.22629499938131,29.671118746652585,-9.912545631729955
1,240,633.5595156952531,2.1894727365304303,35.78976925963602
0,0,121.50941866090872,40.56604299878736,-11.191885464519018
0,0,228.1130768321683,3.9360466061575354,10.675558681573122
1,120,704.4170902934185,3.2507566913877204,27.253661434549073
0,0,182.8167948454855,100.49284169500893,-19.680886859644886
0,0,135.7305945850859,120.94258931801303,-27.61614596193506
0,0,119.58302558037431,93.00156229103146,-20.438621394216668
0,0,112.81482058948872,94.3688919412231,-20.958160667294877
0,0,93.60004293327347,46.293737095332794,-10.383995659819306
0,0,141.29268830874264,56.23259512421151,-17.62665550091181
1,120,529.1253523764528,5.179469203851868,9.507583416126693
0,0,89.61711882202057,5.244916796986704,0.7718848811216787
0,0,80.98010225913367,7.770339992310947,-1.5396960642433726
0,0,114.98213891873938,8.504969867663196,-0.7523502639955524
0,0,117.49983214034981,21.76246451367245,-8.909345118039667
0,0,53.20033735496793,5.129209419501438,-0.04266270279855178
1,360,121.29864732747902,1.6712948562258667,22.846972479617648
1,240,399.6949082678666,1.7890353443035547,20.14428399270929
0,0,131.2315737440393,37.247685239193544,-14.697248495737654
0,0,88.6507538534366,14.646044542539556,-3.5099759973767277
0,0,73.30578911797453,4.783479769826136,0.5193225547863705
0,0,74.73065797176068,4.64953294355501,-0.5605163952645853
0,0,76.81937774024466,5.930911752049624,-0.8932838254001183
0,0,112.18063613956718,7.2611971187576945,-0.17511023767282552
0,0,146.39819960909233,5.491142587209007,3.8138611946402676
0,0,71.12211852451301,3.6394024257204665,3.8506480668095264
1,360,89.86587161904711,1.8893587425932603,21.251948232740617
1,360,163.93111430005376,1.867639778952866,11.82237700416323
1,240,355.7601549087806,1.6588600887779783,23.198355271811835
0,0,86.52599675536767,19.14808395922849,-6.569537302360317
0,0,125.11435324159206,136.3672916409029,-37.32732539968523
0,0,118.3210275453399,111.1016003575589,-26.927446257137973
0,0,92.81422169845318,15.623590015736365,-4.161244187889551
0,0,224.24838780980218,91.54174940341589,-24.06433171077387
0,0,367.4718449176133,9.242453294896146,1.9379737757889615
0,0,99.22604935406765,11.394383369060618,-0.9331353895915271
0,0,102.61604093183804,48.36003353952892,-10.466520418443196
0,0,116.00477608111375,95.49473998912313,-22.073201303986394
0,0,90.95595266074382,14.600446371800693,-3.322221339406269
1,0,440.45814990230923,2.4134366256834237,23.464032366421208
0,0,129.5506176634558,71.58374403391831,-18.421773994201985
0,0,86.2682261239011,6.433035357251167,0.10248745211234223
1,0,491.72837594959464,2.0724098767792514,23.01714743007487
0,0,188.1170596287762,8.633125210950636,-0.860000213249279
0,0,140.72052343420935,15.4086440995612,-4.699869094733259
0,0,94.34864222040825,24.531415169009225,-6.3546442681385855
0,0,67.53416535928054,7.561385000917582,-0.2453022528834623
0,0,86.81426138387215,82.67155287102153,-20.726897950513475
0,0,103.79144281691981,68.25681659416664,-20.575739942448834
1,240,353.39910334184293,6.490122638993583,6.698571251856961
0,0,115.83693440076307,6.983915262478897,-1.7661820886316235
0,0,81.29158880322632,20.570706817431095,-6.934071850490909
1,120,383.85571405922275,6.863152351269502,5.705706147813771
1,0,647.5372837739292,4.135970764638126,21.98208468725781
0,0,184.08151353453073,105.00377116216492,-27.133118795534465
0,0,99.69760671049258,6.557908484159697,0.21477142706162056
1,240,148.99196911848023,2.9304306023278044,9.208120733949045
0,0,85.80819187081782,3.0558979935985873,5.124640540415115
1,240,171.41913632585138,7.850875673331133,-1.0493136369896234
0,0,174.60846833426558,39.58056948850264,-17.05479453748312
0,0,89.40529890319087,4.99677600452188,0.21082959904693155
0,0,70.64374252897348,4.817487303759241,-0.02763514398651523
0,0,86.54775631942502,4.481162101948836,0.22653878763630075
0,0,128.82933827701297,7.910248864913466,-1.3362639213941065
0,0,139.5063182212983,27.93324067479097,-5.945307093015288
0,0,84.51043423962872,9.461137165495686,0.11807510981118696
0,0,119.21082877563612,76.4104376974217,-20.430827565367238
0,0,395.35560115331333,3.36519995982906,14.273496547667577
0,0,89.67811248412558,4.865722438000765,0.3458874060917907
0,0,73.23568693296247,5.328743267675765,-0.8279847495213914
0,0,89.15084406879998,18.278837187310547,-7.142544883321435
0,0,110.18688420014828,61.323324459773275,-13.674122199951668
0,0,91.96308776328571,8.080196740647258,-0.8015438549027465
0,0,128.64193055990114,15.497279283468583,-3.562466774183605
1,120,693.8833074385692,3.765705035924073,25.817441073936777
0,0,114.60617854261955,10.591742035648462,-2.2961360306333773
0,0,98.90959194837608,65.47943162640827,-15.664940853585165
0,0,75.55869468798215,24.587338288219662,-9.150029120813286
0,0,50.77431316943448,10.068728932610558,-4.915412055021761
1,360,123.73392740467844,2.0940531472937782,18.93193410036291
1,240,405.7192977882531,1.5380861225367866,26.300087795810484
0,0,117.48695437803194,11.718367094354717,-6.85340175893559
0,0,95.08800261996464,12.167101213143123,-3.1147786771693973
0,0,155.48448116960301,31.853194313234198,-8.136810234581631
0,0,189.9955238544867,61.139917421247326,-17.358072232833152
1,240,693.1859584713632,2.950336879173013,26.975165472964306
1,0,361.0842934310162,6.214920933595564,3.1439829260205556
0,0,90.78595146127205,8.398238724770406,-3.08033259563085
1,120,445.04009401039383,3.814160142737047,13.918214199072807
0,0,129.34660262081962,95.59393746626635,-22.720886975204365
0,0,90.45124866962043,20.186002540352927,-5.43495132809997
0,0,105.47157136524172,66.82674129085623,-15.856373141982203
0,0,160.5464053254877,129.07935262584382,-35.383454657459936
0,0,214.04489235186608,19.277809568256735,-5.6477254976650215
0,0,126.59180440216645,12.032631416184183,-1.5293765064515554
0,0,83.66342096168181,8.61699659639911,0.26672324078873544
0,0,96.8741006420079,32.15306092263332,-7.4486547768160705
0,0,86.59536209658513,15.975125587620555,-2.9054654960086737
0,0,103.67134861445898,53.17268505652259,-13.12403111778373
0,0,87.33607148708855,16.686770021353098,-4.4118673039280765
0,0,83.77428761262262,13.726408484470149,-4.963295225891898
0,0,78.21469915786751,4.635548553946099,0.498223735399435
0,0,105.7351120504229,4.342522076261012,1.1639541018857216
1,120,464.52251600492326,4.853763600952335,10.703204317193567
1,360,728.3963452697275,3.283713997300215,47.232272479972224
0,0,191.70548890846058,3.606513480514791,11.328781934237995
0,0,145.53074174985994,38.09613050230371,-15.160994522157552
0,0,117.70903909772329,79.14695243824353,-19.55838900593905
0,0,123.42888540977391,94.1604833842585,-23.436772611818583
0,0,90.48697992562916,6.697922492370724,0.6003889427238676
0,0,106.96879261162805,72.11235684898018,-17.796074846267032
0,0,72.89837684788381,6.525193712108031,-0.020544080721478508
0,0,89.4017620529768,16.372511114233085,-6.434273421196721
1,120,450.5330944582342,8.258847859372038,7.540748619542356
0,0,171.31626159606733,68.83089852939212,-15.074031244053302
0,0,146.52534483986452,101.9098061818352,-25.8973768487363
1,120,1124.7053996211318,2.740913289799238,45.593158939590396
0,0,156.6402943458069,100.69310652895916,-23.467689013579907
0,0,123.88819982315016,96.81989988211,-22.38853169330629
0,0,119.52524569081959,98.33367937392102,-22.438834914083557
0,0,88.90312852111505,17.8506545982436,-4.101503829264772
0,0,74.89132392715783,9.464762313473162,-2.0485617547616926
0,0,155.637143867785,20.516083228488906,-10.023957754638445
0,0,190.8546723829277,22.524561405166722,-7.3335544555774845
0,0,216.37696895358852,6.859237516336393,1.334493645014561
0,0,87.1122013382026,7.522533558154726,-1.6283871945738895
0,0,64.75886021102083,7.306461833639531,-0.9491880350454522
0,0,65.96625245284646,8.414052383722197,-3.3293599582371627
1,240,698.7344149167907,1.5076453028416674,35.82524571176822
1,240,1156.7505321990775,1.5152565794266926,52.65289893857495
0,0,146.6969614276552,86.31089460687356,-20.211564703038064
0,0,128.39237857075892,96.93057654328945,-22.939790528813703
0,0,238.64407101665657,5.669896134187568,5.865154676193498
0,0,196.9130247342159,9.658789402135772,-0.8902349852332634
0,0,149.8534415388888,8.912338313600308,-1.2450470621211878
0,0,108.47129646121873,4.336023522468178,2.152459945724999
0,0,77.15781576313198,5.985753734273005,-0.7577134750343077
0,0,90.95266520381408,15.112261855693827,-6.734201091129449
0,0,104.17495300791965,48.18442007280618,-12.306524520876593
0,0,94.0155321449588,6.095409722720936,-0.0719093758029743
0,0,90.42430852688415,27.20407785108113,-7.1334564862902425
0,0,104.73388870232533,48.41544767605096,-11.968964546492643
0,0,88.76600189094067,9.092699578060044,-1.101112216115638
0,0,166.9670467664914,82.52296602407213,-17.645762270484354
0,0,157.9885371129842,68.57671040892204,-14.843777762058508
0,0,76.22639986252864,12.617390255995556,-2.9852954392337807
0,0,91.40843143091789,123.57784899210024,-34.76891521564699
0,0,101.18487489762268,61.2244302063593,-21.098586969330256
1,240,313.3357952959166,3.2779410145738206,15.054147581032538
1,240,380.81492975979916,2.3344939973063155,16.576644306019972
0,0,79.58972903099301,4.518916163596279,0.05250655239257185
0,0,81.80844504893136,10.413740682057808,-3.8793136576592815
0,0,101.02870935740175,28.97278547365387,-6.53248094865117
0,0,170.8915901770955,67.78196101453479,-13.558292693369879
0,0,171.8086432917334,96.02678933978326,-21.166892613761746
0,0,292.46214420083896,15.159881517961082,-0.06645105363250536
0,0,132.58327400902206,85.58299160556267,-19.83477667077065
0,0,101.24913901256986,33.81107022518881,-8.581951466846405
0,0,104.13892701439308,40.335607403775896,-12.062966048344279
0,0,121.92256130850971,93.83735518305767,-24.351514489055887
0,0,123.8741657828777,96.82110555741443,-23.902056268201306
0,0,82.4105541216712,6.7143060494922375,-0.22139765511073506
0,0,83.654289766658,12.244877197246424,-2.545253220419653
0,0,189.94657475440874,116.1940118628568,-27.906541382888562
0,0,155.4584422435078,36.00048994268919,-10.098762659737588
0,0,83.03340818124352,8.228281824520863,0.6862214551509709
0,0,113.15665942988954,95.73753556090819,-22.90662316360163
0,0,87.50304595897327,12.108536618172147,-3.0293583129797526
0,0,139.30039872085456,120.00051650888163,-34.05480498682492
1,120,1206.015046765355,2.020594491526114,43.23929581222329
0,0,115.31482956002883,5.551628501583531,1.7883111260730544
0,0,114.45729075187757,66.9684261881587,-16.518019013756216
0,0,109.58790954755008,6.276529948955393,1.5456456413885746
1,120,787.6808471809112,2.99319249957492,32.48155046866948
1,120,623.728568459865,9.946763504677241,11.40992229750016
0,0,159.71643581131272,66.21479248753641,-17.275013795081264
0,0,87.24556439699536,7.994351937010319,0.41003458048633945
0,0,99.34140508412631,42.523666224300925,-10.363995902398926
0,0,81.34060025162536,8.745830583271083,-1.502227562296767
1,0,452.84982203691226,1.7875235123022428,24.867037806255567
0,0,80.33641252426185,4.565690679963383,0.0615738136167181
1,120,267.89763120256964,5.755323102745201,3.4188540966963785
0,0,137.77857822778708,82.67957386062169,-20.58249811675283
1,240,889.385423674892,5.370252881553299,33.807304533738744
0,0,125.6819156764237,7.232004615203936,0.17598722112619214
0,0,77.89328222663538,5.145714356359813,1.186891736485947
0,0,82.24237802759836,12.86487045390735,-3.1721148377423134
0,0,77.08501559622586,7.137877562235828,-1.17514038030572
0,0,71.94830179518961,8.36719439058439,-1.1653227979313385
0,0,98.00337610554793,57.57136759675831,-13.9784514017024
0,0,70.53774471510619,8.82598633217812,-0.7845400981316004
0,0,87.75674127745282,30.123683772377607,-10.640304307954096
1,0,394.495602420494,2.5697922270177185,22.259640105428886
1,240,699.4369784708507,4.254877332957387,19.630905807385943
0,0,124.25819743256295,8.52746166827128,0.8162436561663498
1,360,370.60714927179606,1.3585931292988163,52.139890629874984
0,0,97.79764931809662,3.423893154149499,2.8468557505218683
0,0,118.42810795278233,3.5164174531200962,1.0955533463225038
0,0,136.4770967014207,4.03998601510252,0.20246510340717805
0,0,91.77850839273933,22.058954149277273,-9.37034348954316
0,0,75.02329265077005,18.069981014364664,-4.939454035540308
0,0,79.70103778821057,20.215386363640622,-8.229004624930568
1,240,396.52389532979186,3.129015522670835,15.738134000857627
0,0,161.46532888975804,7.827531958436083,1.0934661853763856
0,0,113.92999399640601,9.554689808036194,-3.428597856285265
1,240,321.05333849570184,15.94552878576112,-11.108404310626142
1,120,495.8439092717581,2.795636374027589,14.310896358241266
0,0,81.09928957692424,5.029919441071755,0.4781922742684799
1,0,349.7658286152136,1.8713361077983357,21.54229081417651
1,240,1141.4635400661628,1.2354556423822416,45.384083536258984
0,0,109.71872766123688,18.319949271269216,-7.44802598655636
0,0,88.8114424809505,10.361974254802625,-4.153381667667219
0,0,79.59040352646652,5.552934800238597,-0.021738253819762576
0,0,133.25858567874045,6.662993555379366,0.5806111112775056
0,0,139.7406232119216,31.693449555009334,-8.87720812342124
1,240,836.267646833094,1.7111753193973156,42.38417276272021
1,240,899.3015727250522,1.8879380582010412,31.017156077260495
1,240,536.7896161018596,7.2266584920726,7.0632378987816224
0,0,146.68652091788869,102.40879692639352,-27.115163927446105
0,0,118.73215237454956,106.63415461710115,-24.232794660860115
0,0,113.65776989050697,83.73451809316337,-17.399936982645997
0,0,116.03988385391168,97.07489659919142,-20.32221593689279
0,0,126.96732267200952,89.42717540975421,-17.77565765665743
0,0,206.1770556901,109.19148579276884,-23.817967459855772
0,0,129.00970630187177,24.295034223020505,-7.576225224213729
0,0,65.58486777279256,5.47310619002756,0.05734136825509495
1,240,254.2533246171528,2.6242353256448716,12.10389538615604
1,0,259.2268841979778,11.755512903640494,-3.704235199966618
1,120,1016.7550177145175,1.760645909845255,33.05677202541901
0,0,101.45929819884712,8.118483248724056,-2.6820705834013694
0,0,80.46810918247297,5.64255140023398,-1.2233722919921632
0,0,75.27006730560956,8.946821890739317,-1.4959607955066616
0,0,79.65698586535208,7.411785152075047,-0.892797701837992
0,0,165.3034348552268,23.64833020463755,-8.298240244872233
0,0,175.82497476702747,57.8514308087918,-11.521862968124054
0,0,93.27343975533321,7.015853474950125,0.79820952880155
0,0,74.54251907888347,4.878549884690302,0.6006742761190367
0,0,70.81155020114902,4.97290886771323,-0.9113285206684338
1,0,217.86421446860183,4.115038400351943,1.396986942507496
0,0,95.42480825044547,4.217241943692079,1.8308258019526704
0,0,110.31616060989563,55.18707609592095,-19.797905255373195
1,120,393.7038921033461,5.3415598849464,10.242316908677083
1,120,1227.7089070283437,1.8367866516943387,39.034316431866614
1,120,916.2053588481289,3.806193300231403,25.759761456499305
0,0,294.2737143460585,9.070928836260524,-0.503534259459741
0,0,98.30449582425352,5.060553611016855,1.3352069785024696
0,0,75.45365477104784,4.7104502297824675,0.5900693849320646
0,0,78.72183473351306,4.875560965073322,-0.751584090990022
0,0,69.145858123172,6.113498010867954,0.05151316946125917
0,0,109.37932607338742,91.67842388957298,-22.29943898264183
0,0,85.63618985704227,9.644807719881587,-2.361583057161454
0,0,81.86006945878663,11.402643508328193,-3.27211890879596
0,0,116.36860687476869,65.11201832151046,-14.391978750573216
0,0,132.3245511486517,10.15360991796521,-0.43715197346972445
0,0,136.0951735585938,27.2758678738863,-4.825024776175539
0,0,124.50797614287275,74.96149754638384,-16.261657526103804
0,0,110.30993711384589,13.85774496956008,-4.912352646951376
0,0,79.82814334277845,6.030785616648447,0.30105307538852344
0,0,103.79411812669711,45.34628928461965,-13.658973110249093
0,0,81.61140168219791,9.876928191983906,-1.7289355126590493
0,0,79.65529112462451,5.332523186098386,-0.7462578676136076
0,0,69.93062510456309,6.038778179023983,0.0029642206690709827
0,0,117.0329339039184,89.14803630813371,-19.748986429957654
0,0,174.44969550061765,30.99954370943843,-7.9260122629757035
0,0,287.30280929530863,13.864585552499907,-3.7001507052543445
0,0,155.52208287524417,5.012975461522058,2.996867141054082
0,0,165.64362996716278,3.513163663965803,7.642084246440106
1,240,663.0013904829483,1.8053276410095283,38.65252978123205
0,0,174.9083750947247,99.19191082191237,-31.21009444444897
0,0,91.77247760968201,19.5061695246453,-5.1236578779265045
0,0,111.79531217922678,88.39884266926128,-19.669616190535862
0,0,126.13204788251345,100.47791153614925,-23.120443555615616
0,0,111.86590181474912,8.107458900281719,-0.9627308034122706
0,0,188.82870336559736,6.142355253661536,4.897377775117803
0,0,189.4314529256356,16.878831570484977,-4.868046711424341
0,0,204.81316916236045,81.56024512290072,-25.781166897627628
0,0,144.5994845540739,126.09196356673597,-34.76774746230752
1,120,667.8560348113839,4.149980422891141,25.63937189954663
0,0,144.4327538074443,89.25306001264626,-22.415469279390592
0,0,89.77109650297446,14.248794383663306,-4.197824985940088
0,0,111.19998773742643,103.00886224737144,-26.37051774138959
0,0,113.38038787804577,11.186917873992078,-2.8654395614091044
1,240,1028.10613037845,1.5932218527478863,51.94041088294391
0,0,185.00397394901512,7.195130895068076,3.439028224524904
1,120,692.7837551200973,4.413874410052218,19.973527807558213
0,0,90.25647251456266,6.249120238488392,1.8601887218958666
0,0,94.20736659286737,84.11369214698887,-18.95096704714996
0,0,85.53459610185499,81.9635832201031,-18.973397422380998
1,0,189.52252681864772,47.345742945545716,-13.207427728448394
1,240,890.7825701979137,1.9038366604073447,40.944126821032
1,240,624.3152774972978,2.483520789398615,19.61571973002104
1,240,916.3581689150698,1.638747714554289,32.69908019482061
1,240,559.191118473062,4.318493851846193,7.17333431770129
0,0,171.880559246086,7.495743831919871,0.5908883974552168
0,0,160.20461182932038,33.23360229165327,-8.540821186328515
1,0,347.98613546615417,4.857798010719154,11.265871204555822
1,120,1370.6227763818406,1.4057886393257395,45.48449975555009
0,0,102.377518927498,6.9052142655110424,-1.5254346784368664
0,0,76.22324277027025,10.26300239055319,-4.047507126205645
0,0,235.9718446472317,4.972163442712135,1.7805807046447768
0,0,139.41983543192944,25.20820331310221,-12.706598928560553
0,0,119.01151819722699,4.762682322050442,2.6988839653698875
0,0,113.85753391125124,40.80622868061702,-12.584935939233162
0,0,167.76123968042413,20.311311551372267,-6.17259627807141
0,0,319.91274964590013,18.285430498518778,-2.7840719882211573
0,0,137.03620243670204,67.79035742399022,-18.038761466758558
0,0,104.08055764980267,7.39726876726257,0.23600762919437557
1,120,430.9153199266666,5.133509601257147,10.65851265318787
0,0,222.917194474426,50.09624929558906,-15.216322781060782
1,240,787.8718370924706,3.028459179068287,23.83481782948664
0,0,207.11937687886336,7.173439117781384,-1.3047610009871562
0,0,112.4861542489236,37.040431820245175,-11.377389159038728
0,0,93.42275264826439,12.658745099427946,-2.5350393416630936
0,0,187.2456681572865,69.27426937846926,-16.709953277570676
1,240,516.8811850334697,15.211602822637508,3.974725822092296
0,0,292.2532659891585,80.42607286167127,-30.794247440754496
0,0,84.96413163607848,8.358241168507078,-2.6620179864633684
0,0,70.53698519919485,5.144252836033817,-0.38342475195047143
1,120,360.32008439149433,4.281466714942553,7.473695271678537
0,0,110.15892948018714,43.86984962918306,-10.90098806814808
0,0,120.03168409887486,103.03426806411576,-24.293776748149035
0,0,88.31538223434066,14.962588457047914,-3.0619180237391674
0,0,135.15174143610938,90.19019460675831,-23.39772949224681
0,0,191.84981960373443,10.712052367392907,0.3561805441247827
1,120,599.2260410288088,5.33551300816694,16.89796141268657
0,0,100.24020714477498,11.463587868102907,-1.6635466096003597
0,0,86.16718783557437,28.01094175541353,-8.959775153659237
1,240,685.428603034553,2.4005981239620913,33.641039707585634
0,0,141.01866176956145,79.53911457513895,-21.405087875255305
0,0,118.1978726071169,119.92149784895932,-31.17340268341143
0,0,75.85655528990395,20.662338140568057,-6.028930913605734
0,0,109.84307288558962,118.07923320339722,-33.93698343042874
1,120,416.6636726775683,8.572216046787355,9.89642942631572
0,0,395.8589221453146,78.04866165164304,-20.18245541277946
0,0,132.79758219266583,10.678694147368141,-0.8788639210407467
0,0,115.73088557463308,58.439385229630865,-12.990801558048616
0,0,80.1864081317696,8.350854602364272,0.17110484969781226
0,0,100.31705428452219,50.76437751436667,-13.72000275310387
0,0,88.63009388704195,12.714913685466835,-4.446329237321919
0,0,134.43128958192816,136.44381953447774,-38.32365149213274
0,0,124.63495133276928,117.66209120690095,-28.591320395478007
0,0,117.19959663419773,66.4551622694874,-14.1376515843493
0,0,112.59689620322224,32.580956532099364,-7.425680154553518
0,0,155.25169521080244,28.257715333741967,-6.408958008303458
0,0,121.97347154668714,9.740178802346072,-1.3547736044175025
1,120,709.321341213318,1.774330121498973,33.63078884116673
0,0,236.073529090886,13.70491208794948,-4.93463507153308
0,0,137.6412985608246,99.33384118604329,-26.08656874158612
0,0,99.26081704511422,26.46313442450896,-6.486891012845888
0,0,114.083914997068,29.911484918797274,-12.027146139347522
0,0,80.22150456850913,5.8893177589498125,0.20045191778572757
0,0,85.74318524404686,25.96812168649401,-6.23237362435853
0,0,119.0825386029677,97.77976181669125,-21.271911155037827
0,0,195.4480659099745,106.54077614771465,-23.36367442313866
0,0,106.18933657358724,13.09351197518737,-2.7017427358124735
0,0,63.56198783137036,6.262969260361027,-0.6806681743879466
1,240,328.7154483700166,2.563885004619517,14.992600110905045
1,120,462.9578225390686,8.202299341220002,2.468292310462303
1,120,761.688353580831,2.387326671097569,27.38738768574983
0,0,109.23256946162057,33.660992528237216,-9.789746592773668
0,0,113.48282050155304,88.22790390169796,-22.878200787072117
1,120,582.6237487143642,3.4801307777338875,21.75578360118122
1,120,756.3960920547554,2.7481459879484773,34.909156426831515
0,0,313.31529970236846,123.13098385052403,-30.044238043659234
0,0,243.8570028062,5.685018515232774,5.662398879169814
0,0,65.29867764297133,6.97745461165222,-2.2911849678320806
1,240,194.1199106382437,2.8390197029880797,8.005482744941801
0,0,67.68324019498576,5.461912180689091,-0.7869812838457904
0,0,86.11843144848883,19.326473366996467,-7.447328504923732
0,0,75.75192913910045,7.90206362912663,-1.4671949621126004
0,0,67.97739390581782,5.291079902411627,-0.06640878201839939
0,0,94.4831672251848,19.2082431861328,-8.838952312662059
0,0,122.90089715474129,88.77690490274617,-20.092902998311686
0,0,208.92047250614124,84.01053110252748,-18.66536945439664
1,120,313.1941625825368,24.564136258221914,-7.362700733498443
1,240,426.1876394520692,5.17665400616311,11.706034954260488
0,0,99.12552118836796,12.914563949894358,-5.577628593586098
0,0,81.92235543154678,81.70187948291498,-22.792595484570796
1,240,271.09668954907255,37.61031194093663,-7.023518585923441
0,0,108.6803447137749,87.77394910054716,-20.047719926792098
0,0,93.79298831490313,31.640157984592104,-6.649198159129028
0,0,79.85082679559365,10.806590487053507,-2.3971704722806635
0,0,107.91612433819468,4.922739779746105,2.129083743128504
1,240,734.2134662987232,2.9950691476254963,31.26383208133258
0,0,147.0359775895198,15.328260932857221,-2.5947744163360937
0,0,99.41691456898488,19.61620544520638,-3.3102796084234285
0,0,118.76104798735611,75.67201572055056,-17.126724972823553
0,0,122.48082817547107,84.51928998293549,-18.945730650953493
0,0,95.15524811826535,5.89331516820205,1.0641561049508113
0,0,73.85830293530884,10.248326723037696,-3.449517021312275
0,0,99.17988892435079,55.015000239372895,-16.013132138914912
0,0,149.54328698165563,70.64237874682185,-20.46655236323228
1,120,828.7619972365179,2.664675083180035,32.85471371002795
0,0,188.40296635713796,11.262656122438635,-0.3343051363679592
1,240,870.9198914611391,3.363720841697348,36.27875672362451
1,120,242.07189102123567,6.7901336406447355,3.5700490924233605
1,240,333.17963350366637,31.51037822846935,-20.122218362689026
1,240,284.0285248654066,8.054630287522553,-3.006399542572481
1,240,390.54240145430924,3.6434711286471426,7.614406907109071
1,240,859.9098581216962,1.7401387130574266,32.36047399798771
0,0,112.41326339355044,5.316691929340879,-0.9698852740984591
1,120,293.32987412547243,14.077414317279711,-5.551335649616803
0,0,99.44662637799468,8.158532244727168,-2.12628340123365
1,120,417.73438606352545,5.521075552280196,10.268324519251223
0,0,230.9431464784541,69.11330089590845,-19.90463051306851
0,0,196.88813075001693,7.405180560222129,3.2284204751824177
1,240,940.4767667209661,1.5956003766807068,42.21735840558382
0,0,86.95274267302275,15.936849006511087,-6.982636651138378
1,240,471.7492078769235,1.8329313785651913,27.999248164019278
1,240,760.9401737278561,1.4932391299278092,49.66704347672395
0,0,115.05154960419036,41.48370990751974,-12.687597838023251
1,120,1096.2470866025806,1.8110476047058808,42.3092251909235
0,0,161.46537423399155,27.64784216904505,-10.486139731336692
1,0,466.76560454837517,7.154308498065038,10.103993619443116
0,0,143.1223054589006,30.719036491229957,-9.442723060783393
1,120,305.5867605259562,2.7313301565224553,19.635724771393186
1,120,408.37551764324763,2.2639220585147424,16.287897478016305
0,0,114.24197365903812,3.509205285744192,4.343524519295087
1,240,204.51403325387108,2.693227748566995,20.030319721099616
0,0,97.03078764091423,72.46063818048428,-17.43671328691174
0,0,106.94655126508962,84.18922373402471,-20.2839178545195
0,0,164.81345640393698,67.67821518145269,-18.941276279617867
0,0,132.42294813537626,74.60100063035817,-15.218446929669241
0,0,187.44686052138647,63.851329569054094,-13.249752182064569
1,120,404.5089695073074,10.2311900700767,2.3475117410792308
1,240,358.8699531316119,9.423484178424662,3.511587450125063
0,0,105.71119296724446,38.08797234006413,-10.053183291835822
0,0,91.2494148720148,20.34244793561895,-5.859770481886869
1,120,1123.4899020975656,1.4216583630816375,47.61182930296307
0,0,97.69827743035151,17.119143595535157,-5.917920371031187
0,0,67.92266908399607,12.367963470036107,-3.3774280674189754
0,0,63.715432717580455,7.26803409189122,-2.9663419042623502
1,240,343.0159313586091,3.60956421806467,12.97186900634506
0,0,356.6684679224087,60.424309420196614,-16.96735570372026
0,0,132.6378911382892,13.155542886658594,-3.04808992197718
0,0,91.09824853353875,6.080796324364128,1.6731209776545057
1,240,1051.6172061437308,1.3489535927985852,52.617052609819396
0,0,146.02474450187412,67.31339371747876,-17.61641520239644
0,0,81.24043483979376,5.586108017690452,0.5394808307596151
0,0,68.32742304839705,4.680941868177398,-0.17314989156899685
0,0,85.24674523948133,6.97437409320036,-3.8496019968997643
0,0,86.9071490462248,33.858968744992794,-10.631839417230864
0,0,137.5041209183875,15.826352835646668,-6.561838584642615
1,120,636.2165970906844,7.1333531212636885,12.84304626237973
0,0,164.70313388379833,66.73513884616968,-12.679439416502234
0,0,101.70916759762395,19.266711218785233,-3.2740634030444937
0,0,106.78365210619192,6.442431231826101,0.8846708314883642
0,0,108.36223224356009,87.28891386714734,-20.57923791851549
0,0,85.86500819541038,24.793497935858923,-6.610049360522012
0,0,93.19388896566275,43.64217192618533,-13.26460008651668
1,120,596.4439455815805,2.817516312467705,21.212413705654953
0,0,86.08313663072768,6.122587954358903,0.008612765102995468
1,120,671.6064110210622,2.383752962859876,29.120936012027798
0,0,274.0522266894905,101.27136861988085,-23.70661346041667
1,240,1069.6057170209203,3.125320885922069,31.853024406541678
1,0,340.6416619476023,5.685759879201781,4.6395103612131265
1,0,307.2154573774153,3.7979647467689577,7.20360079339585
0,0,104.63337187268401,5.874235085773914,-1.6645769801939991
1,120,445.67509465651864,1.5753614336235995,26.727474950153862
1,240,344.5750248116248,4.858484325142075,2.4311778332837832
0,0,75.10555275839295,9.291208241244972,-5.414576410104473
1,240,308.16575915127703,2.9348844264641865,10.143411899590006
0,0,87.68496702382994,9.949503347659473,-2.3689700217251755
0,0,170.68641885650473,98.38244785704347,-22.0477220885885
0,0,205.21639275888035,26.832392340426438,-7.589514362895969
0,0,441.94036220740253,2.6273896195130018,22.215815009512212
0,0,79.67122962270456,7.985094588752174,-2.6309589180044526
0,0,79.3258369280021,7.171794851011415,-4.337088818587745
0,0,97.26143108468126,62.392570744878334,-23.19621542388726
1,240,214.71900239939637,3.093628140279288,16.139302186556378
1,120,406.7843884892546,2.102841897571513,17.964421396875323
0,0,215.02373832072468,2.770739765584557,9.14101454656759
0,0,136.3468000464193,4.713309196372622,2.3751785125067357
0,0,185.34571076489055,100.98726242479057,-23.413935372301836
1,120,807.6099098755499,3.719315640766675,25.28139473555308
0,0,113.1133216787089,14.051602397326558,-3.7290222176836494
0,0,152.96364785982175,5.931312440549003,1.1076166081958831
0,0,117.35220265208783,78.46853266170264,-18.149560651262618
0,0,119.91265548590161,80.26417304908489,-18.71915479938528
0,0,111.3836318831566,4.906481212167753,2.103562256116504
0,0,74.06679005297529,5.899901711023464,-1.2306218738100654
0,0,95.1374278344945,28.254094698022364,-10.303124778097029
0,0,79.3470466932281,6.723174441121482,-0.015904771074161772
0,0,139.81049867576607,34.67645630926815,-7.971496519745742
0,0,116.70043597562137,10.122032234898265,-1.3577960248255465
0,0,112.86778265423263,19.829250798364225,-8.172365945990279
0,0,111.91135940884652,88.93457402234813,-22.644105872146113
1,120,544.1673496156936,5.027682263616897,12.197336789120882
0,0,88.36216614726834,5.916923301408626,0.4186104341965802
0,0,71.7817921016984,5.755242784555011,0.09780587085093373
0,0,105.1812775822875,84.90849929827694,-19.642609913078658
0,0,121.65142546421501,64.08392382823338,-16.53771758592613
0,0,175.21618308787356,5.521502863101041,6.2008441316535965
0,0,185.36338367990248,75.97268370694844,-16.816018041295692
0,0,120.83960497950385,7.812929389498178,-0.5410238972133925
1,240,240.0151899496415,3.593430865642374,8.272533667009384
1,360,442.5251214427942,1.4001073682406726,48.875380687886334
0,0,75.33453546960756,7.087644851432654,-3.2349991476656754
1,240,369.5229686484853,2.5102475696361015,17.03131778726396
0,0,91.50400573910622,39.470170782408346,-12.554431685709304
0,0,130.21209934195252,10.414839868076372,-3.6439453103585606
1,240,677.4961281679132,1.7890046609499988,32.14077785161403
1,240,472.9110178280095,4.593410833772244,7.506762241807124
0,0,212.78373318515168,7.12597061615297,2.3484839882034976
0,0,277.18812051870896,164.4796833925913,-43.95048681023585
1,120,369.80398953568596,56.52151680090691,-19.783786536264287
1,120,691.0547341519894,3.4886546584743083,21.5928582325419
0,0,107.4956245887061,6.181366881578985,1.0650490927986453
0,0,114.08362025955017,80.56375809359257,-19.276775512814524
0,0,83.03337417306838,6.927688017087624,-0.05226892710244613
0,0,90.09041059537739,29.20162733918358,-7.753015682277393
0,0,112.66321214473591,44.235162026813875,-13.349349388832508
0,0,106.6772518622522,27.297557395044052,-5.345996000181344
0,0,164.2205465425712,37.821037993546284,-7.411244398338852
0,0,166.25607185711453,65.41622391808302,-15.943294148472347
1,120,631.5721232845846,3.515548166640309,20.868724347226703
0,0,340.9933744948507,2.8887377907805103,19.309673243947543
0,0,109.29602871642288,62.47898228810448,-15.787317176400464
0,0,78.03523801767896,25.249553644276723,-8.522739503397858
0,0,103.149311790075,3.4774301913951766,4.682141284031516
1,240,201.8187720138213,2.7373853809789854,7.336185711015958
0,0,67.4764874942512,5.421421885865717,-0.5852135858016538
0,0,110.26886657434092,53.89105455939333,-14.95753067559771
0,0,181.02183202579033,63.28976644207944,-14.374874598718591
1,240,509.1109518343416,3.617844436879794,31.0128655084295
0,0,129.42592102129333,3.778446749713968,9.079868656774039
0,0,107.44286657301299,55.01230010425997,-22.68296405340621
1,360,233.7881117054491,2.988755145179785,20.453881294367065
1,240,842.362183882726,1.3829154401206964,47.44430689629054
0,0,95.05574586584889,7.645301716764161,-1.4283737685148452
0,0,94.30171093872165,54.99154371803095,-12.703243619191483
0,0,100.01584387734957,67.11622609733455,-15.47057597196003
0,0,206.2788988385716,4.999322722867024,9.921570468800823
1,120,533.4586287079488,45.53680403175168,-14.328021798442123
0,0,456.7046260163724,4.195683278012725,14.658041421122078
0,0,91.33569361233285,4.8632655135873515,1.68793189444429
1,240,577.7261633967913,1.4334505850080013,31.057398653882316
0,0,127.67947653145774,4.724655268801508,-1.748147961266838
0,0,136.5280069395981,6.590749599431888,-4.937134380716657
0,0,81.73043029517117,11.36375416259918,-3.1844951367214236
0,0,85.9195969845316,19.26890237120976,-5.556894366870765
0,0,84.45891185429888,11.299216240652122,-3.485960436616992
0,0,93.04003031332184,8.326062452691067,-2.2448288590212684
0,0,153.2248873251521,37.32392795807063,-8.846513647633941
1,240,635.0414105907118,38.06373971036753,-11.431185071930898
1,240,469.59571953889446,10.680591100579159,7.238200109535512
0,0,142.25246702740876,82.35780294658991,-21.738695453721064
0,0,133.62570392932514,6.901322894318888,1.5693917206084222
0,0,99.07936075865108,87.05099153386823,-20.632980991890022
0,0,71.14299954404603,14.35506076399488,-5.43497246390703
1,240,551.7944310696192,1.4990359148144985,34.89291355911415
1,240,421.92541753448916,2.0153501198098787,21.449663139783055
0,0,129.87698278417008,9.558627204258682,-5.332717429402635
0,0,197.27060935970434,6.413901578954309,3.760355899095032
0,0,103.64113801888053,11.896311593496135,-3.3724822885694437
0,0,123.32309731298663,64.15666142519248,-22.0475688539874
1,240,399.1998852705984,4.437435615776885,11.551680155379643
0,0,84.7256833161179,7.877737144466215,-1.0811864340199264
0,0,106.49758667301286,92.51162494067529,-21.211061166542976
0,0,112.9861764479367,88.54989140410777,-19.931700197946867
0,0,77.56053490505403,8.243138884802967,-0.43991548024142446
0,0,122.79789772831509,76.27517825533448,-20.790067593831992
0,0,131.58475997887695,99.5511443057328,-21.505467106884083
0,0,228.1415983550484,127.55283773740395,-30.108897761374728
0,0,126.31325477569226,9.343420479578292,-0.6063176891403543
0,0,95.9530005545289,41.82476440680985,-12.01777769287294
0,0,95.76185193815222,100.76372155981345,-25.587356830937544
1,0,286.6130781593329,14.07728165689816,0.7944209353879756
1,120,425.9061424504166,11.749452038861618,4.145281217076416
0,0,116.29520589676851,97.87932027446455,-24.92808345350481
0,0,148.661262287407,4.708915610878883,4.95718154116372
1,240,262.70007110818733,3.0498971418494616,9.933808101082349
0,0,92.77156411077524,8.624278478159196,-3.1763261472968907
0,0,120.26719071168624,7.368636686136996,0.09903174765979372
0,0,145.74239729584315,55.119341690494615,-10.550820584859238
0,0,105.51507915729805,57.86919827540384,-14.104198885742065
1,120,672.0525982788363,4.035828420695689,22.816547485370208
0,0,118.1131469067967,52.2637358300064,-15.349938069274543
1,0,285.8683671402219,41.51568918153764,-11.359640365069097
0,0,125.89782224429882,90.72173858453635,-21.254188780827022
0,0,78.43291261362263,7.047100860740557,0.19896712734052358
0,0,112.61889949253472,62.76562256721785,-18.39941231034385
1,0,418.981171108216,3.561254180342406,14.55173887956775
0,0,150.820112581049,7.289485365833128,1.2048730243331107
0,0,103.16139602830638,6.489029318910258,-0.3812688996314506
0,0,56.028394850891544,5.269339843965663,-1.205887695610656
1,240,140.10349044061434,2.490987448118718,15.984514103631014
0,0,141.7060690135696,38.264766213447196,-15.177242673826683
1,240,942.8150781547967,1.7864669671206068,40.34037192476595
0,0,99.67469653650983,5.224928397048155,0.34813308559077427
0,0,100.68921708108526,39.12649917355023,-12.743813800822565
0,0,81.18182174994823,10.504923486761909,-1.836463931022223
0,0,127.38256249041054,101.86380281033908,-24.258849827000112
0,0,165.07450315627491,33.66077954966548,-7.614555010297593
0,0,350.3753004578702,5.636014492249201,7.427196496170126
0,0,117.89335207089779,12.496966215352638,-5.580608742380051
0,0,79.2114957751683,5.022128125397482,0.09968167372655046
0,0,120.43234574620124,6.158068289262693,-4.810472773022113
0,0,70.50693330843369,5.319020705630618,-1.247107803308495
0,0,81.8986630695359,6.20068069896509,-2.7861115936014187
0,0,79.93775169123926,69.59734704238188,-17.386251547581594
1,120,364.93406420055635,20.681780557303625,1.6073252103101083
1,240,1105.238031912129,3.01908451210537,38.461419813892505
1,120,835.1807455557723,35.417618129121514,-5.591461979299851
1,240,542.7813124298827,4.784970168602538,24.550655910534985
1,120,321.09190376630517,4.4570188149581815,6.529305141102853
0,0,83.70887288775002,5.481876665660898,-0.5133254220753116
0,0,158.79883856587267,9.448593088600754,-6.846902498267937
0,0,120.12249726254427,5.875993963893929,-3.0928555613075446
0,0,69.40100445712397,4.890160826656502,-1.286293589577852
0,0,53.360833269489405,4.467003539185916,-0.5310900679002231
0,0,50.84783317604763,6.942387148344073,-3.0398152535173892
1,240,204.43821769543632,10.790449238179928,-0.41617468497332766
0,0,286.2645397084304,53.23108811266161,-15.388849090052247
0,0,163.88000001282552,6.862492207942261,3.533780047526804
0,0,86.19323809772794,30.248759950890552,-9.679111210774238
1,240,404.0495870775809,1.5703334246725122,47.78998302058143
0,0,68.38478917182097,4.9712614423627475,0.7941144661857606
0,0,75.37403029699792,20.602521845262313,-7.223912456509382
0,0,84.789885082744,44.69002288934614,-11.969212892225471
0,0,197.98353407112228,50.04388544539111,-15.510918943665331
0,0,125.00028982218853,94.31693960894343,-21.020072730093972
0,0,129.59196026836185,74.76439490275304,-16.004281519713018
0,0,184.01289637316623,30.517316905340557,-7.930065053977401
0,0,153.84476566940012,28.725623841148114,-6.912941327393398
0,0,104.96157343485562,65.10572281932204,-13.312308886978656
0,0,105.64409483770268,103.9734530282066,-26.23923795985479
1,120,397.6936858659763,5.320775522718546,12.396700289113156
0,0,98.60239610237966,24.908452217504706,-10.93520693976086
1,240,504.58659490281934,1.9529259650647726,30.227923906233542
0,0,112.31194170376425,4.185794213651958,3.67776773304999
0,0,107.20588627261242,77.96979460358536,-20.65487768799308
1,120,425.5300573776546,9.094944877579078,7.032020311769841
0,0,225.92653254790787,81.65464155766402,-17.320577311127735
0,0,158.60440249256624,13.129325765948188,-4.964204065595013
0,0,87.15659334281244,5.698109026556474,0.05149203365421329
1,120,373.42030551898125,3.037822339773621,11.554153044804409
0,0,96.22605219268956,10.510817397999375,-4.907179658176062
1,240,761.2433452731282,1.654687603920157,39.09983743371936
0,0,104.44665565513328,51.476729470134146,-14.927808446934662
0,0,62.8736907067795,5.37500519154817,-0.22996294091745995
1,240,278.4075629905908,1.9366062563922029,17.919349288342744
1,240,522.2295373764016,1.5328305829823086,40.631158358149875
1,360,372.01189095393136,6.7144039654881436,15.231910286220455
0,0,163.82984929055945,55.37526251798902,-11.673390852812062
0,0,191.62758751528418,4.786690692530608,5.819289974896577
0,0,89.9087729319802,11.940544355001759,-3.2722140199276737
0,0,73.16009809569525,6.517309443921515,-0.6866865954452237
0,0,63.70434038445719,4.864809157006688,0.07038216120449192
0,0,74.24041312309896,15.147945693427818,-7.220049887771125
0,0,80.410771399195,42.667885205626476,-11.800660114959271
1,0,308.70882436395294,2.831030299193056,18.300840037678626
1,240,632.8482007041249,2.5336876212368016,19.59752180015161
1,240,959.0744320311777,3.5415159851030737,31.88682056201347
0,0,156.5435410875472,13.410572091996729,-1.3954494650838285
1,240,880.6675413395627,1.8127807629560042,49.60267437635538
0,0,138.51049083698888,70.1825038633379,-17.955132362216347
1,120,845.5725556154905,2.1064372646470098,34.21862847472468
0,0,97.21120101000655,6.624056830942656,-1.8995490311125565
0,0,82.02670951694918,8.375995098345495,-3.456988529104194
0,0,104.04812518678204,94.64727298352045,-21.84932555176873
0,0,109.53024301857913,80.72777325267116,-17.983956319079795
0,0,116.29118159604417,9.089680877541083,-1.17666744236503
1,240,762.9148244089074,3.3949567212301965,32.086289741041
0,0,186.91270545059598,97.6830262274451,-22.332125508243536
0,0,86.10851239740774,13.636819409247808,-3.142778337557928
0,0,89.44424393174988,55.26314915390189,-14.563966096484933
1,240,597.6371790864914,1.8601855289419211,44.63858135001696
0,0,81.55739670008319,7.996455551632052,-1.963727909217667
0,0,62.98056706517111,6.411897685231632,-0.807773634030525
0,0,60.2421154426996,5.938976961776963,-1.0614825778982464
1,120,576.496971914704,1.4293550341469636,31.35581511361103
1,120,495.79579904000013,5.612260161887446,4.698785732082811
1,0,503.88983541064897,5.286171468294251,12.796600326388955
0,0,137.10267708303303,20.819160760592506,-3.577002925481736
0,0,128.67339945795962,97.4596514135578,-22.622193324187776
0,0,90.68638686053451,17.641830913554422,-4.299271575824832
0,0,204.78283387013985,5.722893054165503,3.337291017293225
0,0,124.96129378136682,87.57960434893009,-23.567925578511087
0,0,104.74311625384536,94.40463624321262,-21.819798829320888
0,0,105.70410793075796,84.5059770172985,-21.670617019215342
1,240,581.1638911163931,3.945682984077253,19.312801343390845
0,0,106.43268773879649,11.047105563708103,-2.591376835352932
0,0,196.0703021543652,113.45057351355021,-27.253133191912006
0,0,114.8578163665034,8.108595086814864,-1.804326936403811
1,240,297.331661437867,1.9266174711323794,20.02905157267665
0,0,129.91181849156692,3.2280110762741177,3.8607087109649854
0,0,374.44637750704425,1.863818122144894,18.015760272198023
0,0,88.13453809502994,6.802971465527387,-2.86194158534245
0,0,78.72787118459956,4.571695141518809,-0.6097099861717652
0,0,90.80169157833046,4.802570230447387,-1.4340328808522855
0,0,89.32308413980148,25.551140326378132,-6.663697322764833
0,0,106.10881655092543,31.67970702242257,-8.92196319484809
0,0,302.06902290631956,170.21566560440314,-46.40047030411131
0,0,137.83435163500886,39.83360969056909,-8.936272136220438
0,0,106.75964233454647,110.63344457842115,-29.251359945916278
1,120,200.57749629350263,6.013190969513048,5.2051996689834255
1,240,217.58886161059036,2.7837628186530123,14.161952325965032
0,0,80.4832201482914,5.00057667933073,-1.8849441884415086
0,0,71.33865991165732,4.7814054848805965,-1.20646893030451
0,0,66.60329358947935,22.054088130383928,-7.204187464580642
0,0,78.38769874478037,6.964887973467909,-3.2100219076851886
1,240,200.0114415544353,4.161375678930875,6.062182669506839
0,0,191.0374549882211,10.764218580695895,-2.538204428768722
0,0,121.76503544128339,16.74710432386299,-2.870469883486834
0,0,119.52337524118714,83.64065590973257,-18.874307474982245
0,0,80.92635233833246,10.816236791940552,-0.5892927965621624
0,0,107.85892258761724,100.51981416768777,-24.091253445002884
0,0,135.4347801417014,91.00979390771958,-23.615475860420197
0,0,108.00668810857975,44.50896222491564,-10.587131901369887
0,0,83.36370124618594,12.40707933111049,-2.839822963265391
0,0,113.17596473730796,93.7761039897474,-21.991712199907923
0,0,131.67074398167713,93.0363030668694,-20.01937152558726
0,0,187.26182204047575,20.30786960106455,-4.596847887223333
0,0,153.9934947553248,76.26573500205185,-18.05904127362234
1,240,383.40340532992434,3.297199331188054,34.193498000143094
0,0,105.44232433462543,31.74430450617359,-10.423033495439313
0,0,299.3580045451238,2.7556665681501977,17.970402830270274
1,120,659.1734302897282,2.438566066632851,25.11718008268373
0,0,119.36741375001704,87.40086118014464,-20.546340034843297
0,0,104.91033445098522,101.79035769134505,-25.6419664724011
0,0,78.74051655772068,20.93644156239909,-7.65585966122363
1,240,551.590744772676,2.6249617991628873,24.613630047638296
1,240,633.8467260703285,6.212051137586507,12.431024839761179
0,0,125.10229167547743,23.610010305852473,-5.332484935525088
0,0,118.90936897517918,75.86270012857872,-19.56842851428746
0,0,113.23256567679135,88.15196079674384,-21.689412035633907
0,0,208.482039112298,22.586523730318234,-9.566811383969693
0,0,71.20613005315538,7.179325358180463,-1.0754480624060534
0,0,54.590636898729144,5.543685574044629,-0.8644387327296243
0,0,77.0009417192624,80.0351452785307,-25.023559177898143
1,240,229.2633240037084,3.1648527771726065,25.118606749659563
0,0,94.90851880765935,15.795342794620508,-4.353796674060206
0,0,122.13190429858375,8.32696129445994,0.16299926769441697
0,0,113.27975768782065,8.606895455918178,-0.3240119983349672
1,360,152.94843486947792,1.7256063097294911,37.249450366073006
0,0,66.29757143107213,3.9564934514962737,1.189021169046157
0,0,62.545109386652214,8.859044938279927,-1.6216237363181136
0,0,99.64903170034111,80.94834685686911,-21.912019639428635
1,240,983.4278222782076,2.287295554311773,36.72920304345864
0,0,151.81289056565464,14.126018554215483,-7.090339439909727
0,0,89.51188052406464,15.532956804041548,-3.966525281496345
0,0,130.56211148044417,94.98404625253794,-22.831390258409733
0,0,146.22181054072433,11.945363446413193,-1.738451909782981
0,0,105.63415311450481,8.499486571892433,-1.1913990998783675
1,120,341.7524823081023,2.578365742594774,18.055939441398692
1,240,806.0596812201861,1.5021917879728852,51.494720119695856
0,0,120.43124614853853,88.18799388323741,-22.6235090281766
0,0,58.72833788305161,11.142403547595,-4.443687261440772
1,240,200.8629382434709,18.138847094066264,-6.025792246258916
1,360,563.1847664955409,1.944281381426172,45.175039836638135
1,240,702.9854368086928,2.3495696764825063,39.08387989939716
0,0,249.265572291238,136.35880137648365,-39.58073532009891
1,120,803.4274484647202,8.302411904260458,17.358827685395994
0,0,257.65677209621833,20.91937981291883,-5.488768376799186
1,120,765.2417997843595,2.3020537961463963,33.09576758942492
1,120,525.3271380004177,14.33814701657295,3.181298193366061
0,0,128.79139648962044,90.37709593778334,-21.065794764693308
0,0,116.1647051927163,105.09546746181529,-26.10648923973006
0,0,224.63945915174043,5.182387281020196,8.752675795747749
1,0,316.0708234287578,26.955365806769223,-9.714138527006654
0,0,192.91758561451323,6.934450989191984,2.350798359075398
0,0,138.2596578732499,87.67659262461729,-19.337097106133157
0,0,164.41446115719222,33.795006587150695,-7.501726788316802
0,0,129.034158179794,15.249928136132036,-2.5172324242240762
0,0,156.2049897040761,118.58129950292374,-32.11661977669588
0,0,367.0081774578197,4.555768676120122,11.510327948887735
0,0,96.09892963403412,15.702626724690186,-3.999470720734408
0,0,112.47657527959385,89.57450604411098,-20.60447407213232
0,0,83.87105787496988,12.797606225751688,-3.249614558240239
0,0,170.25361948367558,15.73505180978622,-9.154943195952242
0,0,93.97722760369817,13.79562020312504,-4.4592432154290265
0,0,122.36759228832918,4.505074812562033,2.051642146099965
0,0,120.00180224898939,7.902615929490637,-0.6536671808824934
0,0,123.0805283358055,8.898462218180418,-0.6206477663197632
0,0,87.34330389233398,12.89497172619731,-2.3330919892590316
0,0,76.69181307531247,7.801097346896059,0.15472988318639125
0,0,107.28314151046125,87.48010364805761,-19.73083605565408
0,0,116.25803496134571,101.45098536179107,-23.72400822961822
0,0,90.00981688833612,17.30017538151525,-5.341990764745503
0,0,135.03773469699775,7.516308898414957,-3.513827998211468
0,0,103.14815551212041,8.318351906432772,-3.8508173058050943
0,0,171.07408938092945,12.332558489838846,-4.649972738241686
1,120,1023.686427937877,3.191637539923798,38.850995009424736
0,0,133.1037577934082,17.467937519533965,-6.06302297037621
0,0,253.82910664051607,11.5945877387553,-2.3277129263649954
1,120,757.3357152616247,2.2362874119926293,23.927889355828114
0,0,140.83229696982045,4.22243374760406,1.7224043957416484
0,0,103.46057728102927,6.101528344400622,-3.6992154457924045
0,0,81.44923369906563,4.658302065510985,-0.5619906178062735
0,0,71.72856930761178,6.730453164301054,-1.4355916466221714
0,0,70.95060962927693,6.066468100705076,-0.20484831819115357
0,0,116.55053927568372,69.56577567647597,-17.047835573012136
0,0,139.43627271657815,15.707427767070117,-3.1109953677075737
0,0,169.64625614787735,66.1223381285629,-16.483150216076666
1,0,285.7088234546042,32.912470313336726,-7.449225443606409
1,240,1386.2581029166072,1.807009021100526,48.84582226172792
0,0,99.0684894786662,5.030731647489413,1.567072065784771
0,0,78.05624940188335,15.084416712341804,-5.231027777736813
0,0,64.26100886718719,6.827615613142263,-1.6548122373372394
0,0,62.45868327757525,4.731326642070989,-1.1024120682491656
1,240,376.5427774550796,1.83959192241577,16.623565797669357
0,0,82.9171909107481,5.275711152086398,-0.4614687194799245
0,0,136.33527127504846,17.352163811857924,-6.119334044307237
1,240,833.0969059604203,3.8708986269456576,33.108776678663745
1,240,719.5397095798465,2.7939754119034794,35.00533491680925
0,0,162.0149803523518,120.43520216399929,-34.3656493010986
0,0,124.94221519511596,102.287399140501,-30.7360394281408
0,0,97.82867610987832,37.916069754218505,-14.814890397773922
1,240,499.8758278273225,2.436679942840735,24.495734515917448
0,0,82.74837432937689,6.935954473516226,-1.2876938367948725
0,0,71.83521894483583,7.757171418925995,-1.3745038802980076
0,0,107.66812538905029,51.23826566590993,-12.779491043121737
0,0,257.8907710132654,15.219634641656565,-1.9912942855616933
1,240,696.1774989331909,4.133050431340859,29.61120219234276
1,240,919.2621043177493,1.6074362547020198,50.77454919820242
1,0,326.6582485118538,2.8995712707146977,14.970745686416095
0,0,113.56926928274676,28.569434742129438,-11.739456101696334
0,0,254.97672384651239,6.079768883245791,2.763432720098379
1,0,398.02560565529603,3.596626221057175,9.002226269578529
0,0,135.6167465507916,4.948252988227875,1.0105556982738477
0,0,99.51676257118187,36.81897020369725,-8.621079129646375
0,0,119.9672045988185,77.24251248895818,-15.340944783375065
0,0,189.42605696184748,93.70756820732231,-19.203740731555754
0,0,165.24382986027317,96.1296688193532,-21.433526103640105
0,0,249.79612249546415,10.935488547987317,1.6024164191229175
0,0,278.455559861765,33.115821531674044,-9.715290428490846
0,0,120.72248082433816,86.68567913623741,-19.275797981738492
0,0,112.27005496805604,92.9311421897174,-22.155498852684516
0,0,75.07471301157449,10.16402420914273,-2.826692343136031
1,120,382.93332166108866,4.2747037428381915,6.672172628852422
0,0,81.81298514031191,5.068041251736082,0.26815519171631763
0,0,81.25721220619381,8.95411730927303,-2.120655992606771
1,240,892.4431667176497,2.7632737837031347,38.393140589219826
1,120,399.14769405782414,8.570599756016216,12.193690862404878
0,0,165.3351418105112,131.28032372350646,-33.515873610778996
0,0,127.56446088315043,121.63035849287276,-30.15951801925774
0,0,141.87760624895162,51.05597766733719,-15.901915522221628
0,0,117.76836069121748,77.33269266996227,-17.346310156210222
0,0,98.62307307286187,25.33615109252736,-7.331081566152719
0,0,83.99096503246747,15.278281359720882,-3.5489345737203024
0,0,91.44707605392988,28.984472221552387,-7.048025554197082
0,0,89.32727848140149,5.809268950554434,1.4527114977929045
1,120,929.4081486318236,2.562790556471724,38.753875976033314
0,0,136.0012203067536,12.773311326896403,-2.0747754394545552
1,120,885.4520834829862,1.771706017931258,41.92869612080834
0,0,155.8284285168622,49.331082263836045,-15.86005077240877
0,0,91.66086844691742,8.103023350789734,-1.2742144758491918
0,0,96.0079124213139,38.667180200236594,-10.063973121334485
0,0,68.45624601580926,5.542858025950194,0.6238919601626662
0,0,72.66602732733081,18.753239736251654,-5.637775816496571
0,0,90.94331295565189,42.273077080712646,-13.431932270925785
1,120,445.90707575517433,4.751976087788354,10.407641191416516
0,0,154.40302120030307,8.70377633986793,0.023106644787034725
0,0,230.8176789843219,25.851867874579977,-8.580471960352952
1,120,293.3346579421081,13.522449013771164,-0.5233437946166646
1,240,751.6663257454163,1.792352530681004,44.97124838506902
0,0,188.7118399397744,3.426213357149274,6.556993048337404
1,0,349.5512143579936,1.9631475828309914,16.08826978043591
0,0,97.85254984882324,3.4445683197367565,1.4930439015946888
0,0,58.243795071754214,3.9947379955748246,0.8009307639591441
1,360,230.5689431913829,1.1785820160502487,43.593045814806985
1,240,437.5976089311023,1.754687811739503,20.807166309195694
1,240,559.692126909154,7.6322811454375366,3.1342393189708417
0,0,362.6228912904837,60.38751105476728,-17.673962721039842
0,0,141.7113176085988,31.211587341347833,-8.716475594763281
0,0,120.18638728756497,56.127640006018666,-14.699890471618815
0,0,96.24222874799555,5.984803452764346,1.329933594643677
1,120,639.0257177010869,2.0022950297105044,24.12547744802825
0,0,97.57888606351014,15.520676243006568,-6.726951509311547
1,120,875.1880534733094,1.7623686899022637,34.26386966971364
0,0,109.55837911547434,14.113873360916777,-5.7521997919095895
1,0,420.17780543064055,2.933900303021458,21.218722744059164
0,0,223.16529544809578,85.85831153211704,-18.97295885438473
0,0,203.65598432309278,92.95510408394145,-25.14376908049089
0,0,94.2479836900372,13.674888426494986,-5.5128684807871196
0,0,72.62184503980097,6.959030611519236,-1.4930757578444371
1,360,238.11175238732338,1.7093426658610291,41.54881169280823
0,0,165.81267326970155,33.17708716420952,-14.233703259484727
0,0,119.87330802727016,109.73747621536228,-28.93777326067795
0,0,69.2845037851691,8.037486414948955,-0.9688971751188973
0,0,98.47652051014583,80.46092915131084,-20.036338294696066
1,240,814.4126331641977,3.267182212507479,36.83908810430782
0,0,255.71977980110012,93.4676099432896,-19.685362366787572
0,0,324.81344104346874,139.6438550631472,-36.86567710211498
0,0,117.77316717996993,14.762685506179341,-6.759490084263902
0,0,160.08431357780876,4.686295662147123,5.366888592910385
0,0,83.01248181747698,54.21142125877413,-16.400921358751475
1,240,230.36258158466242,5.37938749639722,7.222749834582501
0,0,73.5281742432129,5.309971372460551,-0.8798731558273545
0,0,123.83430820161922,2.7342060440796443,5.518432329453674
0,0,69.79610009978656,4.324875538160042,-0.6819521746661934
1,240,280.86934677227896,2.240542696782473,14.50037886843802
0,0,137.96249443891836,8.29755581233444,-0.9986775272513313
0,0,131.5325347579276,20.260938509349153,-4.824015541388931
0,0,85.24438733933862,10.706116943382982,-2.843743655473034
0,0,195.94152453118653,34.15457217315079,-13.87693612044474
0,0,91.14563325756049,7.584980951027893,-0.7994566939566283
0,0,105.6494908014908,54.291147440731386,-15.53719075182758
1,120,1351.4478789790005,1.5795387691586373,46.66450129520756
0,0,133.32930001090494,5.464380385747194,-0.3315152098374483
0,0,82.8493162612074,15.452894910098328,-5.146917833584226
0,0,115.49282834868656,11.279727798886219,-5.097016193140888
0,0,326.7935783767752,16.06537435494435,-2.766920280800676
0,0,161.11287949871502,77.80476147912997,-15.397483067231875
0,0,106.92801680964092,33.47034782807836,-8.340073290974516
0,0,249.57250740789172,5.586941882945913,6.556158183958956
1,120,815.6136205330395,2.0643640697607797,29.998589831845393
0,0,111.41758337799992,22.04159459077721,-9.221314914038715
0,0,157.8034872960151,11.669966811474936,-5.292437865118487
0,0,121.22300180991992,104.87744960047823,-26.661816718094457
0,0,196.38614741290436,41.70776336499157,-13.747854462843051
0,0,156.1152761380694,10.145444536113029,-1.4524580206474837
1,120,1005.7740046845233,3.1796049274590974,38.79630610868473
0,0,278.6894907624618,62.53494872499053,-17.307272320590215
1,0,307.74095169960464,12.052138809433165,2.095942797675235
0,0,192.65719635356126,105.00642075998964,-31.764275305280947
0,0,133.58794351886667,79.88837777395685,-21.283086713015138
0,0,93.08482474800411,18.21080136305811,-6.476925479822157
0,0,70.85618026298481,9.24740143688283,-3.626751331323973
0,0,173.19246994616054,2.6817934614966346,11.246806706597383
1,240,339.00128895601347,7.707889440857267,0.4246816947714933
0,0,166.92958109355075,21.166456614976525,-10.003191824212536
0,0,144.80456518619764,12.149128890023515,-2.086991935929049
1,240,460.02840367715453,4.890077349885798,18.420648359937445
0,0,95.07216047838082,7.655272001766693,-0.9197511397775742
1,240,831.9105194347699,1.418295490093195,38.743065010727605
0,0,98.70675585581125,7.428078915264829,-2.190525686759912
0,0,90.66908803544906,38.36019144300619,-9.409407744921978
0,0,102.25774213467176,90.71386198718822,-20.349386016854623
0,0,84.65469125052313,19.42583689522953,-5.8858256480268665
1,240,889.9189439264132,1.6931751330853235,44.54394577395384
0,0,117.08688220574123,16.268364592651597,-4.82368793637967
0,0,155.4559823188397,7.651957297131076,0.8075621234208512
0,0,140.89020155601733,23.655437913243627,-6.025977184570593
0,0,231.18891222409795,3.965425917187355,11.663055290625792
0,0,167.6001996351005,96.24920394519457,-31.50975791679359
0,0,87.54706954168581,9.012094408268569,-2.118241226651392
0,0,92.44171882013877,29.551491570750546,-7.237740558271369
0,0,112.6889903414884,78.77073120597201,-17.997578346723046
0,0,81.81298514031191,8.374803862266264,-0.8459079138991683
0,0,79.07393837477554,11.918024578394844,-2.756833216886406
0,0,100.22484678567224,26.060556191532875,-7.485948908354516
0,0,171.68815232722932,78.78958161447426,-16.289958371742784
0,0,192.09227522033177,80.42281681638805,-19.29315576327771
0,0,87.96306887599818,12.64769999459938,-1.5308877166555845
0,0,104.80581599273631,108.37790042910454,-25.823285277125066
0,0,111.20898856777887,120.08247355113272,-31.279853175615102
1,0,314.1335817403553,30.623311647748004,-7.246585893521484
0,0,95.61620626010647,33.25604806723102,-8.647757802094318
0,0,91.35494790748857,102.48387367783548,-23.538626065989035
0,0,95.00074897862605,98.23781013818703,-25.068488619733138
1,360,357.5323435871935,3.669759317419094,39.29677031590097
0,0,182.48340136857658,34.00085218164179,-8.122046873357718
0,0,177.34565031819872,78.85465198285068,-15.860045488457018
0,0,90.8516495876041,10.086156174978761,0.3639796569259772
0,0,98.21810372335169,35.365149594540846,-7.053563135643984
0,0,119.01876193853079,94.4272047522046,-21.67790887264735
0,0,95.75726083450897,17.562700349636785,-4.3077153307410185
0,0,83.04489727641004,5.276522004826693,0.365823756091018
0,0,80.76857140979263,14.11814646912523,-3.5628577866140176
0,0,97.93259375703316,31.436730960322475,-7.975501755181568
0,0,104.37673484705527,25.52551972615892,-5.302276583299914
0,0,155.0452542516733,32.05476589706527,-6.89315292804352
1,240,817.306230081636,4.569641161733712,30.6689436561237
1,240,526.2462656137388,26.455508708698733,-6.760863911722112
0,0,254.9090475779933,57.524718069934366,-17.233703860203462
0,0,117.62892717316309,94.62255302997326,-23.570261085190033
0,0,164.2333109443053,49.98824750087843,-15.87126331804842
0,0,110.18144289212665,120.8010127148996,-30.747605998548515
0,0,144.06205336241206,73.60572649596705,-21.211515586394526
1,240,548.7964517266324,5.709654992009262,18.02667691653896
0,0,154.60719494775654,80.1347326147544,-17.88985442214465
0,0,197.58761089619807,39.04787037270839,-9.566594741947426
0,0,209.98937212275789,7.1219777191586084,3.1467305809369748
0,0,87.75427001672632,15.469185965933386,-5.1983571039904035
1,240,696.0266840125247,1.5055748533153221,42.526374472547744
1,120,298.5182973568018,11.690402827394772,-5.084128634792592
0,0,85.00956655805912,8.100967566101485,-2.743533510300651
0,0,77.29928410366529,18.18640268227168,-7.619976344805735
0,0,63.468210288434996,5.2855749478030605,-1.05700707075556
1,240,304.95073963457736,5.107167491003579,4.2991181886845595
0,0,107.21909278062326,19.91930102634148,-6.254328443930959
0,0,163.39650578692815,8.799978580233153,0.1386508179736552
1,240,504.88822474415196,12.368652040587966,9.231792837844225
1,120,269.6702959954345,68.61999920608004,-23.55942370012552
0,0,127.3082432916817,116.28959953369932,-30.06692733252663
0,0,109.30211617977209,96.46018990385787,-24.038598865691384
0,0,95.94409041264348,51.49024458492397,-14.732703812062809
1,240,570.4936674629013,2.9676454491590807,23.525336774767638
0,0,111.73238571916825,13.608764897130344,-6.016328688652607
0,0,100.44548048989115,39.19063460209476,-9.092550293542786
0,0,121.41401439359605,68.96158795670264,-14.13293301542555
0,0,152.5577829616997,27.453878251992702,-5.510242356761253
1,120,874.158376618682,3.861492374177609,37.24740019278923
0,0,140.59642760314094,49.27471152864432,-11.228059398283847
0,0,96.05378944957131,17.972370047090592,-5.7637452265102525
0,0,247.0432967509688,3.868930380060201,6.914219891180707
0,0,81.06835347360956,11.897063335658256,-2.951430592389073
0,0,100.61557804585914,86.44520827971,-22.16098887856556
0,0,97.78007842761009,5.743364716922559,1.389098002526353
1,0,177.6861061594774,15.239710579397906,-6.2386086874380595
1,240,467.7971405165766,6.038305294398591,8.203884565713338
1,120,475.2611187625536,19.19684161293204,-2.4546228797923533
0,0,202.37442025129724,20.436734271290078,-6.669742163580921
1,120,713.3448257414489,2.141958435484576,28.29275054860902
0,0,240.1892664621003,3.459335134861344,8.327064049196508
0,0,252.5727086183206,12.811300025953392,-7.001135766258258
0,0,85.61553555867681,8.574955889769585,-2.988254452220673
0,0,63.39063197292237,7.0171521027668025,-1.1847413206578494
0,0,89.01205103804396,100.15756288579995,-25.814054213396297
1,120,314.0645904890643,18.205312652577895,-0.4857960333936404
0,0,163.97100588948737,93.97662151013866,-24.957895509347814
1,240,859.2276994727172,7.74989856168166,21.44480190416172
0,0,106.15709682355906,13.489906609970356,-4.387904582685962
1,0,144.17187709598204,3.8396521436068007,7.8150491234278405
1,360,196.57657052154482,1.496994343738559,49.60522124110484
0,0,123.15086857804351,23.437887521822507,-11.426001515252068
0,0,100.14778426081584,52.78918284494255,-12.813583099892213
0,0,123.2471003776178,119.46980278655276,-29.806058634020957
0,0,119.01174491839456,63.774765577416254,-15.985026799491138
0,0,92.59860420006672,15.09653753944798,-3.4386743522960046
0,0,83.35785750809188,7.645946067188835,-0.49156082476632434
0,0,124.82926270943352,11.683971957470076,-2.3874215812791846
1,0,325.24387118009685,5.154830019720655,14.263457039319178
0,0,138.13343086320634,29.604358988927444,-13.488792875840105
1,240,212.3803508838145,2.924021165628018,13.52582794120302
0,0,51.607071353970554,4.7449536608561305,-0.8082174859785596
1,240,197.1699451613041,2.9196663855520115,8.981724536740742
0,0,137.07587864102646,56.284078181672086,-20.465617103770356
0,0,71.84453151679368,7.538848980182314,-1.5156012442071898
0,0,128.88572383138714,32.563564485342596,-13.99006552767598
0,0,145.27979542553717,78.80591237817863,-20.463387276126653
0,0,195.2149738775977,72.61066173034136,-16.056872691603388
0,0,199.69650318056642,101.92703217750214,-22.15309993858442
0,0,129.34452812213638,22.564597766847783,-7.081694894826569
1,120,871.1106093072973,1.8997318594176615,31.859428556077617
1,0,654.6684806901497,1.8053429826863063,28.579468339135957
0,0,90.66824349909987,5.50868759950777,-0.822610970579106
0,0,71.83363189666285,5.691295968389691,-0.8106692395962654
0,0,71.78213218344975,5.330168689938754,-0.6756325683584521
0,0,79.15354584473789,13.190798962345953,-3.8304740915201734
0,0,350.8462910113762,2.630273854747261,19.240168142466004
1,120,1002.8543801770481,2.8154070575236276,35.27088519657633
0,0,216.6195606028864,55.09516681769883,-15.304533071780938
0,0,374.4272649126183,3.982896477231167,18.61823645213758
0,0,116.65628202823748,56.64194354890455,-13.449432719162587
0,0,97.29242386828783,68.65938941243327,-14.413563693522292
0,0,85.55414513452855,78.73497968436988,-17.440919312514538
0,0,81.99958799727885,106.2139731636997,-27.6958596582214
1,240,325.3930763804734,11.767584998361608,5.046596572885676
1,120,386.9983868513515,21.300871362389376,-2.362481328961053
0,0,138.7440929919927,57.54340603715309,-13.858363030000191
0,0,194.47722319833107,94.4705513062634,-20.563449470649672
1,120,484.789982714274,4.14984776250959,18.31906967125863
1,240,759.5680118775003,1.631617444658832,38.01229448199895
0,0,198.36959487525726,2.8384992140420975,10.146561134840354
1,120,651.1096838670666,1.5165997657898938,26.81124672139366
0,0,90.33438524379744,4.461259886135716,-0.03680808424589088
0,0,101.46324314716281,14.32238930961882,-8.926750455144742
0,0,97.05865167240835,45.494038656507286,-13.400075325750777
1,120,467.7622254567711,3.9467641210643127,13.159692355688435
0,0,205.96715723316544,4.10677013902019,8.880695379045207
0,0,185.24606681174436,52.1517776875902,-12.724574932455965
0,0,259.79529683718783,51.336333273681035,-13.739954954958392
0,0,113.51034445129581,82.77745014865886,-21.210284425633915
1,120,362.1986052974967,6.373225379106449,10.826045627763946
1,240,365.6013726130596,4.495255688198343,8.904272371808673
1,240,265.18164764780414,2.9503616965913304,11.860273506202574
1,240,284.9062305214131,4.789724283500559,7.507501995053843
0,0,106.48945871915554,64.29633205057915,-16.641489114586307
0,0,76.62677244036637,5.722153946325435,1.459607054842735
1,240,927.4874575886536,1.34815548718679,43.1847865658432
1,240,1206.5867468614947,3.0043431912377816,34.035159101633454
1,120,666.1543110718511,3.947017709956937,23.30332625752206
0,0,122.59991346873623,11.963026228642516,-4.299689008014056
0,0,87.94545830930733,16.1154116849815,-5.608497439781573
1,240,838.9279930133382,1.6704783631632272,48.09923158142287
0,0,142.41555889929887,45.40251201775305,-15.992984430845183
0,0,88.83310002048245,7.20560971153322,-1.2103579188015772
1,120,637.2931145385314,2.2111631601397597,27.670723747148884
0,0,126.25723197518617,62.740137334734904,-16.33693270290979
1,120,1020.3230647612376,2.2080018722719217,40.355864471333064
1,360,1286.729414812011,3.1623963039849805,52.28757708163177
0,0,227.77709873394912,5.569685655151206,5.294604132801865
0,0,104.0485219488253,5.0892781934288855,2.0508812570461856
0,0,105.79101015428682,45.508113291273716,-12.211630031177123
0,0,82.14007576876243,6.437312526491708,0.16082756352010108
0,0,394.28252986721344,2.0381546198887617,18.762921619293394
0,0,81.05229594691656,7.696649406488463,-1.6929412332541318
0,0,111.7907890919338,96.12236979101318,-23.941115239628367
0,0,119.25815681936596,95.52136592039709,-20.32959233355298
0,0,125.07437096369142,60.31379881010699,-12.085734596488109
0,0,132.38314723440968,10.756243616126072,-0.7131539098226796
0,0,151.13176349798812,8.532722058502975,1.3188742836051404
1,240,792.3677178453464,1.8556466487445789,46.666244999289134
0,0,157.98989743998962,74.30508314905201,-20.508306150058118
0,0,363.70085975380306,5.057119331547527,11.212387044817632
0,0,137.3707861997407,79.13240491885172,-20.033220763156294
0,0,115.52797012965962,61.58364203134193,-14.387645910128114
0,0,101.10729091408086,9.929870513641543,-3.50057584719157
0,0,82.0066446936194,12.254255474015642,-2.210361641675661
0,0,118.40424554989578,67.81322193709885,-13.940893072575847
0,0,167.63277946688004,34.94658533436211,-7.703050634412904
0,0,179.96797535864184,107.60416010738737,-22.069930537845522
0,0,120.26177207578137,100.81267053325094,-23.432328808386472
0,0,92.16850280913162,6.608725983583585,-1.3599518771445815
0,0,49.35741356468834,4.591338804955642,-0.5539114555616891
1,360,129.77187485088552,1.605204604763059,22.793615134721747
0,0,53.56723455241423,6.047986343671281,-2.538611293054416
1,240,381.1132948163188,1.9724676514736104,15.621844790472522
1,120,745.7366149846063,1.4686279217954261,32.02608439466114
0,0,100.59836990924072,6.991309499460093,-1.0172189139853032
0,0,128.85468570354706,14.136843460859705,-2.9872187976752684
0,0,198.8308590906746,8.33686118823961,-0.8595563613012445
0,0,106.43922864448082,5.23868942989221,1.2579925913996988
0,0,94.80152342065476,26.213245583343024,-6.93136646718861
0,0,78.5199735419688,9.498301926264539,-1.544435768974168
0,0,78.37762665691115,5.2450129080794605,0.10386656352231682
0,0,85.58946829243567,45.57852256316886,-10.715827830492913
0,0,97.21987309466603,95.83527467630593,-22.955203816104387
1,0,272.77918733359553,28.79566852260689,-8.038216978648535
0,0,107.0574859323807,17.914497632477776,-4.9013567433339915
0,0,206.49539488148238,47.05975604137278,-13.390971076864304
0,0,212.86521677277565,11.847206495936142,-4.0599614005094224
0,0,104.52858134903403,11.414540527443725,-3.6874005296518675
0,0,100.29306718499349,22.168717529462647,-7.616420245269694
0,0,193.83673589995115,3.5743636431491845,9.945263708503063
0,0,106.4092107618948,44.039286717325304,-12.029724707807532
0,0,110.90571499798138,68.46775923515432,-15.789425473153628
0,0,102.26565470341988,46.503531817916866,-10.251664371883805
0,0,85.75403385191498,9.161454656217895,-2.3215571225618845
0,0,179.77469556329,20.755099333077137,-9.073644314137198
1,120,533.156545424281,6.880444677127216,10.44548485393824
0,0,241.27997665503702,25.929410123725305,-7.911460259822277
0,0,117.2946268115839,30.398301591606486,-9.331934444182863
0,0,89.74364623761115,20.235929771297904,-7.022371968391013
0,0,115.14491338099491,102.6367273158323,-30.239728407009736
0,0,86.57839768522184,62.185512255470194,-16.010733224814814
0,0,103.6487105058773,32.083749031853586,-11.889065911894619
1,360,414.40271850611197,2.3644777252786087,48.47647403354186
0,0,167.33900551400365,88.75917353419713,-28.740560329052933
1,120,619.4500679624535,4.601885305288924,16.38755280825363
1,240,900.7841477840136,5.525920814787311,20.983343828854913
0,0,159.5248904328928,54.79000101265028,-11.865092622748975
0,0,81.92917973869058,8.195685273625545,-0.2366312880414938
0,0,77.29128084645014,6.028294850300964,-1.1438329661139761
0,0,81.87905168854127,47.13080063917685,-13.938562849848665
0,0,56.47661693114453,7.488387046679045,-2.5946106138314633
1,240,280.817971755708,13.547011940744275,-2.2776052118029213
1,240,829.5772865550929,2.200091207376832,46.337974212103305
0,0,141.608000772538,83.33554786158484,-19.611550844619742
0,0,114.63167333791257,16.675337764798783,-5.499906947114155
0,0,188.92561532867435,85.3881775791265,-19.893671597113453
0,0,168.67968713024257,30.23517624978102,-9.559921110871628
0,0,104.21694176815328,72.70657428375095,-19.41986492653811
1,240,303.09110460183336,5.092147538212155,22.258012648286083
0,0,111.22948416132704,87.79357200759776,-20.389839951546932
0,0,117.04703596054114,58.84854594439627,-16.304013683430554
0,0,117.82060858428356,90.8628170343803,-22.479870083469734
0,0,275.1335506260899,3.656603829581982,13.628896704278816
0,0,143.87735496325269,5.408249702674464,0.8887764620076979
1,120,669.4957729837035,1.7269321238998698,33.33775144433207
1,240,1027.8040470947822,2.627861827299712,48.601576875466506
0,0,335.3833859245452,10.47766493693375,1.855538844345034
1,120,310.80690204862833,14.900329225328171,-1.830139040762731
0,0,119.02582430290053,51.81430411615038,-12.714160263532435
0,0,80.20617821758152,10.179434472240416,-2.5492901595660555
0,0,131.84115894727972,37.45377630051309,-15.807221822689115
0,0,80.7493114466077,22.252685233823225,-6.005264093662305
0,0,95.64124761306437,84.07498780383277,-21.289675800862753
1,120,322.94074687147287,20.505020977080413,-3.2647900677016253
0,0,117.0212237556135,27.469878718420553,-6.381507878898205
0,0,166.79294758191583,45.715160951262945,-10.783097820378998
1,240,744.5456033471374,3.920964384207424,35.80599099154634
0,0,143.54338334736647,19.337389421249785,-8.229432625023321
0,0,92.9809921212871,9.566629242375758,-3.24001361788811
0,0,97.47629473518558,66.84938199597423,-18.85718218732056
1,240,818.5796775356326,2.6253543655980884,26.788441185587487
1,0,598.1847560504019,2.054041377418141,25.87991851957443
0,0,78.91273395660542,5.428626608016126,-0.9020023458079436
1,120,446.49120017129684,2.1552434251227264,15.897032998254076
0,0,98.5408979856768,8.613376863131084,-2.473919871628354
0,0,145.68356315285922,6.946195493991311,0.8486871199869768
0,0,185.53853711790723,76.32022863796722,-17.148251792303242
0,0,232.08702278518552,25.59786926894069,-9.591693512818438
0,0,98.13681284872015,6.891682004141294,0.11707115897634424
0,0,100.12088379428388,26.14467009304863,-9.882184044903667
0,0,98.04173732710046,5.357970064389381,0.3282442911574037
0,0,98.26064795044586,26.322918718370882,-10.147787164188387
0,0,86.3636643993889,16.85646160083954,-4.108626596240384
0,0,101.28180953281642,29.265374713550784,-9.576771633041659
0,0,114.45174741933052,5.0489895965325635,1.5177569439870524
0,0,138.40163066838105,6.905303156991197,0.30454048355164787
0,0,114.8488948885596,8.141215101451136,0.018895335232471666
1,240,486.50258906985005,1.519888299329831,35.900489184863645
1,240,921.0522039684,1.2354127759324207,42.62717113636573
1,120,497.2176128260533,3.5750407074434594,10.131036884562661
0,0,108.7223448100669,20.061915448766374,-8.705770308492816
1,240,986.5798813266736,1.910561052706867,48.17006823874853
0,0,184.1118714988681,115.92451816367175,-31.273306359381593
0,0,87.45424422765424,6.6720428885494325,-1.15602832678141
0,0,87.77542310166042,11.73153566773967,-3.1720567142729266
0,0,136.96931969226947,7.349997451303333,0.8600951718418202
1,120,457.4797856882878,5.968527287380279,14.085789445262975
0,0,98.7124578931756,27.153526123646134,-8.165724018625042
0,0,57.307538674223295,6.338932670475589,-1.4231215204630985
1,240,233.61364976700543,2.864040624135592,9.196105027641522
1,240,548.248965451189,2.071785831515018,27.574185948451316
0,0,111.22599265534649,95.37519764366915,-26.184189750394957
1,240,385.3482195053237,6.179649516231427,8.486406898540992
0,0,167.13957023895236,12.151359750317347,-5.918956025576591
0,0,91.90411758760125,9.15254926407407,-1.703255507094184
0,0,177.8415915361956,80.75575647111418,-18.89410115828389
0,0,246.3443153913563,139.8419467937044,-34.26252241455342
0,0,122.31962942533015,63.22947545724516,-14.530957249825732
0,0,82.45204976336535,10.808677857546886,-2.0248579471559367
0,0,238.25984665397888,3.5174848277206343,9.046336698890372
0,0,168.18777021297004,35.861140590063286,-14.85467855454418
0,0,126.37146543546537,104.51446913771768,-26.601854433495667
0,0,148.42254757007453,15.850168532715534,-6.521849637705387
0,0,122.8274961767411,82.15831061118804,-19.19613712496978
0,0,100.18207583741051,10.62258422068164,-1.6529364344616226
0,0,356.0891726671554,4.5099882101630735,15.204634527223362
1,120,457.50685619569543,6.704884003821624,8.112091755698344
0,0,104.90340811931601,8.874365858671672,-1.493091609699718
1,240,722.7533914416575,1.6856069485630127,40.16937267783379
0,0,114.88374193201481,30.993374550470534,-9.204755009215617
0,0,84.21742547069287,11.028870627180119,-2.7033067855341244
0,0,91.91763016918831,23.697416350714466,-7.826277673461931
0,0,76.9253528819952,8.62027159316542,-1.3563270862356234
0,0,76.04313547475414,5.074314192635123,0.027111880222875584
0,0,86.62117430151277,17.305077498471597,-4.241084699018188
0,0,182.57267282830654,76.54535781771665,-18.558379999113214
0,0,237.2351123208045,6.624330724995722,3.036126902648121
0,0,95.38567617692321,8.653856328535555,-1.5432468798276489
0,0,76.22532293698269,6.57734819354054,0.909331034363106
0,0,110.75348307001777,77.99039937794976,-17.946207767689785
0,0,79.47444131728462,6.352368820752581,0.5872213349321669
0,0,82.61925662444685,13.239031389232752,-4.831296826917409
0,0,237.92482078466347,2.9339819748890115,12.227106573349786
0,0,108.93655096918526,35.48482911263424,-10.324292288856867
0,0,122.1690979061233,45.822819814375016,-12.425529682467541
0,0,138.8190470099907,11.656467940813469,-1.444759302929782
0,0,129.81542798717535,28.664964656071156,-4.60300369102643
0,0,109.656299987747,93.0207953390016,-20.05327864404606
0,0,95.49135091312671,32.12885356158083,-10.094841967529945
1,120,816.2156105771663,1.7513302406540647,40.7421847525797
1,0,217.97827788800535,11.08975362024772,-3.231770653138895
1,120,278.42356950502113,30.855025114189917,-11.441673716179096
0,0,86.09543625406825,36.98172554037689,-12.066453456507418
1,240,223.9236324093776,4.774393887367275,7.234469639591325
0,0,80.5190137526212,6.317971427739001,-0.17271660752449236
0,0,136.55718595386412,27.4499959053163,-6.919609674517446
0,0,396.6186194336018,4.440057688828556,16.001676378955025
1,240,864.236423506632,1.7134606652049993,43.39271006769046
0,0,113.64619577490262,24.513218135447396,-9.076170043079586
1,120,598.7560027042066,3.2915341914248932,20.973367727927666
0,0,141.10292269148812,83.67098550227105,-20.26359049208986
0,0,94.91618765115234,6.728212828265683,-0.8809933536009709
0,0,81.15108402765517,6.756555222435627,-2.471764019309319
0,0,74.08817552710616,7.502391741448397,-0.9857476972889287
0,0,85.32771303644908,12.084134327579417,-2.383960592874871
0,0,118.2699019220533,7.449907865190949,0.4606971099834567
0,0,177.27188658633042,67.46917851819177,-14.870678360480483
0,0,259.3447338608797,5.539566333829743,11.090052993616439
0,0,125.4702487943821,94.28359221833756,-21.97172829434284
0,0,118.760265799328,108.68590354190545,-27.27909853087204
0,0,172.1036075307395,19.84672045595646,-9.765276612162367
0,0,87.26558387609163,9.420552113256917,-2.5499770732951674
0,0,309.7145821354019,2.6717818893345378,13.706908968097679
0,0,104.39792194016452,19.799792974047364,-7.600209081262889
0,0,104.09442164919946,31.549060912787645,-7.556563639706141
0,0,214.6486961653335,129.12854706610977,-31.60105931929469
0,0,184.9820500121113,59.60180061535698,-12.136434113647567
0,0,116.38045305577411,7.73950322198722,0.46403656749723154
0,0,79.32486769501074,6.112224200469595,0.49560817927708456
0,0,102.53083911706594,28.802178808270202,-10.47949252001969
0,0,102.42548179049703,54.62728177403364,-12.15348542598457
0,0,109.67137694539028,93.48469154670451,-21.787825637207092
0,0,74.11462821933216,11.759822109911953,-2.9104429785687813
0,0,178.44226659755057,27.61781760513898,-10.73300595767222
1,120,1076.3075947342338,2.3821393794434633,33.65822311871669
0,0,201.8583121854452,15.63181495939251,-3.597689596631227
0,0,144.40928816660102,12.542752998470712,-3.6970754453286645
1,240,489.7012619903681,2.831830773740236,19.971054918133447
1,0,245.76794483916464,16.894877159491585,-5.323734711406686
1,120,514.6308414126555,10.661984354002202,3.0656324892889018
1,0,688.0759807640123,2.2123345422843363,26.77826429449327
0,0,170.4150222828673,4.198655502275564,3.170032808208788
0,0,94.95517802394487,27.1941039562723,-7.6633047492567385
0,0,108.82998068436986,65.11569310432458,-14.28103161541982
0,0,124.78406584467882,57.0322249767173,-12.99703662112816
0,0,193.34273314793697,81.32723212619055,-16.458622111995993
0,0,191.76640888618613,71.5011588853709,-15.534939788376832
0,0,117.41919875710421,8.133164330949,0.43343720284164533
0,0,151.71201098214522,49.33794811541998,-17.261772211964896
0,0,217.8755278548635,4.121377671441759,7.8906519052430895
0,0,84.5220026872039,12.04746591517691,-4.060331277132789
1,0,388.4129002158089,2.2516640587691414,18.30156922302183
0,0,101.03192879798122,8.072911249080871,-4.485546727301852
0,0,182.306694890574,39.85608434459725,-13.618096459415796
1,240,1095.9884430946188,2.558360647302084,41.165429288741436
0,0,233.90385286149262,47.374939058905774,-10.891978930393336
1,120,712.6486103800806,3.7371471814405566,30.907968498043942
0,0,136.2221260763736,51.16275212790559,-11.773696109116159
0,0,120.45464377303156,92.57995135433494,-20.718739528992458
0,0,120.94122140680788,102.45174640175925,-22.86319964801889
0,0,122.75802881099823,93.16211925567399,-21.057070960333718
0,0,81.63095071487147,7.075635025870226,-0.07317224027417524
0,0,70.5183657233083,5.301539316167904,-0.25822679889409983
0,0,81.15959740749736,4.810195946257615,0.6030414865085447
0,0,119.16967888372251,73.67210361422431,-18.716718897622854
0,0,134.0097809232439,10.989946988291248,-1.2054438436626214
0,0,270.88334493039093,6.5251607726255365,4.694991854717472
0,0,95.08800261996464,9.297223983445088,-0.8806868843987559
0,0,76.99793199576294,7.197677613413219,0.4464462920804806
0,0,114.08283807152206,82.72385174470607,-20.49456259152433
0,0,415.7396932312611,3.5457270497657336,21.790520300066703
0,0,136.89400292040332,89.88279072180333,-21.56697230539747
0,0,90.61233972720676,5.794170935701757,0.2957691236262008
0,0,75.12879734609787,7.506131952001709,-1.2400484437540484
0,0,80.88483402452155,8.38301165934248,-1.2620825226029098
0,0,128.82134635585618,15.425676970591052,-3.6888271966276847
0,0,282.2294017122866,14.391829348522231,-4.0861063938293825
0,0,101.22412033172871,6.381007219039182,0.371287362213252
0,0,75.38141007100226,5.566152557234396,-0.07854073526469563
0,0,82.46112427809727,4.191600135860846,0.945494400224419
0,0,80.99911849706345,27.45236213334641,-8.404114786333807
0,0,68.58284711577929,6.334901419289283,-1.7582297412293428
1,120,388.27537115556214,2.207254867980571,13.547714069402545
0,0,80.98212007752504,4.556505527831253,0.1282678527607004
0,0,86.25760423720052,5.195684904980399,0.6336355672123801
0,0,166.25374796514694,64.39429497396753,-15.199625493491865
0,0,181.5497976087062,110.98907547555349,-22.188988538954092
0,0,136.4607160970639,103.81588498318106,-22.665373777989444
0,0,130.73975885129218,93.24505094562626,-21.60088470780802
0,0,234.87519435970472,4.761258704690603,6.391774444633228
0,0,81.31236213020475,6.780175538738468,-0.7088263533293429
0,0,92.16522102023107,27.461693482633716,-8.356934381048063
0,0,94.02731030961397,5.293475911343717,-0.26959257913483725
0,0,74.0271988690887,5.3641595285177175,-0.41345873376749864
1,0,409.96247512775744,2.3039791765820317,20.59244764538211
0,0,205.56753850320985,42.733504264560594,-12.151371845279641
0,0,111.74151124616287,8.661956733874325,-1.5837800737963903
0,0,188.0788457759826,14.64838369702241,-7.2926143973230495
0,0,102.26728709582638,36.170013666182655,-9.192702315245768
0,0,73.0424241416982,6.293103020907693,-0.20745330640997395
0,0,151.44318769375968,13.060192560580337,-8.194817457028378
0,0,107.64442169098105,74.83860530068283,-18.11727042204309
0,0,80.90930857456053,7.185921827969204,-0.6423965117734696
1,120,650.8546225535524,1.919196611829716,25.424748346864774
1,120,621.7262124521369,2.6296385288383375,25.62553851383288
0,0,247.1181147362663,89.96736848342873,-20.35907150043495
0,0,270.9066291943002,66.30614946539453,-17.07190925724126
0,0,127.44656587601501,71.02901066046459,-15.267983977440977
0,0,77.0193174698938,7.1264286103273715,0.29328566629790487
0,0,135.6781539790274,5.077552640112638,1.6625160864675337
1,120,480.0458876271447,2.8791921092440975,15.23865260866917
1,120,437.76837531451457,8.799454255867976,3.1605216950366213
0,0,128.11489453377231,79.30695349271575,-19.77299142281386
0,0,135.47361747770583,20.854713742848098,-9.627756483596272
0,0,91.84633769804651,12.717438744974174,-4.490619320993673
1,120,356.80148523142094,31.07971389757067,-7.475196066518194
1,240,571.1175587718152,3.459907289160005,37.68834596735472
0,0,100.56921356709145,6.264902311635051,1.1503162223871755
0,0,129.19391725052085,64.00750422884757,-19.81880328459316
0,0,137.34559747802388,81.31235250461907,-21.99821674452734
1,0,695.5548319185818,2.6287554799720287,24.89513786172759
0,0,101.32451246472787,5.790662203977477,-0.9610082351377542
0,0,73.48070449875333,7.165711424943161,-1.2225849831795728
0,0,68.59102608189932,5.766736407816439,0.013748766215968544
0,0,84.92267567058865,16.558916096891764,-3.9701764921641143
0,0,178.62326944167856,101.97770663835136,-23.268188130841807
1,240,575.9969610517493,4.413382573943748,27.008475504873957
1,240,533.1592207340583,2.961071991885506,15.539753315893137
1,240,717.4496578245031,2.223994893474278,19.958109236315764
0,0,88.22270995709718,5.4196291658116325,0.154513241164139
0,0,79.56111115161673,18.817929270063345,-4.647166959855895
0,0,75.65346980405481,21.550099609002288,-5.425963326152271
0,0,98.59939204690937,91.78230689529452,-24.13784204769125
0,0,155.44030455010235,5.689271769506574,4.204133871805126
1,120,506.14698066649015,2.723329697695636,18.690679430798966
1,240,864.7543453418247,3.888045206873981,25.20704953425725
0,0,222.17230207838094,19.922313409699413,-6.889300927208794
0,0,101.6570103930249,7.819695971408839,-0.6968053630700695
0,0,434.44500575183406,1.9462570735371236,22.281082381680363
0,0,80.98642777970883,4.869095350762981,0.013051284583340816
0,0,73.90445202896733,4.2114148138711744,-0.4184943397969789
0,0,79.65150488112613,5.917404308098194,-3.536062867227301
0,0,77.05235641203767,21.190808368281044,-9.310476316076091
1,0,235.0971543827539,22.882697507871743,-9.038004059500366
0,0,151.22543334836888,5.473076860351368,4.231483606126886
0,0,171.79264811336148,49.12921467588831,-11.592937403278995
0,0,204.59748931565292,6.666080842218039,2.7514909891155384
1,240,549.1065155953986,2.625105514576234,15.900784604005324
0,0,94.17717300137649,8.308823822702076,-3.4277946956173935
0,0,68.75679893159592,9.243732068778169,-3.1896839773520327
0,0,64.02836460911635,14.321956132862738,-5.3595757562105035
1,240,474.52599804883073,2.2231269606718533,22.190061028622665
1,240,1199.7241691846089,1.536442983831287,48.38863361944506
0,0,149.90328618757866,55.89127349925515,-15.435633198955813
1,0,422.7769368956415,3.7284385237401185,15.659107218300392
0,0,448.8143212869003,4.67657986848879,16.17344708284449
0,0,314.8439671746965,164.49500341053147,-43.53321578154143
0,0,203.2499267119783,72.64010331052988,-21.36273171792857
0,0,165.02786661210615,49.7662985604799,-15.727407731319289
0,0,217.5129326915718,17.114710753397897,-6.088370086980063
0,0,115.20027869011504,52.035744073860506,-13.211808124459353
0,0,88.25369140464537,9.596158360367056,-1.8464241800942034
0,0,124.02895966003483,94.78644545563763,-24.68907446343985
1,120,870.6690471613417,2.458916800878833,35.689458719380156
0,0,139.23220099365008,25.882771426320264,-7.243869942315655
0,0,186.89606411689647,8.439591763299648,1.578015129884534
1,120,485.54364921950395,4.637758206627915,14.669401917411065
0,0,99.41519148811136,5.0143868957856315,0.2788974656491092
0,0,92.74542882818383,3.508174911658236,1.7318679533479582
0,0,60.01432868564392,4.374431410281836,-0.026160921444827068
0,0,58.09146678729439,8.666050254219318,-3.386690834858314
0,0,68.9156171094774,20.03914659552471,-10.221445451755102
1,120,256.42411178026725,24.323353153449492,-5.9522871932933015
0,0,113.7894722167473,100.4931449187382,-23.587079903649496
0,0,112.01800904607056,31.24206132613834,-8.649607185211138
1,240,909.2745834440385,4.16684182812171,35.58707687003347
0,0,113.5202635023769,10.247493760233809,-0.214729307986687
0,0,113.91650408693572,75.18718985591619,-16.68381356820248
0,0,108.1590674053023,67.76506712104752,-14.523200408638644
0,0,122.0800078233274,98.07758527572418,-24.573292512423926
1,0,519.2376795049391,2.9192356905377594,19.839061803110724
0,0,78.43586565683022,4.750588117265735,0.47805489152266034
0,0,62.738389182004035,5.806541741894255,-1.287794231878351
0,0,156.68297460560157,24.43595384138722,-12.509433552501392
0,0,123.40447887608521,40.32060504879019,-12.475986137845922
0,0,324.4956233107718,176.91075891108568,-48.987170765885
0,0,121.66326030916207,13.44674054622659,-4.514043079156039
1,240,387.1916439745865,2.2291756423544635,22.878454264217538
1,240,471.1189683753176,2.873414614259828,12.167102017136884
1,240,535.2973373769262,4.234367767234174,11.590432657604481
0,0,150.5062397966677,81.51802482840773,-23.603158968862232
0,0,103.7227803113218,77.47631964305451,-19.63166156502713
1,240,903.9789211004495,2.352479405973764,34.013970455066556
1,240,1344.9764406604033,1.598121375155958,45.6779980690862
0,0,126.04680072350783,4.727520101326902,2.366924979853991
0,0,136.76115565226678,7.143314832976257,0.5597289339128224
1,0,328.98168703709183,25.495735214371845,-8.133486628923137
1,120,829.8825439351066,2.25774477748267,32.41483529371844
0,0,90.110560439145,8.788225050918076,-2.8064706597416347
0,0,92.5667442079942,78.67029917507395,-23.70568876885826
0,0,60.30750749545544,18.55448741114143,-7.926862979209432
1,360,222.45010352500216,1.6037892222738441,39.09291545691073
1,240,334.0088208298132,1.5273893640162381,23.57853560111066
1,240,215.07531738634643,2.3891692516011824,11.223282553351538
0,0,77.099639111534,8.70150396680164,-4.188673181487744
1,240,343.01853865203617,21.44263748033361,-5.184248952785012
0,0,124.6169836802395,8.154846632494154,-0.1814721155946586
0,0,88.09578011143418,17.92055127764405,-6.799415623779993
1,120,499.78513936029526,1.818708290514647,28.434645789234324
1,120,371.5625069276946,2.91571748307194,14.63945247882225
0,0,83.48003187726515,51.726885436966334,-16.767284154191827
1,240,223.8425342477385,29.669317453308533,-9.447917185365753
1,120,253.3368949857257,30.459256780800104,-8.201263878178395
0,0,109.00146123946001,79.98502672785179,-19.908218316315114
1,240,770.2143391199305,3.2805215748530334,30.079233503641902
1,240,1555.4980180519105,3.2610432856673515,43.344879736337944
0,0,150.93988937387522,28.49680904916566,-7.217143714301841
0,0,180.34152115432707,35.18172811678969,-11.28667955913501
0,0,128.6113118662211,94.84861353974829,-21.28529012090003
0,0,121.74271474233632,86.11682420053535,-18.442302146798596
0,0,117.74311528920877,68.16717788410766,-15.3192330255837
0,0,84.22083195623559,11.093362524096843,-1.5878804203639447
0,0,71.54024903780052,6.365658773874395,0.3228176726975107
0,0,98.66329340798845,55.741697565379354,-12.186214223200366
0,0,129.96687772711084,91.389567189391,-20.97452506590278
0,0,358.40066298686264,8.112280699047878,8.634727424509279
1,240,786.1514768729637,4.296449215993607,24.574486532983045
1,240,685.9024502747703,3.039088704946485,19.754497439106572
1,240,614.6913266878993,2.7856712781216135,15.898470233133423
0,0,139.36408469682445,6.963447209528143,-1.3451251084995164
0,0,119.67142416360913,87.10956425090338,-22.108498101758684
1,0,529.5770262864821,3.0225370662190953,19.91305826359023
0,0,87.32363583104744,7.148541832499671,-1.2544049406922682
0,0,139.6513744243084,41.660272753299566,-15.806894217679854
0,0,118.45931612149808,39.9466471650692,-9.879563204829566
0,0,140.56915304668252,9.325134103310523,-0.028042008272208818
0,0,307.69402041791807,98.31208551263023,-27.786167677791184
0,0,182.4677009277225,103.34899263624857,-28.96874778590866
0,0,147.7561233701248,136.6551520345459,-36.03918250326015
0,0,127.41084595606465,94.17298775328412,-22.85093031202679
0,0,92.44679737429229,14.994638122288677,-3.720932487535535
0,0,77.37923732340819,6.131990146094863,0.2225335522004599
0,0,99.54094238370301,54.86426555767458,-12.668427661029568
0,0,104.41304424204131,56.85999028869202,-11.609222542610468
0,0,126.88673463299743,95.71770328509214,-20.403234769264415
0,0,189.89323859973834,35.397623412021936,-9.105670345768615
0,0,126.56659300833287,20.262467262317497,-4.309009898922795
0,0,73.18702123434397,7.094038269616981,-0.7097246251289278
1,120,333.9252967516811,2.801985572084732,11.200973709011024
0,0,68.64566588328323,5.230121103411712,0.013273210557358084
0,0,80.68337526304971,52.4138821132777,-17.32190886697184
1,240,444.3602025730906,4.145686107070671,14.373289260650736
1,0,299.50405832127115,18.413118371890278,-5.45283750481542
1,0,460.1861109213149,2.8244189389533245,17.819302945675005
0,0,253.78151786744354,3.776499936053422,6.537865142957813
0,0,146.58471177759222,11.852940673244802,-2.687613448800036
0,0,158.26320980749298,75.24781294293014,-15.30060709562153
0,0,77.8773664006721,8.884216117614708,-0.7118699095444327
0,0,61.74778205257785,5.153186204176474,0.11646878847544428
1,120,378.9432785051741,1.5340285874483532,26.18905083347711
1,240,549.4084175021324,1.5979450586794581,40.81435296574945
0,0,102.75780967791837,73.59293334243736,-20.566355644118957
0,0,77.49556795448738,6.4933078418281625,-1.4079037393876206
1,360,137.54571291657788,6.908058792875994,10.966186596404171
0,0,133.62408287297703,97.86111241148382,-29.536180797760537
1,240,825.1213994161761,5.2845763851351295,41.40092445088443
1,120,588.6716265477108,4.772555142282856,25.76292125965317
0,0,142.95476985212613,79.2122827126736,-16.891398897136938
0,0,120.50904551718953,96.90439822799677,-21.67483361272167
0,0,107.99636095939702,63.82956965667348,-14.322235871262379
0,0,84.52629338530012,10.304270598634364,-3.5670690961685807
0,0,86.66569100276476,60.949983852929705,-16.88431840177543
0,0,83.32913193616099,69.66355810954931,-17.48916179210451
1,360,337.1438531185949,2.0404254136647957,50.85511889467425
0,0,86.5464526727115,7.273656816430347,1.1190457958577724
1,240,772.4023797638969,2.5786078252298146,45.53470786519564
1,120,540.9595625042394,5.02108128157028,11.855243184124845
0,0,104.30289176277834,5.335427275267298,1.1760702032767227
1,0,595.262773642784,1.6149685667742173,26.715829120469706
0,0,100.54709691719518,5.039901457944765,0.6075909689759129
0,0,106.00505760858788,70.47315102744504,-16.92297050891679
0,0,112.20720786040616,51.138339007893954,-14.42572735047915
0,0,85.0927788945858,11.162604023653715,-3.239675444975319
0,0,77.46791930810245,12.552229642461626,-3.0618916039803565
0,0,122.80871232800808,78.24372836452027,-19.16796309417309
0,0,187.7734636993267,78.11567409580924,-16.116914235478603
0,0,132.07922750928464,16.14755520518608,-3.1111274665016424
0,0,85.44930359861587,5.659193058505993,1.5736453017770913
0,0,98.62894515110189,39.40617613630954,-12.283597454179898
0,0,155.3855740602514,33.84771336894721,-13.677387682140775
0,0,115.64570643197774,6.810807452554631,-0.8233031682599687
1,0,530.7826387671423,1.8603641015473589,22.151012625099142
0,0,72.72161368958932,4.708683229598275,-0.1122259277494635
0,0,67.67736811674574,6.057709356942215,-2.3743438006674467
1,240,455.79919236157235,2.0763736697103137,21.494418211209904
1,240,657.0309152562096,3.448859928202501,30.54989622291866
0,0,200.45180207820286,85.69707592388998,-18.503638258855588
0,0,101.75910293478083,11.528376671587866,-2.146304294461075
0,0,129.42365380961763,24.480522314878808,-12.27023434017299
0,0,79.22517839763104,11.473871303802026,-2.5886925878576648
0,0,107.32350921434676,85.63585360903012,-22.69399166073417
0,0,237.0099555292926,16.588743926354447,-4.801199437679244
0,0,123.1298741979267,81.91513961954772,-20.232663522425014
0,0,83.68651251259863,19.29678090527006,-4.5484891606945865
0,0,118.71097661749869,86.67089336962975,-21.424548669595936
1,240,868.539863332476,5.219164438837512,36.468630246251664
0,0,160.13344405482076,28.84308513326973,-9.512603322840064
1,120,658.4864198077634,2.5127374335320094,22.98989280688484
0,0,102.10070371795571,4.961612881346765,0.5299644336356835
0,0,71.817489349532,4.713034399867981,0.225529552849693
0,0,70.98860242893215,6.28478241738458,-1.5773600724051704
0,0,65.64150272045107,6.026887928295266,-0.6019425770811608
0,0,67.93368773273988,4.4534518751073024,0.05327272539811645
1,120,339.70650514773405,1.9485183915716182,16.334797833858644
0,0,161.09736043479498,4.211801514371136,4.168720827094063
0,0,241.3656999284945,47.70189365478535,-15.381678767510778
0,0,260.95765091907606,28.829023132825355,-10.164960007415914
0,0,124.99746714365232,20.723603773103534,-7.763964030328907
0,0,294.9999475900127,4.911214570679546,7.146734904529779
1,120,689.3185034507527,2.098026190353486,29.989216101419032
0,0,129.26532308224645,56.158929807033125,-14.568431035724089
0,0,79.75923711192532,8.74262688017921,-0.35549378293485745
0,0,102.86070707981916,77.775998542526,-17.35428892337133
0,0,94.95597721606055,27.474721273572943,-8.338186920195369
0,0,202.27731557522782,16.36878218432446,-5.393514578379879
1,120,597.0141946622477,7.462203767902707,12.65783318520694
0,0,176.1537998124099,104.98290648174688,-21.54157763322776
0,0,147.99054172133185,40.300552574789805,-11.799645596220898
0,0,121.89919769219182,58.66667307354812,-14.441563353910823
0,0,100.08495982528271,22.549747023726706,-6.886791050121687
0,0,83.80191358689079,14.176108226443992,-3.653250349412005
0,0,73.01799493589274,7.64666893090055,-0.9462765776244169
0,0,110.9376713465501,94.60091585100687,-24.241560736833804
0,0,105.00876544588492,32.4268827795729,-9.55263982534315
0,0,90.17306179701436,11.019860550653572,-1.876537421187649
0,0,167.84977429635947,67.38674498150898,-14.60469479666888
0,0,303.89086352042995,7.620801961401312,6.6393170167943225
0,0,112.08929018115398,40.3438774700108,-11.501171013022812
1,0,270.9656673863349,5.09251122619695,7.208271806753743
1,0,294.74030650891365,10.976396677889998,-3.8588594803873377
0,0,94.88491146608632,8.096394843970074,-1.7516882089475843
0,0,97.58855572130693,45.08892092479866,-10.284107835704432
0,0,101.07879206331755,56.20968007381467,-12.348368134882406
0,0,72.61356404915556,8.899769870512847,-1.261073287816302
0,0,155.69143225135917,79.7070499838601,-23.108845281497324
0,0,226.81115319952517,121.16765352124906,-28.27106536311564
0,0,181.27280102222986,72.18893527984322,-13.068528488472325
0,0,132.62528544137243,88.46198540107312,-19.108360118294144
0,0,91.15338145346213,18.763805639293803,-4.32686437192767
0,0,105.30061226883699,55.25409214989344,-16.40728852062506
0,0,124.46234850789966,82.04757619310779,-23.33966943028245
1,120,602.350122685197,5.0644549091763365,13.467968669405636
0,0,94.74637349664381,8.341898672932237,-1.7084443477247788
1,0,409.187315455842,2.337023343458637,19.641494846717634
1,240,1417.4900320107197,1.3827319040315953,46.84461007497795
0,0,221.76953192419617,10.048152134244994,-1.3150541390201482
0,0,159.2086030680769,31.832123873857014,-8.071733084676922
1,240,889.3321895447469,2.0347652373852982,50.96363012806522
0,0,142.00887780497357,87.54030077792807,-25.213089243660754
0,0,57.06089438405513,6.582035075796211,-2.461370486192834
1,360,125.01033356991181,1.9199684335393843,21.888717259617636
0,0,68.99418733009813,6.003086219225815,-3.102741835054843
0,0,102.6372166888889,41.49170201866949,-16.79841719797541
0,0,74.11993916268244,10.130171445654767,-4.085017899766342
0,0,139.65506997933974,20.901150291100297,-7.665069589145361
1,360,550.856939041725,3.8577305047864923,50.29666860081831
0,0,387.3877124402994,4.959163176545952,14.297274330598015
0,0,113.742699639878,27.233611481330307,-7.181492891761479
0,0,96.66629935587333,35.62313884104555,-8.105307314174695
0,0,77.38987621419632,9.609232176336617,-1.095928659436808
1,240,948.118721083484,1.5876806872698654,49.044731341868655
0,0,137.626482332524,99.9350038881366,-23.381021636774356
0,0,102.22754287515168,46.2204905156853,-12.597310954260521
0,0,167.88815819002875,6.486376562505032,2.205944105463189
1,120,725.9652141898946,2.7814635976523605,24.050403061389233
0,0,301.5850865741454,36.4983508178754,-10.899323623342951
1,240,377.6274115207255,9.196774805967092,13.28306206143506
0,0,104.94558959254206,32.260539295430355,-9.675496987768824
1,0,325.5474961677041,3.208139769427447,15.171007458207967
1,120,407.7666352756267,2.9299987792490834,13.95224284842213
1,240,634.6483667746159,2.3611921247062906,16.760145382821776
0,0,106.29112304176695,5.005059607530411,-0.04662038266852164
1,0,307.76709265022527,2.6026254458386266,13.504132035266949
1,120,726.3055226624143,2.2821037503997914,27.000549577230487
0,0,169.17379190678216,67.1355602198811,-16.446854751421313
0,0,191.71278933005627,50.66109373649105,-10.613488252760334
0,0,156.2863032508244,44.14331772510517,-10.888137497462125
0,0,123.23238617384263,79.83090243803711,-22.25674993635407
1,240,628.098573620507,2.6424095723044254,33.21115852801043
0,0,76.83507818109877,7.145252847733945,-1.7710908798188285
1,120,272.3436106264637,7.282780601855365,1.501477088607345
0,0,144.6802653060784,59.09511376376557,-19.042326573120448
0,0,100.74329007955025,30.815436368490143,-7.443819960953547
0,0,75.8761666708986,6.824962856737037,0.5923414841898591
0,0,112.99404367245131,55.76805276118076,-12.649024990158324
0,0,159.60560316854705,11.375051953868796,-1.2183419699144338
0,0,132.88114027897305,11.31896910072955,-2.903188112799114
0,0,176.68400993488467,3.0456522352527324,8.895574987207894
0,0,153.10931620998426,2.6542314623263232,6.761439709925028
0,0,63.5183950188762,4.40991084273405,-1.4155813212982622
0,0,47.426219663430686,6.4291936208956475,-3.189805508242557
1,240,148.88140854111563,9.00900441407517,3.053690758306061
0,0,87.01198491410831,111.23432571562303,-29.40440960871183
0,0,89.75312885044468,107.64802647355347,-29.99362306972798
1,240,311.72850092267595,5.44547402524728,18.32910917960703
1,360,818.7428260878147,4.06668324005092,46.555894950684845
1,120,611.7753297191052,4.1629008220929204,16.77627200360037
1,0,256.77357978795675,5.576811412788787,1.2865629185785679
0,0,68.97158889772078,5.347537724180358,-0.6450860432204877
1,240,252.05154467043178,1.3302970985785472,35.65699411975247
0,0,56.71488954220024,4.873282274846005,-1.7197097328820377
1,240,203.39212622827702,3.3405190373124944,3.737148782954918
0,0,94.84331946789594,6.324281369152624,-3.4579290725178993
0,0,194.80295349977618,2.8486175011029586,8.01355662323462
0,0,96.97789359252059,7.809676051569672,-2.6719676676318045
0,0,210.09869706975923,111.09362268563436,-29.625352767701422
1,240,852.8483099481525,3.5937266441461375,34.27435303001009
1,240,874.977293475938,2.2652978459410966,44.97689164555119
0,0,156.19850547868364,95.47884240217485,-23.50649963927414
0,0,91.03468725421104,20.313854659911108,-5.198880215214871
0,0,85.43645417644395,12.020599931783952,-5.128455706126687
1,120,421.77904634870714,2.8973932038380132,13.331357380542642
0,0,102.57309994270064,16.452430420827426,-6.597885703565154
0,0,86.72836806953897,14.636100428632705,-3.5174210854098362
0,0,81.5601230221232,8.247625874034737,-0.34405402736943813
0,0,166.92012682086317,85.36173213816758,-18.228545162205762
1,120,695.4631005341838,3.726688670135854,28.664000999429533
0,0,98.61918480483807,16.104425239505318,-6.173515685678055
1,120,253.8266807240231,9.470718493869317,3.664061162178541
0,0,139.25805854281123,90.72543502618826,-25.63313170505451
0,0,118.14429839522056,107.01036141014747,-25.657052154682525
0,0,108.43041863470619,76.48718217937457,-16.24429446061282
0,0,101.56086928191765,70.42368224190025,-14.882736338402083
0,0,105.2484210560628,84.97324478408628,-20.496010394307206
0,0,84.96325309155415,13.691240849037158,-4.65665165326925
1,240,416.501294977356,15.675986354191021,2.286693456294941
0,0,207.11296066982118,100.04820019411395,-22.40500177094944
0,0,93.73223837805325,11.750366222307271,-1.3528819496865907
0,0,75.78404419248648,10.736262435800125,-1.9814819871390625
0,0,90.31313013433792,50.56871518344984,-13.114815905910234
1,120,646.5091939674749,1.913022038152369,31.36196563346236
1,240,498.6807352088374,2.1824270714701455,17.007318078359503
0,0,87.67853947872938,4.618207044477538,-0.3113780696712638
0,0,94.44126348538903,4.249345756027352,-0.4429431846012335
0,0,81.24040083161863,6.487730239867794,-1.3243486101700768
0,0,176.24284455097225,8.463112358703432,-1.275683414439115
1,240,422.1403492013437,6.569829869467758,12.14331366630293
0,0,106.03977995540093,6.480383832820082,0.5437819674941409
0,0,108.66440621569487,65.45949105640321,-18.524842757277767
1,120,559.0646534057925,3.4742770255915154,16.325138770037128
0,0,83.63580065544282,7.5398317499476795,-0.8398049496136935
0,0,87.45835921684561,35.367586213793814,-10.142677582834224
0,0,99.11529606371063,88.3199611819784,-20.219210581238144
0,0,74.03710658411144,10.95672233109961,-3.081178027912813
1,240,451.96583620456414,1.933275533241126,30.94975398858037
0,0,145.5261959904502,8.23714389898908,0.08711115248399892
0,0,142.3464656234825,15.544457646915577,-3.429733905914162
0,0,143.8759833001889,5.0503586155721045,5.009777997005841
0,0,131.43457987747982,95.96282357213487,-24.633360476057966
0,0,119.20577289359935,37.40443746799513,-11.619320174428253
0,0,84.38502909381761,5.741163186304919,0.3816491916191609
0,0,90.24252349472803,4.394242478485863,1.440130408646823
0,0,99.84393255204104,52.457134812372686,-13.28144532473496
0,0,110.34475014912597,75.14412486674884,-16.37175394502347
0,0,99.4320708790368,6.939294446795948,0.25380926268162796
1,120,585.80342240104,4.49196625220683,15.228570828706665
0,0,291.1154431376011,130.9663572106968,-36.62230356789434
1,240,713.9274084536319,3.5796608082825676,29.003420924833833
0,0,239.46743160879694,3.967146892341214,9.004899949170266
1,0,318.1129009850439,10.588673700292867,-0.7123877368171492
0,0,123.01265935429399,87.65176437688108,-19.776758880420402
0,0,102.62811383401105,58.16827433722311,-12.123192530531199
0,0,89.32946634066852,45.36775680268991,-10.256398792662836
0,0,69.46250257382682,10.807241154639208,-2.9612957303293257
1,240,545.863904112606,1.9249741068139856,33.97993123781369
1,240,1207.679180135305,2.890208335622258,40.32319908153842
0,0,146.52098045738884,11.913241585046416,-2.654847663921899
0,0,83.34206071074156,5.303795896331629,1.1641813118115039
0,0,84.41896925260255,4.890670260570689,0.27887632984206334
1,120,566.6711939219364,1.7980964093440985,24.72145436730017
0,0,107.3670056703447,21.937043770890043,-8.326319164537196
0,0,116.20405265134775,78.35457107678954,-18.764612636396507
0,0,81.4902475582787,8.384454679411185,-0.9503135167708194
0,0,74.00983202765299,8.873661043991461,-1.385584327143576
0,0,114.41814734229693,78.95878045540066,-17.45705650119666
0,0,188.65038716730504,98.96238489808869,-21.32716015466464
0,0,190.3308104531448,105.88219586660239,-21.49513698118875
0,0,130.03108516176613,93.07368622091944,-19.086347175252328
0,0,127.61640270264029,113.58991925636983,-26.368789889163317
0,0,113.95427583345256,65.32974739834346,-14.8229272884044
0,0,73.19194675170938,5.652934105606367,0.6710882173036907
0,0,61.58606184375151,5.72503141317288,-0.5133518418341225
0,0,85.13416117569618,55.23564964950316,-14.636166013365255
1,240,662.3895153959155,2.0396488540843576,56.869999704274406
0,0,155.08769645424204,86.10229833998133,-20.299695734481787
0,0,141.44393399962732,11.405162250674508,-1.489107510070923
0,0,130.51972595816733,14.624831515813495,-3.4896856226094286
0,0,92.1046808004612,5.140584821606518,0.8242435591345014
0,0,198.05386297730192,5.499372043123027,-0.2546178598404367
0,0,110.15609546559254,32.21181052017721,-11.616091679901473
0,0,101.78497182000035,5.944969691461912,1.071511365803957
0,0,108.84741554215586,92.84104142445194,-22.526722883746203
0,0,119.10976781519263,100.12620088865947,-24.654860875778837
0,0,219.44922215107056,8.34424143722139,-0.12575284426100097
0,0,113.0467563439109,22.300042282682103,-7.255669006600911
0,0,149.88842461504456,28.54204714172603,-6.961643510786686
0,0,161.45593129736235,11.175713937686282,-3.036512783665941
0,0,240.77468318887793,2.9222643180240464,12.424219109891311
0,0,108.02444037600034,4.005511462479262,2.2097168470214825
1,120,361.21690264192677,2.9358595253911632,8.937867737113493
0,0,99.88003789797627,6.873492641417856,-2.6871273252379098
0,0,101.14626428278582,35.85126055021827,-11.546401640108257
1,120,1274.250409683661,1.5374901660778304,45.33292431529621
0,0,106.3874228576915,7.093821230013151,-1.7312657353862306
0,0,81.59531581535896,6.752927818329211,-0.8258817367199782
0,0,146.9786624783586,37.55031696021901,-9.414977030079456
0,0,178.2343632868906,43.39444535899351,-11.23227070783841
0,0,95.53989191510304,14.558189979244702,-3.0070230488804413
0,0,75.3308852588097,6.928056668556082,-0.18219601698609722
0,0,100.9994396546687,73.91434327583907,-19.4108505048316
1,120,710.644621979946,2.8619428754490976,28.318916677736027
0,0,109.04133015677687,30.82826922988913,-8.963463351989333
0,0,119.60190011757436,84.99276661656046,-22.331147977167504
0,0,88.59624441672403,14.893258517236676,-3.5855840631437417
0,0,152.30875243124288,125.44582267813593,-32.85969134512722
0,0,150.89917025218,13.437680834863407,-3.4380244262292337
0,0,372.6495215655999,35.136724661638866,-11.498597728514554
0,0,104.15444607831311,9.140752417083382,-0.7184325776332372
0,0,112.14856643041466,85.38899339535047,-21.854720466518046
0,0,104.65441159703433,5.6707146577662515,2.760410299690335
1,240,899.7363332359809,1.2959437000792569,42.42695163618795
0,0,162.74193910404222,6.0310563521209986,-2.012921500124861
0,0,177.80779874616957,23.32170951584079,-11.711287354851407
0,0,284.15895755310856,4.338619424424168,11.842878737001016
0,0,163.5963718321978,120.40477871649699,-29.154700616328178
0,0,209.77500725882223,105.92831475190013,-22.764770194590426
0,0,225.1906863264488,9.8411721581239,3.026742604318244
0,0,147.3413596661757,112.17486074727034,-27.163617765106572
0,0,131.93680127181833,133.92189333900728,-34.053679505099545
0,0,102.17392331902182,78.0179855176997,-19.630689317902863
0,0,58.92557396277749,7.175462414212926,-2.4226972432444285
1,240,244.22533401503117,5.4725042548269185,2.3311631943266207
0,0,64.50388958597372,6.52147380671516,-0.7611797473903863
0,0,86.71666925729245,56.908917603291705,-14.261433438333384
1,120,365.0774880111599,10.02681817900786,5.201004211284143
1,0,478.1792015660893,43.170503805517,-8.827782038636514
1,120,757.9288631802164,4.136133657147444,22.591926695954044
0,0,102.45140735600845,7.124366057252309,-0.4408930113174563
0,0,104.12106138638872,45.681957952909116,-15.955547632609154
0,0,85.19225847488552,55.79003287174572,-15.352368687085203
1,240,314.6218257747132,3.971322535779548,15.749610744085388
0,0,95.47862051956776,27.311558028781317,-7.790093171793572
0,0,73.35056088054004,8.08567281680542,-0.2984799434194372
0,0,106.52742317866482,76.6957351285912,-17.345866304262188
0,0,98.3180537500741,13.955009395429284,-3.0758782242952094
1,0,561.8401285949279,4.101875241676441,20.565552330911913
0,0,211.5405756791422,27.810985559902022,-7.638195410482211
1,240,1263.9200864045872,1.7120001601370256,43.600464483081296
1,120,1130.473911631801,1.701819603917477,45.77727295479663
0,0,137.4893160261453,77.02019895812329,-19.91267797160252
0,0,102.13149245251145,84.67501702674767,-21.511453824230784
0,0,102.69766055216256,14.513745141618912,-6.5486551249956335
1,240,400.3903074330315,5.84300304166026,9.436355746370637
0,0,171.7535273758976,47.858580907073524,-15.144624839597881
1,240,561.8418516758014,7.801047712059424,11.778150327912613
0,0,258.40021347679095,100.02763873742516,-22.313821899338862
0,0,168.70537463852804,83.85302803401534,-16.354649793168846
0,0,128.19634411322116,100.64189781677743,-21.887576078576146
0,0,113.72697652690714,88.54430342395428,-20.27622970470533
0,0,77.74239362158961,11.389266468629376,-3.1796656048106655
0,0,86.39110332869383,64.84371585840465,-19.273208845374953
1,240,503.59813595645585,3.965493149829706,17.91851442396431
1,120,418.0726540455371,16.671002387431642,-2.990045711868106
0,0,177.04031358577635,4.46900607923123,6.666518800466747
0,0,115.71643210020062,39.52139032400897,-10.289196281251549
0,0,192.2873914571409,85.34803653306273,-18.711540624895775
0,0,225.71699684484142,93.68100003294916,-19.902057228560253
0,0,141.12260208883305,90.53283742082073,-22.244026180510403
1,0,472.9754066395989,2.878900617385316,24.37212174838976
0,0,76.51655761278231,5.045682562735335,0.5530658707405394
1,120,187.04699239814656,5.701420121385791,1.4984705200545818
1,240,445.9407665206749,1.7447728018959499,32.913650907984845
1,120,329.2700763622385,5.548329138624691,3.7091332707111064
1,240,980.1378260713931,1.7583497346186692,32.12237913157763
1,240,1121.3796721583085,2.115851413866341,28.451533299066696
1,120,898.581778362257,4.5248515876062045,18.677797156402434
1,240,404.9665381676934,4.408633873755178,32.021497924531445
0,0,93.11507501978689,8.707290486301662,-1.9632047979931997
0,0,226.52469100430284,2.833615597343038,9.108771872913934
0,0,182.27768591718365,3.1163879690051997,4.968119321311718
0,0,107.15868292552473,4.6450039903249944,-0.9463399850455545
1,0,261.3399254797127,8.167739055697103,-3.4560004301246465
0,0,149.67665570847757,7.6225039850720915,-4.071897847540498
0,0,84.78797495690723,6.261588960676797,-0.9626092725217461
0,0,287.8346518101899,2.491855380921143,14.95135358344838
0,0,211.4807666351377,5.514091479539918,5.110828290508422
1,120,727.236621153383,4.464396356585236,31.682088567030675
0,0,167.0554906939597,57.78250155747993,-18.547378811544064
1,240,610.6578210841619,2.9803467782409863,26.619893692273052
1,120,843.0459749241114,2.2284132963863343,38.44745961333646
0,0,227.95963194595822,105.84900008786116,-34.11006983830701
0,0,105.39633394578424,27.269606664857733,-9.250630278416068
0,0,76.5172434443142,8.54485010522175,-1.191821816019356
0,0,86.73256241113897,25.612586449228644,-5.731676923264743
0,0,124.46667888220021,102.9008279644041,-22.66897214913959
0,0,268.58686355197676,156.63788457720327,-40.621119002340635
0,0,190.25349853500407,5.9247159707602615,3.2822533757369143
0,0,83.78051677670155,6.28231917581014,-0.8920262448806824
0,0,139.27644562950098,3.152217778281476,5.906559722203028
0,0,76.6650259693643,24.902468963561297,-8.339381093293653
0,0,55.771553776212,7.898441188503878,-2.5135442258939804
1,240,309.3439610427783,1.679691604100635,25.979277948513072
1,240,850.4199448665639,1.3728965355395513,47.09680252468989
0,0,145.46725982294086,62.96470338470143,-17.167406117441644
0,0,98.07435116705513,8.59775813371953,-0.6748663953529217
0,0,164.27362196789892,55.113912541818365,-12.026395818197273
0,0,180.17595802171044,33.10289842511754,-11.01983471118615
1,120,388.9346309666167,4.9513763731295555,11.113344652984736
0,0,116.41034624171797,48.08000281575214,-11.722727110416827
0,0,116.54165180591505,104.82475364810063,-24.4525330788479
0,0,116.20875711557478,87.45701532695833,-20.15293925823515
0,0,117.93828820630979,55.3349157129661,-15.867633243187697
0,0,76.85147012151394,7.07954895835176,-0.6994896105653226
0,0,79.57874439042433,20.790112649290773,-7.180383261891393
1,120,460.9356511012951,4.171935264811997,14.822044715920924
1,240,1113.8010183457757,3.4537848320611246,35.52523349860729
0,0,137.93710166815072,29.575025702927956,-5.578849186443193
0,0,106.63477565150832,50.456053128805,-9.896223504736156
0,0,102.22294043545006,59.96604090051648,-12.702635964738818
0,0,65.50138903889398,7.656818803766543,-1.1537139559095237
0,0,60.825100584955074,12.085694666352893,-5.607076056757506
1,240,318.55561940895416,2.0860835974334084,22.971726580725985
0,0,84.65241837081825,16.052873595725025,-5.108297430153442
0,0,113.95440053009472,99.17545732479378,-23.40921151942633
0,0,104.56993528999845,25.18102508146424,-5.915690543387484
0,0,168.90458319241176,62.56436142672863,-12.834423005642805
1,240,944.4691451049066,3.0283863061035916,37.646423094072475
0,0,93.7612926956771,4.821278051600762,1.5489956668058795
1,240,222.75887508311317,4.650730948021055,3.335230276105918
0,0,69.22981297152248,6.919888579349174,-1.097149252293903
0,0,90.75291251912819,95.14149878376186,-23.803373185088248
0,0,111.72446181436175,117.69617499799217,-33.266122346781245
1,240,910.8684332520425,2.7041830594638308,33.18020513858677
1,240,1284.991279652967,1.8426203242891632,37.95717229721444
0,0,515.2085722918526,2.4840647420855513,21.616984756288645
0,0,158.90118050091291,7.054151263671612,1.2988692422329962
0,0,199.75422638982928,6.847104054908166,5.690921650782812
1,240,708.7045236048322,1.3649934286764038,46.389904890023374
1,240,773.5043353267449,1.2223872411221335,49.28409435670169
0,0,84.86746339825662,4.477803628411823,0.19623004032763447
0,0,127.79742821888505,5.402064750804002,-3.400920516954244
0,0,72.434102908967,9.635845473288525,-2.752891388871717
0,0,99.64566489100272,98.72371172509902,-24.700271157224208
0,0,122.29153867266845,83.5108039574838,-21.504008736197676
0,0,126.4052128812579,100.23069034183952,-23.608236846505818
1,120,563.1891195419582,14.75548304015787,6.957178419008358
0,0,206.89385733348334,94.40146683328061,-21.796042182197496
0,0,134.34227885154093,7.644076187525073,0.6129013404970323
1,120,617.1427719843463,1.7777331535825107,28.787011396456307
0,0,95.97529858135923,6.3445526876599905,-1.8688069997593857
0,0,69.77057696434757,6.07297974004575,0.2112787349467311
0,0,101.5554846541879,74.39441863538173,-17.21698015287572
0,0,113.64244353957938,98.2541625607292,-22.01794702040783
0,0,96.61229437375862,25.53821721982163,-5.69381212493596
0,0,118.80344484569135,5.236072320324202,2.7009869781713007
1,120,763.3257338530078,3.1353884100818266,27.952696548993245
1,0,257.00742000018647,18.8834815475809,-5.460129358247428
1,120,315.40820814442327,13.87795807994085,0.3367303176876959
0,0,106.92376578774902,67.00033687585689,-17.725164213616708
1,120,333.08481871138935,21.94545100976437,-4.030783418877903
0,0,192.20092000383042,5.8007398807174555,4.011956546209589
0,0,205.55772147665417,29.64340445877896,-12.596338707136255
0,0,97.9847622976906,26.995503243026704,-6.360451331125361
0,0,105.5187747123294,60.19398572918047,-13.694613364885939
0,0,184.65427922015806,25.183954439277258,-8.842164955333544
0,0,212.26231984397853,69.18024114394863,-16.03718468733699
0,0,130.63704282632546,7.626897119340043,0.14276173244473966
0,0,67.02246135210848,5.984645974964478,0.17058702242511004
1,240,553.1144470514342,1.1454621560477756,45.584651777253086
0,0,139.6039216839364,2.8216689433908724,6.7437807431353605
1,240,314.15770487258453,2.2815724320349076,9.013491654735802
0,0,142.95743382584504,6.496643302850009,-3.917352826396211
0,0,78.48436131457304,29.278151622952112,-11.763043662363316
1,240,304.87741800898584,4.4350432166510965,8.42994259000885
0,0,91.16926893927946,8.255208272169357,-2.1686289906568703
1,120,407.3246650315694,4.895134688513079,12.862787106163765
0,0,198.76216257690146,6.975961505521093,3.4537598820382556
1,120,576.1222925131809,1.8255802336467102,29.937581324797662
1,240,1141.208433408415,1.187513240870414,51.6401450400984
0,0,101.7470413686662,5.034539090685075,1.253665034906362
0,0,101.84607317465995,66.72367410135865,-18.533106857834042
1,240,810.8773246540745,2.5583581655602523,38.08203207735802
0,0,124.3467320484983,62.54625463832432,-15.688285352471084
0,0,172.13404484748554,18.323802739495214,-8.25479030953069
0,0,144.03381524099146,58.05499500570085,-16.995926030899113
0,0,141.446110522836,9.642522712493244,-0.3554039557548947
0,0,178.34965100059898,41.896346865752726,-13.388344952838423
1,0,326.1078375333487,4.2020893305191045,9.596005064917321
0,0,67.59043188504175,5.645339073149695,-0.12983205502150952
0,0,133.84439916756133,17.33202289760317,-8.654584667771232
1,240,761.521940243836,1.601590850236718,46.441550234548274
0,0,87.02122946971589,10.132415842722228,-5.812098669087234
1,0,189.73342284871956,12.547535089367566,-7.73670412318711
0,0,85.73573178566305,7.055248644787024,-1.530401593093444
0,0,111.90240392272759,44.82454232114171,-13.497358161646815
0,0,195.79494929635374,90.43015287079103,-21.10029368574949
0,0,138.09130607027217,8.472012336137807,-0.743098064459744
0,0,126.84471186458869,11.577762431587738,-5.973814012772991
0,0,233.51663577940303,4.19852148821665,4.402873865489454
0,0,122.37117448277675,5.717319062011435,-1.9565840064350226
0,0,120.20986426446665,33.497923138409405,-15.765362356828021
0,0,66.81852566188095,8.285802283019363,-2.3142282814675497
0,0,75.85276904640557,8.647676340148756,-5.044419737298767
1,240,363.95474211724587,2.1687964428787034,22.46151876646003
0,0,109.04337064728497,21.807870462225804,-7.306643289251994
0,0,212.3980804791183,7.130833025240013,3.711785814495798
0,0,309.7549611753458,20.72070329374092,-3.8483814040426694
0,0,133.20597503180628,91.1300654340463,-25.1693592588758
1,120,510.41999451164645,4.43945079014425,15.844859258552944
1,120,589.9290221430435,2.892113636510346,17.42094582231381
0,0,88.4140002742036,6.503414848244334,-0.2739571232905149
0,0,115.38570259701062,99.18786061924298,-26.591841344906072
1,120,753.7949654434799,2.5892213325925533,37.32011793694225
0,0,150.73853830495798,70.9016494745633,-18.214949554321308
1,120,990.7656075223161,2.3671868849072837,34.815503665796186
0,0,570.6095219795286,4.853368778388195,17.58186328928346
0,0,135.01589011250255,10.619249662111368,-1.3104465330834074
0,0,92.45066863822852,8.997937650408801,-1.0037131332808116
0,0,107.64421764193023,52.23464079122276,-11.925387796308797
0,0,107.97780383183158,45.274786241415384,-10.863413887166232
0,0,93.18505250815679,8.969619622431386,-2.7479508939739503
0,0,95.70972874172831,4.61668235254128,0.48764526397127383
0,0,98.37674052429911,20.92798378623655,-9.994235525975398
0,0,105.86201922396916,9.416969380503474,-4.174892635291613
0,0,109.78520230756786,36.459946088642255,-9.53201127766306
0,0,195.94633101993895,96.71291244296985,-21.257158361717444
0,0,98.8023301639996,21.957125123340834,-6.856086006430857
0,0,68.6751849793006,97.66452957996032,-28.516452082957713
1,360,131.6610063075301,19.130973477363174,-1.6151878830716129
1,360,98.54653200669087,2.820308948867084,30.825887591368087
0,0,49.28414295135951,6.207901665243853,-0.7768995038832855
1,240,296.96997315924557,1.8113157456301545,35.06828791810551
0,0,122.00657283715209,97.44643230288463,-25.926681645210117
0,0,112.8135169427752,85.22155613989881,-19.68179041539625
0,0,96.38002987364345,7.861793532487599,0.18146667910372116
1,240,973.6426273744346,2.832558149709827,40.54394145036103
1,120,817.5325884953361,3.245064929303092,29.615175724068024
0,0,100.08172904864486,5.33724300783655,1.7109012327550772
0,0,78.10917745845212,7.525679504345786,-1.6127731171162338
0,0,73.43810359136728,5.598904781026432,-0.7191300592658649
0,0,64.34119447612684,5.3753246594057815,-0.3817497392418119
0,0,88.80392667424562,8.292389277066563,-4.965810386930755
1,0,339.9502304028698,2.905531963368728,12.001872845529192
1,0,441.7701399547924,2.182856187194141,22.553163625825675
0,0,240.99761811294766,23.677345827682576,-10.664816560179489
0,0,319.41838414001785,153.33079663288024,-41.02568476902256
1,240,379.1881600382644,8.12327977884611,13.977246508161429
0,0,110.03876726137604,17.688058093041185,-3.9260237912381797
0,0,115.93485527303574,80.73968561346346,-17.23367744044465
0,0,111.37570797835009,52.26752612662213,-11.283144595406014
0,0,118.4992530551652,86.91418709468431,-19.319771028304515
0,0,88.22934721927774,13.39502555871119,-2.01166920355719
0,0,102.24216639045983,41.9952483387793,-10.825089385034147
0,0,162.56940429552287,4.527618504135691,5.254160766013072
0,0,122.50998451762034,44.47383880960984,-12.518305307510332
0,0,132.59818092578968,9.771513725939297,-0.7868914566658418
0,0,133.53680655952166,9.146346714397891,-1.9442195593111933
0,0,82.71716616066114,11.209767045423932,-5.289922704079615
0,0,72.03978378630335,5.525849972338659,-1.860463639926678
1,240,206.9099998806142,2.186521945492502,11.11163265261375
1,120,345.58291376204886,1.7257019695964595,18.61452711800044
0,0,84.92431373102433,4.063512025215755,0.09122206695508339
0,0,68.53778628372513,5.470679948967703,-1.3626572604468805
0,0,139.03683536355663,19.14509684451466,-10.420666285049805
0,0,128.05899642990838,79.57539312846099,-16.901850553722795
0,0,174.77916670132763,54.33996285133575,-10.677524464167874
1,120,479.1120231379316,8.730134243024064,6.536628698245423
1,0,527.0953363862815,2.760240192733184,21.137973393227412
0,0,98.96792730479135,10.817005680682602,-1.5703641202718615
0,0,117.85884510919392,91.16624291279192,-21.753654321160184
0,0,91.97716714779169,16.452789596554343,-4.036003963219073
0,0,73.7251439255669,6.840962871939101,-0.742485126055314
0,0,79.43316106069966,9.186747666515323,-3.9331254224067322
0,0,94.28594814954648,43.28855169116248,-11.708851453088982
0,0,84.94304089946544,5.998349250907721,0.586930717585247
1,240,659.4575572569246,3.4398029241940455,23.994910999981357
1,0,497.3256227902828,3.7052807138695547,19.207523888478406
0,0,149.74606639392854,3.9379133272407847,5.7557134672923524
1,120,653.5448052394487,1.5899228282083875,26.708452723809515
0,0,188.53483872425397,2.7324444586049026,10.850383509581192
1,240,520.8625901128999,1.63990296537696,23.540723642299497
1,120,624.1719897193947,2.025206019075258,20.265677500496807
1,240,711.245206352834,2.4002150332684296,25.80785598543993
0,0,136.81190718562692,101.13199399861082,-25.72236179846478
0,0,137.24644097538797,77.64772768543693,-20.63061906545228
1,120,538.9752081572162,51.178581128534155,-9.108164371000427
0,0,148.17460530122204,23.853202956330612,-6.319585248195594
1,120,951.2054844356904,1.9273915489709856,32.363908566633214
1,0,455.1089170947945,2.853042446788935,12.931203713582264
0,0,85.69338027156132,5.0028395766554805,0.23796797529819003
0,0,78.56407647708998,8.538821728699581,-3.0825994109368793
0,0,92.8214597717278,35.63021406139492,-10.155100153427426
0,0,92.4202369895117,19.64634732781722,-6.079921048112112
0,0,384.7290893409287,2.674877072624494,22.734783615800097
0,0,150.20586825781507,65.90109310039301,-17.068548663920424
0,0,208.1464237679469,8.535055798276376,2.74863765516389
0,0,155.1798926170336,10.995851728947619,-0.5567806413686185
0,0,125.28536901828869,86.89151029150331,-22.141591491646096
0,0,200.9433562416073,54.95116081494502,-16.92395860789634
0,0,91.56057267041447,18.82379159549568,-4.517213450213433
0,0,87.97344136941442,53.83910222711366,-12.412901037755603
0,0,95.7180834167532,110.03098956567217,-27.228266914918535
1,120,332.89437293063213,27.29202717179138,-1.4871365960635785
1,240,1280.384668281851,1.9888536903369554,47.06373555456129
1,240,1513.0267044852433,1.721385318099504,45.486391410281
1,120,1148.4694055209516,3.9106809485083063,28.1330483905447
0,0,116.27856456306901,13.813000518011332,-4.336449460424504
1,120,308.6545926606707,4.614794423846014,9.638762802578015
0,0,109.6725785675784,78.42237767834189,-19.014025727481467
0,0,69.63154020833643,14.742370418770578,-5.746577667234476
1,240,293.7551123473632,2.700730956575893,12.504281546993965
0,0,79.56534516942105,4.873872026950382,-0.43942407272751893
0,0,257.86481143957883,2.3609692191672225,16.53422474127207
0,0,118.44037356794776,69.19737328465175,-16.514288543812015
0,0,113.62923703156852,44.95479496188986,-9.572037212262615
0,0,165.2860680137911,49.53230008664965,-10.546471892558841
0,0,294.7180424902585,20.0001444433488,-3.6901798882788484
1,120,715.4615399060982,2.5504353175688976,32.295967514873325
0,0,132.22926024192282,46.32460815881638,-13.22611178187995
0,0,73.81688097799415,7.210487913522828,-0.24469988238256235
0,0,103.02937629243146,44.13885600451751,-16.115122975831184
0,0,165.96005336467923,24.697854313018734,-10.159464697583104
1,120,587.2422856188944,3.1729159563839007,15.780891738518307
0,0,91.26304648221483,6.0626954018950565,0.19103063179352375
0,0,104.53930526026,28.000798199708566,-8.064319700354389
0,0,265.4335575370891,7.378284344701403,5.676686684735117
1,120,290.4692197936817,18.03131818398102,-4.541207875166123
1,240,528.4463678238199,2.040806473842413,34.97997194835011
0,0,82.46880445764864,6.883756223182321,-2.974003634317711
0,0,56.38525396864377,17.213337881145616,-6.806733896970798
0,0,58.50851470700675,43.73312460573776,-17.608827447665746
1,360,101.17681496011562,3.7664953578910327,13.39578988833236
1,360,115.3084927033953,1.7705530232375253,35.36610200733331
0,0,75.49406781916686,4.231559337932229,2.1940129423838783
0,0,106.43025048624513,56.71096304537393,-13.512401572314147
0,0,133.1655393115705,12.216546534946957,-1.5573603149848054
0,0,446.37185414868895,3.9206462700271754,19.408335191253556
0,0,120.18916462186768,4.262549976249524,5.2665463489439475
1,240,721.3198334991243,1.159760824417741,46.623719755505974
1,240,775.871304316156,1.9330963966034538,30.36895257876982
0,0,129.05039141539186,55.60558259919887,-13.960216484170644
0,0,119.5823000726381,91.25809082430692,-21.033034263766936
0,0,80.65874767622263,6.853953662363744,0.023730151094994767
0,0,75.49503138412902,9.071308768373672,-1.5588345375264794
0,0,107.8397759850161,5.4678015796686825,0.4783032372554885
1,120,765.9863520986532,2.9502145969845768,28.81272310573175
1,240,749.4062784586303,3.2537018421033035,39.31858246877583
1,240,506.93551688729207,2.1649605724584227,28.438872950644182
1,240,446.3908080382976,2.542349577068224,14.03857205231489
1,120,523.252684661403,2.284870441316384,25.78129884388251
0,0,121.33853891691263,88.62723511390655,-22.55538303810502
0,0,209.62750246720242,58.37292147602238,-16.749207755212936
0,0,121.45628655528913,77.9948250004744,-19.16800008183543
0,0,121.29219711026171,100.33389470397653,-25.206341637260273
1,0,435.2115953636154,5.448088878686349,10.707051034076542
0,0,174.57376865956928,10.321047173416867,-0.9960672550807459
0,0,119.99241599265207,11.304903490478873,-1.8317189423396627
0,0,85.52901309310363,11.85171785136044,-2.602293479693884
1,120,459.99525704245605,1.826913718655478,24.352814188650257
0,0,70.28695142757152,5.999688037819493,-0.8314668737327509
0,0,56.00110895837472,7.917664309506679,-2.983979735244958
1,120,249.09514598957705,7.998725217343616,2.4562871720583246
0,0,126.54367149829174,73.81851735778069,-20.16396686556311
0,0,123.59324692020242,120.47528545316226,-28.89692302960347
0,0,146.03312184901577,99.41314863046965,-23.263517117483914
0,0,247.85019738634375,139.7184481005449,-34.010446211780256
0,0,138.36358685646312,16.981189433044467,-3.1574571555536437
0,0,121.90111348605778,83.13601942811997,-18.767291599939995
0,0,86.3199808984277,11.639123723990183,-1.674669328060034
1,240,861.6124434016657,1.7016939375356341,51.488633007265676
0,0,164.9115473170853,111.81320147361583,-29.794280705542754
0,0,80.98741968481694,11.71085328253981,-3.4001649118522295
0,0,89.91570493167859,28.40492142978135,-11.415755932784933
0,0,70.66592152719083,12.685275370834939,-4.395048485468621
0,0,160.36856524164727,31.449950070995637,-12.12535895075375
1,240,579.2992002016124,9.309706693632908,9.43258300481233
0,0,168.38193422087537,69.46597897148682,-14.739831862990187
0,0,395.3014147942646,4.183909443537205,20.68099610901504
0,0,130.73494102648135,101.66361739212748,-23.52216655624941
0,0,117.103172121631,105.24655951433738,-24.75433655165625
0,0,106.2174499983657,75.10716045022969,-17.380032336357345
0,0,65.43327066409813,9.50411461686024,-1.1760069483947433
0,0,77.40190377213581,67.80559802619177,-16.975688495649436
1,120,244.59078586503423,10.549519033800753,2.2552539433091425
1,240,414.0784165480225,4.866235481721252,11.134004904375402
1,240,716.9867385445625,5.848016160160356,20.07689247193268
0,0,122.23918875507698,9.49172937144254,-0.5596551111273271
0,0,103.64764491638972,29.159865490090784,-8.323143509528037
0,0,77.01652879953271,6.199194361220778,0.25912491815452654
0,0,63.33133871957412,5.217391121492294,0.4011681094291646
0,0,76.48583689457683,25.340439542412593,-9.1005819002215
1,240,836.267918898495,1.6569027841178707,35.60697623237037
1,0,558.6216402443644,2.147225819715979,22.027516104510227
0,0,105.78873160655276,15.497739533771922,-7.1261910526170595
0,0,124.28086954931976,12.396177716082377,-6.458643006724529
0,0,133.24602532605718,7.741941646143343,0.2439177049825645
0,0,168.26128455155398,26.110674742211792,-6.746771612372001
0,0,132.8000647894507,77.0832333957461,-19.91648241687139
1,0,460.6576002613895,3.3372345648046453,24.31503393354967
0,0,113.41924788616694,80.74720123018152,-20.188531957306125
1,120,479.82746445430956,13.131444722246698,7.125482850541729
0,0,126.57601327284533,87.16865678004584,-19.308975914854088
0,0,108.70971644103335,84.85430166647822,-17.509859031157518
0,0,111.40902465392422,108.23193430152945,-23.91954614853458
0,0,134.93714985100615,103.56723430557626,-24.966376251926334
1,120,521.2074783530045,11.079228327526454,9.395912379581844
0,0,113.82552088239062,12.926904975184875,-2.695470685070603
0,0,65.60348724867909,5.819397615808409,0.5794750616486084
1,120,529.6410976884368,1.6841755475583384,32.37141177813571
1,120,304.7479148780709,34.59499742028656,-11.643182500586889
1,120,425.1294864187953,31.223719900324483,-5.9225543967267384
0,0,133.83551169779267,101.96749810613298,-25.82743846321025
1,240,1046.0745991044264,2.8881417215151073,44.690311237770075
0,0,154.74582360566606,90.88124148573907,-19.865185813162796
0,0,117.26933606534168,34.26648338808508,-7.553641614381576
0,0,140.5295788668835,8.28684822439499,0.8138236062592057
0,0,223.95038550715066,98.74649682246904,-23.537320929903743
0,0,135.36692249624826,79.91254903694633,-18.083426711005444
0,0,124.69091745298346,88.90832351092945,-20.31338116954619
0,0,122.69605457984349,100.29838864920285,-24.148536766058186
0,0,76.86829283214749,7.5772451361254936,-0.22801316271716132
0,0,91.66517614910121,43.23050600584723,-12.463436752410416
0,0,100.01880258858634,61.92015539430576,-15.895738582611472
0,0,240.8998559454923,3.099721493314869,14.682738611659161
0,0,91.82352388055997,5.815563550291278,0.813390322214687
1,360,212.07980930408618,6.345861242443995,22.783723577022684
0,0,155.2111914742164,7.81686407836594,0.5703179732445136
1,120,307.15628315268,3.4745152728073614,10.182883019254533
1,120,252.87395303366836,2.7127188976876226,12.273858978542776
1,240,268.60198585385353,3.56386339345913,3.9143830929666166
1,240,431.016528255869,2.2862187039696953,14.238643601843322
1,240,490.8087495497048,2.616248854817467,16.622973995071973
0,0,111.67055885677243,40.62369882502214,-12.641014519286657
0,0,74.27584964158986,9.844332543540162,-1.827676719241495
0,0,108.8359434510769,94.19310881360423,-22.381741815291704
0,0,259.87399175445074,87.6910823871083,-21.798139911047144
0,0,223.6375329680234,120.704031658825,-29.02284488405128
0,0,88.17202077205815,13.680876192696273,-4.1629033487429155
0,0,162.8097627413202,7.3739927362356585,-3.253566954158458
0,0,64.13002071262471,9.608785462806905,-3.0309223627014035
1,120,415.7311685153606,1.6688416544252005,26.503298012685732
1,240,369.11994910101623,3.07054500827657,9.22111925528435
1,240,914.8828489334705,1.485228744133663,49.50456196003266
0,0,180.00440945027003,30.39006040382199,-13.338976991523083
0,0,136.3325052768041,40.01808523176005,-13.150720358135189
0,0,201.75569818500387,105.81969568031208,-23.917337456697936
0,0,435.71337465167716,5.534203515344266,15.095901367858374
0,0,158.79242235683049,46.68391022895653,-14.488157240550947
0,0,130.33151338091065,61.184917266591846,-16.397904222295182
0,0,103.70644505119851,38.726817810130456,-9.6488975745973
0,0,70.99202025053324,7.326782786983532,0.2312837763188611
0,0,89.50662626100625,58.10912766098615,-14.428976980812976
0,0,148.38092156370902,72.56762561962442,-20.44997660655389
0,0,108.38567521228663,93.55606463688194,-20.154350073355687
0,0,137.94452678638856,84.58251935009855,-20.268726493202834
1,240,1060.3110560352977,4.558929963987961,49.806391852599816
0,0,210.75110990155324,17.803627846661236,-3.536274225297788
1,240,548.4271682888975,1.905197106156921,43.89058513854316
1,240,425.31675810320655,3.6817007822747025,15.904578481370663
0,0,118.57790262819458,40.5032937358623,-12.18357753127097
0,0,95.98052450427167,37.47307071519033,-8.459110156276026
0,0,105.55636508191219,76.9273258616189,-18.721627688810045
0,0,71.95979655838532,6.95212099103391,-0.9041317783681535
1,0,223.4279745928402,16.752363811643114,-6.192664726864706
0,0,127.79128407524395,71.15453806476512,-16.101796849486618
0,0,273.13436871470776,93.1173071202571,-23.015414446436004
0,0,179.4439320519249,88.14069820108566,-19.123033652338094
0,0,165.55163785342202,6.349947543176387,6.127175276183351
1,240,993.2570010884887,1.4009586056889562,53.9289310175608
0,0,120.02912214968134,28.47060907503518,-12.133390557432463
0,0,77.29455129929231,20.15858425659596,-7.077779486570691
1,120,441.0299860311495,2.013678328266867,25.180217627208194
1,120,417.86189404816577,8.69876592872256,0.344281084756048
0,0,89.60841272918596,11.32617517655732,-3.175623381712498
0,0,85.98675179436528,11.129859470700069,-3.2230838364416456
1,0,371.56976200505676,6.000989824216683,8.487875837130915
0,0,142.148402011495,14.728180270202527,-3.251506212971151
0,0,103.9341297837288,5.32796806177269,0.8695851492069551
0,0,84.74915462499038,9.3114736938171,-4.238252500873585
0,0,246.39578109639427,3.0866106768307278,8.008991288911986
0,0,187.87568093772478,5.485990039940545,-2.4290379853592157
0,0,86.96414674775143,4.707237953400632,-0.5418006381224529
1,0,229.74057206143928,5.317024933972119,-0.6636591336650355
0,0,106.03800019423552,7.939203121251379,-3.6184079714912656
0,0,111.4037873949534,68.19039615823377,-16.762158720982384
1,120,629.6827651067724,6.966104026965457,17.262849985585234
0,0,193.87657080909287,28.804563085331814,-8.755497578527994
0,0,98.80200141830663,11.182791865390378,-1.6629231032923997
0,0,112.6603327859078,79.99099734747314,-19.620480723098055
0,0,205.93741141598048,4.801772463254932,6.109727667464185
0,0,162.67446688457395,21.219401643988885,-12.45405245408054
0,0,85.42520880653257,12.89819077096596,-3.8425320694417735
0,0,70.08823599222727,8.034579618425317,-1.1990185583196364
0,0,102.20027965475163,52.2694140553174,-15.981967391420753
0,0,90.57220441251802,9.275011040373732,-1.2414856786333957
1,240,624.0910502625729,3.0163106015761763,41.131337231970946
0,0,207.64863477243438,78.94112128297763,-20.631115756917936
0,0,162.30904904274604,90.30968641492407,-24.72979787967204
0,0,121.4424905722426,92.14618259001766,-22.38802971788887
0,0,73.29767816820478,9.07679657640231,-1.4391266103511526
0,0,85.25444809114944,63.91719409481666,-17.281993895359292
0,0,58.25301128721586,5.680729162895968,-1.3125865335471474
1,240,192.12845991867565,4.9921355985223315,1.474449675343081
1,120,626.6952602817273,1.5727173633147837,30.671300298609694
0,0,96.79335389817851,5.19142217496506,0.6280345783443124
0,0,120.61943605367846,7.975259671485918,-0.3290264685574016
0,0,160.12466994563587,82.65095531626974,-17.160045572636733
0,0,204.03113983906775,78.88298896231117,-21.813500358820207
0,0,127.82699265913593,99.17101726304392,-24.245544836462592
0,0,275.7754889399423,9.28222523826568,1.4162997861987776
0,0,285.278778743961,3.103438465740121,16.515128539603054
0,0,100.82897934483262,62.52625631141844,-17.384750905281095
1,120,477.3193388659705,4.854131349969219,11.349632407892102
0,0,94.87564423836197,5.022573936475618,1.0130814272162354
1,120,295.36852819212817,6.861358277538054,0.21871325507630957
0,0,166.44934031640798,11.927769250503582,-2.4965510370263644
1,120,680.2058542184539,4.876624053028879,19.689525968237106
0,0,215.57745942827628,32.171806646752856,-12.242372062530293
0,0,197.81566971865485,5.805891976760129,1.1282134521653973
0,0,76.45328540294324,5.685277970060637,0.2578831894903715
0,0,89.61576983107354,88.00933013019059,-20.902658037983485
0,0,133.98944403451304,48.775471707451246,-16.11360119772364
0,0,172.46092009082687,8.809554493897334,0.0005388868101761091
1,240,587.768596137287,1.8585305455594971,30.007329488060265
1,240,317.2971128799003,4.270296620570825,9.731031168251619
0,0,151.08928728724425,19.55301939571893,-5.684084369741541
0,0,226.89676311239887,93.8499245285967,-23.241794791789026
0,0,232.27590418988652,84.10307931646481,-24.800333351747234
0,0,113.15281650609927,34.51003340938699,-8.504293227795614
0,0,91.67602475696934,16.854828163488474,-4.275541348460266
0,0,111.59012952257764,75.60064984998573,-17.0702342445326
0,0,108.968178572061,52.3478407070064,-12.215561291288282
0,0,83.06317667054522,10.013068426808495,-1.876606112560566
0,0,82.56059819036778,11.622001510254389,-3.141642287929031
0,0,84.37130679515055,6.001447818391084,-0.2047267873006149
0,0,160.6587003197842,13.185664915334783,-4.144879789281646
0,0,123.09339476206499,24.312937057368824,-5.077259497501586
0,0,94.78636144257365,85.52223134590929,-18.975146410414325
0,0,83.3076557735631,81.37724960229305,-20.872782574719338
1,240,344.97511965603223,4.307341806505968,13.781328144718174
1,240,421.0256972531118,4.5045771105183245,6.983872943311596
0,0,77.99946708546591,5.542554350995147,-0.49463080074022514
0,0,67.84351505636884,12.78128538901465,-5.428415079769991
0,0,107.57163286013329,78.26215281587903,-23.61458815652413
1,240,483.8365295161831,4.87713438939464,16.629494391546686
0,0,187.59905844117495,23.45199103503934,-5.519964828003921
0,0,129.87223297570955,7.991965855045557,-0.25608679843035986
0,0,84.33723060366506,6.05218906065687,0.29617598791189437
0,0,75.33715976712216,8.218399979772698,-1.5157967504223961
0,0,255.7596373823586,2.7372757331126016,16.731770561858113
0,0,111.26343565617036,63.542669471506464,-17.266089200554703
1,240,1096.7924870432826,2.1459790828648746,51.94973177385266
0,0,151.22110297406834,91.34780895010451,-22.709050923256775
0,0,231.59086618207945,6.883977775044026,5.280284623525972
0,0,148.9617018426099,119.72834433342148,-28.441134634537626
0,0,202.0819272730176,117.80496012067006,-26.193283431377907
0,0,134.42683451098546,18.39678580328276,-5.245590348793769
0,0,150.5248195963499,56.65296428754059,-17.80214610684193
1,240,691.3915057742951,2.66405690385104,38.550528376412245
0,0,120.96287327831064,58.46551300763533,-15.082311196464858
0,0,126.911946026831,4.660270763622228,0.9122847633982474
0,0,61.3630645713607,5.581798811418992,-2.267697802248577
0,0,51.49882333251516,8.949942568286271,-4.664804790838517
1,240,158.16200147829056,3.07525264691847,7.8068589981962475
0,0,74.61284231703391,4.92217755241477,-0.1181333858197462
0,0,120.85988518794282,13.738380407066419,-3.3114579296664175
0,0,218.50021268786392,8.231964729399152,0.9128818499473965
0,0,87.67087063523638,11.369821344539082,-5.227276171985565
1,120,343.27940402744,3.563006515688502,8.91163820056535
0,0,87.64705924461255,5.604898413162957,-1.152118202477297
0,0,189.99292789711805,59.28229304987575,-25.501793800050315
0,0,129.70385850061507,9.77593483620608,-4.208598963583455
1,120,909.3376119286224,1.768186343981629,32.41062926811564
0,0,95.10166257031062,7.254904323923999,-0.8319529972948914
0,0,107.13022941899493,39.2981454631485,-9.14355099595268
0,0,183.63724207062262,89.25485769618402,-18.62517971729244
0,0,158.98962442838123,7.414580495829151,0.8160745697099543
1,120,575.4260318075792,2.5831482847174136,17.87389673528328
0,0,100.55590503455521,14.156096362764487,-4.139083294198386
0,0,69.26973856913122,5.305421662844307,0.3158851279853394
0,0,62.89781383900875,5.160243826720129,-0.2984588076123913
0,0,89.67519911712233,45.63419299593826,-16.00694991535299
0,0,68.66676795595463,7.8202663208043495,-2.138283255685863
1,240,503.32375799946493,1.641403516733582,35.985603079851074
0,0,107.89792996449734,18.438554871988156,-5.893624760828047
0,0,134.24358712729853,15.980731616805542,-3.9698277513477933
1,120,512.6796790445643,4.38040248112898,26.75001628837191
0,0,108.67174064546569,98.94290638329011,-26.301794664768877
1,240,191.5946449296365,12.79240810467868,-1.4391107584958718
1,120,111.59729391147279,14.800849280841915,-8.004801267703627
1,360,137.67960310208522,3.197497158001409,13.873459127645958
0,0,64.86051631452918,5.8839973556883685,-0.9121475331916002
0,0,86.37697859995433,29.80534036942835,-7.665270379312318
0,0,78.94033725875684,11.887906159524956,-1.875993174156136
0,0,83.92377054642947,12.058361213043996,-2.455045595933342
0,0,192.7641634004199,113.33638090103388,-27.818611141611818
0,0,200.0321185249175,87.84548824181442,-18.809637189363215
0,0,128.21083159582875,67.48318456663847,-13.465955636323358
0,0,122.99182367899448,60.85333489903477,-15.413895021405636
0,0,80.93283089569573,6.173552102163757,0.2252177996957272
0,0,71.23871555296411,4.30250466606303,0.13160731027448946
0,0,59.29980558999461,7.230485337977129,-1.6543842372445
0,0,55.96162546704274,10.77837985081354,-3.3435843563813137
1,0,175.3175274497765,31.715176979133247,-10.949283387255676
1,240,539.6423578649021,8.513800356326282,7.836618214521621
1,240,1386.0099792708206,3.8731132431111366,38.332110946365034
0,0,163.69499554008993,55.70919125964155,-11.33130253176779
0,0,100.64101616086027,18.6562388262424,-2.9380252067680743
0,0,76.57649702145814,6.69874056472362,0.05315119450757777
0,0,72.62923048183451,10.405493177112286,-2.345667794453348
0,0,67.15347217878771,8.639214954179916,-2.1865204513240712
0,0,101.03449074717474,83.17307047999034,-24.148610741382853
0,0,64.67941144587577,8.189117231061422,-1.6921592083933064
0,0,86.90089721002911,69.27160534141933,-19.38481647449865
1,120,323.17268262589505,15.032116033754116,3.6138107809188824
0,0,223.72234935681064,94.87452472937471,-20.87299921674159
0,0,179.69722494033198,53.142810299577995,-10.679585205355167
0,0,99.39855015441185,8.802291563620328,-0.3952132483322117
0,0,131.39457492746243,6.847562500308355,-2.849154422077646
0,0,77.76944145688049,4.874429290798052,0.4957402780711533
0,0,72.33768406442948,6.651060438200828,-1.0786818408845988
0,0,71.7434138760583,4.744247492498556,0.04902442818121244
0,0,74.31762868474347,12.133038178438145,-2.769023293602075
0,0,101.21658185290707,61.19581166200736,-14.468405828863396
0,0,80.97674678585366,6.539670840276987,-0.06039564491288729
0,0,258.6702383873646,14.733226779410906,-4.250395022023383
0,0,199.26539288043566,14.328412271431539,-2.500915581182028
1,240,911.5348121077586,1.4954407733518953,51.6103752558695
0,0,78.68668161648164,5.946963206991474,-0.7484242878361584
0,0,77.89200125203863,52.376542276903265,-19.40642255325477
1,240,222.76860142120185,4.869209510887241,10.368349726111916
0,0,142.88688953455625,35.30183359202657,-13.22260323790978
1,120,863.9451321505405,2.1974700367767364,31.070101273918937
0,0,136.9210620917526,8.180252449238479,-2.4433733464903895
1,120,815.9434544876176,1.791665426612955,34.538127901985035
0,0,180.9056260913533,12.902308657503482,-2.178668499005269
0,0,159.41966913902445,110.0393282182268,-23.054172232612615
0,0,160.94714632522275,76.01343842008335,-20.335542063237355
0,0,119.66559742960263,78.46514666339257,-18.46641810264181
1,120,1130.993556547867,1.9355192534699048,39.12420701924718
0,0,101.50721571761264,5.198015486173288,0.7709971772256097
1,120,372.0247460441324,4.515774729663095,5.405038724634323
0,0,98.5544899196725,15.304243086635514,-5.270805366603554
1,120,925.6154662522771,1.4343680398406136,41.19564292491836
0,0,102.11856934596007,5.260059483192352,0.9122107880735797
0,0,129.14020700592397,9.474691988154813,-1.7894790319517
0,0,175.02477374215417,14.371438455181153,-1.6988539752761653
1,240,801.8296990526342,1.9439007724743418,49.99548335036617
0,0,145.1442388394482,80.18947893711082,-19.37504116373836
0,0,86.50890764736222,11.691105837171833,-1.6185590442959779
0,0,110.13348002912763,76.45176997956472,-18.73094857971877
0,0,75.24432878506138,6.998784957083054,-0.09572943034751802
0,0,69.19921128192998,5.456844012642908,0.35380804978350966
1,120,866.7677199982966,1.453695732419688,44.03970882517932
0,0,170.15602735709587,80.83141801117685,-20.084374700167302
0,0,234.9253904262043,19.786120832683466,-4.867560587862201
0,0,260.73587227296093,73.15750406722177,-19.141828668756673
0,0,127.00340534582799,75.05538138865244,-17.368212136265043
1,0,458.75822100797086,6.6388832078712054,10.730532915708281
0,0,121.85242511532252,54.82085763690866,-12.737462490804262
0,0,114.6480879504445,83.2167202577784,-17.746701600999927
0,0,116.51657644478202,86.31708903448556,-18.763159549661864
0,0,108.2041055652397,45.734119653954224,-11.799106633141136
0,0,78.0073966583016,8.30557589948302,-0.5480409851537473
0,0,125.61106531155866,65.52243885867482,-17.793961265562103
0,0,133.8839506752436,10.255063524046376,-0.9998030089766985
1,120,414.09850404346906,8.9829713934861,16.34392850250393
1,120,197.15688602205216,47.93268301081429,-21.539828645194433
1,360,125.10434350204392,6.618020332356311,14.1875477883017
1,240,178.72779923598586,14.22274331404273,-9.896112541749147
0,0,69.46357949937277,5.46061987003344,-1.025731360274392
0,0,108.81060736060117,4.954683858152571,-1.070084851367298
0,0,101.61478357556534,39.28133459520614,-11.937641280445618
0,0,99.93331737235478,34.527230526603525,-8.732200635207931
0,0,93.47712038424723,8.109785420442519,-0.7518218688193201
0,0,183.07080190557045,98.4270145256319,-23.25950131414455
1,240,751.9322696749738,3.5513258593381187,32.327449299473216
0,0,145.8347748355688,6.355959675570202,-0.46150042319048623
0,0,116.07024181824904,4.1403174226499555,2.4275002028572032
1,0,322.5922537648039,3.4072181051692043,6.997812008060592
0,0,101.00142346488494,9.332656939641181,-4.100827483439204
1,120,870.074130817643,1.5547898243545932,41.45931211785806
0,0,117.33033539547588,31.519897287684294,-10.289011342939872
1,240,1047.826881664327,1.9254905347278797,46.941042194640275
0,0,154.94402325035412,64.91319741008051,-15.245315824380626
0,0,259.6419879836783,71.14196871922609,-18.278705716285444
0,0,140.80425156139228,33.90741234554818,-6.689874019795354
0,0,118.07438892320093,90.71885073949579,-18.681184322021252
0,0,101.41173209789133,45.80734096495762,-10.334590710841624
0,0,171.19051070047567,35.3840072226557,-13.793486670262439
0,0,84.96605309797361,5.988458832869592,0.6195538357657995
1,120,665.8886845519283,1.5960576940164266,29.836647278233855
0,0,99.23307771026226,13.178211567775413,-4.78989178090788
0,0,112.89081752485755,74.31976784108325,-16.83935725622986
0,0,109.51055228517583,8.125776862354618,-0.001727928495867559
0,0,196.45330222273802,92.4528139764243,-21.917324726998004
0,0,311.6589201963493,5.508281045073153,8.822328847878637
0,0,98.69587323976799,11.677281181491729,-5.742329370017572
1,120,179.91971775812496,10.002215544165441,-2.831854764007815
1,240,325.6270072811702,5.983397433210223,2.364716288017334
1,120,854.3716041288092,1.9412773457453083,27.409199838624687
0,0,94.3657880087056,5.494554756614743,-0.42954836688375053
0,0,75.80481185143572,4.513358866796352,-0.1619796175434658
0,0,71.63659419795859,6.146041768346125,-0.6166530987874523
0,0,108.31606047778483,43.315220940112056,-10.945996769259523
0,0,157.1853547047574,8.809290075585809,0.9304034339912448
0,0,159.87521998101906,27.899844551800047,-7.9603051099131505
0,0,261.9363155110006,3.178233201064831,13.193868955687122
0,0,83.1446602581692,6.017769106353911,-0.4202063401679794
0,0,67.6102529831164,5.583956573135235,0.21560629144006782
0,0,89.11654115614692,37.55240703806711,-11.6276423984539
0,0,111.1854095663518,66.68497697781515,-18.288628977695083
1,0,447.149099655346,3.3697884748630367,16.171153847779635
0,0,88.92643545714105,8.811834086576226,-1.0206534826308058
0,0,127.0145826993891,105.84226418930405,-24.191183540731856
0,0,202.22598590289041,91.26136852842795,-19.444562117075193
1,240,761.9525290852813,4.823289616161827,28.4753850573218
0,0,147.99677655344,69.50245967396168,-16.559059467094144
0,0,144.76315456494132,14.136783899055745,-5.21307290964846
0,0,104.85829060696996,45.22029621530633,-11.504251556900243
0,0,83.22389363820507,14.229286990414325,-4.438551260327799
0,0,75.14474718023628,12.035655531412594,-3.486145374928668
1,120,906.5927440971088,1.285540802352875,44.90413162978406
0,0,101.75266405362188,5.057721717973957,0.5357239410566166
1,240,719.4864754497015,1.6603101028463905,33.594783993858286
0,0,168.02307995684853,11.315522638163957,-2.175366029153821
0,0,197.74563554999307,33.35823085418493,-10.585958864078648
0,0,111.59138782505764,10.071538264364078,-2.32600620994576
1,0,428.69345248449906,2.8425577643885527,21.957672830115897
0,0,141.55211400473246,94.17750001115999,-25.585422904592534
1,240,1059.9243604118935,2.794022790611176,46.05354965664124
0,0,171.05518083555427,122.25216928700608,-30.539476422582545
0,0,128.95267459217,104.65994433163587,-25.505915282424922
0,0,83.64060147616607,7.319167449366419,-0.3902146299650582
0,0,92.982516821139,18.535084702275167,-4.39716206617355
0,0,146.71725297215255,26.402468019819402,-6.118552019446426
0,0,152.6937929901238,21.758549678739342,-6.425607740306518
1,120,603.1162135104096,2.3734544110968736,29.439537167488552
0,0,113.01445991359083,27.409304363791662,-6.972671118114647
0,0,115.01412927548324,91.88208916105846,-20.621768446250385
0,0,91.89099610002825,24.73120711833405,-5.408589692757772
0,0,104.06002804807937,86.92848914724767,-18.711445513764048
0,0,115.33115348409373,75.35994796585508,-18.061968582898658
1,120,1364.3111311421453,1.8214387705617856,46.089522800239095
0,0,336.1555528770487,3.957863372987389,15.594917772291751
0,0,226.3219796083802,91.01883286269654,-20.4628747328057
1,240,738.5113741280785,6.193128532958239,24.296127954144097
0,0,149.97336570047395,68.6472099259747,-15.83046064253979
0,0,101.21141261028652,6.533585158079795,1.1718007702527586
0,0,122.75840290092472,51.63579197496818,-16.88594585891822
0,0,116.91178544802838,85.70887277088067,-20.767727045780916
0,0,113.33016913942943,57.61862718084707,-15.268057952765645
0,0,90.5638667415807,26.67760204134928,-6.37235079049411
0,0,84.83889653114304,23.78060614181724,-6.466658761547976
0,0,166.6062767085986,51.61801367893723,-16.05925575384819
0,0,171.5140418065954,41.10486073626131,-8.697368825190736
1,360,363.6827447325144,3.78495049260336,40.32696125519318
1,240,379.67245912430667,2.7675103426227934,18.042962055870433
1,0,244.14750063820503,21.441341559871656,-7.698015028383409
0,0,99.45110412105414,83.33353358966905,-20.590889032151395
0,0,136.99718372376358,3.7227343529463317,9.26189022708239
1,240,225.14747327191031,2.2484741180637915,20.296842247990966
0,0,71.01360410568573,30.86808539338585,-13.65874590032331
1,240,208.38010527535937,11.3434724658987,-1.9097946135796917
1,240,645.3664285944645,2.480390861723014,27.08821033696735
1,120,613.9524424027948,6.786196244422247,11.547991957049547
0,0,247.80884344537932,140.5249077065716,-32.392457910544195
0,0,142.35471827398197,109.56840732746271,-24.58445221854594
0,0,102.32923865486437,23.3650957777689,-4.69269877219179
0,0,114.98284175435884,88.7791863003282,-20.094403640612185
0,0,85.37140787346866,9.709035198486786,-1.106242933276846
0,0,110.92995149079441,83.56230145416959,-21.213613315244174
0,0,121.29219711026171,97.38547711369102,-23.347679901154123
1,120,880.6346214260318,2.6614600994434747,38.621999107949364
0,0,168.10816841103687,88.8271028691637,-19.214757770980185
0,0,158.6770212825383,14.701760097887707,-2.6574579360924844
0,0,134.88617159647845,25.525312162296625,-8.849784413774813
1,240,350.08650303462196,4.007176034409673,17.65429570004133
0,0,118.05003906980411,82.68690898702471,-22.26779339553731
1,240,981.5696155888193,1.8604716060912516,42.09284736625655
1,120,614.3560514252996,3.3403274919656636,12.684844746615923
0,0,100.405033433597,7.263021875842698,-3.335351959535629
0,0,89.7688179552404,14.913803729797108,-7.874673387653019
0,0,172.73127374709347,43.89075762727671,-16.652696376274193
0,0,104.50658939577991,13.102784665122293,-3.591919521306764
0,0,141.85353979701426,13.59014100397346,-3.2073746478522622
